CRITICAL - 2024-01-15 09:20:50 --> Undefined array key "usuario"
in APPPATH\Controllers\CortadorPost.php on line 454.
 1 APPPATH\Controllers\CortadorPost.php(454): CodeIgniter\Debug\Exceptions->errorHandler(2, 'Undefined array key "usuario"', 'C:\\xampp\\htdocs\\codi\\app\\Controllers\\CortadorPost.php', 454)
 2 SYSTEMPATH\CodeIgniter.php(934): App\Controllers\CortadorPost->confirmar_corte()
 3 SYSTEMPATH\CodeIgniter.php(499): CodeIgniter\CodeIgniter->runController(Object(App\Controllers\CortadorPost))
 4 SYSTEMPATH\CodeIgniter.php(368): CodeIgniter\CodeIgniter->handleRequest(null, Object(Config\Cache), false)
 5 FCPATH\index.php(67): CodeIgniter\CodeIgniter->run()
CRITICAL - 2024-01-15 11:15:53 --> Undefined array key "usuario"
in APPPATH\Controllers\AdmPost.php on line 206.
 1 APPPATH\Controllers\AdmPost.php(206): CodeIgniter\Debug\Exceptions->errorHandler(2, 'Undefined array key "usuario"', 'C:\\xampp\\htdocs\\codi\\app\\Controllers\\AdmPost.php', 206)
 2 SYSTEMPATH\CodeIgniter.php(934): App\Controllers\AdmPost->desenho_meus()
 3 SYSTEMPATH\CodeIgniter.php(499): CodeIgniter\CodeIgniter->runController(Object(App\Controllers\AdmPost))
 4 SYSTEMPATH\CodeIgniter.php(368): CodeIgniter\CodeIgniter->handleRequest(null, Object(Config\Cache), false)
 5 FCPATH\index.php(67): CodeIgniter\CodeIgniter->run()
CRITICAL - 2024-01-15 11:15:54 --> Undefined array key "usuario"
in APPPATH\Controllers\AdmPost.php on line 206.
 1 APPPATH\Controllers\AdmPost.php(206): CodeIgniter\Debug\Exceptions->errorHandler(2, 'Undefined array key "usuario"', 'C:\\xampp\\htdocs\\codi\\app\\Controllers\\AdmPost.php', 206)
 2 SYSTEMPATH\CodeIgniter.php(934): App\Controllers\AdmPost->desenho_meus()
 3 SYSTEMPATH\CodeIgniter.php(499): CodeIgniter\CodeIgniter->runController(Object(App\Controllers\AdmPost))
 4 SYSTEMPATH\CodeIgniter.php(368): CodeIgniter\CodeIgniter->handleRequest(null, Object(Config\Cache), false)
 5 FCPATH\index.php(67): CodeIgniter\CodeIgniter->run()
CRITICAL - 2024-01-15 11:15:55 --> Undefined array key "usuario"
in APPPATH\Controllers\AdmPost.php on line 206.
 1 APPPATH\Controllers\AdmPost.php(206): CodeIgniter\Debug\Exceptions->errorHandler(2, 'Undefined array key "usuario"', 'C:\\xampp\\htdocs\\codi\\app\\Controllers\\AdmPost.php', 206)
 2 SYSTEMPATH\CodeIgniter.php(934): App\Controllers\AdmPost->desenho_meus()
 3 SYSTEMPATH\CodeIgniter.php(499): CodeIgniter\CodeIgniter->runController(Object(App\Controllers\AdmPost))
 4 SYSTEMPATH\CodeIgniter.php(368): CodeIgniter\CodeIgniter->handleRequest(null, Object(Config\Cache), false)
 5 FCPATH\index.php(67): CodeIgniter\CodeIgniter->run()
CRITICAL - 2024-01-15 11:15:56 --> Undefined array key "usuario"
in APPPATH\Controllers\AdmPost.php on line 206.
 1 APPPATH\Controllers\AdmPost.php(206): CodeIgniter\Debug\Exceptions->errorHandler(2, 'Undefined array key "usuario"', 'C:\\xampp\\htdocs\\codi\\app\\Controllers\\AdmPost.php', 206)
 2 SYSTEMPATH\CodeIgniter.php(934): App\Controllers\AdmPost->desenho_meus()
 3 SYSTEMPATH\CodeIgniter.php(499): CodeIgniter\CodeIgniter->runController(Object(App\Controllers\AdmPost))
 4 SYSTEMPATH\CodeIgniter.php(368): CodeIgniter\CodeIgniter->handleRequest(null, Object(Config\Cache), false)
 5 FCPATH\index.php(67): CodeIgniter\CodeIgniter->run()
CRITICAL - 2024-01-15 11:15:57 --> Undefined array key "usuario"
in APPPATH\Controllers\AdmPost.php on line 206.
 1 APPPATH\Controllers\AdmPost.php(206): CodeIgniter\Debug\Exceptions->errorHandler(2, 'Undefined array key "usuario"', 'C:\\xampp\\htdocs\\codi\\app\\Controllers\\AdmPost.php', 206)
 2 SYSTEMPATH\CodeIgniter.php(934): App\Controllers\AdmPost->desenho_meus()
 3 SYSTEMPATH\CodeIgniter.php(499): CodeIgniter\CodeIgniter->runController(Object(App\Controllers\AdmPost))
 4 SYSTEMPATH\CodeIgniter.php(368): CodeIgniter\CodeIgniter->handleRequest(null, Object(Config\Cache), false)
 5 FCPATH\index.php(67): CodeIgniter\CodeIgniter->run()
CRITICAL - 2024-01-15 11:15:58 --> Undefined array key "usuario"
in APPPATH\Controllers\AdmPost.php on line 206.
 1 APPPATH\Controllers\AdmPost.php(206): CodeIgniter\Debug\Exceptions->errorHandler(2, 'Undefined array key "usuario"', 'C:\\xampp\\htdocs\\codi\\app\\Controllers\\AdmPost.php', 206)
 2 SYSTEMPATH\CodeIgniter.php(934): App\Controllers\AdmPost->desenho_meus()
 3 SYSTEMPATH\CodeIgniter.php(499): CodeIgniter\CodeIgniter->runController(Object(App\Controllers\AdmPost))
 4 SYSTEMPATH\CodeIgniter.php(368): CodeIgniter\CodeIgniter->handleRequest(null, Object(Config\Cache), false)
 5 FCPATH\index.php(67): CodeIgniter\CodeIgniter->run()
CRITICAL - 2024-01-15 11:15:59 --> Undefined array key "usuario"
in APPPATH\Controllers\AdmPost.php on line 206.
 1 APPPATH\Controllers\AdmPost.php(206): CodeIgniter\Debug\Exceptions->errorHandler(2, 'Undefined array key "usuario"', 'C:\\xampp\\htdocs\\codi\\app\\Controllers\\AdmPost.php', 206)
 2 SYSTEMPATH\CodeIgniter.php(934): App\Controllers\AdmPost->desenho_meus()
 3 SYSTEMPATH\CodeIgniter.php(499): CodeIgniter\CodeIgniter->runController(Object(App\Controllers\AdmPost))
 4 SYSTEMPATH\CodeIgniter.php(368): CodeIgniter\CodeIgniter->handleRequest(null, Object(Config\Cache), false)
 5 FCPATH\index.php(67): CodeIgniter\CodeIgniter->run()
CRITICAL - 2024-01-15 11:16:00 --> Undefined array key "usuario"
in APPPATH\Controllers\AdmPost.php on line 206.
 1 APPPATH\Controllers\AdmPost.php(206): CodeIgniter\Debug\Exceptions->errorHandler(2, 'Undefined array key "usuario"', 'C:\\xampp\\htdocs\\codi\\app\\Controllers\\AdmPost.php', 206)
 2 SYSTEMPATH\CodeIgniter.php(934): App\Controllers\AdmPost->desenho_meus()
 3 SYSTEMPATH\CodeIgniter.php(499): CodeIgniter\CodeIgniter->runController(Object(App\Controllers\AdmPost))
 4 SYSTEMPATH\CodeIgniter.php(368): CodeIgniter\CodeIgniter->handleRequest(null, Object(Config\Cache), false)
 5 FCPATH\index.php(67): CodeIgniter\CodeIgniter->run()
CRITICAL - 2024-01-15 11:16:01 --> Undefined array key "usuario"
in APPPATH\Controllers\AdmPost.php on line 206.
 1 APPPATH\Controllers\AdmPost.php(206): CodeIgniter\Debug\Exceptions->errorHandler(2, 'Undefined array key "usuario"', 'C:\\xampp\\htdocs\\codi\\app\\Controllers\\AdmPost.php', 206)
 2 SYSTEMPATH\CodeIgniter.php(934): App\Controllers\AdmPost->desenho_meus()
 3 SYSTEMPATH\CodeIgniter.php(499): CodeIgniter\CodeIgniter->runController(Object(App\Controllers\AdmPost))
 4 SYSTEMPATH\CodeIgniter.php(368): CodeIgniter\CodeIgniter->handleRequest(null, Object(Config\Cache), false)
 5 FCPATH\index.php(67): CodeIgniter\CodeIgniter->run()
CRITICAL - 2024-01-15 11:16:02 --> Undefined array key "usuario"
in APPPATH\Controllers\AdmPost.php on line 206.
 1 APPPATH\Controllers\AdmPost.php(206): CodeIgniter\Debug\Exceptions->errorHandler(2, 'Undefined array key "usuario"', 'C:\\xampp\\htdocs\\codi\\app\\Controllers\\AdmPost.php', 206)
 2 SYSTEMPATH\CodeIgniter.php(934): App\Controllers\AdmPost->desenho_meus()
 3 SYSTEMPATH\CodeIgniter.php(499): CodeIgniter\CodeIgniter->runController(Object(App\Controllers\AdmPost))
 4 SYSTEMPATH\CodeIgniter.php(368): CodeIgniter\CodeIgniter->handleRequest(null, Object(Config\Cache), false)
 5 FCPATH\index.php(67): CodeIgniter\CodeIgniter->run()
CRITICAL - 2024-01-15 11:16:03 --> Undefined array key "usuario"
in APPPATH\Controllers\AdmPost.php on line 206.
 1 APPPATH\Controllers\AdmPost.php(206): CodeIgniter\Debug\Exceptions->errorHandler(2, 'Undefined array key "usuario"', 'C:\\xampp\\htdocs\\codi\\app\\Controllers\\AdmPost.php', 206)
 2 SYSTEMPATH\CodeIgniter.php(934): App\Controllers\AdmPost->desenho_meus()
 3 SYSTEMPATH\CodeIgniter.php(499): CodeIgniter\CodeIgniter->runController(Object(App\Controllers\AdmPost))
 4 SYSTEMPATH\CodeIgniter.php(368): CodeIgniter\CodeIgniter->handleRequest(null, Object(Config\Cache), false)
 5 FCPATH\index.php(67): CodeIgniter\CodeIgniter->run()
CRITICAL - 2024-01-15 11:16:04 --> Undefined array key "usuario"
in APPPATH\Controllers\AdmPost.php on line 206.
 1 APPPATH\Controllers\AdmPost.php(206): CodeIgniter\Debug\Exceptions->errorHandler(2, 'Undefined array key "usuario"', 'C:\\xampp\\htdocs\\codi\\app\\Controllers\\AdmPost.php', 206)
 2 SYSTEMPATH\CodeIgniter.php(934): App\Controllers\AdmPost->desenho_meus()
 3 SYSTEMPATH\CodeIgniter.php(499): CodeIgniter\CodeIgniter->runController(Object(App\Controllers\AdmPost))
 4 SYSTEMPATH\CodeIgniter.php(368): CodeIgniter\CodeIgniter->handleRequest(null, Object(Config\Cache), false)
 5 FCPATH\index.php(67): CodeIgniter\CodeIgniter->run()
CRITICAL - 2024-01-15 11:16:05 --> Undefined array key "usuario"
in APPPATH\Controllers\AdmPost.php on line 206.
 1 APPPATH\Controllers\AdmPost.php(206): CodeIgniter\Debug\Exceptions->errorHandler(2, 'Undefined array key "usuario"', 'C:\\xampp\\htdocs\\codi\\app\\Controllers\\AdmPost.php', 206)
 2 SYSTEMPATH\CodeIgniter.php(934): App\Controllers\AdmPost->desenho_meus()
 3 SYSTEMPATH\CodeIgniter.php(499): CodeIgniter\CodeIgniter->runController(Object(App\Controllers\AdmPost))
 4 SYSTEMPATH\CodeIgniter.php(368): CodeIgniter\CodeIgniter->handleRequest(null, Object(Config\Cache), false)
 5 FCPATH\index.php(67): CodeIgniter\CodeIgniter->run()
CRITICAL - 2024-01-15 11:16:06 --> Undefined array key "usuario"
in APPPATH\Controllers\AdmPost.php on line 206.
 1 APPPATH\Controllers\AdmPost.php(206): CodeIgniter\Debug\Exceptions->errorHandler(2, 'Undefined array key "usuario"', 'C:\\xampp\\htdocs\\codi\\app\\Controllers\\AdmPost.php', 206)
 2 SYSTEMPATH\CodeIgniter.php(934): App\Controllers\AdmPost->desenho_meus()
 3 SYSTEMPATH\CodeIgniter.php(499): CodeIgniter\CodeIgniter->runController(Object(App\Controllers\AdmPost))
 4 SYSTEMPATH\CodeIgniter.php(368): CodeIgniter\CodeIgniter->handleRequest(null, Object(Config\Cache), false)
 5 FCPATH\index.php(67): CodeIgniter\CodeIgniter->run()
CRITICAL - 2024-01-15 11:16:07 --> Undefined array key "usuario"
in APPPATH\Controllers\AdmPost.php on line 206.
 1 APPPATH\Controllers\AdmPost.php(206): CodeIgniter\Debug\Exceptions->errorHandler(2, 'Undefined array key "usuario"', 'C:\\xampp\\htdocs\\codi\\app\\Controllers\\AdmPost.php', 206)
 2 SYSTEMPATH\CodeIgniter.php(934): App\Controllers\AdmPost->desenho_meus()
 3 SYSTEMPATH\CodeIgniter.php(499): CodeIgniter\CodeIgniter->runController(Object(App\Controllers\AdmPost))
 4 SYSTEMPATH\CodeIgniter.php(368): CodeIgniter\CodeIgniter->handleRequest(null, Object(Config\Cache), false)
 5 FCPATH\index.php(67): CodeIgniter\CodeIgniter->run()
CRITICAL - 2024-01-15 11:16:08 --> Undefined array key "usuario"
in APPPATH\Controllers\AdmPost.php on line 206.
 1 APPPATH\Controllers\AdmPost.php(206): CodeIgniter\Debug\Exceptions->errorHandler(2, 'Undefined array key "usuario"', 'C:\\xampp\\htdocs\\codi\\app\\Controllers\\AdmPost.php', 206)
 2 SYSTEMPATH\CodeIgniter.php(934): App\Controllers\AdmPost->desenho_meus()
 3 SYSTEMPATH\CodeIgniter.php(499): CodeIgniter\CodeIgniter->runController(Object(App\Controllers\AdmPost))
 4 SYSTEMPATH\CodeIgniter.php(368): CodeIgniter\CodeIgniter->handleRequest(null, Object(Config\Cache), false)
 5 FCPATH\index.php(67): CodeIgniter\CodeIgniter->run()
CRITICAL - 2024-01-15 11:16:09 --> Undefined array key "usuario"
in APPPATH\Controllers\AdmPost.php on line 206.
 1 APPPATH\Controllers\AdmPost.php(206): CodeIgniter\Debug\Exceptions->errorHandler(2, 'Undefined array key "usuario"', 'C:\\xampp\\htdocs\\codi\\app\\Controllers\\AdmPost.php', 206)
 2 SYSTEMPATH\CodeIgniter.php(934): App\Controllers\AdmPost->desenho_meus()
 3 SYSTEMPATH\CodeIgniter.php(499): CodeIgniter\CodeIgniter->runController(Object(App\Controllers\AdmPost))
 4 SYSTEMPATH\CodeIgniter.php(368): CodeIgniter\CodeIgniter->handleRequest(null, Object(Config\Cache), false)
 5 FCPATH\index.php(67): CodeIgniter\CodeIgniter->run()
CRITICAL - 2024-01-15 11:16:10 --> Undefined array key "usuario"
in APPPATH\Controllers\AdmPost.php on line 206.
 1 APPPATH\Controllers\AdmPost.php(206): CodeIgniter\Debug\Exceptions->errorHandler(2, 'Undefined array key "usuario"', 'C:\\xampp\\htdocs\\codi\\app\\Controllers\\AdmPost.php', 206)
 2 SYSTEMPATH\CodeIgniter.php(934): App\Controllers\AdmPost->desenho_meus()
 3 SYSTEMPATH\CodeIgniter.php(499): CodeIgniter\CodeIgniter->runController(Object(App\Controllers\AdmPost))
 4 SYSTEMPATH\CodeIgniter.php(368): CodeIgniter\CodeIgniter->handleRequest(null, Object(Config\Cache), false)
 5 FCPATH\index.php(67): CodeIgniter\CodeIgniter->run()
CRITICAL - 2024-01-15 11:16:11 --> Undefined array key "usuario"
in APPPATH\Controllers\AdmPost.php on line 206.
 1 APPPATH\Controllers\AdmPost.php(206): CodeIgniter\Debug\Exceptions->errorHandler(2, 'Undefined array key "usuario"', 'C:\\xampp\\htdocs\\codi\\app\\Controllers\\AdmPost.php', 206)
 2 SYSTEMPATH\CodeIgniter.php(934): App\Controllers\AdmPost->desenho_meus()
 3 SYSTEMPATH\CodeIgniter.php(499): CodeIgniter\CodeIgniter->runController(Object(App\Controllers\AdmPost))
 4 SYSTEMPATH\CodeIgniter.php(368): CodeIgniter\CodeIgniter->handleRequest(null, Object(Config\Cache), false)
 5 FCPATH\index.php(67): CodeIgniter\CodeIgniter->run()
CRITICAL - 2024-01-15 11:16:12 --> Undefined array key "usuario"
in APPPATH\Controllers\AdmPost.php on line 206.
 1 APPPATH\Controllers\AdmPost.php(206): CodeIgniter\Debug\Exceptions->errorHandler(2, 'Undefined array key "usuario"', 'C:\\xampp\\htdocs\\codi\\app\\Controllers\\AdmPost.php', 206)
 2 SYSTEMPATH\CodeIgniter.php(934): App\Controllers\AdmPost->desenho_meus()
 3 SYSTEMPATH\CodeIgniter.php(499): CodeIgniter\CodeIgniter->runController(Object(App\Controllers\AdmPost))
 4 SYSTEMPATH\CodeIgniter.php(368): CodeIgniter\CodeIgniter->handleRequest(null, Object(Config\Cache), false)
 5 FCPATH\index.php(67): CodeIgniter\CodeIgniter->run()
CRITICAL - 2024-01-15 11:16:13 --> Undefined array key "usuario"
in APPPATH\Controllers\AdmPost.php on line 206.
 1 APPPATH\Controllers\AdmPost.php(206): CodeIgniter\Debug\Exceptions->errorHandler(2, 'Undefined array key "usuario"', 'C:\\xampp\\htdocs\\codi\\app\\Controllers\\AdmPost.php', 206)
 2 SYSTEMPATH\CodeIgniter.php(934): App\Controllers\AdmPost->desenho_meus()
 3 SYSTEMPATH\CodeIgniter.php(499): CodeIgniter\CodeIgniter->runController(Object(App\Controllers\AdmPost))
 4 SYSTEMPATH\CodeIgniter.php(368): CodeIgniter\CodeIgniter->handleRequest(null, Object(Config\Cache), false)
 5 FCPATH\index.php(67): CodeIgniter\CodeIgniter->run()
CRITICAL - 2024-01-15 11:16:14 --> Undefined array key "usuario"
in APPPATH\Controllers\AdmPost.php on line 206.
 1 APPPATH\Controllers\AdmPost.php(206): CodeIgniter\Debug\Exceptions->errorHandler(2, 'Undefined array key "usuario"', 'C:\\xampp\\htdocs\\codi\\app\\Controllers\\AdmPost.php', 206)
 2 SYSTEMPATH\CodeIgniter.php(934): App\Controllers\AdmPost->desenho_meus()
 3 SYSTEMPATH\CodeIgniter.php(499): CodeIgniter\CodeIgniter->runController(Object(App\Controllers\AdmPost))
 4 SYSTEMPATH\CodeIgniter.php(368): CodeIgniter\CodeIgniter->handleRequest(null, Object(Config\Cache), false)
 5 FCPATH\index.php(67): CodeIgniter\CodeIgniter->run()
CRITICAL - 2024-01-15 11:16:15 --> Undefined array key "usuario"
in APPPATH\Controllers\AdmPost.php on line 206.
 1 APPPATH\Controllers\AdmPost.php(206): CodeIgniter\Debug\Exceptions->errorHandler(2, 'Undefined array key "usuario"', 'C:\\xampp\\htdocs\\codi\\app\\Controllers\\AdmPost.php', 206)
 2 SYSTEMPATH\CodeIgniter.php(934): App\Controllers\AdmPost->desenho_meus()
 3 SYSTEMPATH\CodeIgniter.php(499): CodeIgniter\CodeIgniter->runController(Object(App\Controllers\AdmPost))
 4 SYSTEMPATH\CodeIgniter.php(368): CodeIgniter\CodeIgniter->handleRequest(null, Object(Config\Cache), false)
 5 FCPATH\index.php(67): CodeIgniter\CodeIgniter->run()
CRITICAL - 2024-01-15 11:16:16 --> Undefined array key "usuario"
in APPPATH\Controllers\AdmPost.php on line 206.
 1 APPPATH\Controllers\AdmPost.php(206): CodeIgniter\Debug\Exceptions->errorHandler(2, 'Undefined array key "usuario"', 'C:\\xampp\\htdocs\\codi\\app\\Controllers\\AdmPost.php', 206)
 2 SYSTEMPATH\CodeIgniter.php(934): App\Controllers\AdmPost->desenho_meus()
 3 SYSTEMPATH\CodeIgniter.php(499): CodeIgniter\CodeIgniter->runController(Object(App\Controllers\AdmPost))
 4 SYSTEMPATH\CodeIgniter.php(368): CodeIgniter\CodeIgniter->handleRequest(null, Object(Config\Cache), false)
 5 FCPATH\index.php(67): CodeIgniter\CodeIgniter->run()
CRITICAL - 2024-01-15 11:16:17 --> Undefined array key "usuario"
in APPPATH\Controllers\AdmPost.php on line 206.
 1 APPPATH\Controllers\AdmPost.php(206): CodeIgniter\Debug\Exceptions->errorHandler(2, 'Undefined array key "usuario"', 'C:\\xampp\\htdocs\\codi\\app\\Controllers\\AdmPost.php', 206)
 2 SYSTEMPATH\CodeIgniter.php(934): App\Controllers\AdmPost->desenho_meus()
 3 SYSTEMPATH\CodeIgniter.php(499): CodeIgniter\CodeIgniter->runController(Object(App\Controllers\AdmPost))
 4 SYSTEMPATH\CodeIgniter.php(368): CodeIgniter\CodeIgniter->handleRequest(null, Object(Config\Cache), false)
 5 FCPATH\index.php(67): CodeIgniter\CodeIgniter->run()
CRITICAL - 2024-01-15 11:16:18 --> Undefined array key "usuario"
in APPPATH\Controllers\AdmPost.php on line 206.
 1 APPPATH\Controllers\AdmPost.php(206): CodeIgniter\Debug\Exceptions->errorHandler(2, 'Undefined array key "usuario"', 'C:\\xampp\\htdocs\\codi\\app\\Controllers\\AdmPost.php', 206)
 2 SYSTEMPATH\CodeIgniter.php(934): App\Controllers\AdmPost->desenho_meus()
 3 SYSTEMPATH\CodeIgniter.php(499): CodeIgniter\CodeIgniter->runController(Object(App\Controllers\AdmPost))
 4 SYSTEMPATH\CodeIgniter.php(368): CodeIgniter\CodeIgniter->handleRequest(null, Object(Config\Cache), false)
 5 FCPATH\index.php(67): CodeIgniter\CodeIgniter->run()
CRITICAL - 2024-01-15 11:16:19 --> Undefined array key "usuario"
in APPPATH\Controllers\AdmPost.php on line 206.
 1 APPPATH\Controllers\AdmPost.php(206): CodeIgniter\Debug\Exceptions->errorHandler(2, 'Undefined array key "usuario"', 'C:\\xampp\\htdocs\\codi\\app\\Controllers\\AdmPost.php', 206)
 2 SYSTEMPATH\CodeIgniter.php(934): App\Controllers\AdmPost->desenho_meus()
 3 SYSTEMPATH\CodeIgniter.php(499): CodeIgniter\CodeIgniter->runController(Object(App\Controllers\AdmPost))
 4 SYSTEMPATH\CodeIgniter.php(368): CodeIgniter\CodeIgniter->handleRequest(null, Object(Config\Cache), false)
 5 FCPATH\index.php(67): CodeIgniter\CodeIgniter->run()
CRITICAL - 2024-01-15 11:16:20 --> Undefined array key "usuario"
in APPPATH\Controllers\AdmPost.php on line 206.
 1 APPPATH\Controllers\AdmPost.php(206): CodeIgniter\Debug\Exceptions->errorHandler(2, 'Undefined array key "usuario"', 'C:\\xampp\\htdocs\\codi\\app\\Controllers\\AdmPost.php', 206)
 2 SYSTEMPATH\CodeIgniter.php(934): App\Controllers\AdmPost->desenho_meus()
 3 SYSTEMPATH\CodeIgniter.php(499): CodeIgniter\CodeIgniter->runController(Object(App\Controllers\AdmPost))
 4 SYSTEMPATH\CodeIgniter.php(368): CodeIgniter\CodeIgniter->handleRequest(null, Object(Config\Cache), false)
 5 FCPATH\index.php(67): CodeIgniter\CodeIgniter->run()
CRITICAL - 2024-01-15 11:16:21 --> Undefined array key "usuario"
in APPPATH\Controllers\AdmPost.php on line 206.
 1 APPPATH\Controllers\AdmPost.php(206): CodeIgniter\Debug\Exceptions->errorHandler(2, 'Undefined array key "usuario"', 'C:\\xampp\\htdocs\\codi\\app\\Controllers\\AdmPost.php', 206)
 2 SYSTEMPATH\CodeIgniter.php(934): App\Controllers\AdmPost->desenho_meus()
 3 SYSTEMPATH\CodeIgniter.php(499): CodeIgniter\CodeIgniter->runController(Object(App\Controllers\AdmPost))
 4 SYSTEMPATH\CodeIgniter.php(368): CodeIgniter\CodeIgniter->handleRequest(null, Object(Config\Cache), false)
 5 FCPATH\index.php(67): CodeIgniter\CodeIgniter->run()
CRITICAL - 2024-01-15 11:16:22 --> Undefined array key "usuario"
in APPPATH\Controllers\AdmPost.php on line 206.
 1 APPPATH\Controllers\AdmPost.php(206): CodeIgniter\Debug\Exceptions->errorHandler(2, 'Undefined array key "usuario"', 'C:\\xampp\\htdocs\\codi\\app\\Controllers\\AdmPost.php', 206)
 2 SYSTEMPATH\CodeIgniter.php(934): App\Controllers\AdmPost->desenho_meus()
 3 SYSTEMPATH\CodeIgniter.php(499): CodeIgniter\CodeIgniter->runController(Object(App\Controllers\AdmPost))
 4 SYSTEMPATH\CodeIgniter.php(368): CodeIgniter\CodeIgniter->handleRequest(null, Object(Config\Cache), false)
 5 FCPATH\index.php(67): CodeIgniter\CodeIgniter->run()
CRITICAL - 2024-01-15 11:30:42 --> Undefined array key "usuario"
in APPPATH\Controllers\AdmPost.php on line 206.
 1 APPPATH\Controllers\AdmPost.php(206): CodeIgniter\Debug\Exceptions->errorHandler(2, 'Undefined array key "usuario"', 'C:\\xampp\\htdocs\\codi\\app\\Controllers\\AdmPost.php', 206)
 2 SYSTEMPATH\CodeIgniter.php(934): App\Controllers\AdmPost->desenho_meus()
 3 SYSTEMPATH\CodeIgniter.php(499): CodeIgniter\CodeIgniter->runController(Object(App\Controllers\AdmPost))
 4 SYSTEMPATH\CodeIgniter.php(368): CodeIgniter\CodeIgniter->handleRequest(null, Object(Config\Cache), false)
 5 FCPATH\index.php(67): CodeIgniter\CodeIgniter->run()
CRITICAL - 2024-01-15 11:30:43 --> Undefined array key "usuario"
in APPPATH\Controllers\AdmPost.php on line 206.
 1 APPPATH\Controllers\AdmPost.php(206): CodeIgniter\Debug\Exceptions->errorHandler(2, 'Undefined array key "usuario"', 'C:\\xampp\\htdocs\\codi\\app\\Controllers\\AdmPost.php', 206)
 2 SYSTEMPATH\CodeIgniter.php(934): App\Controllers\AdmPost->desenho_meus()
 3 SYSTEMPATH\CodeIgniter.php(499): CodeIgniter\CodeIgniter->runController(Object(App\Controllers\AdmPost))
 4 SYSTEMPATH\CodeIgniter.php(368): CodeIgniter\CodeIgniter->handleRequest(null, Object(Config\Cache), false)
 5 FCPATH\index.php(67): CodeIgniter\CodeIgniter->run()
CRITICAL - 2024-01-15 11:30:44 --> Undefined array key "usuario"
in APPPATH\Controllers\AdmPost.php on line 206.
 1 APPPATH\Controllers\AdmPost.php(206): CodeIgniter\Debug\Exceptions->errorHandler(2, 'Undefined array key "usuario"', 'C:\\xampp\\htdocs\\codi\\app\\Controllers\\AdmPost.php', 206)
 2 SYSTEMPATH\CodeIgniter.php(934): App\Controllers\AdmPost->desenho_meus()
 3 SYSTEMPATH\CodeIgniter.php(499): CodeIgniter\CodeIgniter->runController(Object(App\Controllers\AdmPost))
 4 SYSTEMPATH\CodeIgniter.php(368): CodeIgniter\CodeIgniter->handleRequest(null, Object(Config\Cache), false)
 5 FCPATH\index.php(67): CodeIgniter\CodeIgniter->run()
CRITICAL - 2024-01-15 11:30:45 --> Undefined array key "usuario"
in APPPATH\Controllers\AdmPost.php on line 206.
 1 APPPATH\Controllers\AdmPost.php(206): CodeIgniter\Debug\Exceptions->errorHandler(2, 'Undefined array key "usuario"', 'C:\\xampp\\htdocs\\codi\\app\\Controllers\\AdmPost.php', 206)
 2 SYSTEMPATH\CodeIgniter.php(934): App\Controllers\AdmPost->desenho_meus()
 3 SYSTEMPATH\CodeIgniter.php(499): CodeIgniter\CodeIgniter->runController(Object(App\Controllers\AdmPost))
 4 SYSTEMPATH\CodeIgniter.php(368): CodeIgniter\CodeIgniter->handleRequest(null, Object(Config\Cache), false)
 5 FCPATH\index.php(67): CodeIgniter\CodeIgniter->run()
CRITICAL - 2024-01-15 11:30:46 --> Undefined array key "usuario"
in APPPATH\Controllers\AdmPost.php on line 206.
 1 APPPATH\Controllers\AdmPost.php(206): CodeIgniter\Debug\Exceptions->errorHandler(2, 'Undefined array key "usuario"', 'C:\\xampp\\htdocs\\codi\\app\\Controllers\\AdmPost.php', 206)
 2 SYSTEMPATH\CodeIgniter.php(934): App\Controllers\AdmPost->desenho_meus()
 3 SYSTEMPATH\CodeIgniter.php(499): CodeIgniter\CodeIgniter->runController(Object(App\Controllers\AdmPost))
 4 SYSTEMPATH\CodeIgniter.php(368): CodeIgniter\CodeIgniter->handleRequest(null, Object(Config\Cache), false)
 5 FCPATH\index.php(67): CodeIgniter\CodeIgniter->run()
CRITICAL - 2024-01-15 11:30:47 --> Undefined array key "usuario"
in APPPATH\Controllers\AdmPost.php on line 206.
 1 APPPATH\Controllers\AdmPost.php(206): CodeIgniter\Debug\Exceptions->errorHandler(2, 'Undefined array key "usuario"', 'C:\\xampp\\htdocs\\codi\\app\\Controllers\\AdmPost.php', 206)
 2 SYSTEMPATH\CodeIgniter.php(934): App\Controllers\AdmPost->desenho_meus()
 3 SYSTEMPATH\CodeIgniter.php(499): CodeIgniter\CodeIgniter->runController(Object(App\Controllers\AdmPost))
 4 SYSTEMPATH\CodeIgniter.php(368): CodeIgniter\CodeIgniter->handleRequest(null, Object(Config\Cache), false)
 5 FCPATH\index.php(67): CodeIgniter\CodeIgniter->run()
CRITICAL - 2024-01-15 11:30:48 --> Undefined array key "usuario"
in APPPATH\Controllers\AdmPost.php on line 206.
 1 APPPATH\Controllers\AdmPost.php(206): CodeIgniter\Debug\Exceptions->errorHandler(2, 'Undefined array key "usuario"', 'C:\\xampp\\htdocs\\codi\\app\\Controllers\\AdmPost.php', 206)
 2 SYSTEMPATH\CodeIgniter.php(934): App\Controllers\AdmPost->desenho_meus()
 3 SYSTEMPATH\CodeIgniter.php(499): CodeIgniter\CodeIgniter->runController(Object(App\Controllers\AdmPost))
 4 SYSTEMPATH\CodeIgniter.php(368): CodeIgniter\CodeIgniter->handleRequest(null, Object(Config\Cache), false)
 5 FCPATH\index.php(67): CodeIgniter\CodeIgniter->run()
CRITICAL - 2024-01-15 11:30:49 --> Undefined array key "usuario"
in APPPATH\Controllers\AdmPost.php on line 206.
 1 APPPATH\Controllers\AdmPost.php(206): CodeIgniter\Debug\Exceptions->errorHandler(2, 'Undefined array key "usuario"', 'C:\\xampp\\htdocs\\codi\\app\\Controllers\\AdmPost.php', 206)
 2 SYSTEMPATH\CodeIgniter.php(934): App\Controllers\AdmPost->desenho_meus()
 3 SYSTEMPATH\CodeIgniter.php(499): CodeIgniter\CodeIgniter->runController(Object(App\Controllers\AdmPost))
 4 SYSTEMPATH\CodeIgniter.php(368): CodeIgniter\CodeIgniter->handleRequest(null, Object(Config\Cache), false)
 5 FCPATH\index.php(67): CodeIgniter\CodeIgniter->run()
CRITICAL - 2024-01-15 11:30:50 --> Undefined array key "usuario"
in APPPATH\Controllers\AdmPost.php on line 206.
 1 APPPATH\Controllers\AdmPost.php(206): CodeIgniter\Debug\Exceptions->errorHandler(2, 'Undefined array key "usuario"', 'C:\\xampp\\htdocs\\codi\\app\\Controllers\\AdmPost.php', 206)
 2 SYSTEMPATH\CodeIgniter.php(934): App\Controllers\AdmPost->desenho_meus()
 3 SYSTEMPATH\CodeIgniter.php(499): CodeIgniter\CodeIgniter->runController(Object(App\Controllers\AdmPost))
 4 SYSTEMPATH\CodeIgniter.php(368): CodeIgniter\CodeIgniter->handleRequest(null, Object(Config\Cache), false)
 5 FCPATH\index.php(67): CodeIgniter\CodeIgniter->run()
CRITICAL - 2024-01-15 11:30:51 --> Undefined array key "usuario"
in APPPATH\Controllers\AdmPost.php on line 206.
 1 APPPATH\Controllers\AdmPost.php(206): CodeIgniter\Debug\Exceptions->errorHandler(2, 'Undefined array key "usuario"', 'C:\\xampp\\htdocs\\codi\\app\\Controllers\\AdmPost.php', 206)
 2 SYSTEMPATH\CodeIgniter.php(934): App\Controllers\AdmPost->desenho_meus()
 3 SYSTEMPATH\CodeIgniter.php(499): CodeIgniter\CodeIgniter->runController(Object(App\Controllers\AdmPost))
 4 SYSTEMPATH\CodeIgniter.php(368): CodeIgniter\CodeIgniter->handleRequest(null, Object(Config\Cache), false)
 5 FCPATH\index.php(67): CodeIgniter\CodeIgniter->run()
CRITICAL - 2024-01-15 11:30:52 --> Undefined array key "usuario"
in APPPATH\Controllers\AdmPost.php on line 206.
 1 APPPATH\Controllers\AdmPost.php(206): CodeIgniter\Debug\Exceptions->errorHandler(2, 'Undefined array key "usuario"', 'C:\\xampp\\htdocs\\codi\\app\\Controllers\\AdmPost.php', 206)
 2 SYSTEMPATH\CodeIgniter.php(934): App\Controllers\AdmPost->desenho_meus()
 3 SYSTEMPATH\CodeIgniter.php(499): CodeIgniter\CodeIgniter->runController(Object(App\Controllers\AdmPost))
 4 SYSTEMPATH\CodeIgniter.php(368): CodeIgniter\CodeIgniter->handleRequest(null, Object(Config\Cache), false)
 5 FCPATH\index.php(67): CodeIgniter\CodeIgniter->run()
CRITICAL - 2024-01-15 11:30:53 --> Undefined array key "usuario"
in APPPATH\Controllers\AdmPost.php on line 206.
 1 APPPATH\Controllers\AdmPost.php(206): CodeIgniter\Debug\Exceptions->errorHandler(2, 'Undefined array key "usuario"', 'C:\\xampp\\htdocs\\codi\\app\\Controllers\\AdmPost.php', 206)
 2 SYSTEMPATH\CodeIgniter.php(934): App\Controllers\AdmPost->desenho_meus()
 3 SYSTEMPATH\CodeIgniter.php(499): CodeIgniter\CodeIgniter->runController(Object(App\Controllers\AdmPost))
 4 SYSTEMPATH\CodeIgniter.php(368): CodeIgniter\CodeIgniter->handleRequest(null, Object(Config\Cache), false)
 5 FCPATH\index.php(67): CodeIgniter\CodeIgniter->run()
CRITICAL - 2024-01-15 11:59:18 --> Undefined array key "usuario"
in APPPATH\Controllers\AdmPost.php on line 206.
 1 APPPATH\Controllers\AdmPost.php(206): CodeIgniter\Debug\Exceptions->errorHandler(2, 'Undefined array key "usuario"', 'C:\\xampp\\htdocs\\codi\\app\\Controllers\\AdmPost.php', 206)
 2 SYSTEMPATH\CodeIgniter.php(934): App\Controllers\AdmPost->desenho_meus()
 3 SYSTEMPATH\CodeIgniter.php(499): CodeIgniter\CodeIgniter->runController(Object(App\Controllers\AdmPost))
 4 SYSTEMPATH\CodeIgniter.php(368): CodeIgniter\CodeIgniter->handleRequest(null, Object(Config\Cache), false)
 5 FCPATH\index.php(67): CodeIgniter\CodeIgniter->run()
CRITICAL - 2024-01-15 11:59:19 --> Undefined array key "usuario"
in APPPATH\Controllers\AdmPost.php on line 206.
 1 APPPATH\Controllers\AdmPost.php(206): CodeIgniter\Debug\Exceptions->errorHandler(2, 'Undefined array key "usuario"', 'C:\\xampp\\htdocs\\codi\\app\\Controllers\\AdmPost.php', 206)
 2 SYSTEMPATH\CodeIgniter.php(934): App\Controllers\AdmPost->desenho_meus()
 3 SYSTEMPATH\CodeIgniter.php(499): CodeIgniter\CodeIgniter->runController(Object(App\Controllers\AdmPost))
 4 SYSTEMPATH\CodeIgniter.php(368): CodeIgniter\CodeIgniter->handleRequest(null, Object(Config\Cache), false)
 5 FCPATH\index.php(67): CodeIgniter\CodeIgniter->run()
CRITICAL - 2024-01-15 11:59:20 --> Undefined array key "usuario"
in APPPATH\Controllers\AdmPost.php on line 206.
 1 APPPATH\Controllers\AdmPost.php(206): CodeIgniter\Debug\Exceptions->errorHandler(2, 'Undefined array key "usuario"', 'C:\\xampp\\htdocs\\codi\\app\\Controllers\\AdmPost.php', 206)
 2 SYSTEMPATH\CodeIgniter.php(934): App\Controllers\AdmPost->desenho_meus()
 3 SYSTEMPATH\CodeIgniter.php(499): CodeIgniter\CodeIgniter->runController(Object(App\Controllers\AdmPost))
 4 SYSTEMPATH\CodeIgniter.php(368): CodeIgniter\CodeIgniter->handleRequest(null, Object(Config\Cache), false)
 5 FCPATH\index.php(67): CodeIgniter\CodeIgniter->run()
CRITICAL - 2024-01-15 11:59:21 --> Undefined array key "usuario"
in APPPATH\Controllers\AdmPost.php on line 206.
 1 APPPATH\Controllers\AdmPost.php(206): CodeIgniter\Debug\Exceptions->errorHandler(2, 'Undefined array key "usuario"', 'C:\\xampp\\htdocs\\codi\\app\\Controllers\\AdmPost.php', 206)
 2 SYSTEMPATH\CodeIgniter.php(934): App\Controllers\AdmPost->desenho_meus()
 3 SYSTEMPATH\CodeIgniter.php(499): CodeIgniter\CodeIgniter->runController(Object(App\Controllers\AdmPost))
 4 SYSTEMPATH\CodeIgniter.php(368): CodeIgniter\CodeIgniter->handleRequest(null, Object(Config\Cache), false)
 5 FCPATH\index.php(67): CodeIgniter\CodeIgniter->run()
CRITICAL - 2024-01-15 11:59:22 --> Undefined array key "usuario"
in APPPATH\Controllers\AdmPost.php on line 206.
 1 APPPATH\Controllers\AdmPost.php(206): CodeIgniter\Debug\Exceptions->errorHandler(2, 'Undefined array key "usuario"', 'C:\\xampp\\htdocs\\codi\\app\\Controllers\\AdmPost.php', 206)
 2 SYSTEMPATH\CodeIgniter.php(934): App\Controllers\AdmPost->desenho_meus()
 3 SYSTEMPATH\CodeIgniter.php(499): CodeIgniter\CodeIgniter->runController(Object(App\Controllers\AdmPost))
 4 SYSTEMPATH\CodeIgniter.php(368): CodeIgniter\CodeIgniter->handleRequest(null, Object(Config\Cache), false)
 5 FCPATH\index.php(67): CodeIgniter\CodeIgniter->run()
CRITICAL - 2024-01-15 11:59:23 --> Undefined array key "usuario"
in APPPATH\Controllers\AdmPost.php on line 206.
 1 APPPATH\Controllers\AdmPost.php(206): CodeIgniter\Debug\Exceptions->errorHandler(2, 'Undefined array key "usuario"', 'C:\\xampp\\htdocs\\codi\\app\\Controllers\\AdmPost.php', 206)
 2 SYSTEMPATH\CodeIgniter.php(934): App\Controllers\AdmPost->desenho_meus()
 3 SYSTEMPATH\CodeIgniter.php(499): CodeIgniter\CodeIgniter->runController(Object(App\Controllers\AdmPost))
 4 SYSTEMPATH\CodeIgniter.php(368): CodeIgniter\CodeIgniter->handleRequest(null, Object(Config\Cache), false)
 5 FCPATH\index.php(67): CodeIgniter\CodeIgniter->run()
CRITICAL - 2024-01-15 11:59:24 --> Undefined array key "usuario"
in APPPATH\Controllers\AdmPost.php on line 206.
 1 APPPATH\Controllers\AdmPost.php(206): CodeIgniter\Debug\Exceptions->errorHandler(2, 'Undefined array key "usuario"', 'C:\\xampp\\htdocs\\codi\\app\\Controllers\\AdmPost.php', 206)
 2 SYSTEMPATH\CodeIgniter.php(934): App\Controllers\AdmPost->desenho_meus()
 3 SYSTEMPATH\CodeIgniter.php(499): CodeIgniter\CodeIgniter->runController(Object(App\Controllers\AdmPost))
 4 SYSTEMPATH\CodeIgniter.php(368): CodeIgniter\CodeIgniter->handleRequest(null, Object(Config\Cache), false)
 5 FCPATH\index.php(67): CodeIgniter\CodeIgniter->run()
CRITICAL - 2024-01-15 11:59:25 --> Undefined array key "usuario"
in APPPATH\Controllers\AdmPost.php on line 206.
 1 APPPATH\Controllers\AdmPost.php(206): CodeIgniter\Debug\Exceptions->errorHandler(2, 'Undefined array key "usuario"', 'C:\\xampp\\htdocs\\codi\\app\\Controllers\\AdmPost.php', 206)
 2 SYSTEMPATH\CodeIgniter.php(934): App\Controllers\AdmPost->desenho_meus()
 3 SYSTEMPATH\CodeIgniter.php(499): CodeIgniter\CodeIgniter->runController(Object(App\Controllers\AdmPost))
 4 SYSTEMPATH\CodeIgniter.php(368): CodeIgniter\CodeIgniter->handleRequest(null, Object(Config\Cache), false)
 5 FCPATH\index.php(67): CodeIgniter\CodeIgniter->run()
CRITICAL - 2024-01-15 11:59:26 --> Undefined array key "usuario"
in APPPATH\Controllers\AdmPost.php on line 206.
 1 APPPATH\Controllers\AdmPost.php(206): CodeIgniter\Debug\Exceptions->errorHandler(2, 'Undefined array key "usuario"', 'C:\\xampp\\htdocs\\codi\\app\\Controllers\\AdmPost.php', 206)
 2 SYSTEMPATH\CodeIgniter.php(934): App\Controllers\AdmPost->desenho_meus()
 3 SYSTEMPATH\CodeIgniter.php(499): CodeIgniter\CodeIgniter->runController(Object(App\Controllers\AdmPost))
 4 SYSTEMPATH\CodeIgniter.php(368): CodeIgniter\CodeIgniter->handleRequest(null, Object(Config\Cache), false)
 5 FCPATH\index.php(67): CodeIgniter\CodeIgniter->run()
CRITICAL - 2024-01-15 11:59:27 --> Undefined array key "usuario"
in APPPATH\Controllers\AdmPost.php on line 206.
 1 APPPATH\Controllers\AdmPost.php(206): CodeIgniter\Debug\Exceptions->errorHandler(2, 'Undefined array key "usuario"', 'C:\\xampp\\htdocs\\codi\\app\\Controllers\\AdmPost.php', 206)
 2 SYSTEMPATH\CodeIgniter.php(934): App\Controllers\AdmPost->desenho_meus()
 3 SYSTEMPATH\CodeIgniter.php(499): CodeIgniter\CodeIgniter->runController(Object(App\Controllers\AdmPost))
 4 SYSTEMPATH\CodeIgniter.php(368): CodeIgniter\CodeIgniter->handleRequest(null, Object(Config\Cache), false)
 5 FCPATH\index.php(67): CodeIgniter\CodeIgniter->run()
CRITICAL - 2024-01-15 11:59:28 --> Undefined array key "usuario"
in APPPATH\Controllers\AdmPost.php on line 206.
 1 APPPATH\Controllers\AdmPost.php(206): CodeIgniter\Debug\Exceptions->errorHandler(2, 'Undefined array key "usuario"', 'C:\\xampp\\htdocs\\codi\\app\\Controllers\\AdmPost.php', 206)
 2 SYSTEMPATH\CodeIgniter.php(934): App\Controllers\AdmPost->desenho_meus()
 3 SYSTEMPATH\CodeIgniter.php(499): CodeIgniter\CodeIgniter->runController(Object(App\Controllers\AdmPost))
 4 SYSTEMPATH\CodeIgniter.php(368): CodeIgniter\CodeIgniter->handleRequest(null, Object(Config\Cache), false)
 5 FCPATH\index.php(67): CodeIgniter\CodeIgniter->run()
CRITICAL - 2024-01-15 11:59:29 --> Undefined array key "usuario"
in APPPATH\Controllers\AdmPost.php on line 206.
 1 APPPATH\Controllers\AdmPost.php(206): CodeIgniter\Debug\Exceptions->errorHandler(2, 'Undefined array key "usuario"', 'C:\\xampp\\htdocs\\codi\\app\\Controllers\\AdmPost.php', 206)
 2 SYSTEMPATH\CodeIgniter.php(934): App\Controllers\AdmPost->desenho_meus()
 3 SYSTEMPATH\CodeIgniter.php(499): CodeIgniter\CodeIgniter->runController(Object(App\Controllers\AdmPost))
 4 SYSTEMPATH\CodeIgniter.php(368): CodeIgniter\CodeIgniter->handleRequest(null, Object(Config\Cache), false)
 5 FCPATH\index.php(67): CodeIgniter\CodeIgniter->run()
CRITICAL - 2024-01-15 11:59:30 --> Undefined array key "usuario"
in APPPATH\Controllers\AdmPost.php on line 206.
 1 APPPATH\Controllers\AdmPost.php(206): CodeIgniter\Debug\Exceptions->errorHandler(2, 'Undefined array key "usuario"', 'C:\\xampp\\htdocs\\codi\\app\\Controllers\\AdmPost.php', 206)
 2 SYSTEMPATH\CodeIgniter.php(934): App\Controllers\AdmPost->desenho_meus()
 3 SYSTEMPATH\CodeIgniter.php(499): CodeIgniter\CodeIgniter->runController(Object(App\Controllers\AdmPost))
 4 SYSTEMPATH\CodeIgniter.php(368): CodeIgniter\CodeIgniter->handleRequest(null, Object(Config\Cache), false)
 5 FCPATH\index.php(67): CodeIgniter\CodeIgniter->run()
CRITICAL - 2024-01-15 11:59:31 --> Undefined array key "usuario"
in APPPATH\Controllers\AdmPost.php on line 206.
 1 APPPATH\Controllers\AdmPost.php(206): CodeIgniter\Debug\Exceptions->errorHandler(2, 'Undefined array key "usuario"', 'C:\\xampp\\htdocs\\codi\\app\\Controllers\\AdmPost.php', 206)
 2 SYSTEMPATH\CodeIgniter.php(934): App\Controllers\AdmPost->desenho_meus()
 3 SYSTEMPATH\CodeIgniter.php(499): CodeIgniter\CodeIgniter->runController(Object(App\Controllers\AdmPost))
 4 SYSTEMPATH\CodeIgniter.php(368): CodeIgniter\CodeIgniter->handleRequest(null, Object(Config\Cache), false)
 5 FCPATH\index.php(67): CodeIgniter\CodeIgniter->run()
CRITICAL - 2024-01-15 11:59:32 --> Undefined array key "usuario"
in APPPATH\Controllers\AdmPost.php on line 206.
 1 APPPATH\Controllers\AdmPost.php(206): CodeIgniter\Debug\Exceptions->errorHandler(2, 'Undefined array key "usuario"', 'C:\\xampp\\htdocs\\codi\\app\\Controllers\\AdmPost.php', 206)
 2 SYSTEMPATH\CodeIgniter.php(934): App\Controllers\AdmPost->desenho_meus()
 3 SYSTEMPATH\CodeIgniter.php(499): CodeIgniter\CodeIgniter->runController(Object(App\Controllers\AdmPost))
 4 SYSTEMPATH\CodeIgniter.php(368): CodeIgniter\CodeIgniter->handleRequest(null, Object(Config\Cache), false)
 5 FCPATH\index.php(67): CodeIgniter\CodeIgniter->run()
CRITICAL - 2024-01-15 11:59:33 --> Undefined array key "usuario"
in APPPATH\Controllers\AdmPost.php on line 206.
 1 APPPATH\Controllers\AdmPost.php(206): CodeIgniter\Debug\Exceptions->errorHandler(2, 'Undefined array key "usuario"', 'C:\\xampp\\htdocs\\codi\\app\\Controllers\\AdmPost.php', 206)
 2 SYSTEMPATH\CodeIgniter.php(934): App\Controllers\AdmPost->desenho_meus()
 3 SYSTEMPATH\CodeIgniter.php(499): CodeIgniter\CodeIgniter->runController(Object(App\Controllers\AdmPost))
 4 SYSTEMPATH\CodeIgniter.php(368): CodeIgniter\CodeIgniter->handleRequest(null, Object(Config\Cache), false)
 5 FCPATH\index.php(67): CodeIgniter\CodeIgniter->run()
CRITICAL - 2024-01-15 11:59:34 --> Undefined array key "usuario"
in APPPATH\Controllers\AdmPost.php on line 206.
 1 APPPATH\Controllers\AdmPost.php(206): CodeIgniter\Debug\Exceptions->errorHandler(2, 'Undefined array key "usuario"', 'C:\\xampp\\htdocs\\codi\\app\\Controllers\\AdmPost.php', 206)
 2 SYSTEMPATH\CodeIgniter.php(934): App\Controllers\AdmPost->desenho_meus()
 3 SYSTEMPATH\CodeIgniter.php(499): CodeIgniter\CodeIgniter->runController(Object(App\Controllers\AdmPost))
 4 SYSTEMPATH\CodeIgniter.php(368): CodeIgniter\CodeIgniter->handleRequest(null, Object(Config\Cache), false)
 5 FCPATH\index.php(67): CodeIgniter\CodeIgniter->run()
CRITICAL - 2024-01-15 11:59:35 --> Undefined array key "usuario"
in APPPATH\Controllers\AdmPost.php on line 206.
 1 APPPATH\Controllers\AdmPost.php(206): CodeIgniter\Debug\Exceptions->errorHandler(2, 'Undefined array key "usuario"', 'C:\\xampp\\htdocs\\codi\\app\\Controllers\\AdmPost.php', 206)
 2 SYSTEMPATH\CodeIgniter.php(934): App\Controllers\AdmPost->desenho_meus()
 3 SYSTEMPATH\CodeIgniter.php(499): CodeIgniter\CodeIgniter->runController(Object(App\Controllers\AdmPost))
 4 SYSTEMPATH\CodeIgniter.php(368): CodeIgniter\CodeIgniter->handleRequest(null, Object(Config\Cache), false)
 5 FCPATH\index.php(67): CodeIgniter\CodeIgniter->run()
CRITICAL - 2024-01-15 11:59:36 --> Undefined array key "usuario"
in APPPATH\Controllers\AdmPost.php on line 206.
 1 APPPATH\Controllers\AdmPost.php(206): CodeIgniter\Debug\Exceptions->errorHandler(2, 'Undefined array key "usuario"', 'C:\\xampp\\htdocs\\codi\\app\\Controllers\\AdmPost.php', 206)
 2 SYSTEMPATH\CodeIgniter.php(934): App\Controllers\AdmPost->desenho_meus()
 3 SYSTEMPATH\CodeIgniter.php(499): CodeIgniter\CodeIgniter->runController(Object(App\Controllers\AdmPost))
 4 SYSTEMPATH\CodeIgniter.php(368): CodeIgniter\CodeIgniter->handleRequest(null, Object(Config\Cache), false)
 5 FCPATH\index.php(67): CodeIgniter\CodeIgniter->run()
CRITICAL - 2024-01-15 11:59:37 --> Undefined array key "usuario"
in APPPATH\Controllers\AdmPost.php on line 206.
 1 APPPATH\Controllers\AdmPost.php(206): CodeIgniter\Debug\Exceptions->errorHandler(2, 'Undefined array key "usuario"', 'C:\\xampp\\htdocs\\codi\\app\\Controllers\\AdmPost.php', 206)
 2 SYSTEMPATH\CodeIgniter.php(934): App\Controllers\AdmPost->desenho_meus()
 3 SYSTEMPATH\CodeIgniter.php(499): CodeIgniter\CodeIgniter->runController(Object(App\Controllers\AdmPost))
 4 SYSTEMPATH\CodeIgniter.php(368): CodeIgniter\CodeIgniter->handleRequest(null, Object(Config\Cache), false)
 5 FCPATH\index.php(67): CodeIgniter\CodeIgniter->run()
CRITICAL - 2024-01-15 11:59:38 --> Undefined array key "usuario"
in APPPATH\Controllers\AdmPost.php on line 206.
 1 APPPATH\Controllers\AdmPost.php(206): CodeIgniter\Debug\Exceptions->errorHandler(2, 'Undefined array key "usuario"', 'C:\\xampp\\htdocs\\codi\\app\\Controllers\\AdmPost.php', 206)
 2 SYSTEMPATH\CodeIgniter.php(934): App\Controllers\AdmPost->desenho_meus()
 3 SYSTEMPATH\CodeIgniter.php(499): CodeIgniter\CodeIgniter->runController(Object(App\Controllers\AdmPost))
 4 SYSTEMPATH\CodeIgniter.php(368): CodeIgniter\CodeIgniter->handleRequest(null, Object(Config\Cache), false)
 5 FCPATH\index.php(67): CodeIgniter\CodeIgniter->run()
CRITICAL - 2024-01-15 11:59:39 --> Undefined array key "usuario"
in APPPATH\Controllers\AdmPost.php on line 206.
 1 APPPATH\Controllers\AdmPost.php(206): CodeIgniter\Debug\Exceptions->errorHandler(2, 'Undefined array key "usuario"', 'C:\\xampp\\htdocs\\codi\\app\\Controllers\\AdmPost.php', 206)
 2 SYSTEMPATH\CodeIgniter.php(934): App\Controllers\AdmPost->desenho_meus()
 3 SYSTEMPATH\CodeIgniter.php(499): CodeIgniter\CodeIgniter->runController(Object(App\Controllers\AdmPost))
 4 SYSTEMPATH\CodeIgniter.php(368): CodeIgniter\CodeIgniter->handleRequest(null, Object(Config\Cache), false)
 5 FCPATH\index.php(67): CodeIgniter\CodeIgniter->run()
CRITICAL - 2024-01-15 11:59:40 --> Undefined array key "usuario"
in APPPATH\Controllers\AdmPost.php on line 206.
 1 APPPATH\Controllers\AdmPost.php(206): CodeIgniter\Debug\Exceptions->errorHandler(2, 'Undefined array key "usuario"', 'C:\\xampp\\htdocs\\codi\\app\\Controllers\\AdmPost.php', 206)
 2 SYSTEMPATH\CodeIgniter.php(934): App\Controllers\AdmPost->desenho_meus()
 3 SYSTEMPATH\CodeIgniter.php(499): CodeIgniter\CodeIgniter->runController(Object(App\Controllers\AdmPost))
 4 SYSTEMPATH\CodeIgniter.php(368): CodeIgniter\CodeIgniter->handleRequest(null, Object(Config\Cache), false)
 5 FCPATH\index.php(67): CodeIgniter\CodeIgniter->run()
CRITICAL - 2024-01-15 11:59:41 --> Undefined array key "usuario"
in APPPATH\Controllers\AdmPost.php on line 206.
 1 APPPATH\Controllers\AdmPost.php(206): CodeIgniter\Debug\Exceptions->errorHandler(2, 'Undefined array key "usuario"', 'C:\\xampp\\htdocs\\codi\\app\\Controllers\\AdmPost.php', 206)
 2 SYSTEMPATH\CodeIgniter.php(934): App\Controllers\AdmPost->desenho_meus()
 3 SYSTEMPATH\CodeIgniter.php(499): CodeIgniter\CodeIgniter->runController(Object(App\Controllers\AdmPost))
 4 SYSTEMPATH\CodeIgniter.php(368): CodeIgniter\CodeIgniter->handleRequest(null, Object(Config\Cache), false)
 5 FCPATH\index.php(67): CodeIgniter\CodeIgniter->run()
CRITICAL - 2024-01-15 11:59:42 --> Undefined array key "usuario"
in APPPATH\Controllers\AdmPost.php on line 206.
 1 APPPATH\Controllers\AdmPost.php(206): CodeIgniter\Debug\Exceptions->errorHandler(2, 'Undefined array key "usuario"', 'C:\\xampp\\htdocs\\codi\\app\\Controllers\\AdmPost.php', 206)
 2 SYSTEMPATH\CodeIgniter.php(934): App\Controllers\AdmPost->desenho_meus()
 3 SYSTEMPATH\CodeIgniter.php(499): CodeIgniter\CodeIgniter->runController(Object(App\Controllers\AdmPost))
 4 SYSTEMPATH\CodeIgniter.php(368): CodeIgniter\CodeIgniter->handleRequest(null, Object(Config\Cache), false)
 5 FCPATH\index.php(67): CodeIgniter\CodeIgniter->run()
CRITICAL - 2024-01-15 11:59:43 --> Undefined array key "usuario"
in APPPATH\Controllers\AdmPost.php on line 206.
 1 APPPATH\Controllers\AdmPost.php(206): CodeIgniter\Debug\Exceptions->errorHandler(2, 'Undefined array key "usuario"', 'C:\\xampp\\htdocs\\codi\\app\\Controllers\\AdmPost.php', 206)
 2 SYSTEMPATH\CodeIgniter.php(934): App\Controllers\AdmPost->desenho_meus()
 3 SYSTEMPATH\CodeIgniter.php(499): CodeIgniter\CodeIgniter->runController(Object(App\Controllers\AdmPost))
 4 SYSTEMPATH\CodeIgniter.php(368): CodeIgniter\CodeIgniter->handleRequest(null, Object(Config\Cache), false)
 5 FCPATH\index.php(67): CodeIgniter\CodeIgniter->run()
CRITICAL - 2024-01-15 11:59:44 --> Undefined array key "usuario"
in APPPATH\Controllers\AdmPost.php on line 206.
 1 APPPATH\Controllers\AdmPost.php(206): CodeIgniter\Debug\Exceptions->errorHandler(2, 'Undefined array key "usuario"', 'C:\\xampp\\htdocs\\codi\\app\\Controllers\\AdmPost.php', 206)
 2 SYSTEMPATH\CodeIgniter.php(934): App\Controllers\AdmPost->desenho_meus()
 3 SYSTEMPATH\CodeIgniter.php(499): CodeIgniter\CodeIgniter->runController(Object(App\Controllers\AdmPost))
 4 SYSTEMPATH\CodeIgniter.php(368): CodeIgniter\CodeIgniter->handleRequest(null, Object(Config\Cache), false)
 5 FCPATH\index.php(67): CodeIgniter\CodeIgniter->run()
CRITICAL - 2024-01-15 11:59:45 --> Undefined array key "usuario"
in APPPATH\Controllers\AdmPost.php on line 206.
 1 APPPATH\Controllers\AdmPost.php(206): CodeIgniter\Debug\Exceptions->errorHandler(2, 'Undefined array key "usuario"', 'C:\\xampp\\htdocs\\codi\\app\\Controllers\\AdmPost.php', 206)
 2 SYSTEMPATH\CodeIgniter.php(934): App\Controllers\AdmPost->desenho_meus()
 3 SYSTEMPATH\CodeIgniter.php(499): CodeIgniter\CodeIgniter->runController(Object(App\Controllers\AdmPost))
 4 SYSTEMPATH\CodeIgniter.php(368): CodeIgniter\CodeIgniter->handleRequest(null, Object(Config\Cache), false)
 5 FCPATH\index.php(67): CodeIgniter\CodeIgniter->run()
CRITICAL - 2024-01-15 11:59:46 --> Undefined array key "usuario"
in APPPATH\Controllers\AdmPost.php on line 206.
 1 APPPATH\Controllers\AdmPost.php(206): CodeIgniter\Debug\Exceptions->errorHandler(2, 'Undefined array key "usuario"', 'C:\\xampp\\htdocs\\codi\\app\\Controllers\\AdmPost.php', 206)
 2 SYSTEMPATH\CodeIgniter.php(934): App\Controllers\AdmPost->desenho_meus()
 3 SYSTEMPATH\CodeIgniter.php(499): CodeIgniter\CodeIgniter->runController(Object(App\Controllers\AdmPost))
 4 SYSTEMPATH\CodeIgniter.php(368): CodeIgniter\CodeIgniter->handleRequest(null, Object(Config\Cache), false)
 5 FCPATH\index.php(67): CodeIgniter\CodeIgniter->run()
CRITICAL - 2024-01-15 11:59:47 --> Undefined array key "usuario"
in APPPATH\Controllers\AdmPost.php on line 206.
 1 APPPATH\Controllers\AdmPost.php(206): CodeIgniter\Debug\Exceptions->errorHandler(2, 'Undefined array key "usuario"', 'C:\\xampp\\htdocs\\codi\\app\\Controllers\\AdmPost.php', 206)
 2 SYSTEMPATH\CodeIgniter.php(934): App\Controllers\AdmPost->desenho_meus()
 3 SYSTEMPATH\CodeIgniter.php(499): CodeIgniter\CodeIgniter->runController(Object(App\Controllers\AdmPost))
 4 SYSTEMPATH\CodeIgniter.php(368): CodeIgniter\CodeIgniter->handleRequest(null, Object(Config\Cache), false)
 5 FCPATH\index.php(67): CodeIgniter\CodeIgniter->run()
CRITICAL - 2024-01-15 11:59:48 --> Undefined array key "usuario"
in APPPATH\Controllers\AdmPost.php on line 206.
 1 APPPATH\Controllers\AdmPost.php(206): CodeIgniter\Debug\Exceptions->errorHandler(2, 'Undefined array key "usuario"', 'C:\\xampp\\htdocs\\codi\\app\\Controllers\\AdmPost.php', 206)
 2 SYSTEMPATH\CodeIgniter.php(934): App\Controllers\AdmPost->desenho_meus()
 3 SYSTEMPATH\CodeIgniter.php(499): CodeIgniter\CodeIgniter->runController(Object(App\Controllers\AdmPost))
 4 SYSTEMPATH\CodeIgniter.php(368): CodeIgniter\CodeIgniter->handleRequest(null, Object(Config\Cache), false)
 5 FCPATH\index.php(67): CodeIgniter\CodeIgniter->run()
CRITICAL - 2024-01-15 11:59:49 --> Undefined array key "usuario"
in APPPATH\Controllers\AdmPost.php on line 206.
 1 APPPATH\Controllers\AdmPost.php(206): CodeIgniter\Debug\Exceptions->errorHandler(2, 'Undefined array key "usuario"', 'C:\\xampp\\htdocs\\codi\\app\\Controllers\\AdmPost.php', 206)
 2 SYSTEMPATH\CodeIgniter.php(934): App\Controllers\AdmPost->desenho_meus()
 3 SYSTEMPATH\CodeIgniter.php(499): CodeIgniter\CodeIgniter->runController(Object(App\Controllers\AdmPost))
 4 SYSTEMPATH\CodeIgniter.php(368): CodeIgniter\CodeIgniter->handleRequest(null, Object(Config\Cache), false)
 5 FCPATH\index.php(67): CodeIgniter\CodeIgniter->run()
CRITICAL - 2024-01-15 11:59:50 --> Undefined array key "usuario"
in APPPATH\Controllers\AdmPost.php on line 206.
 1 APPPATH\Controllers\AdmPost.php(206): CodeIgniter\Debug\Exceptions->errorHandler(2, 'Undefined array key "usuario"', 'C:\\xampp\\htdocs\\codi\\app\\Controllers\\AdmPost.php', 206)
 2 SYSTEMPATH\CodeIgniter.php(934): App\Controllers\AdmPost->desenho_meus()
 3 SYSTEMPATH\CodeIgniter.php(499): CodeIgniter\CodeIgniter->runController(Object(App\Controllers\AdmPost))
 4 SYSTEMPATH\CodeIgniter.php(368): CodeIgniter\CodeIgniter->handleRequest(null, Object(Config\Cache), false)
 5 FCPATH\index.php(67): CodeIgniter\CodeIgniter->run()
CRITICAL - 2024-01-15 11:59:51 --> Undefined array key "usuario"
in APPPATH\Controllers\AdmPost.php on line 206.
 1 APPPATH\Controllers\AdmPost.php(206): CodeIgniter\Debug\Exceptions->errorHandler(2, 'Undefined array key "usuario"', 'C:\\xampp\\htdocs\\codi\\app\\Controllers\\AdmPost.php', 206)
 2 SYSTEMPATH\CodeIgniter.php(934): App\Controllers\AdmPost->desenho_meus()
 3 SYSTEMPATH\CodeIgniter.php(499): CodeIgniter\CodeIgniter->runController(Object(App\Controllers\AdmPost))
 4 SYSTEMPATH\CodeIgniter.php(368): CodeIgniter\CodeIgniter->handleRequest(null, Object(Config\Cache), false)
 5 FCPATH\index.php(67): CodeIgniter\CodeIgniter->run()
CRITICAL - 2024-01-15 11:59:52 --> Undefined array key "usuario"
in APPPATH\Controllers\AdmPost.php on line 206.
 1 APPPATH\Controllers\AdmPost.php(206): CodeIgniter\Debug\Exceptions->errorHandler(2, 'Undefined array key "usuario"', 'C:\\xampp\\htdocs\\codi\\app\\Controllers\\AdmPost.php', 206)
 2 SYSTEMPATH\CodeIgniter.php(934): App\Controllers\AdmPost->desenho_meus()
 3 SYSTEMPATH\CodeIgniter.php(499): CodeIgniter\CodeIgniter->runController(Object(App\Controllers\AdmPost))
 4 SYSTEMPATH\CodeIgniter.php(368): CodeIgniter\CodeIgniter->handleRequest(null, Object(Config\Cache), false)
 5 FCPATH\index.php(67): CodeIgniter\CodeIgniter->run()
CRITICAL - 2024-01-15 11:59:53 --> Undefined array key "usuario"
in APPPATH\Controllers\AdmPost.php on line 206.
 1 APPPATH\Controllers\AdmPost.php(206): CodeIgniter\Debug\Exceptions->errorHandler(2, 'Undefined array key "usuario"', 'C:\\xampp\\htdocs\\codi\\app\\Controllers\\AdmPost.php', 206)
 2 SYSTEMPATH\CodeIgniter.php(934): App\Controllers\AdmPost->desenho_meus()
 3 SYSTEMPATH\CodeIgniter.php(499): CodeIgniter\CodeIgniter->runController(Object(App\Controllers\AdmPost))
 4 SYSTEMPATH\CodeIgniter.php(368): CodeIgniter\CodeIgniter->handleRequest(null, Object(Config\Cache), false)
 5 FCPATH\index.php(67): CodeIgniter\CodeIgniter->run()
CRITICAL - 2024-01-15 11:59:54 --> Undefined array key "usuario"
in APPPATH\Controllers\AdmPost.php on line 206.
 1 APPPATH\Controllers\AdmPost.php(206): CodeIgniter\Debug\Exceptions->errorHandler(2, 'Undefined array key "usuario"', 'C:\\xampp\\htdocs\\codi\\app\\Controllers\\AdmPost.php', 206)
 2 SYSTEMPATH\CodeIgniter.php(934): App\Controllers\AdmPost->desenho_meus()
 3 SYSTEMPATH\CodeIgniter.php(499): CodeIgniter\CodeIgniter->runController(Object(App\Controllers\AdmPost))
 4 SYSTEMPATH\CodeIgniter.php(368): CodeIgniter\CodeIgniter->handleRequest(null, Object(Config\Cache), false)
 5 FCPATH\index.php(67): CodeIgniter\CodeIgniter->run()
CRITICAL - 2024-01-15 11:59:55 --> Undefined array key "usuario"
in APPPATH\Controllers\AdmPost.php on line 206.
 1 APPPATH\Controllers\AdmPost.php(206): CodeIgniter\Debug\Exceptions->errorHandler(2, 'Undefined array key "usuario"', 'C:\\xampp\\htdocs\\codi\\app\\Controllers\\AdmPost.php', 206)
 2 SYSTEMPATH\CodeIgniter.php(934): App\Controllers\AdmPost->desenho_meus()
 3 SYSTEMPATH\CodeIgniter.php(499): CodeIgniter\CodeIgniter->runController(Object(App\Controllers\AdmPost))
 4 SYSTEMPATH\CodeIgniter.php(368): CodeIgniter\CodeIgniter->handleRequest(null, Object(Config\Cache), false)
 5 FCPATH\index.php(67): CodeIgniter\CodeIgniter->run()
CRITICAL - 2024-01-15 11:59:56 --> Undefined array key "usuario"
in APPPATH\Controllers\AdmPost.php on line 206.
 1 APPPATH\Controllers\AdmPost.php(206): CodeIgniter\Debug\Exceptions->errorHandler(2, 'Undefined array key "usuario"', 'C:\\xampp\\htdocs\\codi\\app\\Controllers\\AdmPost.php', 206)
 2 SYSTEMPATH\CodeIgniter.php(934): App\Controllers\AdmPost->desenho_meus()
 3 SYSTEMPATH\CodeIgniter.php(499): CodeIgniter\CodeIgniter->runController(Object(App\Controllers\AdmPost))
 4 SYSTEMPATH\CodeIgniter.php(368): CodeIgniter\CodeIgniter->handleRequest(null, Object(Config\Cache), false)
 5 FCPATH\index.php(67): CodeIgniter\CodeIgniter->run()
CRITICAL - 2024-01-15 11:59:57 --> Undefined array key "usuario"
in APPPATH\Controllers\AdmPost.php on line 206.
 1 APPPATH\Controllers\AdmPost.php(206): CodeIgniter\Debug\Exceptions->errorHandler(2, 'Undefined array key "usuario"', 'C:\\xampp\\htdocs\\codi\\app\\Controllers\\AdmPost.php', 206)
 2 SYSTEMPATH\CodeIgniter.php(934): App\Controllers\AdmPost->desenho_meus()
 3 SYSTEMPATH\CodeIgniter.php(499): CodeIgniter\CodeIgniter->runController(Object(App\Controllers\AdmPost))
 4 SYSTEMPATH\CodeIgniter.php(368): CodeIgniter\CodeIgniter->handleRequest(null, Object(Config\Cache), false)
 5 FCPATH\index.php(67): CodeIgniter\CodeIgniter->run()
CRITICAL - 2024-01-15 11:59:58 --> Undefined array key "usuario"
in APPPATH\Controllers\AdmPost.php on line 206.
 1 APPPATH\Controllers\AdmPost.php(206): CodeIgniter\Debug\Exceptions->errorHandler(2, 'Undefined array key "usuario"', 'C:\\xampp\\htdocs\\codi\\app\\Controllers\\AdmPost.php', 206)
 2 SYSTEMPATH\CodeIgniter.php(934): App\Controllers\AdmPost->desenho_meus()
 3 SYSTEMPATH\CodeIgniter.php(499): CodeIgniter\CodeIgniter->runController(Object(App\Controllers\AdmPost))
 4 SYSTEMPATH\CodeIgniter.php(368): CodeIgniter\CodeIgniter->handleRequest(null, Object(Config\Cache), false)
 5 FCPATH\index.php(67): CodeIgniter\CodeIgniter->run()
CRITICAL - 2024-01-15 11:59:59 --> Undefined array key "usuario"
in APPPATH\Controllers\AdmPost.php on line 206.
 1 APPPATH\Controllers\AdmPost.php(206): CodeIgniter\Debug\Exceptions->errorHandler(2, 'Undefined array key "usuario"', 'C:\\xampp\\htdocs\\codi\\app\\Controllers\\AdmPost.php', 206)
 2 SYSTEMPATH\CodeIgniter.php(934): App\Controllers\AdmPost->desenho_meus()
 3 SYSTEMPATH\CodeIgniter.php(499): CodeIgniter\CodeIgniter->runController(Object(App\Controllers\AdmPost))
 4 SYSTEMPATH\CodeIgniter.php(368): CodeIgniter\CodeIgniter->handleRequest(null, Object(Config\Cache), false)
 5 FCPATH\index.php(67): CodeIgniter\CodeIgniter->run()
CRITICAL - 2024-01-15 12:00:00 --> Undefined array key "usuario"
in APPPATH\Controllers\AdmPost.php on line 206.
 1 APPPATH\Controllers\AdmPost.php(206): CodeIgniter\Debug\Exceptions->errorHandler(2, 'Undefined array key "usuario"', 'C:\\xampp\\htdocs\\codi\\app\\Controllers\\AdmPost.php', 206)
 2 SYSTEMPATH\CodeIgniter.php(934): App\Controllers\AdmPost->desenho_meus()
 3 SYSTEMPATH\CodeIgniter.php(499): CodeIgniter\CodeIgniter->runController(Object(App\Controllers\AdmPost))
 4 SYSTEMPATH\CodeIgniter.php(368): CodeIgniter\CodeIgniter->handleRequest(null, Object(Config\Cache), false)
 5 FCPATH\index.php(67): CodeIgniter\CodeIgniter->run()
CRITICAL - 2024-01-15 12:00:01 --> Undefined array key "usuario"
in APPPATH\Controllers\AdmPost.php on line 206.
 1 APPPATH\Controllers\AdmPost.php(206): CodeIgniter\Debug\Exceptions->errorHandler(2, 'Undefined array key "usuario"', 'C:\\xampp\\htdocs\\codi\\app\\Controllers\\AdmPost.php', 206)
 2 SYSTEMPATH\CodeIgniter.php(934): App\Controllers\AdmPost->desenho_meus()
 3 SYSTEMPATH\CodeIgniter.php(499): CodeIgniter\CodeIgniter->runController(Object(App\Controllers\AdmPost))
 4 SYSTEMPATH\CodeIgniter.php(368): CodeIgniter\CodeIgniter->handleRequest(null, Object(Config\Cache), false)
 5 FCPATH\index.php(67): CodeIgniter\CodeIgniter->run()
CRITICAL - 2024-01-15 12:00:02 --> Undefined array key "usuario"
in APPPATH\Controllers\AdmPost.php on line 206.
 1 APPPATH\Controllers\AdmPost.php(206): CodeIgniter\Debug\Exceptions->errorHandler(2, 'Undefined array key "usuario"', 'C:\\xampp\\htdocs\\codi\\app\\Controllers\\AdmPost.php', 206)
 2 SYSTEMPATH\CodeIgniter.php(934): App\Controllers\AdmPost->desenho_meus()
 3 SYSTEMPATH\CodeIgniter.php(499): CodeIgniter\CodeIgniter->runController(Object(App\Controllers\AdmPost))
 4 SYSTEMPATH\CodeIgniter.php(368): CodeIgniter\CodeIgniter->handleRequest(null, Object(Config\Cache), false)
 5 FCPATH\index.php(67): CodeIgniter\CodeIgniter->run()
CRITICAL - 2024-01-15 12:00:03 --> Undefined array key "usuario"
in APPPATH\Controllers\AdmPost.php on line 206.
 1 APPPATH\Controllers\AdmPost.php(206): CodeIgniter\Debug\Exceptions->errorHandler(2, 'Undefined array key "usuario"', 'C:\\xampp\\htdocs\\codi\\app\\Controllers\\AdmPost.php', 206)
 2 SYSTEMPATH\CodeIgniter.php(934): App\Controllers\AdmPost->desenho_meus()
 3 SYSTEMPATH\CodeIgniter.php(499): CodeIgniter\CodeIgniter->runController(Object(App\Controllers\AdmPost))
 4 SYSTEMPATH\CodeIgniter.php(368): CodeIgniter\CodeIgniter->handleRequest(null, Object(Config\Cache), false)
 5 FCPATH\index.php(67): CodeIgniter\CodeIgniter->run()
CRITICAL - 2024-01-15 12:00:04 --> Undefined array key "usuario"
in APPPATH\Controllers\AdmPost.php on line 206.
 1 APPPATH\Controllers\AdmPost.php(206): CodeIgniter\Debug\Exceptions->errorHandler(2, 'Undefined array key "usuario"', 'C:\\xampp\\htdocs\\codi\\app\\Controllers\\AdmPost.php', 206)
 2 SYSTEMPATH\CodeIgniter.php(934): App\Controllers\AdmPost->desenho_meus()
 3 SYSTEMPATH\CodeIgniter.php(499): CodeIgniter\CodeIgniter->runController(Object(App\Controllers\AdmPost))
 4 SYSTEMPATH\CodeIgniter.php(368): CodeIgniter\CodeIgniter->handleRequest(null, Object(Config\Cache), false)
 5 FCPATH\index.php(67): CodeIgniter\CodeIgniter->run()
CRITICAL - 2024-01-15 12:00:05 --> Undefined array key "usuario"
in APPPATH\Controllers\AdmPost.php on line 206.
 1 APPPATH\Controllers\AdmPost.php(206): CodeIgniter\Debug\Exceptions->errorHandler(2, 'Undefined array key "usuario"', 'C:\\xampp\\htdocs\\codi\\app\\Controllers\\AdmPost.php', 206)
 2 SYSTEMPATH\CodeIgniter.php(934): App\Controllers\AdmPost->desenho_meus()
 3 SYSTEMPATH\CodeIgniter.php(499): CodeIgniter\CodeIgniter->runController(Object(App\Controllers\AdmPost))
 4 SYSTEMPATH\CodeIgniter.php(368): CodeIgniter\CodeIgniter->handleRequest(null, Object(Config\Cache), false)
 5 FCPATH\index.php(67): CodeIgniter\CodeIgniter->run()
CRITICAL - 2024-01-15 12:00:06 --> Undefined array key "usuario"
in APPPATH\Controllers\AdmPost.php on line 206.
 1 APPPATH\Controllers\AdmPost.php(206): CodeIgniter\Debug\Exceptions->errorHandler(2, 'Undefined array key "usuario"', 'C:\\xampp\\htdocs\\codi\\app\\Controllers\\AdmPost.php', 206)
 2 SYSTEMPATH\CodeIgniter.php(934): App\Controllers\AdmPost->desenho_meus()
 3 SYSTEMPATH\CodeIgniter.php(499): CodeIgniter\CodeIgniter->runController(Object(App\Controllers\AdmPost))
 4 SYSTEMPATH\CodeIgniter.php(368): CodeIgniter\CodeIgniter->handleRequest(null, Object(Config\Cache), false)
 5 FCPATH\index.php(67): CodeIgniter\CodeIgniter->run()
CRITICAL - 2024-01-15 12:00:07 --> Undefined array key "usuario"
in APPPATH\Controllers\AdmPost.php on line 206.
 1 APPPATH\Controllers\AdmPost.php(206): CodeIgniter\Debug\Exceptions->errorHandler(2, 'Undefined array key "usuario"', 'C:\\xampp\\htdocs\\codi\\app\\Controllers\\AdmPost.php', 206)
 2 SYSTEMPATH\CodeIgniter.php(934): App\Controllers\AdmPost->desenho_meus()
 3 SYSTEMPATH\CodeIgniter.php(499): CodeIgniter\CodeIgniter->runController(Object(App\Controllers\AdmPost))
 4 SYSTEMPATH\CodeIgniter.php(368): CodeIgniter\CodeIgniter->handleRequest(null, Object(Config\Cache), false)
 5 FCPATH\index.php(67): CodeIgniter\CodeIgniter->run()
CRITICAL - 2024-01-15 12:00:08 --> Undefined array key "usuario"
in APPPATH\Controllers\AdmPost.php on line 206.
 1 APPPATH\Controllers\AdmPost.php(206): CodeIgniter\Debug\Exceptions->errorHandler(2, 'Undefined array key "usuario"', 'C:\\xampp\\htdocs\\codi\\app\\Controllers\\AdmPost.php', 206)
 2 SYSTEMPATH\CodeIgniter.php(934): App\Controllers\AdmPost->desenho_meus()
 3 SYSTEMPATH\CodeIgniter.php(499): CodeIgniter\CodeIgniter->runController(Object(App\Controllers\AdmPost))
 4 SYSTEMPATH\CodeIgniter.php(368): CodeIgniter\CodeIgniter->handleRequest(null, Object(Config\Cache), false)
 5 FCPATH\index.php(67): CodeIgniter\CodeIgniter->run()
CRITICAL - 2024-01-15 12:00:09 --> Undefined array key "usuario"
in APPPATH\Controllers\AdmPost.php on line 206.
 1 APPPATH\Controllers\AdmPost.php(206): CodeIgniter\Debug\Exceptions->errorHandler(2, 'Undefined array key "usuario"', 'C:\\xampp\\htdocs\\codi\\app\\Controllers\\AdmPost.php', 206)
 2 SYSTEMPATH\CodeIgniter.php(934): App\Controllers\AdmPost->desenho_meus()
 3 SYSTEMPATH\CodeIgniter.php(499): CodeIgniter\CodeIgniter->runController(Object(App\Controllers\AdmPost))
 4 SYSTEMPATH\CodeIgniter.php(368): CodeIgniter\CodeIgniter->handleRequest(null, Object(Config\Cache), false)
 5 FCPATH\index.php(67): CodeIgniter\CodeIgniter->run()
CRITICAL - 2024-01-15 12:00:10 --> Undefined array key "usuario"
in APPPATH\Controllers\AdmPost.php on line 206.
 1 APPPATH\Controllers\AdmPost.php(206): CodeIgniter\Debug\Exceptions->errorHandler(2, 'Undefined array key "usuario"', 'C:\\xampp\\htdocs\\codi\\app\\Controllers\\AdmPost.php', 206)
 2 SYSTEMPATH\CodeIgniter.php(934): App\Controllers\AdmPost->desenho_meus()
 3 SYSTEMPATH\CodeIgniter.php(499): CodeIgniter\CodeIgniter->runController(Object(App\Controllers\AdmPost))
 4 SYSTEMPATH\CodeIgniter.php(368): CodeIgniter\CodeIgniter->handleRequest(null, Object(Config\Cache), false)
 5 FCPATH\index.php(67): CodeIgniter\CodeIgniter->run()
CRITICAL - 2024-01-15 12:00:11 --> Undefined array key "usuario"
in APPPATH\Controllers\AdmPost.php on line 206.
 1 APPPATH\Controllers\AdmPost.php(206): CodeIgniter\Debug\Exceptions->errorHandler(2, 'Undefined array key "usuario"', 'C:\\xampp\\htdocs\\codi\\app\\Controllers\\AdmPost.php', 206)
 2 SYSTEMPATH\CodeIgniter.php(934): App\Controllers\AdmPost->desenho_meus()
 3 SYSTEMPATH\CodeIgniter.php(499): CodeIgniter\CodeIgniter->runController(Object(App\Controllers\AdmPost))
 4 SYSTEMPATH\CodeIgniter.php(368): CodeIgniter\CodeIgniter->handleRequest(null, Object(Config\Cache), false)
 5 FCPATH\index.php(67): CodeIgniter\CodeIgniter->run()
CRITICAL - 2024-01-15 12:00:12 --> Undefined array key "usuario"
in APPPATH\Controllers\AdmPost.php on line 206.
 1 APPPATH\Controllers\AdmPost.php(206): CodeIgniter\Debug\Exceptions->errorHandler(2, 'Undefined array key "usuario"', 'C:\\xampp\\htdocs\\codi\\app\\Controllers\\AdmPost.php', 206)
 2 SYSTEMPATH\CodeIgniter.php(934): App\Controllers\AdmPost->desenho_meus()
 3 SYSTEMPATH\CodeIgniter.php(499): CodeIgniter\CodeIgniter->runController(Object(App\Controllers\AdmPost))
 4 SYSTEMPATH\CodeIgniter.php(368): CodeIgniter\CodeIgniter->handleRequest(null, Object(Config\Cache), false)
 5 FCPATH\index.php(67): CodeIgniter\CodeIgniter->run()
CRITICAL - 2024-01-15 12:00:13 --> Undefined array key "usuario"
in APPPATH\Controllers\AdmPost.php on line 206.
 1 APPPATH\Controllers\AdmPost.php(206): CodeIgniter\Debug\Exceptions->errorHandler(2, 'Undefined array key "usuario"', 'C:\\xampp\\htdocs\\codi\\app\\Controllers\\AdmPost.php', 206)
 2 SYSTEMPATH\CodeIgniter.php(934): App\Controllers\AdmPost->desenho_meus()
 3 SYSTEMPATH\CodeIgniter.php(499): CodeIgniter\CodeIgniter->runController(Object(App\Controllers\AdmPost))
 4 SYSTEMPATH\CodeIgniter.php(368): CodeIgniter\CodeIgniter->handleRequest(null, Object(Config\Cache), false)
 5 FCPATH\index.php(67): CodeIgniter\CodeIgniter->run()
CRITICAL - 2024-01-15 12:00:14 --> Undefined array key "usuario"
in APPPATH\Controllers\AdmPost.php on line 206.
 1 APPPATH\Controllers\AdmPost.php(206): CodeIgniter\Debug\Exceptions->errorHandler(2, 'Undefined array key "usuario"', 'C:\\xampp\\htdocs\\codi\\app\\Controllers\\AdmPost.php', 206)
 2 SYSTEMPATH\CodeIgniter.php(934): App\Controllers\AdmPost->desenho_meus()
 3 SYSTEMPATH\CodeIgniter.php(499): CodeIgniter\CodeIgniter->runController(Object(App\Controllers\AdmPost))
 4 SYSTEMPATH\CodeIgniter.php(368): CodeIgniter\CodeIgniter->handleRequest(null, Object(Config\Cache), false)
 5 FCPATH\index.php(67): CodeIgniter\CodeIgniter->run()
CRITICAL - 2024-01-15 12:00:15 --> Undefined array key "usuario"
in APPPATH\Controllers\AdmPost.php on line 206.
 1 APPPATH\Controllers\AdmPost.php(206): CodeIgniter\Debug\Exceptions->errorHandler(2, 'Undefined array key "usuario"', 'C:\\xampp\\htdocs\\codi\\app\\Controllers\\AdmPost.php', 206)
 2 SYSTEMPATH\CodeIgniter.php(934): App\Controllers\AdmPost->desenho_meus()
 3 SYSTEMPATH\CodeIgniter.php(499): CodeIgniter\CodeIgniter->runController(Object(App\Controllers\AdmPost))
 4 SYSTEMPATH\CodeIgniter.php(368): CodeIgniter\CodeIgniter->handleRequest(null, Object(Config\Cache), false)
 5 FCPATH\index.php(67): CodeIgniter\CodeIgniter->run()
CRITICAL - 2024-01-15 12:00:16 --> Undefined array key "usuario"
in APPPATH\Controllers\AdmPost.php on line 206.
 1 APPPATH\Controllers\AdmPost.php(206): CodeIgniter\Debug\Exceptions->errorHandler(2, 'Undefined array key "usuario"', 'C:\\xampp\\htdocs\\codi\\app\\Controllers\\AdmPost.php', 206)
 2 SYSTEMPATH\CodeIgniter.php(934): App\Controllers\AdmPost->desenho_meus()
 3 SYSTEMPATH\CodeIgniter.php(499): CodeIgniter\CodeIgniter->runController(Object(App\Controllers\AdmPost))
 4 SYSTEMPATH\CodeIgniter.php(368): CodeIgniter\CodeIgniter->handleRequest(null, Object(Config\Cache), false)
 5 FCPATH\index.php(67): CodeIgniter\CodeIgniter->run()
CRITICAL - 2024-01-15 12:00:17 --> Undefined array key "usuario"
in APPPATH\Controllers\AdmPost.php on line 206.
 1 APPPATH\Controllers\AdmPost.php(206): CodeIgniter\Debug\Exceptions->errorHandler(2, 'Undefined array key "usuario"', 'C:\\xampp\\htdocs\\codi\\app\\Controllers\\AdmPost.php', 206)
 2 SYSTEMPATH\CodeIgniter.php(934): App\Controllers\AdmPost->desenho_meus()
 3 SYSTEMPATH\CodeIgniter.php(499): CodeIgniter\CodeIgniter->runController(Object(App\Controllers\AdmPost))
 4 SYSTEMPATH\CodeIgniter.php(368): CodeIgniter\CodeIgniter->handleRequest(null, Object(Config\Cache), false)
 5 FCPATH\index.php(67): CodeIgniter\CodeIgniter->run()
CRITICAL - 2024-01-15 12:00:18 --> Undefined array key "usuario"
in APPPATH\Controllers\AdmPost.php on line 206.
 1 APPPATH\Controllers\AdmPost.php(206): CodeIgniter\Debug\Exceptions->errorHandler(2, 'Undefined array key "usuario"', 'C:\\xampp\\htdocs\\codi\\app\\Controllers\\AdmPost.php', 206)
 2 SYSTEMPATH\CodeIgniter.php(934): App\Controllers\AdmPost->desenho_meus()
 3 SYSTEMPATH\CodeIgniter.php(499): CodeIgniter\CodeIgniter->runController(Object(App\Controllers\AdmPost))
 4 SYSTEMPATH\CodeIgniter.php(368): CodeIgniter\CodeIgniter->handleRequest(null, Object(Config\Cache), false)
 5 FCPATH\index.php(67): CodeIgniter\CodeIgniter->run()
CRITICAL - 2024-01-15 12:00:19 --> Undefined array key "usuario"
in APPPATH\Controllers\AdmPost.php on line 206.
 1 APPPATH\Controllers\AdmPost.php(206): CodeIgniter\Debug\Exceptions->errorHandler(2, 'Undefined array key "usuario"', 'C:\\xampp\\htdocs\\codi\\app\\Controllers\\AdmPost.php', 206)
 2 SYSTEMPATH\CodeIgniter.php(934): App\Controllers\AdmPost->desenho_meus()
 3 SYSTEMPATH\CodeIgniter.php(499): CodeIgniter\CodeIgniter->runController(Object(App\Controllers\AdmPost))
 4 SYSTEMPATH\CodeIgniter.php(368): CodeIgniter\CodeIgniter->handleRequest(null, Object(Config\Cache), false)
 5 FCPATH\index.php(67): CodeIgniter\CodeIgniter->run()
CRITICAL - 2024-01-15 12:00:20 --> Undefined array key "usuario"
in APPPATH\Controllers\AdmPost.php on line 206.
 1 APPPATH\Controllers\AdmPost.php(206): CodeIgniter\Debug\Exceptions->errorHandler(2, 'Undefined array key "usuario"', 'C:\\xampp\\htdocs\\codi\\app\\Controllers\\AdmPost.php', 206)
 2 SYSTEMPATH\CodeIgniter.php(934): App\Controllers\AdmPost->desenho_meus()
 3 SYSTEMPATH\CodeIgniter.php(499): CodeIgniter\CodeIgniter->runController(Object(App\Controllers\AdmPost))
 4 SYSTEMPATH\CodeIgniter.php(368): CodeIgniter\CodeIgniter->handleRequest(null, Object(Config\Cache), false)
 5 FCPATH\index.php(67): CodeIgniter\CodeIgniter->run()
CRITICAL - 2024-01-15 12:00:21 --> Undefined array key "usuario"
in APPPATH\Controllers\AdmPost.php on line 206.
 1 APPPATH\Controllers\AdmPost.php(206): CodeIgniter\Debug\Exceptions->errorHandler(2, 'Undefined array key "usuario"', 'C:\\xampp\\htdocs\\codi\\app\\Controllers\\AdmPost.php', 206)
 2 SYSTEMPATH\CodeIgniter.php(934): App\Controllers\AdmPost->desenho_meus()
 3 SYSTEMPATH\CodeIgniter.php(499): CodeIgniter\CodeIgniter->runController(Object(App\Controllers\AdmPost))
 4 SYSTEMPATH\CodeIgniter.php(368): CodeIgniter\CodeIgniter->handleRequest(null, Object(Config\Cache), false)
 5 FCPATH\index.php(67): CodeIgniter\CodeIgniter->run()
CRITICAL - 2024-01-15 12:00:40 --> Undefined array key "usuario"
in APPPATH\Controllers\AdmPost.php on line 206.
 1 APPPATH\Controllers\AdmPost.php(206): CodeIgniter\Debug\Exceptions->errorHandler(2, 'Undefined array key "usuario"', 'C:\\xampp\\htdocs\\codi\\app\\Controllers\\AdmPost.php', 206)
 2 SYSTEMPATH\CodeIgniter.php(934): App\Controllers\AdmPost->desenho_meus()
 3 SYSTEMPATH\CodeIgniter.php(499): CodeIgniter\CodeIgniter->runController(Object(App\Controllers\AdmPost))
 4 SYSTEMPATH\CodeIgniter.php(368): CodeIgniter\CodeIgniter->handleRequest(null, Object(Config\Cache), false)
 5 FCPATH\index.php(67): CodeIgniter\CodeIgniter->run()
CRITICAL - 2024-01-15 12:01:40 --> Undefined array key "usuario"
in APPPATH\Controllers\AdmPost.php on line 206.
 1 APPPATH\Controllers\AdmPost.php(206): CodeIgniter\Debug\Exceptions->errorHandler(2, 'Undefined array key "usuario"', 'C:\\xampp\\htdocs\\codi\\app\\Controllers\\AdmPost.php', 206)
 2 SYSTEMPATH\CodeIgniter.php(934): App\Controllers\AdmPost->desenho_meus()
 3 SYSTEMPATH\CodeIgniter.php(499): CodeIgniter\CodeIgniter->runController(Object(App\Controllers\AdmPost))
 4 SYSTEMPATH\CodeIgniter.php(368): CodeIgniter\CodeIgniter->handleRequest(null, Object(Config\Cache), false)
 5 FCPATH\index.php(67): CodeIgniter\CodeIgniter->run()
CRITICAL - 2024-01-15 12:02:40 --> Undefined array key "usuario"
in APPPATH\Controllers\AdmPost.php on line 206.
 1 APPPATH\Controllers\AdmPost.php(206): CodeIgniter\Debug\Exceptions->errorHandler(2, 'Undefined array key "usuario"', 'C:\\xampp\\htdocs\\codi\\app\\Controllers\\AdmPost.php', 206)
 2 SYSTEMPATH\CodeIgniter.php(934): App\Controllers\AdmPost->desenho_meus()
 3 SYSTEMPATH\CodeIgniter.php(499): CodeIgniter\CodeIgniter->runController(Object(App\Controllers\AdmPost))
 4 SYSTEMPATH\CodeIgniter.php(368): CodeIgniter\CodeIgniter->handleRequest(null, Object(Config\Cache), false)
 5 FCPATH\index.php(67): CodeIgniter\CodeIgniter->run()
CRITICAL - 2024-01-15 12:03:40 --> Undefined array key "usuario"
in APPPATH\Controllers\AdmPost.php on line 206.
 1 APPPATH\Controllers\AdmPost.php(206): CodeIgniter\Debug\Exceptions->errorHandler(2, 'Undefined array key "usuario"', 'C:\\xampp\\htdocs\\codi\\app\\Controllers\\AdmPost.php', 206)
 2 SYSTEMPATH\CodeIgniter.php(934): App\Controllers\AdmPost->desenho_meus()
 3 SYSTEMPATH\CodeIgniter.php(499): CodeIgniter\CodeIgniter->runController(Object(App\Controllers\AdmPost))
 4 SYSTEMPATH\CodeIgniter.php(368): CodeIgniter\CodeIgniter->handleRequest(null, Object(Config\Cache), false)
 5 FCPATH\index.php(67): CodeIgniter\CodeIgniter->run()
CRITICAL - 2024-01-15 12:04:40 --> Undefined array key "usuario"
in APPPATH\Controllers\AdmPost.php on line 206.
 1 APPPATH\Controllers\AdmPost.php(206): CodeIgniter\Debug\Exceptions->errorHandler(2, 'Undefined array key "usuario"', 'C:\\xampp\\htdocs\\codi\\app\\Controllers\\AdmPost.php', 206)
 2 SYSTEMPATH\CodeIgniter.php(934): App\Controllers\AdmPost->desenho_meus()
 3 SYSTEMPATH\CodeIgniter.php(499): CodeIgniter\CodeIgniter->runController(Object(App\Controllers\AdmPost))
 4 SYSTEMPATH\CodeIgniter.php(368): CodeIgniter\CodeIgniter->handleRequest(null, Object(Config\Cache), false)
 5 FCPATH\index.php(67): CodeIgniter\CodeIgniter->run()
CRITICAL - 2024-01-15 12:05:40 --> Undefined array key "usuario"
in APPPATH\Controllers\AdmPost.php on line 206.
 1 APPPATH\Controllers\AdmPost.php(206): CodeIgniter\Debug\Exceptions->errorHandler(2, 'Undefined array key "usuario"', 'C:\\xampp\\htdocs\\codi\\app\\Controllers\\AdmPost.php', 206)
 2 SYSTEMPATH\CodeIgniter.php(934): App\Controllers\AdmPost->desenho_meus()
 3 SYSTEMPATH\CodeIgniter.php(499): CodeIgniter\CodeIgniter->runController(Object(App\Controllers\AdmPost))
 4 SYSTEMPATH\CodeIgniter.php(368): CodeIgniter\CodeIgniter->handleRequest(null, Object(Config\Cache), false)
 5 FCPATH\index.php(67): CodeIgniter\CodeIgniter->run()
CRITICAL - 2024-01-15 12:06:40 --> Undefined array key "usuario"
in APPPATH\Controllers\AdmPost.php on line 206.
 1 APPPATH\Controllers\AdmPost.php(206): CodeIgniter\Debug\Exceptions->errorHandler(2, 'Undefined array key "usuario"', 'C:\\xampp\\htdocs\\codi\\app\\Controllers\\AdmPost.php', 206)
 2 SYSTEMPATH\CodeIgniter.php(934): App\Controllers\AdmPost->desenho_meus()
 3 SYSTEMPATH\CodeIgniter.php(499): CodeIgniter\CodeIgniter->runController(Object(App\Controllers\AdmPost))
 4 SYSTEMPATH\CodeIgniter.php(368): CodeIgniter\CodeIgniter->handleRequest(null, Object(Config\Cache), false)
 5 FCPATH\index.php(67): CodeIgniter\CodeIgniter->run()
CRITICAL - 2024-01-15 12:07:40 --> Undefined array key "usuario"
in APPPATH\Controllers\AdmPost.php on line 206.
 1 APPPATH\Controllers\AdmPost.php(206): CodeIgniter\Debug\Exceptions->errorHandler(2, 'Undefined array key "usuario"', 'C:\\xampp\\htdocs\\codi\\app\\Controllers\\AdmPost.php', 206)
 2 SYSTEMPATH\CodeIgniter.php(934): App\Controllers\AdmPost->desenho_meus()
 3 SYSTEMPATH\CodeIgniter.php(499): CodeIgniter\CodeIgniter->runController(Object(App\Controllers\AdmPost))
 4 SYSTEMPATH\CodeIgniter.php(368): CodeIgniter\CodeIgniter->handleRequest(null, Object(Config\Cache), false)
 5 FCPATH\index.php(67): CodeIgniter\CodeIgniter->run()
CRITICAL - 2024-01-15 12:08:40 --> Undefined array key "usuario"
in APPPATH\Controllers\AdmPost.php on line 206.
 1 APPPATH\Controllers\AdmPost.php(206): CodeIgniter\Debug\Exceptions->errorHandler(2, 'Undefined array key "usuario"', 'C:\\xampp\\htdocs\\codi\\app\\Controllers\\AdmPost.php', 206)
 2 SYSTEMPATH\CodeIgniter.php(934): App\Controllers\AdmPost->desenho_meus()
 3 SYSTEMPATH\CodeIgniter.php(499): CodeIgniter\CodeIgniter->runController(Object(App\Controllers\AdmPost))
 4 SYSTEMPATH\CodeIgniter.php(368): CodeIgniter\CodeIgniter->handleRequest(null, Object(Config\Cache), false)
 5 FCPATH\index.php(67): CodeIgniter\CodeIgniter->run()
CRITICAL - 2024-01-15 12:09:40 --> Undefined array key "usuario"
in APPPATH\Controllers\AdmPost.php on line 206.
 1 APPPATH\Controllers\AdmPost.php(206): CodeIgniter\Debug\Exceptions->errorHandler(2, 'Undefined array key "usuario"', 'C:\\xampp\\htdocs\\codi\\app\\Controllers\\AdmPost.php', 206)
 2 SYSTEMPATH\CodeIgniter.php(934): App\Controllers\AdmPost->desenho_meus()
 3 SYSTEMPATH\CodeIgniter.php(499): CodeIgniter\CodeIgniter->runController(Object(App\Controllers\AdmPost))
 4 SYSTEMPATH\CodeIgniter.php(368): CodeIgniter\CodeIgniter->handleRequest(null, Object(Config\Cache), false)
 5 FCPATH\index.php(67): CodeIgniter\CodeIgniter->run()
CRITICAL - 2024-01-15 12:10:40 --> Undefined array key "usuario"
in APPPATH\Controllers\AdmPost.php on line 206.
 1 APPPATH\Controllers\AdmPost.php(206): CodeIgniter\Debug\Exceptions->errorHandler(2, 'Undefined array key "usuario"', 'C:\\xampp\\htdocs\\codi\\app\\Controllers\\AdmPost.php', 206)
 2 SYSTEMPATH\CodeIgniter.php(934): App\Controllers\AdmPost->desenho_meus()
 3 SYSTEMPATH\CodeIgniter.php(499): CodeIgniter\CodeIgniter->runController(Object(App\Controllers\AdmPost))
 4 SYSTEMPATH\CodeIgniter.php(368): CodeIgniter\CodeIgniter->handleRequest(null, Object(Config\Cache), false)
 5 FCPATH\index.php(67): CodeIgniter\CodeIgniter->run()
CRITICAL - 2024-01-15 12:11:40 --> Undefined array key "usuario"
in APPPATH\Controllers\AdmPost.php on line 206.
 1 APPPATH\Controllers\AdmPost.php(206): CodeIgniter\Debug\Exceptions->errorHandler(2, 'Undefined array key "usuario"', 'C:\\xampp\\htdocs\\codi\\app\\Controllers\\AdmPost.php', 206)
 2 SYSTEMPATH\CodeIgniter.php(934): App\Controllers\AdmPost->desenho_meus()
 3 SYSTEMPATH\CodeIgniter.php(499): CodeIgniter\CodeIgniter->runController(Object(App\Controllers\AdmPost))
 4 SYSTEMPATH\CodeIgniter.php(368): CodeIgniter\CodeIgniter->handleRequest(null, Object(Config\Cache), false)
 5 FCPATH\index.php(67): CodeIgniter\CodeIgniter->run()
CRITICAL - 2024-01-15 12:12:40 --> Undefined array key "usuario"
in APPPATH\Controllers\AdmPost.php on line 206.
 1 APPPATH\Controllers\AdmPost.php(206): CodeIgniter\Debug\Exceptions->errorHandler(2, 'Undefined array key "usuario"', 'C:\\xampp\\htdocs\\codi\\app\\Controllers\\AdmPost.php', 206)
 2 SYSTEMPATH\CodeIgniter.php(934): App\Controllers\AdmPost->desenho_meus()
 3 SYSTEMPATH\CodeIgniter.php(499): CodeIgniter\CodeIgniter->runController(Object(App\Controllers\AdmPost))
 4 SYSTEMPATH\CodeIgniter.php(368): CodeIgniter\CodeIgniter->handleRequest(null, Object(Config\Cache), false)
 5 FCPATH\index.php(67): CodeIgniter\CodeIgniter->run()
CRITICAL - 2024-01-15 12:13:40 --> Undefined array key "usuario"
in APPPATH\Controllers\AdmPost.php on line 206.
 1 APPPATH\Controllers\AdmPost.php(206): CodeIgniter\Debug\Exceptions->errorHandler(2, 'Undefined array key "usuario"', 'C:\\xampp\\htdocs\\codi\\app\\Controllers\\AdmPost.php', 206)
 2 SYSTEMPATH\CodeIgniter.php(934): App\Controllers\AdmPost->desenho_meus()
 3 SYSTEMPATH\CodeIgniter.php(499): CodeIgniter\CodeIgniter->runController(Object(App\Controllers\AdmPost))
 4 SYSTEMPATH\CodeIgniter.php(368): CodeIgniter\CodeIgniter->handleRequest(null, Object(Config\Cache), false)
 5 FCPATH\index.php(67): CodeIgniter\CodeIgniter->run()
CRITICAL - 2024-01-15 12:14:40 --> Undefined array key "usuario"
in APPPATH\Controllers\AdmPost.php on line 206.
 1 APPPATH\Controllers\AdmPost.php(206): CodeIgniter\Debug\Exceptions->errorHandler(2, 'Undefined array key "usuario"', 'C:\\xampp\\htdocs\\codi\\app\\Controllers\\AdmPost.php', 206)
 2 SYSTEMPATH\CodeIgniter.php(934): App\Controllers\AdmPost->desenho_meus()
 3 SYSTEMPATH\CodeIgniter.php(499): CodeIgniter\CodeIgniter->runController(Object(App\Controllers\AdmPost))
 4 SYSTEMPATH\CodeIgniter.php(368): CodeIgniter\CodeIgniter->handleRequest(null, Object(Config\Cache), false)
 5 FCPATH\index.php(67): CodeIgniter\CodeIgniter->run()
CRITICAL - 2024-01-15 12:15:40 --> Undefined array key "usuario"
in APPPATH\Controllers\AdmPost.php on line 206.
 1 APPPATH\Controllers\AdmPost.php(206): CodeIgniter\Debug\Exceptions->errorHandler(2, 'Undefined array key "usuario"', 'C:\\xampp\\htdocs\\codi\\app\\Controllers\\AdmPost.php', 206)
 2 SYSTEMPATH\CodeIgniter.php(934): App\Controllers\AdmPost->desenho_meus()
 3 SYSTEMPATH\CodeIgniter.php(499): CodeIgniter\CodeIgniter->runController(Object(App\Controllers\AdmPost))
 4 SYSTEMPATH\CodeIgniter.php(368): CodeIgniter\CodeIgniter->handleRequest(null, Object(Config\Cache), false)
 5 FCPATH\index.php(67): CodeIgniter\CodeIgniter->run()
CRITICAL - 2024-01-15 12:16:40 --> Undefined array key "usuario"
in APPPATH\Controllers\AdmPost.php on line 206.
 1 APPPATH\Controllers\AdmPost.php(206): CodeIgniter\Debug\Exceptions->errorHandler(2, 'Undefined array key "usuario"', 'C:\\xampp\\htdocs\\codi\\app\\Controllers\\AdmPost.php', 206)
 2 SYSTEMPATH\CodeIgniter.php(934): App\Controllers\AdmPost->desenho_meus()
 3 SYSTEMPATH\CodeIgniter.php(499): CodeIgniter\CodeIgniter->runController(Object(App\Controllers\AdmPost))
 4 SYSTEMPATH\CodeIgniter.php(368): CodeIgniter\CodeIgniter->handleRequest(null, Object(Config\Cache), false)
 5 FCPATH\index.php(67): CodeIgniter\CodeIgniter->run()
CRITICAL - 2024-01-15 12:17:40 --> Undefined array key "usuario"
in APPPATH\Controllers\AdmPost.php on line 206.
 1 APPPATH\Controllers\AdmPost.php(206): CodeIgniter\Debug\Exceptions->errorHandler(2, 'Undefined array key "usuario"', 'C:\\xampp\\htdocs\\codi\\app\\Controllers\\AdmPost.php', 206)
 2 SYSTEMPATH\CodeIgniter.php(934): App\Controllers\AdmPost->desenho_meus()
 3 SYSTEMPATH\CodeIgniter.php(499): CodeIgniter\CodeIgniter->runController(Object(App\Controllers\AdmPost))
 4 SYSTEMPATH\CodeIgniter.php(368): CodeIgniter\CodeIgniter->handleRequest(null, Object(Config\Cache), false)
 5 FCPATH\index.php(67): CodeIgniter\CodeIgniter->run()
CRITICAL - 2024-01-15 12:18:40 --> Undefined array key "usuario"
in APPPATH\Controllers\AdmPost.php on line 206.
 1 APPPATH\Controllers\AdmPost.php(206): CodeIgniter\Debug\Exceptions->errorHandler(2, 'Undefined array key "usuario"', 'C:\\xampp\\htdocs\\codi\\app\\Controllers\\AdmPost.php', 206)
 2 SYSTEMPATH\CodeIgniter.php(934): App\Controllers\AdmPost->desenho_meus()
 3 SYSTEMPATH\CodeIgniter.php(499): CodeIgniter\CodeIgniter->runController(Object(App\Controllers\AdmPost))
 4 SYSTEMPATH\CodeIgniter.php(368): CodeIgniter\CodeIgniter->handleRequest(null, Object(Config\Cache), false)
 5 FCPATH\index.php(67): CodeIgniter\CodeIgniter->run()
CRITICAL - 2024-01-15 12:19:40 --> Undefined array key "usuario"
in APPPATH\Controllers\AdmPost.php on line 206.
 1 APPPATH\Controllers\AdmPost.php(206): CodeIgniter\Debug\Exceptions->errorHandler(2, 'Undefined array key "usuario"', 'C:\\xampp\\htdocs\\codi\\app\\Controllers\\AdmPost.php', 206)
 2 SYSTEMPATH\CodeIgniter.php(934): App\Controllers\AdmPost->desenho_meus()
 3 SYSTEMPATH\CodeIgniter.php(499): CodeIgniter\CodeIgniter->runController(Object(App\Controllers\AdmPost))
 4 SYSTEMPATH\CodeIgniter.php(368): CodeIgniter\CodeIgniter->handleRequest(null, Object(Config\Cache), false)
 5 FCPATH\index.php(67): CodeIgniter\CodeIgniter->run()
CRITICAL - 2024-01-15 12:20:40 --> Undefined array key "usuario"
in APPPATH\Controllers\AdmPost.php on line 206.
 1 APPPATH\Controllers\AdmPost.php(206): CodeIgniter\Debug\Exceptions->errorHandler(2, 'Undefined array key "usuario"', 'C:\\xampp\\htdocs\\codi\\app\\Controllers\\AdmPost.php', 206)
 2 SYSTEMPATH\CodeIgniter.php(934): App\Controllers\AdmPost->desenho_meus()
 3 SYSTEMPATH\CodeIgniter.php(499): CodeIgniter\CodeIgniter->runController(Object(App\Controllers\AdmPost))
 4 SYSTEMPATH\CodeIgniter.php(368): CodeIgniter\CodeIgniter->handleRequest(null, Object(Config\Cache), false)
 5 FCPATH\index.php(67): CodeIgniter\CodeIgniter->run()
CRITICAL - 2024-01-15 12:21:40 --> Undefined array key "usuario"
in APPPATH\Controllers\AdmPost.php on line 206.
 1 APPPATH\Controllers\AdmPost.php(206): CodeIgniter\Debug\Exceptions->errorHandler(2, 'Undefined array key "usuario"', 'C:\\xampp\\htdocs\\codi\\app\\Controllers\\AdmPost.php', 206)
 2 SYSTEMPATH\CodeIgniter.php(934): App\Controllers\AdmPost->desenho_meus()
 3 SYSTEMPATH\CodeIgniter.php(499): CodeIgniter\CodeIgniter->runController(Object(App\Controllers\AdmPost))
 4 SYSTEMPATH\CodeIgniter.php(368): CodeIgniter\CodeIgniter->handleRequest(null, Object(Config\Cache), false)
 5 FCPATH\index.php(67): CodeIgniter\CodeIgniter->run()
CRITICAL - 2024-01-15 12:22:40 --> Undefined array key "usuario"
in APPPATH\Controllers\AdmPost.php on line 206.
 1 APPPATH\Controllers\AdmPost.php(206): CodeIgniter\Debug\Exceptions->errorHandler(2, 'Undefined array key "usuario"', 'C:\\xampp\\htdocs\\codi\\app\\Controllers\\AdmPost.php', 206)
 2 SYSTEMPATH\CodeIgniter.php(934): App\Controllers\AdmPost->desenho_meus()
 3 SYSTEMPATH\CodeIgniter.php(499): CodeIgniter\CodeIgniter->runController(Object(App\Controllers\AdmPost))
 4 SYSTEMPATH\CodeIgniter.php(368): CodeIgniter\CodeIgniter->handleRequest(null, Object(Config\Cache), false)
 5 FCPATH\index.php(67): CodeIgniter\CodeIgniter->run()
CRITICAL - 2024-01-15 12:23:40 --> Undefined array key "usuario"
in APPPATH\Controllers\AdmPost.php on line 206.
 1 APPPATH\Controllers\AdmPost.php(206): CodeIgniter\Debug\Exceptions->errorHandler(2, 'Undefined array key "usuario"', 'C:\\xampp\\htdocs\\codi\\app\\Controllers\\AdmPost.php', 206)
 2 SYSTEMPATH\CodeIgniter.php(934): App\Controllers\AdmPost->desenho_meus()
 3 SYSTEMPATH\CodeIgniter.php(499): CodeIgniter\CodeIgniter->runController(Object(App\Controllers\AdmPost))
 4 SYSTEMPATH\CodeIgniter.php(368): CodeIgniter\CodeIgniter->handleRequest(null, Object(Config\Cache), false)
 5 FCPATH\index.php(67): CodeIgniter\CodeIgniter->run()
CRITICAL - 2024-01-15 12:24:40 --> Undefined array key "usuario"
in APPPATH\Controllers\AdmPost.php on line 206.
 1 APPPATH\Controllers\AdmPost.php(206): CodeIgniter\Debug\Exceptions->errorHandler(2, 'Undefined array key "usuario"', 'C:\\xampp\\htdocs\\codi\\app\\Controllers\\AdmPost.php', 206)
 2 SYSTEMPATH\CodeIgniter.php(934): App\Controllers\AdmPost->desenho_meus()
 3 SYSTEMPATH\CodeIgniter.php(499): CodeIgniter\CodeIgniter->runController(Object(App\Controllers\AdmPost))
 4 SYSTEMPATH\CodeIgniter.php(368): CodeIgniter\CodeIgniter->handleRequest(null, Object(Config\Cache), false)
 5 FCPATH\index.php(67): CodeIgniter\CodeIgniter->run()
CRITICAL - 2024-01-15 12:25:40 --> Undefined array key "usuario"
in APPPATH\Controllers\AdmPost.php on line 206.
 1 APPPATH\Controllers\AdmPost.php(206): CodeIgniter\Debug\Exceptions->errorHandler(2, 'Undefined array key "usuario"', 'C:\\xampp\\htdocs\\codi\\app\\Controllers\\AdmPost.php', 206)
 2 SYSTEMPATH\CodeIgniter.php(934): App\Controllers\AdmPost->desenho_meus()
 3 SYSTEMPATH\CodeIgniter.php(499): CodeIgniter\CodeIgniter->runController(Object(App\Controllers\AdmPost))
 4 SYSTEMPATH\CodeIgniter.php(368): CodeIgniter\CodeIgniter->handleRequest(null, Object(Config\Cache), false)
 5 FCPATH\index.php(67): CodeIgniter\CodeIgniter->run()
CRITICAL - 2024-01-15 12:26:40 --> Undefined array key "usuario"
in APPPATH\Controllers\AdmPost.php on line 206.
 1 APPPATH\Controllers\AdmPost.php(206): CodeIgniter\Debug\Exceptions->errorHandler(2, 'Undefined array key "usuario"', 'C:\\xampp\\htdocs\\codi\\app\\Controllers\\AdmPost.php', 206)
 2 SYSTEMPATH\CodeIgniter.php(934): App\Controllers\AdmPost->desenho_meus()
 3 SYSTEMPATH\CodeIgniter.php(499): CodeIgniter\CodeIgniter->runController(Object(App\Controllers\AdmPost))
 4 SYSTEMPATH\CodeIgniter.php(368): CodeIgniter\CodeIgniter->handleRequest(null, Object(Config\Cache), false)
 5 FCPATH\index.php(67): CodeIgniter\CodeIgniter->run()
CRITICAL - 2024-01-15 12:27:40 --> Undefined array key "usuario"
in APPPATH\Controllers\AdmPost.php on line 206.
 1 APPPATH\Controllers\AdmPost.php(206): CodeIgniter\Debug\Exceptions->errorHandler(2, 'Undefined array key "usuario"', 'C:\\xampp\\htdocs\\codi\\app\\Controllers\\AdmPost.php', 206)
 2 SYSTEMPATH\CodeIgniter.php(934): App\Controllers\AdmPost->desenho_meus()
 3 SYSTEMPATH\CodeIgniter.php(499): CodeIgniter\CodeIgniter->runController(Object(App\Controllers\AdmPost))
 4 SYSTEMPATH\CodeIgniter.php(368): CodeIgniter\CodeIgniter->handleRequest(null, Object(Config\Cache), false)
 5 FCPATH\index.php(67): CodeIgniter\CodeIgniter->run()
CRITICAL - 2024-01-15 12:28:40 --> Undefined array key "usuario"
in APPPATH\Controllers\AdmPost.php on line 206.
 1 APPPATH\Controllers\AdmPost.php(206): CodeIgniter\Debug\Exceptions->errorHandler(2, 'Undefined array key "usuario"', 'C:\\xampp\\htdocs\\codi\\app\\Controllers\\AdmPost.php', 206)
 2 SYSTEMPATH\CodeIgniter.php(934): App\Controllers\AdmPost->desenho_meus()
 3 SYSTEMPATH\CodeIgniter.php(499): CodeIgniter\CodeIgniter->runController(Object(App\Controllers\AdmPost))
 4 SYSTEMPATH\CodeIgniter.php(368): CodeIgniter\CodeIgniter->handleRequest(null, Object(Config\Cache), false)
 5 FCPATH\index.php(67): CodeIgniter\CodeIgniter->run()
CRITICAL - 2024-01-15 12:29:40 --> Undefined array key "usuario"
in APPPATH\Controllers\AdmPost.php on line 206.
 1 APPPATH\Controllers\AdmPost.php(206): CodeIgniter\Debug\Exceptions->errorHandler(2, 'Undefined array key "usuario"', 'C:\\xampp\\htdocs\\codi\\app\\Controllers\\AdmPost.php', 206)
 2 SYSTEMPATH\CodeIgniter.php(934): App\Controllers\AdmPost->desenho_meus()
 3 SYSTEMPATH\CodeIgniter.php(499): CodeIgniter\CodeIgniter->runController(Object(App\Controllers\AdmPost))
 4 SYSTEMPATH\CodeIgniter.php(368): CodeIgniter\CodeIgniter->handleRequest(null, Object(Config\Cache), false)
 5 FCPATH\index.php(67): CodeIgniter\CodeIgniter->run()
CRITICAL - 2024-01-15 12:30:40 --> Undefined array key "usuario"
in APPPATH\Controllers\AdmPost.php on line 206.
 1 APPPATH\Controllers\AdmPost.php(206): CodeIgniter\Debug\Exceptions->errorHandler(2, 'Undefined array key "usuario"', 'C:\\xampp\\htdocs\\codi\\app\\Controllers\\AdmPost.php', 206)
 2 SYSTEMPATH\CodeIgniter.php(934): App\Controllers\AdmPost->desenho_meus()
 3 SYSTEMPATH\CodeIgniter.php(499): CodeIgniter\CodeIgniter->runController(Object(App\Controllers\AdmPost))
 4 SYSTEMPATH\CodeIgniter.php(368): CodeIgniter\CodeIgniter->handleRequest(null, Object(Config\Cache), false)
 5 FCPATH\index.php(67): CodeIgniter\CodeIgniter->run()
CRITICAL - 2024-01-15 12:31:40 --> Undefined array key "usuario"
in APPPATH\Controllers\AdmPost.php on line 206.
 1 APPPATH\Controllers\AdmPost.php(206): CodeIgniter\Debug\Exceptions->errorHandler(2, 'Undefined array key "usuario"', 'C:\\xampp\\htdocs\\codi\\app\\Controllers\\AdmPost.php', 206)
 2 SYSTEMPATH\CodeIgniter.php(934): App\Controllers\AdmPost->desenho_meus()
 3 SYSTEMPATH\CodeIgniter.php(499): CodeIgniter\CodeIgniter->runController(Object(App\Controllers\AdmPost))
 4 SYSTEMPATH\CodeIgniter.php(368): CodeIgniter\CodeIgniter->handleRequest(null, Object(Config\Cache), false)
 5 FCPATH\index.php(67): CodeIgniter\CodeIgniter->run()
CRITICAL - 2024-01-15 12:32:40 --> Undefined array key "usuario"
in APPPATH\Controllers\AdmPost.php on line 206.
 1 APPPATH\Controllers\AdmPost.php(206): CodeIgniter\Debug\Exceptions->errorHandler(2, 'Undefined array key "usuario"', 'C:\\xampp\\htdocs\\codi\\app\\Controllers\\AdmPost.php', 206)
 2 SYSTEMPATH\CodeIgniter.php(934): App\Controllers\AdmPost->desenho_meus()
 3 SYSTEMPATH\CodeIgniter.php(499): CodeIgniter\CodeIgniter->runController(Object(App\Controllers\AdmPost))
 4 SYSTEMPATH\CodeIgniter.php(368): CodeIgniter\CodeIgniter->handleRequest(null, Object(Config\Cache), false)
 5 FCPATH\index.php(67): CodeIgniter\CodeIgniter->run()
CRITICAL - 2024-01-15 12:33:40 --> Undefined array key "usuario"
in APPPATH\Controllers\AdmPost.php on line 206.
 1 APPPATH\Controllers\AdmPost.php(206): CodeIgniter\Debug\Exceptions->errorHandler(2, 'Undefined array key "usuario"', 'C:\\xampp\\htdocs\\codi\\app\\Controllers\\AdmPost.php', 206)
 2 SYSTEMPATH\CodeIgniter.php(934): App\Controllers\AdmPost->desenho_meus()
 3 SYSTEMPATH\CodeIgniter.php(499): CodeIgniter\CodeIgniter->runController(Object(App\Controllers\AdmPost))
 4 SYSTEMPATH\CodeIgniter.php(368): CodeIgniter\CodeIgniter->handleRequest(null, Object(Config\Cache), false)
 5 FCPATH\index.php(67): CodeIgniter\CodeIgniter->run()
CRITICAL - 2024-01-15 12:34:40 --> Undefined array key "usuario"
in APPPATH\Controllers\AdmPost.php on line 206.
 1 APPPATH\Controllers\AdmPost.php(206): CodeIgniter\Debug\Exceptions->errorHandler(2, 'Undefined array key "usuario"', 'C:\\xampp\\htdocs\\codi\\app\\Controllers\\AdmPost.php', 206)
 2 SYSTEMPATH\CodeIgniter.php(934): App\Controllers\AdmPost->desenho_meus()
 3 SYSTEMPATH\CodeIgniter.php(499): CodeIgniter\CodeIgniter->runController(Object(App\Controllers\AdmPost))
 4 SYSTEMPATH\CodeIgniter.php(368): CodeIgniter\CodeIgniter->handleRequest(null, Object(Config\Cache), false)
 5 FCPATH\index.php(67): CodeIgniter\CodeIgniter->run()
CRITICAL - 2024-01-15 12:35:40 --> Undefined array key "usuario"
in APPPATH\Controllers\AdmPost.php on line 206.
 1 APPPATH\Controllers\AdmPost.php(206): CodeIgniter\Debug\Exceptions->errorHandler(2, 'Undefined array key "usuario"', 'C:\\xampp\\htdocs\\codi\\app\\Controllers\\AdmPost.php', 206)
 2 SYSTEMPATH\CodeIgniter.php(934): App\Controllers\AdmPost->desenho_meus()
 3 SYSTEMPATH\CodeIgniter.php(499): CodeIgniter\CodeIgniter->runController(Object(App\Controllers\AdmPost))
 4 SYSTEMPATH\CodeIgniter.php(368): CodeIgniter\CodeIgniter->handleRequest(null, Object(Config\Cache), false)
 5 FCPATH\index.php(67): CodeIgniter\CodeIgniter->run()
CRITICAL - 2024-01-15 12:36:40 --> Undefined array key "usuario"
in APPPATH\Controllers\AdmPost.php on line 206.
 1 APPPATH\Controllers\AdmPost.php(206): CodeIgniter\Debug\Exceptions->errorHandler(2, 'Undefined array key "usuario"', 'C:\\xampp\\htdocs\\codi\\app\\Controllers\\AdmPost.php', 206)
 2 SYSTEMPATH\CodeIgniter.php(934): App\Controllers\AdmPost->desenho_meus()
 3 SYSTEMPATH\CodeIgniter.php(499): CodeIgniter\CodeIgniter->runController(Object(App\Controllers\AdmPost))
 4 SYSTEMPATH\CodeIgniter.php(368): CodeIgniter\CodeIgniter->handleRequest(null, Object(Config\Cache), false)
 5 FCPATH\index.php(67): CodeIgniter\CodeIgniter->run()
CRITICAL - 2024-01-15 12:37:40 --> Undefined array key "usuario"
in APPPATH\Controllers\AdmPost.php on line 206.
 1 APPPATH\Controllers\AdmPost.php(206): CodeIgniter\Debug\Exceptions->errorHandler(2, 'Undefined array key "usuario"', 'C:\\xampp\\htdocs\\codi\\app\\Controllers\\AdmPost.php', 206)
 2 SYSTEMPATH\CodeIgniter.php(934): App\Controllers\AdmPost->desenho_meus()
 3 SYSTEMPATH\CodeIgniter.php(499): CodeIgniter\CodeIgniter->runController(Object(App\Controllers\AdmPost))
 4 SYSTEMPATH\CodeIgniter.php(368): CodeIgniter\CodeIgniter->handleRequest(null, Object(Config\Cache), false)
 5 FCPATH\index.php(67): CodeIgniter\CodeIgniter->run()
CRITICAL - 2024-01-15 12:38:40 --> Undefined array key "usuario"
in APPPATH\Controllers\AdmPost.php on line 206.
 1 APPPATH\Controllers\AdmPost.php(206): CodeIgniter\Debug\Exceptions->errorHandler(2, 'Undefined array key "usuario"', 'C:\\xampp\\htdocs\\codi\\app\\Controllers\\AdmPost.php', 206)
 2 SYSTEMPATH\CodeIgniter.php(934): App\Controllers\AdmPost->desenho_meus()
 3 SYSTEMPATH\CodeIgniter.php(499): CodeIgniter\CodeIgniter->runController(Object(App\Controllers\AdmPost))
 4 SYSTEMPATH\CodeIgniter.php(368): CodeIgniter\CodeIgniter->handleRequest(null, Object(Config\Cache), false)
 5 FCPATH\index.php(67): CodeIgniter\CodeIgniter->run()
CRITICAL - 2024-01-15 12:39:40 --> Undefined array key "usuario"
in APPPATH\Controllers\AdmPost.php on line 206.
 1 APPPATH\Controllers\AdmPost.php(206): CodeIgniter\Debug\Exceptions->errorHandler(2, 'Undefined array key "usuario"', 'C:\\xampp\\htdocs\\codi\\app\\Controllers\\AdmPost.php', 206)
 2 SYSTEMPATH\CodeIgniter.php(934): App\Controllers\AdmPost->desenho_meus()
 3 SYSTEMPATH\CodeIgniter.php(499): CodeIgniter\CodeIgniter->runController(Object(App\Controllers\AdmPost))
 4 SYSTEMPATH\CodeIgniter.php(368): CodeIgniter\CodeIgniter->handleRequest(null, Object(Config\Cache), false)
 5 FCPATH\index.php(67): CodeIgniter\CodeIgniter->run()
CRITICAL - 2024-01-15 12:40:40 --> Undefined array key "usuario"
in APPPATH\Controllers\AdmPost.php on line 206.
 1 APPPATH\Controllers\AdmPost.php(206): CodeIgniter\Debug\Exceptions->errorHandler(2, 'Undefined array key "usuario"', 'C:\\xampp\\htdocs\\codi\\app\\Controllers\\AdmPost.php', 206)
 2 SYSTEMPATH\CodeIgniter.php(934): App\Controllers\AdmPost->desenho_meus()
 3 SYSTEMPATH\CodeIgniter.php(499): CodeIgniter\CodeIgniter->runController(Object(App\Controllers\AdmPost))
 4 SYSTEMPATH\CodeIgniter.php(368): CodeIgniter\CodeIgniter->handleRequest(null, Object(Config\Cache), false)
 5 FCPATH\index.php(67): CodeIgniter\CodeIgniter->run()
CRITICAL - 2024-01-15 12:41:40 --> Undefined array key "usuario"
in APPPATH\Controllers\AdmPost.php on line 206.
 1 APPPATH\Controllers\AdmPost.php(206): CodeIgniter\Debug\Exceptions->errorHandler(2, 'Undefined array key "usuario"', 'C:\\xampp\\htdocs\\codi\\app\\Controllers\\AdmPost.php', 206)
 2 SYSTEMPATH\CodeIgniter.php(934): App\Controllers\AdmPost->desenho_meus()
 3 SYSTEMPATH\CodeIgniter.php(499): CodeIgniter\CodeIgniter->runController(Object(App\Controllers\AdmPost))
 4 SYSTEMPATH\CodeIgniter.php(368): CodeIgniter\CodeIgniter->handleRequest(null, Object(Config\Cache), false)
 5 FCPATH\index.php(67): CodeIgniter\CodeIgniter->run()
CRITICAL - 2024-01-15 12:42:40 --> Undefined array key "usuario"
in APPPATH\Controllers\AdmPost.php on line 206.
 1 APPPATH\Controllers\AdmPost.php(206): CodeIgniter\Debug\Exceptions->errorHandler(2, 'Undefined array key "usuario"', 'C:\\xampp\\htdocs\\codi\\app\\Controllers\\AdmPost.php', 206)
 2 SYSTEMPATH\CodeIgniter.php(934): App\Controllers\AdmPost->desenho_meus()
 3 SYSTEMPATH\CodeIgniter.php(499): CodeIgniter\CodeIgniter->runController(Object(App\Controllers\AdmPost))
 4 SYSTEMPATH\CodeIgniter.php(368): CodeIgniter\CodeIgniter->handleRequest(null, Object(Config\Cache), false)
 5 FCPATH\index.php(67): CodeIgniter\CodeIgniter->run()
CRITICAL - 2024-01-15 12:43:40 --> Undefined array key "usuario"
in APPPATH\Controllers\AdmPost.php on line 206.
 1 APPPATH\Controllers\AdmPost.php(206): CodeIgniter\Debug\Exceptions->errorHandler(2, 'Undefined array key "usuario"', 'C:\\xampp\\htdocs\\codi\\app\\Controllers\\AdmPost.php', 206)
 2 SYSTEMPATH\CodeIgniter.php(934): App\Controllers\AdmPost->desenho_meus()
 3 SYSTEMPATH\CodeIgniter.php(499): CodeIgniter\CodeIgniter->runController(Object(App\Controllers\AdmPost))
 4 SYSTEMPATH\CodeIgniter.php(368): CodeIgniter\CodeIgniter->handleRequest(null, Object(Config\Cache), false)
 5 FCPATH\index.php(67): CodeIgniter\CodeIgniter->run()
CRITICAL - 2024-01-15 12:44:40 --> Undefined array key "usuario"
in APPPATH\Controllers\AdmPost.php on line 206.
 1 APPPATH\Controllers\AdmPost.php(206): CodeIgniter\Debug\Exceptions->errorHandler(2, 'Undefined array key "usuario"', 'C:\\xampp\\htdocs\\codi\\app\\Controllers\\AdmPost.php', 206)
 2 SYSTEMPATH\CodeIgniter.php(934): App\Controllers\AdmPost->desenho_meus()
 3 SYSTEMPATH\CodeIgniter.php(499): CodeIgniter\CodeIgniter->runController(Object(App\Controllers\AdmPost))
 4 SYSTEMPATH\CodeIgniter.php(368): CodeIgniter\CodeIgniter->handleRequest(null, Object(Config\Cache), false)
 5 FCPATH\index.php(67): CodeIgniter\CodeIgniter->run()
CRITICAL - 2024-01-15 12:45:40 --> Undefined array key "usuario"
in APPPATH\Controllers\AdmPost.php on line 206.
 1 APPPATH\Controllers\AdmPost.php(206): CodeIgniter\Debug\Exceptions->errorHandler(2, 'Undefined array key "usuario"', 'C:\\xampp\\htdocs\\codi\\app\\Controllers\\AdmPost.php', 206)
 2 SYSTEMPATH\CodeIgniter.php(934): App\Controllers\AdmPost->desenho_meus()
 3 SYSTEMPATH\CodeIgniter.php(499): CodeIgniter\CodeIgniter->runController(Object(App\Controllers\AdmPost))
 4 SYSTEMPATH\CodeIgniter.php(368): CodeIgniter\CodeIgniter->handleRequest(null, Object(Config\Cache), false)
 5 FCPATH\index.php(67): CodeIgniter\CodeIgniter->run()
CRITICAL - 2024-01-15 12:46:40 --> Undefined array key "usuario"
in APPPATH\Controllers\AdmPost.php on line 206.
 1 APPPATH\Controllers\AdmPost.php(206): CodeIgniter\Debug\Exceptions->errorHandler(2, 'Undefined array key "usuario"', 'C:\\xampp\\htdocs\\codi\\app\\Controllers\\AdmPost.php', 206)
 2 SYSTEMPATH\CodeIgniter.php(934): App\Controllers\AdmPost->desenho_meus()
 3 SYSTEMPATH\CodeIgniter.php(499): CodeIgniter\CodeIgniter->runController(Object(App\Controllers\AdmPost))
 4 SYSTEMPATH\CodeIgniter.php(368): CodeIgniter\CodeIgniter->handleRequest(null, Object(Config\Cache), false)
 5 FCPATH\index.php(67): CodeIgniter\CodeIgniter->run()
CRITICAL - 2024-01-15 12:47:40 --> Undefined array key "usuario"
in APPPATH\Controllers\AdmPost.php on line 206.
 1 APPPATH\Controllers\AdmPost.php(206): CodeIgniter\Debug\Exceptions->errorHandler(2, 'Undefined array key "usuario"', 'C:\\xampp\\htdocs\\codi\\app\\Controllers\\AdmPost.php', 206)
 2 SYSTEMPATH\CodeIgniter.php(934): App\Controllers\AdmPost->desenho_meus()
 3 SYSTEMPATH\CodeIgniter.php(499): CodeIgniter\CodeIgniter->runController(Object(App\Controllers\AdmPost))
 4 SYSTEMPATH\CodeIgniter.php(368): CodeIgniter\CodeIgniter->handleRequest(null, Object(Config\Cache), false)
 5 FCPATH\index.php(67): CodeIgniter\CodeIgniter->run()
CRITICAL - 2024-01-15 12:48:40 --> Undefined array key "usuario"
in APPPATH\Controllers\AdmPost.php on line 206.
 1 APPPATH\Controllers\AdmPost.php(206): CodeIgniter\Debug\Exceptions->errorHandler(2, 'Undefined array key "usuario"', 'C:\\xampp\\htdocs\\codi\\app\\Controllers\\AdmPost.php', 206)
 2 SYSTEMPATH\CodeIgniter.php(934): App\Controllers\AdmPost->desenho_meus()
 3 SYSTEMPATH\CodeIgniter.php(499): CodeIgniter\CodeIgniter->runController(Object(App\Controllers\AdmPost))
 4 SYSTEMPATH\CodeIgniter.php(368): CodeIgniter\CodeIgniter->handleRequest(null, Object(Config\Cache), false)
 5 FCPATH\index.php(67): CodeIgniter\CodeIgniter->run()
CRITICAL - 2024-01-15 12:49:40 --> Undefined array key "usuario"
in APPPATH\Controllers\AdmPost.php on line 206.
 1 APPPATH\Controllers\AdmPost.php(206): CodeIgniter\Debug\Exceptions->errorHandler(2, 'Undefined array key "usuario"', 'C:\\xampp\\htdocs\\codi\\app\\Controllers\\AdmPost.php', 206)
 2 SYSTEMPATH\CodeIgniter.php(934): App\Controllers\AdmPost->desenho_meus()
 3 SYSTEMPATH\CodeIgniter.php(499): CodeIgniter\CodeIgniter->runController(Object(App\Controllers\AdmPost))
 4 SYSTEMPATH\CodeIgniter.php(368): CodeIgniter\CodeIgniter->handleRequest(null, Object(Config\Cache), false)
 5 FCPATH\index.php(67): CodeIgniter\CodeIgniter->run()
CRITICAL - 2024-01-15 12:50:40 --> Undefined array key "usuario"
in APPPATH\Controllers\AdmPost.php on line 206.
 1 APPPATH\Controllers\AdmPost.php(206): CodeIgniter\Debug\Exceptions->errorHandler(2, 'Undefined array key "usuario"', 'C:\\xampp\\htdocs\\codi\\app\\Controllers\\AdmPost.php', 206)
 2 SYSTEMPATH\CodeIgniter.php(934): App\Controllers\AdmPost->desenho_meus()
 3 SYSTEMPATH\CodeIgniter.php(499): CodeIgniter\CodeIgniter->runController(Object(App\Controllers\AdmPost))
 4 SYSTEMPATH\CodeIgniter.php(368): CodeIgniter\CodeIgniter->handleRequest(null, Object(Config\Cache), false)
 5 FCPATH\index.php(67): CodeIgniter\CodeIgniter->run()
CRITICAL - 2024-01-15 12:51:40 --> Undefined array key "usuario"
in APPPATH\Controllers\AdmPost.php on line 206.
 1 APPPATH\Controllers\AdmPost.php(206): CodeIgniter\Debug\Exceptions->errorHandler(2, 'Undefined array key "usuario"', 'C:\\xampp\\htdocs\\codi\\app\\Controllers\\AdmPost.php', 206)
 2 SYSTEMPATH\CodeIgniter.php(934): App\Controllers\AdmPost->desenho_meus()
 3 SYSTEMPATH\CodeIgniter.php(499): CodeIgniter\CodeIgniter->runController(Object(App\Controllers\AdmPost))
 4 SYSTEMPATH\CodeIgniter.php(368): CodeIgniter\CodeIgniter->handleRequest(null, Object(Config\Cache), false)
 5 FCPATH\index.php(67): CodeIgniter\CodeIgniter->run()
CRITICAL - 2024-01-15 12:52:40 --> Undefined array key "usuario"
in APPPATH\Controllers\AdmPost.php on line 206.
 1 APPPATH\Controllers\AdmPost.php(206): CodeIgniter\Debug\Exceptions->errorHandler(2, 'Undefined array key "usuario"', 'C:\\xampp\\htdocs\\codi\\app\\Controllers\\AdmPost.php', 206)
 2 SYSTEMPATH\CodeIgniter.php(934): App\Controllers\AdmPost->desenho_meus()
 3 SYSTEMPATH\CodeIgniter.php(499): CodeIgniter\CodeIgniter->runController(Object(App\Controllers\AdmPost))
 4 SYSTEMPATH\CodeIgniter.php(368): CodeIgniter\CodeIgniter->handleRequest(null, Object(Config\Cache), false)
 5 FCPATH\index.php(67): CodeIgniter\CodeIgniter->run()
CRITICAL - 2024-01-15 12:53:40 --> Undefined array key "usuario"
in APPPATH\Controllers\AdmPost.php on line 206.
 1 APPPATH\Controllers\AdmPost.php(206): CodeIgniter\Debug\Exceptions->errorHandler(2, 'Undefined array key "usuario"', 'C:\\xampp\\htdocs\\codi\\app\\Controllers\\AdmPost.php', 206)
 2 SYSTEMPATH\CodeIgniter.php(934): App\Controllers\AdmPost->desenho_meus()
 3 SYSTEMPATH\CodeIgniter.php(499): CodeIgniter\CodeIgniter->runController(Object(App\Controllers\AdmPost))
 4 SYSTEMPATH\CodeIgniter.php(368): CodeIgniter\CodeIgniter->handleRequest(null, Object(Config\Cache), false)
 5 FCPATH\index.php(67): CodeIgniter\CodeIgniter->run()
CRITICAL - 2024-01-15 12:54:40 --> Undefined array key "usuario"
in APPPATH\Controllers\AdmPost.php on line 206.
 1 APPPATH\Controllers\AdmPost.php(206): CodeIgniter\Debug\Exceptions->errorHandler(2, 'Undefined array key "usuario"', 'C:\\xampp\\htdocs\\codi\\app\\Controllers\\AdmPost.php', 206)
 2 SYSTEMPATH\CodeIgniter.php(934): App\Controllers\AdmPost->desenho_meus()
 3 SYSTEMPATH\CodeIgniter.php(499): CodeIgniter\CodeIgniter->runController(Object(App\Controllers\AdmPost))
 4 SYSTEMPATH\CodeIgniter.php(368): CodeIgniter\CodeIgniter->handleRequest(null, Object(Config\Cache), false)
 5 FCPATH\index.php(67): CodeIgniter\CodeIgniter->run()
CRITICAL - 2024-01-15 12:55:40 --> Undefined array key "usuario"
in APPPATH\Controllers\AdmPost.php on line 206.
 1 APPPATH\Controllers\AdmPost.php(206): CodeIgniter\Debug\Exceptions->errorHandler(2, 'Undefined array key "usuario"', 'C:\\xampp\\htdocs\\codi\\app\\Controllers\\AdmPost.php', 206)
 2 SYSTEMPATH\CodeIgniter.php(934): App\Controllers\AdmPost->desenho_meus()
 3 SYSTEMPATH\CodeIgniter.php(499): CodeIgniter\CodeIgniter->runController(Object(App\Controllers\AdmPost))
 4 SYSTEMPATH\CodeIgniter.php(368): CodeIgniter\CodeIgniter->handleRequest(null, Object(Config\Cache), false)
 5 FCPATH\index.php(67): CodeIgniter\CodeIgniter->run()
CRITICAL - 2024-01-15 12:56:40 --> Undefined array key "usuario"
in APPPATH\Controllers\AdmPost.php on line 206.
 1 APPPATH\Controllers\AdmPost.php(206): CodeIgniter\Debug\Exceptions->errorHandler(2, 'Undefined array key "usuario"', 'C:\\xampp\\htdocs\\codi\\app\\Controllers\\AdmPost.php', 206)
 2 SYSTEMPATH\CodeIgniter.php(934): App\Controllers\AdmPost->desenho_meus()
 3 SYSTEMPATH\CodeIgniter.php(499): CodeIgniter\CodeIgniter->runController(Object(App\Controllers\AdmPost))
 4 SYSTEMPATH\CodeIgniter.php(368): CodeIgniter\CodeIgniter->handleRequest(null, Object(Config\Cache), false)
 5 FCPATH\index.php(67): CodeIgniter\CodeIgniter->run()
CRITICAL - 2024-01-15 12:57:40 --> Undefined array key "usuario"
in APPPATH\Controllers\AdmPost.php on line 206.
 1 APPPATH\Controllers\AdmPost.php(206): CodeIgniter\Debug\Exceptions->errorHandler(2, 'Undefined array key "usuario"', 'C:\\xampp\\htdocs\\codi\\app\\Controllers\\AdmPost.php', 206)
 2 SYSTEMPATH\CodeIgniter.php(934): App\Controllers\AdmPost->desenho_meus()
 3 SYSTEMPATH\CodeIgniter.php(499): CodeIgniter\CodeIgniter->runController(Object(App\Controllers\AdmPost))
 4 SYSTEMPATH\CodeIgniter.php(368): CodeIgniter\CodeIgniter->handleRequest(null, Object(Config\Cache), false)
 5 FCPATH\index.php(67): CodeIgniter\CodeIgniter->run()
CRITICAL - 2024-01-15 12:58:40 --> Undefined array key "usuario"
in APPPATH\Controllers\AdmPost.php on line 206.
 1 APPPATH\Controllers\AdmPost.php(206): CodeIgniter\Debug\Exceptions->errorHandler(2, 'Undefined array key "usuario"', 'C:\\xampp\\htdocs\\codi\\app\\Controllers\\AdmPost.php', 206)
 2 SYSTEMPATH\CodeIgniter.php(934): App\Controllers\AdmPost->desenho_meus()
 3 SYSTEMPATH\CodeIgniter.php(499): CodeIgniter\CodeIgniter->runController(Object(App\Controllers\AdmPost))
 4 SYSTEMPATH\CodeIgniter.php(368): CodeIgniter\CodeIgniter->handleRequest(null, Object(Config\Cache), false)
 5 FCPATH\index.php(67): CodeIgniter\CodeIgniter->run()
CRITICAL - 2024-01-15 13:07:58 --> Undefined array key "usuario"
in APPPATH\Controllers\CortadorPost.php on line 454.
 1 APPPATH\Controllers\CortadorPost.php(454): CodeIgniter\Debug\Exceptions->errorHandler(2, 'Undefined array key "usuario"', 'C:\\xampp\\htdocs\\codi\\app\\Controllers\\CortadorPost.php', 454)
 2 SYSTEMPATH\CodeIgniter.php(934): App\Controllers\CortadorPost->confirmar_corte()
 3 SYSTEMPATH\CodeIgniter.php(499): CodeIgniter\CodeIgniter->runController(Object(App\Controllers\CortadorPost))
 4 SYSTEMPATH\CodeIgniter.php(368): CodeIgniter\CodeIgniter->handleRequest(null, Object(Config\Cache), false)
 5 FCPATH\index.php(67): CodeIgniter\CodeIgniter->run()
CRITICAL - 2024-01-15 14:18:09 --> Undefined array key "usuario"
in APPPATH\Controllers\AdmPost.php on line 206.
 1 APPPATH\Controllers\AdmPost.php(206): CodeIgniter\Debug\Exceptions->errorHandler(2, 'Undefined array key "usuario"', 'C:\\xampp\\htdocs\\codi\\app\\Controllers\\AdmPost.php', 206)
 2 SYSTEMPATH\CodeIgniter.php(934): App\Controllers\AdmPost->desenho_meus()
 3 SYSTEMPATH\CodeIgniter.php(499): CodeIgniter\CodeIgniter->runController(Object(App\Controllers\AdmPost))
 4 SYSTEMPATH\CodeIgniter.php(368): CodeIgniter\CodeIgniter->handleRequest(null, Object(Config\Cache), false)
 5 FCPATH\index.php(67): CodeIgniter\CodeIgniter->run()
CRITICAL - 2024-01-15 14:18:09 --> Undefined array key "usuario"
in APPPATH\Controllers\AdmPost.php on line 206.
 1 APPPATH\Controllers\AdmPost.php(206): CodeIgniter\Debug\Exceptions->errorHandler(2, 'Undefined array key "usuario"', 'C:\\xampp\\htdocs\\codi\\app\\Controllers\\AdmPost.php', 206)
 2 SYSTEMPATH\CodeIgniter.php(934): App\Controllers\AdmPost->desenho_meus()
 3 SYSTEMPATH\CodeIgniter.php(499): CodeIgniter\CodeIgniter->runController(Object(App\Controllers\AdmPost))
 4 SYSTEMPATH\CodeIgniter.php(368): CodeIgniter\CodeIgniter->handleRequest(null, Object(Config\Cache), false)
 5 FCPATH\index.php(67): CodeIgniter\CodeIgniter->run()
CRITICAL - 2024-01-15 14:18:10 --> Undefined array key "usuario"
in APPPATH\Controllers\AdmPost.php on line 206.
 1 APPPATH\Controllers\AdmPost.php(206): CodeIgniter\Debug\Exceptions->errorHandler(2, 'Undefined array key "usuario"', 'C:\\xampp\\htdocs\\codi\\app\\Controllers\\AdmPost.php', 206)
 2 SYSTEMPATH\CodeIgniter.php(934): App\Controllers\AdmPost->desenho_meus()
 3 SYSTEMPATH\CodeIgniter.php(499): CodeIgniter\CodeIgniter->runController(Object(App\Controllers\AdmPost))
 4 SYSTEMPATH\CodeIgniter.php(368): CodeIgniter\CodeIgniter->handleRequest(null, Object(Config\Cache), false)
 5 FCPATH\index.php(67): CodeIgniter\CodeIgniter->run()
CRITICAL - 2024-01-15 14:18:11 --> Undefined array key "usuario"
in APPPATH\Controllers\AdmPost.php on line 206.
 1 APPPATH\Controllers\AdmPost.php(206): CodeIgniter\Debug\Exceptions->errorHandler(2, 'Undefined array key "usuario"', 'C:\\xampp\\htdocs\\codi\\app\\Controllers\\AdmPost.php', 206)
 2 SYSTEMPATH\CodeIgniter.php(934): App\Controllers\AdmPost->desenho_meus()
 3 SYSTEMPATH\CodeIgniter.php(499): CodeIgniter\CodeIgniter->runController(Object(App\Controllers\AdmPost))
 4 SYSTEMPATH\CodeIgniter.php(368): CodeIgniter\CodeIgniter->handleRequest(null, Object(Config\Cache), false)
 5 FCPATH\index.php(67): CodeIgniter\CodeIgniter->run()
CRITICAL - 2024-01-15 14:49:11 --> Undefined array key "usuario"
in APPPATH\Controllers\DesenhistaPost.php on line 42.
 1 APPPATH\Controllers\DesenhistaPost.php(42): CodeIgniter\Debug\Exceptions->errorHandler(2, 'Undefined array key "usuario"', 'C:\\xampp\\htdocs\\codi\\app\\Controllers\\DesenhistaPost.php', 42)
 2 SYSTEMPATH\CodeIgniter.php(934): App\Controllers\DesenhistaPost->criar_temp()
 3 SYSTEMPATH\CodeIgniter.php(499): CodeIgniter\CodeIgniter->runController(Object(App\Controllers\DesenhistaPost))
 4 SYSTEMPATH\CodeIgniter.php(368): CodeIgniter\CodeIgniter->handleRequest(null, Object(Config\Cache), false)
 5 FCPATH\index.php(67): CodeIgniter\CodeIgniter->run()
CRITICAL - 2024-01-15 14:49:13 --> Undefined array key "usuario"
in APPPATH\Controllers\DesenhistaPost.php on line 42.
 1 APPPATH\Controllers\DesenhistaPost.php(42): CodeIgniter\Debug\Exceptions->errorHandler(2, 'Undefined array key "usuario"', 'C:\\xampp\\htdocs\\codi\\app\\Controllers\\DesenhistaPost.php', 42)
 2 SYSTEMPATH\CodeIgniter.php(934): App\Controllers\DesenhistaPost->criar_temp()
 3 SYSTEMPATH\CodeIgniter.php(499): CodeIgniter\CodeIgniter->runController(Object(App\Controllers\DesenhistaPost))
 4 SYSTEMPATH\CodeIgniter.php(368): CodeIgniter\CodeIgniter->handleRequest(null, Object(Config\Cache), false)
 5 FCPATH\index.php(67): CodeIgniter\CodeIgniter->run()
CRITICAL - 2024-01-15 14:49:14 --> Undefined array key "usuario"
in APPPATH\Controllers\DesenhistaPost.php on line 42.
 1 APPPATH\Controllers\DesenhistaPost.php(42): CodeIgniter\Debug\Exceptions->errorHandler(2, 'Undefined array key "usuario"', 'C:\\xampp\\htdocs\\codi\\app\\Controllers\\DesenhistaPost.php', 42)
 2 SYSTEMPATH\CodeIgniter.php(934): App\Controllers\DesenhistaPost->criar_temp()
 3 SYSTEMPATH\CodeIgniter.php(499): CodeIgniter\CodeIgniter->runController(Object(App\Controllers\DesenhistaPost))
 4 SYSTEMPATH\CodeIgniter.php(368): CodeIgniter\CodeIgniter->handleRequest(null, Object(Config\Cache), false)
 5 FCPATH\index.php(67): CodeIgniter\CodeIgniter->run()
CRITICAL - 2024-01-15 14:49:14 --> Undefined array key "usuario"
in APPPATH\Controllers\DesenhistaPost.php on line 42.
 1 APPPATH\Controllers\DesenhistaPost.php(42): CodeIgniter\Debug\Exceptions->errorHandler(2, 'Undefined array key "usuario"', 'C:\\xampp\\htdocs\\codi\\app\\Controllers\\DesenhistaPost.php', 42)
 2 SYSTEMPATH\CodeIgniter.php(934): App\Controllers\DesenhistaPost->criar_temp()
 3 SYSTEMPATH\CodeIgniter.php(499): CodeIgniter\CodeIgniter->runController(Object(App\Controllers\DesenhistaPost))
 4 SYSTEMPATH\CodeIgniter.php(368): CodeIgniter\CodeIgniter->handleRequest(null, Object(Config\Cache), false)
 5 FCPATH\index.php(67): CodeIgniter\CodeIgniter->run()
CRITICAL - 2024-01-15 14:49:15 --> Undefined array key "usuario"
in APPPATH\Controllers\DesenhistaPost.php on line 42.
 1 APPPATH\Controllers\DesenhistaPost.php(42): CodeIgniter\Debug\Exceptions->errorHandler(2, 'Undefined array key "usuario"', 'C:\\xampp\\htdocs\\codi\\app\\Controllers\\DesenhistaPost.php', 42)
 2 SYSTEMPATH\CodeIgniter.php(934): App\Controllers\DesenhistaPost->criar_temp()
 3 SYSTEMPATH\CodeIgniter.php(499): CodeIgniter\CodeIgniter->runController(Object(App\Controllers\DesenhistaPost))
 4 SYSTEMPATH\CodeIgniter.php(368): CodeIgniter\CodeIgniter->handleRequest(null, Object(Config\Cache), false)
 5 FCPATH\index.php(67): CodeIgniter\CodeIgniter->run()
CRITICAL - 2024-01-15 14:49:15 --> Undefined array key "usuario"
in APPPATH\Controllers\DesenhistaPost.php on line 42.
 1 APPPATH\Controllers\DesenhistaPost.php(42): CodeIgniter\Debug\Exceptions->errorHandler(2, 'Undefined array key "usuario"', 'C:\\xampp\\htdocs\\codi\\app\\Controllers\\DesenhistaPost.php', 42)
 2 SYSTEMPATH\CodeIgniter.php(934): App\Controllers\DesenhistaPost->criar_temp()
 3 SYSTEMPATH\CodeIgniter.php(499): CodeIgniter\CodeIgniter->runController(Object(App\Controllers\DesenhistaPost))
 4 SYSTEMPATH\CodeIgniter.php(368): CodeIgniter\CodeIgniter->handleRequest(null, Object(Config\Cache), false)
 5 FCPATH\index.php(67): CodeIgniter\CodeIgniter->run()
CRITICAL - 2024-01-15 16:12:41 --> Undefined array key "usuario"
in APPPATH\Controllers\AdmPost.php on line 206.
 1 APPPATH\Controllers\AdmPost.php(206): CodeIgniter\Debug\Exceptions->errorHandler(2, 'Undefined array key "usuario"', 'C:\\xampp\\htdocs\\codi\\app\\Controllers\\AdmPost.php', 206)
 2 SYSTEMPATH\CodeIgniter.php(934): App\Controllers\AdmPost->desenho_meus()
 3 SYSTEMPATH\CodeIgniter.php(499): CodeIgniter\CodeIgniter->runController(Object(App\Controllers\AdmPost))
 4 SYSTEMPATH\CodeIgniter.php(368): CodeIgniter\CodeIgniter->handleRequest(null, Object(Config\Cache), false)
 5 FCPATH\index.php(67): CodeIgniter\CodeIgniter->run()
CRITICAL - 2024-01-15 16:12:42 --> Undefined array key "usuario"
in APPPATH\Controllers\AdmPost.php on line 206.
 1 APPPATH\Controllers\AdmPost.php(206): CodeIgniter\Debug\Exceptions->errorHandler(2, 'Undefined array key "usuario"', 'C:\\xampp\\htdocs\\codi\\app\\Controllers\\AdmPost.php', 206)
 2 SYSTEMPATH\CodeIgniter.php(934): App\Controllers\AdmPost->desenho_meus()
 3 SYSTEMPATH\CodeIgniter.php(499): CodeIgniter\CodeIgniter->runController(Object(App\Controllers\AdmPost))
 4 SYSTEMPATH\CodeIgniter.php(368): CodeIgniter\CodeIgniter->handleRequest(null, Object(Config\Cache), false)
 5 FCPATH\index.php(67): CodeIgniter\CodeIgniter->run()
CRITICAL - 2024-01-15 16:12:43 --> Undefined array key "usuario"
in APPPATH\Controllers\AdmPost.php on line 206.
 1 APPPATH\Controllers\AdmPost.php(206): CodeIgniter\Debug\Exceptions->errorHandler(2, 'Undefined array key "usuario"', 'C:\\xampp\\htdocs\\codi\\app\\Controllers\\AdmPost.php', 206)
 2 SYSTEMPATH\CodeIgniter.php(934): App\Controllers\AdmPost->desenho_meus()
 3 SYSTEMPATH\CodeIgniter.php(499): CodeIgniter\CodeIgniter->runController(Object(App\Controllers\AdmPost))
 4 SYSTEMPATH\CodeIgniter.php(368): CodeIgniter\CodeIgniter->handleRequest(null, Object(Config\Cache), false)
 5 FCPATH\index.php(67): CodeIgniter\CodeIgniter->run()
CRITICAL - 2024-01-15 16:12:44 --> Undefined array key "usuario"
in APPPATH\Controllers\AdmPost.php on line 206.
 1 APPPATH\Controllers\AdmPost.php(206): CodeIgniter\Debug\Exceptions->errorHandler(2, 'Undefined array key "usuario"', 'C:\\xampp\\htdocs\\codi\\app\\Controllers\\AdmPost.php', 206)
 2 SYSTEMPATH\CodeIgniter.php(934): App\Controllers\AdmPost->desenho_meus()
 3 SYSTEMPATH\CodeIgniter.php(499): CodeIgniter\CodeIgniter->runController(Object(App\Controllers\AdmPost))
 4 SYSTEMPATH\CodeIgniter.php(368): CodeIgniter\CodeIgniter->handleRequest(null, Object(Config\Cache), false)
 5 FCPATH\index.php(67): CodeIgniter\CodeIgniter->run()
CRITICAL - 2024-01-15 16:12:45 --> Undefined array key "usuario"
in APPPATH\Controllers\AdmPost.php on line 206.
 1 APPPATH\Controllers\AdmPost.php(206): CodeIgniter\Debug\Exceptions->errorHandler(2, 'Undefined array key "usuario"', 'C:\\xampp\\htdocs\\codi\\app\\Controllers\\AdmPost.php', 206)
 2 SYSTEMPATH\CodeIgniter.php(934): App\Controllers\AdmPost->desenho_meus()
 3 SYSTEMPATH\CodeIgniter.php(499): CodeIgniter\CodeIgniter->runController(Object(App\Controllers\AdmPost))
 4 SYSTEMPATH\CodeIgniter.php(368): CodeIgniter\CodeIgniter->handleRequest(null, Object(Config\Cache), false)
 5 FCPATH\index.php(67): CodeIgniter\CodeIgniter->run()
CRITICAL - 2024-01-15 16:12:46 --> Undefined array key "usuario"
in APPPATH\Controllers\AdmPost.php on line 206.
 1 APPPATH\Controllers\AdmPost.php(206): CodeIgniter\Debug\Exceptions->errorHandler(2, 'Undefined array key "usuario"', 'C:\\xampp\\htdocs\\codi\\app\\Controllers\\AdmPost.php', 206)
 2 SYSTEMPATH\CodeIgniter.php(934): App\Controllers\AdmPost->desenho_meus()
 3 SYSTEMPATH\CodeIgniter.php(499): CodeIgniter\CodeIgniter->runController(Object(App\Controllers\AdmPost))
 4 SYSTEMPATH\CodeIgniter.php(368): CodeIgniter\CodeIgniter->handleRequest(null, Object(Config\Cache), false)
 5 FCPATH\index.php(67): CodeIgniter\CodeIgniter->run()
