CRITICAL - 2024-07-08 17:49:41 --> syntax error, unexpected token ")"
in APPPATH\Controllers\AdmPost.php on line 45.
 1 SYSTEMPATH\Autoloader\Autoloader.php(289): CodeIgniter\Autoloader\Autoloader->includeFile('C:\\xampp\\htdocs\\codi\\app\\Controllers\\AdmPost.php')
 2 SYSTEMPATH\Autoloader\Autoloader.php(267): CodeIgniter\Autoloader\Autoloader->loadInNamespace('App\\Controllers\\AdmPost')
 3 [internal function]: CodeIgniter\Autoloader\Autoloader->loadClass('App\\Controllers\\AdmPost')
 4 SYSTEMPATH\CodeIgniter.php(892): class_exists('\\App\\Controllers\\AdmPost', true)
 5 SYSTEMPATH\CodeIgniter.php(486): CodeIgniter\CodeIgniter->startController()
 6 SYSTEMPATH\CodeIgniter.php(368): CodeIgniter\CodeIgniter->handleRequest(null, Object(Config\Cache), false)
 7 FCPATH\index.php(67): CodeIgniter\CodeIgniter->run()
CRITICAL - 2024-07-08 17:49:41 --> syntax error, unexpected token ")"
in APPPATH\Controllers\AdmPost.php on line 45.
 1 SYSTEMPATH\Autoloader\Autoloader.php(289): CodeIgniter\Autoloader\Autoloader->includeFile('C:\\xampp\\htdocs\\codi\\app\\Controllers\\AdmPost.php')
 2 SYSTEMPATH\Autoloader\Autoloader.php(267): CodeIgniter\Autoloader\Autoloader->loadInNamespace('App\\Controllers\\AdmPost')
 3 [internal function]: CodeIgniter\Autoloader\Autoloader->loadClass('App\\Controllers\\AdmPost')
 4 SYSTEMPATH\CodeIgniter.php(892): class_exists('\\App\\Controllers\\AdmPost', true)
 5 SYSTEMPATH\CodeIgniter.php(486): CodeIgniter\CodeIgniter->startController()
 6 SYSTEMPATH\CodeIgniter.php(368): CodeIgniter\CodeIgniter->handleRequest(null, Object(Config\Cache), false)
 7 FCPATH\index.php(67): CodeIgniter\CodeIgniter->run()
CRITICAL - 2024-07-08 17:49:54 --> syntax error, unexpected token ")"
in APPPATH\Controllers\AdmPost.php on line 46.
 1 SYSTEMPATH\Autoloader\Autoloader.php(289): CodeIgniter\Autoloader\Autoloader->includeFile('C:\\xampp\\htdocs\\codi\\app\\Controllers\\AdmPost.php')
 2 SYSTEMPATH\Autoloader\Autoloader.php(267): CodeIgniter\Autoloader\Autoloader->loadInNamespace('App\\Controllers\\AdmPost')
 3 [internal function]: CodeIgniter\Autoloader\Autoloader->loadClass('App\\Controllers\\AdmPost')
 4 SYSTEMPATH\CodeIgniter.php(892): class_exists('\\App\\Controllers\\AdmPost', true)
 5 SYSTEMPATH\CodeIgniter.php(486): CodeIgniter\CodeIgniter->startController()
 6 SYSTEMPATH\CodeIgniter.php(368): CodeIgniter\CodeIgniter->handleRequest(null, Object(Config\Cache), false)
 7 FCPATH\index.php(67): CodeIgniter\CodeIgniter->run()
CRITICAL - 2024-07-08 17:49:54 --> syntax error, unexpected token ")"
in APPPATH\Controllers\AdmPost.php on line 46.
 1 SYSTEMPATH\Autoloader\Autoloader.php(289): CodeIgniter\Autoloader\Autoloader->includeFile('C:\\xampp\\htdocs\\codi\\app\\Controllers\\AdmPost.php')
 2 SYSTEMPATH\Autoloader\Autoloader.php(267): CodeIgniter\Autoloader\Autoloader->loadInNamespace('App\\Controllers\\AdmPost')
 3 [internal function]: CodeIgniter\Autoloader\Autoloader->loadClass('App\\Controllers\\AdmPost')
 4 SYSTEMPATH\CodeIgniter.php(892): class_exists('\\App\\Controllers\\AdmPost', true)
 5 SYSTEMPATH\CodeIgniter.php(486): CodeIgniter\CodeIgniter->startController()
 6 SYSTEMPATH\CodeIgniter.php(368): CodeIgniter\CodeIgniter->handleRequest(null, Object(Config\Cache), false)
 7 FCPATH\index.php(67): CodeIgniter\CodeIgniter->run()
CRITICAL - 2024-07-08 17:49:55 --> syntax error, unexpected token ")"
in APPPATH\Controllers\AdmPost.php on line 46.
 1 SYSTEMPATH\Autoloader\Autoloader.php(289): CodeIgniter\Autoloader\Autoloader->includeFile('C:\\xampp\\htdocs\\codi\\app\\Controllers\\AdmPost.php')
 2 SYSTEMPATH\Autoloader\Autoloader.php(267): CodeIgniter\Autoloader\Autoloader->loadInNamespace('App\\Controllers\\AdmPost')
 3 [internal function]: CodeIgniter\Autoloader\Autoloader->loadClass('App\\Controllers\\AdmPost')
 4 SYSTEMPATH\CodeIgniter.php(892): class_exists('\\App\\Controllers\\AdmPost', true)
 5 SYSTEMPATH\CodeIgniter.php(486): CodeIgniter\CodeIgniter->startController()
 6 SYSTEMPATH\CodeIgniter.php(368): CodeIgniter\CodeIgniter->handleRequest(null, Object(Config\Cache), false)
 7 FCPATH\index.php(67): CodeIgniter\CodeIgniter->run()
CRITICAL - 2024-07-08 17:49:55 --> syntax error, unexpected token ")"
in APPPATH\Controllers\AdmPost.php on line 46.
 1 SYSTEMPATH\Autoloader\Autoloader.php(289): CodeIgniter\Autoloader\Autoloader->includeFile('C:\\xampp\\htdocs\\codi\\app\\Controllers\\AdmPost.php')
 2 SYSTEMPATH\Autoloader\Autoloader.php(267): CodeIgniter\Autoloader\Autoloader->loadInNamespace('App\\Controllers\\AdmPost')
 3 [internal function]: CodeIgniter\Autoloader\Autoloader->loadClass('App\\Controllers\\AdmPost')
 4 SYSTEMPATH\CodeIgniter.php(892): class_exists('\\App\\Controllers\\AdmPost', true)
 5 SYSTEMPATH\CodeIgniter.php(486): CodeIgniter\CodeIgniter->startController()
 6 SYSTEMPATH\CodeIgniter.php(368): CodeIgniter\CodeIgniter->handleRequest(null, Object(Config\Cache), false)
 7 FCPATH\index.php(67): CodeIgniter\CodeIgniter->run()
CRITICAL - 2024-07-08 17:49:56 --> syntax error, unexpected token ")"
in APPPATH\Controllers\AdmPost.php on line 46.
 1 SYSTEMPATH\Autoloader\Autoloader.php(289): CodeIgniter\Autoloader\Autoloader->includeFile('C:\\xampp\\htdocs\\codi\\app\\Controllers\\AdmPost.php')
 2 SYSTEMPATH\Autoloader\Autoloader.php(267): CodeIgniter\Autoloader\Autoloader->loadInNamespace('App\\Controllers\\AdmPost')
 3 [internal function]: CodeIgniter\Autoloader\Autoloader->loadClass('App\\Controllers\\AdmPost')
 4 SYSTEMPATH\CodeIgniter.php(892): class_exists('\\App\\Controllers\\AdmPost', true)
 5 SYSTEMPATH\CodeIgniter.php(486): CodeIgniter\CodeIgniter->startController()
 6 SYSTEMPATH\CodeIgniter.php(368): CodeIgniter\CodeIgniter->handleRequest(null, Object(Config\Cache), false)
 7 FCPATH\index.php(67): CodeIgniter\CodeIgniter->run()
CRITICAL - 2024-07-08 17:49:56 --> syntax error, unexpected token ")"
in APPPATH\Controllers\AdmPost.php on line 46.
 1 SYSTEMPATH\Autoloader\Autoloader.php(289): CodeIgniter\Autoloader\Autoloader->includeFile('C:\\xampp\\htdocs\\codi\\app\\Controllers\\AdmPost.php')
 2 SYSTEMPATH\Autoloader\Autoloader.php(267): CodeIgniter\Autoloader\Autoloader->loadInNamespace('App\\Controllers\\AdmPost')
 3 [internal function]: CodeIgniter\Autoloader\Autoloader->loadClass('App\\Controllers\\AdmPost')
 4 SYSTEMPATH\CodeIgniter.php(892): class_exists('\\App\\Controllers\\AdmPost', true)
 5 SYSTEMPATH\CodeIgniter.php(486): CodeIgniter\CodeIgniter->startController()
 6 SYSTEMPATH\CodeIgniter.php(368): CodeIgniter\CodeIgniter->handleRequest(null, Object(Config\Cache), false)
 7 FCPATH\index.php(67): CodeIgniter\CodeIgniter->run()
CRITICAL - 2024-07-08 17:49:57 --> syntax error, unexpected token ")"
in APPPATH\Controllers\AdmPost.php on line 46.
 1 SYSTEMPATH\Autoloader\Autoloader.php(289): CodeIgniter\Autoloader\Autoloader->includeFile('C:\\xampp\\htdocs\\codi\\app\\Controllers\\AdmPost.php')
 2 SYSTEMPATH\Autoloader\Autoloader.php(267): CodeIgniter\Autoloader\Autoloader->loadInNamespace('App\\Controllers\\AdmPost')
 3 [internal function]: CodeIgniter\Autoloader\Autoloader->loadClass('App\\Controllers\\AdmPost')
 4 SYSTEMPATH\CodeIgniter.php(892): class_exists('\\App\\Controllers\\AdmPost', true)
 5 SYSTEMPATH\CodeIgniter.php(486): CodeIgniter\CodeIgniter->startController()
 6 SYSTEMPATH\CodeIgniter.php(368): CodeIgniter\CodeIgniter->handleRequest(null, Object(Config\Cache), false)
 7 FCPATH\index.php(67): CodeIgniter\CodeIgniter->run()
CRITICAL - 2024-07-08 17:49:57 --> syntax error, unexpected token ")"
in APPPATH\Controllers\AdmPost.php on line 46.
 1 SYSTEMPATH\Autoloader\Autoloader.php(289): CodeIgniter\Autoloader\Autoloader->includeFile('C:\\xampp\\htdocs\\codi\\app\\Controllers\\AdmPost.php')
 2 SYSTEMPATH\Autoloader\Autoloader.php(267): CodeIgniter\Autoloader\Autoloader->loadInNamespace('App\\Controllers\\AdmPost')
 3 [internal function]: CodeIgniter\Autoloader\Autoloader->loadClass('App\\Controllers\\AdmPost')
 4 SYSTEMPATH\CodeIgniter.php(892): class_exists('\\App\\Controllers\\AdmPost', true)
 5 SYSTEMPATH\CodeIgniter.php(486): CodeIgniter\CodeIgniter->startController()
 6 SYSTEMPATH\CodeIgniter.php(368): CodeIgniter\CodeIgniter->handleRequest(null, Object(Config\Cache), false)
 7 FCPATH\index.php(67): CodeIgniter\CodeIgniter->run()
CRITICAL - 2024-07-08 17:49:58 --> syntax error, unexpected token ")"
in APPPATH\Controllers\AdmPost.php on line 46.
 1 SYSTEMPATH\Autoloader\Autoloader.php(289): CodeIgniter\Autoloader\Autoloader->includeFile('C:\\xampp\\htdocs\\codi\\app\\Controllers\\AdmPost.php')
 2 SYSTEMPATH\Autoloader\Autoloader.php(267): CodeIgniter\Autoloader\Autoloader->loadInNamespace('App\\Controllers\\AdmPost')
 3 [internal function]: CodeIgniter\Autoloader\Autoloader->loadClass('App\\Controllers\\AdmPost')
 4 SYSTEMPATH\CodeIgniter.php(892): class_exists('\\App\\Controllers\\AdmPost', true)
 5 SYSTEMPATH\CodeIgniter.php(486): CodeIgniter\CodeIgniter->startController()
 6 SYSTEMPATH\CodeIgniter.php(368): CodeIgniter\CodeIgniter->handleRequest(null, Object(Config\Cache), false)
 7 FCPATH\index.php(67): CodeIgniter\CodeIgniter->run()
CRITICAL - 2024-07-08 17:49:58 --> syntax error, unexpected token ")"
in APPPATH\Controllers\AdmPost.php on line 46.
 1 SYSTEMPATH\Autoloader\Autoloader.php(289): CodeIgniter\Autoloader\Autoloader->includeFile('C:\\xampp\\htdocs\\codi\\app\\Controllers\\AdmPost.php')
 2 SYSTEMPATH\Autoloader\Autoloader.php(267): CodeIgniter\Autoloader\Autoloader->loadInNamespace('App\\Controllers\\AdmPost')
 3 [internal function]: CodeIgniter\Autoloader\Autoloader->loadClass('App\\Controllers\\AdmPost')
 4 SYSTEMPATH\CodeIgniter.php(892): class_exists('\\App\\Controllers\\AdmPost', true)
 5 SYSTEMPATH\CodeIgniter.php(486): CodeIgniter\CodeIgniter->startController()
 6 SYSTEMPATH\CodeIgniter.php(368): CodeIgniter\CodeIgniter->handleRequest(null, Object(Config\Cache), false)
 7 FCPATH\index.php(67): CodeIgniter\CodeIgniter->run()
CRITICAL - 2024-07-08 17:49:59 --> syntax error, unexpected token ")"
in APPPATH\Controllers\AdmPost.php on line 46.
 1 SYSTEMPATH\Autoloader\Autoloader.php(289): CodeIgniter\Autoloader\Autoloader->includeFile('C:\\xampp\\htdocs\\codi\\app\\Controllers\\AdmPost.php')
 2 SYSTEMPATH\Autoloader\Autoloader.php(267): CodeIgniter\Autoloader\Autoloader->loadInNamespace('App\\Controllers\\AdmPost')
 3 [internal function]: CodeIgniter\Autoloader\Autoloader->loadClass('App\\Controllers\\AdmPost')
 4 SYSTEMPATH\CodeIgniter.php(892): class_exists('\\App\\Controllers\\AdmPost', true)
 5 SYSTEMPATH\CodeIgniter.php(486): CodeIgniter\CodeIgniter->startController()
 6 SYSTEMPATH\CodeIgniter.php(368): CodeIgniter\CodeIgniter->handleRequest(null, Object(Config\Cache), false)
 7 FCPATH\index.php(67): CodeIgniter\CodeIgniter->run()
CRITICAL - 2024-07-08 17:49:59 --> syntax error, unexpected token ")"
in APPPATH\Controllers\AdmPost.php on line 46.
 1 SYSTEMPATH\Autoloader\Autoloader.php(289): CodeIgniter\Autoloader\Autoloader->includeFile('C:\\xampp\\htdocs\\codi\\app\\Controllers\\AdmPost.php')
 2 SYSTEMPATH\Autoloader\Autoloader.php(267): CodeIgniter\Autoloader\Autoloader->loadInNamespace('App\\Controllers\\AdmPost')
 3 [internal function]: CodeIgniter\Autoloader\Autoloader->loadClass('App\\Controllers\\AdmPost')
 4 SYSTEMPATH\CodeIgniter.php(892): class_exists('\\App\\Controllers\\AdmPost', true)
 5 SYSTEMPATH\CodeIgniter.php(486): CodeIgniter\CodeIgniter->startController()
 6 SYSTEMPATH\CodeIgniter.php(368): CodeIgniter\CodeIgniter->handleRequest(null, Object(Config\Cache), false)
 7 FCPATH\index.php(67): CodeIgniter\CodeIgniter->run()
CRITICAL - 2024-07-08 17:50:00 --> syntax error, unexpected token ")"
in APPPATH\Controllers\AdmPost.php on line 46.
 1 SYSTEMPATH\Autoloader\Autoloader.php(289): CodeIgniter\Autoloader\Autoloader->includeFile('C:\\xampp\\htdocs\\codi\\app\\Controllers\\AdmPost.php')
 2 SYSTEMPATH\Autoloader\Autoloader.php(267): CodeIgniter\Autoloader\Autoloader->loadInNamespace('App\\Controllers\\AdmPost')
 3 [internal function]: CodeIgniter\Autoloader\Autoloader->loadClass('App\\Controllers\\AdmPost')
 4 SYSTEMPATH\CodeIgniter.php(892): class_exists('\\App\\Controllers\\AdmPost', true)
 5 SYSTEMPATH\CodeIgniter.php(486): CodeIgniter\CodeIgniter->startController()
 6 SYSTEMPATH\CodeIgniter.php(368): CodeIgniter\CodeIgniter->handleRequest(null, Object(Config\Cache), false)
 7 FCPATH\index.php(67): CodeIgniter\CodeIgniter->run()
CRITICAL - 2024-07-08 17:50:00 --> syntax error, unexpected token ")"
in APPPATH\Controllers\AdmPost.php on line 46.
 1 SYSTEMPATH\Autoloader\Autoloader.php(289): CodeIgniter\Autoloader\Autoloader->includeFile('C:\\xampp\\htdocs\\codi\\app\\Controllers\\AdmPost.php')
 2 SYSTEMPATH\Autoloader\Autoloader.php(267): CodeIgniter\Autoloader\Autoloader->loadInNamespace('App\\Controllers\\AdmPost')
 3 [internal function]: CodeIgniter\Autoloader\Autoloader->loadClass('App\\Controllers\\AdmPost')
 4 SYSTEMPATH\CodeIgniter.php(892): class_exists('\\App\\Controllers\\AdmPost', true)
 5 SYSTEMPATH\CodeIgniter.php(486): CodeIgniter\CodeIgniter->startController()
 6 SYSTEMPATH\CodeIgniter.php(368): CodeIgniter\CodeIgniter->handleRequest(null, Object(Config\Cache), false)
 7 FCPATH\index.php(67): CodeIgniter\CodeIgniter->run()
CRITICAL - 2024-07-08 17:50:04 --> syntax error, unexpected token "}"
in APPPATH\Controllers\AdmPost.php on line 49.
 1 SYSTEMPATH\Autoloader\Autoloader.php(289): CodeIgniter\Autoloader\Autoloader->includeFile('C:\\xampp\\htdocs\\codi\\app\\Controllers\\AdmPost.php')
 2 SYSTEMPATH\Autoloader\Autoloader.php(267): CodeIgniter\Autoloader\Autoloader->loadInNamespace('App\\Controllers\\AdmPost')
 3 [internal function]: CodeIgniter\Autoloader\Autoloader->loadClass('App\\Controllers\\AdmPost')
 4 SYSTEMPATH\CodeIgniter.php(892): class_exists('\\App\\Controllers\\AdmPost', true)
 5 SYSTEMPATH\CodeIgniter.php(486): CodeIgniter\CodeIgniter->startController()
 6 SYSTEMPATH\CodeIgniter.php(368): CodeIgniter\CodeIgniter->handleRequest(null, Object(Config\Cache), false)
 7 FCPATH\index.php(67): CodeIgniter\CodeIgniter->run()
CRITICAL - 2024-07-08 17:50:04 --> syntax error, unexpected token "}"
in APPPATH\Controllers\AdmPost.php on line 49.
 1 SYSTEMPATH\Autoloader\Autoloader.php(289): CodeIgniter\Autoloader\Autoloader->includeFile('C:\\xampp\\htdocs\\codi\\app\\Controllers\\AdmPost.php')
 2 SYSTEMPATH\Autoloader\Autoloader.php(267): CodeIgniter\Autoloader\Autoloader->loadInNamespace('App\\Controllers\\AdmPost')
 3 [internal function]: CodeIgniter\Autoloader\Autoloader->loadClass('App\\Controllers\\AdmPost')
 4 SYSTEMPATH\CodeIgniter.php(892): class_exists('\\App\\Controllers\\AdmPost', true)
 5 SYSTEMPATH\CodeIgniter.php(486): CodeIgniter\CodeIgniter->startController()
 6 SYSTEMPATH\CodeIgniter.php(368): CodeIgniter\CodeIgniter->handleRequest(null, Object(Config\Cache), false)
 7 FCPATH\index.php(67): CodeIgniter\CodeIgniter->run()
CRITICAL - 2024-07-08 17:50:05 --> syntax error, unexpected token "}"
in APPPATH\Controllers\AdmPost.php on line 49.
 1 SYSTEMPATH\Autoloader\Autoloader.php(289): CodeIgniter\Autoloader\Autoloader->includeFile('C:\\xampp\\htdocs\\codi\\app\\Controllers\\AdmPost.php')
 2 SYSTEMPATH\Autoloader\Autoloader.php(267): CodeIgniter\Autoloader\Autoloader->loadInNamespace('App\\Controllers\\AdmPost')
 3 [internal function]: CodeIgniter\Autoloader\Autoloader->loadClass('App\\Controllers\\AdmPost')
 4 SYSTEMPATH\CodeIgniter.php(892): class_exists('\\App\\Controllers\\AdmPost', true)
 5 SYSTEMPATH\CodeIgniter.php(486): CodeIgniter\CodeIgniter->startController()
 6 SYSTEMPATH\CodeIgniter.php(368): CodeIgniter\CodeIgniter->handleRequest(null, Object(Config\Cache), false)
 7 FCPATH\index.php(67): CodeIgniter\CodeIgniter->run()
CRITICAL - 2024-07-08 17:50:05 --> syntax error, unexpected token "}"
in APPPATH\Controllers\AdmPost.php on line 49.
 1 SYSTEMPATH\Autoloader\Autoloader.php(289): CodeIgniter\Autoloader\Autoloader->includeFile('C:\\xampp\\htdocs\\codi\\app\\Controllers\\AdmPost.php')
 2 SYSTEMPATH\Autoloader\Autoloader.php(267): CodeIgniter\Autoloader\Autoloader->loadInNamespace('App\\Controllers\\AdmPost')
 3 [internal function]: CodeIgniter\Autoloader\Autoloader->loadClass('App\\Controllers\\AdmPost')
 4 SYSTEMPATH\CodeIgniter.php(892): class_exists('\\App\\Controllers\\AdmPost', true)
 5 SYSTEMPATH\CodeIgniter.php(486): CodeIgniter\CodeIgniter->startController()
 6 SYSTEMPATH\CodeIgniter.php(368): CodeIgniter\CodeIgniter->handleRequest(null, Object(Config\Cache), false)
 7 FCPATH\index.php(67): CodeIgniter\CodeIgniter->run()
CRITICAL - 2024-07-08 17:50:06 --> syntax error, unexpected token "}"
in APPPATH\Controllers\AdmPost.php on line 49.
 1 SYSTEMPATH\Autoloader\Autoloader.php(289): CodeIgniter\Autoloader\Autoloader->includeFile('C:\\xampp\\htdocs\\codi\\app\\Controllers\\AdmPost.php')
 2 SYSTEMPATH\Autoloader\Autoloader.php(267): CodeIgniter\Autoloader\Autoloader->loadInNamespace('App\\Controllers\\AdmPost')
 3 [internal function]: CodeIgniter\Autoloader\Autoloader->loadClass('App\\Controllers\\AdmPost')
 4 SYSTEMPATH\CodeIgniter.php(892): class_exists('\\App\\Controllers\\AdmPost', true)
 5 SYSTEMPATH\CodeIgniter.php(486): CodeIgniter\CodeIgniter->startController()
 6 SYSTEMPATH\CodeIgniter.php(368): CodeIgniter\CodeIgniter->handleRequest(null, Object(Config\Cache), false)
 7 FCPATH\index.php(67): CodeIgniter\CodeIgniter->run()
CRITICAL - 2024-07-08 17:50:06 --> syntax error, unexpected token "}"
in APPPATH\Controllers\AdmPost.php on line 49.
 1 SYSTEMPATH\Autoloader\Autoloader.php(289): CodeIgniter\Autoloader\Autoloader->includeFile('C:\\xampp\\htdocs\\codi\\app\\Controllers\\AdmPost.php')
 2 SYSTEMPATH\Autoloader\Autoloader.php(267): CodeIgniter\Autoloader\Autoloader->loadInNamespace('App\\Controllers\\AdmPost')
 3 [internal function]: CodeIgniter\Autoloader\Autoloader->loadClass('App\\Controllers\\AdmPost')
 4 SYSTEMPATH\CodeIgniter.php(892): class_exists('\\App\\Controllers\\AdmPost', true)
 5 SYSTEMPATH\CodeIgniter.php(486): CodeIgniter\CodeIgniter->startController()
 6 SYSTEMPATH\CodeIgniter.php(368): CodeIgniter\CodeIgniter->handleRequest(null, Object(Config\Cache), false)
 7 FCPATH\index.php(67): CodeIgniter\CodeIgniter->run()
CRITICAL - 2024-07-08 17:50:07 --> syntax error, unexpected token "}"
in APPPATH\Controllers\AdmPost.php on line 49.
 1 SYSTEMPATH\Autoloader\Autoloader.php(289): CodeIgniter\Autoloader\Autoloader->includeFile('C:\\xampp\\htdocs\\codi\\app\\Controllers\\AdmPost.php')
 2 SYSTEMPATH\Autoloader\Autoloader.php(267): CodeIgniter\Autoloader\Autoloader->loadInNamespace('App\\Controllers\\AdmPost')
 3 [internal function]: CodeIgniter\Autoloader\Autoloader->loadClass('App\\Controllers\\AdmPost')
 4 SYSTEMPATH\CodeIgniter.php(892): class_exists('\\App\\Controllers\\AdmPost', true)
 5 SYSTEMPATH\CodeIgniter.php(486): CodeIgniter\CodeIgniter->startController()
 6 SYSTEMPATH\CodeIgniter.php(368): CodeIgniter\CodeIgniter->handleRequest(null, Object(Config\Cache), false)
 7 FCPATH\index.php(67): CodeIgniter\CodeIgniter->run()
CRITICAL - 2024-07-08 17:50:07 --> syntax error, unexpected token "}"
in APPPATH\Controllers\AdmPost.php on line 49.
 1 SYSTEMPATH\Autoloader\Autoloader.php(289): CodeIgniter\Autoloader\Autoloader->includeFile('C:\\xampp\\htdocs\\codi\\app\\Controllers\\AdmPost.php')
 2 SYSTEMPATH\Autoloader\Autoloader.php(267): CodeIgniter\Autoloader\Autoloader->loadInNamespace('App\\Controllers\\AdmPost')
 3 [internal function]: CodeIgniter\Autoloader\Autoloader->loadClass('App\\Controllers\\AdmPost')
 4 SYSTEMPATH\CodeIgniter.php(892): class_exists('\\App\\Controllers\\AdmPost', true)
 5 SYSTEMPATH\CodeIgniter.php(486): CodeIgniter\CodeIgniter->startController()
 6 SYSTEMPATH\CodeIgniter.php(368): CodeIgniter\CodeIgniter->handleRequest(null, Object(Config\Cache), false)
 7 FCPATH\index.php(67): CodeIgniter\CodeIgniter->run()
CRITICAL - 2024-07-08 17:50:08 --> syntax error, unexpected token "}"
in APPPATH\Controllers\AdmPost.php on line 49.
 1 SYSTEMPATH\Autoloader\Autoloader.php(289): CodeIgniter\Autoloader\Autoloader->includeFile('C:\\xampp\\htdocs\\codi\\app\\Controllers\\AdmPost.php')
 2 SYSTEMPATH\Autoloader\Autoloader.php(267): CodeIgniter\Autoloader\Autoloader->loadInNamespace('App\\Controllers\\AdmPost')
 3 [internal function]: CodeIgniter\Autoloader\Autoloader->loadClass('App\\Controllers\\AdmPost')
 4 SYSTEMPATH\CodeIgniter.php(892): class_exists('\\App\\Controllers\\AdmPost', true)
 5 SYSTEMPATH\CodeIgniter.php(486): CodeIgniter\CodeIgniter->startController()
 6 SYSTEMPATH\CodeIgniter.php(368): CodeIgniter\CodeIgniter->handleRequest(null, Object(Config\Cache), false)
 7 FCPATH\index.php(67): CodeIgniter\CodeIgniter->run()
CRITICAL - 2024-07-08 17:50:08 --> syntax error, unexpected token "}"
in APPPATH\Controllers\AdmPost.php on line 49.
 1 SYSTEMPATH\Autoloader\Autoloader.php(289): CodeIgniter\Autoloader\Autoloader->includeFile('C:\\xampp\\htdocs\\codi\\app\\Controllers\\AdmPost.php')
 2 SYSTEMPATH\Autoloader\Autoloader.php(267): CodeIgniter\Autoloader\Autoloader->loadInNamespace('App\\Controllers\\AdmPost')
 3 [internal function]: CodeIgniter\Autoloader\Autoloader->loadClass('App\\Controllers\\AdmPost')
 4 SYSTEMPATH\CodeIgniter.php(892): class_exists('\\App\\Controllers\\AdmPost', true)
 5 SYSTEMPATH\CodeIgniter.php(486): CodeIgniter\CodeIgniter->startController()
 6 SYSTEMPATH\CodeIgniter.php(368): CodeIgniter\CodeIgniter->handleRequest(null, Object(Config\Cache), false)
 7 FCPATH\index.php(67): CodeIgniter\CodeIgniter->run()
CRITICAL - 2024-07-08 17:51:21 --> syntax error, unexpected token ","
in APPPATH\Controllers\AdmPost.php on line 53.
 1 SYSTEMPATH\Autoloader\Autoloader.php(289): CodeIgniter\Autoloader\Autoloader->includeFile('C:\\xampp\\htdocs\\codi\\app\\Controllers\\AdmPost.php')
 2 SYSTEMPATH\Autoloader\Autoloader.php(267): CodeIgniter\Autoloader\Autoloader->loadInNamespace('App\\Controllers\\AdmPost')
 3 [internal function]: CodeIgniter\Autoloader\Autoloader->loadClass('App\\Controllers\\AdmPost')
 4 SYSTEMPATH\CodeIgniter.php(892): class_exists('\\App\\Controllers\\AdmPost', true)
 5 SYSTEMPATH\CodeIgniter.php(486): CodeIgniter\CodeIgniter->startController()
 6 SYSTEMPATH\CodeIgniter.php(368): CodeIgniter\CodeIgniter->handleRequest(null, Object(Config\Cache), false)
 7 FCPATH\index.php(67): CodeIgniter\CodeIgniter->run()
CRITICAL - 2024-07-08 17:51:21 --> syntax error, unexpected token ","
in APPPATH\Controllers\AdmPost.php on line 53.
 1 SYSTEMPATH\Autoloader\Autoloader.php(289): CodeIgniter\Autoloader\Autoloader->includeFile('C:\\xampp\\htdocs\\codi\\app\\Controllers\\AdmPost.php')
 2 SYSTEMPATH\Autoloader\Autoloader.php(267): CodeIgniter\Autoloader\Autoloader->loadInNamespace('App\\Controllers\\AdmPost')
 3 [internal function]: CodeIgniter\Autoloader\Autoloader->loadClass('App\\Controllers\\AdmPost')
 4 SYSTEMPATH\CodeIgniter.php(892): class_exists('\\App\\Controllers\\AdmPost', true)
 5 SYSTEMPATH\CodeIgniter.php(486): CodeIgniter\CodeIgniter->startController()
 6 SYSTEMPATH\CodeIgniter.php(368): CodeIgniter\CodeIgniter->handleRequest(null, Object(Config\Cache), false)
 7 FCPATH\index.php(67): CodeIgniter\CodeIgniter->run()
CRITICAL - 2024-07-08 17:51:22 --> syntax error, unexpected token ","
in APPPATH\Controllers\AdmPost.php on line 53.
 1 SYSTEMPATH\Autoloader\Autoloader.php(289): CodeIgniter\Autoloader\Autoloader->includeFile('C:\\xampp\\htdocs\\codi\\app\\Controllers\\AdmPost.php')
 2 SYSTEMPATH\Autoloader\Autoloader.php(267): CodeIgniter\Autoloader\Autoloader->loadInNamespace('App\\Controllers\\AdmPost')
 3 [internal function]: CodeIgniter\Autoloader\Autoloader->loadClass('App\\Controllers\\AdmPost')
 4 SYSTEMPATH\CodeIgniter.php(892): class_exists('\\App\\Controllers\\AdmPost', true)
 5 SYSTEMPATH\CodeIgniter.php(486): CodeIgniter\CodeIgniter->startController()
 6 SYSTEMPATH\CodeIgniter.php(368): CodeIgniter\CodeIgniter->handleRequest(null, Object(Config\Cache), false)
 7 FCPATH\index.php(67): CodeIgniter\CodeIgniter->run()
CRITICAL - 2024-07-08 17:51:22 --> syntax error, unexpected token ","
in APPPATH\Controllers\AdmPost.php on line 53.
 1 SYSTEMPATH\Autoloader\Autoloader.php(289): CodeIgniter\Autoloader\Autoloader->includeFile('C:\\xampp\\htdocs\\codi\\app\\Controllers\\AdmPost.php')
 2 SYSTEMPATH\Autoloader\Autoloader.php(267): CodeIgniter\Autoloader\Autoloader->loadInNamespace('App\\Controllers\\AdmPost')
 3 [internal function]: CodeIgniter\Autoloader\Autoloader->loadClass('App\\Controllers\\AdmPost')
 4 SYSTEMPATH\CodeIgniter.php(892): class_exists('\\App\\Controllers\\AdmPost', true)
 5 SYSTEMPATH\CodeIgniter.php(486): CodeIgniter\CodeIgniter->startController()
 6 SYSTEMPATH\CodeIgniter.php(368): CodeIgniter\CodeIgniter->handleRequest(null, Object(Config\Cache), false)
 7 FCPATH\index.php(67): CodeIgniter\CodeIgniter->run()
CRITICAL - 2024-07-08 17:51:23 --> syntax error, unexpected token ","
in APPPATH\Controllers\AdmPost.php on line 53.
 1 SYSTEMPATH\Autoloader\Autoloader.php(289): CodeIgniter\Autoloader\Autoloader->includeFile('C:\\xampp\\htdocs\\codi\\app\\Controllers\\AdmPost.php')
 2 SYSTEMPATH\Autoloader\Autoloader.php(267): CodeIgniter\Autoloader\Autoloader->loadInNamespace('App\\Controllers\\AdmPost')
 3 [internal function]: CodeIgniter\Autoloader\Autoloader->loadClass('App\\Controllers\\AdmPost')
 4 SYSTEMPATH\CodeIgniter.php(892): class_exists('\\App\\Controllers\\AdmPost', true)
 5 SYSTEMPATH\CodeIgniter.php(486): CodeIgniter\CodeIgniter->startController()
 6 SYSTEMPATH\CodeIgniter.php(368): CodeIgniter\CodeIgniter->handleRequest(null, Object(Config\Cache), false)
 7 FCPATH\index.php(67): CodeIgniter\CodeIgniter->run()
CRITICAL - 2024-07-08 17:51:23 --> syntax error, unexpected token ","
in APPPATH\Controllers\AdmPost.php on line 53.
 1 SYSTEMPATH\Autoloader\Autoloader.php(289): CodeIgniter\Autoloader\Autoloader->includeFile('C:\\xampp\\htdocs\\codi\\app\\Controllers\\AdmPost.php')
 2 SYSTEMPATH\Autoloader\Autoloader.php(267): CodeIgniter\Autoloader\Autoloader->loadInNamespace('App\\Controllers\\AdmPost')
 3 [internal function]: CodeIgniter\Autoloader\Autoloader->loadClass('App\\Controllers\\AdmPost')
 4 SYSTEMPATH\CodeIgniter.php(892): class_exists('\\App\\Controllers\\AdmPost', true)
 5 SYSTEMPATH\CodeIgniter.php(486): CodeIgniter\CodeIgniter->startController()
 6 SYSTEMPATH\CodeIgniter.php(368): CodeIgniter\CodeIgniter->handleRequest(null, Object(Config\Cache), false)
 7 FCPATH\index.php(67): CodeIgniter\CodeIgniter->run()
CRITICAL - 2024-07-08 17:51:27 --> syntax error, unexpected token ")"
in APPPATH\Controllers\AdmPost.php on line 56.
 1 SYSTEMPATH\Autoloader\Autoloader.php(289): CodeIgniter\Autoloader\Autoloader->includeFile('C:\\xampp\\htdocs\\codi\\app\\Controllers\\AdmPost.php')
 2 SYSTEMPATH\Autoloader\Autoloader.php(267): CodeIgniter\Autoloader\Autoloader->loadInNamespace('App\\Controllers\\AdmPost')
 3 [internal function]: CodeIgniter\Autoloader\Autoloader->loadClass('App\\Controllers\\AdmPost')
 4 SYSTEMPATH\CodeIgniter.php(892): class_exists('\\App\\Controllers\\AdmPost', true)
 5 SYSTEMPATH\CodeIgniter.php(486): CodeIgniter\CodeIgniter->startController()
 6 SYSTEMPATH\CodeIgniter.php(368): CodeIgniter\CodeIgniter->handleRequest(null, Object(Config\Cache), false)
 7 FCPATH\index.php(67): CodeIgniter\CodeIgniter->run()
CRITICAL - 2024-07-08 17:51:27 --> syntax error, unexpected token ")"
in APPPATH\Controllers\AdmPost.php on line 56.
 1 SYSTEMPATH\Autoloader\Autoloader.php(289): CodeIgniter\Autoloader\Autoloader->includeFile('C:\\xampp\\htdocs\\codi\\app\\Controllers\\AdmPost.php')
 2 SYSTEMPATH\Autoloader\Autoloader.php(267): CodeIgniter\Autoloader\Autoloader->loadInNamespace('App\\Controllers\\AdmPost')
 3 [internal function]: CodeIgniter\Autoloader\Autoloader->loadClass('App\\Controllers\\AdmPost')
 4 SYSTEMPATH\CodeIgniter.php(892): class_exists('\\App\\Controllers\\AdmPost', true)
 5 SYSTEMPATH\CodeIgniter.php(486): CodeIgniter\CodeIgniter->startController()
 6 SYSTEMPATH\CodeIgniter.php(368): CodeIgniter\CodeIgniter->handleRequest(null, Object(Config\Cache), false)
 7 FCPATH\index.php(67): CodeIgniter\CodeIgniter->run()
CRITICAL - 2024-07-08 14:59:27 --> Trying to access array offset on value of type null
in APPPATH\Controllers\AdmPost.php on line 51.
 1 APPPATH\Controllers\AdmPost.php(51): CodeIgniter\Debug\Exceptions->errorHandler(2, 'Trying to access array offset on value of type null', 'C:\\xampp\\htdocs\\codi\\app\\Controllers\\AdmPost.php', 51)
 2 SYSTEMPATH\CodeIgniter.php(934): App\Controllers\AdmPost->lista_corte()
 3 SYSTEMPATH\CodeIgniter.php(499): CodeIgniter\CodeIgniter->runController(Object(App\Controllers\AdmPost))
 4 SYSTEMPATH\CodeIgniter.php(368): CodeIgniter\CodeIgniter->handleRequest(null, Object(Config\Cache), false)
 5 FCPATH\index.php(67): CodeIgniter\CodeIgniter->run()
CRITICAL - 2024-07-08 15:00:28 --> Trying to access array offset on value of type null
in APPPATH\Controllers\AdmPost.php on line 50.
 1 APPPATH\Controllers\AdmPost.php(50): CodeIgniter\Debug\Exceptions->errorHandler(2, 'Trying to access array offset on value of type null', 'C:\\xampp\\htdocs\\codi\\app\\Controllers\\AdmPost.php', 50)
 2 SYSTEMPATH\CodeIgniter.php(934): App\Controllers\AdmPost->lista_corte()
 3 SYSTEMPATH\CodeIgniter.php(499): CodeIgniter\CodeIgniter->runController(Object(App\Controllers\AdmPost))
 4 SYSTEMPATH\CodeIgniter.php(368): CodeIgniter\CodeIgniter->handleRequest(null, Object(Config\Cache), false)
 5 FCPATH\index.php(67): CodeIgniter\CodeIgniter->run()
CRITICAL - 2024-07-08 15:00:28 --> Trying to access array offset on value of type null
in APPPATH\Controllers\AdmPost.php on line 50.
 1 APPPATH\Controllers\AdmPost.php(50): CodeIgniter\Debug\Exceptions->errorHandler(2, 'Trying to access array offset on value of type null', 'C:\\xampp\\htdocs\\codi\\app\\Controllers\\AdmPost.php', 50)
 2 SYSTEMPATH\CodeIgniter.php(934): App\Controllers\AdmPost->lista_corte()
 3 SYSTEMPATH\CodeIgniter.php(499): CodeIgniter\CodeIgniter->runController(Object(App\Controllers\AdmPost))
 4 SYSTEMPATH\CodeIgniter.php(368): CodeIgniter\CodeIgniter->handleRequest(null, Object(Config\Cache), false)
 5 FCPATH\index.php(67): CodeIgniter\CodeIgniter->run()
CRITICAL - 2024-07-08 15:00:29 --> Trying to access array offset on value of type null
in APPPATH\Controllers\AdmPost.php on line 50.
 1 APPPATH\Controllers\AdmPost.php(50): CodeIgniter\Debug\Exceptions->errorHandler(2, 'Trying to access array offset on value of type null', 'C:\\xampp\\htdocs\\codi\\app\\Controllers\\AdmPost.php', 50)
 2 SYSTEMPATH\CodeIgniter.php(934): App\Controllers\AdmPost->lista_corte()
 3 SYSTEMPATH\CodeIgniter.php(499): CodeIgniter\CodeIgniter->runController(Object(App\Controllers\AdmPost))
 4 SYSTEMPATH\CodeIgniter.php(368): CodeIgniter\CodeIgniter->handleRequest(null, Object(Config\Cache), false)
 5 FCPATH\index.php(67): CodeIgniter\CodeIgniter->run()
CRITICAL - 2024-07-08 15:00:30 --> Trying to access array offset on value of type null
in APPPATH\Controllers\AdmPost.php on line 50.
 1 APPPATH\Controllers\AdmPost.php(50): CodeIgniter\Debug\Exceptions->errorHandler(2, 'Trying to access array offset on value of type null', 'C:\\xampp\\htdocs\\codi\\app\\Controllers\\AdmPost.php', 50)
 2 SYSTEMPATH\CodeIgniter.php(934): App\Controllers\AdmPost->lista_corte()
 3 SYSTEMPATH\CodeIgniter.php(499): CodeIgniter\CodeIgniter->runController(Object(App\Controllers\AdmPost))
 4 SYSTEMPATH\CodeIgniter.php(368): CodeIgniter\CodeIgniter->handleRequest(null, Object(Config\Cache), false)
 5 FCPATH\index.php(67): CodeIgniter\CodeIgniter->run()
CRITICAL - 2024-07-08 15:00:31 --> Trying to access array offset on value of type null
in APPPATH\Controllers\AdmPost.php on line 50.
 1 APPPATH\Controllers\AdmPost.php(50): CodeIgniter\Debug\Exceptions->errorHandler(2, 'Trying to access array offset on value of type null', 'C:\\xampp\\htdocs\\codi\\app\\Controllers\\AdmPost.php', 50)
 2 SYSTEMPATH\CodeIgniter.php(934): App\Controllers\AdmPost->lista_corte()
 3 SYSTEMPATH\CodeIgniter.php(499): CodeIgniter\CodeIgniter->runController(Object(App\Controllers\AdmPost))
 4 SYSTEMPATH\CodeIgniter.php(368): CodeIgniter\CodeIgniter->handleRequest(null, Object(Config\Cache), false)
 5 FCPATH\index.php(67): CodeIgniter\CodeIgniter->run()
CRITICAL - 2024-07-08 15:00:32 --> Trying to access array offset on value of type null
in APPPATH\Controllers\AdmPost.php on line 50.
 1 APPPATH\Controllers\AdmPost.php(50): CodeIgniter\Debug\Exceptions->errorHandler(2, 'Trying to access array offset on value of type null', 'C:\\xampp\\htdocs\\codi\\app\\Controllers\\AdmPost.php', 50)
 2 SYSTEMPATH\CodeIgniter.php(934): App\Controllers\AdmPost->lista_corte()
 3 SYSTEMPATH\CodeIgniter.php(499): CodeIgniter\CodeIgniter->runController(Object(App\Controllers\AdmPost))
 4 SYSTEMPATH\CodeIgniter.php(368): CodeIgniter\CodeIgniter->handleRequest(null, Object(Config\Cache), false)
 5 FCPATH\index.php(67): CodeIgniter\CodeIgniter->run()
CRITICAL - 2024-07-08 15:00:33 --> Trying to access array offset on value of type null
in APPPATH\Controllers\AdmPost.php on line 50.
 1 APPPATH\Controllers\AdmPost.php(50): CodeIgniter\Debug\Exceptions->errorHandler(2, 'Trying to access array offset on value of type null', 'C:\\xampp\\htdocs\\codi\\app\\Controllers\\AdmPost.php', 50)
 2 SYSTEMPATH\CodeIgniter.php(934): App\Controllers\AdmPost->lista_corte()
 3 SYSTEMPATH\CodeIgniter.php(499): CodeIgniter\CodeIgniter->runController(Object(App\Controllers\AdmPost))
 4 SYSTEMPATH\CodeIgniter.php(368): CodeIgniter\CodeIgniter->handleRequest(null, Object(Config\Cache), false)
 5 FCPATH\index.php(67): CodeIgniter\CodeIgniter->run()
CRITICAL - 2024-07-08 15:00:34 --> Trying to access array offset on value of type null
in APPPATH\Controllers\AdmPost.php on line 50.
 1 APPPATH\Controllers\AdmPost.php(50): CodeIgniter\Debug\Exceptions->errorHandler(2, 'Trying to access array offset on value of type null', 'C:\\xampp\\htdocs\\codi\\app\\Controllers\\AdmPost.php', 50)
 2 SYSTEMPATH\CodeIgniter.php(934): App\Controllers\AdmPost->lista_corte()
 3 SYSTEMPATH\CodeIgniter.php(499): CodeIgniter\CodeIgniter->runController(Object(App\Controllers\AdmPost))
 4 SYSTEMPATH\CodeIgniter.php(368): CodeIgniter\CodeIgniter->handleRequest(null, Object(Config\Cache), false)
 5 FCPATH\index.php(67): CodeIgniter\CodeIgniter->run()
CRITICAL - 2024-07-08 15:00:35 --> Trying to access array offset on value of type null
in APPPATH\Controllers\AdmPost.php on line 50.
 1 APPPATH\Controllers\AdmPost.php(50): CodeIgniter\Debug\Exceptions->errorHandler(2, 'Trying to access array offset on value of type null', 'C:\\xampp\\htdocs\\codi\\app\\Controllers\\AdmPost.php', 50)
 2 SYSTEMPATH\CodeIgniter.php(934): App\Controllers\AdmPost->lista_corte()
 3 SYSTEMPATH\CodeIgniter.php(499): CodeIgniter\CodeIgniter->runController(Object(App\Controllers\AdmPost))
 4 SYSTEMPATH\CodeIgniter.php(368): CodeIgniter\CodeIgniter->handleRequest(null, Object(Config\Cache), false)
 5 FCPATH\index.php(67): CodeIgniter\CodeIgniter->run()
CRITICAL - 2024-07-08 15:00:37 --> Trying to access array offset on value of type null
in APPPATH\Controllers\AdmPost.php on line 50.
 1 APPPATH\Controllers\AdmPost.php(50): CodeIgniter\Debug\Exceptions->errorHandler(2, 'Trying to access array offset on value of type null', 'C:\\xampp\\htdocs\\codi\\app\\Controllers\\AdmPost.php', 50)
 2 SYSTEMPATH\CodeIgniter.php(934): App\Controllers\AdmPost->lista_corte()
 3 SYSTEMPATH\CodeIgniter.php(499): CodeIgniter\CodeIgniter->runController(Object(App\Controllers\AdmPost))
 4 SYSTEMPATH\CodeIgniter.php(368): CodeIgniter\CodeIgniter->handleRequest(null, Object(Config\Cache), false)
 5 FCPATH\index.php(67): CodeIgniter\CodeIgniter->run()
CRITICAL - 2024-07-08 15:00:37 --> Trying to access array offset on value of type null
in APPPATH\Controllers\AdmPost.php on line 50.
 1 APPPATH\Controllers\AdmPost.php(50): CodeIgniter\Debug\Exceptions->errorHandler(2, 'Trying to access array offset on value of type null', 'C:\\xampp\\htdocs\\codi\\app\\Controllers\\AdmPost.php', 50)
 2 SYSTEMPATH\CodeIgniter.php(934): App\Controllers\AdmPost->lista_corte()
 3 SYSTEMPATH\CodeIgniter.php(499): CodeIgniter\CodeIgniter->runController(Object(App\Controllers\AdmPost))
 4 SYSTEMPATH\CodeIgniter.php(368): CodeIgniter\CodeIgniter->handleRequest(null, Object(Config\Cache), false)
 5 FCPATH\index.php(67): CodeIgniter\CodeIgniter->run()
CRITICAL - 2024-07-08 15:00:38 --> Trying to access array offset on value of type null
in APPPATH\Controllers\AdmPost.php on line 50.
 1 APPPATH\Controllers\AdmPost.php(50): CodeIgniter\Debug\Exceptions->errorHandler(2, 'Trying to access array offset on value of type null', 'C:\\xampp\\htdocs\\codi\\app\\Controllers\\AdmPost.php', 50)
 2 SYSTEMPATH\CodeIgniter.php(934): App\Controllers\AdmPost->lista_corte()
 3 SYSTEMPATH\CodeIgniter.php(499): CodeIgniter\CodeIgniter->runController(Object(App\Controllers\AdmPost))
 4 SYSTEMPATH\CodeIgniter.php(368): CodeIgniter\CodeIgniter->handleRequest(null, Object(Config\Cache), false)
 5 FCPATH\index.php(67): CodeIgniter\CodeIgniter->run()
CRITICAL - 2024-07-08 15:00:39 --> Trying to access array offset on value of type null
in APPPATH\Controllers\AdmPost.php on line 50.
 1 APPPATH\Controllers\AdmPost.php(50): CodeIgniter\Debug\Exceptions->errorHandler(2, 'Trying to access array offset on value of type null', 'C:\\xampp\\htdocs\\codi\\app\\Controllers\\AdmPost.php', 50)
 2 SYSTEMPATH\CodeIgniter.php(934): App\Controllers\AdmPost->lista_corte()
 3 SYSTEMPATH\CodeIgniter.php(499): CodeIgniter\CodeIgniter->runController(Object(App\Controllers\AdmPost))
 4 SYSTEMPATH\CodeIgniter.php(368): CodeIgniter\CodeIgniter->handleRequest(null, Object(Config\Cache), false)
 5 FCPATH\index.php(67): CodeIgniter\CodeIgniter->run()
CRITICAL - 2024-07-08 15:00:40 --> Trying to access array offset on value of type null
in APPPATH\Controllers\AdmPost.php on line 50.
 1 APPPATH\Controllers\AdmPost.php(50): CodeIgniter\Debug\Exceptions->errorHandler(2, 'Trying to access array offset on value of type null', 'C:\\xampp\\htdocs\\codi\\app\\Controllers\\AdmPost.php', 50)
 2 SYSTEMPATH\CodeIgniter.php(934): App\Controllers\AdmPost->lista_corte()
 3 SYSTEMPATH\CodeIgniter.php(499): CodeIgniter\CodeIgniter->runController(Object(App\Controllers\AdmPost))
 4 SYSTEMPATH\CodeIgniter.php(368): CodeIgniter\CodeIgniter->handleRequest(null, Object(Config\Cache), false)
 5 FCPATH\index.php(67): CodeIgniter\CodeIgniter->run()
CRITICAL - 2024-07-08 15:00:41 --> Trying to access array offset on value of type null
in APPPATH\Controllers\AdmPost.php on line 50.
 1 APPPATH\Controllers\AdmPost.php(50): CodeIgniter\Debug\Exceptions->errorHandler(2, 'Trying to access array offset on value of type null', 'C:\\xampp\\htdocs\\codi\\app\\Controllers\\AdmPost.php', 50)
 2 SYSTEMPATH\CodeIgniter.php(934): App\Controllers\AdmPost->lista_corte()
 3 SYSTEMPATH\CodeIgniter.php(499): CodeIgniter\CodeIgniter->runController(Object(App\Controllers\AdmPost))
 4 SYSTEMPATH\CodeIgniter.php(368): CodeIgniter\CodeIgniter->handleRequest(null, Object(Config\Cache), false)
 5 FCPATH\index.php(67): CodeIgniter\CodeIgniter->run()
CRITICAL - 2024-07-08 15:00:42 --> Trying to access array offset on value of type null
in APPPATH\Controllers\AdmPost.php on line 50.
 1 APPPATH\Controllers\AdmPost.php(50): CodeIgniter\Debug\Exceptions->errorHandler(2, 'Trying to access array offset on value of type null', 'C:\\xampp\\htdocs\\codi\\app\\Controllers\\AdmPost.php', 50)
 2 SYSTEMPATH\CodeIgniter.php(934): App\Controllers\AdmPost->lista_corte()
 3 SYSTEMPATH\CodeIgniter.php(499): CodeIgniter\CodeIgniter->runController(Object(App\Controllers\AdmPost))
 4 SYSTEMPATH\CodeIgniter.php(368): CodeIgniter\CodeIgniter->handleRequest(null, Object(Config\Cache), false)
 5 FCPATH\index.php(67): CodeIgniter\CodeIgniter->run()
CRITICAL - 2024-07-08 15:00:43 --> Trying to access array offset on value of type null
in APPPATH\Controllers\AdmPost.php on line 50.
 1 APPPATH\Controllers\AdmPost.php(50): CodeIgniter\Debug\Exceptions->errorHandler(2, 'Trying to access array offset on value of type null', 'C:\\xampp\\htdocs\\codi\\app\\Controllers\\AdmPost.php', 50)
 2 SYSTEMPATH\CodeIgniter.php(934): App\Controllers\AdmPost->lista_corte()
 3 SYSTEMPATH\CodeIgniter.php(499): CodeIgniter\CodeIgniter->runController(Object(App\Controllers\AdmPost))
 4 SYSTEMPATH\CodeIgniter.php(368): CodeIgniter\CodeIgniter->handleRequest(null, Object(Config\Cache), false)
 5 FCPATH\index.php(67): CodeIgniter\CodeIgniter->run()
CRITICAL - 2024-07-08 15:00:44 --> Trying to access array offset on value of type null
in APPPATH\Controllers\AdmPost.php on line 50.
 1 APPPATH\Controllers\AdmPost.php(50): CodeIgniter\Debug\Exceptions->errorHandler(2, 'Trying to access array offset on value of type null', 'C:\\xampp\\htdocs\\codi\\app\\Controllers\\AdmPost.php', 50)
 2 SYSTEMPATH\CodeIgniter.php(934): App\Controllers\AdmPost->lista_corte()
 3 SYSTEMPATH\CodeIgniter.php(499): CodeIgniter\CodeIgniter->runController(Object(App\Controllers\AdmPost))
 4 SYSTEMPATH\CodeIgniter.php(368): CodeIgniter\CodeIgniter->handleRequest(null, Object(Config\Cache), false)
 5 FCPATH\index.php(67): CodeIgniter\CodeIgniter->run()
CRITICAL - 2024-07-08 15:00:45 --> Trying to access array offset on value of type null
in APPPATH\Controllers\AdmPost.php on line 50.
 1 APPPATH\Controllers\AdmPost.php(50): CodeIgniter\Debug\Exceptions->errorHandler(2, 'Trying to access array offset on value of type null', 'C:\\xampp\\htdocs\\codi\\app\\Controllers\\AdmPost.php', 50)
 2 SYSTEMPATH\CodeIgniter.php(934): App\Controllers\AdmPost->lista_corte()
 3 SYSTEMPATH\CodeIgniter.php(499): CodeIgniter\CodeIgniter->runController(Object(App\Controllers\AdmPost))
 4 SYSTEMPATH\CodeIgniter.php(368): CodeIgniter\CodeIgniter->handleRequest(null, Object(Config\Cache), false)
 5 FCPATH\index.php(67): CodeIgniter\CodeIgniter->run()
CRITICAL - 2024-07-08 15:00:46 --> Trying to access array offset on value of type null
in APPPATH\Controllers\AdmPost.php on line 50.
 1 APPPATH\Controllers\AdmPost.php(50): CodeIgniter\Debug\Exceptions->errorHandler(2, 'Trying to access array offset on value of type null', 'C:\\xampp\\htdocs\\codi\\app\\Controllers\\AdmPost.php', 50)
 2 SYSTEMPATH\CodeIgniter.php(934): App\Controllers\AdmPost->lista_corte()
 3 SYSTEMPATH\CodeIgniter.php(499): CodeIgniter\CodeIgniter->runController(Object(App\Controllers\AdmPost))
 4 SYSTEMPATH\CodeIgniter.php(368): CodeIgniter\CodeIgniter->handleRequest(null, Object(Config\Cache), false)
 5 FCPATH\index.php(67): CodeIgniter\CodeIgniter->run()
CRITICAL - 2024-07-08 15:00:47 --> Trying to access array offset on value of type null
in APPPATH\Controllers\AdmPost.php on line 50.
 1 APPPATH\Controllers\AdmPost.php(50): CodeIgniter\Debug\Exceptions->errorHandler(2, 'Trying to access array offset on value of type null', 'C:\\xampp\\htdocs\\codi\\app\\Controllers\\AdmPost.php', 50)
 2 SYSTEMPATH\CodeIgniter.php(934): App\Controllers\AdmPost->lista_corte()
 3 SYSTEMPATH\CodeIgniter.php(499): CodeIgniter\CodeIgniter->runController(Object(App\Controllers\AdmPost))
 4 SYSTEMPATH\CodeIgniter.php(368): CodeIgniter\CodeIgniter->handleRequest(null, Object(Config\Cache), false)
 5 FCPATH\index.php(67): CodeIgniter\CodeIgniter->run()
CRITICAL - 2024-07-08 15:00:48 --> Trying to access array offset on value of type null
in APPPATH\Controllers\AdmPost.php on line 50.
 1 APPPATH\Controllers\AdmPost.php(50): CodeIgniter\Debug\Exceptions->errorHandler(2, 'Trying to access array offset on value of type null', 'C:\\xampp\\htdocs\\codi\\app\\Controllers\\AdmPost.php', 50)
 2 SYSTEMPATH\CodeIgniter.php(934): App\Controllers\AdmPost->lista_corte()
 3 SYSTEMPATH\CodeIgniter.php(499): CodeIgniter\CodeIgniter->runController(Object(App\Controllers\AdmPost))
 4 SYSTEMPATH\CodeIgniter.php(368): CodeIgniter\CodeIgniter->handleRequest(null, Object(Config\Cache), false)
 5 FCPATH\index.php(67): CodeIgniter\CodeIgniter->run()
CRITICAL - 2024-07-08 15:00:49 --> Trying to access array offset on value of type null
in APPPATH\Controllers\AdmPost.php on line 50.
 1 APPPATH\Controllers\AdmPost.php(50): CodeIgniter\Debug\Exceptions->errorHandler(2, 'Trying to access array offset on value of type null', 'C:\\xampp\\htdocs\\codi\\app\\Controllers\\AdmPost.php', 50)
 2 SYSTEMPATH\CodeIgniter.php(934): App\Controllers\AdmPost->lista_corte()
 3 SYSTEMPATH\CodeIgniter.php(499): CodeIgniter\CodeIgniter->runController(Object(App\Controllers\AdmPost))
 4 SYSTEMPATH\CodeIgniter.php(368): CodeIgniter\CodeIgniter->handleRequest(null, Object(Config\Cache), false)
 5 FCPATH\index.php(67): CodeIgniter\CodeIgniter->run()
CRITICAL - 2024-07-08 15:00:50 --> Trying to access array offset on value of type null
in APPPATH\Controllers\AdmPost.php on line 50.
 1 APPPATH\Controllers\AdmPost.php(50): CodeIgniter\Debug\Exceptions->errorHandler(2, 'Trying to access array offset on value of type null', 'C:\\xampp\\htdocs\\codi\\app\\Controllers\\AdmPost.php', 50)
 2 SYSTEMPATH\CodeIgniter.php(934): App\Controllers\AdmPost->lista_corte()
 3 SYSTEMPATH\CodeIgniter.php(499): CodeIgniter\CodeIgniter->runController(Object(App\Controllers\AdmPost))
 4 SYSTEMPATH\CodeIgniter.php(368): CodeIgniter\CodeIgniter->handleRequest(null, Object(Config\Cache), false)
 5 FCPATH\index.php(67): CodeIgniter\CodeIgniter->run()
CRITICAL - 2024-07-08 15:00:51 --> Trying to access array offset on value of type null
in APPPATH\Controllers\AdmPost.php on line 50.
 1 APPPATH\Controllers\AdmPost.php(50): CodeIgniter\Debug\Exceptions->errorHandler(2, 'Trying to access array offset on value of type null', 'C:\\xampp\\htdocs\\codi\\app\\Controllers\\AdmPost.php', 50)
 2 SYSTEMPATH\CodeIgniter.php(934): App\Controllers\AdmPost->lista_corte()
 3 SYSTEMPATH\CodeIgniter.php(499): CodeIgniter\CodeIgniter->runController(Object(App\Controllers\AdmPost))
 4 SYSTEMPATH\CodeIgniter.php(368): CodeIgniter\CodeIgniter->handleRequest(null, Object(Config\Cache), false)
 5 FCPATH\index.php(67): CodeIgniter\CodeIgniter->run()
CRITICAL - 2024-07-08 15:00:52 --> Trying to access array offset on value of type null
in APPPATH\Controllers\AdmPost.php on line 50.
 1 APPPATH\Controllers\AdmPost.php(50): CodeIgniter\Debug\Exceptions->errorHandler(2, 'Trying to access array offset on value of type null', 'C:\\xampp\\htdocs\\codi\\app\\Controllers\\AdmPost.php', 50)
 2 SYSTEMPATH\CodeIgniter.php(934): App\Controllers\AdmPost->lista_corte()
 3 SYSTEMPATH\CodeIgniter.php(499): CodeIgniter\CodeIgniter->runController(Object(App\Controllers\AdmPost))
 4 SYSTEMPATH\CodeIgniter.php(368): CodeIgniter\CodeIgniter->handleRequest(null, Object(Config\Cache), false)
 5 FCPATH\index.php(67): CodeIgniter\CodeIgniter->run()
CRITICAL - 2024-07-08 15:00:53 --> Trying to access array offset on value of type null
in APPPATH\Controllers\AdmPost.php on line 50.
 1 APPPATH\Controllers\AdmPost.php(50): CodeIgniter\Debug\Exceptions->errorHandler(2, 'Trying to access array offset on value of type null', 'C:\\xampp\\htdocs\\codi\\app\\Controllers\\AdmPost.php', 50)
 2 SYSTEMPATH\CodeIgniter.php(934): App\Controllers\AdmPost->lista_corte()
 3 SYSTEMPATH\CodeIgniter.php(499): CodeIgniter\CodeIgniter->runController(Object(App\Controllers\AdmPost))
 4 SYSTEMPATH\CodeIgniter.php(368): CodeIgniter\CodeIgniter->handleRequest(null, Object(Config\Cache), false)
 5 FCPATH\index.php(67): CodeIgniter\CodeIgniter->run()
CRITICAL - 2024-07-08 15:00:54 --> Trying to access array offset on value of type null
in APPPATH\Controllers\AdmPost.php on line 50.
 1 APPPATH\Controllers\AdmPost.php(50): CodeIgniter\Debug\Exceptions->errorHandler(2, 'Trying to access array offset on value of type null', 'C:\\xampp\\htdocs\\codi\\app\\Controllers\\AdmPost.php', 50)
 2 SYSTEMPATH\CodeIgniter.php(934): App\Controllers\AdmPost->lista_corte()
 3 SYSTEMPATH\CodeIgniter.php(499): CodeIgniter\CodeIgniter->runController(Object(App\Controllers\AdmPost))
 4 SYSTEMPATH\CodeIgniter.php(368): CodeIgniter\CodeIgniter->handleRequest(null, Object(Config\Cache), false)
 5 FCPATH\index.php(67): CodeIgniter\CodeIgniter->run()
CRITICAL - 2024-07-08 15:00:55 --> Trying to access array offset on value of type null
in APPPATH\Controllers\AdmPost.php on line 50.
 1 APPPATH\Controllers\AdmPost.php(50): CodeIgniter\Debug\Exceptions->errorHandler(2, 'Trying to access array offset on value of type null', 'C:\\xampp\\htdocs\\codi\\app\\Controllers\\AdmPost.php', 50)
 2 SYSTEMPATH\CodeIgniter.php(934): App\Controllers\AdmPost->lista_corte()
 3 SYSTEMPATH\CodeIgniter.php(499): CodeIgniter\CodeIgniter->runController(Object(App\Controllers\AdmPost))
 4 SYSTEMPATH\CodeIgniter.php(368): CodeIgniter\CodeIgniter->handleRequest(null, Object(Config\Cache), false)
 5 FCPATH\index.php(67): CodeIgniter\CodeIgniter->run()
CRITICAL - 2024-07-08 15:00:56 --> Trying to access array offset on value of type null
in APPPATH\Controllers\AdmPost.php on line 50.
 1 APPPATH\Controllers\AdmPost.php(50): CodeIgniter\Debug\Exceptions->errorHandler(2, 'Trying to access array offset on value of type null', 'C:\\xampp\\htdocs\\codi\\app\\Controllers\\AdmPost.php', 50)
 2 SYSTEMPATH\CodeIgniter.php(934): App\Controllers\AdmPost->lista_corte()
 3 SYSTEMPATH\CodeIgniter.php(499): CodeIgniter\CodeIgniter->runController(Object(App\Controllers\AdmPost))
 4 SYSTEMPATH\CodeIgniter.php(368): CodeIgniter\CodeIgniter->handleRequest(null, Object(Config\Cache), false)
 5 FCPATH\index.php(67): CodeIgniter\CodeIgniter->run()
CRITICAL - 2024-07-08 15:00:57 --> Trying to access array offset on value of type null
in APPPATH\Controllers\AdmPost.php on line 50.
 1 APPPATH\Controllers\AdmPost.php(50): CodeIgniter\Debug\Exceptions->errorHandler(2, 'Trying to access array offset on value of type null', 'C:\\xampp\\htdocs\\codi\\app\\Controllers\\AdmPost.php', 50)
 2 SYSTEMPATH\CodeIgniter.php(934): App\Controllers\AdmPost->lista_corte()
 3 SYSTEMPATH\CodeIgniter.php(499): CodeIgniter\CodeIgniter->runController(Object(App\Controllers\AdmPost))
 4 SYSTEMPATH\CodeIgniter.php(368): CodeIgniter\CodeIgniter->handleRequest(null, Object(Config\Cache), false)
 5 FCPATH\index.php(67): CodeIgniter\CodeIgniter->run()
CRITICAL - 2024-07-08 18:00:58 --> syntax error, unexpected single-quoted string "){"
in APPPATH\Controllers\AdmPost.php on line 47.
 1 SYSTEMPATH\Autoloader\Autoloader.php(289): CodeIgniter\Autoloader\Autoloader->includeFile('C:\\xampp\\htdocs\\codi\\app\\Controllers\\AdmPost.php')
 2 SYSTEMPATH\Autoloader\Autoloader.php(267): CodeIgniter\Autoloader\Autoloader->loadInNamespace('App\\Controllers\\AdmPost')
 3 [internal function]: CodeIgniter\Autoloader\Autoloader->loadClass('App\\Controllers\\AdmPost')
 4 SYSTEMPATH\CodeIgniter.php(892): class_exists('\\App\\Controllers\\AdmPost', true)
 5 SYSTEMPATH\CodeIgniter.php(486): CodeIgniter\CodeIgniter->startController()
 6 SYSTEMPATH\CodeIgniter.php(368): CodeIgniter\CodeIgniter->handleRequest(null, Object(Config\Cache), false)
 7 FCPATH\index.php(67): CodeIgniter\CodeIgniter->run()
CRITICAL - 2024-07-08 18:00:58 --> syntax error, unexpected single-quoted string "){"
in APPPATH\Controllers\AdmPost.php on line 47.
 1 SYSTEMPATH\Autoloader\Autoloader.php(289): CodeIgniter\Autoloader\Autoloader->includeFile('C:\\xampp\\htdocs\\codi\\app\\Controllers\\AdmPost.php')
 2 SYSTEMPATH\Autoloader\Autoloader.php(267): CodeIgniter\Autoloader\Autoloader->loadInNamespace('App\\Controllers\\AdmPost')
 3 [internal function]: CodeIgniter\Autoloader\Autoloader->loadClass('App\\Controllers\\AdmPost')
 4 SYSTEMPATH\CodeIgniter.php(892): class_exists('\\App\\Controllers\\AdmPost', true)
 5 SYSTEMPATH\CodeIgniter.php(486): CodeIgniter\CodeIgniter->startController()
 6 SYSTEMPATH\CodeIgniter.php(368): CodeIgniter\CodeIgniter->handleRequest(null, Object(Config\Cache), false)
 7 FCPATH\index.php(67): CodeIgniter\CodeIgniter->run()
CRITICAL - 2024-07-08 18:00:59 --> syntax error, unexpected single-quoted string "){"
in APPPATH\Controllers\AdmPost.php on line 47.
 1 SYSTEMPATH\Autoloader\Autoloader.php(289): CodeIgniter\Autoloader\Autoloader->includeFile('C:\\xampp\\htdocs\\codi\\app\\Controllers\\AdmPost.php')
 2 SYSTEMPATH\Autoloader\Autoloader.php(267): CodeIgniter\Autoloader\Autoloader->loadInNamespace('App\\Controllers\\AdmPost')
 3 [internal function]: CodeIgniter\Autoloader\Autoloader->loadClass('App\\Controllers\\AdmPost')
 4 SYSTEMPATH\CodeIgniter.php(892): class_exists('\\App\\Controllers\\AdmPost', true)
 5 SYSTEMPATH\CodeIgniter.php(486): CodeIgniter\CodeIgniter->startController()
 6 SYSTEMPATH\CodeIgniter.php(368): CodeIgniter\CodeIgniter->handleRequest(null, Object(Config\Cache), false)
 7 FCPATH\index.php(67): CodeIgniter\CodeIgniter->run()
CRITICAL - 2024-07-08 18:00:59 --> syntax error, unexpected single-quoted string "){"
in APPPATH\Controllers\AdmPost.php on line 47.
 1 SYSTEMPATH\Autoloader\Autoloader.php(289): CodeIgniter\Autoloader\Autoloader->includeFile('C:\\xampp\\htdocs\\codi\\app\\Controllers\\AdmPost.php')
 2 SYSTEMPATH\Autoloader\Autoloader.php(267): CodeIgniter\Autoloader\Autoloader->loadInNamespace('App\\Controllers\\AdmPost')
 3 [internal function]: CodeIgniter\Autoloader\Autoloader->loadClass('App\\Controllers\\AdmPost')
 4 SYSTEMPATH\CodeIgniter.php(892): class_exists('\\App\\Controllers\\AdmPost', true)
 5 SYSTEMPATH\CodeIgniter.php(486): CodeIgniter\CodeIgniter->startController()
 6 SYSTEMPATH\CodeIgniter.php(368): CodeIgniter\CodeIgniter->handleRequest(null, Object(Config\Cache), false)
 7 FCPATH\index.php(67): CodeIgniter\CodeIgniter->run()
CRITICAL - 2024-07-08 18:05:56 --> Unmatched '}'
in APPPATH\Controllers\AdmPost.php on line 3584.
 1 SYSTEMPATH\Autoloader\Autoloader.php(289): CodeIgniter\Autoloader\Autoloader->includeFile('C:\\xampp\\htdocs\\codi\\app\\Controllers\\AdmPost.php')
 2 SYSTEMPATH\Autoloader\Autoloader.php(267): CodeIgniter\Autoloader\Autoloader->loadInNamespace('App\\Controllers\\AdmPost')
 3 [internal function]: CodeIgniter\Autoloader\Autoloader->loadClass('App\\Controllers\\AdmPost')
 4 SYSTEMPATH\CodeIgniter.php(892): class_exists('\\App\\Controllers\\AdmPost', true)
 5 SYSTEMPATH\CodeIgniter.php(486): CodeIgniter\CodeIgniter->startController()
 6 SYSTEMPATH\CodeIgniter.php(368): CodeIgniter\CodeIgniter->handleRequest(null, Object(Config\Cache), false)
 7 FCPATH\index.php(67): CodeIgniter\CodeIgniter->run()
CRITICAL - 2024-07-08 18:05:57 --> Unmatched '}'
in APPPATH\Controllers\AdmPost.php on line 3584.
 1 SYSTEMPATH\Autoloader\Autoloader.php(289): CodeIgniter\Autoloader\Autoloader->includeFile('C:\\xampp\\htdocs\\codi\\app\\Controllers\\AdmPost.php')
 2 SYSTEMPATH\Autoloader\Autoloader.php(267): CodeIgniter\Autoloader\Autoloader->loadInNamespace('App\\Controllers\\AdmPost')
 3 [internal function]: CodeIgniter\Autoloader\Autoloader->loadClass('App\\Controllers\\AdmPost')
 4 SYSTEMPATH\CodeIgniter.php(892): class_exists('\\App\\Controllers\\AdmPost', true)
 5 SYSTEMPATH\CodeIgniter.php(486): CodeIgniter\CodeIgniter->startController()
 6 SYSTEMPATH\CodeIgniter.php(368): CodeIgniter\CodeIgniter->handleRequest(null, Object(Config\Cache), false)
 7 FCPATH\index.php(67): CodeIgniter\CodeIgniter->run()
CRITICAL - 2024-07-08 18:05:58 --> Unmatched '}'
in APPPATH\Controllers\AdmPost.php on line 3584.
 1 SYSTEMPATH\Autoloader\Autoloader.php(289): CodeIgniter\Autoloader\Autoloader->includeFile('C:\\xampp\\htdocs\\codi\\app\\Controllers\\AdmPost.php')
 2 SYSTEMPATH\Autoloader\Autoloader.php(267): CodeIgniter\Autoloader\Autoloader->loadInNamespace('App\\Controllers\\AdmPost')
 3 [internal function]: CodeIgniter\Autoloader\Autoloader->loadClass('App\\Controllers\\AdmPost')
 4 SYSTEMPATH\CodeIgniter.php(892): class_exists('\\App\\Controllers\\AdmPost', true)
 5 SYSTEMPATH\CodeIgniter.php(486): CodeIgniter\CodeIgniter->startController()
 6 SYSTEMPATH\CodeIgniter.php(368): CodeIgniter\CodeIgniter->handleRequest(null, Object(Config\Cache), false)
 7 FCPATH\index.php(67): CodeIgniter\CodeIgniter->run()
CRITICAL - 2024-07-08 18:05:59 --> Unmatched '}'
in APPPATH\Controllers\AdmPost.php on line 3584.
 1 SYSTEMPATH\Autoloader\Autoloader.php(289): CodeIgniter\Autoloader\Autoloader->includeFile('C:\\xampp\\htdocs\\codi\\app\\Controllers\\AdmPost.php')
 2 SYSTEMPATH\Autoloader\Autoloader.php(267): CodeIgniter\Autoloader\Autoloader->loadInNamespace('App\\Controllers\\AdmPost')
 3 [internal function]: CodeIgniter\Autoloader\Autoloader->loadClass('App\\Controllers\\AdmPost')
 4 SYSTEMPATH\CodeIgniter.php(892): class_exists('\\App\\Controllers\\AdmPost', true)
 5 SYSTEMPATH\CodeIgniter.php(486): CodeIgniter\CodeIgniter->startController()
 6 SYSTEMPATH\CodeIgniter.php(368): CodeIgniter\CodeIgniter->handleRequest(null, Object(Config\Cache), false)
 7 FCPATH\index.php(67): CodeIgniter\CodeIgniter->run()
CRITICAL - 2024-07-08 15:38:54 --> Undefined global variable $_SESSION
in APPPATH\Controllers\AdmPost.php on line 67.
 1 APPPATH\Controllers\AdmPost.php(67): CodeIgniter\Debug\Exceptions->errorHandler(2, 'Undefined global variable $_SESSION', 'C:\\xampp\\htdocs\\codi\\app\\Controllers\\AdmPost.php', 67)
 2 SYSTEMPATH\CodeIgniter.php(934): App\Controllers\AdmPost->lista_corte()
 3 SYSTEMPATH\CodeIgniter.php(499): CodeIgniter\CodeIgniter->runController(Object(App\Controllers\AdmPost))
 4 SYSTEMPATH\CodeIgniter.php(368): CodeIgniter\CodeIgniter->handleRequest(null, Object(Config\Cache), false)
 5 FCPATH\index.php(67): CodeIgniter\CodeIgniter->run()
CRITICAL - 2024-07-08 15:38:55 --> Undefined global variable $_SESSION
in APPPATH\Controllers\AdmPost.php on line 67.
 1 APPPATH\Controllers\AdmPost.php(67): CodeIgniter\Debug\Exceptions->errorHandler(2, 'Undefined global variable $_SESSION', 'C:\\xampp\\htdocs\\codi\\app\\Controllers\\AdmPost.php', 67)
 2 SYSTEMPATH\CodeIgniter.php(934): App\Controllers\AdmPost->lista_corte()
 3 SYSTEMPATH\CodeIgniter.php(499): CodeIgniter\CodeIgniter->runController(Object(App\Controllers\AdmPost))
 4 SYSTEMPATH\CodeIgniter.php(368): CodeIgniter\CodeIgniter->handleRequest(null, Object(Config\Cache), false)
 5 FCPATH\index.php(67): CodeIgniter\CodeIgniter->run()
CRITICAL - 2024-07-08 15:38:56 --> Undefined global variable $_SESSION
in APPPATH\Controllers\AdmPost.php on line 67.
 1 APPPATH\Controllers\AdmPost.php(67): CodeIgniter\Debug\Exceptions->errorHandler(2, 'Undefined global variable $_SESSION', 'C:\\xampp\\htdocs\\codi\\app\\Controllers\\AdmPost.php', 67)
 2 SYSTEMPATH\CodeIgniter.php(934): App\Controllers\AdmPost->lista_corte()
 3 SYSTEMPATH\CodeIgniter.php(499): CodeIgniter\CodeIgniter->runController(Object(App\Controllers\AdmPost))
 4 SYSTEMPATH\CodeIgniter.php(368): CodeIgniter\CodeIgniter->handleRequest(null, Object(Config\Cache), false)
 5 FCPATH\index.php(67): CodeIgniter\CodeIgniter->run()
CRITICAL - 2024-07-08 15:38:57 --> Undefined global variable $_SESSION
in APPPATH\Controllers\AdmPost.php on line 67.
 1 APPPATH\Controllers\AdmPost.php(67): CodeIgniter\Debug\Exceptions->errorHandler(2, 'Undefined global variable $_SESSION', 'C:\\xampp\\htdocs\\codi\\app\\Controllers\\AdmPost.php', 67)
 2 SYSTEMPATH\CodeIgniter.php(934): App\Controllers\AdmPost->lista_corte()
 3 SYSTEMPATH\CodeIgniter.php(499): CodeIgniter\CodeIgniter->runController(Object(App\Controllers\AdmPost))
 4 SYSTEMPATH\CodeIgniter.php(368): CodeIgniter\CodeIgniter->handleRequest(null, Object(Config\Cache), false)
 5 FCPATH\index.php(67): CodeIgniter\CodeIgniter->run()
CRITICAL - 2024-07-08 15:38:58 --> Undefined global variable $_SESSION
in APPPATH\Controllers\AdmPost.php on line 67.
 1 APPPATH\Controllers\AdmPost.php(67): CodeIgniter\Debug\Exceptions->errorHandler(2, 'Undefined global variable $_SESSION', 'C:\\xampp\\htdocs\\codi\\app\\Controllers\\AdmPost.php', 67)
 2 SYSTEMPATH\CodeIgniter.php(934): App\Controllers\AdmPost->lista_corte()
 3 SYSTEMPATH\CodeIgniter.php(499): CodeIgniter\CodeIgniter->runController(Object(App\Controllers\AdmPost))
 4 SYSTEMPATH\CodeIgniter.php(368): CodeIgniter\CodeIgniter->handleRequest(null, Object(Config\Cache), false)
 5 FCPATH\index.php(67): CodeIgniter\CodeIgniter->run()
CRITICAL - 2024-07-08 15:38:59 --> Undefined global variable $_SESSION
in APPPATH\Controllers\AdmPost.php on line 67.
 1 APPPATH\Controllers\AdmPost.php(67): CodeIgniter\Debug\Exceptions->errorHandler(2, 'Undefined global variable $_SESSION', 'C:\\xampp\\htdocs\\codi\\app\\Controllers\\AdmPost.php', 67)
 2 SYSTEMPATH\CodeIgniter.php(934): App\Controllers\AdmPost->lista_corte()
 3 SYSTEMPATH\CodeIgniter.php(499): CodeIgniter\CodeIgniter->runController(Object(App\Controllers\AdmPost))
 4 SYSTEMPATH\CodeIgniter.php(368): CodeIgniter\CodeIgniter->handleRequest(null, Object(Config\Cache), false)
 5 FCPATH\index.php(67): CodeIgniter\CodeIgniter->run()
CRITICAL - 2024-07-08 15:39:00 --> Undefined global variable $_SESSION
in APPPATH\Controllers\AdmPost.php on line 67.
 1 APPPATH\Controllers\AdmPost.php(67): CodeIgniter\Debug\Exceptions->errorHandler(2, 'Undefined global variable $_SESSION', 'C:\\xampp\\htdocs\\codi\\app\\Controllers\\AdmPost.php', 67)
 2 SYSTEMPATH\CodeIgniter.php(934): App\Controllers\AdmPost->lista_corte()
 3 SYSTEMPATH\CodeIgniter.php(499): CodeIgniter\CodeIgniter->runController(Object(App\Controllers\AdmPost))
 4 SYSTEMPATH\CodeIgniter.php(368): CodeIgniter\CodeIgniter->handleRequest(null, Object(Config\Cache), false)
 5 FCPATH\index.php(67): CodeIgniter\CodeIgniter->run()
CRITICAL - 2024-07-08 15:39:01 --> Undefined global variable $_SESSION
in APPPATH\Controllers\AdmPost.php on line 67.
 1 APPPATH\Controllers\AdmPost.php(67): CodeIgniter\Debug\Exceptions->errorHandler(2, 'Undefined global variable $_SESSION', 'C:\\xampp\\htdocs\\codi\\app\\Controllers\\AdmPost.php', 67)
 2 SYSTEMPATH\CodeIgniter.php(934): App\Controllers\AdmPost->lista_corte()
 3 SYSTEMPATH\CodeIgniter.php(499): CodeIgniter\CodeIgniter->runController(Object(App\Controllers\AdmPost))
 4 SYSTEMPATH\CodeIgniter.php(368): CodeIgniter\CodeIgniter->handleRequest(null, Object(Config\Cache), false)
 5 FCPATH\index.php(67): CodeIgniter\CodeIgniter->run()
CRITICAL - 2024-07-08 15:39:02 --> Undefined global variable $_SESSION
in APPPATH\Controllers\AdmPost.php on line 67.
 1 APPPATH\Controllers\AdmPost.php(67): CodeIgniter\Debug\Exceptions->errorHandler(2, 'Undefined global variable $_SESSION', 'C:\\xampp\\htdocs\\codi\\app\\Controllers\\AdmPost.php', 67)
 2 SYSTEMPATH\CodeIgniter.php(934): App\Controllers\AdmPost->lista_corte()
 3 SYSTEMPATH\CodeIgniter.php(499): CodeIgniter\CodeIgniter->runController(Object(App\Controllers\AdmPost))
 4 SYSTEMPATH\CodeIgniter.php(368): CodeIgniter\CodeIgniter->handleRequest(null, Object(Config\Cache), false)
 5 FCPATH\index.php(67): CodeIgniter\CodeIgniter->run()
CRITICAL - 2024-07-08 15:39:03 --> Undefined global variable $_SESSION
in APPPATH\Controllers\AdmPost.php on line 67.
 1 APPPATH\Controllers\AdmPost.php(67): CodeIgniter\Debug\Exceptions->errorHandler(2, 'Undefined global variable $_SESSION', 'C:\\xampp\\htdocs\\codi\\app\\Controllers\\AdmPost.php', 67)
 2 SYSTEMPATH\CodeIgniter.php(934): App\Controllers\AdmPost->lista_corte()
 3 SYSTEMPATH\CodeIgniter.php(499): CodeIgniter\CodeIgniter->runController(Object(App\Controllers\AdmPost))
 4 SYSTEMPATH\CodeIgniter.php(368): CodeIgniter\CodeIgniter->handleRequest(null, Object(Config\Cache), false)
 5 FCPATH\index.php(67): CodeIgniter\CodeIgniter->run()
CRITICAL - 2024-07-08 15:39:04 --> Undefined global variable $_SESSION
in APPPATH\Controllers\AdmPost.php on line 67.
 1 APPPATH\Controllers\AdmPost.php(67): CodeIgniter\Debug\Exceptions->errorHandler(2, 'Undefined global variable $_SESSION', 'C:\\xampp\\htdocs\\codi\\app\\Controllers\\AdmPost.php', 67)
 2 SYSTEMPATH\CodeIgniter.php(934): App\Controllers\AdmPost->lista_corte()
 3 SYSTEMPATH\CodeIgniter.php(499): CodeIgniter\CodeIgniter->runController(Object(App\Controllers\AdmPost))
 4 SYSTEMPATH\CodeIgniter.php(368): CodeIgniter\CodeIgniter->handleRequest(null, Object(Config\Cache), false)
 5 FCPATH\index.php(67): CodeIgniter\CodeIgniter->run()
CRITICAL - 2024-07-08 15:39:05 --> Undefined global variable $_SESSION
in APPPATH\Controllers\AdmPost.php on line 67.
 1 APPPATH\Controllers\AdmPost.php(67): CodeIgniter\Debug\Exceptions->errorHandler(2, 'Undefined global variable $_SESSION', 'C:\\xampp\\htdocs\\codi\\app\\Controllers\\AdmPost.php', 67)
 2 SYSTEMPATH\CodeIgniter.php(934): App\Controllers\AdmPost->lista_corte()
 3 SYSTEMPATH\CodeIgniter.php(499): CodeIgniter\CodeIgniter->runController(Object(App\Controllers\AdmPost))
 4 SYSTEMPATH\CodeIgniter.php(368): CodeIgniter\CodeIgniter->handleRequest(null, Object(Config\Cache), false)
 5 FCPATH\index.php(67): CodeIgniter\CodeIgniter->run()
CRITICAL - 2024-07-08 15:39:06 --> Undefined global variable $_SESSION
in APPPATH\Controllers\AdmPost.php on line 67.
 1 APPPATH\Controllers\AdmPost.php(67): CodeIgniter\Debug\Exceptions->errorHandler(2, 'Undefined global variable $_SESSION', 'C:\\xampp\\htdocs\\codi\\app\\Controllers\\AdmPost.php', 67)
 2 SYSTEMPATH\CodeIgniter.php(934): App\Controllers\AdmPost->lista_corte()
 3 SYSTEMPATH\CodeIgniter.php(499): CodeIgniter\CodeIgniter->runController(Object(App\Controllers\AdmPost))
 4 SYSTEMPATH\CodeIgniter.php(368): CodeIgniter\CodeIgniter->handleRequest(null, Object(Config\Cache), false)
 5 FCPATH\index.php(67): CodeIgniter\CodeIgniter->run()
CRITICAL - 2024-07-08 15:39:07 --> Undefined global variable $_SESSION
in APPPATH\Controllers\AdmPost.php on line 67.
 1 APPPATH\Controllers\AdmPost.php(67): CodeIgniter\Debug\Exceptions->errorHandler(2, 'Undefined global variable $_SESSION', 'C:\\xampp\\htdocs\\codi\\app\\Controllers\\AdmPost.php', 67)
 2 SYSTEMPATH\CodeIgniter.php(934): App\Controllers\AdmPost->lista_corte()
 3 SYSTEMPATH\CodeIgniter.php(499): CodeIgniter\CodeIgniter->runController(Object(App\Controllers\AdmPost))
 4 SYSTEMPATH\CodeIgniter.php(368): CodeIgniter\CodeIgniter->handleRequest(null, Object(Config\Cache), false)
 5 FCPATH\index.php(67): CodeIgniter\CodeIgniter->run()
CRITICAL - 2024-07-08 15:39:08 --> Undefined global variable $_SESSION
in APPPATH\Controllers\AdmPost.php on line 67.
 1 APPPATH\Controllers\AdmPost.php(67): CodeIgniter\Debug\Exceptions->errorHandler(2, 'Undefined global variable $_SESSION', 'C:\\xampp\\htdocs\\codi\\app\\Controllers\\AdmPost.php', 67)
 2 SYSTEMPATH\CodeIgniter.php(934): App\Controllers\AdmPost->lista_corte()
 3 SYSTEMPATH\CodeIgniter.php(499): CodeIgniter\CodeIgniter->runController(Object(App\Controllers\AdmPost))
 4 SYSTEMPATH\CodeIgniter.php(368): CodeIgniter\CodeIgniter->handleRequest(null, Object(Config\Cache), false)
 5 FCPATH\index.php(67): CodeIgniter\CodeIgniter->run()
CRITICAL - 2024-07-08 15:39:09 --> Undefined global variable $_SESSION
in APPPATH\Controllers\AdmPost.php on line 67.
 1 APPPATH\Controllers\AdmPost.php(67): CodeIgniter\Debug\Exceptions->errorHandler(2, 'Undefined global variable $_SESSION', 'C:\\xampp\\htdocs\\codi\\app\\Controllers\\AdmPost.php', 67)
 2 SYSTEMPATH\CodeIgniter.php(934): App\Controllers\AdmPost->lista_corte()
 3 SYSTEMPATH\CodeIgniter.php(499): CodeIgniter\CodeIgniter->runController(Object(App\Controllers\AdmPost))
 4 SYSTEMPATH\CodeIgniter.php(368): CodeIgniter\CodeIgniter->handleRequest(null, Object(Config\Cache), false)
 5 FCPATH\index.php(67): CodeIgniter\CodeIgniter->run()
CRITICAL - 2024-07-08 15:39:10 --> Undefined global variable $_SESSION
in APPPATH\Controllers\AdmPost.php on line 67.
 1 APPPATH\Controllers\AdmPost.php(67): CodeIgniter\Debug\Exceptions->errorHandler(2, 'Undefined global variable $_SESSION', 'C:\\xampp\\htdocs\\codi\\app\\Controllers\\AdmPost.php', 67)
 2 SYSTEMPATH\CodeIgniter.php(934): App\Controllers\AdmPost->lista_corte()
 3 SYSTEMPATH\CodeIgniter.php(499): CodeIgniter\CodeIgniter->runController(Object(App\Controllers\AdmPost))
 4 SYSTEMPATH\CodeIgniter.php(368): CodeIgniter\CodeIgniter->handleRequest(null, Object(Config\Cache), false)
 5 FCPATH\index.php(67): CodeIgniter\CodeIgniter->run()
CRITICAL - 2024-07-08 15:39:11 --> Undefined global variable $_SESSION
in APPPATH\Controllers\AdmPost.php on line 67.
 1 APPPATH\Controllers\AdmPost.php(67): CodeIgniter\Debug\Exceptions->errorHandler(2, 'Undefined global variable $_SESSION', 'C:\\xampp\\htdocs\\codi\\app\\Controllers\\AdmPost.php', 67)
 2 SYSTEMPATH\CodeIgniter.php(934): App\Controllers\AdmPost->lista_corte()
 3 SYSTEMPATH\CodeIgniter.php(499): CodeIgniter\CodeIgniter->runController(Object(App\Controllers\AdmPost))
 4 SYSTEMPATH\CodeIgniter.php(368): CodeIgniter\CodeIgniter->handleRequest(null, Object(Config\Cache), false)
 5 FCPATH\index.php(67): CodeIgniter\CodeIgniter->run()
CRITICAL - 2024-07-08 15:39:12 --> Undefined global variable $_SESSION
in APPPATH\Controllers\AdmPost.php on line 67.
 1 APPPATH\Controllers\AdmPost.php(67): CodeIgniter\Debug\Exceptions->errorHandler(2, 'Undefined global variable $_SESSION', 'C:\\xampp\\htdocs\\codi\\app\\Controllers\\AdmPost.php', 67)
 2 SYSTEMPATH\CodeIgniter.php(934): App\Controllers\AdmPost->lista_corte()
 3 SYSTEMPATH\CodeIgniter.php(499): CodeIgniter\CodeIgniter->runController(Object(App\Controllers\AdmPost))
 4 SYSTEMPATH\CodeIgniter.php(368): CodeIgniter\CodeIgniter->handleRequest(null, Object(Config\Cache), false)
 5 FCPATH\index.php(67): CodeIgniter\CodeIgniter->run()
CRITICAL - 2024-07-08 15:39:13 --> Undefined global variable $_SESSION
in APPPATH\Controllers\AdmPost.php on line 67.
 1 APPPATH\Controllers\AdmPost.php(67): CodeIgniter\Debug\Exceptions->errorHandler(2, 'Undefined global variable $_SESSION', 'C:\\xampp\\htdocs\\codi\\app\\Controllers\\AdmPost.php', 67)
 2 SYSTEMPATH\CodeIgniter.php(934): App\Controllers\AdmPost->lista_corte()
 3 SYSTEMPATH\CodeIgniter.php(499): CodeIgniter\CodeIgniter->runController(Object(App\Controllers\AdmPost))
 4 SYSTEMPATH\CodeIgniter.php(368): CodeIgniter\CodeIgniter->handleRequest(null, Object(Config\Cache), false)
 5 FCPATH\index.php(67): CodeIgniter\CodeIgniter->run()
CRITICAL - 2024-07-08 15:39:14 --> Undefined global variable $_SESSION
in APPPATH\Controllers\AdmPost.php on line 67.
 1 APPPATH\Controllers\AdmPost.php(67): CodeIgniter\Debug\Exceptions->errorHandler(2, 'Undefined global variable $_SESSION', 'C:\\xampp\\htdocs\\codi\\app\\Controllers\\AdmPost.php', 67)
 2 SYSTEMPATH\CodeIgniter.php(934): App\Controllers\AdmPost->lista_corte()
 3 SYSTEMPATH\CodeIgniter.php(499): CodeIgniter\CodeIgniter->runController(Object(App\Controllers\AdmPost))
 4 SYSTEMPATH\CodeIgniter.php(368): CodeIgniter\CodeIgniter->handleRequest(null, Object(Config\Cache), false)
 5 FCPATH\index.php(67): CodeIgniter\CodeIgniter->run()
CRITICAL - 2024-07-08 15:39:15 --> Undefined global variable $_SESSION
in APPPATH\Controllers\AdmPost.php on line 67.
 1 APPPATH\Controllers\AdmPost.php(67): CodeIgniter\Debug\Exceptions->errorHandler(2, 'Undefined global variable $_SESSION', 'C:\\xampp\\htdocs\\codi\\app\\Controllers\\AdmPost.php', 67)
 2 SYSTEMPATH\CodeIgniter.php(934): App\Controllers\AdmPost->lista_corte()
 3 SYSTEMPATH\CodeIgniter.php(499): CodeIgniter\CodeIgniter->runController(Object(App\Controllers\AdmPost))
 4 SYSTEMPATH\CodeIgniter.php(368): CodeIgniter\CodeIgniter->handleRequest(null, Object(Config\Cache), false)
 5 FCPATH\index.php(67): CodeIgniter\CodeIgniter->run()
CRITICAL - 2024-07-08 15:39:16 --> Undefined global variable $_SESSION
in APPPATH\Controllers\AdmPost.php on line 67.
 1 APPPATH\Controllers\AdmPost.php(67): CodeIgniter\Debug\Exceptions->errorHandler(2, 'Undefined global variable $_SESSION', 'C:\\xampp\\htdocs\\codi\\app\\Controllers\\AdmPost.php', 67)
 2 SYSTEMPATH\CodeIgniter.php(934): App\Controllers\AdmPost->lista_corte()
 3 SYSTEMPATH\CodeIgniter.php(499): CodeIgniter\CodeIgniter->runController(Object(App\Controllers\AdmPost))
 4 SYSTEMPATH\CodeIgniter.php(368): CodeIgniter\CodeIgniter->handleRequest(null, Object(Config\Cache), false)
 5 FCPATH\index.php(67): CodeIgniter\CodeIgniter->run()
CRITICAL - 2024-07-08 15:39:17 --> Undefined global variable $_SESSION
in APPPATH\Controllers\AdmPost.php on line 67.
 1 APPPATH\Controllers\AdmPost.php(67): CodeIgniter\Debug\Exceptions->errorHandler(2, 'Undefined global variable $_SESSION', 'C:\\xampp\\htdocs\\codi\\app\\Controllers\\AdmPost.php', 67)
 2 SYSTEMPATH\CodeIgniter.php(934): App\Controllers\AdmPost->lista_corte()
 3 SYSTEMPATH\CodeIgniter.php(499): CodeIgniter\CodeIgniter->runController(Object(App\Controllers\AdmPost))
 4 SYSTEMPATH\CodeIgniter.php(368): CodeIgniter\CodeIgniter->handleRequest(null, Object(Config\Cache), false)
 5 FCPATH\index.php(67): CodeIgniter\CodeIgniter->run()
CRITICAL - 2024-07-08 15:39:18 --> Undefined global variable $_SESSION
in APPPATH\Controllers\AdmPost.php on line 67.
 1 APPPATH\Controllers\AdmPost.php(67): CodeIgniter\Debug\Exceptions->errorHandler(2, 'Undefined global variable $_SESSION', 'C:\\xampp\\htdocs\\codi\\app\\Controllers\\AdmPost.php', 67)
 2 SYSTEMPATH\CodeIgniter.php(934): App\Controllers\AdmPost->lista_corte()
 3 SYSTEMPATH\CodeIgniter.php(499): CodeIgniter\CodeIgniter->runController(Object(App\Controllers\AdmPost))
 4 SYSTEMPATH\CodeIgniter.php(368): CodeIgniter\CodeIgniter->handleRequest(null, Object(Config\Cache), false)
 5 FCPATH\index.php(67): CodeIgniter\CodeIgniter->run()
CRITICAL - 2024-07-08 15:39:19 --> Undefined global variable $_SESSION
in APPPATH\Controllers\AdmPost.php on line 67.
 1 APPPATH\Controllers\AdmPost.php(67): CodeIgniter\Debug\Exceptions->errorHandler(2, 'Undefined global variable $_SESSION', 'C:\\xampp\\htdocs\\codi\\app\\Controllers\\AdmPost.php', 67)
 2 SYSTEMPATH\CodeIgniter.php(934): App\Controllers\AdmPost->lista_corte()
 3 SYSTEMPATH\CodeIgniter.php(499): CodeIgniter\CodeIgniter->runController(Object(App\Controllers\AdmPost))
 4 SYSTEMPATH\CodeIgniter.php(368): CodeIgniter\CodeIgniter->handleRequest(null, Object(Config\Cache), false)
 5 FCPATH\index.php(67): CodeIgniter\CodeIgniter->run()
CRITICAL - 2024-07-08 15:39:20 --> Undefined global variable $_SESSION
in APPPATH\Controllers\AdmPost.php on line 67.
 1 APPPATH\Controllers\AdmPost.php(67): CodeIgniter\Debug\Exceptions->errorHandler(2, 'Undefined global variable $_SESSION', 'C:\\xampp\\htdocs\\codi\\app\\Controllers\\AdmPost.php', 67)
 2 SYSTEMPATH\CodeIgniter.php(934): App\Controllers\AdmPost->lista_corte()
 3 SYSTEMPATH\CodeIgniter.php(499): CodeIgniter\CodeIgniter->runController(Object(App\Controllers\AdmPost))
 4 SYSTEMPATH\CodeIgniter.php(368): CodeIgniter\CodeIgniter->handleRequest(null, Object(Config\Cache), false)
 5 FCPATH\index.php(67): CodeIgniter\CodeIgniter->run()
CRITICAL - 2024-07-08 15:39:21 --> Undefined global variable $_SESSION
in APPPATH\Controllers\AdmPost.php on line 67.
 1 APPPATH\Controllers\AdmPost.php(67): CodeIgniter\Debug\Exceptions->errorHandler(2, 'Undefined global variable $_SESSION', 'C:\\xampp\\htdocs\\codi\\app\\Controllers\\AdmPost.php', 67)
 2 SYSTEMPATH\CodeIgniter.php(934): App\Controllers\AdmPost->lista_corte()
 3 SYSTEMPATH\CodeIgniter.php(499): CodeIgniter\CodeIgniter->runController(Object(App\Controllers\AdmPost))
 4 SYSTEMPATH\CodeIgniter.php(368): CodeIgniter\CodeIgniter->handleRequest(null, Object(Config\Cache), false)
 5 FCPATH\index.php(67): CodeIgniter\CodeIgniter->run()
CRITICAL - 2024-07-08 15:39:22 --> Undefined global variable $_SESSION
in APPPATH\Controllers\AdmPost.php on line 67.
 1 APPPATH\Controllers\AdmPost.php(67): CodeIgniter\Debug\Exceptions->errorHandler(2, 'Undefined global variable $_SESSION', 'C:\\xampp\\htdocs\\codi\\app\\Controllers\\AdmPost.php', 67)
 2 SYSTEMPATH\CodeIgniter.php(934): App\Controllers\AdmPost->lista_corte()
 3 SYSTEMPATH\CodeIgniter.php(499): CodeIgniter\CodeIgniter->runController(Object(App\Controllers\AdmPost))
 4 SYSTEMPATH\CodeIgniter.php(368): CodeIgniter\CodeIgniter->handleRequest(null, Object(Config\Cache), false)
 5 FCPATH\index.php(67): CodeIgniter\CodeIgniter->run()
CRITICAL - 2024-07-08 15:39:23 --> Undefined global variable $_SESSION
in APPPATH\Controllers\AdmPost.php on line 67.
 1 APPPATH\Controllers\AdmPost.php(67): CodeIgniter\Debug\Exceptions->errorHandler(2, 'Undefined global variable $_SESSION', 'C:\\xampp\\htdocs\\codi\\app\\Controllers\\AdmPost.php', 67)
 2 SYSTEMPATH\CodeIgniter.php(934): App\Controllers\AdmPost->lista_corte()
 3 SYSTEMPATH\CodeIgniter.php(499): CodeIgniter\CodeIgniter->runController(Object(App\Controllers\AdmPost))
 4 SYSTEMPATH\CodeIgniter.php(368): CodeIgniter\CodeIgniter->handleRequest(null, Object(Config\Cache), false)
 5 FCPATH\index.php(67): CodeIgniter\CodeIgniter->run()
CRITICAL - 2024-07-08 15:39:24 --> Undefined global variable $_SESSION
in APPPATH\Controllers\AdmPost.php on line 67.
 1 APPPATH\Controllers\AdmPost.php(67): CodeIgniter\Debug\Exceptions->errorHandler(2, 'Undefined global variable $_SESSION', 'C:\\xampp\\htdocs\\codi\\app\\Controllers\\AdmPost.php', 67)
 2 SYSTEMPATH\CodeIgniter.php(934): App\Controllers\AdmPost->lista_corte()
 3 SYSTEMPATH\CodeIgniter.php(499): CodeIgniter\CodeIgniter->runController(Object(App\Controllers\AdmPost))
 4 SYSTEMPATH\CodeIgniter.php(368): CodeIgniter\CodeIgniter->handleRequest(null, Object(Config\Cache), false)
 5 FCPATH\index.php(67): CodeIgniter\CodeIgniter->run()
CRITICAL - 2024-07-08 15:39:25 --> Undefined global variable $_SESSION
in APPPATH\Controllers\AdmPost.php on line 67.
 1 APPPATH\Controllers\AdmPost.php(67): CodeIgniter\Debug\Exceptions->errorHandler(2, 'Undefined global variable $_SESSION', 'C:\\xampp\\htdocs\\codi\\app\\Controllers\\AdmPost.php', 67)
 2 SYSTEMPATH\CodeIgniter.php(934): App\Controllers\AdmPost->lista_corte()
 3 SYSTEMPATH\CodeIgniter.php(499): CodeIgniter\CodeIgniter->runController(Object(App\Controllers\AdmPost))
 4 SYSTEMPATH\CodeIgniter.php(368): CodeIgniter\CodeIgniter->handleRequest(null, Object(Config\Cache), false)
 5 FCPATH\index.php(67): CodeIgniter\CodeIgniter->run()
CRITICAL - 2024-07-08 15:39:26 --> Undefined global variable $_SESSION
in APPPATH\Controllers\AdmPost.php on line 67.
 1 APPPATH\Controllers\AdmPost.php(67): CodeIgniter\Debug\Exceptions->errorHandler(2, 'Undefined global variable $_SESSION', 'C:\\xampp\\htdocs\\codi\\app\\Controllers\\AdmPost.php', 67)
 2 SYSTEMPATH\CodeIgniter.php(934): App\Controllers\AdmPost->lista_corte()
 3 SYSTEMPATH\CodeIgniter.php(499): CodeIgniter\CodeIgniter->runController(Object(App\Controllers\AdmPost))
 4 SYSTEMPATH\CodeIgniter.php(368): CodeIgniter\CodeIgniter->handleRequest(null, Object(Config\Cache), false)
 5 FCPATH\index.php(67): CodeIgniter\CodeIgniter->run()
CRITICAL - 2024-07-08 15:39:27 --> Undefined global variable $_SESSION
in APPPATH\Controllers\AdmPost.php on line 67.
 1 APPPATH\Controllers\AdmPost.php(67): CodeIgniter\Debug\Exceptions->errorHandler(2, 'Undefined global variable $_SESSION', 'C:\\xampp\\htdocs\\codi\\app\\Controllers\\AdmPost.php', 67)
 2 SYSTEMPATH\CodeIgniter.php(934): App\Controllers\AdmPost->lista_corte()
 3 SYSTEMPATH\CodeIgniter.php(499): CodeIgniter\CodeIgniter->runController(Object(App\Controllers\AdmPost))
 4 SYSTEMPATH\CodeIgniter.php(368): CodeIgniter\CodeIgniter->handleRequest(null, Object(Config\Cache), false)
 5 FCPATH\index.php(67): CodeIgniter\CodeIgniter->run()
CRITICAL - 2024-07-08 15:39:28 --> Undefined global variable $_SESSION
in APPPATH\Controllers\AdmPost.php on line 67.
 1 APPPATH\Controllers\AdmPost.php(67): CodeIgniter\Debug\Exceptions->errorHandler(2, 'Undefined global variable $_SESSION', 'C:\\xampp\\htdocs\\codi\\app\\Controllers\\AdmPost.php', 67)
 2 SYSTEMPATH\CodeIgniter.php(934): App\Controllers\AdmPost->lista_corte()
 3 SYSTEMPATH\CodeIgniter.php(499): CodeIgniter\CodeIgniter->runController(Object(App\Controllers\AdmPost))
 4 SYSTEMPATH\CodeIgniter.php(368): CodeIgniter\CodeIgniter->handleRequest(null, Object(Config\Cache), false)
 5 FCPATH\index.php(67): CodeIgniter\CodeIgniter->run()
CRITICAL - 2024-07-08 15:39:29 --> Undefined global variable $_SESSION
in APPPATH\Controllers\AdmPost.php on line 67.
 1 APPPATH\Controllers\AdmPost.php(67): CodeIgniter\Debug\Exceptions->errorHandler(2, 'Undefined global variable $_SESSION', 'C:\\xampp\\htdocs\\codi\\app\\Controllers\\AdmPost.php', 67)
 2 SYSTEMPATH\CodeIgniter.php(934): App\Controllers\AdmPost->lista_corte()
 3 SYSTEMPATH\CodeIgniter.php(499): CodeIgniter\CodeIgniter->runController(Object(App\Controllers\AdmPost))
 4 SYSTEMPATH\CodeIgniter.php(368): CodeIgniter\CodeIgniter->handleRequest(null, Object(Config\Cache), false)
 5 FCPATH\index.php(67): CodeIgniter\CodeIgniter->run()
CRITICAL - 2024-07-08 15:39:30 --> Undefined global variable $_SESSION
in APPPATH\Controllers\AdmPost.php on line 67.
 1 APPPATH\Controllers\AdmPost.php(67): CodeIgniter\Debug\Exceptions->errorHandler(2, 'Undefined global variable $_SESSION', 'C:\\xampp\\htdocs\\codi\\app\\Controllers\\AdmPost.php', 67)
 2 SYSTEMPATH\CodeIgniter.php(934): App\Controllers\AdmPost->lista_corte()
 3 SYSTEMPATH\CodeIgniter.php(499): CodeIgniter\CodeIgniter->runController(Object(App\Controllers\AdmPost))
 4 SYSTEMPATH\CodeIgniter.php(368): CodeIgniter\CodeIgniter->handleRequest(null, Object(Config\Cache), false)
 5 FCPATH\index.php(67): CodeIgniter\CodeIgniter->run()
CRITICAL - 2024-07-08 15:39:31 --> Undefined global variable $_SESSION
in APPPATH\Controllers\AdmPost.php on line 67.
 1 APPPATH\Controllers\AdmPost.php(67): CodeIgniter\Debug\Exceptions->errorHandler(2, 'Undefined global variable $_SESSION', 'C:\\xampp\\htdocs\\codi\\app\\Controllers\\AdmPost.php', 67)
 2 SYSTEMPATH\CodeIgniter.php(934): App\Controllers\AdmPost->lista_corte()
 3 SYSTEMPATH\CodeIgniter.php(499): CodeIgniter\CodeIgniter->runController(Object(App\Controllers\AdmPost))
 4 SYSTEMPATH\CodeIgniter.php(368): CodeIgniter\CodeIgniter->handleRequest(null, Object(Config\Cache), false)
 5 FCPATH\index.php(67): CodeIgniter\CodeIgniter->run()
CRITICAL - 2024-07-08 15:39:32 --> Undefined global variable $_SESSION
in APPPATH\Controllers\AdmPost.php on line 67.
 1 APPPATH\Controllers\AdmPost.php(67): CodeIgniter\Debug\Exceptions->errorHandler(2, 'Undefined global variable $_SESSION', 'C:\\xampp\\htdocs\\codi\\app\\Controllers\\AdmPost.php', 67)
 2 SYSTEMPATH\CodeIgniter.php(934): App\Controllers\AdmPost->lista_corte()
 3 SYSTEMPATH\CodeIgniter.php(499): CodeIgniter\CodeIgniter->runController(Object(App\Controllers\AdmPost))
 4 SYSTEMPATH\CodeIgniter.php(368): CodeIgniter\CodeIgniter->handleRequest(null, Object(Config\Cache), false)
 5 FCPATH\index.php(67): CodeIgniter\CodeIgniter->run()
CRITICAL - 2024-07-08 15:39:33 --> Undefined global variable $_SESSION
in APPPATH\Controllers\AdmPost.php on line 67.
 1 APPPATH\Controllers\AdmPost.php(67): CodeIgniter\Debug\Exceptions->errorHandler(2, 'Undefined global variable $_SESSION', 'C:\\xampp\\htdocs\\codi\\app\\Controllers\\AdmPost.php', 67)
 2 SYSTEMPATH\CodeIgniter.php(934): App\Controllers\AdmPost->lista_corte()
 3 SYSTEMPATH\CodeIgniter.php(499): CodeIgniter\CodeIgniter->runController(Object(App\Controllers\AdmPost))
 4 SYSTEMPATH\CodeIgniter.php(368): CodeIgniter\CodeIgniter->handleRequest(null, Object(Config\Cache), false)
 5 FCPATH\index.php(67): CodeIgniter\CodeIgniter->run()
CRITICAL - 2024-07-08 15:39:34 --> Undefined global variable $_SESSION
in APPPATH\Controllers\AdmPost.php on line 67.
 1 APPPATH\Controllers\AdmPost.php(67): CodeIgniter\Debug\Exceptions->errorHandler(2, 'Undefined global variable $_SESSION', 'C:\\xampp\\htdocs\\codi\\app\\Controllers\\AdmPost.php', 67)
 2 SYSTEMPATH\CodeIgniter.php(934): App\Controllers\AdmPost->lista_corte()
 3 SYSTEMPATH\CodeIgniter.php(499): CodeIgniter\CodeIgniter->runController(Object(App\Controllers\AdmPost))
 4 SYSTEMPATH\CodeIgniter.php(368): CodeIgniter\CodeIgniter->handleRequest(null, Object(Config\Cache), false)
 5 FCPATH\index.php(67): CodeIgniter\CodeIgniter->run()
CRITICAL - 2024-07-08 15:39:35 --> Undefined global variable $_SESSION
in APPPATH\Controllers\AdmPost.php on line 67.
 1 APPPATH\Controllers\AdmPost.php(67): CodeIgniter\Debug\Exceptions->errorHandler(2, 'Undefined global variable $_SESSION', 'C:\\xampp\\htdocs\\codi\\app\\Controllers\\AdmPost.php', 67)
 2 SYSTEMPATH\CodeIgniter.php(934): App\Controllers\AdmPost->lista_corte()
 3 SYSTEMPATH\CodeIgniter.php(499): CodeIgniter\CodeIgniter->runController(Object(App\Controllers\AdmPost))
 4 SYSTEMPATH\CodeIgniter.php(368): CodeIgniter\CodeIgniter->handleRequest(null, Object(Config\Cache), false)
 5 FCPATH\index.php(67): CodeIgniter\CodeIgniter->run()
CRITICAL - 2024-07-08 15:39:36 --> Undefined global variable $_SESSION
in APPPATH\Controllers\AdmPost.php on line 67.
 1 APPPATH\Controllers\AdmPost.php(67): CodeIgniter\Debug\Exceptions->errorHandler(2, 'Undefined global variable $_SESSION', 'C:\\xampp\\htdocs\\codi\\app\\Controllers\\AdmPost.php', 67)
 2 SYSTEMPATH\CodeIgniter.php(934): App\Controllers\AdmPost->lista_corte()
 3 SYSTEMPATH\CodeIgniter.php(499): CodeIgniter\CodeIgniter->runController(Object(App\Controllers\AdmPost))
 4 SYSTEMPATH\CodeIgniter.php(368): CodeIgniter\CodeIgniter->handleRequest(null, Object(Config\Cache), false)
 5 FCPATH\index.php(67): CodeIgniter\CodeIgniter->run()
CRITICAL - 2024-07-08 15:39:37 --> Undefined global variable $_SESSION
in APPPATH\Controllers\AdmPost.php on line 67.
 1 APPPATH\Controllers\AdmPost.php(67): CodeIgniter\Debug\Exceptions->errorHandler(2, 'Undefined global variable $_SESSION', 'C:\\xampp\\htdocs\\codi\\app\\Controllers\\AdmPost.php', 67)
 2 SYSTEMPATH\CodeIgniter.php(934): App\Controllers\AdmPost->lista_corte()
 3 SYSTEMPATH\CodeIgniter.php(499): CodeIgniter\CodeIgniter->runController(Object(App\Controllers\AdmPost))
 4 SYSTEMPATH\CodeIgniter.php(368): CodeIgniter\CodeIgniter->handleRequest(null, Object(Config\Cache), false)
 5 FCPATH\index.php(67): CodeIgniter\CodeIgniter->run()
CRITICAL - 2024-07-08 18:43:35 --> syntax error, unexpected variable "$data"
in APPPATH\Controllers\AdmPost.php on line 55.
 1 SYSTEMPATH\Autoloader\Autoloader.php(289): CodeIgniter\Autoloader\Autoloader->includeFile('C:\\xampp\\htdocs\\codi\\app\\Controllers\\AdmPost.php')
 2 SYSTEMPATH\Autoloader\Autoloader.php(267): CodeIgniter\Autoloader\Autoloader->loadInNamespace('App\\Controllers\\AdmPost')
 3 [internal function]: CodeIgniter\Autoloader\Autoloader->loadClass('App\\Controllers\\AdmPost')
 4 SYSTEMPATH\CodeIgniter.php(892): class_exists('\\App\\Controllers\\AdmPost', true)
 5 SYSTEMPATH\CodeIgniter.php(486): CodeIgniter\CodeIgniter->startController()
 6 SYSTEMPATH\CodeIgniter.php(368): CodeIgniter\CodeIgniter->handleRequest(null, Object(Config\Cache), false)
 7 FCPATH\index.php(67): CodeIgniter\CodeIgniter->run()
CRITICAL - 2024-07-08 18:43:36 --> syntax error, unexpected variable "$data"
in APPPATH\Controllers\AdmPost.php on line 55.
 1 SYSTEMPATH\Autoloader\Autoloader.php(289): CodeIgniter\Autoloader\Autoloader->includeFile('C:\\xampp\\htdocs\\codi\\app\\Controllers\\AdmPost.php')
 2 SYSTEMPATH\Autoloader\Autoloader.php(267): CodeIgniter\Autoloader\Autoloader->loadInNamespace('App\\Controllers\\AdmPost')
 3 [internal function]: CodeIgniter\Autoloader\Autoloader->loadClass('App\\Controllers\\AdmPost')
 4 SYSTEMPATH\CodeIgniter.php(892): class_exists('\\App\\Controllers\\AdmPost', true)
 5 SYSTEMPATH\CodeIgniter.php(486): CodeIgniter\CodeIgniter->startController()
 6 SYSTEMPATH\CodeIgniter.php(368): CodeIgniter\CodeIgniter->handleRequest(null, Object(Config\Cache), false)
 7 FCPATH\index.php(67): CodeIgniter\CodeIgniter->run()
CRITICAL - 2024-07-08 18:43:37 --> syntax error, unexpected variable "$data"
in APPPATH\Controllers\AdmPost.php on line 55.
 1 SYSTEMPATH\Autoloader\Autoloader.php(289): CodeIgniter\Autoloader\Autoloader->includeFile('C:\\xampp\\htdocs\\codi\\app\\Controllers\\AdmPost.php')
 2 SYSTEMPATH\Autoloader\Autoloader.php(267): CodeIgniter\Autoloader\Autoloader->loadInNamespace('App\\Controllers\\AdmPost')
 3 [internal function]: CodeIgniter\Autoloader\Autoloader->loadClass('App\\Controllers\\AdmPost')
 4 SYSTEMPATH\CodeIgniter.php(892): class_exists('\\App\\Controllers\\AdmPost', true)
 5 SYSTEMPATH\CodeIgniter.php(486): CodeIgniter\CodeIgniter->startController()
 6 SYSTEMPATH\CodeIgniter.php(368): CodeIgniter\CodeIgniter->handleRequest(null, Object(Config\Cache), false)
 7 FCPATH\index.php(67): CodeIgniter\CodeIgniter->run()
CRITICAL - 2024-07-08 18:43:38 --> syntax error, unexpected variable "$data"
in APPPATH\Controllers\AdmPost.php on line 55.
 1 SYSTEMPATH\Autoloader\Autoloader.php(289): CodeIgniter\Autoloader\Autoloader->includeFile('C:\\xampp\\htdocs\\codi\\app\\Controllers\\AdmPost.php')
 2 SYSTEMPATH\Autoloader\Autoloader.php(267): CodeIgniter\Autoloader\Autoloader->loadInNamespace('App\\Controllers\\AdmPost')
 3 [internal function]: CodeIgniter\Autoloader\Autoloader->loadClass('App\\Controllers\\AdmPost')
 4 SYSTEMPATH\CodeIgniter.php(892): class_exists('\\App\\Controllers\\AdmPost', true)
 5 SYSTEMPATH\CodeIgniter.php(486): CodeIgniter\CodeIgniter->startController()
 6 SYSTEMPATH\CodeIgniter.php(368): CodeIgniter\CodeIgniter->handleRequest(null, Object(Config\Cache), false)
 7 FCPATH\index.php(67): CodeIgniter\CodeIgniter->run()
CRITICAL - 2024-07-08 18:43:39 --> syntax error, unexpected variable "$data"
in APPPATH\Controllers\AdmPost.php on line 55.
 1 SYSTEMPATH\Autoloader\Autoloader.php(289): CodeIgniter\Autoloader\Autoloader->includeFile('C:\\xampp\\htdocs\\codi\\app\\Controllers\\AdmPost.php')
 2 SYSTEMPATH\Autoloader\Autoloader.php(267): CodeIgniter\Autoloader\Autoloader->loadInNamespace('App\\Controllers\\AdmPost')
 3 [internal function]: CodeIgniter\Autoloader\Autoloader->loadClass('App\\Controllers\\AdmPost')
 4 SYSTEMPATH\CodeIgniter.php(892): class_exists('\\App\\Controllers\\AdmPost', true)
 5 SYSTEMPATH\CodeIgniter.php(486): CodeIgniter\CodeIgniter->startController()
 6 SYSTEMPATH\CodeIgniter.php(368): CodeIgniter\CodeIgniter->handleRequest(null, Object(Config\Cache), false)
 7 FCPATH\index.php(67): CodeIgniter\CodeIgniter->run()
CRITICAL - 2024-07-08 18:43:40 --> syntax error, unexpected variable "$data"
in APPPATH\Controllers\AdmPost.php on line 55.
 1 SYSTEMPATH\Autoloader\Autoloader.php(289): CodeIgniter\Autoloader\Autoloader->includeFile('C:\\xampp\\htdocs\\codi\\app\\Controllers\\AdmPost.php')
 2 SYSTEMPATH\Autoloader\Autoloader.php(267): CodeIgniter\Autoloader\Autoloader->loadInNamespace('App\\Controllers\\AdmPost')
 3 [internal function]: CodeIgniter\Autoloader\Autoloader->loadClass('App\\Controllers\\AdmPost')
 4 SYSTEMPATH\CodeIgniter.php(892): class_exists('\\App\\Controllers\\AdmPost', true)
 5 SYSTEMPATH\CodeIgniter.php(486): CodeIgniter\CodeIgniter->startController()
 6 SYSTEMPATH\CodeIgniter.php(368): CodeIgniter\CodeIgniter->handleRequest(null, Object(Config\Cache), false)
 7 FCPATH\index.php(67): CodeIgniter\CodeIgniter->run()
CRITICAL - 2024-07-08 18:43:41 --> syntax error, unexpected variable "$data"
in APPPATH\Controllers\AdmPost.php on line 55.
 1 SYSTEMPATH\Autoloader\Autoloader.php(289): CodeIgniter\Autoloader\Autoloader->includeFile('C:\\xampp\\htdocs\\codi\\app\\Controllers\\AdmPost.php')
 2 SYSTEMPATH\Autoloader\Autoloader.php(267): CodeIgniter\Autoloader\Autoloader->loadInNamespace('App\\Controllers\\AdmPost')
 3 [internal function]: CodeIgniter\Autoloader\Autoloader->loadClass('App\\Controllers\\AdmPost')
 4 SYSTEMPATH\CodeIgniter.php(892): class_exists('\\App\\Controllers\\AdmPost', true)
 5 SYSTEMPATH\CodeIgniter.php(486): CodeIgniter\CodeIgniter->startController()
 6 SYSTEMPATH\CodeIgniter.php(368): CodeIgniter\CodeIgniter->handleRequest(null, Object(Config\Cache), false)
 7 FCPATH\index.php(67): CodeIgniter\CodeIgniter->run()
CRITICAL - 2024-07-08 18:43:42 --> syntax error, unexpected variable "$data"
in APPPATH\Controllers\AdmPost.php on line 55.
 1 SYSTEMPATH\Autoloader\Autoloader.php(289): CodeIgniter\Autoloader\Autoloader->includeFile('C:\\xampp\\htdocs\\codi\\app\\Controllers\\AdmPost.php')
 2 SYSTEMPATH\Autoloader\Autoloader.php(267): CodeIgniter\Autoloader\Autoloader->loadInNamespace('App\\Controllers\\AdmPost')
 3 [internal function]: CodeIgniter\Autoloader\Autoloader->loadClass('App\\Controllers\\AdmPost')
 4 SYSTEMPATH\CodeIgniter.php(892): class_exists('\\App\\Controllers\\AdmPost', true)
 5 SYSTEMPATH\CodeIgniter.php(486): CodeIgniter\CodeIgniter->startController()
 6 SYSTEMPATH\CodeIgniter.php(368): CodeIgniter\CodeIgniter->handleRequest(null, Object(Config\Cache), false)
 7 FCPATH\index.php(67): CodeIgniter\CodeIgniter->run()
CRITICAL - 2024-07-08 18:43:43 --> syntax error, unexpected variable "$data"
in APPPATH\Controllers\AdmPost.php on line 55.
 1 SYSTEMPATH\Autoloader\Autoloader.php(289): CodeIgniter\Autoloader\Autoloader->includeFile('C:\\xampp\\htdocs\\codi\\app\\Controllers\\AdmPost.php')
 2 SYSTEMPATH\Autoloader\Autoloader.php(267): CodeIgniter\Autoloader\Autoloader->loadInNamespace('App\\Controllers\\AdmPost')
 3 [internal function]: CodeIgniter\Autoloader\Autoloader->loadClass('App\\Controllers\\AdmPost')
 4 SYSTEMPATH\CodeIgniter.php(892): class_exists('\\App\\Controllers\\AdmPost', true)
 5 SYSTEMPATH\CodeIgniter.php(486): CodeIgniter\CodeIgniter->startController()
 6 SYSTEMPATH\CodeIgniter.php(368): CodeIgniter\CodeIgniter->handleRequest(null, Object(Config\Cache), false)
 7 FCPATH\index.php(67): CodeIgniter\CodeIgniter->run()
CRITICAL - 2024-07-08 18:44:25 --> Unclosed '{' on line 10
in APPPATH\Controllers\AdmPost.php on line 3575.
 1 SYSTEMPATH\Autoloader\Autoloader.php(289): CodeIgniter\Autoloader\Autoloader->includeFile('C:\\xampp\\htdocs\\codi\\app\\Controllers\\AdmPost.php')
 2 SYSTEMPATH\Autoloader\Autoloader.php(267): CodeIgniter\Autoloader\Autoloader->loadInNamespace('App\\Controllers\\AdmPost')
 3 [internal function]: CodeIgniter\Autoloader\Autoloader->loadClass('App\\Controllers\\AdmPost')
 4 SYSTEMPATH\CodeIgniter.php(892): class_exists('\\App\\Controllers\\AdmPost', true)
 5 SYSTEMPATH\CodeIgniter.php(486): CodeIgniter\CodeIgniter->startController()
 6 SYSTEMPATH\CodeIgniter.php(368): CodeIgniter\CodeIgniter->handleRequest(null, Object(Config\Cache), false)
 7 FCPATH\index.php(67): CodeIgniter\CodeIgniter->run()
CRITICAL - 2024-07-08 18:44:26 --> Unclosed '{' on line 10
in APPPATH\Controllers\AdmPost.php on line 3575.
 1 SYSTEMPATH\Autoloader\Autoloader.php(289): CodeIgniter\Autoloader\Autoloader->includeFile('C:\\xampp\\htdocs\\codi\\app\\Controllers\\AdmPost.php')
 2 SYSTEMPATH\Autoloader\Autoloader.php(267): CodeIgniter\Autoloader\Autoloader->loadInNamespace('App\\Controllers\\AdmPost')
 3 [internal function]: CodeIgniter\Autoloader\Autoloader->loadClass('App\\Controllers\\AdmPost')
 4 SYSTEMPATH\CodeIgniter.php(892): class_exists('\\App\\Controllers\\AdmPost', true)
 5 SYSTEMPATH\CodeIgniter.php(486): CodeIgniter\CodeIgniter->startController()
 6 SYSTEMPATH\CodeIgniter.php(368): CodeIgniter\CodeIgniter->handleRequest(null, Object(Config\Cache), false)
 7 FCPATH\index.php(67): CodeIgniter\CodeIgniter->run()
CRITICAL - 2024-07-08 15:48:32 --> Undefined constant "App\Controllers\depois"
in APPPATH\Controllers\AdmPost.php on line 58.
 1 SYSTEMPATH\CodeIgniter.php(934): App\Controllers\AdmPost->lista_corte()
 2 SYSTEMPATH\CodeIgniter.php(499): CodeIgniter\CodeIgniter->runController(Object(App\Controllers\AdmPost))
 3 SYSTEMPATH\CodeIgniter.php(368): CodeIgniter\CodeIgniter->handleRequest(null, Object(Config\Cache), false)
 4 FCPATH\index.php(67): CodeIgniter\CodeIgniter->run()
CRITICAL - 2024-07-08 15:48:33 --> Undefined constant "App\Controllers\depois"
in APPPATH\Controllers\AdmPost.php on line 58.
 1 SYSTEMPATH\CodeIgniter.php(934): App\Controllers\AdmPost->lista_corte()
 2 SYSTEMPATH\CodeIgniter.php(499): CodeIgniter\CodeIgniter->runController(Object(App\Controllers\AdmPost))
 3 SYSTEMPATH\CodeIgniter.php(368): CodeIgniter\CodeIgniter->handleRequest(null, Object(Config\Cache), false)
 4 FCPATH\index.php(67): CodeIgniter\CodeIgniter->run()
CRITICAL - 2024-07-08 15:48:34 --> Undefined constant "App\Controllers\depois"
in APPPATH\Controllers\AdmPost.php on line 58.
 1 SYSTEMPATH\CodeIgniter.php(934): App\Controllers\AdmPost->lista_corte()
 2 SYSTEMPATH\CodeIgniter.php(499): CodeIgniter\CodeIgniter->runController(Object(App\Controllers\AdmPost))
 3 SYSTEMPATH\CodeIgniter.php(368): CodeIgniter\CodeIgniter->handleRequest(null, Object(Config\Cache), false)
 4 FCPATH\index.php(67): CodeIgniter\CodeIgniter->run()
CRITICAL - 2024-07-08 15:48:35 --> Undefined constant "App\Controllers\depois"
in APPPATH\Controllers\AdmPost.php on line 58.
 1 SYSTEMPATH\CodeIgniter.php(934): App\Controllers\AdmPost->lista_corte()
 2 SYSTEMPATH\CodeIgniter.php(499): CodeIgniter\CodeIgniter->runController(Object(App\Controllers\AdmPost))
 3 SYSTEMPATH\CodeIgniter.php(368): CodeIgniter\CodeIgniter->handleRequest(null, Object(Config\Cache), false)
 4 FCPATH\index.php(67): CodeIgniter\CodeIgniter->run()
CRITICAL - 2024-07-08 15:48:36 --> Undefined constant "App\Controllers\depois"
in APPPATH\Controllers\AdmPost.php on line 58.
 1 SYSTEMPATH\CodeIgniter.php(934): App\Controllers\AdmPost->lista_corte()
 2 SYSTEMPATH\CodeIgniter.php(499): CodeIgniter\CodeIgniter->runController(Object(App\Controllers\AdmPost))
 3 SYSTEMPATH\CodeIgniter.php(368): CodeIgniter\CodeIgniter->handleRequest(null, Object(Config\Cache), false)
 4 FCPATH\index.php(67): CodeIgniter\CodeIgniter->run()
CRITICAL - 2024-07-08 15:48:37 --> Undefined constant "App\Controllers\depois"
in APPPATH\Controllers\AdmPost.php on line 58.
 1 SYSTEMPATH\CodeIgniter.php(934): App\Controllers\AdmPost->lista_corte()
 2 SYSTEMPATH\CodeIgniter.php(499): CodeIgniter\CodeIgniter->runController(Object(App\Controllers\AdmPost))
 3 SYSTEMPATH\CodeIgniter.php(368): CodeIgniter\CodeIgniter->handleRequest(null, Object(Config\Cache), false)
 4 FCPATH\index.php(67): CodeIgniter\CodeIgniter->run()
CRITICAL - 2024-07-08 15:48:38 --> Undefined constant "App\Controllers\depois"
in APPPATH\Controllers\AdmPost.php on line 58.
 1 SYSTEMPATH\CodeIgniter.php(934): App\Controllers\AdmPost->lista_corte()
 2 SYSTEMPATH\CodeIgniter.php(499): CodeIgniter\CodeIgniter->runController(Object(App\Controllers\AdmPost))
 3 SYSTEMPATH\CodeIgniter.php(368): CodeIgniter\CodeIgniter->handleRequest(null, Object(Config\Cache), false)
 4 FCPATH\index.php(67): CodeIgniter\CodeIgniter->run()
CRITICAL - 2024-07-08 15:48:39 --> Undefined constant "App\Controllers\depois"
in APPPATH\Controllers\AdmPost.php on line 58.
 1 SYSTEMPATH\CodeIgniter.php(934): App\Controllers\AdmPost->lista_corte()
 2 SYSTEMPATH\CodeIgniter.php(499): CodeIgniter\CodeIgniter->runController(Object(App\Controllers\AdmPost))
 3 SYSTEMPATH\CodeIgniter.php(368): CodeIgniter\CodeIgniter->handleRequest(null, Object(Config\Cache), false)
 4 FCPATH\index.php(67): CodeIgniter\CodeIgniter->run()
CRITICAL - 2024-07-08 15:48:40 --> Undefined constant "App\Controllers\depois"
in APPPATH\Controllers\AdmPost.php on line 58.
 1 SYSTEMPATH\CodeIgniter.php(934): App\Controllers\AdmPost->lista_corte()
 2 SYSTEMPATH\CodeIgniter.php(499): CodeIgniter\CodeIgniter->runController(Object(App\Controllers\AdmPost))
 3 SYSTEMPATH\CodeIgniter.php(368): CodeIgniter\CodeIgniter->handleRequest(null, Object(Config\Cache), false)
 4 FCPATH\index.php(67): CodeIgniter\CodeIgniter->run()
CRITICAL - 2024-07-08 15:49:58 --> Trying to access array offset on value of type null
in APPPATH\Controllers\AdmPost.php on line 53.
 1 APPPATH\Controllers\AdmPost.php(53): CodeIgniter\Debug\Exceptions->errorHandler(2, 'Trying to access array offset on value of type null', 'C:\\xampp\\htdocs\\codi\\app\\Controllers\\AdmPost.php', 53)
 2 SYSTEMPATH\CodeIgniter.php(934): App\Controllers\AdmPost->lista_corte()
 3 SYSTEMPATH\CodeIgniter.php(499): CodeIgniter\CodeIgniter->runController(Object(App\Controllers\AdmPost))
 4 SYSTEMPATH\CodeIgniter.php(368): CodeIgniter\CodeIgniter->handleRequest(null, Object(Config\Cache), false)
 5 FCPATH\index.php(67): CodeIgniter\CodeIgniter->run()
CRITICAL - 2024-07-08 15:49:59 --> Trying to access array offset on value of type null
in APPPATH\Controllers\AdmPost.php on line 53.
 1 APPPATH\Controllers\AdmPost.php(53): CodeIgniter\Debug\Exceptions->errorHandler(2, 'Trying to access array offset on value of type null', 'C:\\xampp\\htdocs\\codi\\app\\Controllers\\AdmPost.php', 53)
 2 SYSTEMPATH\CodeIgniter.php(934): App\Controllers\AdmPost->lista_corte()
 3 SYSTEMPATH\CodeIgniter.php(499): CodeIgniter\CodeIgniter->runController(Object(App\Controllers\AdmPost))
 4 SYSTEMPATH\CodeIgniter.php(368): CodeIgniter\CodeIgniter->handleRequest(null, Object(Config\Cache), false)
 5 FCPATH\index.php(67): CodeIgniter\CodeIgniter->run()
CRITICAL - 2024-07-08 15:50:00 --> Trying to access array offset on value of type null
in APPPATH\Controllers\AdmPost.php on line 53.
 1 APPPATH\Controllers\AdmPost.php(53): CodeIgniter\Debug\Exceptions->errorHandler(2, 'Trying to access array offset on value of type null', 'C:\\xampp\\htdocs\\codi\\app\\Controllers\\AdmPost.php', 53)
 2 SYSTEMPATH\CodeIgniter.php(934): App\Controllers\AdmPost->lista_corte()
 3 SYSTEMPATH\CodeIgniter.php(499): CodeIgniter\CodeIgniter->runController(Object(App\Controllers\AdmPost))
 4 SYSTEMPATH\CodeIgniter.php(368): CodeIgniter\CodeIgniter->handleRequest(null, Object(Config\Cache), false)
 5 FCPATH\index.php(67): CodeIgniter\CodeIgniter->run()
CRITICAL - 2024-07-08 15:50:01 --> Trying to access array offset on value of type null
in APPPATH\Controllers\AdmPost.php on line 53.
 1 APPPATH\Controllers\AdmPost.php(53): CodeIgniter\Debug\Exceptions->errorHandler(2, 'Trying to access array offset on value of type null', 'C:\\xampp\\htdocs\\codi\\app\\Controllers\\AdmPost.php', 53)
 2 SYSTEMPATH\CodeIgniter.php(934): App\Controllers\AdmPost->lista_corte()
 3 SYSTEMPATH\CodeIgniter.php(499): CodeIgniter\CodeIgniter->runController(Object(App\Controllers\AdmPost))
 4 SYSTEMPATH\CodeIgniter.php(368): CodeIgniter\CodeIgniter->handleRequest(null, Object(Config\Cache), false)
 5 FCPATH\index.php(67): CodeIgniter\CodeIgniter->run()
CRITICAL - 2024-07-08 15:50:02 --> Trying to access array offset on value of type null
in APPPATH\Controllers\AdmPost.php on line 53.
 1 APPPATH\Controllers\AdmPost.php(53): CodeIgniter\Debug\Exceptions->errorHandler(2, 'Trying to access array offset on value of type null', 'C:\\xampp\\htdocs\\codi\\app\\Controllers\\AdmPost.php', 53)
 2 SYSTEMPATH\CodeIgniter.php(934): App\Controllers\AdmPost->lista_corte()
 3 SYSTEMPATH\CodeIgniter.php(499): CodeIgniter\CodeIgniter->runController(Object(App\Controllers\AdmPost))
 4 SYSTEMPATH\CodeIgniter.php(368): CodeIgniter\CodeIgniter->handleRequest(null, Object(Config\Cache), false)
 5 FCPATH\index.php(67): CodeIgniter\CodeIgniter->run()
CRITICAL - 2024-07-08 15:50:03 --> Trying to access array offset on value of type null
in APPPATH\Controllers\AdmPost.php on line 53.
 1 APPPATH\Controllers\AdmPost.php(53): CodeIgniter\Debug\Exceptions->errorHandler(2, 'Trying to access array offset on value of type null', 'C:\\xampp\\htdocs\\codi\\app\\Controllers\\AdmPost.php', 53)
 2 SYSTEMPATH\CodeIgniter.php(934): App\Controllers\AdmPost->lista_corte()
 3 SYSTEMPATH\CodeIgniter.php(499): CodeIgniter\CodeIgniter->runController(Object(App\Controllers\AdmPost))
 4 SYSTEMPATH\CodeIgniter.php(368): CodeIgniter\CodeIgniter->handleRequest(null, Object(Config\Cache), false)
 5 FCPATH\index.php(67): CodeIgniter\CodeIgniter->run()
CRITICAL - 2024-07-08 15:50:04 --> Trying to access array offset on value of type null
in APPPATH\Controllers\AdmPost.php on line 53.
 1 APPPATH\Controllers\AdmPost.php(53): CodeIgniter\Debug\Exceptions->errorHandler(2, 'Trying to access array offset on value of type null', 'C:\\xampp\\htdocs\\codi\\app\\Controllers\\AdmPost.php', 53)
 2 SYSTEMPATH\CodeIgniter.php(934): App\Controllers\AdmPost->lista_corte()
 3 SYSTEMPATH\CodeIgniter.php(499): CodeIgniter\CodeIgniter->runController(Object(App\Controllers\AdmPost))
 4 SYSTEMPATH\CodeIgniter.php(368): CodeIgniter\CodeIgniter->handleRequest(null, Object(Config\Cache), false)
 5 FCPATH\index.php(67): CodeIgniter\CodeIgniter->run()
CRITICAL - 2024-07-08 15:50:05 --> Trying to access array offset on value of type null
in APPPATH\Controllers\AdmPost.php on line 53.
 1 APPPATH\Controllers\AdmPost.php(53): CodeIgniter\Debug\Exceptions->errorHandler(2, 'Trying to access array offset on value of type null', 'C:\\xampp\\htdocs\\codi\\app\\Controllers\\AdmPost.php', 53)
 2 SYSTEMPATH\CodeIgniter.php(934): App\Controllers\AdmPost->lista_corte()
 3 SYSTEMPATH\CodeIgniter.php(499): CodeIgniter\CodeIgniter->runController(Object(App\Controllers\AdmPost))
 4 SYSTEMPATH\CodeIgniter.php(368): CodeIgniter\CodeIgniter->handleRequest(null, Object(Config\Cache), false)
 5 FCPATH\index.php(67): CodeIgniter\CodeIgniter->run()
CRITICAL - 2024-07-08 15:50:06 --> Trying to access array offset on value of type null
in APPPATH\Controllers\AdmPost.php on line 53.
 1 APPPATH\Controllers\AdmPost.php(53): CodeIgniter\Debug\Exceptions->errorHandler(2, 'Trying to access array offset on value of type null', 'C:\\xampp\\htdocs\\codi\\app\\Controllers\\AdmPost.php', 53)
 2 SYSTEMPATH\CodeIgniter.php(934): App\Controllers\AdmPost->lista_corte()
 3 SYSTEMPATH\CodeIgniter.php(499): CodeIgniter\CodeIgniter->runController(Object(App\Controllers\AdmPost))
 4 SYSTEMPATH\CodeIgniter.php(368): CodeIgniter\CodeIgniter->handleRequest(null, Object(Config\Cache), false)
 5 FCPATH\index.php(67): CodeIgniter\CodeIgniter->run()
CRITICAL - 2024-07-08 15:50:07 --> Trying to access array offset on value of type null
in APPPATH\Controllers\AdmPost.php on line 53.
 1 APPPATH\Controllers\AdmPost.php(53): CodeIgniter\Debug\Exceptions->errorHandler(2, 'Trying to access array offset on value of type null', 'C:\\xampp\\htdocs\\codi\\app\\Controllers\\AdmPost.php', 53)
 2 SYSTEMPATH\CodeIgniter.php(934): App\Controllers\AdmPost->lista_corte()
 3 SYSTEMPATH\CodeIgniter.php(499): CodeIgniter\CodeIgniter->runController(Object(App\Controllers\AdmPost))
 4 SYSTEMPATH\CodeIgniter.php(368): CodeIgniter\CodeIgniter->handleRequest(null, Object(Config\Cache), false)
 5 FCPATH\index.php(67): CodeIgniter\CodeIgniter->run()
CRITICAL - 2024-07-08 15:50:08 --> Trying to access array offset on value of type null
in APPPATH\Controllers\AdmPost.php on line 53.
 1 APPPATH\Controllers\AdmPost.php(53): CodeIgniter\Debug\Exceptions->errorHandler(2, 'Trying to access array offset on value of type null', 'C:\\xampp\\htdocs\\codi\\app\\Controllers\\AdmPost.php', 53)
 2 SYSTEMPATH\CodeIgniter.php(934): App\Controllers\AdmPost->lista_corte()
 3 SYSTEMPATH\CodeIgniter.php(499): CodeIgniter\CodeIgniter->runController(Object(App\Controllers\AdmPost))
 4 SYSTEMPATH\CodeIgniter.php(368): CodeIgniter\CodeIgniter->handleRequest(null, Object(Config\Cache), false)
 5 FCPATH\index.php(67): CodeIgniter\CodeIgniter->run()
CRITICAL - 2024-07-08 15:50:09 --> Trying to access array offset on value of type null
in APPPATH\Controllers\AdmPost.php on line 53.
 1 APPPATH\Controllers\AdmPost.php(53): CodeIgniter\Debug\Exceptions->errorHandler(2, 'Trying to access array offset on value of type null', 'C:\\xampp\\htdocs\\codi\\app\\Controllers\\AdmPost.php', 53)
 2 SYSTEMPATH\CodeIgniter.php(934): App\Controllers\AdmPost->lista_corte()
 3 SYSTEMPATH\CodeIgniter.php(499): CodeIgniter\CodeIgniter->runController(Object(App\Controllers\AdmPost))
 4 SYSTEMPATH\CodeIgniter.php(368): CodeIgniter\CodeIgniter->handleRequest(null, Object(Config\Cache), false)
 5 FCPATH\index.php(67): CodeIgniter\CodeIgniter->run()
CRITICAL - 2024-07-08 15:50:10 --> Trying to access array offset on value of type null
in APPPATH\Controllers\AdmPost.php on line 53.
 1 APPPATH\Controllers\AdmPost.php(53): CodeIgniter\Debug\Exceptions->errorHandler(2, 'Trying to access array offset on value of type null', 'C:\\xampp\\htdocs\\codi\\app\\Controllers\\AdmPost.php', 53)
 2 SYSTEMPATH\CodeIgniter.php(934): App\Controllers\AdmPost->lista_corte()
 3 SYSTEMPATH\CodeIgniter.php(499): CodeIgniter\CodeIgniter->runController(Object(App\Controllers\AdmPost))
 4 SYSTEMPATH\CodeIgniter.php(368): CodeIgniter\CodeIgniter->handleRequest(null, Object(Config\Cache), false)
 5 FCPATH\index.php(67): CodeIgniter\CodeIgniter->run()
CRITICAL - 2024-07-08 15:50:11 --> Trying to access array offset on value of type null
in APPPATH\Controllers\AdmPost.php on line 53.
 1 APPPATH\Controllers\AdmPost.php(53): CodeIgniter\Debug\Exceptions->errorHandler(2, 'Trying to access array offset on value of type null', 'C:\\xampp\\htdocs\\codi\\app\\Controllers\\AdmPost.php', 53)
 2 SYSTEMPATH\CodeIgniter.php(934): App\Controllers\AdmPost->lista_corte()
 3 SYSTEMPATH\CodeIgniter.php(499): CodeIgniter\CodeIgniter->runController(Object(App\Controllers\AdmPost))
 4 SYSTEMPATH\CodeIgniter.php(368): CodeIgniter\CodeIgniter->handleRequest(null, Object(Config\Cache), false)
 5 FCPATH\index.php(67): CodeIgniter\CodeIgniter->run()
CRITICAL - 2024-07-08 15:50:12 --> Trying to access array offset on value of type null
in APPPATH\Controllers\AdmPost.php on line 53.
 1 APPPATH\Controllers\AdmPost.php(53): CodeIgniter\Debug\Exceptions->errorHandler(2, 'Trying to access array offset on value of type null', 'C:\\xampp\\htdocs\\codi\\app\\Controllers\\AdmPost.php', 53)
 2 SYSTEMPATH\CodeIgniter.php(934): App\Controllers\AdmPost->lista_corte()
 3 SYSTEMPATH\CodeIgniter.php(499): CodeIgniter\CodeIgniter->runController(Object(App\Controllers\AdmPost))
 4 SYSTEMPATH\CodeIgniter.php(368): CodeIgniter\CodeIgniter->handleRequest(null, Object(Config\Cache), false)
 5 FCPATH\index.php(67): CodeIgniter\CodeIgniter->run()
CRITICAL - 2024-07-08 15:50:13 --> Trying to access array offset on value of type null
in APPPATH\Controllers\AdmPost.php on line 53.
 1 APPPATH\Controllers\AdmPost.php(53): CodeIgniter\Debug\Exceptions->errorHandler(2, 'Trying to access array offset on value of type null', 'C:\\xampp\\htdocs\\codi\\app\\Controllers\\AdmPost.php', 53)
 2 SYSTEMPATH\CodeIgniter.php(934): App\Controllers\AdmPost->lista_corte()
 3 SYSTEMPATH\CodeIgniter.php(499): CodeIgniter\CodeIgniter->runController(Object(App\Controllers\AdmPost))
 4 SYSTEMPATH\CodeIgniter.php(368): CodeIgniter\CodeIgniter->handleRequest(null, Object(Config\Cache), false)
 5 FCPATH\index.php(67): CodeIgniter\CodeIgniter->run()
CRITICAL - 2024-07-08 15:50:14 --> Trying to access array offset on value of type null
in APPPATH\Controllers\AdmPost.php on line 53.
 1 APPPATH\Controllers\AdmPost.php(53): CodeIgniter\Debug\Exceptions->errorHandler(2, 'Trying to access array offset on value of type null', 'C:\\xampp\\htdocs\\codi\\app\\Controllers\\AdmPost.php', 53)
 2 SYSTEMPATH\CodeIgniter.php(934): App\Controllers\AdmPost->lista_corte()
 3 SYSTEMPATH\CodeIgniter.php(499): CodeIgniter\CodeIgniter->runController(Object(App\Controllers\AdmPost))
 4 SYSTEMPATH\CodeIgniter.php(368): CodeIgniter\CodeIgniter->handleRequest(null, Object(Config\Cache), false)
 5 FCPATH\index.php(67): CodeIgniter\CodeIgniter->run()
CRITICAL - 2024-07-08 15:50:15 --> Trying to access array offset on value of type null
in APPPATH\Controllers\AdmPost.php on line 53.
 1 APPPATH\Controllers\AdmPost.php(53): CodeIgniter\Debug\Exceptions->errorHandler(2, 'Trying to access array offset on value of type null', 'C:\\xampp\\htdocs\\codi\\app\\Controllers\\AdmPost.php', 53)
 2 SYSTEMPATH\CodeIgniter.php(934): App\Controllers\AdmPost->lista_corte()
 3 SYSTEMPATH\CodeIgniter.php(499): CodeIgniter\CodeIgniter->runController(Object(App\Controllers\AdmPost))
 4 SYSTEMPATH\CodeIgniter.php(368): CodeIgniter\CodeIgniter->handleRequest(null, Object(Config\Cache), false)
 5 FCPATH\index.php(67): CodeIgniter\CodeIgniter->run()
CRITICAL - 2024-07-08 15:50:16 --> Trying to access array offset on value of type null
in APPPATH\Controllers\AdmPost.php on line 53.
 1 APPPATH\Controllers\AdmPost.php(53): CodeIgniter\Debug\Exceptions->errorHandler(2, 'Trying to access array offset on value of type null', 'C:\\xampp\\htdocs\\codi\\app\\Controllers\\AdmPost.php', 53)
 2 SYSTEMPATH\CodeIgniter.php(934): App\Controllers\AdmPost->lista_corte()
 3 SYSTEMPATH\CodeIgniter.php(499): CodeIgniter\CodeIgniter->runController(Object(App\Controllers\AdmPost))
 4 SYSTEMPATH\CodeIgniter.php(368): CodeIgniter\CodeIgniter->handleRequest(null, Object(Config\Cache), false)
 5 FCPATH\index.php(67): CodeIgniter\CodeIgniter->run()
CRITICAL - 2024-07-08 15:50:17 --> Trying to access array offset on value of type null
in APPPATH\Controllers\AdmPost.php on line 53.
 1 APPPATH\Controllers\AdmPost.php(53): CodeIgniter\Debug\Exceptions->errorHandler(2, 'Trying to access array offset on value of type null', 'C:\\xampp\\htdocs\\codi\\app\\Controllers\\AdmPost.php', 53)
 2 SYSTEMPATH\CodeIgniter.php(934): App\Controllers\AdmPost->lista_corte()
 3 SYSTEMPATH\CodeIgniter.php(499): CodeIgniter\CodeIgniter->runController(Object(App\Controllers\AdmPost))
 4 SYSTEMPATH\CodeIgniter.php(368): CodeIgniter\CodeIgniter->handleRequest(null, Object(Config\Cache), false)
 5 FCPATH\index.php(67): CodeIgniter\CodeIgniter->run()
CRITICAL - 2024-07-08 15:50:18 --> Trying to access array offset on value of type null
in APPPATH\Controllers\AdmPost.php on line 53.
 1 APPPATH\Controllers\AdmPost.php(53): CodeIgniter\Debug\Exceptions->errorHandler(2, 'Trying to access array offset on value of type null', 'C:\\xampp\\htdocs\\codi\\app\\Controllers\\AdmPost.php', 53)
 2 SYSTEMPATH\CodeIgniter.php(934): App\Controllers\AdmPost->lista_corte()
 3 SYSTEMPATH\CodeIgniter.php(499): CodeIgniter\CodeIgniter->runController(Object(App\Controllers\AdmPost))
 4 SYSTEMPATH\CodeIgniter.php(368): CodeIgniter\CodeIgniter->handleRequest(null, Object(Config\Cache), false)
 5 FCPATH\index.php(67): CodeIgniter\CodeIgniter->run()
CRITICAL - 2024-07-08 15:50:19 --> Trying to access array offset on value of type null
in APPPATH\Controllers\AdmPost.php on line 53.
 1 APPPATH\Controllers\AdmPost.php(53): CodeIgniter\Debug\Exceptions->errorHandler(2, 'Trying to access array offset on value of type null', 'C:\\xampp\\htdocs\\codi\\app\\Controllers\\AdmPost.php', 53)
 2 SYSTEMPATH\CodeIgniter.php(934): App\Controllers\AdmPost->lista_corte()
 3 SYSTEMPATH\CodeIgniter.php(499): CodeIgniter\CodeIgniter->runController(Object(App\Controllers\AdmPost))
 4 SYSTEMPATH\CodeIgniter.php(368): CodeIgniter\CodeIgniter->handleRequest(null, Object(Config\Cache), false)
 5 FCPATH\index.php(67): CodeIgniter\CodeIgniter->run()
CRITICAL - 2024-07-08 15:50:20 --> Trying to access array offset on value of type null
in APPPATH\Controllers\AdmPost.php on line 53.
 1 APPPATH\Controllers\AdmPost.php(53): CodeIgniter\Debug\Exceptions->errorHandler(2, 'Trying to access array offset on value of type null', 'C:\\xampp\\htdocs\\codi\\app\\Controllers\\AdmPost.php', 53)
 2 SYSTEMPATH\CodeIgniter.php(934): App\Controllers\AdmPost->lista_corte()
 3 SYSTEMPATH\CodeIgniter.php(499): CodeIgniter\CodeIgniter->runController(Object(App\Controllers\AdmPost))
 4 SYSTEMPATH\CodeIgniter.php(368): CodeIgniter\CodeIgniter->handleRequest(null, Object(Config\Cache), false)
 5 FCPATH\index.php(67): CodeIgniter\CodeIgniter->run()
CRITICAL - 2024-07-08 15:50:21 --> Trying to access array offset on value of type null
in APPPATH\Controllers\AdmPost.php on line 53.
 1 APPPATH\Controllers\AdmPost.php(53): CodeIgniter\Debug\Exceptions->errorHandler(2, 'Trying to access array offset on value of type null', 'C:\\xampp\\htdocs\\codi\\app\\Controllers\\AdmPost.php', 53)
 2 SYSTEMPATH\CodeIgniter.php(934): App\Controllers\AdmPost->lista_corte()
 3 SYSTEMPATH\CodeIgniter.php(499): CodeIgniter\CodeIgniter->runController(Object(App\Controllers\AdmPost))
 4 SYSTEMPATH\CodeIgniter.php(368): CodeIgniter\CodeIgniter->handleRequest(null, Object(Config\Cache), false)
 5 FCPATH\index.php(67): CodeIgniter\CodeIgniter->run()
CRITICAL - 2024-07-08 15:50:22 --> Trying to access array offset on value of type null
in APPPATH\Controllers\AdmPost.php on line 53.
 1 APPPATH\Controllers\AdmPost.php(53): CodeIgniter\Debug\Exceptions->errorHandler(2, 'Trying to access array offset on value of type null', 'C:\\xampp\\htdocs\\codi\\app\\Controllers\\AdmPost.php', 53)
 2 SYSTEMPATH\CodeIgniter.php(934): App\Controllers\AdmPost->lista_corte()
 3 SYSTEMPATH\CodeIgniter.php(499): CodeIgniter\CodeIgniter->runController(Object(App\Controllers\AdmPost))
 4 SYSTEMPATH\CodeIgniter.php(368): CodeIgniter\CodeIgniter->handleRequest(null, Object(Config\Cache), false)
 5 FCPATH\index.php(67): CodeIgniter\CodeIgniter->run()
CRITICAL - 2024-07-08 15:50:23 --> Trying to access array offset on value of type null
in APPPATH\Controllers\AdmPost.php on line 53.
 1 APPPATH\Controllers\AdmPost.php(53): CodeIgniter\Debug\Exceptions->errorHandler(2, 'Trying to access array offset on value of type null', 'C:\\xampp\\htdocs\\codi\\app\\Controllers\\AdmPost.php', 53)
 2 SYSTEMPATH\CodeIgniter.php(934): App\Controllers\AdmPost->lista_corte()
 3 SYSTEMPATH\CodeIgniter.php(499): CodeIgniter\CodeIgniter->runController(Object(App\Controllers\AdmPost))
 4 SYSTEMPATH\CodeIgniter.php(368): CodeIgniter\CodeIgniter->handleRequest(null, Object(Config\Cache), false)
 5 FCPATH\index.php(67): CodeIgniter\CodeIgniter->run()
CRITICAL - 2024-07-08 15:50:24 --> Trying to access array offset on value of type null
in APPPATH\Controllers\AdmPost.php on line 53.
 1 APPPATH\Controllers\AdmPost.php(53): CodeIgniter\Debug\Exceptions->errorHandler(2, 'Trying to access array offset on value of type null', 'C:\\xampp\\htdocs\\codi\\app\\Controllers\\AdmPost.php', 53)
 2 SYSTEMPATH\CodeIgniter.php(934): App\Controllers\AdmPost->lista_corte()
 3 SYSTEMPATH\CodeIgniter.php(499): CodeIgniter\CodeIgniter->runController(Object(App\Controllers\AdmPost))
 4 SYSTEMPATH\CodeIgniter.php(368): CodeIgniter\CodeIgniter->handleRequest(null, Object(Config\Cache), false)
 5 FCPATH\index.php(67): CodeIgniter\CodeIgniter->run()
CRITICAL - 2024-07-08 15:50:25 --> Trying to access array offset on value of type null
in APPPATH\Controllers\AdmPost.php on line 53.
 1 APPPATH\Controllers\AdmPost.php(53): CodeIgniter\Debug\Exceptions->errorHandler(2, 'Trying to access array offset on value of type null', 'C:\\xampp\\htdocs\\codi\\app\\Controllers\\AdmPost.php', 53)
 2 SYSTEMPATH\CodeIgniter.php(934): App\Controllers\AdmPost->lista_corte()
 3 SYSTEMPATH\CodeIgniter.php(499): CodeIgniter\CodeIgniter->runController(Object(App\Controllers\AdmPost))
 4 SYSTEMPATH\CodeIgniter.php(368): CodeIgniter\CodeIgniter->handleRequest(null, Object(Config\Cache), false)
 5 FCPATH\index.php(67): CodeIgniter\CodeIgniter->run()
CRITICAL - 2024-07-08 15:50:26 --> Trying to access array offset on value of type null
in APPPATH\Controllers\AdmPost.php on line 53.
 1 APPPATH\Controllers\AdmPost.php(53): CodeIgniter\Debug\Exceptions->errorHandler(2, 'Trying to access array offset on value of type null', 'C:\\xampp\\htdocs\\codi\\app\\Controllers\\AdmPost.php', 53)
 2 SYSTEMPATH\CodeIgniter.php(934): App\Controllers\AdmPost->lista_corte()
 3 SYSTEMPATH\CodeIgniter.php(499): CodeIgniter\CodeIgniter->runController(Object(App\Controllers\AdmPost))
 4 SYSTEMPATH\CodeIgniter.php(368): CodeIgniter\CodeIgniter->handleRequest(null, Object(Config\Cache), false)
 5 FCPATH\index.php(67): CodeIgniter\CodeIgniter->run()
CRITICAL - 2024-07-08 15:50:27 --> Trying to access array offset on value of type null
in APPPATH\Controllers\AdmPost.php on line 53.
 1 APPPATH\Controllers\AdmPost.php(53): CodeIgniter\Debug\Exceptions->errorHandler(2, 'Trying to access array offset on value of type null', 'C:\\xampp\\htdocs\\codi\\app\\Controllers\\AdmPost.php', 53)
 2 SYSTEMPATH\CodeIgniter.php(934): App\Controllers\AdmPost->lista_corte()
 3 SYSTEMPATH\CodeIgniter.php(499): CodeIgniter\CodeIgniter->runController(Object(App\Controllers\AdmPost))
 4 SYSTEMPATH\CodeIgniter.php(368): CodeIgniter\CodeIgniter->handleRequest(null, Object(Config\Cache), false)
 5 FCPATH\index.php(67): CodeIgniter\CodeIgniter->run()
CRITICAL - 2024-07-08 15:50:28 --> Trying to access array offset on value of type null
in APPPATH\Controllers\AdmPost.php on line 53.
 1 APPPATH\Controllers\AdmPost.php(53): CodeIgniter\Debug\Exceptions->errorHandler(2, 'Trying to access array offset on value of type null', 'C:\\xampp\\htdocs\\codi\\app\\Controllers\\AdmPost.php', 53)
 2 SYSTEMPATH\CodeIgniter.php(934): App\Controllers\AdmPost->lista_corte()
 3 SYSTEMPATH\CodeIgniter.php(499): CodeIgniter\CodeIgniter->runController(Object(App\Controllers\AdmPost))
 4 SYSTEMPATH\CodeIgniter.php(368): CodeIgniter\CodeIgniter->handleRequest(null, Object(Config\Cache), false)
 5 FCPATH\index.php(67): CodeIgniter\CodeIgniter->run()
CRITICAL - 2024-07-08 15:50:29 --> Trying to access array offset on value of type null
in APPPATH\Controllers\AdmPost.php on line 53.
 1 APPPATH\Controllers\AdmPost.php(53): CodeIgniter\Debug\Exceptions->errorHandler(2, 'Trying to access array offset on value of type null', 'C:\\xampp\\htdocs\\codi\\app\\Controllers\\AdmPost.php', 53)
 2 SYSTEMPATH\CodeIgniter.php(934): App\Controllers\AdmPost->lista_corte()
 3 SYSTEMPATH\CodeIgniter.php(499): CodeIgniter\CodeIgniter->runController(Object(App\Controllers\AdmPost))
 4 SYSTEMPATH\CodeIgniter.php(368): CodeIgniter\CodeIgniter->handleRequest(null, Object(Config\Cache), false)
 5 FCPATH\index.php(67): CodeIgniter\CodeIgniter->run()
CRITICAL - 2024-07-08 15:50:30 --> Trying to access array offset on value of type null
in APPPATH\Controllers\AdmPost.php on line 53.
 1 APPPATH\Controllers\AdmPost.php(53): CodeIgniter\Debug\Exceptions->errorHandler(2, 'Trying to access array offset on value of type null', 'C:\\xampp\\htdocs\\codi\\app\\Controllers\\AdmPost.php', 53)
 2 SYSTEMPATH\CodeIgniter.php(934): App\Controllers\AdmPost->lista_corte()
 3 SYSTEMPATH\CodeIgniter.php(499): CodeIgniter\CodeIgniter->runController(Object(App\Controllers\AdmPost))
 4 SYSTEMPATH\CodeIgniter.php(368): CodeIgniter\CodeIgniter->handleRequest(null, Object(Config\Cache), false)
 5 FCPATH\index.php(67): CodeIgniter\CodeIgniter->run()
CRITICAL - 2024-07-08 15:50:31 --> Trying to access array offset on value of type null
in APPPATH\Controllers\AdmPost.php on line 53.
 1 APPPATH\Controllers\AdmPost.php(53): CodeIgniter\Debug\Exceptions->errorHandler(2, 'Trying to access array offset on value of type null', 'C:\\xampp\\htdocs\\codi\\app\\Controllers\\AdmPost.php', 53)
 2 SYSTEMPATH\CodeIgniter.php(934): App\Controllers\AdmPost->lista_corte()
 3 SYSTEMPATH\CodeIgniter.php(499): CodeIgniter\CodeIgniter->runController(Object(App\Controllers\AdmPost))
 4 SYSTEMPATH\CodeIgniter.php(368): CodeIgniter\CodeIgniter->handleRequest(null, Object(Config\Cache), false)
 5 FCPATH\index.php(67): CodeIgniter\CodeIgniter->run()
CRITICAL - 2024-07-08 15:50:32 --> Trying to access array offset on value of type null
in APPPATH\Controllers\AdmPost.php on line 53.
 1 APPPATH\Controllers\AdmPost.php(53): CodeIgniter\Debug\Exceptions->errorHandler(2, 'Trying to access array offset on value of type null', 'C:\\xampp\\htdocs\\codi\\app\\Controllers\\AdmPost.php', 53)
 2 SYSTEMPATH\CodeIgniter.php(934): App\Controllers\AdmPost->lista_corte()
 3 SYSTEMPATH\CodeIgniter.php(499): CodeIgniter\CodeIgniter->runController(Object(App\Controllers\AdmPost))
 4 SYSTEMPATH\CodeIgniter.php(368): CodeIgniter\CodeIgniter->handleRequest(null, Object(Config\Cache), false)
 5 FCPATH\index.php(67): CodeIgniter\CodeIgniter->run()
CRITICAL - 2024-07-08 15:50:33 --> Trying to access array offset on value of type null
in APPPATH\Controllers\AdmPost.php on line 53.
 1 APPPATH\Controllers\AdmPost.php(53): CodeIgniter\Debug\Exceptions->errorHandler(2, 'Trying to access array offset on value of type null', 'C:\\xampp\\htdocs\\codi\\app\\Controllers\\AdmPost.php', 53)
 2 SYSTEMPATH\CodeIgniter.php(934): App\Controllers\AdmPost->lista_corte()
 3 SYSTEMPATH\CodeIgniter.php(499): CodeIgniter\CodeIgniter->runController(Object(App\Controllers\AdmPost))
 4 SYSTEMPATH\CodeIgniter.php(368): CodeIgniter\CodeIgniter->handleRequest(null, Object(Config\Cache), false)
 5 FCPATH\index.php(67): CodeIgniter\CodeIgniter->run()
CRITICAL - 2024-07-08 15:50:34 --> Trying to access array offset on value of type null
in APPPATH\Controllers\AdmPost.php on line 53.
 1 APPPATH\Controllers\AdmPost.php(53): CodeIgniter\Debug\Exceptions->errorHandler(2, 'Trying to access array offset on value of type null', 'C:\\xampp\\htdocs\\codi\\app\\Controllers\\AdmPost.php', 53)
 2 SYSTEMPATH\CodeIgniter.php(934): App\Controllers\AdmPost->lista_corte()
 3 SYSTEMPATH\CodeIgniter.php(499): CodeIgniter\CodeIgniter->runController(Object(App\Controllers\AdmPost))
 4 SYSTEMPATH\CodeIgniter.php(368): CodeIgniter\CodeIgniter->handleRequest(null, Object(Config\Cache), false)
 5 FCPATH\index.php(67): CodeIgniter\CodeIgniter->run()
CRITICAL - 2024-07-08 15:50:35 --> Trying to access array offset on value of type null
in APPPATH\Controllers\AdmPost.php on line 53.
 1 APPPATH\Controllers\AdmPost.php(53): CodeIgniter\Debug\Exceptions->errorHandler(2, 'Trying to access array offset on value of type null', 'C:\\xampp\\htdocs\\codi\\app\\Controllers\\AdmPost.php', 53)
 2 SYSTEMPATH\CodeIgniter.php(934): App\Controllers\AdmPost->lista_corte()
 3 SYSTEMPATH\CodeIgniter.php(499): CodeIgniter\CodeIgniter->runController(Object(App\Controllers\AdmPost))
 4 SYSTEMPATH\CodeIgniter.php(368): CodeIgniter\CodeIgniter->handleRequest(null, Object(Config\Cache), false)
 5 FCPATH\index.php(67): CodeIgniter\CodeIgniter->run()
CRITICAL - 2024-07-08 15:50:36 --> Trying to access array offset on value of type null
in APPPATH\Controllers\AdmPost.php on line 53.
 1 APPPATH\Controllers\AdmPost.php(53): CodeIgniter\Debug\Exceptions->errorHandler(2, 'Trying to access array offset on value of type null', 'C:\\xampp\\htdocs\\codi\\app\\Controllers\\AdmPost.php', 53)
 2 SYSTEMPATH\CodeIgniter.php(934): App\Controllers\AdmPost->lista_corte()
 3 SYSTEMPATH\CodeIgniter.php(499): CodeIgniter\CodeIgniter->runController(Object(App\Controllers\AdmPost))
 4 SYSTEMPATH\CodeIgniter.php(368): CodeIgniter\CodeIgniter->handleRequest(null, Object(Config\Cache), false)
 5 FCPATH\index.php(67): CodeIgniter\CodeIgniter->run()
CRITICAL - 2024-07-08 18:50:37 --> Unclosed '{' on line 10
in APPPATH\Controllers\AdmPost.php on line 3586.
 1 SYSTEMPATH\Autoloader\Autoloader.php(289): CodeIgniter\Autoloader\Autoloader->includeFile('C:\\xampp\\htdocs\\codi\\app\\Controllers\\AdmPost.php')
 2 SYSTEMPATH\Autoloader\Autoloader.php(267): CodeIgniter\Autoloader\Autoloader->loadInNamespace('App\\Controllers\\AdmPost')
 3 [internal function]: CodeIgniter\Autoloader\Autoloader->loadClass('App\\Controllers\\AdmPost')
 4 SYSTEMPATH\CodeIgniter.php(892): class_exists('\\App\\Controllers\\AdmPost', true)
 5 SYSTEMPATH\CodeIgniter.php(486): CodeIgniter\CodeIgniter->startController()
 6 SYSTEMPATH\CodeIgniter.php(368): CodeIgniter\CodeIgniter->handleRequest(null, Object(Config\Cache), false)
 7 FCPATH\index.php(67): CodeIgniter\CodeIgniter->run()
CRITICAL - 2024-07-08 18:50:38 --> Unclosed '{' on line 10
in APPPATH\Controllers\AdmPost.php on line 3586.
 1 SYSTEMPATH\Autoloader\Autoloader.php(289): CodeIgniter\Autoloader\Autoloader->includeFile('C:\\xampp\\htdocs\\codi\\app\\Controllers\\AdmPost.php')
 2 SYSTEMPATH\Autoloader\Autoloader.php(267): CodeIgniter\Autoloader\Autoloader->loadInNamespace('App\\Controllers\\AdmPost')
 3 [internal function]: CodeIgniter\Autoloader\Autoloader->loadClass('App\\Controllers\\AdmPost')
 4 SYSTEMPATH\CodeIgniter.php(892): class_exists('\\App\\Controllers\\AdmPost', true)
 5 SYSTEMPATH\CodeIgniter.php(486): CodeIgniter\CodeIgniter->startController()
 6 SYSTEMPATH\CodeIgniter.php(368): CodeIgniter\CodeIgniter->handleRequest(null, Object(Config\Cache), false)
 7 FCPATH\index.php(67): CodeIgniter\CodeIgniter->run()
CRITICAL - 2024-07-08 18:50:39 --> Unclosed '{' on line 10
in APPPATH\Controllers\AdmPost.php on line 3586.
 1 SYSTEMPATH\Autoloader\Autoloader.php(289): CodeIgniter\Autoloader\Autoloader->includeFile('C:\\xampp\\htdocs\\codi\\app\\Controllers\\AdmPost.php')
 2 SYSTEMPATH\Autoloader\Autoloader.php(267): CodeIgniter\Autoloader\Autoloader->loadInNamespace('App\\Controllers\\AdmPost')
 3 [internal function]: CodeIgniter\Autoloader\Autoloader->loadClass('App\\Controllers\\AdmPost')
 4 SYSTEMPATH\CodeIgniter.php(892): class_exists('\\App\\Controllers\\AdmPost', true)
 5 SYSTEMPATH\CodeIgniter.php(486): CodeIgniter\CodeIgniter->startController()
 6 SYSTEMPATH\CodeIgniter.php(368): CodeIgniter\CodeIgniter->handleRequest(null, Object(Config\Cache), false)
 7 FCPATH\index.php(67): CodeIgniter\CodeIgniter->run()
CRITICAL - 2024-07-08 18:50:40 --> Unclosed '{' on line 10
in APPPATH\Controllers\AdmPost.php on line 3586.
 1 SYSTEMPATH\Autoloader\Autoloader.php(289): CodeIgniter\Autoloader\Autoloader->includeFile('C:\\xampp\\htdocs\\codi\\app\\Controllers\\AdmPost.php')
 2 SYSTEMPATH\Autoloader\Autoloader.php(267): CodeIgniter\Autoloader\Autoloader->loadInNamespace('App\\Controllers\\AdmPost')
 3 [internal function]: CodeIgniter\Autoloader\Autoloader->loadClass('App\\Controllers\\AdmPost')
 4 SYSTEMPATH\CodeIgniter.php(892): class_exists('\\App\\Controllers\\AdmPost', true)
 5 SYSTEMPATH\CodeIgniter.php(486): CodeIgniter\CodeIgniter->startController()
 6 SYSTEMPATH\CodeIgniter.php(368): CodeIgniter\CodeIgniter->handleRequest(null, Object(Config\Cache), false)
 7 FCPATH\index.php(67): CodeIgniter\CodeIgniter->run()
CRITICAL - 2024-07-08 18:50:41 --> Unclosed '{' on line 10
in APPPATH\Controllers\AdmPost.php on line 3586.
 1 SYSTEMPATH\Autoloader\Autoloader.php(289): CodeIgniter\Autoloader\Autoloader->includeFile('C:\\xampp\\htdocs\\codi\\app\\Controllers\\AdmPost.php')
 2 SYSTEMPATH\Autoloader\Autoloader.php(267): CodeIgniter\Autoloader\Autoloader->loadInNamespace('App\\Controllers\\AdmPost')
 3 [internal function]: CodeIgniter\Autoloader\Autoloader->loadClass('App\\Controllers\\AdmPost')
 4 SYSTEMPATH\CodeIgniter.php(892): class_exists('\\App\\Controllers\\AdmPost', true)
 5 SYSTEMPATH\CodeIgniter.php(486): CodeIgniter\CodeIgniter->startController()
 6 SYSTEMPATH\CodeIgniter.php(368): CodeIgniter\CodeIgniter->handleRequest(null, Object(Config\Cache), false)
 7 FCPATH\index.php(67): CodeIgniter\CodeIgniter->run()
CRITICAL - 2024-07-08 18:50:42 --> Unclosed '{' on line 10
in APPPATH\Controllers\AdmPost.php on line 3586.
 1 SYSTEMPATH\Autoloader\Autoloader.php(289): CodeIgniter\Autoloader\Autoloader->includeFile('C:\\xampp\\htdocs\\codi\\app\\Controllers\\AdmPost.php')
 2 SYSTEMPATH\Autoloader\Autoloader.php(267): CodeIgniter\Autoloader\Autoloader->loadInNamespace('App\\Controllers\\AdmPost')
 3 [internal function]: CodeIgniter\Autoloader\Autoloader->loadClass('App\\Controllers\\AdmPost')
 4 SYSTEMPATH\CodeIgniter.php(892): class_exists('\\App\\Controllers\\AdmPost', true)
 5 SYSTEMPATH\CodeIgniter.php(486): CodeIgniter\CodeIgniter->startController()
 6 SYSTEMPATH\CodeIgniter.php(368): CodeIgniter\CodeIgniter->handleRequest(null, Object(Config\Cache), false)
 7 FCPATH\index.php(67): CodeIgniter\CodeIgniter->run()
CRITICAL - 2024-07-08 18:50:43 --> Unclosed '{' on line 10
in APPPATH\Controllers\AdmPost.php on line 3586.
 1 SYSTEMPATH\Autoloader\Autoloader.php(289): CodeIgniter\Autoloader\Autoloader->includeFile('C:\\xampp\\htdocs\\codi\\app\\Controllers\\AdmPost.php')
 2 SYSTEMPATH\Autoloader\Autoloader.php(267): CodeIgniter\Autoloader\Autoloader->loadInNamespace('App\\Controllers\\AdmPost')
 3 [internal function]: CodeIgniter\Autoloader\Autoloader->loadClass('App\\Controllers\\AdmPost')
 4 SYSTEMPATH\CodeIgniter.php(892): class_exists('\\App\\Controllers\\AdmPost', true)
 5 SYSTEMPATH\CodeIgniter.php(486): CodeIgniter\CodeIgniter->startController()
 6 SYSTEMPATH\CodeIgniter.php(368): CodeIgniter\CodeIgniter->handleRequest(null, Object(Config\Cache), false)
 7 FCPATH\index.php(67): CodeIgniter\CodeIgniter->run()
CRITICAL - 2024-07-08 18:50:44 --> Unclosed '{' on line 10
in APPPATH\Controllers\AdmPost.php on line 3586.
 1 SYSTEMPATH\Autoloader\Autoloader.php(289): CodeIgniter\Autoloader\Autoloader->includeFile('C:\\xampp\\htdocs\\codi\\app\\Controllers\\AdmPost.php')
 2 SYSTEMPATH\Autoloader\Autoloader.php(267): CodeIgniter\Autoloader\Autoloader->loadInNamespace('App\\Controllers\\AdmPost')
 3 [internal function]: CodeIgniter\Autoloader\Autoloader->loadClass('App\\Controllers\\AdmPost')
 4 SYSTEMPATH\CodeIgniter.php(892): class_exists('\\App\\Controllers\\AdmPost', true)
 5 SYSTEMPATH\CodeIgniter.php(486): CodeIgniter\CodeIgniter->startController()
 6 SYSTEMPATH\CodeIgniter.php(368): CodeIgniter\CodeIgniter->handleRequest(null, Object(Config\Cache), false)
 7 FCPATH\index.php(67): CodeIgniter\CodeIgniter->run()
CRITICAL - 2024-07-08 18:50:45 --> Unclosed '{' on line 10
in APPPATH\Controllers\AdmPost.php on line 3586.
 1 SYSTEMPATH\Autoloader\Autoloader.php(289): CodeIgniter\Autoloader\Autoloader->includeFile('C:\\xampp\\htdocs\\codi\\app\\Controllers\\AdmPost.php')
 2 SYSTEMPATH\Autoloader\Autoloader.php(267): CodeIgniter\Autoloader\Autoloader->loadInNamespace('App\\Controllers\\AdmPost')
 3 [internal function]: CodeIgniter\Autoloader\Autoloader->loadClass('App\\Controllers\\AdmPost')
 4 SYSTEMPATH\CodeIgniter.php(892): class_exists('\\App\\Controllers\\AdmPost', true)
 5 SYSTEMPATH\CodeIgniter.php(486): CodeIgniter\CodeIgniter->startController()
 6 SYSTEMPATH\CodeIgniter.php(368): CodeIgniter\CodeIgniter->handleRequest(null, Object(Config\Cache), false)
 7 FCPATH\index.php(67): CodeIgniter\CodeIgniter->run()
CRITICAL - 2024-07-08 18:50:46 --> Unclosed '{' on line 10
in APPPATH\Controllers\AdmPost.php on line 3586.
 1 SYSTEMPATH\Autoloader\Autoloader.php(289): CodeIgniter\Autoloader\Autoloader->includeFile('C:\\xampp\\htdocs\\codi\\app\\Controllers\\AdmPost.php')
 2 SYSTEMPATH\Autoloader\Autoloader.php(267): CodeIgniter\Autoloader\Autoloader->loadInNamespace('App\\Controllers\\AdmPost')
 3 [internal function]: CodeIgniter\Autoloader\Autoloader->loadClass('App\\Controllers\\AdmPost')
 4 SYSTEMPATH\CodeIgniter.php(892): class_exists('\\App\\Controllers\\AdmPost', true)
 5 SYSTEMPATH\CodeIgniter.php(486): CodeIgniter\CodeIgniter->startController()
 6 SYSTEMPATH\CodeIgniter.php(368): CodeIgniter\CodeIgniter->handleRequest(null, Object(Config\Cache), false)
 7 FCPATH\index.php(67): CodeIgniter\CodeIgniter->run()
CRITICAL - 2024-07-08 18:50:47 --> Unclosed '{' on line 10
in APPPATH\Controllers\AdmPost.php on line 3586.
 1 SYSTEMPATH\Autoloader\Autoloader.php(289): CodeIgniter\Autoloader\Autoloader->includeFile('C:\\xampp\\htdocs\\codi\\app\\Controllers\\AdmPost.php')
 2 SYSTEMPATH\Autoloader\Autoloader.php(267): CodeIgniter\Autoloader\Autoloader->loadInNamespace('App\\Controllers\\AdmPost')
 3 [internal function]: CodeIgniter\Autoloader\Autoloader->loadClass('App\\Controllers\\AdmPost')
 4 SYSTEMPATH\CodeIgniter.php(892): class_exists('\\App\\Controllers\\AdmPost', true)
 5 SYSTEMPATH\CodeIgniter.php(486): CodeIgniter\CodeIgniter->startController()
 6 SYSTEMPATH\CodeIgniter.php(368): CodeIgniter\CodeIgniter->handleRequest(null, Object(Config\Cache), false)
 7 FCPATH\index.php(67): CodeIgniter\CodeIgniter->run()
CRITICAL - 2024-07-08 18:50:48 --> Unclosed '{' on line 10
in APPPATH\Controllers\AdmPost.php on line 3586.
 1 SYSTEMPATH\Autoloader\Autoloader.php(289): CodeIgniter\Autoloader\Autoloader->includeFile('C:\\xampp\\htdocs\\codi\\app\\Controllers\\AdmPost.php')
 2 SYSTEMPATH\Autoloader\Autoloader.php(267): CodeIgniter\Autoloader\Autoloader->loadInNamespace('App\\Controllers\\AdmPost')
 3 [internal function]: CodeIgniter\Autoloader\Autoloader->loadClass('App\\Controllers\\AdmPost')
 4 SYSTEMPATH\CodeIgniter.php(892): class_exists('\\App\\Controllers\\AdmPost', true)
 5 SYSTEMPATH\CodeIgniter.php(486): CodeIgniter\CodeIgniter->startController()
 6 SYSTEMPATH\CodeIgniter.php(368): CodeIgniter\CodeIgniter->handleRequest(null, Object(Config\Cache), false)
 7 FCPATH\index.php(67): CodeIgniter\CodeIgniter->run()
CRITICAL - 2024-07-08 18:50:49 --> Unclosed '{' on line 10
in APPPATH\Controllers\AdmPost.php on line 3586.
 1 SYSTEMPATH\Autoloader\Autoloader.php(289): CodeIgniter\Autoloader\Autoloader->includeFile('C:\\xampp\\htdocs\\codi\\app\\Controllers\\AdmPost.php')
 2 SYSTEMPATH\Autoloader\Autoloader.php(267): CodeIgniter\Autoloader\Autoloader->loadInNamespace('App\\Controllers\\AdmPost')
 3 [internal function]: CodeIgniter\Autoloader\Autoloader->loadClass('App\\Controllers\\AdmPost')
 4 SYSTEMPATH\CodeIgniter.php(892): class_exists('\\App\\Controllers\\AdmPost', true)
 5 SYSTEMPATH\CodeIgniter.php(486): CodeIgniter\CodeIgniter->startController()
 6 SYSTEMPATH\CodeIgniter.php(368): CodeIgniter\CodeIgniter->handleRequest(null, Object(Config\Cache), false)
 7 FCPATH\index.php(67): CodeIgniter\CodeIgniter->run()
CRITICAL - 2024-07-08 18:50:50 --> Unclosed '{' on line 10
in APPPATH\Controllers\AdmPost.php on line 3586.
 1 SYSTEMPATH\Autoloader\Autoloader.php(289): CodeIgniter\Autoloader\Autoloader->includeFile('C:\\xampp\\htdocs\\codi\\app\\Controllers\\AdmPost.php')
 2 SYSTEMPATH\Autoloader\Autoloader.php(267): CodeIgniter\Autoloader\Autoloader->loadInNamespace('App\\Controllers\\AdmPost')
 3 [internal function]: CodeIgniter\Autoloader\Autoloader->loadClass('App\\Controllers\\AdmPost')
 4 SYSTEMPATH\CodeIgniter.php(892): class_exists('\\App\\Controllers\\AdmPost', true)
 5 SYSTEMPATH\CodeIgniter.php(486): CodeIgniter\CodeIgniter->startController()
 6 SYSTEMPATH\CodeIgniter.php(368): CodeIgniter\CodeIgniter->handleRequest(null, Object(Config\Cache), false)
 7 FCPATH\index.php(67): CodeIgniter\CodeIgniter->run()
CRITICAL - 2024-07-08 18:50:51 --> Unclosed '{' on line 10
in APPPATH\Controllers\AdmPost.php on line 3586.
 1 SYSTEMPATH\Autoloader\Autoloader.php(289): CodeIgniter\Autoloader\Autoloader->includeFile('C:\\xampp\\htdocs\\codi\\app\\Controllers\\AdmPost.php')
 2 SYSTEMPATH\Autoloader\Autoloader.php(267): CodeIgniter\Autoloader\Autoloader->loadInNamespace('App\\Controllers\\AdmPost')
 3 [internal function]: CodeIgniter\Autoloader\Autoloader->loadClass('App\\Controllers\\AdmPost')
 4 SYSTEMPATH\CodeIgniter.php(892): class_exists('\\App\\Controllers\\AdmPost', true)
 5 SYSTEMPATH\CodeIgniter.php(486): CodeIgniter\CodeIgniter->startController()
 6 SYSTEMPATH\CodeIgniter.php(368): CodeIgniter\CodeIgniter->handleRequest(null, Object(Config\Cache), false)
 7 FCPATH\index.php(67): CodeIgniter\CodeIgniter->run()
CRITICAL - 2024-07-08 18:50:52 --> Unclosed '{' on line 10
in APPPATH\Controllers\AdmPost.php on line 3586.
 1 SYSTEMPATH\Autoloader\Autoloader.php(289): CodeIgniter\Autoloader\Autoloader->includeFile('C:\\xampp\\htdocs\\codi\\app\\Controllers\\AdmPost.php')
 2 SYSTEMPATH\Autoloader\Autoloader.php(267): CodeIgniter\Autoloader\Autoloader->loadInNamespace('App\\Controllers\\AdmPost')
 3 [internal function]: CodeIgniter\Autoloader\Autoloader->loadClass('App\\Controllers\\AdmPost')
 4 SYSTEMPATH\CodeIgniter.php(892): class_exists('\\App\\Controllers\\AdmPost', true)
 5 SYSTEMPATH\CodeIgniter.php(486): CodeIgniter\CodeIgniter->startController()
 6 SYSTEMPATH\CodeIgniter.php(368): CodeIgniter\CodeIgniter->handleRequest(null, Object(Config\Cache), false)
 7 FCPATH\index.php(67): CodeIgniter\CodeIgniter->run()
CRITICAL - 2024-07-08 18:50:53 --> Unclosed '{' on line 10
in APPPATH\Controllers\AdmPost.php on line 3586.
 1 SYSTEMPATH\Autoloader\Autoloader.php(289): CodeIgniter\Autoloader\Autoloader->includeFile('C:\\xampp\\htdocs\\codi\\app\\Controllers\\AdmPost.php')
 2 SYSTEMPATH\Autoloader\Autoloader.php(267): CodeIgniter\Autoloader\Autoloader->loadInNamespace('App\\Controllers\\AdmPost')
 3 [internal function]: CodeIgniter\Autoloader\Autoloader->loadClass('App\\Controllers\\AdmPost')
 4 SYSTEMPATH\CodeIgniter.php(892): class_exists('\\App\\Controllers\\AdmPost', true)
 5 SYSTEMPATH\CodeIgniter.php(486): CodeIgniter\CodeIgniter->startController()
 6 SYSTEMPATH\CodeIgniter.php(368): CodeIgniter\CodeIgniter->handleRequest(null, Object(Config\Cache), false)
 7 FCPATH\index.php(67): CodeIgniter\CodeIgniter->run()
CRITICAL - 2024-07-08 18:50:54 --> Unclosed '{' on line 10
in APPPATH\Controllers\AdmPost.php on line 3586.
 1 SYSTEMPATH\Autoloader\Autoloader.php(289): CodeIgniter\Autoloader\Autoloader->includeFile('C:\\xampp\\htdocs\\codi\\app\\Controllers\\AdmPost.php')
 2 SYSTEMPATH\Autoloader\Autoloader.php(267): CodeIgniter\Autoloader\Autoloader->loadInNamespace('App\\Controllers\\AdmPost')
 3 [internal function]: CodeIgniter\Autoloader\Autoloader->loadClass('App\\Controllers\\AdmPost')
 4 SYSTEMPATH\CodeIgniter.php(892): class_exists('\\App\\Controllers\\AdmPost', true)
 5 SYSTEMPATH\CodeIgniter.php(486): CodeIgniter\CodeIgniter->startController()
 6 SYSTEMPATH\CodeIgniter.php(368): CodeIgniter\CodeIgniter->handleRequest(null, Object(Config\Cache), false)
 7 FCPATH\index.php(67): CodeIgniter\CodeIgniter->run()
CRITICAL - 2024-07-08 18:50:55 --> Unclosed '{' on line 10
in APPPATH\Controllers\AdmPost.php on line 3586.
 1 SYSTEMPATH\Autoloader\Autoloader.php(289): CodeIgniter\Autoloader\Autoloader->includeFile('C:\\xampp\\htdocs\\codi\\app\\Controllers\\AdmPost.php')
 2 SYSTEMPATH\Autoloader\Autoloader.php(267): CodeIgniter\Autoloader\Autoloader->loadInNamespace('App\\Controllers\\AdmPost')
 3 [internal function]: CodeIgniter\Autoloader\Autoloader->loadClass('App\\Controllers\\AdmPost')
 4 SYSTEMPATH\CodeIgniter.php(892): class_exists('\\App\\Controllers\\AdmPost', true)
 5 SYSTEMPATH\CodeIgniter.php(486): CodeIgniter\CodeIgniter->startController()
 6 SYSTEMPATH\CodeIgniter.php(368): CodeIgniter\CodeIgniter->handleRequest(null, Object(Config\Cache), false)
 7 FCPATH\index.php(67): CodeIgniter\CodeIgniter->run()
CRITICAL - 2024-07-08 18:50:56 --> Unclosed '{' on line 10
in APPPATH\Controllers\AdmPost.php on line 3586.
 1 SYSTEMPATH\Autoloader\Autoloader.php(289): CodeIgniter\Autoloader\Autoloader->includeFile('C:\\xampp\\htdocs\\codi\\app\\Controllers\\AdmPost.php')
 2 SYSTEMPATH\Autoloader\Autoloader.php(267): CodeIgniter\Autoloader\Autoloader->loadInNamespace('App\\Controllers\\AdmPost')
 3 [internal function]: CodeIgniter\Autoloader\Autoloader->loadClass('App\\Controllers\\AdmPost')
 4 SYSTEMPATH\CodeIgniter.php(892): class_exists('\\App\\Controllers\\AdmPost', true)
 5 SYSTEMPATH\CodeIgniter.php(486): CodeIgniter\CodeIgniter->startController()
 6 SYSTEMPATH\CodeIgniter.php(368): CodeIgniter\CodeIgniter->handleRequest(null, Object(Config\Cache), false)
 7 FCPATH\index.php(67): CodeIgniter\CodeIgniter->run()
CRITICAL - 2024-07-08 18:50:57 --> Unclosed '{' on line 10
in APPPATH\Controllers\AdmPost.php on line 3586.
 1 SYSTEMPATH\Autoloader\Autoloader.php(289): CodeIgniter\Autoloader\Autoloader->includeFile('C:\\xampp\\htdocs\\codi\\app\\Controllers\\AdmPost.php')
 2 SYSTEMPATH\Autoloader\Autoloader.php(267): CodeIgniter\Autoloader\Autoloader->loadInNamespace('App\\Controllers\\AdmPost')
 3 [internal function]: CodeIgniter\Autoloader\Autoloader->loadClass('App\\Controllers\\AdmPost')
 4 SYSTEMPATH\CodeIgniter.php(892): class_exists('\\App\\Controllers\\AdmPost', true)
 5 SYSTEMPATH\CodeIgniter.php(486): CodeIgniter\CodeIgniter->startController()
 6 SYSTEMPATH\CodeIgniter.php(368): CodeIgniter\CodeIgniter->handleRequest(null, Object(Config\Cache), false)
 7 FCPATH\index.php(67): CodeIgniter\CodeIgniter->run()
CRITICAL - 2024-07-08 18:51:34 --> syntax error, unexpected token "}"
in APPPATH\Controllers\AdmPost.php on line 68.
 1 SYSTEMPATH\Autoloader\Autoloader.php(289): CodeIgniter\Autoloader\Autoloader->includeFile('C:\\xampp\\htdocs\\codi\\app\\Controllers\\AdmPost.php')
 2 SYSTEMPATH\Autoloader\Autoloader.php(267): CodeIgniter\Autoloader\Autoloader->loadInNamespace('App\\Controllers\\AdmPost')
 3 [internal function]: CodeIgniter\Autoloader\Autoloader->loadClass('App\\Controllers\\AdmPost')
 4 SYSTEMPATH\CodeIgniter.php(892): class_exists('\\App\\Controllers\\AdmPost', true)
 5 SYSTEMPATH\CodeIgniter.php(486): CodeIgniter\CodeIgniter->startController()
 6 SYSTEMPATH\CodeIgniter.php(368): CodeIgniter\CodeIgniter->handleRequest(null, Object(Config\Cache), false)
 7 FCPATH\index.php(67): CodeIgniter\CodeIgniter->run()
CRITICAL - 2024-07-08 18:51:35 --> syntax error, unexpected token "}"
in APPPATH\Controllers\AdmPost.php on line 68.
 1 SYSTEMPATH\Autoloader\Autoloader.php(289): CodeIgniter\Autoloader\Autoloader->includeFile('C:\\xampp\\htdocs\\codi\\app\\Controllers\\AdmPost.php')
 2 SYSTEMPATH\Autoloader\Autoloader.php(267): CodeIgniter\Autoloader\Autoloader->loadInNamespace('App\\Controllers\\AdmPost')
 3 [internal function]: CodeIgniter\Autoloader\Autoloader->loadClass('App\\Controllers\\AdmPost')
 4 SYSTEMPATH\CodeIgniter.php(892): class_exists('\\App\\Controllers\\AdmPost', true)
 5 SYSTEMPATH\CodeIgniter.php(486): CodeIgniter\CodeIgniter->startController()
 6 SYSTEMPATH\CodeIgniter.php(368): CodeIgniter\CodeIgniter->handleRequest(null, Object(Config\Cache), false)
 7 FCPATH\index.php(67): CodeIgniter\CodeIgniter->run()
CRITICAL - 2024-07-08 18:51:36 --> syntax error, unexpected token "}"
in APPPATH\Controllers\AdmPost.php on line 68.
 1 SYSTEMPATH\Autoloader\Autoloader.php(289): CodeIgniter\Autoloader\Autoloader->includeFile('C:\\xampp\\htdocs\\codi\\app\\Controllers\\AdmPost.php')
 2 SYSTEMPATH\Autoloader\Autoloader.php(267): CodeIgniter\Autoloader\Autoloader->loadInNamespace('App\\Controllers\\AdmPost')
 3 [internal function]: CodeIgniter\Autoloader\Autoloader->loadClass('App\\Controllers\\AdmPost')
 4 SYSTEMPATH\CodeIgniter.php(892): class_exists('\\App\\Controllers\\AdmPost', true)
 5 SYSTEMPATH\CodeIgniter.php(486): CodeIgniter\CodeIgniter->startController()
 6 SYSTEMPATH\CodeIgniter.php(368): CodeIgniter\CodeIgniter->handleRequest(null, Object(Config\Cache), false)
 7 FCPATH\index.php(67): CodeIgniter\CodeIgniter->run()
CRITICAL - 2024-07-08 18:51:37 --> syntax error, unexpected token "}"
in APPPATH\Controllers\AdmPost.php on line 68.
 1 SYSTEMPATH\Autoloader\Autoloader.php(289): CodeIgniter\Autoloader\Autoloader->includeFile('C:\\xampp\\htdocs\\codi\\app\\Controllers\\AdmPost.php')
 2 SYSTEMPATH\Autoloader\Autoloader.php(267): CodeIgniter\Autoloader\Autoloader->loadInNamespace('App\\Controllers\\AdmPost')
 3 [internal function]: CodeIgniter\Autoloader\Autoloader->loadClass('App\\Controllers\\AdmPost')
 4 SYSTEMPATH\CodeIgniter.php(892): class_exists('\\App\\Controllers\\AdmPost', true)
 5 SYSTEMPATH\CodeIgniter.php(486): CodeIgniter\CodeIgniter->startController()
 6 SYSTEMPATH\CodeIgniter.php(368): CodeIgniter\CodeIgniter->handleRequest(null, Object(Config\Cache), false)
 7 FCPATH\index.php(67): CodeIgniter\CodeIgniter->run()
CRITICAL - 2024-07-08 18:51:38 --> syntax error, unexpected token "}"
in APPPATH\Controllers\AdmPost.php on line 68.
 1 SYSTEMPATH\Autoloader\Autoloader.php(289): CodeIgniter\Autoloader\Autoloader->includeFile('C:\\xampp\\htdocs\\codi\\app\\Controllers\\AdmPost.php')
 2 SYSTEMPATH\Autoloader\Autoloader.php(267): CodeIgniter\Autoloader\Autoloader->loadInNamespace('App\\Controllers\\AdmPost')
 3 [internal function]: CodeIgniter\Autoloader\Autoloader->loadClass('App\\Controllers\\AdmPost')
 4 SYSTEMPATH\CodeIgniter.php(892): class_exists('\\App\\Controllers\\AdmPost', true)
 5 SYSTEMPATH\CodeIgniter.php(486): CodeIgniter\CodeIgniter->startController()
 6 SYSTEMPATH\CodeIgniter.php(368): CodeIgniter\CodeIgniter->handleRequest(null, Object(Config\Cache), false)
 7 FCPATH\index.php(67): CodeIgniter\CodeIgniter->run()
