CRITICAL - 2023-08-18 17:33:35 --> syntax error, unexpected token ")"
in APPPATH\Controllers\CortadorPost.php on line 303.
 1 SYSTEMPATH\Autoloader\Autoloader.php(289): CodeIgniter\Autoloader\Autoloader->includeFile('C:\\xampp\\htdocs\\codi\\app\\Controllers\\CortadorPost.php')
 2 SYSTEMPATH\Autoloader\Autoloader.php(267): CodeIgniter\Autoloader\Autoloader->loadInNamespace('App\\Controllers\\CortadorPost')
 3 [internal function]: CodeIgniter\Autoloader\Autoloader->loadClass('App\\Controllers\\CortadorPost')
 4 SYSTEMPATH\CodeIgniter.php(892): class_exists('\\App\\Controllers\\CortadorPost', true)
 5 SYSTEMPATH\CodeIgniter.php(486): CodeIgniter\CodeIgniter->startController()
 6 SYSTEMPATH\CodeIgniter.php(368): CodeIgniter\CodeIgniter->handleRequest(null, Object(Config\Cache), false)
 7 FCPATH\index.php(67): CodeIgniter\CodeIgniter->run()
CRITICAL - 2023-08-18 17:33:36 --> syntax error, unexpected token ")"
in APPPATH\Controllers\CortadorPost.php on line 303.
 1 SYSTEMPATH\Autoloader\Autoloader.php(289): CodeIgniter\Autoloader\Autoloader->includeFile('C:\\xampp\\htdocs\\codi\\app\\Controllers\\CortadorPost.php')
 2 SYSTEMPATH\Autoloader\Autoloader.php(267): CodeIgniter\Autoloader\Autoloader->loadInNamespace('App\\Controllers\\CortadorPost')
 3 [internal function]: CodeIgniter\Autoloader\Autoloader->loadClass('App\\Controllers\\CortadorPost')
 4 SYSTEMPATH\CodeIgniter.php(892): class_exists('\\App\\Controllers\\CortadorPost', true)
 5 SYSTEMPATH\CodeIgniter.php(486): CodeIgniter\CodeIgniter->startController()
 6 SYSTEMPATH\CodeIgniter.php(368): CodeIgniter\CodeIgniter->handleRequest(null, Object(Config\Cache), false)
 7 FCPATH\index.php(67): CodeIgniter\CodeIgniter->run()
CRITICAL - 2023-08-18 17:33:37 --> syntax error, unexpected token ")"
in APPPATH\Controllers\CortadorPost.php on line 303.
 1 SYSTEMPATH\Autoloader\Autoloader.php(289): CodeIgniter\Autoloader\Autoloader->includeFile('C:\\xampp\\htdocs\\codi\\app\\Controllers\\CortadorPost.php')
 2 SYSTEMPATH\Autoloader\Autoloader.php(267): CodeIgniter\Autoloader\Autoloader->loadInNamespace('App\\Controllers\\CortadorPost')
 3 [internal function]: CodeIgniter\Autoloader\Autoloader->loadClass('App\\Controllers\\CortadorPost')
 4 SYSTEMPATH\CodeIgniter.php(892): class_exists('\\App\\Controllers\\CortadorPost', true)
 5 SYSTEMPATH\CodeIgniter.php(486): CodeIgniter\CodeIgniter->startController()
 6 SYSTEMPATH\CodeIgniter.php(368): CodeIgniter\CodeIgniter->handleRequest(null, Object(Config\Cache), false)
 7 FCPATH\index.php(67): CodeIgniter\CodeIgniter->run()
CRITICAL - 2023-08-18 17:33:38 --> syntax error, unexpected token ")"
in APPPATH\Controllers\CortadorPost.php on line 303.
 1 SYSTEMPATH\Autoloader\Autoloader.php(289): CodeIgniter\Autoloader\Autoloader->includeFile('C:\\xampp\\htdocs\\codi\\app\\Controllers\\CortadorPost.php')
 2 SYSTEMPATH\Autoloader\Autoloader.php(267): CodeIgniter\Autoloader\Autoloader->loadInNamespace('App\\Controllers\\CortadorPost')
 3 [internal function]: CodeIgniter\Autoloader\Autoloader->loadClass('App\\Controllers\\CortadorPost')
 4 SYSTEMPATH\CodeIgniter.php(892): class_exists('\\App\\Controllers\\CortadorPost', true)
 5 SYSTEMPATH\CodeIgniter.php(486): CodeIgniter\CodeIgniter->startController()
 6 SYSTEMPATH\CodeIgniter.php(368): CodeIgniter\CodeIgniter->handleRequest(null, Object(Config\Cache), false)
 7 FCPATH\index.php(67): CodeIgniter\CodeIgniter->run()
CRITICAL - 2023-08-18 17:44:39 --> syntax error, unexpected token ")"
in APPPATH\Controllers\CortadorPost.php on line 324.
 1 SYSTEMPATH\Autoloader\Autoloader.php(289): CodeIgniter\Autoloader\Autoloader->includeFile('C:\\xampp\\htdocs\\codi\\app\\Controllers\\CortadorPost.php')
 2 SYSTEMPATH\Autoloader\Autoloader.php(267): CodeIgniter\Autoloader\Autoloader->loadInNamespace('App\\Controllers\\CortadorPost')
 3 [internal function]: CodeIgniter\Autoloader\Autoloader->loadClass('App\\Controllers\\CortadorPost')
 4 SYSTEMPATH\CodeIgniter.php(892): class_exists('\\App\\Controllers\\CortadorPost', true)
 5 SYSTEMPATH\CodeIgniter.php(486): CodeIgniter\CodeIgniter->startController()
 6 SYSTEMPATH\CodeIgniter.php(368): CodeIgniter\CodeIgniter->handleRequest(null, Object(Config\Cache), false)
 7 FCPATH\index.php(67): CodeIgniter\CodeIgniter->run()
CRITICAL - 2023-08-18 17:45:08 --> syntax error, unexpected token ")"
in APPPATH\Controllers\CortadorPost.php on line 317.
 1 SYSTEMPATH\Autoloader\Autoloader.php(289): CodeIgniter\Autoloader\Autoloader->includeFile('C:\\xampp\\htdocs\\codi\\app\\Controllers\\CortadorPost.php')
 2 SYSTEMPATH\Autoloader\Autoloader.php(267): CodeIgniter\Autoloader\Autoloader->loadInNamespace('App\\Controllers\\CortadorPost')
 3 [internal function]: CodeIgniter\Autoloader\Autoloader->loadClass('App\\Controllers\\CortadorPost')
 4 SYSTEMPATH\CodeIgniter.php(892): class_exists('\\App\\Controllers\\CortadorPost', true)
 5 SYSTEMPATH\CodeIgniter.php(486): CodeIgniter\CodeIgniter->startController()
 6 SYSTEMPATH\CodeIgniter.php(368): CodeIgniter\CodeIgniter->handleRequest(null, Object(Config\Cache), false)
 7 FCPATH\index.php(67): CodeIgniter\CodeIgniter->run()
CRITICAL - 2023-08-18 17:45:09 --> syntax error, unexpected token ")"
in APPPATH\Controllers\CortadorPost.php on line 317.
 1 SYSTEMPATH\Autoloader\Autoloader.php(289): CodeIgniter\Autoloader\Autoloader->includeFile('C:\\xampp\\htdocs\\codi\\app\\Controllers\\CortadorPost.php')
 2 SYSTEMPATH\Autoloader\Autoloader.php(267): CodeIgniter\Autoloader\Autoloader->loadInNamespace('App\\Controllers\\CortadorPost')
 3 [internal function]: CodeIgniter\Autoloader\Autoloader->loadClass('App\\Controllers\\CortadorPost')
 4 SYSTEMPATH\CodeIgniter.php(892): class_exists('\\App\\Controllers\\CortadorPost', true)
 5 SYSTEMPATH\CodeIgniter.php(486): CodeIgniter\CodeIgniter->startController()
 6 SYSTEMPATH\CodeIgniter.php(368): CodeIgniter\CodeIgniter->handleRequest(null, Object(Config\Cache), false)
 7 FCPATH\index.php(67): CodeIgniter\CodeIgniter->run()
CRITICAL - 2023-08-18 17:45:10 --> syntax error, unexpected token ")"
in APPPATH\Controllers\CortadorPost.php on line 317.
 1 SYSTEMPATH\Autoloader\Autoloader.php(289): CodeIgniter\Autoloader\Autoloader->includeFile('C:\\xampp\\htdocs\\codi\\app\\Controllers\\CortadorPost.php')
 2 SYSTEMPATH\Autoloader\Autoloader.php(267): CodeIgniter\Autoloader\Autoloader->loadInNamespace('App\\Controllers\\CortadorPost')
 3 [internal function]: CodeIgniter\Autoloader\Autoloader->loadClass('App\\Controllers\\CortadorPost')
 4 SYSTEMPATH\CodeIgniter.php(892): class_exists('\\App\\Controllers\\CortadorPost', true)
 5 SYSTEMPATH\CodeIgniter.php(486): CodeIgniter\CodeIgniter->startController()
 6 SYSTEMPATH\CodeIgniter.php(368): CodeIgniter\CodeIgniter->handleRequest(null, Object(Config\Cache), false)
 7 FCPATH\index.php(67): CodeIgniter\CodeIgniter->run()
CRITICAL - 2023-08-18 17:45:11 --> syntax error, unexpected token ")"
in APPPATH\Controllers\CortadorPost.php on line 317.
 1 SYSTEMPATH\Autoloader\Autoloader.php(289): CodeIgniter\Autoloader\Autoloader->includeFile('C:\\xampp\\htdocs\\codi\\app\\Controllers\\CortadorPost.php')
 2 SYSTEMPATH\Autoloader\Autoloader.php(267): CodeIgniter\Autoloader\Autoloader->loadInNamespace('App\\Controllers\\CortadorPost')
 3 [internal function]: CodeIgniter\Autoloader\Autoloader->loadClass('App\\Controllers\\CortadorPost')
 4 SYSTEMPATH\CodeIgniter.php(892): class_exists('\\App\\Controllers\\CortadorPost', true)
 5 SYSTEMPATH\CodeIgniter.php(486): CodeIgniter\CodeIgniter->startController()
 6 SYSTEMPATH\CodeIgniter.php(368): CodeIgniter\CodeIgniter->handleRequest(null, Object(Config\Cache), false)
 7 FCPATH\index.php(67): CodeIgniter\CodeIgniter->run()
CRITICAL - 2023-08-18 17:45:12 --> syntax error, unexpected token ")"
in APPPATH\Controllers\CortadorPost.php on line 317.
 1 SYSTEMPATH\Autoloader\Autoloader.php(289): CodeIgniter\Autoloader\Autoloader->includeFile('C:\\xampp\\htdocs\\codi\\app\\Controllers\\CortadorPost.php')
 2 SYSTEMPATH\Autoloader\Autoloader.php(267): CodeIgniter\Autoloader\Autoloader->loadInNamespace('App\\Controllers\\CortadorPost')
 3 [internal function]: CodeIgniter\Autoloader\Autoloader->loadClass('App\\Controllers\\CortadorPost')
 4 SYSTEMPATH\CodeIgniter.php(892): class_exists('\\App\\Controllers\\CortadorPost', true)
 5 SYSTEMPATH\CodeIgniter.php(486): CodeIgniter\CodeIgniter->startController()
 6 SYSTEMPATH\CodeIgniter.php(368): CodeIgniter\CodeIgniter->handleRequest(null, Object(Config\Cache), false)
 7 FCPATH\index.php(67): CodeIgniter\CodeIgniter->run()
CRITICAL - 2023-08-18 17:45:13 --> syntax error, unexpected token ")"
in APPPATH\Controllers\CortadorPost.php on line 317.
 1 SYSTEMPATH\Autoloader\Autoloader.php(289): CodeIgniter\Autoloader\Autoloader->includeFile('C:\\xampp\\htdocs\\codi\\app\\Controllers\\CortadorPost.php')
 2 SYSTEMPATH\Autoloader\Autoloader.php(267): CodeIgniter\Autoloader\Autoloader->loadInNamespace('App\\Controllers\\CortadorPost')
 3 [internal function]: CodeIgniter\Autoloader\Autoloader->loadClass('App\\Controllers\\CortadorPost')
 4 SYSTEMPATH\CodeIgniter.php(892): class_exists('\\App\\Controllers\\CortadorPost', true)
 5 SYSTEMPATH\CodeIgniter.php(486): CodeIgniter\CodeIgniter->startController()
 6 SYSTEMPATH\CodeIgniter.php(368): CodeIgniter\CodeIgniter->handleRequest(null, Object(Config\Cache), false)
 7 FCPATH\index.php(67): CodeIgniter\CodeIgniter->run()
CRITICAL - 2023-08-18 17:45:14 --> syntax error, unexpected token ")"
in APPPATH\Controllers\CortadorPost.php on line 317.
 1 SYSTEMPATH\Autoloader\Autoloader.php(289): CodeIgniter\Autoloader\Autoloader->includeFile('C:\\xampp\\htdocs\\codi\\app\\Controllers\\CortadorPost.php')
 2 SYSTEMPATH\Autoloader\Autoloader.php(267): CodeIgniter\Autoloader\Autoloader->loadInNamespace('App\\Controllers\\CortadorPost')
 3 [internal function]: CodeIgniter\Autoloader\Autoloader->loadClass('App\\Controllers\\CortadorPost')
 4 SYSTEMPATH\CodeIgniter.php(892): class_exists('\\App\\Controllers\\CortadorPost', true)
 5 SYSTEMPATH\CodeIgniter.php(486): CodeIgniter\CodeIgniter->startController()
 6 SYSTEMPATH\CodeIgniter.php(368): CodeIgniter\CodeIgniter->handleRequest(null, Object(Config\Cache), false)
 7 FCPATH\index.php(67): CodeIgniter\CodeIgniter->run()
CRITICAL - 2023-08-18 17:45:15 --> syntax error, unexpected token ")"
in APPPATH\Controllers\CortadorPost.php on line 317.
 1 SYSTEMPATH\Autoloader\Autoloader.php(289): CodeIgniter\Autoloader\Autoloader->includeFile('C:\\xampp\\htdocs\\codi\\app\\Controllers\\CortadorPost.php')
 2 SYSTEMPATH\Autoloader\Autoloader.php(267): CodeIgniter\Autoloader\Autoloader->loadInNamespace('App\\Controllers\\CortadorPost')
 3 [internal function]: CodeIgniter\Autoloader\Autoloader->loadClass('App\\Controllers\\CortadorPost')
 4 SYSTEMPATH\CodeIgniter.php(892): class_exists('\\App\\Controllers\\CortadorPost', true)
 5 SYSTEMPATH\CodeIgniter.php(486): CodeIgniter\CodeIgniter->startController()
 6 SYSTEMPATH\CodeIgniter.php(368): CodeIgniter\CodeIgniter->handleRequest(null, Object(Config\Cache), false)
 7 FCPATH\index.php(67): CodeIgniter\CodeIgniter->run()
CRITICAL - 2023-08-18 17:45:16 --> syntax error, unexpected token ")"
in APPPATH\Controllers\CortadorPost.php on line 317.
 1 SYSTEMPATH\Autoloader\Autoloader.php(289): CodeIgniter\Autoloader\Autoloader->includeFile('C:\\xampp\\htdocs\\codi\\app\\Controllers\\CortadorPost.php')
 2 SYSTEMPATH\Autoloader\Autoloader.php(267): CodeIgniter\Autoloader\Autoloader->loadInNamespace('App\\Controllers\\CortadorPost')
 3 [internal function]: CodeIgniter\Autoloader\Autoloader->loadClass('App\\Controllers\\CortadorPost')
 4 SYSTEMPATH\CodeIgniter.php(892): class_exists('\\App\\Controllers\\CortadorPost', true)
 5 SYSTEMPATH\CodeIgniter.php(486): CodeIgniter\CodeIgniter->startController()
 6 SYSTEMPATH\CodeIgniter.php(368): CodeIgniter\CodeIgniter->handleRequest(null, Object(Config\Cache), false)
 7 FCPATH\index.php(67): CodeIgniter\CodeIgniter->run()
CRITICAL - 2023-08-18 17:45:17 --> syntax error, unexpected token ")"
in APPPATH\Controllers\CortadorPost.php on line 317.
 1 SYSTEMPATH\Autoloader\Autoloader.php(289): CodeIgniter\Autoloader\Autoloader->includeFile('C:\\xampp\\htdocs\\codi\\app\\Controllers\\CortadorPost.php')
 2 SYSTEMPATH\Autoloader\Autoloader.php(267): CodeIgniter\Autoloader\Autoloader->loadInNamespace('App\\Controllers\\CortadorPost')
 3 [internal function]: CodeIgniter\Autoloader\Autoloader->loadClass('App\\Controllers\\CortadorPost')
 4 SYSTEMPATH\CodeIgniter.php(892): class_exists('\\App\\Controllers\\CortadorPost', true)
 5 SYSTEMPATH\CodeIgniter.php(486): CodeIgniter\CodeIgniter->startController()
 6 SYSTEMPATH\CodeIgniter.php(368): CodeIgniter\CodeIgniter->handleRequest(null, Object(Config\Cache), false)
 7 FCPATH\index.php(67): CodeIgniter\CodeIgniter->run()
CRITICAL - 2023-08-18 17:45:18 --> syntax error, unexpected token ")"
in APPPATH\Controllers\CortadorPost.php on line 317.
 1 SYSTEMPATH\Autoloader\Autoloader.php(289): CodeIgniter\Autoloader\Autoloader->includeFile('C:\\xampp\\htdocs\\codi\\app\\Controllers\\CortadorPost.php')
 2 SYSTEMPATH\Autoloader\Autoloader.php(267): CodeIgniter\Autoloader\Autoloader->loadInNamespace('App\\Controllers\\CortadorPost')
 3 [internal function]: CodeIgniter\Autoloader\Autoloader->loadClass('App\\Controllers\\CortadorPost')
 4 SYSTEMPATH\CodeIgniter.php(892): class_exists('\\App\\Controllers\\CortadorPost', true)
 5 SYSTEMPATH\CodeIgniter.php(486): CodeIgniter\CodeIgniter->startController()
 6 SYSTEMPATH\CodeIgniter.php(368): CodeIgniter\CodeIgniter->handleRequest(null, Object(Config\Cache), false)
 7 FCPATH\index.php(67): CodeIgniter\CodeIgniter->run()
CRITICAL - 2023-08-18 17:45:20 --> syntax error, unexpected token ")"
in APPPATH\Controllers\CortadorPost.php on line 317.
 1 SYSTEMPATH\Autoloader\Autoloader.php(289): CodeIgniter\Autoloader\Autoloader->includeFile('C:\\xampp\\htdocs\\codi\\app\\Controllers\\CortadorPost.php')
 2 SYSTEMPATH\Autoloader\Autoloader.php(267): CodeIgniter\Autoloader\Autoloader->loadInNamespace('App\\Controllers\\CortadorPost')
 3 [internal function]: CodeIgniter\Autoloader\Autoloader->loadClass('App\\Controllers\\CortadorPost')
 4 SYSTEMPATH\CodeIgniter.php(892): class_exists('\\App\\Controllers\\CortadorPost', true)
 5 SYSTEMPATH\CodeIgniter.php(486): CodeIgniter\CodeIgniter->startController()
 6 SYSTEMPATH\CodeIgniter.php(368): CodeIgniter\CodeIgniter->handleRequest(null, Object(Config\Cache), false)
 7 FCPATH\index.php(67): CodeIgniter\CodeIgniter->run()
CRITICAL - 2023-08-18 17:45:21 --> syntax error, unexpected token ")"
in APPPATH\Controllers\CortadorPost.php on line 317.
 1 SYSTEMPATH\Autoloader\Autoloader.php(289): CodeIgniter\Autoloader\Autoloader->includeFile('C:\\xampp\\htdocs\\codi\\app\\Controllers\\CortadorPost.php')
 2 SYSTEMPATH\Autoloader\Autoloader.php(267): CodeIgniter\Autoloader\Autoloader->loadInNamespace('App\\Controllers\\CortadorPost')
 3 [internal function]: CodeIgniter\Autoloader\Autoloader->loadClass('App\\Controllers\\CortadorPost')
 4 SYSTEMPATH\CodeIgniter.php(892): class_exists('\\App\\Controllers\\CortadorPost', true)
 5 SYSTEMPATH\CodeIgniter.php(486): CodeIgniter\CodeIgniter->startController()
 6 SYSTEMPATH\CodeIgniter.php(368): CodeIgniter\CodeIgniter->handleRequest(null, Object(Config\Cache), false)
 7 FCPATH\index.php(67): CodeIgniter\CodeIgniter->run()
CRITICAL - 2023-08-18 17:45:22 --> syntax error, unexpected token ")"
in APPPATH\Controllers\CortadorPost.php on line 317.
 1 SYSTEMPATH\Autoloader\Autoloader.php(289): CodeIgniter\Autoloader\Autoloader->includeFile('C:\\xampp\\htdocs\\codi\\app\\Controllers\\CortadorPost.php')
 2 SYSTEMPATH\Autoloader\Autoloader.php(267): CodeIgniter\Autoloader\Autoloader->loadInNamespace('App\\Controllers\\CortadorPost')
 3 [internal function]: CodeIgniter\Autoloader\Autoloader->loadClass('App\\Controllers\\CortadorPost')
 4 SYSTEMPATH\CodeIgniter.php(892): class_exists('\\App\\Controllers\\CortadorPost', true)
 5 SYSTEMPATH\CodeIgniter.php(486): CodeIgniter\CodeIgniter->startController()
 6 SYSTEMPATH\CodeIgniter.php(368): CodeIgniter\CodeIgniter->handleRequest(null, Object(Config\Cache), false)
 7 FCPATH\index.php(67): CodeIgniter\CodeIgniter->run()
CRITICAL - 2023-08-18 17:45:23 --> syntax error, unexpected token ")"
in APPPATH\Controllers\CortadorPost.php on line 317.
 1 SYSTEMPATH\Autoloader\Autoloader.php(289): CodeIgniter\Autoloader\Autoloader->includeFile('C:\\xampp\\htdocs\\codi\\app\\Controllers\\CortadorPost.php')
 2 SYSTEMPATH\Autoloader\Autoloader.php(267): CodeIgniter\Autoloader\Autoloader->loadInNamespace('App\\Controllers\\CortadorPost')
 3 [internal function]: CodeIgniter\Autoloader\Autoloader->loadClass('App\\Controllers\\CortadorPost')
 4 SYSTEMPATH\CodeIgniter.php(892): class_exists('\\App\\Controllers\\CortadorPost', true)
 5 SYSTEMPATH\CodeIgniter.php(486): CodeIgniter\CodeIgniter->startController()
 6 SYSTEMPATH\CodeIgniter.php(368): CodeIgniter\CodeIgniter->handleRequest(null, Object(Config\Cache), false)
 7 FCPATH\index.php(67): CodeIgniter\CodeIgniter->run()
CRITICAL - 2023-08-18 17:45:24 --> syntax error, unexpected token ")"
in APPPATH\Controllers\CortadorPost.php on line 317.
 1 SYSTEMPATH\Autoloader\Autoloader.php(289): CodeIgniter\Autoloader\Autoloader->includeFile('C:\\xampp\\htdocs\\codi\\app\\Controllers\\CortadorPost.php')
 2 SYSTEMPATH\Autoloader\Autoloader.php(267): CodeIgniter\Autoloader\Autoloader->loadInNamespace('App\\Controllers\\CortadorPost')
 3 [internal function]: CodeIgniter\Autoloader\Autoloader->loadClass('App\\Controllers\\CortadorPost')
 4 SYSTEMPATH\CodeIgniter.php(892): class_exists('\\App\\Controllers\\CortadorPost', true)
 5 SYSTEMPATH\CodeIgniter.php(486): CodeIgniter\CodeIgniter->startController()
 6 SYSTEMPATH\CodeIgniter.php(368): CodeIgniter\CodeIgniter->handleRequest(null, Object(Config\Cache), false)
 7 FCPATH\index.php(67): CodeIgniter\CodeIgniter->run()
CRITICAL - 2023-08-18 17:45:25 --> syntax error, unexpected token ")"
in APPPATH\Controllers\CortadorPost.php on line 317.
 1 SYSTEMPATH\Autoloader\Autoloader.php(289): CodeIgniter\Autoloader\Autoloader->includeFile('C:\\xampp\\htdocs\\codi\\app\\Controllers\\CortadorPost.php')
 2 SYSTEMPATH\Autoloader\Autoloader.php(267): CodeIgniter\Autoloader\Autoloader->loadInNamespace('App\\Controllers\\CortadorPost')
 3 [internal function]: CodeIgniter\Autoloader\Autoloader->loadClass('App\\Controllers\\CortadorPost')
 4 SYSTEMPATH\CodeIgniter.php(892): class_exists('\\App\\Controllers\\CortadorPost', true)
 5 SYSTEMPATH\CodeIgniter.php(486): CodeIgniter\CodeIgniter->startController()
 6 SYSTEMPATH\CodeIgniter.php(368): CodeIgniter\CodeIgniter->handleRequest(null, Object(Config\Cache), false)
 7 FCPATH\index.php(67): CodeIgniter\CodeIgniter->run()
CRITICAL - 2023-08-18 17:45:26 --> syntax error, unexpected token ")"
in APPPATH\Controllers\CortadorPost.php on line 317.
 1 SYSTEMPATH\Autoloader\Autoloader.php(289): CodeIgniter\Autoloader\Autoloader->includeFile('C:\\xampp\\htdocs\\codi\\app\\Controllers\\CortadorPost.php')
 2 SYSTEMPATH\Autoloader\Autoloader.php(267): CodeIgniter\Autoloader\Autoloader->loadInNamespace('App\\Controllers\\CortadorPost')
 3 [internal function]: CodeIgniter\Autoloader\Autoloader->loadClass('App\\Controllers\\CortadorPost')
 4 SYSTEMPATH\CodeIgniter.php(892): class_exists('\\App\\Controllers\\CortadorPost', true)
 5 SYSTEMPATH\CodeIgniter.php(486): CodeIgniter\CodeIgniter->startController()
 6 SYSTEMPATH\CodeIgniter.php(368): CodeIgniter\CodeIgniter->handleRequest(null, Object(Config\Cache), false)
 7 FCPATH\index.php(67): CodeIgniter\CodeIgniter->run()
CRITICAL - 2023-08-18 17:45:27 --> syntax error, unexpected token ")"
in APPPATH\Controllers\CortadorPost.php on line 317.
 1 SYSTEMPATH\Autoloader\Autoloader.php(289): CodeIgniter\Autoloader\Autoloader->includeFile('C:\\xampp\\htdocs\\codi\\app\\Controllers\\CortadorPost.php')
 2 SYSTEMPATH\Autoloader\Autoloader.php(267): CodeIgniter\Autoloader\Autoloader->loadInNamespace('App\\Controllers\\CortadorPost')
 3 [internal function]: CodeIgniter\Autoloader\Autoloader->loadClass('App\\Controllers\\CortadorPost')
 4 SYSTEMPATH\CodeIgniter.php(892): class_exists('\\App\\Controllers\\CortadorPost', true)
 5 SYSTEMPATH\CodeIgniter.php(486): CodeIgniter\CodeIgniter->startController()
 6 SYSTEMPATH\CodeIgniter.php(368): CodeIgniter\CodeIgniter->handleRequest(null, Object(Config\Cache), false)
 7 FCPATH\index.php(67): CodeIgniter\CodeIgniter->run()
CRITICAL - 2023-08-18 17:45:28 --> syntax error, unexpected token ")"
in APPPATH\Controllers\CortadorPost.php on line 317.
 1 SYSTEMPATH\Autoloader\Autoloader.php(289): CodeIgniter\Autoloader\Autoloader->includeFile('C:\\xampp\\htdocs\\codi\\app\\Controllers\\CortadorPost.php')
 2 SYSTEMPATH\Autoloader\Autoloader.php(267): CodeIgniter\Autoloader\Autoloader->loadInNamespace('App\\Controllers\\CortadorPost')
 3 [internal function]: CodeIgniter\Autoloader\Autoloader->loadClass('App\\Controllers\\CortadorPost')
 4 SYSTEMPATH\CodeIgniter.php(892): class_exists('\\App\\Controllers\\CortadorPost', true)
 5 SYSTEMPATH\CodeIgniter.php(486): CodeIgniter\CodeIgniter->startController()
 6 SYSTEMPATH\CodeIgniter.php(368): CodeIgniter\CodeIgniter->handleRequest(null, Object(Config\Cache), false)
 7 FCPATH\index.php(67): CodeIgniter\CodeIgniter->run()
CRITICAL - 2023-08-18 17:45:29 --> syntax error, unexpected token ")"
in APPPATH\Controllers\CortadorPost.php on line 317.
 1 SYSTEMPATH\Autoloader\Autoloader.php(289): CodeIgniter\Autoloader\Autoloader->includeFile('C:\\xampp\\htdocs\\codi\\app\\Controllers\\CortadorPost.php')
 2 SYSTEMPATH\Autoloader\Autoloader.php(267): CodeIgniter\Autoloader\Autoloader->loadInNamespace('App\\Controllers\\CortadorPost')
 3 [internal function]: CodeIgniter\Autoloader\Autoloader->loadClass('App\\Controllers\\CortadorPost')
 4 SYSTEMPATH\CodeIgniter.php(892): class_exists('\\App\\Controllers\\CortadorPost', true)
 5 SYSTEMPATH\CodeIgniter.php(486): CodeIgniter\CodeIgniter->startController()
 6 SYSTEMPATH\CodeIgniter.php(368): CodeIgniter\CodeIgniter->handleRequest(null, Object(Config\Cache), false)
 7 FCPATH\index.php(67): CodeIgniter\CodeIgniter->run()
CRITICAL - 2023-08-18 17:45:30 --> syntax error, unexpected token ")"
in APPPATH\Controllers\CortadorPost.php on line 317.
 1 SYSTEMPATH\Autoloader\Autoloader.php(289): CodeIgniter\Autoloader\Autoloader->includeFile('C:\\xampp\\htdocs\\codi\\app\\Controllers\\CortadorPost.php')
 2 SYSTEMPATH\Autoloader\Autoloader.php(267): CodeIgniter\Autoloader\Autoloader->loadInNamespace('App\\Controllers\\CortadorPost')
 3 [internal function]: CodeIgniter\Autoloader\Autoloader->loadClass('App\\Controllers\\CortadorPost')
 4 SYSTEMPATH\CodeIgniter.php(892): class_exists('\\App\\Controllers\\CortadorPost', true)
 5 SYSTEMPATH\CodeIgniter.php(486): CodeIgniter\CodeIgniter->startController()
 6 SYSTEMPATH\CodeIgniter.php(368): CodeIgniter\CodeIgniter->handleRequest(null, Object(Config\Cache), false)
 7 FCPATH\index.php(67): CodeIgniter\CodeIgniter->run()
CRITICAL - 2023-08-18 17:45:31 --> syntax error, unexpected token ")"
in APPPATH\Controllers\CortadorPost.php on line 317.
 1 SYSTEMPATH\Autoloader\Autoloader.php(289): CodeIgniter\Autoloader\Autoloader->includeFile('C:\\xampp\\htdocs\\codi\\app\\Controllers\\CortadorPost.php')
 2 SYSTEMPATH\Autoloader\Autoloader.php(267): CodeIgniter\Autoloader\Autoloader->loadInNamespace('App\\Controllers\\CortadorPost')
 3 [internal function]: CodeIgniter\Autoloader\Autoloader->loadClass('App\\Controllers\\CortadorPost')
 4 SYSTEMPATH\CodeIgniter.php(892): class_exists('\\App\\Controllers\\CortadorPost', true)
 5 SYSTEMPATH\CodeIgniter.php(486): CodeIgniter\CodeIgniter->startController()
 6 SYSTEMPATH\CodeIgniter.php(368): CodeIgniter\CodeIgniter->handleRequest(null, Object(Config\Cache), false)
 7 FCPATH\index.php(67): CodeIgniter\CodeIgniter->run()
CRITICAL - 2023-08-18 17:45:32 --> syntax error, unexpected token ")"
in APPPATH\Controllers\CortadorPost.php on line 317.
 1 SYSTEMPATH\Autoloader\Autoloader.php(289): CodeIgniter\Autoloader\Autoloader->includeFile('C:\\xampp\\htdocs\\codi\\app\\Controllers\\CortadorPost.php')
 2 SYSTEMPATH\Autoloader\Autoloader.php(267): CodeIgniter\Autoloader\Autoloader->loadInNamespace('App\\Controllers\\CortadorPost')
 3 [internal function]: CodeIgniter\Autoloader\Autoloader->loadClass('App\\Controllers\\CortadorPost')
 4 SYSTEMPATH\CodeIgniter.php(892): class_exists('\\App\\Controllers\\CortadorPost', true)
 5 SYSTEMPATH\CodeIgniter.php(486): CodeIgniter\CodeIgniter->startController()
 6 SYSTEMPATH\CodeIgniter.php(368): CodeIgniter\CodeIgniter->handleRequest(null, Object(Config\Cache), false)
 7 FCPATH\index.php(67): CodeIgniter\CodeIgniter->run()
CRITICAL - 2023-08-18 17:45:33 --> syntax error, unexpected token ")"
in APPPATH\Controllers\CortadorPost.php on line 317.
 1 SYSTEMPATH\Autoloader\Autoloader.php(289): CodeIgniter\Autoloader\Autoloader->includeFile('C:\\xampp\\htdocs\\codi\\app\\Controllers\\CortadorPost.php')
 2 SYSTEMPATH\Autoloader\Autoloader.php(267): CodeIgniter\Autoloader\Autoloader->loadInNamespace('App\\Controllers\\CortadorPost')
 3 [internal function]: CodeIgniter\Autoloader\Autoloader->loadClass('App\\Controllers\\CortadorPost')
 4 SYSTEMPATH\CodeIgniter.php(892): class_exists('\\App\\Controllers\\CortadorPost', true)
 5 SYSTEMPATH\CodeIgniter.php(486): CodeIgniter\CodeIgniter->startController()
 6 SYSTEMPATH\CodeIgniter.php(368): CodeIgniter\CodeIgniter->handleRequest(null, Object(Config\Cache), false)
 7 FCPATH\index.php(67): CodeIgniter\CodeIgniter->run()
CRITICAL - 2023-08-18 17:45:34 --> syntax error, unexpected token ")"
in APPPATH\Controllers\CortadorPost.php on line 317.
 1 SYSTEMPATH\Autoloader\Autoloader.php(289): CodeIgniter\Autoloader\Autoloader->includeFile('C:\\xampp\\htdocs\\codi\\app\\Controllers\\CortadorPost.php')
 2 SYSTEMPATH\Autoloader\Autoloader.php(267): CodeIgniter\Autoloader\Autoloader->loadInNamespace('App\\Controllers\\CortadorPost')
 3 [internal function]: CodeIgniter\Autoloader\Autoloader->loadClass('App\\Controllers\\CortadorPost')
 4 SYSTEMPATH\CodeIgniter.php(892): class_exists('\\App\\Controllers\\CortadorPost', true)
 5 SYSTEMPATH\CodeIgniter.php(486): CodeIgniter\CodeIgniter->startController()
 6 SYSTEMPATH\CodeIgniter.php(368): CodeIgniter\CodeIgniter->handleRequest(null, Object(Config\Cache), false)
 7 FCPATH\index.php(67): CodeIgniter\CodeIgniter->run()
CRITICAL - 2023-08-18 17:45:35 --> syntax error, unexpected token ")"
in APPPATH\Controllers\CortadorPost.php on line 317.
 1 SYSTEMPATH\Autoloader\Autoloader.php(289): CodeIgniter\Autoloader\Autoloader->includeFile('C:\\xampp\\htdocs\\codi\\app\\Controllers\\CortadorPost.php')
 2 SYSTEMPATH\Autoloader\Autoloader.php(267): CodeIgniter\Autoloader\Autoloader->loadInNamespace('App\\Controllers\\CortadorPost')
 3 [internal function]: CodeIgniter\Autoloader\Autoloader->loadClass('App\\Controllers\\CortadorPost')
 4 SYSTEMPATH\CodeIgniter.php(892): class_exists('\\App\\Controllers\\CortadorPost', true)
 5 SYSTEMPATH\CodeIgniter.php(486): CodeIgniter\CodeIgniter->startController()
 6 SYSTEMPATH\CodeIgniter.php(368): CodeIgniter\CodeIgniter->handleRequest(null, Object(Config\Cache), false)
 7 FCPATH\index.php(67): CodeIgniter\CodeIgniter->run()
CRITICAL - 2023-08-18 17:45:36 --> syntax error, unexpected token ")"
in APPPATH\Controllers\CortadorPost.php on line 317.
 1 SYSTEMPATH\Autoloader\Autoloader.php(289): CodeIgniter\Autoloader\Autoloader->includeFile('C:\\xampp\\htdocs\\codi\\app\\Controllers\\CortadorPost.php')
 2 SYSTEMPATH\Autoloader\Autoloader.php(267): CodeIgniter\Autoloader\Autoloader->loadInNamespace('App\\Controllers\\CortadorPost')
 3 [internal function]: CodeIgniter\Autoloader\Autoloader->loadClass('App\\Controllers\\CortadorPost')
 4 SYSTEMPATH\CodeIgniter.php(892): class_exists('\\App\\Controllers\\CortadorPost', true)
 5 SYSTEMPATH\CodeIgniter.php(486): CodeIgniter\CodeIgniter->startController()
 6 SYSTEMPATH\CodeIgniter.php(368): CodeIgniter\CodeIgniter->handleRequest(null, Object(Config\Cache), false)
 7 FCPATH\index.php(67): CodeIgniter\CodeIgniter->run()
CRITICAL - 2023-08-18 17:45:37 --> syntax error, unexpected token ")"
in APPPATH\Controllers\CortadorPost.php on line 317.
 1 SYSTEMPATH\Autoloader\Autoloader.php(289): CodeIgniter\Autoloader\Autoloader->includeFile('C:\\xampp\\htdocs\\codi\\app\\Controllers\\CortadorPost.php')
 2 SYSTEMPATH\Autoloader\Autoloader.php(267): CodeIgniter\Autoloader\Autoloader->loadInNamespace('App\\Controllers\\CortadorPost')
 3 [internal function]: CodeIgniter\Autoloader\Autoloader->loadClass('App\\Controllers\\CortadorPost')
 4 SYSTEMPATH\CodeIgniter.php(892): class_exists('\\App\\Controllers\\CortadorPost', true)
 5 SYSTEMPATH\CodeIgniter.php(486): CodeIgniter\CodeIgniter->startController()
 6 SYSTEMPATH\CodeIgniter.php(368): CodeIgniter\CodeIgniter->handleRequest(null, Object(Config\Cache), false)
 7 FCPATH\index.php(67): CodeIgniter\CodeIgniter->run()
CRITICAL - 2023-08-18 17:45:38 --> syntax error, unexpected token ")"
in APPPATH\Controllers\CortadorPost.php on line 317.
 1 SYSTEMPATH\Autoloader\Autoloader.php(289): CodeIgniter\Autoloader\Autoloader->includeFile('C:\\xampp\\htdocs\\codi\\app\\Controllers\\CortadorPost.php')
 2 SYSTEMPATH\Autoloader\Autoloader.php(267): CodeIgniter\Autoloader\Autoloader->loadInNamespace('App\\Controllers\\CortadorPost')
 3 [internal function]: CodeIgniter\Autoloader\Autoloader->loadClass('App\\Controllers\\CortadorPost')
 4 SYSTEMPATH\CodeIgniter.php(892): class_exists('\\App\\Controllers\\CortadorPost', true)
 5 SYSTEMPATH\CodeIgniter.php(486): CodeIgniter\CodeIgniter->startController()
 6 SYSTEMPATH\CodeIgniter.php(368): CodeIgniter\CodeIgniter->handleRequest(null, Object(Config\Cache), false)
 7 FCPATH\index.php(67): CodeIgniter\CodeIgniter->run()
CRITICAL - 2023-08-18 17:45:39 --> syntax error, unexpected token ")"
in APPPATH\Controllers\CortadorPost.php on line 317.
 1 SYSTEMPATH\Autoloader\Autoloader.php(289): CodeIgniter\Autoloader\Autoloader->includeFile('C:\\xampp\\htdocs\\codi\\app\\Controllers\\CortadorPost.php')
 2 SYSTEMPATH\Autoloader\Autoloader.php(267): CodeIgniter\Autoloader\Autoloader->loadInNamespace('App\\Controllers\\CortadorPost')
 3 [internal function]: CodeIgniter\Autoloader\Autoloader->loadClass('App\\Controllers\\CortadorPost')
 4 SYSTEMPATH\CodeIgniter.php(892): class_exists('\\App\\Controllers\\CortadorPost', true)
 5 SYSTEMPATH\CodeIgniter.php(486): CodeIgniter\CodeIgniter->startController()
 6 SYSTEMPATH\CodeIgniter.php(368): CodeIgniter\CodeIgniter->handleRequest(null, Object(Config\Cache), false)
 7 FCPATH\index.php(67): CodeIgniter\CodeIgniter->run()
CRITICAL - 2023-08-18 17:45:40 --> syntax error, unexpected token ")"
in APPPATH\Controllers\CortadorPost.php on line 317.
 1 SYSTEMPATH\Autoloader\Autoloader.php(289): CodeIgniter\Autoloader\Autoloader->includeFile('C:\\xampp\\htdocs\\codi\\app\\Controllers\\CortadorPost.php')
 2 SYSTEMPATH\Autoloader\Autoloader.php(267): CodeIgniter\Autoloader\Autoloader->loadInNamespace('App\\Controllers\\CortadorPost')
 3 [internal function]: CodeIgniter\Autoloader\Autoloader->loadClass('App\\Controllers\\CortadorPost')
 4 SYSTEMPATH\CodeIgniter.php(892): class_exists('\\App\\Controllers\\CortadorPost', true)
 5 SYSTEMPATH\CodeIgniter.php(486): CodeIgniter\CodeIgniter->startController()
 6 SYSTEMPATH\CodeIgniter.php(368): CodeIgniter\CodeIgniter->handleRequest(null, Object(Config\Cache), false)
 7 FCPATH\index.php(67): CodeIgniter\CodeIgniter->run()
CRITICAL - 2023-08-18 17:45:41 --> syntax error, unexpected token ")"
in APPPATH\Controllers\CortadorPost.php on line 317.
 1 SYSTEMPATH\Autoloader\Autoloader.php(289): CodeIgniter\Autoloader\Autoloader->includeFile('C:\\xampp\\htdocs\\codi\\app\\Controllers\\CortadorPost.php')
 2 SYSTEMPATH\Autoloader\Autoloader.php(267): CodeIgniter\Autoloader\Autoloader->loadInNamespace('App\\Controllers\\CortadorPost')
 3 [internal function]: CodeIgniter\Autoloader\Autoloader->loadClass('App\\Controllers\\CortadorPost')
 4 SYSTEMPATH\CodeIgniter.php(892): class_exists('\\App\\Controllers\\CortadorPost', true)
 5 SYSTEMPATH\CodeIgniter.php(486): CodeIgniter\CodeIgniter->startController()
 6 SYSTEMPATH\CodeIgniter.php(368): CodeIgniter\CodeIgniter->handleRequest(null, Object(Config\Cache), false)
 7 FCPATH\index.php(67): CodeIgniter\CodeIgniter->run()
CRITICAL - 2023-08-18 17:45:42 --> syntax error, unexpected token ")"
in APPPATH\Controllers\CortadorPost.php on line 317.
 1 SYSTEMPATH\Autoloader\Autoloader.php(289): CodeIgniter\Autoloader\Autoloader->includeFile('C:\\xampp\\htdocs\\codi\\app\\Controllers\\CortadorPost.php')
 2 SYSTEMPATH\Autoloader\Autoloader.php(267): CodeIgniter\Autoloader\Autoloader->loadInNamespace('App\\Controllers\\CortadorPost')
 3 [internal function]: CodeIgniter\Autoloader\Autoloader->loadClass('App\\Controllers\\CortadorPost')
 4 SYSTEMPATH\CodeIgniter.php(892): class_exists('\\App\\Controllers\\CortadorPost', true)
 5 SYSTEMPATH\CodeIgniter.php(486): CodeIgniter\CodeIgniter->startController()
 6 SYSTEMPATH\CodeIgniter.php(368): CodeIgniter\CodeIgniter->handleRequest(null, Object(Config\Cache), false)
 7 FCPATH\index.php(67): CodeIgniter\CodeIgniter->run()
CRITICAL - 2023-08-18 17:45:43 --> syntax error, unexpected token ")"
in APPPATH\Controllers\CortadorPost.php on line 317.
 1 SYSTEMPATH\Autoloader\Autoloader.php(289): CodeIgniter\Autoloader\Autoloader->includeFile('C:\\xampp\\htdocs\\codi\\app\\Controllers\\CortadorPost.php')
 2 SYSTEMPATH\Autoloader\Autoloader.php(267): CodeIgniter\Autoloader\Autoloader->loadInNamespace('App\\Controllers\\CortadorPost')
 3 [internal function]: CodeIgniter\Autoloader\Autoloader->loadClass('App\\Controllers\\CortadorPost')
 4 SYSTEMPATH\CodeIgniter.php(892): class_exists('\\App\\Controllers\\CortadorPost', true)
 5 SYSTEMPATH\CodeIgniter.php(486): CodeIgniter\CodeIgniter->startController()
 6 SYSTEMPATH\CodeIgniter.php(368): CodeIgniter\CodeIgniter->handleRequest(null, Object(Config\Cache), false)
 7 FCPATH\index.php(67): CodeIgniter\CodeIgniter->run()
CRITICAL - 2023-08-18 17:45:44 --> syntax error, unexpected token ")"
in APPPATH\Controllers\CortadorPost.php on line 317.
 1 SYSTEMPATH\Autoloader\Autoloader.php(289): CodeIgniter\Autoloader\Autoloader->includeFile('C:\\xampp\\htdocs\\codi\\app\\Controllers\\CortadorPost.php')
 2 SYSTEMPATH\Autoloader\Autoloader.php(267): CodeIgniter\Autoloader\Autoloader->loadInNamespace('App\\Controllers\\CortadorPost')
 3 [internal function]: CodeIgniter\Autoloader\Autoloader->loadClass('App\\Controllers\\CortadorPost')
 4 SYSTEMPATH\CodeIgniter.php(892): class_exists('\\App\\Controllers\\CortadorPost', true)
 5 SYSTEMPATH\CodeIgniter.php(486): CodeIgniter\CodeIgniter->startController()
 6 SYSTEMPATH\CodeIgniter.php(368): CodeIgniter\CodeIgniter->handleRequest(null, Object(Config\Cache), false)
 7 FCPATH\index.php(67): CodeIgniter\CodeIgniter->run()
CRITICAL - 2023-08-18 17:45:45 --> syntax error, unexpected token ")"
in APPPATH\Controllers\CortadorPost.php on line 317.
 1 SYSTEMPATH\Autoloader\Autoloader.php(289): CodeIgniter\Autoloader\Autoloader->includeFile('C:\\xampp\\htdocs\\codi\\app\\Controllers\\CortadorPost.php')
 2 SYSTEMPATH\Autoloader\Autoloader.php(267): CodeIgniter\Autoloader\Autoloader->loadInNamespace('App\\Controllers\\CortadorPost')
 3 [internal function]: CodeIgniter\Autoloader\Autoloader->loadClass('App\\Controllers\\CortadorPost')
 4 SYSTEMPATH\CodeIgniter.php(892): class_exists('\\App\\Controllers\\CortadorPost', true)
 5 SYSTEMPATH\CodeIgniter.php(486): CodeIgniter\CodeIgniter->startController()
 6 SYSTEMPATH\CodeIgniter.php(368): CodeIgniter\CodeIgniter->handleRequest(null, Object(Config\Cache), false)
 7 FCPATH\index.php(67): CodeIgniter\CodeIgniter->run()
CRITICAL - 2023-08-18 17:45:46 --> syntax error, unexpected token ")"
in APPPATH\Controllers\CortadorPost.php on line 317.
 1 SYSTEMPATH\Autoloader\Autoloader.php(289): CodeIgniter\Autoloader\Autoloader->includeFile('C:\\xampp\\htdocs\\codi\\app\\Controllers\\CortadorPost.php')
 2 SYSTEMPATH\Autoloader\Autoloader.php(267): CodeIgniter\Autoloader\Autoloader->loadInNamespace('App\\Controllers\\CortadorPost')
 3 [internal function]: CodeIgniter\Autoloader\Autoloader->loadClass('App\\Controllers\\CortadorPost')
 4 SYSTEMPATH\CodeIgniter.php(892): class_exists('\\App\\Controllers\\CortadorPost', true)
 5 SYSTEMPATH\CodeIgniter.php(486): CodeIgniter\CodeIgniter->startController()
 6 SYSTEMPATH\CodeIgniter.php(368): CodeIgniter\CodeIgniter->handleRequest(null, Object(Config\Cache), false)
 7 FCPATH\index.php(67): CodeIgniter\CodeIgniter->run()
CRITICAL - 2023-08-18 17:45:47 --> syntax error, unexpected token ")"
in APPPATH\Controllers\CortadorPost.php on line 317.
 1 SYSTEMPATH\Autoloader\Autoloader.php(289): CodeIgniter\Autoloader\Autoloader->includeFile('C:\\xampp\\htdocs\\codi\\app\\Controllers\\CortadorPost.php')
 2 SYSTEMPATH\Autoloader\Autoloader.php(267): CodeIgniter\Autoloader\Autoloader->loadInNamespace('App\\Controllers\\CortadorPost')
 3 [internal function]: CodeIgniter\Autoloader\Autoloader->loadClass('App\\Controllers\\CortadorPost')
 4 SYSTEMPATH\CodeIgniter.php(892): class_exists('\\App\\Controllers\\CortadorPost', true)
 5 SYSTEMPATH\CodeIgniter.php(486): CodeIgniter\CodeIgniter->startController()
 6 SYSTEMPATH\CodeIgniter.php(368): CodeIgniter\CodeIgniter->handleRequest(null, Object(Config\Cache), false)
 7 FCPATH\index.php(67): CodeIgniter\CodeIgniter->run()
CRITICAL - 2023-08-18 17:45:48 --> syntax error, unexpected token ")"
in APPPATH\Controllers\CortadorPost.php on line 317.
 1 SYSTEMPATH\Autoloader\Autoloader.php(289): CodeIgniter\Autoloader\Autoloader->includeFile('C:\\xampp\\htdocs\\codi\\app\\Controllers\\CortadorPost.php')
 2 SYSTEMPATH\Autoloader\Autoloader.php(267): CodeIgniter\Autoloader\Autoloader->loadInNamespace('App\\Controllers\\CortadorPost')
 3 [internal function]: CodeIgniter\Autoloader\Autoloader->loadClass('App\\Controllers\\CortadorPost')
 4 SYSTEMPATH\CodeIgniter.php(892): class_exists('\\App\\Controllers\\CortadorPost', true)
 5 SYSTEMPATH\CodeIgniter.php(486): CodeIgniter\CodeIgniter->startController()
 6 SYSTEMPATH\CodeIgniter.php(368): CodeIgniter\CodeIgniter->handleRequest(null, Object(Config\Cache), false)
 7 FCPATH\index.php(67): CodeIgniter\CodeIgniter->run()
CRITICAL - 2023-08-18 17:45:49 --> syntax error, unexpected token ")"
in APPPATH\Controllers\CortadorPost.php on line 317.
 1 SYSTEMPATH\Autoloader\Autoloader.php(289): CodeIgniter\Autoloader\Autoloader->includeFile('C:\\xampp\\htdocs\\codi\\app\\Controllers\\CortadorPost.php')
 2 SYSTEMPATH\Autoloader\Autoloader.php(267): CodeIgniter\Autoloader\Autoloader->loadInNamespace('App\\Controllers\\CortadorPost')
 3 [internal function]: CodeIgniter\Autoloader\Autoloader->loadClass('App\\Controllers\\CortadorPost')
 4 SYSTEMPATH\CodeIgniter.php(892): class_exists('\\App\\Controllers\\CortadorPost', true)
 5 SYSTEMPATH\CodeIgniter.php(486): CodeIgniter\CodeIgniter->startController()
 6 SYSTEMPATH\CodeIgniter.php(368): CodeIgniter\CodeIgniter->handleRequest(null, Object(Config\Cache), false)
 7 FCPATH\index.php(67): CodeIgniter\CodeIgniter->run()
CRITICAL - 2023-08-18 17:45:50 --> syntax error, unexpected token ")"
in APPPATH\Controllers\CortadorPost.php on line 317.
 1 SYSTEMPATH\Autoloader\Autoloader.php(289): CodeIgniter\Autoloader\Autoloader->includeFile('C:\\xampp\\htdocs\\codi\\app\\Controllers\\CortadorPost.php')
 2 SYSTEMPATH\Autoloader\Autoloader.php(267): CodeIgniter\Autoloader\Autoloader->loadInNamespace('App\\Controllers\\CortadorPost')
 3 [internal function]: CodeIgniter\Autoloader\Autoloader->loadClass('App\\Controllers\\CortadorPost')
 4 SYSTEMPATH\CodeIgniter.php(892): class_exists('\\App\\Controllers\\CortadorPost', true)
 5 SYSTEMPATH\CodeIgniter.php(486): CodeIgniter\CodeIgniter->startController()
 6 SYSTEMPATH\CodeIgniter.php(368): CodeIgniter\CodeIgniter->handleRequest(null, Object(Config\Cache), false)
 7 FCPATH\index.php(67): CodeIgniter\CodeIgniter->run()
CRITICAL - 2023-08-18 17:45:51 --> syntax error, unexpected token ")"
in APPPATH\Controllers\CortadorPost.php on line 317.
 1 SYSTEMPATH\Autoloader\Autoloader.php(289): CodeIgniter\Autoloader\Autoloader->includeFile('C:\\xampp\\htdocs\\codi\\app\\Controllers\\CortadorPost.php')
 2 SYSTEMPATH\Autoloader\Autoloader.php(267): CodeIgniter\Autoloader\Autoloader->loadInNamespace('App\\Controllers\\CortadorPost')
 3 [internal function]: CodeIgniter\Autoloader\Autoloader->loadClass('App\\Controllers\\CortadorPost')
 4 SYSTEMPATH\CodeIgniter.php(892): class_exists('\\App\\Controllers\\CortadorPost', true)
 5 SYSTEMPATH\CodeIgniter.php(486): CodeIgniter\CodeIgniter->startController()
 6 SYSTEMPATH\CodeIgniter.php(368): CodeIgniter\CodeIgniter->handleRequest(null, Object(Config\Cache), false)
 7 FCPATH\index.php(67): CodeIgniter\CodeIgniter->run()
CRITICAL - 2023-08-18 17:45:52 --> syntax error, unexpected token ")"
in APPPATH\Controllers\CortadorPost.php on line 317.
 1 SYSTEMPATH\Autoloader\Autoloader.php(289): CodeIgniter\Autoloader\Autoloader->includeFile('C:\\xampp\\htdocs\\codi\\app\\Controllers\\CortadorPost.php')
 2 SYSTEMPATH\Autoloader\Autoloader.php(267): CodeIgniter\Autoloader\Autoloader->loadInNamespace('App\\Controllers\\CortadorPost')
 3 [internal function]: CodeIgniter\Autoloader\Autoloader->loadClass('App\\Controllers\\CortadorPost')
 4 SYSTEMPATH\CodeIgniter.php(892): class_exists('\\App\\Controllers\\CortadorPost', true)
 5 SYSTEMPATH\CodeIgniter.php(486): CodeIgniter\CodeIgniter->startController()
 6 SYSTEMPATH\CodeIgniter.php(368): CodeIgniter\CodeIgniter->handleRequest(null, Object(Config\Cache), false)
 7 FCPATH\index.php(67): CodeIgniter\CodeIgniter->run()
CRITICAL - 2023-08-18 17:45:52 --> syntax error, unexpected token ")"
in APPPATH\Controllers\CortadorPost.php on line 317.
 1 SYSTEMPATH\Autoloader\Autoloader.php(289): CodeIgniter\Autoloader\Autoloader->includeFile('C:\\xampp\\htdocs\\codi\\app\\Controllers\\CortadorPost.php')
 2 SYSTEMPATH\Autoloader\Autoloader.php(267): CodeIgniter\Autoloader\Autoloader->loadInNamespace('App\\Controllers\\CortadorPost')
 3 [internal function]: CodeIgniter\Autoloader\Autoloader->loadClass('App\\Controllers\\CortadorPost')
 4 SYSTEMPATH\CodeIgniter.php(892): class_exists('\\App\\Controllers\\CortadorPost', true)
 5 SYSTEMPATH\CodeIgniter.php(486): CodeIgniter\CodeIgniter->startController()
 6 SYSTEMPATH\CodeIgniter.php(368): CodeIgniter\CodeIgniter->handleRequest(null, Object(Config\Cache), false)
 7 FCPATH\index.php(67): CodeIgniter\CodeIgniter->run()
CRITICAL - 2023-08-18 17:45:54 --> syntax error, unexpected token ")"
in APPPATH\Controllers\CortadorPost.php on line 317.
 1 SYSTEMPATH\Autoloader\Autoloader.php(289): CodeIgniter\Autoloader\Autoloader->includeFile('C:\\xampp\\htdocs\\codi\\app\\Controllers\\CortadorPost.php')
 2 SYSTEMPATH\Autoloader\Autoloader.php(267): CodeIgniter\Autoloader\Autoloader->loadInNamespace('App\\Controllers\\CortadorPost')
 3 [internal function]: CodeIgniter\Autoloader\Autoloader->loadClass('App\\Controllers\\CortadorPost')
 4 SYSTEMPATH\CodeIgniter.php(892): class_exists('\\App\\Controllers\\CortadorPost', true)
 5 SYSTEMPATH\CodeIgniter.php(486): CodeIgniter\CodeIgniter->startController()
 6 SYSTEMPATH\CodeIgniter.php(368): CodeIgniter\CodeIgniter->handleRequest(null, Object(Config\Cache), false)
 7 FCPATH\index.php(67): CodeIgniter\CodeIgniter->run()
CRITICAL - 2023-08-18 17:45:55 --> syntax error, unexpected token ")"
in APPPATH\Controllers\CortadorPost.php on line 317.
 1 SYSTEMPATH\Autoloader\Autoloader.php(289): CodeIgniter\Autoloader\Autoloader->includeFile('C:\\xampp\\htdocs\\codi\\app\\Controllers\\CortadorPost.php')
 2 SYSTEMPATH\Autoloader\Autoloader.php(267): CodeIgniter\Autoloader\Autoloader->loadInNamespace('App\\Controllers\\CortadorPost')
 3 [internal function]: CodeIgniter\Autoloader\Autoloader->loadClass('App\\Controllers\\CortadorPost')
 4 SYSTEMPATH\CodeIgniter.php(892): class_exists('\\App\\Controllers\\CortadorPost', true)
 5 SYSTEMPATH\CodeIgniter.php(486): CodeIgniter\CodeIgniter->startController()
 6 SYSTEMPATH\CodeIgniter.php(368): CodeIgniter\CodeIgniter->handleRequest(null, Object(Config\Cache), false)
 7 FCPATH\index.php(67): CodeIgniter\CodeIgniter->run()
CRITICAL - 2023-08-18 17:45:56 --> syntax error, unexpected token ")"
in APPPATH\Controllers\CortadorPost.php on line 317.
 1 SYSTEMPATH\Autoloader\Autoloader.php(289): CodeIgniter\Autoloader\Autoloader->includeFile('C:\\xampp\\htdocs\\codi\\app\\Controllers\\CortadorPost.php')
 2 SYSTEMPATH\Autoloader\Autoloader.php(267): CodeIgniter\Autoloader\Autoloader->loadInNamespace('App\\Controllers\\CortadorPost')
 3 [internal function]: CodeIgniter\Autoloader\Autoloader->loadClass('App\\Controllers\\CortadorPost')
 4 SYSTEMPATH\CodeIgniter.php(892): class_exists('\\App\\Controllers\\CortadorPost', true)
 5 SYSTEMPATH\CodeIgniter.php(486): CodeIgniter\CodeIgniter->startController()
 6 SYSTEMPATH\CodeIgniter.php(368): CodeIgniter\CodeIgniter->handleRequest(null, Object(Config\Cache), false)
 7 FCPATH\index.php(67): CodeIgniter\CodeIgniter->run()
CRITICAL - 2023-08-18 17:45:57 --> syntax error, unexpected token ")"
in APPPATH\Controllers\CortadorPost.php on line 317.
 1 SYSTEMPATH\Autoloader\Autoloader.php(289): CodeIgniter\Autoloader\Autoloader->includeFile('C:\\xampp\\htdocs\\codi\\app\\Controllers\\CortadorPost.php')
 2 SYSTEMPATH\Autoloader\Autoloader.php(267): CodeIgniter\Autoloader\Autoloader->loadInNamespace('App\\Controllers\\CortadorPost')
 3 [internal function]: CodeIgniter\Autoloader\Autoloader->loadClass('App\\Controllers\\CortadorPost')
 4 SYSTEMPATH\CodeIgniter.php(892): class_exists('\\App\\Controllers\\CortadorPost', true)
 5 SYSTEMPATH\CodeIgniter.php(486): CodeIgniter\CodeIgniter->startController()
 6 SYSTEMPATH\CodeIgniter.php(368): CodeIgniter\CodeIgniter->handleRequest(null, Object(Config\Cache), false)
 7 FCPATH\index.php(67): CodeIgniter\CodeIgniter->run()
CRITICAL - 2023-08-18 17:45:58 --> syntax error, unexpected token ")"
in APPPATH\Controllers\CortadorPost.php on line 317.
 1 SYSTEMPATH\Autoloader\Autoloader.php(289): CodeIgniter\Autoloader\Autoloader->includeFile('C:\\xampp\\htdocs\\codi\\app\\Controllers\\CortadorPost.php')
 2 SYSTEMPATH\Autoloader\Autoloader.php(267): CodeIgniter\Autoloader\Autoloader->loadInNamespace('App\\Controllers\\CortadorPost')
 3 [internal function]: CodeIgniter\Autoloader\Autoloader->loadClass('App\\Controllers\\CortadorPost')
 4 SYSTEMPATH\CodeIgniter.php(892): class_exists('\\App\\Controllers\\CortadorPost', true)
 5 SYSTEMPATH\CodeIgniter.php(486): CodeIgniter\CodeIgniter->startController()
 6 SYSTEMPATH\CodeIgniter.php(368): CodeIgniter\CodeIgniter->handleRequest(null, Object(Config\Cache), false)
 7 FCPATH\index.php(67): CodeIgniter\CodeIgniter->run()
CRITICAL - 2023-08-18 17:45:59 --> syntax error, unexpected token ")"
in APPPATH\Controllers\CortadorPost.php on line 317.
 1 SYSTEMPATH\Autoloader\Autoloader.php(289): CodeIgniter\Autoloader\Autoloader->includeFile('C:\\xampp\\htdocs\\codi\\app\\Controllers\\CortadorPost.php')
 2 SYSTEMPATH\Autoloader\Autoloader.php(267): CodeIgniter\Autoloader\Autoloader->loadInNamespace('App\\Controllers\\CortadorPost')
 3 [internal function]: CodeIgniter\Autoloader\Autoloader->loadClass('App\\Controllers\\CortadorPost')
 4 SYSTEMPATH\CodeIgniter.php(892): class_exists('\\App\\Controllers\\CortadorPost', true)
 5 SYSTEMPATH\CodeIgniter.php(486): CodeIgniter\CodeIgniter->startController()
 6 SYSTEMPATH\CodeIgniter.php(368): CodeIgniter\CodeIgniter->handleRequest(null, Object(Config\Cache), false)
 7 FCPATH\index.php(67): CodeIgniter\CodeIgniter->run()
CRITICAL - 2023-08-18 17:46:00 --> syntax error, unexpected token ")"
in APPPATH\Controllers\CortadorPost.php on line 317.
 1 SYSTEMPATH\Autoloader\Autoloader.php(289): CodeIgniter\Autoloader\Autoloader->includeFile('C:\\xampp\\htdocs\\codi\\app\\Controllers\\CortadorPost.php')
 2 SYSTEMPATH\Autoloader\Autoloader.php(267): CodeIgniter\Autoloader\Autoloader->loadInNamespace('App\\Controllers\\CortadorPost')
 3 [internal function]: CodeIgniter\Autoloader\Autoloader->loadClass('App\\Controllers\\CortadorPost')
 4 SYSTEMPATH\CodeIgniter.php(892): class_exists('\\App\\Controllers\\CortadorPost', true)
 5 SYSTEMPATH\CodeIgniter.php(486): CodeIgniter\CodeIgniter->startController()
 6 SYSTEMPATH\CodeIgniter.php(368): CodeIgniter\CodeIgniter->handleRequest(null, Object(Config\Cache), false)
 7 FCPATH\index.php(67): CodeIgniter\CodeIgniter->run()
CRITICAL - 2023-08-18 17:46:01 --> syntax error, unexpected token ")"
in APPPATH\Controllers\CortadorPost.php on line 317.
 1 SYSTEMPATH\Autoloader\Autoloader.php(289): CodeIgniter\Autoloader\Autoloader->includeFile('C:\\xampp\\htdocs\\codi\\app\\Controllers\\CortadorPost.php')
 2 SYSTEMPATH\Autoloader\Autoloader.php(267): CodeIgniter\Autoloader\Autoloader->loadInNamespace('App\\Controllers\\CortadorPost')
 3 [internal function]: CodeIgniter\Autoloader\Autoloader->loadClass('App\\Controllers\\CortadorPost')
 4 SYSTEMPATH\CodeIgniter.php(892): class_exists('\\App\\Controllers\\CortadorPost', true)
 5 SYSTEMPATH\CodeIgniter.php(486): CodeIgniter\CodeIgniter->startController()
 6 SYSTEMPATH\CodeIgniter.php(368): CodeIgniter\CodeIgniter->handleRequest(null, Object(Config\Cache), false)
 7 FCPATH\index.php(67): CodeIgniter\CodeIgniter->run()
CRITICAL - 2023-08-18 17:46:02 --> syntax error, unexpected token ")"
in APPPATH\Controllers\CortadorPost.php on line 317.
 1 SYSTEMPATH\Autoloader\Autoloader.php(289): CodeIgniter\Autoloader\Autoloader->includeFile('C:\\xampp\\htdocs\\codi\\app\\Controllers\\CortadorPost.php')
 2 SYSTEMPATH\Autoloader\Autoloader.php(267): CodeIgniter\Autoloader\Autoloader->loadInNamespace('App\\Controllers\\CortadorPost')
 3 [internal function]: CodeIgniter\Autoloader\Autoloader->loadClass('App\\Controllers\\CortadorPost')
 4 SYSTEMPATH\CodeIgniter.php(892): class_exists('\\App\\Controllers\\CortadorPost', true)
 5 SYSTEMPATH\CodeIgniter.php(486): CodeIgniter\CodeIgniter->startController()
 6 SYSTEMPATH\CodeIgniter.php(368): CodeIgniter\CodeIgniter->handleRequest(null, Object(Config\Cache), false)
 7 FCPATH\index.php(67): CodeIgniter\CodeIgniter->run()
CRITICAL - 2023-08-18 17:46:03 --> syntax error, unexpected token ")"
in APPPATH\Controllers\CortadorPost.php on line 317.
 1 SYSTEMPATH\Autoloader\Autoloader.php(289): CodeIgniter\Autoloader\Autoloader->includeFile('C:\\xampp\\htdocs\\codi\\app\\Controllers\\CortadorPost.php')
 2 SYSTEMPATH\Autoloader\Autoloader.php(267): CodeIgniter\Autoloader\Autoloader->loadInNamespace('App\\Controllers\\CortadorPost')
 3 [internal function]: CodeIgniter\Autoloader\Autoloader->loadClass('App\\Controllers\\CortadorPost')
 4 SYSTEMPATH\CodeIgniter.php(892): class_exists('\\App\\Controllers\\CortadorPost', true)
 5 SYSTEMPATH\CodeIgniter.php(486): CodeIgniter\CodeIgniter->startController()
 6 SYSTEMPATH\CodeIgniter.php(368): CodeIgniter\CodeIgniter->handleRequest(null, Object(Config\Cache), false)
 7 FCPATH\index.php(67): CodeIgniter\CodeIgniter->run()
CRITICAL - 2023-08-18 17:46:04 --> syntax error, unexpected token ")"
in APPPATH\Controllers\CortadorPost.php on line 317.
 1 SYSTEMPATH\Autoloader\Autoloader.php(289): CodeIgniter\Autoloader\Autoloader->includeFile('C:\\xampp\\htdocs\\codi\\app\\Controllers\\CortadorPost.php')
 2 SYSTEMPATH\Autoloader\Autoloader.php(267): CodeIgniter\Autoloader\Autoloader->loadInNamespace('App\\Controllers\\CortadorPost')
 3 [internal function]: CodeIgniter\Autoloader\Autoloader->loadClass('App\\Controllers\\CortadorPost')
 4 SYSTEMPATH\CodeIgniter.php(892): class_exists('\\App\\Controllers\\CortadorPost', true)
 5 SYSTEMPATH\CodeIgniter.php(486): CodeIgniter\CodeIgniter->startController()
 6 SYSTEMPATH\CodeIgniter.php(368): CodeIgniter\CodeIgniter->handleRequest(null, Object(Config\Cache), false)
 7 FCPATH\index.php(67): CodeIgniter\CodeIgniter->run()
CRITICAL - 2023-08-18 17:46:05 --> syntax error, unexpected token ")"
in APPPATH\Controllers\CortadorPost.php on line 317.
 1 SYSTEMPATH\Autoloader\Autoloader.php(289): CodeIgniter\Autoloader\Autoloader->includeFile('C:\\xampp\\htdocs\\codi\\app\\Controllers\\CortadorPost.php')
 2 SYSTEMPATH\Autoloader\Autoloader.php(267): CodeIgniter\Autoloader\Autoloader->loadInNamespace('App\\Controllers\\CortadorPost')
 3 [internal function]: CodeIgniter\Autoloader\Autoloader->loadClass('App\\Controllers\\CortadorPost')
 4 SYSTEMPATH\CodeIgniter.php(892): class_exists('\\App\\Controllers\\CortadorPost', true)
 5 SYSTEMPATH\CodeIgniter.php(486): CodeIgniter\CodeIgniter->startController()
 6 SYSTEMPATH\CodeIgniter.php(368): CodeIgniter\CodeIgniter->handleRequest(null, Object(Config\Cache), false)
 7 FCPATH\index.php(67): CodeIgniter\CodeIgniter->run()
CRITICAL - 2023-08-18 17:46:06 --> syntax error, unexpected token ")"
in APPPATH\Controllers\CortadorPost.php on line 317.
 1 SYSTEMPATH\Autoloader\Autoloader.php(289): CodeIgniter\Autoloader\Autoloader->includeFile('C:\\xampp\\htdocs\\codi\\app\\Controllers\\CortadorPost.php')
 2 SYSTEMPATH\Autoloader\Autoloader.php(267): CodeIgniter\Autoloader\Autoloader->loadInNamespace('App\\Controllers\\CortadorPost')
 3 [internal function]: CodeIgniter\Autoloader\Autoloader->loadClass('App\\Controllers\\CortadorPost')
 4 SYSTEMPATH\CodeIgniter.php(892): class_exists('\\App\\Controllers\\CortadorPost', true)
 5 SYSTEMPATH\CodeIgniter.php(486): CodeIgniter\CodeIgniter->startController()
 6 SYSTEMPATH\CodeIgniter.php(368): CodeIgniter\CodeIgniter->handleRequest(null, Object(Config\Cache), false)
 7 FCPATH\index.php(67): CodeIgniter\CodeIgniter->run()
CRITICAL - 2023-08-18 17:46:07 --> syntax error, unexpected token ")"
in APPPATH\Controllers\CortadorPost.php on line 317.
 1 SYSTEMPATH\Autoloader\Autoloader.php(289): CodeIgniter\Autoloader\Autoloader->includeFile('C:\\xampp\\htdocs\\codi\\app\\Controllers\\CortadorPost.php')
 2 SYSTEMPATH\Autoloader\Autoloader.php(267): CodeIgniter\Autoloader\Autoloader->loadInNamespace('App\\Controllers\\CortadorPost')
 3 [internal function]: CodeIgniter\Autoloader\Autoloader->loadClass('App\\Controllers\\CortadorPost')
 4 SYSTEMPATH\CodeIgniter.php(892): class_exists('\\App\\Controllers\\CortadorPost', true)
 5 SYSTEMPATH\CodeIgniter.php(486): CodeIgniter\CodeIgniter->startController()
 6 SYSTEMPATH\CodeIgniter.php(368): CodeIgniter\CodeIgniter->handleRequest(null, Object(Config\Cache), false)
 7 FCPATH\index.php(67): CodeIgniter\CodeIgniter->run()
CRITICAL - 2023-08-18 17:46:08 --> syntax error, unexpected token ")"
in APPPATH\Controllers\CortadorPost.php on line 317.
 1 SYSTEMPATH\Autoloader\Autoloader.php(289): CodeIgniter\Autoloader\Autoloader->includeFile('C:\\xampp\\htdocs\\codi\\app\\Controllers\\CortadorPost.php')
 2 SYSTEMPATH\Autoloader\Autoloader.php(267): CodeIgniter\Autoloader\Autoloader->loadInNamespace('App\\Controllers\\CortadorPost')
 3 [internal function]: CodeIgniter\Autoloader\Autoloader->loadClass('App\\Controllers\\CortadorPost')
 4 SYSTEMPATH\CodeIgniter.php(892): class_exists('\\App\\Controllers\\CortadorPost', true)
 5 SYSTEMPATH\CodeIgniter.php(486): CodeIgniter\CodeIgniter->startController()
 6 SYSTEMPATH\CodeIgniter.php(368): CodeIgniter\CodeIgniter->handleRequest(null, Object(Config\Cache), false)
 7 FCPATH\index.php(67): CodeIgniter\CodeIgniter->run()
CRITICAL - 2023-08-18 17:46:09 --> syntax error, unexpected token ")"
in APPPATH\Controllers\CortadorPost.php on line 317.
 1 SYSTEMPATH\Autoloader\Autoloader.php(289): CodeIgniter\Autoloader\Autoloader->includeFile('C:\\xampp\\htdocs\\codi\\app\\Controllers\\CortadorPost.php')
 2 SYSTEMPATH\Autoloader\Autoloader.php(267): CodeIgniter\Autoloader\Autoloader->loadInNamespace('App\\Controllers\\CortadorPost')
 3 [internal function]: CodeIgniter\Autoloader\Autoloader->loadClass('App\\Controllers\\CortadorPost')
 4 SYSTEMPATH\CodeIgniter.php(892): class_exists('\\App\\Controllers\\CortadorPost', true)
 5 SYSTEMPATH\CodeIgniter.php(486): CodeIgniter\CodeIgniter->startController()
 6 SYSTEMPATH\CodeIgniter.php(368): CodeIgniter\CodeIgniter->handleRequest(null, Object(Config\Cache), false)
 7 FCPATH\index.php(67): CodeIgniter\CodeIgniter->run()
CRITICAL - 2023-08-18 17:46:10 --> syntax error, unexpected token ")"
in APPPATH\Controllers\CortadorPost.php on line 317.
 1 SYSTEMPATH\Autoloader\Autoloader.php(289): CodeIgniter\Autoloader\Autoloader->includeFile('C:\\xampp\\htdocs\\codi\\app\\Controllers\\CortadorPost.php')
 2 SYSTEMPATH\Autoloader\Autoloader.php(267): CodeIgniter\Autoloader\Autoloader->loadInNamespace('App\\Controllers\\CortadorPost')
 3 [internal function]: CodeIgniter\Autoloader\Autoloader->loadClass('App\\Controllers\\CortadorPost')
 4 SYSTEMPATH\CodeIgniter.php(892): class_exists('\\App\\Controllers\\CortadorPost', true)
 5 SYSTEMPATH\CodeIgniter.php(486): CodeIgniter\CodeIgniter->startController()
 6 SYSTEMPATH\CodeIgniter.php(368): CodeIgniter\CodeIgniter->handleRequest(null, Object(Config\Cache), false)
 7 FCPATH\index.php(67): CodeIgniter\CodeIgniter->run()
CRITICAL - 2023-08-18 17:46:11 --> syntax error, unexpected token ")"
in APPPATH\Controllers\CortadorPost.php on line 317.
 1 SYSTEMPATH\Autoloader\Autoloader.php(289): CodeIgniter\Autoloader\Autoloader->includeFile('C:\\xampp\\htdocs\\codi\\app\\Controllers\\CortadorPost.php')
 2 SYSTEMPATH\Autoloader\Autoloader.php(267): CodeIgniter\Autoloader\Autoloader->loadInNamespace('App\\Controllers\\CortadorPost')
 3 [internal function]: CodeIgniter\Autoloader\Autoloader->loadClass('App\\Controllers\\CortadorPost')
 4 SYSTEMPATH\CodeIgniter.php(892): class_exists('\\App\\Controllers\\CortadorPost', true)
 5 SYSTEMPATH\CodeIgniter.php(486): CodeIgniter\CodeIgniter->startController()
 6 SYSTEMPATH\CodeIgniter.php(368): CodeIgniter\CodeIgniter->handleRequest(null, Object(Config\Cache), false)
 7 FCPATH\index.php(67): CodeIgniter\CodeIgniter->run()
CRITICAL - 2023-08-18 17:46:12 --> syntax error, unexpected token ")"
in APPPATH\Controllers\CortadorPost.php on line 317.
 1 SYSTEMPATH\Autoloader\Autoloader.php(289): CodeIgniter\Autoloader\Autoloader->includeFile('C:\\xampp\\htdocs\\codi\\app\\Controllers\\CortadorPost.php')
 2 SYSTEMPATH\Autoloader\Autoloader.php(267): CodeIgniter\Autoloader\Autoloader->loadInNamespace('App\\Controllers\\CortadorPost')
 3 [internal function]: CodeIgniter\Autoloader\Autoloader->loadClass('App\\Controllers\\CortadorPost')
 4 SYSTEMPATH\CodeIgniter.php(892): class_exists('\\App\\Controllers\\CortadorPost', true)
 5 SYSTEMPATH\CodeIgniter.php(486): CodeIgniter\CodeIgniter->startController()
 6 SYSTEMPATH\CodeIgniter.php(368): CodeIgniter\CodeIgniter->handleRequest(null, Object(Config\Cache), false)
 7 FCPATH\index.php(67): CodeIgniter\CodeIgniter->run()
CRITICAL - 2023-08-18 17:46:13 --> syntax error, unexpected token ")"
in APPPATH\Controllers\CortadorPost.php on line 317.
 1 SYSTEMPATH\Autoloader\Autoloader.php(289): CodeIgniter\Autoloader\Autoloader->includeFile('C:\\xampp\\htdocs\\codi\\app\\Controllers\\CortadorPost.php')
 2 SYSTEMPATH\Autoloader\Autoloader.php(267): CodeIgniter\Autoloader\Autoloader->loadInNamespace('App\\Controllers\\CortadorPost')
 3 [internal function]: CodeIgniter\Autoloader\Autoloader->loadClass('App\\Controllers\\CortadorPost')
 4 SYSTEMPATH\CodeIgniter.php(892): class_exists('\\App\\Controllers\\CortadorPost', true)
 5 SYSTEMPATH\CodeIgniter.php(486): CodeIgniter\CodeIgniter->startController()
 6 SYSTEMPATH\CodeIgniter.php(368): CodeIgniter\CodeIgniter->handleRequest(null, Object(Config\Cache), false)
 7 FCPATH\index.php(67): CodeIgniter\CodeIgniter->run()
CRITICAL - 2023-08-18 17:46:14 --> syntax error, unexpected token ")"
in APPPATH\Controllers\CortadorPost.php on line 317.
 1 SYSTEMPATH\Autoloader\Autoloader.php(289): CodeIgniter\Autoloader\Autoloader->includeFile('C:\\xampp\\htdocs\\codi\\app\\Controllers\\CortadorPost.php')
 2 SYSTEMPATH\Autoloader\Autoloader.php(267): CodeIgniter\Autoloader\Autoloader->loadInNamespace('App\\Controllers\\CortadorPost')
 3 [internal function]: CodeIgniter\Autoloader\Autoloader->loadClass('App\\Controllers\\CortadorPost')
 4 SYSTEMPATH\CodeIgniter.php(892): class_exists('\\App\\Controllers\\CortadorPost', true)
 5 SYSTEMPATH\CodeIgniter.php(486): CodeIgniter\CodeIgniter->startController()
 6 SYSTEMPATH\CodeIgniter.php(368): CodeIgniter\CodeIgniter->handleRequest(null, Object(Config\Cache), false)
 7 FCPATH\index.php(67): CodeIgniter\CodeIgniter->run()
CRITICAL - 2023-08-18 17:46:15 --> syntax error, unexpected token ")"
in APPPATH\Controllers\CortadorPost.php on line 317.
 1 SYSTEMPATH\Autoloader\Autoloader.php(289): CodeIgniter\Autoloader\Autoloader->includeFile('C:\\xampp\\htdocs\\codi\\app\\Controllers\\CortadorPost.php')
 2 SYSTEMPATH\Autoloader\Autoloader.php(267): CodeIgniter\Autoloader\Autoloader->loadInNamespace('App\\Controllers\\CortadorPost')
 3 [internal function]: CodeIgniter\Autoloader\Autoloader->loadClass('App\\Controllers\\CortadorPost')
 4 SYSTEMPATH\CodeIgniter.php(892): class_exists('\\App\\Controllers\\CortadorPost', true)
 5 SYSTEMPATH\CodeIgniter.php(486): CodeIgniter\CodeIgniter->startController()
 6 SYSTEMPATH\CodeIgniter.php(368): CodeIgniter\CodeIgniter->handleRequest(null, Object(Config\Cache), false)
 7 FCPATH\index.php(67): CodeIgniter\CodeIgniter->run()
CRITICAL - 2023-08-18 17:46:16 --> syntax error, unexpected token ")"
in APPPATH\Controllers\CortadorPost.php on line 317.
 1 SYSTEMPATH\Autoloader\Autoloader.php(289): CodeIgniter\Autoloader\Autoloader->includeFile('C:\\xampp\\htdocs\\codi\\app\\Controllers\\CortadorPost.php')
 2 SYSTEMPATH\Autoloader\Autoloader.php(267): CodeIgniter\Autoloader\Autoloader->loadInNamespace('App\\Controllers\\CortadorPost')
 3 [internal function]: CodeIgniter\Autoloader\Autoloader->loadClass('App\\Controllers\\CortadorPost')
 4 SYSTEMPATH\CodeIgniter.php(892): class_exists('\\App\\Controllers\\CortadorPost', true)
 5 SYSTEMPATH\CodeIgniter.php(486): CodeIgniter\CodeIgniter->startController()
 6 SYSTEMPATH\CodeIgniter.php(368): CodeIgniter\CodeIgniter->handleRequest(null, Object(Config\Cache), false)
 7 FCPATH\index.php(67): CodeIgniter\CodeIgniter->run()
CRITICAL - 2023-08-18 17:46:17 --> syntax error, unexpected token ")"
in APPPATH\Controllers\CortadorPost.php on line 317.
 1 SYSTEMPATH\Autoloader\Autoloader.php(289): CodeIgniter\Autoloader\Autoloader->includeFile('C:\\xampp\\htdocs\\codi\\app\\Controllers\\CortadorPost.php')
 2 SYSTEMPATH\Autoloader\Autoloader.php(267): CodeIgniter\Autoloader\Autoloader->loadInNamespace('App\\Controllers\\CortadorPost')
 3 [internal function]: CodeIgniter\Autoloader\Autoloader->loadClass('App\\Controllers\\CortadorPost')
 4 SYSTEMPATH\CodeIgniter.php(892): class_exists('\\App\\Controllers\\CortadorPost', true)
 5 SYSTEMPATH\CodeIgniter.php(486): CodeIgniter\CodeIgniter->startController()
 6 SYSTEMPATH\CodeIgniter.php(368): CodeIgniter\CodeIgniter->handleRequest(null, Object(Config\Cache), false)
 7 FCPATH\index.php(67): CodeIgniter\CodeIgniter->run()
CRITICAL - 2023-08-18 17:46:18 --> syntax error, unexpected token ")"
in APPPATH\Controllers\CortadorPost.php on line 317.
 1 SYSTEMPATH\Autoloader\Autoloader.php(289): CodeIgniter\Autoloader\Autoloader->includeFile('C:\\xampp\\htdocs\\codi\\app\\Controllers\\CortadorPost.php')
 2 SYSTEMPATH\Autoloader\Autoloader.php(267): CodeIgniter\Autoloader\Autoloader->loadInNamespace('App\\Controllers\\CortadorPost')
 3 [internal function]: CodeIgniter\Autoloader\Autoloader->loadClass('App\\Controllers\\CortadorPost')
 4 SYSTEMPATH\CodeIgniter.php(892): class_exists('\\App\\Controllers\\CortadorPost', true)
 5 SYSTEMPATH\CodeIgniter.php(486): CodeIgniter\CodeIgniter->startController()
 6 SYSTEMPATH\CodeIgniter.php(368): CodeIgniter\CodeIgniter->handleRequest(null, Object(Config\Cache), false)
 7 FCPATH\index.php(67): CodeIgniter\CodeIgniter->run()
CRITICAL - 2023-08-18 17:46:19 --> syntax error, unexpected token ")"
in APPPATH\Controllers\CortadorPost.php on line 317.
 1 SYSTEMPATH\Autoloader\Autoloader.php(289): CodeIgniter\Autoloader\Autoloader->includeFile('C:\\xampp\\htdocs\\codi\\app\\Controllers\\CortadorPost.php')
 2 SYSTEMPATH\Autoloader\Autoloader.php(267): CodeIgniter\Autoloader\Autoloader->loadInNamespace('App\\Controllers\\CortadorPost')
 3 [internal function]: CodeIgniter\Autoloader\Autoloader->loadClass('App\\Controllers\\CortadorPost')
 4 SYSTEMPATH\CodeIgniter.php(892): class_exists('\\App\\Controllers\\CortadorPost', true)
 5 SYSTEMPATH\CodeIgniter.php(486): CodeIgniter\CodeIgniter->startController()
 6 SYSTEMPATH\CodeIgniter.php(368): CodeIgniter\CodeIgniter->handleRequest(null, Object(Config\Cache), false)
 7 FCPATH\index.php(67): CodeIgniter\CodeIgniter->run()
CRITICAL - 2023-08-18 17:46:20 --> syntax error, unexpected token ")"
in APPPATH\Controllers\CortadorPost.php on line 317.
 1 SYSTEMPATH\Autoloader\Autoloader.php(289): CodeIgniter\Autoloader\Autoloader->includeFile('C:\\xampp\\htdocs\\codi\\app\\Controllers\\CortadorPost.php')
 2 SYSTEMPATH\Autoloader\Autoloader.php(267): CodeIgniter\Autoloader\Autoloader->loadInNamespace('App\\Controllers\\CortadorPost')
 3 [internal function]: CodeIgniter\Autoloader\Autoloader->loadClass('App\\Controllers\\CortadorPost')
 4 SYSTEMPATH\CodeIgniter.php(892): class_exists('\\App\\Controllers\\CortadorPost', true)
 5 SYSTEMPATH\CodeIgniter.php(486): CodeIgniter\CodeIgniter->startController()
 6 SYSTEMPATH\CodeIgniter.php(368): CodeIgniter\CodeIgniter->handleRequest(null, Object(Config\Cache), false)
 7 FCPATH\index.php(67): CodeIgniter\CodeIgniter->run()
CRITICAL - 2023-08-18 17:46:21 --> syntax error, unexpected token ")"
in APPPATH\Controllers\CortadorPost.php on line 317.
 1 SYSTEMPATH\Autoloader\Autoloader.php(289): CodeIgniter\Autoloader\Autoloader->includeFile('C:\\xampp\\htdocs\\codi\\app\\Controllers\\CortadorPost.php')
 2 SYSTEMPATH\Autoloader\Autoloader.php(267): CodeIgniter\Autoloader\Autoloader->loadInNamespace('App\\Controllers\\CortadorPost')
 3 [internal function]: CodeIgniter\Autoloader\Autoloader->loadClass('App\\Controllers\\CortadorPost')
 4 SYSTEMPATH\CodeIgniter.php(892): class_exists('\\App\\Controllers\\CortadorPost', true)
 5 SYSTEMPATH\CodeIgniter.php(486): CodeIgniter\CodeIgniter->startController()
 6 SYSTEMPATH\CodeIgniter.php(368): CodeIgniter\CodeIgniter->handleRequest(null, Object(Config\Cache), false)
 7 FCPATH\index.php(67): CodeIgniter\CodeIgniter->run()
CRITICAL - 2023-08-18 17:46:22 --> syntax error, unexpected token ")"
in APPPATH\Controllers\CortadorPost.php on line 317.
 1 SYSTEMPATH\Autoloader\Autoloader.php(289): CodeIgniter\Autoloader\Autoloader->includeFile('C:\\xampp\\htdocs\\codi\\app\\Controllers\\CortadorPost.php')
 2 SYSTEMPATH\Autoloader\Autoloader.php(267): CodeIgniter\Autoloader\Autoloader->loadInNamespace('App\\Controllers\\CortadorPost')
 3 [internal function]: CodeIgniter\Autoloader\Autoloader->loadClass('App\\Controllers\\CortadorPost')
 4 SYSTEMPATH\CodeIgniter.php(892): class_exists('\\App\\Controllers\\CortadorPost', true)
 5 SYSTEMPATH\CodeIgniter.php(486): CodeIgniter\CodeIgniter->startController()
 6 SYSTEMPATH\CodeIgniter.php(368): CodeIgniter\CodeIgniter->handleRequest(null, Object(Config\Cache), false)
 7 FCPATH\index.php(67): CodeIgniter\CodeIgniter->run()
CRITICAL - 2023-08-18 17:46:23 --> syntax error, unexpected token ")"
in APPPATH\Controllers\CortadorPost.php on line 317.
 1 SYSTEMPATH\Autoloader\Autoloader.php(289): CodeIgniter\Autoloader\Autoloader->includeFile('C:\\xampp\\htdocs\\codi\\app\\Controllers\\CortadorPost.php')
 2 SYSTEMPATH\Autoloader\Autoloader.php(267): CodeIgniter\Autoloader\Autoloader->loadInNamespace('App\\Controllers\\CortadorPost')
 3 [internal function]: CodeIgniter\Autoloader\Autoloader->loadClass('App\\Controllers\\CortadorPost')
 4 SYSTEMPATH\CodeIgniter.php(892): class_exists('\\App\\Controllers\\CortadorPost', true)
 5 SYSTEMPATH\CodeIgniter.php(486): CodeIgniter\CodeIgniter->startController()
 6 SYSTEMPATH\CodeIgniter.php(368): CodeIgniter\CodeIgniter->handleRequest(null, Object(Config\Cache), false)
 7 FCPATH\index.php(67): CodeIgniter\CodeIgniter->run()
CRITICAL - 2023-08-18 17:46:24 --> syntax error, unexpected token ")"
in APPPATH\Controllers\CortadorPost.php on line 317.
 1 SYSTEMPATH\Autoloader\Autoloader.php(289): CodeIgniter\Autoloader\Autoloader->includeFile('C:\\xampp\\htdocs\\codi\\app\\Controllers\\CortadorPost.php')
 2 SYSTEMPATH\Autoloader\Autoloader.php(267): CodeIgniter\Autoloader\Autoloader->loadInNamespace('App\\Controllers\\CortadorPost')
 3 [internal function]: CodeIgniter\Autoloader\Autoloader->loadClass('App\\Controllers\\CortadorPost')
 4 SYSTEMPATH\CodeIgniter.php(892): class_exists('\\App\\Controllers\\CortadorPost', true)
 5 SYSTEMPATH\CodeIgniter.php(486): CodeIgniter\CodeIgniter->startController()
 6 SYSTEMPATH\CodeIgniter.php(368): CodeIgniter\CodeIgniter->handleRequest(null, Object(Config\Cache), false)
 7 FCPATH\index.php(67): CodeIgniter\CodeIgniter->run()
CRITICAL - 2023-08-18 17:46:25 --> syntax error, unexpected token ")"
in APPPATH\Controllers\CortadorPost.php on line 317.
 1 SYSTEMPATH\Autoloader\Autoloader.php(289): CodeIgniter\Autoloader\Autoloader->includeFile('C:\\xampp\\htdocs\\codi\\app\\Controllers\\CortadorPost.php')
 2 SYSTEMPATH\Autoloader\Autoloader.php(267): CodeIgniter\Autoloader\Autoloader->loadInNamespace('App\\Controllers\\CortadorPost')
 3 [internal function]: CodeIgniter\Autoloader\Autoloader->loadClass('App\\Controllers\\CortadorPost')
 4 SYSTEMPATH\CodeIgniter.php(892): class_exists('\\App\\Controllers\\CortadorPost', true)
 5 SYSTEMPATH\CodeIgniter.php(486): CodeIgniter\CodeIgniter->startController()
 6 SYSTEMPATH\CodeIgniter.php(368): CodeIgniter\CodeIgniter->handleRequest(null, Object(Config\Cache), false)
 7 FCPATH\index.php(67): CodeIgniter\CodeIgniter->run()
CRITICAL - 2023-08-18 17:46:26 --> syntax error, unexpected token ")"
in APPPATH\Controllers\CortadorPost.php on line 317.
 1 SYSTEMPATH\Autoloader\Autoloader.php(289): CodeIgniter\Autoloader\Autoloader->includeFile('C:\\xampp\\htdocs\\codi\\app\\Controllers\\CortadorPost.php')
 2 SYSTEMPATH\Autoloader\Autoloader.php(267): CodeIgniter\Autoloader\Autoloader->loadInNamespace('App\\Controllers\\CortadorPost')
 3 [internal function]: CodeIgniter\Autoloader\Autoloader->loadClass('App\\Controllers\\CortadorPost')
 4 SYSTEMPATH\CodeIgniter.php(892): class_exists('\\App\\Controllers\\CortadorPost', true)
 5 SYSTEMPATH\CodeIgniter.php(486): CodeIgniter\CodeIgniter->startController()
 6 SYSTEMPATH\CodeIgniter.php(368): CodeIgniter\CodeIgniter->handleRequest(null, Object(Config\Cache), false)
 7 FCPATH\index.php(67): CodeIgniter\CodeIgniter->run()
CRITICAL - 2023-08-18 17:46:27 --> syntax error, unexpected token ")"
in APPPATH\Controllers\CortadorPost.php on line 317.
 1 SYSTEMPATH\Autoloader\Autoloader.php(289): CodeIgniter\Autoloader\Autoloader->includeFile('C:\\xampp\\htdocs\\codi\\app\\Controllers\\CortadorPost.php')
 2 SYSTEMPATH\Autoloader\Autoloader.php(267): CodeIgniter\Autoloader\Autoloader->loadInNamespace('App\\Controllers\\CortadorPost')
 3 [internal function]: CodeIgniter\Autoloader\Autoloader->loadClass('App\\Controllers\\CortadorPost')
 4 SYSTEMPATH\CodeIgniter.php(892): class_exists('\\App\\Controllers\\CortadorPost', true)
 5 SYSTEMPATH\CodeIgniter.php(486): CodeIgniter\CodeIgniter->startController()
 6 SYSTEMPATH\CodeIgniter.php(368): CodeIgniter\CodeIgniter->handleRequest(null, Object(Config\Cache), false)
 7 FCPATH\index.php(67): CodeIgniter\CodeIgniter->run()
CRITICAL - 2023-08-18 17:46:28 --> syntax error, unexpected token ")"
in APPPATH\Controllers\CortadorPost.php on line 317.
 1 SYSTEMPATH\Autoloader\Autoloader.php(289): CodeIgniter\Autoloader\Autoloader->includeFile('C:\\xampp\\htdocs\\codi\\app\\Controllers\\CortadorPost.php')
 2 SYSTEMPATH\Autoloader\Autoloader.php(267): CodeIgniter\Autoloader\Autoloader->loadInNamespace('App\\Controllers\\CortadorPost')
 3 [internal function]: CodeIgniter\Autoloader\Autoloader->loadClass('App\\Controllers\\CortadorPost')
 4 SYSTEMPATH\CodeIgniter.php(892): class_exists('\\App\\Controllers\\CortadorPost', true)
 5 SYSTEMPATH\CodeIgniter.php(486): CodeIgniter\CodeIgniter->startController()
 6 SYSTEMPATH\CodeIgniter.php(368): CodeIgniter\CodeIgniter->handleRequest(null, Object(Config\Cache), false)
 7 FCPATH\index.php(67): CodeIgniter\CodeIgniter->run()
CRITICAL - 2023-08-18 17:46:29 --> syntax error, unexpected token ")"
in APPPATH\Controllers\CortadorPost.php on line 317.
 1 SYSTEMPATH\Autoloader\Autoloader.php(289): CodeIgniter\Autoloader\Autoloader->includeFile('C:\\xampp\\htdocs\\codi\\app\\Controllers\\CortadorPost.php')
 2 SYSTEMPATH\Autoloader\Autoloader.php(267): CodeIgniter\Autoloader\Autoloader->loadInNamespace('App\\Controllers\\CortadorPost')
 3 [internal function]: CodeIgniter\Autoloader\Autoloader->loadClass('App\\Controllers\\CortadorPost')
 4 SYSTEMPATH\CodeIgniter.php(892): class_exists('\\App\\Controllers\\CortadorPost', true)
 5 SYSTEMPATH\CodeIgniter.php(486): CodeIgniter\CodeIgniter->startController()
 6 SYSTEMPATH\CodeIgniter.php(368): CodeIgniter\CodeIgniter->handleRequest(null, Object(Config\Cache), false)
 7 FCPATH\index.php(67): CodeIgniter\CodeIgniter->run()
CRITICAL - 2023-08-18 17:46:30 --> syntax error, unexpected token ")"
in APPPATH\Controllers\CortadorPost.php on line 317.
 1 SYSTEMPATH\Autoloader\Autoloader.php(289): CodeIgniter\Autoloader\Autoloader->includeFile('C:\\xampp\\htdocs\\codi\\app\\Controllers\\CortadorPost.php')
 2 SYSTEMPATH\Autoloader\Autoloader.php(267): CodeIgniter\Autoloader\Autoloader->loadInNamespace('App\\Controllers\\CortadorPost')
 3 [internal function]: CodeIgniter\Autoloader\Autoloader->loadClass('App\\Controllers\\CortadorPost')
 4 SYSTEMPATH\CodeIgniter.php(892): class_exists('\\App\\Controllers\\CortadorPost', true)
 5 SYSTEMPATH\CodeIgniter.php(486): CodeIgniter\CodeIgniter->startController()
 6 SYSTEMPATH\CodeIgniter.php(368): CodeIgniter\CodeIgniter->handleRequest(null, Object(Config\Cache), false)
 7 FCPATH\index.php(67): CodeIgniter\CodeIgniter->run()
CRITICAL - 2023-08-18 17:46:31 --> syntax error, unexpected token ")"
in APPPATH\Controllers\CortadorPost.php on line 317.
 1 SYSTEMPATH\Autoloader\Autoloader.php(289): CodeIgniter\Autoloader\Autoloader->includeFile('C:\\xampp\\htdocs\\codi\\app\\Controllers\\CortadorPost.php')
 2 SYSTEMPATH\Autoloader\Autoloader.php(267): CodeIgniter\Autoloader\Autoloader->loadInNamespace('App\\Controllers\\CortadorPost')
 3 [internal function]: CodeIgniter\Autoloader\Autoloader->loadClass('App\\Controllers\\CortadorPost')
 4 SYSTEMPATH\CodeIgniter.php(892): class_exists('\\App\\Controllers\\CortadorPost', true)
 5 SYSTEMPATH\CodeIgniter.php(486): CodeIgniter\CodeIgniter->startController()
 6 SYSTEMPATH\CodeIgniter.php(368): CodeIgniter\CodeIgniter->handleRequest(null, Object(Config\Cache), false)
 7 FCPATH\index.php(67): CodeIgniter\CodeIgniter->run()
CRITICAL - 2023-08-18 17:46:32 --> syntax error, unexpected token ")"
in APPPATH\Controllers\CortadorPost.php on line 317.
 1 SYSTEMPATH\Autoloader\Autoloader.php(289): CodeIgniter\Autoloader\Autoloader->includeFile('C:\\xampp\\htdocs\\codi\\app\\Controllers\\CortadorPost.php')
 2 SYSTEMPATH\Autoloader\Autoloader.php(267): CodeIgniter\Autoloader\Autoloader->loadInNamespace('App\\Controllers\\CortadorPost')
 3 [internal function]: CodeIgniter\Autoloader\Autoloader->loadClass('App\\Controllers\\CortadorPost')
 4 SYSTEMPATH\CodeIgniter.php(892): class_exists('\\App\\Controllers\\CortadorPost', true)
 5 SYSTEMPATH\CodeIgniter.php(486): CodeIgniter\CodeIgniter->startController()
 6 SYSTEMPATH\CodeIgniter.php(368): CodeIgniter\CodeIgniter->handleRequest(null, Object(Config\Cache), false)
 7 FCPATH\index.php(67): CodeIgniter\CodeIgniter->run()
CRITICAL - 2023-08-18 17:46:33 --> syntax error, unexpected token ")"
in APPPATH\Controllers\CortadorPost.php on line 317.
 1 SYSTEMPATH\Autoloader\Autoloader.php(289): CodeIgniter\Autoloader\Autoloader->includeFile('C:\\xampp\\htdocs\\codi\\app\\Controllers\\CortadorPost.php')
 2 SYSTEMPATH\Autoloader\Autoloader.php(267): CodeIgniter\Autoloader\Autoloader->loadInNamespace('App\\Controllers\\CortadorPost')
 3 [internal function]: CodeIgniter\Autoloader\Autoloader->loadClass('App\\Controllers\\CortadorPost')
 4 SYSTEMPATH\CodeIgniter.php(892): class_exists('\\App\\Controllers\\CortadorPost', true)
 5 SYSTEMPATH\CodeIgniter.php(486): CodeIgniter\CodeIgniter->startController()
 6 SYSTEMPATH\CodeIgniter.php(368): CodeIgniter\CodeIgniter->handleRequest(null, Object(Config\Cache), false)
 7 FCPATH\index.php(67): CodeIgniter\CodeIgniter->run()
CRITICAL - 2023-08-18 17:46:34 --> syntax error, unexpected token ")"
in APPPATH\Controllers\CortadorPost.php on line 317.
 1 SYSTEMPATH\Autoloader\Autoloader.php(289): CodeIgniter\Autoloader\Autoloader->includeFile('C:\\xampp\\htdocs\\codi\\app\\Controllers\\CortadorPost.php')
 2 SYSTEMPATH\Autoloader\Autoloader.php(267): CodeIgniter\Autoloader\Autoloader->loadInNamespace('App\\Controllers\\CortadorPost')
 3 [internal function]: CodeIgniter\Autoloader\Autoloader->loadClass('App\\Controllers\\CortadorPost')
 4 SYSTEMPATH\CodeIgniter.php(892): class_exists('\\App\\Controllers\\CortadorPost', true)
 5 SYSTEMPATH\CodeIgniter.php(486): CodeIgniter\CodeIgniter->startController()
 6 SYSTEMPATH\CodeIgniter.php(368): CodeIgniter\CodeIgniter->handleRequest(null, Object(Config\Cache), false)
 7 FCPATH\index.php(67): CodeIgniter\CodeIgniter->run()
CRITICAL - 2023-08-18 17:46:35 --> syntax error, unexpected token ")"
in APPPATH\Controllers\CortadorPost.php on line 317.
 1 SYSTEMPATH\Autoloader\Autoloader.php(289): CodeIgniter\Autoloader\Autoloader->includeFile('C:\\xampp\\htdocs\\codi\\app\\Controllers\\CortadorPost.php')
 2 SYSTEMPATH\Autoloader\Autoloader.php(267): CodeIgniter\Autoloader\Autoloader->loadInNamespace('App\\Controllers\\CortadorPost')
 3 [internal function]: CodeIgniter\Autoloader\Autoloader->loadClass('App\\Controllers\\CortadorPost')
 4 SYSTEMPATH\CodeIgniter.php(892): class_exists('\\App\\Controllers\\CortadorPost', true)
 5 SYSTEMPATH\CodeIgniter.php(486): CodeIgniter\CodeIgniter->startController()
 6 SYSTEMPATH\CodeIgniter.php(368): CodeIgniter\CodeIgniter->handleRequest(null, Object(Config\Cache), false)
 7 FCPATH\index.php(67): CodeIgniter\CodeIgniter->run()
CRITICAL - 2023-08-18 17:46:36 --> syntax error, unexpected token ")"
in APPPATH\Controllers\CortadorPost.php on line 317.
 1 SYSTEMPATH\Autoloader\Autoloader.php(289): CodeIgniter\Autoloader\Autoloader->includeFile('C:\\xampp\\htdocs\\codi\\app\\Controllers\\CortadorPost.php')
 2 SYSTEMPATH\Autoloader\Autoloader.php(267): CodeIgniter\Autoloader\Autoloader->loadInNamespace('App\\Controllers\\CortadorPost')
 3 [internal function]: CodeIgniter\Autoloader\Autoloader->loadClass('App\\Controllers\\CortadorPost')
 4 SYSTEMPATH\CodeIgniter.php(892): class_exists('\\App\\Controllers\\CortadorPost', true)
 5 SYSTEMPATH\CodeIgniter.php(486): CodeIgniter\CodeIgniter->startController()
 6 SYSTEMPATH\CodeIgniter.php(368): CodeIgniter\CodeIgniter->handleRequest(null, Object(Config\Cache), false)
 7 FCPATH\index.php(67): CodeIgniter\CodeIgniter->run()
CRITICAL - 2023-08-18 17:46:37 --> syntax error, unexpected token ")"
in APPPATH\Controllers\CortadorPost.php on line 317.
 1 SYSTEMPATH\Autoloader\Autoloader.php(289): CodeIgniter\Autoloader\Autoloader->includeFile('C:\\xampp\\htdocs\\codi\\app\\Controllers\\CortadorPost.php')
 2 SYSTEMPATH\Autoloader\Autoloader.php(267): CodeIgniter\Autoloader\Autoloader->loadInNamespace('App\\Controllers\\CortadorPost')
 3 [internal function]: CodeIgniter\Autoloader\Autoloader->loadClass('App\\Controllers\\CortadorPost')
 4 SYSTEMPATH\CodeIgniter.php(892): class_exists('\\App\\Controllers\\CortadorPost', true)
 5 SYSTEMPATH\CodeIgniter.php(486): CodeIgniter\CodeIgniter->startController()
 6 SYSTEMPATH\CodeIgniter.php(368): CodeIgniter\CodeIgniter->handleRequest(null, Object(Config\Cache), false)
 7 FCPATH\index.php(67): CodeIgniter\CodeIgniter->run()
CRITICAL - 2023-08-18 17:46:38 --> syntax error, unexpected token ")"
in APPPATH\Controllers\CortadorPost.php on line 317.
 1 SYSTEMPATH\Autoloader\Autoloader.php(289): CodeIgniter\Autoloader\Autoloader->includeFile('C:\\xampp\\htdocs\\codi\\app\\Controllers\\CortadorPost.php')
 2 SYSTEMPATH\Autoloader\Autoloader.php(267): CodeIgniter\Autoloader\Autoloader->loadInNamespace('App\\Controllers\\CortadorPost')
 3 [internal function]: CodeIgniter\Autoloader\Autoloader->loadClass('App\\Controllers\\CortadorPost')
 4 SYSTEMPATH\CodeIgniter.php(892): class_exists('\\App\\Controllers\\CortadorPost', true)
 5 SYSTEMPATH\CodeIgniter.php(486): CodeIgniter\CodeIgniter->startController()
 6 SYSTEMPATH\CodeIgniter.php(368): CodeIgniter\CodeIgniter->handleRequest(null, Object(Config\Cache), false)
 7 FCPATH\index.php(67): CodeIgniter\CodeIgniter->run()
CRITICAL - 2023-08-18 17:46:39 --> syntax error, unexpected token ")"
in APPPATH\Controllers\CortadorPost.php on line 317.
 1 SYSTEMPATH\Autoloader\Autoloader.php(289): CodeIgniter\Autoloader\Autoloader->includeFile('C:\\xampp\\htdocs\\codi\\app\\Controllers\\CortadorPost.php')
 2 SYSTEMPATH\Autoloader\Autoloader.php(267): CodeIgniter\Autoloader\Autoloader->loadInNamespace('App\\Controllers\\CortadorPost')
 3 [internal function]: CodeIgniter\Autoloader\Autoloader->loadClass('App\\Controllers\\CortadorPost')
 4 SYSTEMPATH\CodeIgniter.php(892): class_exists('\\App\\Controllers\\CortadorPost', true)
 5 SYSTEMPATH\CodeIgniter.php(486): CodeIgniter\CodeIgniter->startController()
 6 SYSTEMPATH\CodeIgniter.php(368): CodeIgniter\CodeIgniter->handleRequest(null, Object(Config\Cache), false)
 7 FCPATH\index.php(67): CodeIgniter\CodeIgniter->run()
CRITICAL - 2023-08-18 17:46:40 --> syntax error, unexpected token ")"
in APPPATH\Controllers\CortadorPost.php on line 317.
 1 SYSTEMPATH\Autoloader\Autoloader.php(289): CodeIgniter\Autoloader\Autoloader->includeFile('C:\\xampp\\htdocs\\codi\\app\\Controllers\\CortadorPost.php')
 2 SYSTEMPATH\Autoloader\Autoloader.php(267): CodeIgniter\Autoloader\Autoloader->loadInNamespace('App\\Controllers\\CortadorPost')
 3 [internal function]: CodeIgniter\Autoloader\Autoloader->loadClass('App\\Controllers\\CortadorPost')
 4 SYSTEMPATH\CodeIgniter.php(892): class_exists('\\App\\Controllers\\CortadorPost', true)
 5 SYSTEMPATH\CodeIgniter.php(486): CodeIgniter\CodeIgniter->startController()
 6 SYSTEMPATH\CodeIgniter.php(368): CodeIgniter\CodeIgniter->handleRequest(null, Object(Config\Cache), false)
 7 FCPATH\index.php(67): CodeIgniter\CodeIgniter->run()
CRITICAL - 2023-08-18 17:46:41 --> syntax error, unexpected token ")"
in APPPATH\Controllers\CortadorPost.php on line 317.
 1 SYSTEMPATH\Autoloader\Autoloader.php(289): CodeIgniter\Autoloader\Autoloader->includeFile('C:\\xampp\\htdocs\\codi\\app\\Controllers\\CortadorPost.php')
 2 SYSTEMPATH\Autoloader\Autoloader.php(267): CodeIgniter\Autoloader\Autoloader->loadInNamespace('App\\Controllers\\CortadorPost')
 3 [internal function]: CodeIgniter\Autoloader\Autoloader->loadClass('App\\Controllers\\CortadorPost')
 4 SYSTEMPATH\CodeIgniter.php(892): class_exists('\\App\\Controllers\\CortadorPost', true)
 5 SYSTEMPATH\CodeIgniter.php(486): CodeIgniter\CodeIgniter->startController()
 6 SYSTEMPATH\CodeIgniter.php(368): CodeIgniter\CodeIgniter->handleRequest(null, Object(Config\Cache), false)
 7 FCPATH\index.php(67): CodeIgniter\CodeIgniter->run()
CRITICAL - 2023-08-18 17:46:42 --> syntax error, unexpected token ")"
in APPPATH\Controllers\CortadorPost.php on line 317.
 1 SYSTEMPATH\Autoloader\Autoloader.php(289): CodeIgniter\Autoloader\Autoloader->includeFile('C:\\xampp\\htdocs\\codi\\app\\Controllers\\CortadorPost.php')
 2 SYSTEMPATH\Autoloader\Autoloader.php(267): CodeIgniter\Autoloader\Autoloader->loadInNamespace('App\\Controllers\\CortadorPost')
 3 [internal function]: CodeIgniter\Autoloader\Autoloader->loadClass('App\\Controllers\\CortadorPost')
 4 SYSTEMPATH\CodeIgniter.php(892): class_exists('\\App\\Controllers\\CortadorPost', true)
 5 SYSTEMPATH\CodeIgniter.php(486): CodeIgniter\CodeIgniter->startController()
 6 SYSTEMPATH\CodeIgniter.php(368): CodeIgniter\CodeIgniter->handleRequest(null, Object(Config\Cache), false)
 7 FCPATH\index.php(67): CodeIgniter\CodeIgniter->run()
CRITICAL - 2023-08-18 17:46:43 --> syntax error, unexpected token ")"
in APPPATH\Controllers\CortadorPost.php on line 317.
 1 SYSTEMPATH\Autoloader\Autoloader.php(289): CodeIgniter\Autoloader\Autoloader->includeFile('C:\\xampp\\htdocs\\codi\\app\\Controllers\\CortadorPost.php')
 2 SYSTEMPATH\Autoloader\Autoloader.php(267): CodeIgniter\Autoloader\Autoloader->loadInNamespace('App\\Controllers\\CortadorPost')
 3 [internal function]: CodeIgniter\Autoloader\Autoloader->loadClass('App\\Controllers\\CortadorPost')
 4 SYSTEMPATH\CodeIgniter.php(892): class_exists('\\App\\Controllers\\CortadorPost', true)
 5 SYSTEMPATH\CodeIgniter.php(486): CodeIgniter\CodeIgniter->startController()
 6 SYSTEMPATH\CodeIgniter.php(368): CodeIgniter\CodeIgniter->handleRequest(null, Object(Config\Cache), false)
 7 FCPATH\index.php(67): CodeIgniter\CodeIgniter->run()
CRITICAL - 2023-08-18 17:46:44 --> syntax error, unexpected token ")"
in APPPATH\Controllers\CortadorPost.php on line 317.
 1 SYSTEMPATH\Autoloader\Autoloader.php(289): CodeIgniter\Autoloader\Autoloader->includeFile('C:\\xampp\\htdocs\\codi\\app\\Controllers\\CortadorPost.php')
 2 SYSTEMPATH\Autoloader\Autoloader.php(267): CodeIgniter\Autoloader\Autoloader->loadInNamespace('App\\Controllers\\CortadorPost')
 3 [internal function]: CodeIgniter\Autoloader\Autoloader->loadClass('App\\Controllers\\CortadorPost')
 4 SYSTEMPATH\CodeIgniter.php(892): class_exists('\\App\\Controllers\\CortadorPost', true)
 5 SYSTEMPATH\CodeIgniter.php(486): CodeIgniter\CodeIgniter->startController()
 6 SYSTEMPATH\CodeIgniter.php(368): CodeIgniter\CodeIgniter->handleRequest(null, Object(Config\Cache), false)
 7 FCPATH\index.php(67): CodeIgniter\CodeIgniter->run()
CRITICAL - 2023-08-18 17:46:45 --> syntax error, unexpected token ")"
in APPPATH\Controllers\CortadorPost.php on line 317.
 1 SYSTEMPATH\Autoloader\Autoloader.php(289): CodeIgniter\Autoloader\Autoloader->includeFile('C:\\xampp\\htdocs\\codi\\app\\Controllers\\CortadorPost.php')
 2 SYSTEMPATH\Autoloader\Autoloader.php(267): CodeIgniter\Autoloader\Autoloader->loadInNamespace('App\\Controllers\\CortadorPost')
 3 [internal function]: CodeIgniter\Autoloader\Autoloader->loadClass('App\\Controllers\\CortadorPost')
 4 SYSTEMPATH\CodeIgniter.php(892): class_exists('\\App\\Controllers\\CortadorPost', true)
 5 SYSTEMPATH\CodeIgniter.php(486): CodeIgniter\CodeIgniter->startController()
 6 SYSTEMPATH\CodeIgniter.php(368): CodeIgniter\CodeIgniter->handleRequest(null, Object(Config\Cache), false)
 7 FCPATH\index.php(67): CodeIgniter\CodeIgniter->run()
CRITICAL - 2023-08-18 17:46:46 --> syntax error, unexpected token ")"
in APPPATH\Controllers\CortadorPost.php on line 317.
 1 SYSTEMPATH\Autoloader\Autoloader.php(289): CodeIgniter\Autoloader\Autoloader->includeFile('C:\\xampp\\htdocs\\codi\\app\\Controllers\\CortadorPost.php')
 2 SYSTEMPATH\Autoloader\Autoloader.php(267): CodeIgniter\Autoloader\Autoloader->loadInNamespace('App\\Controllers\\CortadorPost')
 3 [internal function]: CodeIgniter\Autoloader\Autoloader->loadClass('App\\Controllers\\CortadorPost')
 4 SYSTEMPATH\CodeIgniter.php(892): class_exists('\\App\\Controllers\\CortadorPost', true)
 5 SYSTEMPATH\CodeIgniter.php(486): CodeIgniter\CodeIgniter->startController()
 6 SYSTEMPATH\CodeIgniter.php(368): CodeIgniter\CodeIgniter->handleRequest(null, Object(Config\Cache), false)
 7 FCPATH\index.php(67): CodeIgniter\CodeIgniter->run()
CRITICAL - 2023-08-18 17:46:47 --> syntax error, unexpected token ")"
in APPPATH\Controllers\CortadorPost.php on line 317.
 1 SYSTEMPATH\Autoloader\Autoloader.php(289): CodeIgniter\Autoloader\Autoloader->includeFile('C:\\xampp\\htdocs\\codi\\app\\Controllers\\CortadorPost.php')
 2 SYSTEMPATH\Autoloader\Autoloader.php(267): CodeIgniter\Autoloader\Autoloader->loadInNamespace('App\\Controllers\\CortadorPost')
 3 [internal function]: CodeIgniter\Autoloader\Autoloader->loadClass('App\\Controllers\\CortadorPost')
 4 SYSTEMPATH\CodeIgniter.php(892): class_exists('\\App\\Controllers\\CortadorPost', true)
 5 SYSTEMPATH\CodeIgniter.php(486): CodeIgniter\CodeIgniter->startController()
 6 SYSTEMPATH\CodeIgniter.php(368): CodeIgniter\CodeIgniter->handleRequest(null, Object(Config\Cache), false)
 7 FCPATH\index.php(67): CodeIgniter\CodeIgniter->run()
CRITICAL - 2023-08-18 17:46:48 --> syntax error, unexpected token ")"
in APPPATH\Controllers\CortadorPost.php on line 317.
 1 SYSTEMPATH\Autoloader\Autoloader.php(289): CodeIgniter\Autoloader\Autoloader->includeFile('C:\\xampp\\htdocs\\codi\\app\\Controllers\\CortadorPost.php')
 2 SYSTEMPATH\Autoloader\Autoloader.php(267): CodeIgniter\Autoloader\Autoloader->loadInNamespace('App\\Controllers\\CortadorPost')
 3 [internal function]: CodeIgniter\Autoloader\Autoloader->loadClass('App\\Controllers\\CortadorPost')
 4 SYSTEMPATH\CodeIgniter.php(892): class_exists('\\App\\Controllers\\CortadorPost', true)
 5 SYSTEMPATH\CodeIgniter.php(486): CodeIgniter\CodeIgniter->startController()
 6 SYSTEMPATH\CodeIgniter.php(368): CodeIgniter\CodeIgniter->handleRequest(null, Object(Config\Cache), false)
 7 FCPATH\index.php(67): CodeIgniter\CodeIgniter->run()
CRITICAL - 2023-08-18 17:46:49 --> syntax error, unexpected token ")"
in APPPATH\Controllers\CortadorPost.php on line 317.
 1 SYSTEMPATH\Autoloader\Autoloader.php(289): CodeIgniter\Autoloader\Autoloader->includeFile('C:\\xampp\\htdocs\\codi\\app\\Controllers\\CortadorPost.php')
 2 SYSTEMPATH\Autoloader\Autoloader.php(267): CodeIgniter\Autoloader\Autoloader->loadInNamespace('App\\Controllers\\CortadorPost')
 3 [internal function]: CodeIgniter\Autoloader\Autoloader->loadClass('App\\Controllers\\CortadorPost')
 4 SYSTEMPATH\CodeIgniter.php(892): class_exists('\\App\\Controllers\\CortadorPost', true)
 5 SYSTEMPATH\CodeIgniter.php(486): CodeIgniter\CodeIgniter->startController()
 6 SYSTEMPATH\CodeIgniter.php(368): CodeIgniter\CodeIgniter->handleRequest(null, Object(Config\Cache), false)
 7 FCPATH\index.php(67): CodeIgniter\CodeIgniter->run()
CRITICAL - 2023-08-18 17:46:50 --> syntax error, unexpected token ")"
in APPPATH\Controllers\CortadorPost.php on line 317.
 1 SYSTEMPATH\Autoloader\Autoloader.php(289): CodeIgniter\Autoloader\Autoloader->includeFile('C:\\xampp\\htdocs\\codi\\app\\Controllers\\CortadorPost.php')
 2 SYSTEMPATH\Autoloader\Autoloader.php(267): CodeIgniter\Autoloader\Autoloader->loadInNamespace('App\\Controllers\\CortadorPost')
 3 [internal function]: CodeIgniter\Autoloader\Autoloader->loadClass('App\\Controllers\\CortadorPost')
 4 SYSTEMPATH\CodeIgniter.php(892): class_exists('\\App\\Controllers\\CortadorPost', true)
 5 SYSTEMPATH\CodeIgniter.php(486): CodeIgniter\CodeIgniter->startController()
 6 SYSTEMPATH\CodeIgniter.php(368): CodeIgniter\CodeIgniter->handleRequest(null, Object(Config\Cache), false)
 7 FCPATH\index.php(67): CodeIgniter\CodeIgniter->run()
CRITICAL - 2023-08-18 17:46:51 --> syntax error, unexpected token ")"
in APPPATH\Controllers\CortadorPost.php on line 317.
 1 SYSTEMPATH\Autoloader\Autoloader.php(289): CodeIgniter\Autoloader\Autoloader->includeFile('C:\\xampp\\htdocs\\codi\\app\\Controllers\\CortadorPost.php')
 2 SYSTEMPATH\Autoloader\Autoloader.php(267): CodeIgniter\Autoloader\Autoloader->loadInNamespace('App\\Controllers\\CortadorPost')
 3 [internal function]: CodeIgniter\Autoloader\Autoloader->loadClass('App\\Controllers\\CortadorPost')
 4 SYSTEMPATH\CodeIgniter.php(892): class_exists('\\App\\Controllers\\CortadorPost', true)
 5 SYSTEMPATH\CodeIgniter.php(486): CodeIgniter\CodeIgniter->startController()
 6 SYSTEMPATH\CodeIgniter.php(368): CodeIgniter\CodeIgniter->handleRequest(null, Object(Config\Cache), false)
 7 FCPATH\index.php(67): CodeIgniter\CodeIgniter->run()
CRITICAL - 2023-08-18 17:46:52 --> syntax error, unexpected token ")"
in APPPATH\Controllers\CortadorPost.php on line 317.
 1 SYSTEMPATH\Autoloader\Autoloader.php(289): CodeIgniter\Autoloader\Autoloader->includeFile('C:\\xampp\\htdocs\\codi\\app\\Controllers\\CortadorPost.php')
 2 SYSTEMPATH\Autoloader\Autoloader.php(267): CodeIgniter\Autoloader\Autoloader->loadInNamespace('App\\Controllers\\CortadorPost')
 3 [internal function]: CodeIgniter\Autoloader\Autoloader->loadClass('App\\Controllers\\CortadorPost')
 4 SYSTEMPATH\CodeIgniter.php(892): class_exists('\\App\\Controllers\\CortadorPost', true)
 5 SYSTEMPATH\CodeIgniter.php(486): CodeIgniter\CodeIgniter->startController()
 6 SYSTEMPATH\CodeIgniter.php(368): CodeIgniter\CodeIgniter->handleRequest(null, Object(Config\Cache), false)
 7 FCPATH\index.php(67): CodeIgniter\CodeIgniter->run()
CRITICAL - 2023-08-18 17:47:39 --> syntax error, unexpected identifier "Ferramentas"
in APPPATH\Controllers\CortadorPost.php on line 316.
 1 SYSTEMPATH\Autoloader\Autoloader.php(289): CodeIgniter\Autoloader\Autoloader->includeFile('C:\\xampp\\htdocs\\codi\\app\\Controllers\\CortadorPost.php')
 2 SYSTEMPATH\Autoloader\Autoloader.php(267): CodeIgniter\Autoloader\Autoloader->loadInNamespace('App\\Controllers\\CortadorPost')
 3 [internal function]: CodeIgniter\Autoloader\Autoloader->loadClass('App\\Controllers\\CortadorPost')
 4 SYSTEMPATH\CodeIgniter.php(892): class_exists('\\App\\Controllers\\CortadorPost', true)
 5 SYSTEMPATH\CodeIgniter.php(486): CodeIgniter\CodeIgniter->startController()
 6 SYSTEMPATH\CodeIgniter.php(368): CodeIgniter\CodeIgniter->handleRequest(null, Object(Config\Cache), false)
 7 FCPATH\index.php(67): CodeIgniter\CodeIgniter->run()
CRITICAL - 2023-08-18 17:49:39 --> syntax error, unexpected token "if"
in APPPATH\Controllers\CortadorPost.php on line 319.
 1 SYSTEMPATH\Autoloader\Autoloader.php(289): CodeIgniter\Autoloader\Autoloader->includeFile('C:\\xampp\\htdocs\\codi\\app\\Controllers\\CortadorPost.php')
 2 SYSTEMPATH\Autoloader\Autoloader.php(267): CodeIgniter\Autoloader\Autoloader->loadInNamespace('App\\Controllers\\CortadorPost')
 3 [internal function]: CodeIgniter\Autoloader\Autoloader->loadClass('App\\Controllers\\CortadorPost')
 4 SYSTEMPATH\CodeIgniter.php(892): class_exists('\\App\\Controllers\\CortadorPost', true)
 5 SYSTEMPATH\CodeIgniter.php(486): CodeIgniter\CodeIgniter->startController()
 6 SYSTEMPATH\CodeIgniter.php(368): CodeIgniter\CodeIgniter->handleRequest(null, Object(Config\Cache), false)
 7 FCPATH\index.php(67): CodeIgniter\CodeIgniter->run()
CRITICAL - 2023-08-18 17:49:40 --> syntax error, unexpected token "if"
in APPPATH\Controllers\CortadorPost.php on line 319.
 1 SYSTEMPATH\Autoloader\Autoloader.php(289): CodeIgniter\Autoloader\Autoloader->includeFile('C:\\xampp\\htdocs\\codi\\app\\Controllers\\CortadorPost.php')
 2 SYSTEMPATH\Autoloader\Autoloader.php(267): CodeIgniter\Autoloader\Autoloader->loadInNamespace('App\\Controllers\\CortadorPost')
 3 [internal function]: CodeIgniter\Autoloader\Autoloader->loadClass('App\\Controllers\\CortadorPost')
 4 SYSTEMPATH\CodeIgniter.php(892): class_exists('\\App\\Controllers\\CortadorPost', true)
 5 SYSTEMPATH\CodeIgniter.php(486): CodeIgniter\CodeIgniter->startController()
 6 SYSTEMPATH\CodeIgniter.php(368): CodeIgniter\CodeIgniter->handleRequest(null, Object(Config\Cache), false)
 7 FCPATH\index.php(67): CodeIgniter\CodeIgniter->run()
CRITICAL - 2023-08-18 17:49:40 --> syntax error, unexpected token "if"
in APPPATH\Controllers\CortadorPost.php on line 319.
 1 SYSTEMPATH\Autoloader\Autoloader.php(289): CodeIgniter\Autoloader\Autoloader->includeFile('C:\\xampp\\htdocs\\codi\\app\\Controllers\\CortadorPost.php')
 2 SYSTEMPATH\Autoloader\Autoloader.php(267): CodeIgniter\Autoloader\Autoloader->loadInNamespace('App\\Controllers\\CortadorPost')
 3 [internal function]: CodeIgniter\Autoloader\Autoloader->loadClass('App\\Controllers\\CortadorPost')
 4 SYSTEMPATH\CodeIgniter.php(892): class_exists('\\App\\Controllers\\CortadorPost', true)
 5 SYSTEMPATH\CodeIgniter.php(486): CodeIgniter\CodeIgniter->startController()
 6 SYSTEMPATH\CodeIgniter.php(368): CodeIgniter\CodeIgniter->handleRequest(null, Object(Config\Cache), false)
 7 FCPATH\index.php(67): CodeIgniter\CodeIgniter->run()
CRITICAL - 2023-08-18 17:49:42 --> syntax error, unexpected token "if"
in APPPATH\Controllers\CortadorPost.php on line 319.
 1 SYSTEMPATH\Autoloader\Autoloader.php(289): CodeIgniter\Autoloader\Autoloader->includeFile('C:\\xampp\\htdocs\\codi\\app\\Controllers\\CortadorPost.php')
 2 SYSTEMPATH\Autoloader\Autoloader.php(267): CodeIgniter\Autoloader\Autoloader->loadInNamespace('App\\Controllers\\CortadorPost')
 3 [internal function]: CodeIgniter\Autoloader\Autoloader->loadClass('App\\Controllers\\CortadorPost')
 4 SYSTEMPATH\CodeIgniter.php(892): class_exists('\\App\\Controllers\\CortadorPost', true)
 5 SYSTEMPATH\CodeIgniter.php(486): CodeIgniter\CodeIgniter->startController()
 6 SYSTEMPATH\CodeIgniter.php(368): CodeIgniter\CodeIgniter->handleRequest(null, Object(Config\Cache), false)
 7 FCPATH\index.php(67): CodeIgniter\CodeIgniter->run()
CRITICAL - 2023-08-18 17:49:43 --> syntax error, unexpected token "if"
in APPPATH\Controllers\CortadorPost.php on line 319.
 1 SYSTEMPATH\Autoloader\Autoloader.php(289): CodeIgniter\Autoloader\Autoloader->includeFile('C:\\xampp\\htdocs\\codi\\app\\Controllers\\CortadorPost.php')
 2 SYSTEMPATH\Autoloader\Autoloader.php(267): CodeIgniter\Autoloader\Autoloader->loadInNamespace('App\\Controllers\\CortadorPost')
 3 [internal function]: CodeIgniter\Autoloader\Autoloader->loadClass('App\\Controllers\\CortadorPost')
 4 SYSTEMPATH\CodeIgniter.php(892): class_exists('\\App\\Controllers\\CortadorPost', true)
 5 SYSTEMPATH\CodeIgniter.php(486): CodeIgniter\CodeIgniter->startController()
 6 SYSTEMPATH\CodeIgniter.php(368): CodeIgniter\CodeIgniter->handleRequest(null, Object(Config\Cache), false)
 7 FCPATH\index.php(67): CodeIgniter\CodeIgniter->run()
CRITICAL - 2023-08-18 17:49:44 --> syntax error, unexpected token "if"
in APPPATH\Controllers\CortadorPost.php on line 319.
 1 SYSTEMPATH\Autoloader\Autoloader.php(289): CodeIgniter\Autoloader\Autoloader->includeFile('C:\\xampp\\htdocs\\codi\\app\\Controllers\\CortadorPost.php')
 2 SYSTEMPATH\Autoloader\Autoloader.php(267): CodeIgniter\Autoloader\Autoloader->loadInNamespace('App\\Controllers\\CortadorPost')
 3 [internal function]: CodeIgniter\Autoloader\Autoloader->loadClass('App\\Controllers\\CortadorPost')
 4 SYSTEMPATH\CodeIgniter.php(892): class_exists('\\App\\Controllers\\CortadorPost', true)
 5 SYSTEMPATH\CodeIgniter.php(486): CodeIgniter\CodeIgniter->startController()
 6 SYSTEMPATH\CodeIgniter.php(368): CodeIgniter\CodeIgniter->handleRequest(null, Object(Config\Cache), false)
 7 FCPATH\index.php(67): CodeIgniter\CodeIgniter->run()
CRITICAL - 2023-08-18 17:49:45 --> syntax error, unexpected token "if"
in APPPATH\Controllers\CortadorPost.php on line 319.
 1 SYSTEMPATH\Autoloader\Autoloader.php(289): CodeIgniter\Autoloader\Autoloader->includeFile('C:\\xampp\\htdocs\\codi\\app\\Controllers\\CortadorPost.php')
 2 SYSTEMPATH\Autoloader\Autoloader.php(267): CodeIgniter\Autoloader\Autoloader->loadInNamespace('App\\Controllers\\CortadorPost')
 3 [internal function]: CodeIgniter\Autoloader\Autoloader->loadClass('App\\Controllers\\CortadorPost')
 4 SYSTEMPATH\CodeIgniter.php(892): class_exists('\\App\\Controllers\\CortadorPost', true)
 5 SYSTEMPATH\CodeIgniter.php(486): CodeIgniter\CodeIgniter->startController()
 6 SYSTEMPATH\CodeIgniter.php(368): CodeIgniter\CodeIgniter->handleRequest(null, Object(Config\Cache), false)
 7 FCPATH\index.php(67): CodeIgniter\CodeIgniter->run()
CRITICAL - 2023-08-18 17:49:46 --> syntax error, unexpected token "if"
in APPPATH\Controllers\CortadorPost.php on line 319.
 1 SYSTEMPATH\Autoloader\Autoloader.php(289): CodeIgniter\Autoloader\Autoloader->includeFile('C:\\xampp\\htdocs\\codi\\app\\Controllers\\CortadorPost.php')
 2 SYSTEMPATH\Autoloader\Autoloader.php(267): CodeIgniter\Autoloader\Autoloader->loadInNamespace('App\\Controllers\\CortadorPost')
 3 [internal function]: CodeIgniter\Autoloader\Autoloader->loadClass('App\\Controllers\\CortadorPost')
 4 SYSTEMPATH\CodeIgniter.php(892): class_exists('\\App\\Controllers\\CortadorPost', true)
 5 SYSTEMPATH\CodeIgniter.php(486): CodeIgniter\CodeIgniter->startController()
 6 SYSTEMPATH\CodeIgniter.php(368): CodeIgniter\CodeIgniter->handleRequest(null, Object(Config\Cache), false)
 7 FCPATH\index.php(67): CodeIgniter\CodeIgniter->run()
CRITICAL - 2023-08-18 17:49:47 --> syntax error, unexpected token "if"
in APPPATH\Controllers\CortadorPost.php on line 319.
 1 SYSTEMPATH\Autoloader\Autoloader.php(289): CodeIgniter\Autoloader\Autoloader->includeFile('C:\\xampp\\htdocs\\codi\\app\\Controllers\\CortadorPost.php')
 2 SYSTEMPATH\Autoloader\Autoloader.php(267): CodeIgniter\Autoloader\Autoloader->loadInNamespace('App\\Controllers\\CortadorPost')
 3 [internal function]: CodeIgniter\Autoloader\Autoloader->loadClass('App\\Controllers\\CortadorPost')
 4 SYSTEMPATH\CodeIgniter.php(892): class_exists('\\App\\Controllers\\CortadorPost', true)
 5 SYSTEMPATH\CodeIgniter.php(486): CodeIgniter\CodeIgniter->startController()
 6 SYSTEMPATH\CodeIgniter.php(368): CodeIgniter\CodeIgniter->handleRequest(null, Object(Config\Cache), false)
 7 FCPATH\index.php(67): CodeIgniter\CodeIgniter->run()
CRITICAL - 2023-08-18 17:49:48 --> syntax error, unexpected token "if"
in APPPATH\Controllers\CortadorPost.php on line 319.
 1 SYSTEMPATH\Autoloader\Autoloader.php(289): CodeIgniter\Autoloader\Autoloader->includeFile('C:\\xampp\\htdocs\\codi\\app\\Controllers\\CortadorPost.php')
 2 SYSTEMPATH\Autoloader\Autoloader.php(267): CodeIgniter\Autoloader\Autoloader->loadInNamespace('App\\Controllers\\CortadorPost')
 3 [internal function]: CodeIgniter\Autoloader\Autoloader->loadClass('App\\Controllers\\CortadorPost')
 4 SYSTEMPATH\CodeIgniter.php(892): class_exists('\\App\\Controllers\\CortadorPost', true)
 5 SYSTEMPATH\CodeIgniter.php(486): CodeIgniter\CodeIgniter->startController()
 6 SYSTEMPATH\CodeIgniter.php(368): CodeIgniter\CodeIgniter->handleRequest(null, Object(Config\Cache), false)
 7 FCPATH\index.php(67): CodeIgniter\CodeIgniter->run()
CRITICAL - 2023-08-18 17:49:49 --> syntax error, unexpected token "if"
in APPPATH\Controllers\CortadorPost.php on line 319.
 1 SYSTEMPATH\Autoloader\Autoloader.php(289): CodeIgniter\Autoloader\Autoloader->includeFile('C:\\xampp\\htdocs\\codi\\app\\Controllers\\CortadorPost.php')
 2 SYSTEMPATH\Autoloader\Autoloader.php(267): CodeIgniter\Autoloader\Autoloader->loadInNamespace('App\\Controllers\\CortadorPost')
 3 [internal function]: CodeIgniter\Autoloader\Autoloader->loadClass('App\\Controllers\\CortadorPost')
 4 SYSTEMPATH\CodeIgniter.php(892): class_exists('\\App\\Controllers\\CortadorPost', true)
 5 SYSTEMPATH\CodeIgniter.php(486): CodeIgniter\CodeIgniter->startController()
 6 SYSTEMPATH\CodeIgniter.php(368): CodeIgniter\CodeIgniter->handleRequest(null, Object(Config\Cache), false)
 7 FCPATH\index.php(67): CodeIgniter\CodeIgniter->run()
CRITICAL - 2023-08-18 17:49:50 --> syntax error, unexpected token "if"
in APPPATH\Controllers\CortadorPost.php on line 319.
 1 SYSTEMPATH\Autoloader\Autoloader.php(289): CodeIgniter\Autoloader\Autoloader->includeFile('C:\\xampp\\htdocs\\codi\\app\\Controllers\\CortadorPost.php')
 2 SYSTEMPATH\Autoloader\Autoloader.php(267): CodeIgniter\Autoloader\Autoloader->loadInNamespace('App\\Controllers\\CortadorPost')
 3 [internal function]: CodeIgniter\Autoloader\Autoloader->loadClass('App\\Controllers\\CortadorPost')
 4 SYSTEMPATH\CodeIgniter.php(892): class_exists('\\App\\Controllers\\CortadorPost', true)
 5 SYSTEMPATH\CodeIgniter.php(486): CodeIgniter\CodeIgniter->startController()
 6 SYSTEMPATH\CodeIgniter.php(368): CodeIgniter\CodeIgniter->handleRequest(null, Object(Config\Cache), false)
 7 FCPATH\index.php(67): CodeIgniter\CodeIgniter->run()
CRITICAL - 2023-08-18 17:49:51 --> syntax error, unexpected token "if"
in APPPATH\Controllers\CortadorPost.php on line 319.
 1 SYSTEMPATH\Autoloader\Autoloader.php(289): CodeIgniter\Autoloader\Autoloader->includeFile('C:\\xampp\\htdocs\\codi\\app\\Controllers\\CortadorPost.php')
 2 SYSTEMPATH\Autoloader\Autoloader.php(267): CodeIgniter\Autoloader\Autoloader->loadInNamespace('App\\Controllers\\CortadorPost')
 3 [internal function]: CodeIgniter\Autoloader\Autoloader->loadClass('App\\Controllers\\CortadorPost')
 4 SYSTEMPATH\CodeIgniter.php(892): class_exists('\\App\\Controllers\\CortadorPost', true)
 5 SYSTEMPATH\CodeIgniter.php(486): CodeIgniter\CodeIgniter->startController()
 6 SYSTEMPATH\CodeIgniter.php(368): CodeIgniter\CodeIgniter->handleRequest(null, Object(Config\Cache), false)
 7 FCPATH\index.php(67): CodeIgniter\CodeIgniter->run()
CRITICAL - 2023-08-18 17:49:52 --> syntax error, unexpected token "if"
in APPPATH\Controllers\CortadorPost.php on line 319.
 1 SYSTEMPATH\Autoloader\Autoloader.php(289): CodeIgniter\Autoloader\Autoloader->includeFile('C:\\xampp\\htdocs\\codi\\app\\Controllers\\CortadorPost.php')
 2 SYSTEMPATH\Autoloader\Autoloader.php(267): CodeIgniter\Autoloader\Autoloader->loadInNamespace('App\\Controllers\\CortadorPost')
 3 [internal function]: CodeIgniter\Autoloader\Autoloader->loadClass('App\\Controllers\\CortadorPost')
 4 SYSTEMPATH\CodeIgniter.php(892): class_exists('\\App\\Controllers\\CortadorPost', true)
 5 SYSTEMPATH\CodeIgniter.php(486): CodeIgniter\CodeIgniter->startController()
 6 SYSTEMPATH\CodeIgniter.php(368): CodeIgniter\CodeIgniter->handleRequest(null, Object(Config\Cache), false)
 7 FCPATH\index.php(67): CodeIgniter\CodeIgniter->run()
CRITICAL - 2023-08-18 17:49:53 --> syntax error, unexpected token "if"
in APPPATH\Controllers\CortadorPost.php on line 319.
 1 SYSTEMPATH\Autoloader\Autoloader.php(289): CodeIgniter\Autoloader\Autoloader->includeFile('C:\\xampp\\htdocs\\codi\\app\\Controllers\\CortadorPost.php')
 2 SYSTEMPATH\Autoloader\Autoloader.php(267): CodeIgniter\Autoloader\Autoloader->loadInNamespace('App\\Controllers\\CortadorPost')
 3 [internal function]: CodeIgniter\Autoloader\Autoloader->loadClass('App\\Controllers\\CortadorPost')
 4 SYSTEMPATH\CodeIgniter.php(892): class_exists('\\App\\Controllers\\CortadorPost', true)
 5 SYSTEMPATH\CodeIgniter.php(486): CodeIgniter\CodeIgniter->startController()
 6 SYSTEMPATH\CodeIgniter.php(368): CodeIgniter\CodeIgniter->handleRequest(null, Object(Config\Cache), false)
 7 FCPATH\index.php(67): CodeIgniter\CodeIgniter->run()
CRITICAL - 2023-08-18 17:49:54 --> syntax error, unexpected token "if"
in APPPATH\Controllers\CortadorPost.php on line 319.
 1 SYSTEMPATH\Autoloader\Autoloader.php(289): CodeIgniter\Autoloader\Autoloader->includeFile('C:\\xampp\\htdocs\\codi\\app\\Controllers\\CortadorPost.php')
 2 SYSTEMPATH\Autoloader\Autoloader.php(267): CodeIgniter\Autoloader\Autoloader->loadInNamespace('App\\Controllers\\CortadorPost')
 3 [internal function]: CodeIgniter\Autoloader\Autoloader->loadClass('App\\Controllers\\CortadorPost')
 4 SYSTEMPATH\CodeIgniter.php(892): class_exists('\\App\\Controllers\\CortadorPost', true)
 5 SYSTEMPATH\CodeIgniter.php(486): CodeIgniter\CodeIgniter->startController()
 6 SYSTEMPATH\CodeIgniter.php(368): CodeIgniter\CodeIgniter->handleRequest(null, Object(Config\Cache), false)
 7 FCPATH\index.php(67): CodeIgniter\CodeIgniter->run()
CRITICAL - 2023-08-18 17:49:55 --> syntax error, unexpected token "if"
in APPPATH\Controllers\CortadorPost.php on line 319.
 1 SYSTEMPATH\Autoloader\Autoloader.php(289): CodeIgniter\Autoloader\Autoloader->includeFile('C:\\xampp\\htdocs\\codi\\app\\Controllers\\CortadorPost.php')
 2 SYSTEMPATH\Autoloader\Autoloader.php(267): CodeIgniter\Autoloader\Autoloader->loadInNamespace('App\\Controllers\\CortadorPost')
 3 [internal function]: CodeIgniter\Autoloader\Autoloader->loadClass('App\\Controllers\\CortadorPost')
 4 SYSTEMPATH\CodeIgniter.php(892): class_exists('\\App\\Controllers\\CortadorPost', true)
 5 SYSTEMPATH\CodeIgniter.php(486): CodeIgniter\CodeIgniter->startController()
 6 SYSTEMPATH\CodeIgniter.php(368): CodeIgniter\CodeIgniter->handleRequest(null, Object(Config\Cache), false)
 7 FCPATH\index.php(67): CodeIgniter\CodeIgniter->run()
CRITICAL - 2023-08-18 17:49:56 --> syntax error, unexpected token "if"
in APPPATH\Controllers\CortadorPost.php on line 319.
 1 SYSTEMPATH\Autoloader\Autoloader.php(289): CodeIgniter\Autoloader\Autoloader->includeFile('C:\\xampp\\htdocs\\codi\\app\\Controllers\\CortadorPost.php')
 2 SYSTEMPATH\Autoloader\Autoloader.php(267): CodeIgniter\Autoloader\Autoloader->loadInNamespace('App\\Controllers\\CortadorPost')
 3 [internal function]: CodeIgniter\Autoloader\Autoloader->loadClass('App\\Controllers\\CortadorPost')
 4 SYSTEMPATH\CodeIgniter.php(892): class_exists('\\App\\Controllers\\CortadorPost', true)
 5 SYSTEMPATH\CodeIgniter.php(486): CodeIgniter\CodeIgniter->startController()
 6 SYSTEMPATH\CodeIgniter.php(368): CodeIgniter\CodeIgniter->handleRequest(null, Object(Config\Cache), false)
 7 FCPATH\index.php(67): CodeIgniter\CodeIgniter->run()
CRITICAL - 2023-08-18 17:49:57 --> syntax error, unexpected token "if"
in APPPATH\Controllers\CortadorPost.php on line 319.
 1 SYSTEMPATH\Autoloader\Autoloader.php(289): CodeIgniter\Autoloader\Autoloader->includeFile('C:\\xampp\\htdocs\\codi\\app\\Controllers\\CortadorPost.php')
 2 SYSTEMPATH\Autoloader\Autoloader.php(267): CodeIgniter\Autoloader\Autoloader->loadInNamespace('App\\Controllers\\CortadorPost')
 3 [internal function]: CodeIgniter\Autoloader\Autoloader->loadClass('App\\Controllers\\CortadorPost')
 4 SYSTEMPATH\CodeIgniter.php(892): class_exists('\\App\\Controllers\\CortadorPost', true)
 5 SYSTEMPATH\CodeIgniter.php(486): CodeIgniter\CodeIgniter->startController()
 6 SYSTEMPATH\CodeIgniter.php(368): CodeIgniter\CodeIgniter->handleRequest(null, Object(Config\Cache), false)
 7 FCPATH\index.php(67): CodeIgniter\CodeIgniter->run()
CRITICAL - 2023-08-18 17:49:58 --> syntax error, unexpected token "if"
in APPPATH\Controllers\CortadorPost.php on line 319.
 1 SYSTEMPATH\Autoloader\Autoloader.php(289): CodeIgniter\Autoloader\Autoloader->includeFile('C:\\xampp\\htdocs\\codi\\app\\Controllers\\CortadorPost.php')
 2 SYSTEMPATH\Autoloader\Autoloader.php(267): CodeIgniter\Autoloader\Autoloader->loadInNamespace('App\\Controllers\\CortadorPost')
 3 [internal function]: CodeIgniter\Autoloader\Autoloader->loadClass('App\\Controllers\\CortadorPost')
 4 SYSTEMPATH\CodeIgniter.php(892): class_exists('\\App\\Controllers\\CortadorPost', true)
 5 SYSTEMPATH\CodeIgniter.php(486): CodeIgniter\CodeIgniter->startController()
 6 SYSTEMPATH\CodeIgniter.php(368): CodeIgniter\CodeIgniter->handleRequest(null, Object(Config\Cache), false)
 7 FCPATH\index.php(67): CodeIgniter\CodeIgniter->run()
CRITICAL - 2023-08-18 17:49:59 --> syntax error, unexpected token "if"
in APPPATH\Controllers\CortadorPost.php on line 319.
 1 SYSTEMPATH\Autoloader\Autoloader.php(289): CodeIgniter\Autoloader\Autoloader->includeFile('C:\\xampp\\htdocs\\codi\\app\\Controllers\\CortadorPost.php')
 2 SYSTEMPATH\Autoloader\Autoloader.php(267): CodeIgniter\Autoloader\Autoloader->loadInNamespace('App\\Controllers\\CortadorPost')
 3 [internal function]: CodeIgniter\Autoloader\Autoloader->loadClass('App\\Controllers\\CortadorPost')
 4 SYSTEMPATH\CodeIgniter.php(892): class_exists('\\App\\Controllers\\CortadorPost', true)
 5 SYSTEMPATH\CodeIgniter.php(486): CodeIgniter\CodeIgniter->startController()
 6 SYSTEMPATH\CodeIgniter.php(368): CodeIgniter\CodeIgniter->handleRequest(null, Object(Config\Cache), false)
 7 FCPATH\index.php(67): CodeIgniter\CodeIgniter->run()
CRITICAL - 2023-08-18 17:50:00 --> syntax error, unexpected token "if"
in APPPATH\Controllers\CortadorPost.php on line 319.
 1 SYSTEMPATH\Autoloader\Autoloader.php(289): CodeIgniter\Autoloader\Autoloader->includeFile('C:\\xampp\\htdocs\\codi\\app\\Controllers\\CortadorPost.php')
 2 SYSTEMPATH\Autoloader\Autoloader.php(267): CodeIgniter\Autoloader\Autoloader->loadInNamespace('App\\Controllers\\CortadorPost')
 3 [internal function]: CodeIgniter\Autoloader\Autoloader->loadClass('App\\Controllers\\CortadorPost')
 4 SYSTEMPATH\CodeIgniter.php(892): class_exists('\\App\\Controllers\\CortadorPost', true)
 5 SYSTEMPATH\CodeIgniter.php(486): CodeIgniter\CodeIgniter->startController()
 6 SYSTEMPATH\CodeIgniter.php(368): CodeIgniter\CodeIgniter->handleRequest(null, Object(Config\Cache), false)
 7 FCPATH\index.php(67): CodeIgniter\CodeIgniter->run()
CRITICAL - 2023-08-18 17:50:01 --> syntax error, unexpected token "if"
in APPPATH\Controllers\CortadorPost.php on line 319.
 1 SYSTEMPATH\Autoloader\Autoloader.php(289): CodeIgniter\Autoloader\Autoloader->includeFile('C:\\xampp\\htdocs\\codi\\app\\Controllers\\CortadorPost.php')
 2 SYSTEMPATH\Autoloader\Autoloader.php(267): CodeIgniter\Autoloader\Autoloader->loadInNamespace('App\\Controllers\\CortadorPost')
 3 [internal function]: CodeIgniter\Autoloader\Autoloader->loadClass('App\\Controllers\\CortadorPost')
 4 SYSTEMPATH\CodeIgniter.php(892): class_exists('\\App\\Controllers\\CortadorPost', true)
 5 SYSTEMPATH\CodeIgniter.php(486): CodeIgniter\CodeIgniter->startController()
 6 SYSTEMPATH\CodeIgniter.php(368): CodeIgniter\CodeIgniter->handleRequest(null, Object(Config\Cache), false)
 7 FCPATH\index.php(67): CodeIgniter\CodeIgniter->run()
CRITICAL - 2023-08-18 17:50:02 --> syntax error, unexpected token "if"
in APPPATH\Controllers\CortadorPost.php on line 319.
 1 SYSTEMPATH\Autoloader\Autoloader.php(289): CodeIgniter\Autoloader\Autoloader->includeFile('C:\\xampp\\htdocs\\codi\\app\\Controllers\\CortadorPost.php')
 2 SYSTEMPATH\Autoloader\Autoloader.php(267): CodeIgniter\Autoloader\Autoloader->loadInNamespace('App\\Controllers\\CortadorPost')
 3 [internal function]: CodeIgniter\Autoloader\Autoloader->loadClass('App\\Controllers\\CortadorPost')
 4 SYSTEMPATH\CodeIgniter.php(892): class_exists('\\App\\Controllers\\CortadorPost', true)
 5 SYSTEMPATH\CodeIgniter.php(486): CodeIgniter\CodeIgniter->startController()
 6 SYSTEMPATH\CodeIgniter.php(368): CodeIgniter\CodeIgniter->handleRequest(null, Object(Config\Cache), false)
 7 FCPATH\index.php(67): CodeIgniter\CodeIgniter->run()
CRITICAL - 2023-08-18 17:50:03 --> syntax error, unexpected token "if"
in APPPATH\Controllers\CortadorPost.php on line 319.
 1 SYSTEMPATH\Autoloader\Autoloader.php(289): CodeIgniter\Autoloader\Autoloader->includeFile('C:\\xampp\\htdocs\\codi\\app\\Controllers\\CortadorPost.php')
 2 SYSTEMPATH\Autoloader\Autoloader.php(267): CodeIgniter\Autoloader\Autoloader->loadInNamespace('App\\Controllers\\CortadorPost')
 3 [internal function]: CodeIgniter\Autoloader\Autoloader->loadClass('App\\Controllers\\CortadorPost')
 4 SYSTEMPATH\CodeIgniter.php(892): class_exists('\\App\\Controllers\\CortadorPost', true)
 5 SYSTEMPATH\CodeIgniter.php(486): CodeIgniter\CodeIgniter->startController()
 6 SYSTEMPATH\CodeIgniter.php(368): CodeIgniter\CodeIgniter->handleRequest(null, Object(Config\Cache), false)
 7 FCPATH\index.php(67): CodeIgniter\CodeIgniter->run()
CRITICAL - 2023-08-18 17:50:04 --> syntax error, unexpected token "if"
in APPPATH\Controllers\CortadorPost.php on line 319.
 1 SYSTEMPATH\Autoloader\Autoloader.php(289): CodeIgniter\Autoloader\Autoloader->includeFile('C:\\xampp\\htdocs\\codi\\app\\Controllers\\CortadorPost.php')
 2 SYSTEMPATH\Autoloader\Autoloader.php(267): CodeIgniter\Autoloader\Autoloader->loadInNamespace('App\\Controllers\\CortadorPost')
 3 [internal function]: CodeIgniter\Autoloader\Autoloader->loadClass('App\\Controllers\\CortadorPost')
 4 SYSTEMPATH\CodeIgniter.php(892): class_exists('\\App\\Controllers\\CortadorPost', true)
 5 SYSTEMPATH\CodeIgniter.php(486): CodeIgniter\CodeIgniter->startController()
 6 SYSTEMPATH\CodeIgniter.php(368): CodeIgniter\CodeIgniter->handleRequest(null, Object(Config\Cache), false)
 7 FCPATH\index.php(67): CodeIgniter\CodeIgniter->run()
CRITICAL - 2023-08-18 17:50:05 --> syntax error, unexpected token "if"
in APPPATH\Controllers\CortadorPost.php on line 319.
 1 SYSTEMPATH\Autoloader\Autoloader.php(289): CodeIgniter\Autoloader\Autoloader->includeFile('C:\\xampp\\htdocs\\codi\\app\\Controllers\\CortadorPost.php')
 2 SYSTEMPATH\Autoloader\Autoloader.php(267): CodeIgniter\Autoloader\Autoloader->loadInNamespace('App\\Controllers\\CortadorPost')
 3 [internal function]: CodeIgniter\Autoloader\Autoloader->loadClass('App\\Controllers\\CortadorPost')
 4 SYSTEMPATH\CodeIgniter.php(892): class_exists('\\App\\Controllers\\CortadorPost', true)
 5 SYSTEMPATH\CodeIgniter.php(486): CodeIgniter\CodeIgniter->startController()
 6 SYSTEMPATH\CodeIgniter.php(368): CodeIgniter\CodeIgniter->handleRequest(null, Object(Config\Cache), false)
 7 FCPATH\index.php(67): CodeIgniter\CodeIgniter->run()
CRITICAL - 2023-08-18 17:50:06 --> syntax error, unexpected token "if"
in APPPATH\Controllers\CortadorPost.php on line 319.
 1 SYSTEMPATH\Autoloader\Autoloader.php(289): CodeIgniter\Autoloader\Autoloader->includeFile('C:\\xampp\\htdocs\\codi\\app\\Controllers\\CortadorPost.php')
 2 SYSTEMPATH\Autoloader\Autoloader.php(267): CodeIgniter\Autoloader\Autoloader->loadInNamespace('App\\Controllers\\CortadorPost')
 3 [internal function]: CodeIgniter\Autoloader\Autoloader->loadClass('App\\Controllers\\CortadorPost')
 4 SYSTEMPATH\CodeIgniter.php(892): class_exists('\\App\\Controllers\\CortadorPost', true)
 5 SYSTEMPATH\CodeIgniter.php(486): CodeIgniter\CodeIgniter->startController()
 6 SYSTEMPATH\CodeIgniter.php(368): CodeIgniter\CodeIgniter->handleRequest(null, Object(Config\Cache), false)
 7 FCPATH\index.php(67): CodeIgniter\CodeIgniter->run()
CRITICAL - 2023-08-18 17:50:07 --> syntax error, unexpected token "if"
in APPPATH\Controllers\CortadorPost.php on line 319.
 1 SYSTEMPATH\Autoloader\Autoloader.php(289): CodeIgniter\Autoloader\Autoloader->includeFile('C:\\xampp\\htdocs\\codi\\app\\Controllers\\CortadorPost.php')
 2 SYSTEMPATH\Autoloader\Autoloader.php(267): CodeIgniter\Autoloader\Autoloader->loadInNamespace('App\\Controllers\\CortadorPost')
 3 [internal function]: CodeIgniter\Autoloader\Autoloader->loadClass('App\\Controllers\\CortadorPost')
 4 SYSTEMPATH\CodeIgniter.php(892): class_exists('\\App\\Controllers\\CortadorPost', true)
 5 SYSTEMPATH\CodeIgniter.php(486): CodeIgniter\CodeIgniter->startController()
 6 SYSTEMPATH\CodeIgniter.php(368): CodeIgniter\CodeIgniter->handleRequest(null, Object(Config\Cache), false)
 7 FCPATH\index.php(67): CodeIgniter\CodeIgniter->run()
CRITICAL - 2023-08-18 17:50:08 --> syntax error, unexpected token "if"
in APPPATH\Controllers\CortadorPost.php on line 319.
 1 SYSTEMPATH\Autoloader\Autoloader.php(289): CodeIgniter\Autoloader\Autoloader->includeFile('C:\\xampp\\htdocs\\codi\\app\\Controllers\\CortadorPost.php')
 2 SYSTEMPATH\Autoloader\Autoloader.php(267): CodeIgniter\Autoloader\Autoloader->loadInNamespace('App\\Controllers\\CortadorPost')
 3 [internal function]: CodeIgniter\Autoloader\Autoloader->loadClass('App\\Controllers\\CortadorPost')
 4 SYSTEMPATH\CodeIgniter.php(892): class_exists('\\App\\Controllers\\CortadorPost', true)
 5 SYSTEMPATH\CodeIgniter.php(486): CodeIgniter\CodeIgniter->startController()
 6 SYSTEMPATH\CodeIgniter.php(368): CodeIgniter\CodeIgniter->handleRequest(null, Object(Config\Cache), false)
 7 FCPATH\index.php(67): CodeIgniter\CodeIgniter->run()
CRITICAL - 2023-08-18 17:50:09 --> syntax error, unexpected token "if"
in APPPATH\Controllers\CortadorPost.php on line 319.
 1 SYSTEMPATH\Autoloader\Autoloader.php(289): CodeIgniter\Autoloader\Autoloader->includeFile('C:\\xampp\\htdocs\\codi\\app\\Controllers\\CortadorPost.php')
 2 SYSTEMPATH\Autoloader\Autoloader.php(267): CodeIgniter\Autoloader\Autoloader->loadInNamespace('App\\Controllers\\CortadorPost')
 3 [internal function]: CodeIgniter\Autoloader\Autoloader->loadClass('App\\Controllers\\CortadorPost')
 4 SYSTEMPATH\CodeIgniter.php(892): class_exists('\\App\\Controllers\\CortadorPost', true)
 5 SYSTEMPATH\CodeIgniter.php(486): CodeIgniter\CodeIgniter->startController()
 6 SYSTEMPATH\CodeIgniter.php(368): CodeIgniter\CodeIgniter->handleRequest(null, Object(Config\Cache), false)
 7 FCPATH\index.php(67): CodeIgniter\CodeIgniter->run()
CRITICAL - 2023-08-18 17:50:10 --> syntax error, unexpected token "if"
in APPPATH\Controllers\CortadorPost.php on line 319.
 1 SYSTEMPATH\Autoloader\Autoloader.php(289): CodeIgniter\Autoloader\Autoloader->includeFile('C:\\xampp\\htdocs\\codi\\app\\Controllers\\CortadorPost.php')
 2 SYSTEMPATH\Autoloader\Autoloader.php(267): CodeIgniter\Autoloader\Autoloader->loadInNamespace('App\\Controllers\\CortadorPost')
 3 [internal function]: CodeIgniter\Autoloader\Autoloader->loadClass('App\\Controllers\\CortadorPost')
 4 SYSTEMPATH\CodeIgniter.php(892): class_exists('\\App\\Controllers\\CortadorPost', true)
 5 SYSTEMPATH\CodeIgniter.php(486): CodeIgniter\CodeIgniter->startController()
 6 SYSTEMPATH\CodeIgniter.php(368): CodeIgniter\CodeIgniter->handleRequest(null, Object(Config\Cache), false)
 7 FCPATH\index.php(67): CodeIgniter\CodeIgniter->run()
CRITICAL - 2023-08-18 17:50:11 --> syntax error, unexpected token "if"
in APPPATH\Controllers\CortadorPost.php on line 319.
 1 SYSTEMPATH\Autoloader\Autoloader.php(289): CodeIgniter\Autoloader\Autoloader->includeFile('C:\\xampp\\htdocs\\codi\\app\\Controllers\\CortadorPost.php')
 2 SYSTEMPATH\Autoloader\Autoloader.php(267): CodeIgniter\Autoloader\Autoloader->loadInNamespace('App\\Controllers\\CortadorPost')
 3 [internal function]: CodeIgniter\Autoloader\Autoloader->loadClass('App\\Controllers\\CortadorPost')
 4 SYSTEMPATH\CodeIgniter.php(892): class_exists('\\App\\Controllers\\CortadorPost', true)
 5 SYSTEMPATH\CodeIgniter.php(486): CodeIgniter\CodeIgniter->startController()
 6 SYSTEMPATH\CodeIgniter.php(368): CodeIgniter\CodeIgniter->handleRequest(null, Object(Config\Cache), false)
 7 FCPATH\index.php(67): CodeIgniter\CodeIgniter->run()
CRITICAL - 2023-08-18 17:50:12 --> syntax error, unexpected token "if"
in APPPATH\Controllers\CortadorPost.php on line 319.
 1 SYSTEMPATH\Autoloader\Autoloader.php(289): CodeIgniter\Autoloader\Autoloader->includeFile('C:\\xampp\\htdocs\\codi\\app\\Controllers\\CortadorPost.php')
 2 SYSTEMPATH\Autoloader\Autoloader.php(267): CodeIgniter\Autoloader\Autoloader->loadInNamespace('App\\Controllers\\CortadorPost')
 3 [internal function]: CodeIgniter\Autoloader\Autoloader->loadClass('App\\Controllers\\CortadorPost')
 4 SYSTEMPATH\CodeIgniter.php(892): class_exists('\\App\\Controllers\\CortadorPost', true)
 5 SYSTEMPATH\CodeIgniter.php(486): CodeIgniter\CodeIgniter->startController()
 6 SYSTEMPATH\CodeIgniter.php(368): CodeIgniter\CodeIgniter->handleRequest(null, Object(Config\Cache), false)
 7 FCPATH\index.php(67): CodeIgniter\CodeIgniter->run()
CRITICAL - 2023-08-18 17:50:13 --> syntax error, unexpected token "if"
in APPPATH\Controllers\CortadorPost.php on line 319.
 1 SYSTEMPATH\Autoloader\Autoloader.php(289): CodeIgniter\Autoloader\Autoloader->includeFile('C:\\xampp\\htdocs\\codi\\app\\Controllers\\CortadorPost.php')
 2 SYSTEMPATH\Autoloader\Autoloader.php(267): CodeIgniter\Autoloader\Autoloader->loadInNamespace('App\\Controllers\\CortadorPost')
 3 [internal function]: CodeIgniter\Autoloader\Autoloader->loadClass('App\\Controllers\\CortadorPost')
 4 SYSTEMPATH\CodeIgniter.php(892): class_exists('\\App\\Controllers\\CortadorPost', true)
 5 SYSTEMPATH\CodeIgniter.php(486): CodeIgniter\CodeIgniter->startController()
 6 SYSTEMPATH\CodeIgniter.php(368): CodeIgniter\CodeIgniter->handleRequest(null, Object(Config\Cache), false)
 7 FCPATH\index.php(67): CodeIgniter\CodeIgniter->run()
CRITICAL - 2023-08-18 17:50:14 --> syntax error, unexpected token "if"
in APPPATH\Controllers\CortadorPost.php on line 319.
 1 SYSTEMPATH\Autoloader\Autoloader.php(289): CodeIgniter\Autoloader\Autoloader->includeFile('C:\\xampp\\htdocs\\codi\\app\\Controllers\\CortadorPost.php')
 2 SYSTEMPATH\Autoloader\Autoloader.php(267): CodeIgniter\Autoloader\Autoloader->loadInNamespace('App\\Controllers\\CortadorPost')
 3 [internal function]: CodeIgniter\Autoloader\Autoloader->loadClass('App\\Controllers\\CortadorPost')
 4 SYSTEMPATH\CodeIgniter.php(892): class_exists('\\App\\Controllers\\CortadorPost', true)
 5 SYSTEMPATH\CodeIgniter.php(486): CodeIgniter\CodeIgniter->startController()
 6 SYSTEMPATH\CodeIgniter.php(368): CodeIgniter\CodeIgniter->handleRequest(null, Object(Config\Cache), false)
 7 FCPATH\index.php(67): CodeIgniter\CodeIgniter->run()
CRITICAL - 2023-08-18 17:50:15 --> syntax error, unexpected token "if"
in APPPATH\Controllers\CortadorPost.php on line 319.
 1 SYSTEMPATH\Autoloader\Autoloader.php(289): CodeIgniter\Autoloader\Autoloader->includeFile('C:\\xampp\\htdocs\\codi\\app\\Controllers\\CortadorPost.php')
 2 SYSTEMPATH\Autoloader\Autoloader.php(267): CodeIgniter\Autoloader\Autoloader->loadInNamespace('App\\Controllers\\CortadorPost')
 3 [internal function]: CodeIgniter\Autoloader\Autoloader->loadClass('App\\Controllers\\CortadorPost')
 4 SYSTEMPATH\CodeIgniter.php(892): class_exists('\\App\\Controllers\\CortadorPost', true)
 5 SYSTEMPATH\CodeIgniter.php(486): CodeIgniter\CodeIgniter->startController()
 6 SYSTEMPATH\CodeIgniter.php(368): CodeIgniter\CodeIgniter->handleRequest(null, Object(Config\Cache), false)
 7 FCPATH\index.php(67): CodeIgniter\CodeIgniter->run()
CRITICAL - 2023-08-18 17:50:16 --> syntax error, unexpected token "if"
in APPPATH\Controllers\CortadorPost.php on line 319.
 1 SYSTEMPATH\Autoloader\Autoloader.php(289): CodeIgniter\Autoloader\Autoloader->includeFile('C:\\xampp\\htdocs\\codi\\app\\Controllers\\CortadorPost.php')
 2 SYSTEMPATH\Autoloader\Autoloader.php(267): CodeIgniter\Autoloader\Autoloader->loadInNamespace('App\\Controllers\\CortadorPost')
 3 [internal function]: CodeIgniter\Autoloader\Autoloader->loadClass('App\\Controllers\\CortadorPost')
 4 SYSTEMPATH\CodeIgniter.php(892): class_exists('\\App\\Controllers\\CortadorPost', true)
 5 SYSTEMPATH\CodeIgniter.php(486): CodeIgniter\CodeIgniter->startController()
 6 SYSTEMPATH\CodeIgniter.php(368): CodeIgniter\CodeIgniter->handleRequest(null, Object(Config\Cache), false)
 7 FCPATH\index.php(67): CodeIgniter\CodeIgniter->run()
CRITICAL - 2023-08-18 17:50:17 --> syntax error, unexpected token "if"
in APPPATH\Controllers\CortadorPost.php on line 319.
 1 SYSTEMPATH\Autoloader\Autoloader.php(289): CodeIgniter\Autoloader\Autoloader->includeFile('C:\\xampp\\htdocs\\codi\\app\\Controllers\\CortadorPost.php')
 2 SYSTEMPATH\Autoloader\Autoloader.php(267): CodeIgniter\Autoloader\Autoloader->loadInNamespace('App\\Controllers\\CortadorPost')
 3 [internal function]: CodeIgniter\Autoloader\Autoloader->loadClass('App\\Controllers\\CortadorPost')
 4 SYSTEMPATH\CodeIgniter.php(892): class_exists('\\App\\Controllers\\CortadorPost', true)
 5 SYSTEMPATH\CodeIgniter.php(486): CodeIgniter\CodeIgniter->startController()
 6 SYSTEMPATH\CodeIgniter.php(368): CodeIgniter\CodeIgniter->handleRequest(null, Object(Config\Cache), false)
 7 FCPATH\index.php(67): CodeIgniter\CodeIgniter->run()
CRITICAL - 2023-08-18 17:50:18 --> syntax error, unexpected token "if"
in APPPATH\Controllers\CortadorPost.php on line 319.
 1 SYSTEMPATH\Autoloader\Autoloader.php(289): CodeIgniter\Autoloader\Autoloader->includeFile('C:\\xampp\\htdocs\\codi\\app\\Controllers\\CortadorPost.php')
 2 SYSTEMPATH\Autoloader\Autoloader.php(267): CodeIgniter\Autoloader\Autoloader->loadInNamespace('App\\Controllers\\CortadorPost')
 3 [internal function]: CodeIgniter\Autoloader\Autoloader->loadClass('App\\Controllers\\CortadorPost')
 4 SYSTEMPATH\CodeIgniter.php(892): class_exists('\\App\\Controllers\\CortadorPost', true)
 5 SYSTEMPATH\CodeIgniter.php(486): CodeIgniter\CodeIgniter->startController()
 6 SYSTEMPATH\CodeIgniter.php(368): CodeIgniter\CodeIgniter->handleRequest(null, Object(Config\Cache), false)
 7 FCPATH\index.php(67): CodeIgniter\CodeIgniter->run()
CRITICAL - 2023-08-18 17:50:19 --> syntax error, unexpected token "if"
in APPPATH\Controllers\CortadorPost.php on line 319.
 1 SYSTEMPATH\Autoloader\Autoloader.php(289): CodeIgniter\Autoloader\Autoloader->includeFile('C:\\xampp\\htdocs\\codi\\app\\Controllers\\CortadorPost.php')
 2 SYSTEMPATH\Autoloader\Autoloader.php(267): CodeIgniter\Autoloader\Autoloader->loadInNamespace('App\\Controllers\\CortadorPost')
 3 [internal function]: CodeIgniter\Autoloader\Autoloader->loadClass('App\\Controllers\\CortadorPost')
 4 SYSTEMPATH\CodeIgniter.php(892): class_exists('\\App\\Controllers\\CortadorPost', true)
 5 SYSTEMPATH\CodeIgniter.php(486): CodeIgniter\CodeIgniter->startController()
 6 SYSTEMPATH\CodeIgniter.php(368): CodeIgniter\CodeIgniter->handleRequest(null, Object(Config\Cache), false)
 7 FCPATH\index.php(67): CodeIgniter\CodeIgniter->run()
CRITICAL - 2023-08-18 17:50:20 --> syntax error, unexpected token "if"
in APPPATH\Controllers\CortadorPost.php on line 319.
 1 SYSTEMPATH\Autoloader\Autoloader.php(289): CodeIgniter\Autoloader\Autoloader->includeFile('C:\\xampp\\htdocs\\codi\\app\\Controllers\\CortadorPost.php')
 2 SYSTEMPATH\Autoloader\Autoloader.php(267): CodeIgniter\Autoloader\Autoloader->loadInNamespace('App\\Controllers\\CortadorPost')
 3 [internal function]: CodeIgniter\Autoloader\Autoloader->loadClass('App\\Controllers\\CortadorPost')
 4 SYSTEMPATH\CodeIgniter.php(892): class_exists('\\App\\Controllers\\CortadorPost', true)
 5 SYSTEMPATH\CodeIgniter.php(486): CodeIgniter\CodeIgniter->startController()
 6 SYSTEMPATH\CodeIgniter.php(368): CodeIgniter\CodeIgniter->handleRequest(null, Object(Config\Cache), false)
 7 FCPATH\index.php(67): CodeIgniter\CodeIgniter->run()
CRITICAL - 2023-08-18 17:50:21 --> syntax error, unexpected token "if"
in APPPATH\Controllers\CortadorPost.php on line 319.
 1 SYSTEMPATH\Autoloader\Autoloader.php(289): CodeIgniter\Autoloader\Autoloader->includeFile('C:\\xampp\\htdocs\\codi\\app\\Controllers\\CortadorPost.php')
 2 SYSTEMPATH\Autoloader\Autoloader.php(267): CodeIgniter\Autoloader\Autoloader->loadInNamespace('App\\Controllers\\CortadorPost')
 3 [internal function]: CodeIgniter\Autoloader\Autoloader->loadClass('App\\Controllers\\CortadorPost')
 4 SYSTEMPATH\CodeIgniter.php(892): class_exists('\\App\\Controllers\\CortadorPost', true)
 5 SYSTEMPATH\CodeIgniter.php(486): CodeIgniter\CodeIgniter->startController()
 6 SYSTEMPATH\CodeIgniter.php(368): CodeIgniter\CodeIgniter->handleRequest(null, Object(Config\Cache), false)
 7 FCPATH\index.php(67): CodeIgniter\CodeIgniter->run()
CRITICAL - 2023-08-18 17:50:22 --> syntax error, unexpected token "if"
in APPPATH\Controllers\CortadorPost.php on line 319.
 1 SYSTEMPATH\Autoloader\Autoloader.php(289): CodeIgniter\Autoloader\Autoloader->includeFile('C:\\xampp\\htdocs\\codi\\app\\Controllers\\CortadorPost.php')
 2 SYSTEMPATH\Autoloader\Autoloader.php(267): CodeIgniter\Autoloader\Autoloader->loadInNamespace('App\\Controllers\\CortadorPost')
 3 [internal function]: CodeIgniter\Autoloader\Autoloader->loadClass('App\\Controllers\\CortadorPost')
 4 SYSTEMPATH\CodeIgniter.php(892): class_exists('\\App\\Controllers\\CortadorPost', true)
 5 SYSTEMPATH\CodeIgniter.php(486): CodeIgniter\CodeIgniter->startController()
 6 SYSTEMPATH\CodeIgniter.php(368): CodeIgniter\CodeIgniter->handleRequest(null, Object(Config\Cache), false)
 7 FCPATH\index.php(67): CodeIgniter\CodeIgniter->run()
CRITICAL - 2023-08-18 17:50:23 --> syntax error, unexpected token "if"
in APPPATH\Controllers\CortadorPost.php on line 319.
 1 SYSTEMPATH\Autoloader\Autoloader.php(289): CodeIgniter\Autoloader\Autoloader->includeFile('C:\\xampp\\htdocs\\codi\\app\\Controllers\\CortadorPost.php')
 2 SYSTEMPATH\Autoloader\Autoloader.php(267): CodeIgniter\Autoloader\Autoloader->loadInNamespace('App\\Controllers\\CortadorPost')
 3 [internal function]: CodeIgniter\Autoloader\Autoloader->loadClass('App\\Controllers\\CortadorPost')
 4 SYSTEMPATH\CodeIgniter.php(892): class_exists('\\App\\Controllers\\CortadorPost', true)
 5 SYSTEMPATH\CodeIgniter.php(486): CodeIgniter\CodeIgniter->startController()
 6 SYSTEMPATH\CodeIgniter.php(368): CodeIgniter\CodeIgniter->handleRequest(null, Object(Config\Cache), false)
 7 FCPATH\index.php(67): CodeIgniter\CodeIgniter->run()
CRITICAL - 2023-08-18 17:50:24 --> syntax error, unexpected token "if"
in APPPATH\Controllers\CortadorPost.php on line 319.
 1 SYSTEMPATH\Autoloader\Autoloader.php(289): CodeIgniter\Autoloader\Autoloader->includeFile('C:\\xampp\\htdocs\\codi\\app\\Controllers\\CortadorPost.php')
 2 SYSTEMPATH\Autoloader\Autoloader.php(267): CodeIgniter\Autoloader\Autoloader->loadInNamespace('App\\Controllers\\CortadorPost')
 3 [internal function]: CodeIgniter\Autoloader\Autoloader->loadClass('App\\Controllers\\CortadorPost')
 4 SYSTEMPATH\CodeIgniter.php(892): class_exists('\\App\\Controllers\\CortadorPost', true)
 5 SYSTEMPATH\CodeIgniter.php(486): CodeIgniter\CodeIgniter->startController()
 6 SYSTEMPATH\CodeIgniter.php(368): CodeIgniter\CodeIgniter->handleRequest(null, Object(Config\Cache), false)
 7 FCPATH\index.php(67): CodeIgniter\CodeIgniter->run()
CRITICAL - 2023-08-18 17:50:25 --> syntax error, unexpected token "if"
in APPPATH\Controllers\CortadorPost.php on line 319.
 1 SYSTEMPATH\Autoloader\Autoloader.php(289): CodeIgniter\Autoloader\Autoloader->includeFile('C:\\xampp\\htdocs\\codi\\app\\Controllers\\CortadorPost.php')
 2 SYSTEMPATH\Autoloader\Autoloader.php(267): CodeIgniter\Autoloader\Autoloader->loadInNamespace('App\\Controllers\\CortadorPost')
 3 [internal function]: CodeIgniter\Autoloader\Autoloader->loadClass('App\\Controllers\\CortadorPost')
 4 SYSTEMPATH\CodeIgniter.php(892): class_exists('\\App\\Controllers\\CortadorPost', true)
 5 SYSTEMPATH\CodeIgniter.php(486): CodeIgniter\CodeIgniter->startController()
 6 SYSTEMPATH\CodeIgniter.php(368): CodeIgniter\CodeIgniter->handleRequest(null, Object(Config\Cache), false)
 7 FCPATH\index.php(67): CodeIgniter\CodeIgniter->run()
CRITICAL - 2023-08-18 17:50:26 --> syntax error, unexpected token "if"
in APPPATH\Controllers\CortadorPost.php on line 319.
 1 SYSTEMPATH\Autoloader\Autoloader.php(289): CodeIgniter\Autoloader\Autoloader->includeFile('C:\\xampp\\htdocs\\codi\\app\\Controllers\\CortadorPost.php')
 2 SYSTEMPATH\Autoloader\Autoloader.php(267): CodeIgniter\Autoloader\Autoloader->loadInNamespace('App\\Controllers\\CortadorPost')
 3 [internal function]: CodeIgniter\Autoloader\Autoloader->loadClass('App\\Controllers\\CortadorPost')
 4 SYSTEMPATH\CodeIgniter.php(892): class_exists('\\App\\Controllers\\CortadorPost', true)
 5 SYSTEMPATH\CodeIgniter.php(486): CodeIgniter\CodeIgniter->startController()
 6 SYSTEMPATH\CodeIgniter.php(368): CodeIgniter\CodeIgniter->handleRequest(null, Object(Config\Cache), false)
 7 FCPATH\index.php(67): CodeIgniter\CodeIgniter->run()
CRITICAL - 2023-08-18 17:50:27 --> syntax error, unexpected token "if"
in APPPATH\Controllers\CortadorPost.php on line 319.
 1 SYSTEMPATH\Autoloader\Autoloader.php(289): CodeIgniter\Autoloader\Autoloader->includeFile('C:\\xampp\\htdocs\\codi\\app\\Controllers\\CortadorPost.php')
 2 SYSTEMPATH\Autoloader\Autoloader.php(267): CodeIgniter\Autoloader\Autoloader->loadInNamespace('App\\Controllers\\CortadorPost')
 3 [internal function]: CodeIgniter\Autoloader\Autoloader->loadClass('App\\Controllers\\CortadorPost')
 4 SYSTEMPATH\CodeIgniter.php(892): class_exists('\\App\\Controllers\\CortadorPost', true)
 5 SYSTEMPATH\CodeIgniter.php(486): CodeIgniter\CodeIgniter->startController()
 6 SYSTEMPATH\CodeIgniter.php(368): CodeIgniter\CodeIgniter->handleRequest(null, Object(Config\Cache), false)
 7 FCPATH\index.php(67): CodeIgniter\CodeIgniter->run()
CRITICAL - 2023-08-18 17:50:28 --> syntax error, unexpected token "if"
in APPPATH\Controllers\CortadorPost.php on line 319.
 1 SYSTEMPATH\Autoloader\Autoloader.php(289): CodeIgniter\Autoloader\Autoloader->includeFile('C:\\xampp\\htdocs\\codi\\app\\Controllers\\CortadorPost.php')
 2 SYSTEMPATH\Autoloader\Autoloader.php(267): CodeIgniter\Autoloader\Autoloader->loadInNamespace('App\\Controllers\\CortadorPost')
 3 [internal function]: CodeIgniter\Autoloader\Autoloader->loadClass('App\\Controllers\\CortadorPost')
 4 SYSTEMPATH\CodeIgniter.php(892): class_exists('\\App\\Controllers\\CortadorPost', true)
 5 SYSTEMPATH\CodeIgniter.php(486): CodeIgniter\CodeIgniter->startController()
 6 SYSTEMPATH\CodeIgniter.php(368): CodeIgniter\CodeIgniter->handleRequest(null, Object(Config\Cache), false)
 7 FCPATH\index.php(67): CodeIgniter\CodeIgniter->run()
CRITICAL - 2023-08-18 17:50:29 --> syntax error, unexpected token "if"
in APPPATH\Controllers\CortadorPost.php on line 319.
 1 SYSTEMPATH\Autoloader\Autoloader.php(289): CodeIgniter\Autoloader\Autoloader->includeFile('C:\\xampp\\htdocs\\codi\\app\\Controllers\\CortadorPost.php')
 2 SYSTEMPATH\Autoloader\Autoloader.php(267): CodeIgniter\Autoloader\Autoloader->loadInNamespace('App\\Controllers\\CortadorPost')
 3 [internal function]: CodeIgniter\Autoloader\Autoloader->loadClass('App\\Controllers\\CortadorPost')
 4 SYSTEMPATH\CodeIgniter.php(892): class_exists('\\App\\Controllers\\CortadorPost', true)
 5 SYSTEMPATH\CodeIgniter.php(486): CodeIgniter\CodeIgniter->startController()
 6 SYSTEMPATH\CodeIgniter.php(368): CodeIgniter\CodeIgniter->handleRequest(null, Object(Config\Cache), false)
 7 FCPATH\index.php(67): CodeIgniter\CodeIgniter->run()
CRITICAL - 2023-08-18 17:50:30 --> syntax error, unexpected token "if"
in APPPATH\Controllers\CortadorPost.php on line 319.
 1 SYSTEMPATH\Autoloader\Autoloader.php(289): CodeIgniter\Autoloader\Autoloader->includeFile('C:\\xampp\\htdocs\\codi\\app\\Controllers\\CortadorPost.php')
 2 SYSTEMPATH\Autoloader\Autoloader.php(267): CodeIgniter\Autoloader\Autoloader->loadInNamespace('App\\Controllers\\CortadorPost')
 3 [internal function]: CodeIgniter\Autoloader\Autoloader->loadClass('App\\Controllers\\CortadorPost')
 4 SYSTEMPATH\CodeIgniter.php(892): class_exists('\\App\\Controllers\\CortadorPost', true)
 5 SYSTEMPATH\CodeIgniter.php(486): CodeIgniter\CodeIgniter->startController()
 6 SYSTEMPATH\CodeIgniter.php(368): CodeIgniter\CodeIgniter->handleRequest(null, Object(Config\Cache), false)
 7 FCPATH\index.php(67): CodeIgniter\CodeIgniter->run()
CRITICAL - 2023-08-18 17:50:31 --> syntax error, unexpected token "if"
in APPPATH\Controllers\CortadorPost.php on line 319.
 1 SYSTEMPATH\Autoloader\Autoloader.php(289): CodeIgniter\Autoloader\Autoloader->includeFile('C:\\xampp\\htdocs\\codi\\app\\Controllers\\CortadorPost.php')
 2 SYSTEMPATH\Autoloader\Autoloader.php(267): CodeIgniter\Autoloader\Autoloader->loadInNamespace('App\\Controllers\\CortadorPost')
 3 [internal function]: CodeIgniter\Autoloader\Autoloader->loadClass('App\\Controllers\\CortadorPost')
 4 SYSTEMPATH\CodeIgniter.php(892): class_exists('\\App\\Controllers\\CortadorPost', true)
 5 SYSTEMPATH\CodeIgniter.php(486): CodeIgniter\CodeIgniter->startController()
 6 SYSTEMPATH\CodeIgniter.php(368): CodeIgniter\CodeIgniter->handleRequest(null, Object(Config\Cache), false)
 7 FCPATH\index.php(67): CodeIgniter\CodeIgniter->run()
CRITICAL - 2023-08-18 17:50:32 --> syntax error, unexpected token "if"
in APPPATH\Controllers\CortadorPost.php on line 319.
 1 SYSTEMPATH\Autoloader\Autoloader.php(289): CodeIgniter\Autoloader\Autoloader->includeFile('C:\\xampp\\htdocs\\codi\\app\\Controllers\\CortadorPost.php')
 2 SYSTEMPATH\Autoloader\Autoloader.php(267): CodeIgniter\Autoloader\Autoloader->loadInNamespace('App\\Controllers\\CortadorPost')
 3 [internal function]: CodeIgniter\Autoloader\Autoloader->loadClass('App\\Controllers\\CortadorPost')
 4 SYSTEMPATH\CodeIgniter.php(892): class_exists('\\App\\Controllers\\CortadorPost', true)
 5 SYSTEMPATH\CodeIgniter.php(486): CodeIgniter\CodeIgniter->startController()
 6 SYSTEMPATH\CodeIgniter.php(368): CodeIgniter\CodeIgniter->handleRequest(null, Object(Config\Cache), false)
 7 FCPATH\index.php(67): CodeIgniter\CodeIgniter->run()
CRITICAL - 2023-08-18 17:50:33 --> syntax error, unexpected token "if"
in APPPATH\Controllers\CortadorPost.php on line 319.
 1 SYSTEMPATH\Autoloader\Autoloader.php(289): CodeIgniter\Autoloader\Autoloader->includeFile('C:\\xampp\\htdocs\\codi\\app\\Controllers\\CortadorPost.php')
 2 SYSTEMPATH\Autoloader\Autoloader.php(267): CodeIgniter\Autoloader\Autoloader->loadInNamespace('App\\Controllers\\CortadorPost')
 3 [internal function]: CodeIgniter\Autoloader\Autoloader->loadClass('App\\Controllers\\CortadorPost')
 4 SYSTEMPATH\CodeIgniter.php(892): class_exists('\\App\\Controllers\\CortadorPost', true)
 5 SYSTEMPATH\CodeIgniter.php(486): CodeIgniter\CodeIgniter->startController()
 6 SYSTEMPATH\CodeIgniter.php(368): CodeIgniter\CodeIgniter->handleRequest(null, Object(Config\Cache), false)
 7 FCPATH\index.php(67): CodeIgniter\CodeIgniter->run()
CRITICAL - 2023-08-18 17:50:34 --> syntax error, unexpected token "if"
in APPPATH\Controllers\CortadorPost.php on line 319.
 1 SYSTEMPATH\Autoloader\Autoloader.php(289): CodeIgniter\Autoloader\Autoloader->includeFile('C:\\xampp\\htdocs\\codi\\app\\Controllers\\CortadorPost.php')
 2 SYSTEMPATH\Autoloader\Autoloader.php(267): CodeIgniter\Autoloader\Autoloader->loadInNamespace('App\\Controllers\\CortadorPost')
 3 [internal function]: CodeIgniter\Autoloader\Autoloader->loadClass('App\\Controllers\\CortadorPost')
 4 SYSTEMPATH\CodeIgniter.php(892): class_exists('\\App\\Controllers\\CortadorPost', true)
 5 SYSTEMPATH\CodeIgniter.php(486): CodeIgniter\CodeIgniter->startController()
 6 SYSTEMPATH\CodeIgniter.php(368): CodeIgniter\CodeIgniter->handleRequest(null, Object(Config\Cache), false)
 7 FCPATH\index.php(67): CodeIgniter\CodeIgniter->run()
CRITICAL - 2023-08-18 17:50:35 --> syntax error, unexpected token "if"
in APPPATH\Controllers\CortadorPost.php on line 319.
 1 SYSTEMPATH\Autoloader\Autoloader.php(289): CodeIgniter\Autoloader\Autoloader->includeFile('C:\\xampp\\htdocs\\codi\\app\\Controllers\\CortadorPost.php')
 2 SYSTEMPATH\Autoloader\Autoloader.php(267): CodeIgniter\Autoloader\Autoloader->loadInNamespace('App\\Controllers\\CortadorPost')
 3 [internal function]: CodeIgniter\Autoloader\Autoloader->loadClass('App\\Controllers\\CortadorPost')
 4 SYSTEMPATH\CodeIgniter.php(892): class_exists('\\App\\Controllers\\CortadorPost', true)
 5 SYSTEMPATH\CodeIgniter.php(486): CodeIgniter\CodeIgniter->startController()
 6 SYSTEMPATH\CodeIgniter.php(368): CodeIgniter\CodeIgniter->handleRequest(null, Object(Config\Cache), false)
 7 FCPATH\index.php(67): CodeIgniter\CodeIgniter->run()
CRITICAL - 2023-08-18 17:50:36 --> syntax error, unexpected token "if"
in APPPATH\Controllers\CortadorPost.php on line 319.
 1 SYSTEMPATH\Autoloader\Autoloader.php(289): CodeIgniter\Autoloader\Autoloader->includeFile('C:\\xampp\\htdocs\\codi\\app\\Controllers\\CortadorPost.php')
 2 SYSTEMPATH\Autoloader\Autoloader.php(267): CodeIgniter\Autoloader\Autoloader->loadInNamespace('App\\Controllers\\CortadorPost')
 3 [internal function]: CodeIgniter\Autoloader\Autoloader->loadClass('App\\Controllers\\CortadorPost')
 4 SYSTEMPATH\CodeIgniter.php(892): class_exists('\\App\\Controllers\\CortadorPost', true)
 5 SYSTEMPATH\CodeIgniter.php(486): CodeIgniter\CodeIgniter->startController()
 6 SYSTEMPATH\CodeIgniter.php(368): CodeIgniter\CodeIgniter->handleRequest(null, Object(Config\Cache), false)
 7 FCPATH\index.php(67): CodeIgniter\CodeIgniter->run()
CRITICAL - 2023-08-18 17:50:37 --> syntax error, unexpected token "if"
in APPPATH\Controllers\CortadorPost.php on line 319.
 1 SYSTEMPATH\Autoloader\Autoloader.php(289): CodeIgniter\Autoloader\Autoloader->includeFile('C:\\xampp\\htdocs\\codi\\app\\Controllers\\CortadorPost.php')
 2 SYSTEMPATH\Autoloader\Autoloader.php(267): CodeIgniter\Autoloader\Autoloader->loadInNamespace('App\\Controllers\\CortadorPost')
 3 [internal function]: CodeIgniter\Autoloader\Autoloader->loadClass('App\\Controllers\\CortadorPost')
 4 SYSTEMPATH\CodeIgniter.php(892): class_exists('\\App\\Controllers\\CortadorPost', true)
 5 SYSTEMPATH\CodeIgniter.php(486): CodeIgniter\CodeIgniter->startController()
 6 SYSTEMPATH\CodeIgniter.php(368): CodeIgniter\CodeIgniter->handleRequest(null, Object(Config\Cache), false)
 7 FCPATH\index.php(67): CodeIgniter\CodeIgniter->run()
CRITICAL - 2023-08-18 17:50:38 --> syntax error, unexpected token "if"
in APPPATH\Controllers\CortadorPost.php on line 319.
 1 SYSTEMPATH\Autoloader\Autoloader.php(289): CodeIgniter\Autoloader\Autoloader->includeFile('C:\\xampp\\htdocs\\codi\\app\\Controllers\\CortadorPost.php')
 2 SYSTEMPATH\Autoloader\Autoloader.php(267): CodeIgniter\Autoloader\Autoloader->loadInNamespace('App\\Controllers\\CortadorPost')
 3 [internal function]: CodeIgniter\Autoloader\Autoloader->loadClass('App\\Controllers\\CortadorPost')
 4 SYSTEMPATH\CodeIgniter.php(892): class_exists('\\App\\Controllers\\CortadorPost', true)
 5 SYSTEMPATH\CodeIgniter.php(486): CodeIgniter\CodeIgniter->startController()
 6 SYSTEMPATH\CodeIgniter.php(368): CodeIgniter\CodeIgniter->handleRequest(null, Object(Config\Cache), false)
 7 FCPATH\index.php(67): CodeIgniter\CodeIgniter->run()
CRITICAL - 2023-08-18 17:50:39 --> syntax error, unexpected token "if"
in APPPATH\Controllers\CortadorPost.php on line 319.
 1 SYSTEMPATH\Autoloader\Autoloader.php(289): CodeIgniter\Autoloader\Autoloader->includeFile('C:\\xampp\\htdocs\\codi\\app\\Controllers\\CortadorPost.php')
 2 SYSTEMPATH\Autoloader\Autoloader.php(267): CodeIgniter\Autoloader\Autoloader->loadInNamespace('App\\Controllers\\CortadorPost')
 3 [internal function]: CodeIgniter\Autoloader\Autoloader->loadClass('App\\Controllers\\CortadorPost')
 4 SYSTEMPATH\CodeIgniter.php(892): class_exists('\\App\\Controllers\\CortadorPost', true)
 5 SYSTEMPATH\CodeIgniter.php(486): CodeIgniter\CodeIgniter->startController()
 6 SYSTEMPATH\CodeIgniter.php(368): CodeIgniter\CodeIgniter->handleRequest(null, Object(Config\Cache), false)
 7 FCPATH\index.php(67): CodeIgniter\CodeIgniter->run()
CRITICAL - 2023-08-18 17:50:40 --> syntax error, unexpected token "if"
in APPPATH\Controllers\CortadorPost.php on line 319.
 1 SYSTEMPATH\Autoloader\Autoloader.php(289): CodeIgniter\Autoloader\Autoloader->includeFile('C:\\xampp\\htdocs\\codi\\app\\Controllers\\CortadorPost.php')
 2 SYSTEMPATH\Autoloader\Autoloader.php(267): CodeIgniter\Autoloader\Autoloader->loadInNamespace('App\\Controllers\\CortadorPost')
 3 [internal function]: CodeIgniter\Autoloader\Autoloader->loadClass('App\\Controllers\\CortadorPost')
 4 SYSTEMPATH\CodeIgniter.php(892): class_exists('\\App\\Controllers\\CortadorPost', true)
 5 SYSTEMPATH\CodeIgniter.php(486): CodeIgniter\CodeIgniter->startController()
 6 SYSTEMPATH\CodeIgniter.php(368): CodeIgniter\CodeIgniter->handleRequest(null, Object(Config\Cache), false)
 7 FCPATH\index.php(67): CodeIgniter\CodeIgniter->run()
CRITICAL - 2023-08-18 17:51:39 --> syntax error, unexpected token "if"
in APPPATH\Controllers\CortadorPost.php on line 319.
 1 SYSTEMPATH\Autoloader\Autoloader.php(289): CodeIgniter\Autoloader\Autoloader->includeFile('C:\\xampp\\htdocs\\codi\\app\\Controllers\\CortadorPost.php')
 2 SYSTEMPATH\Autoloader\Autoloader.php(267): CodeIgniter\Autoloader\Autoloader->loadInNamespace('App\\Controllers\\CortadorPost')
 3 [internal function]: CodeIgniter\Autoloader\Autoloader->loadClass('App\\Controllers\\CortadorPost')
 4 SYSTEMPATH\CodeIgniter.php(892): class_exists('\\App\\Controllers\\CortadorPost', true)
 5 SYSTEMPATH\CodeIgniter.php(486): CodeIgniter\CodeIgniter->startController()
 6 SYSTEMPATH\CodeIgniter.php(368): CodeIgniter\CodeIgniter->handleRequest(null, Object(Config\Cache), false)
 7 FCPATH\index.php(67): CodeIgniter\CodeIgniter->run()
CRITICAL - 2023-08-18 17:52:39 --> syntax error, unexpected token "if"
in APPPATH\Controllers\CortadorPost.php on line 319.
 1 SYSTEMPATH\Autoloader\Autoloader.php(289): CodeIgniter\Autoloader\Autoloader->includeFile('C:\\xampp\\htdocs\\codi\\app\\Controllers\\CortadorPost.php')
 2 SYSTEMPATH\Autoloader\Autoloader.php(267): CodeIgniter\Autoloader\Autoloader->loadInNamespace('App\\Controllers\\CortadorPost')
 3 [internal function]: CodeIgniter\Autoloader\Autoloader->loadClass('App\\Controllers\\CortadorPost')
 4 SYSTEMPATH\CodeIgniter.php(892): class_exists('\\App\\Controllers\\CortadorPost', true)
 5 SYSTEMPATH\CodeIgniter.php(486): CodeIgniter\CodeIgniter->startController()
 6 SYSTEMPATH\CodeIgniter.php(368): CodeIgniter\CodeIgniter->handleRequest(null, Object(Config\Cache), false)
 7 FCPATH\index.php(67): CodeIgniter\CodeIgniter->run()
CRITICAL - 2023-08-18 17:53:39 --> syntax error, unexpected identifier "nome"
in APPPATH\Controllers\CortadorPost.php on line 318.
 1 SYSTEMPATH\Autoloader\Autoloader.php(289): CodeIgniter\Autoloader\Autoloader->includeFile('C:\\xampp\\htdocs\\codi\\app\\Controllers\\CortadorPost.php')
 2 SYSTEMPATH\Autoloader\Autoloader.php(267): CodeIgniter\Autoloader\Autoloader->loadInNamespace('App\\Controllers\\CortadorPost')
 3 [internal function]: CodeIgniter\Autoloader\Autoloader->loadClass('App\\Controllers\\CortadorPost')
 4 SYSTEMPATH\CodeIgniter.php(892): class_exists('\\App\\Controllers\\CortadorPost', true)
 5 SYSTEMPATH\CodeIgniter.php(486): CodeIgniter\CodeIgniter->startController()
 6 SYSTEMPATH\CodeIgniter.php(368): CodeIgniter\CodeIgniter->handleRequest(null, Object(Config\Cache), false)
 7 FCPATH\index.php(67): CodeIgniter\CodeIgniter->run()
CRITICAL - 2023-08-18 17:54:39 --> syntax error, unexpected identifier "nome"
in APPPATH\Controllers\CortadorPost.php on line 320.
 1 SYSTEMPATH\Autoloader\Autoloader.php(289): CodeIgniter\Autoloader\Autoloader->includeFile('C:\\xampp\\htdocs\\codi\\app\\Controllers\\CortadorPost.php')
 2 SYSTEMPATH\Autoloader\Autoloader.php(267): CodeIgniter\Autoloader\Autoloader->loadInNamespace('App\\Controllers\\CortadorPost')
 3 [internal function]: CodeIgniter\Autoloader\Autoloader->loadClass('App\\Controllers\\CortadorPost')
 4 SYSTEMPATH\CodeIgniter.php(892): class_exists('\\App\\Controllers\\CortadorPost', true)
 5 SYSTEMPATH\CodeIgniter.php(486): CodeIgniter\CodeIgniter->startController()
 6 SYSTEMPATH\CodeIgniter.php(368): CodeIgniter\CodeIgniter->handleRequest(null, Object(Config\Cache), false)
 7 FCPATH\index.php(67): CodeIgniter\CodeIgniter->run()
CRITICAL - 2023-08-18 17:55:39 --> syntax error, unexpected identifier "nome"
in APPPATH\Controllers\CortadorPost.php on line 320.
 1 SYSTEMPATH\Autoloader\Autoloader.php(289): CodeIgniter\Autoloader\Autoloader->includeFile('C:\\xampp\\htdocs\\codi\\app\\Controllers\\CortadorPost.php')
 2 SYSTEMPATH\Autoloader\Autoloader.php(267): CodeIgniter\Autoloader\Autoloader->loadInNamespace('App\\Controllers\\CortadorPost')
 3 [internal function]: CodeIgniter\Autoloader\Autoloader->loadClass('App\\Controllers\\CortadorPost')
 4 SYSTEMPATH\CodeIgniter.php(892): class_exists('\\App\\Controllers\\CortadorPost', true)
 5 SYSTEMPATH\CodeIgniter.php(486): CodeIgniter\CodeIgniter->startController()
 6 SYSTEMPATH\CodeIgniter.php(368): CodeIgniter\CodeIgniter->handleRequest(null, Object(Config\Cache), false)
 7 FCPATH\index.php(67): CodeIgniter\CodeIgniter->run()
CRITICAL - 2023-08-18 17:56:39 --> syntax error, unexpected variable "$caminho"
in APPPATH\Controllers\CortadorPost.php on line 323.
 1 SYSTEMPATH\Autoloader\Autoloader.php(289): CodeIgniter\Autoloader\Autoloader->includeFile('C:\\xampp\\htdocs\\codi\\app\\Controllers\\CortadorPost.php')
 2 SYSTEMPATH\Autoloader\Autoloader.php(267): CodeIgniter\Autoloader\Autoloader->loadInNamespace('App\\Controllers\\CortadorPost')
 3 [internal function]: CodeIgniter\Autoloader\Autoloader->loadClass('App\\Controllers\\CortadorPost')
 4 SYSTEMPATH\CodeIgniter.php(892): class_exists('\\App\\Controllers\\CortadorPost', true)
 5 SYSTEMPATH\CodeIgniter.php(486): CodeIgniter\CodeIgniter->startController()
 6 SYSTEMPATH\CodeIgniter.php(368): CodeIgniter\CodeIgniter->handleRequest(null, Object(Config\Cache), false)
 7 FCPATH\index.php(67): CodeIgniter\CodeIgniter->run()
CRITICAL - 2023-08-18 17:57:39 --> syntax error, unexpected token ")"
in APPPATH\Controllers\CortadorPost.php on line 324.
 1 SYSTEMPATH\Autoloader\Autoloader.php(289): CodeIgniter\Autoloader\Autoloader->includeFile('C:\\xampp\\htdocs\\codi\\app\\Controllers\\CortadorPost.php')
 2 SYSTEMPATH\Autoloader\Autoloader.php(267): CodeIgniter\Autoloader\Autoloader->loadInNamespace('App\\Controllers\\CortadorPost')
 3 [internal function]: CodeIgniter\Autoloader\Autoloader->loadClass('App\\Controllers\\CortadorPost')
 4 SYSTEMPATH\CodeIgniter.php(892): class_exists('\\App\\Controllers\\CortadorPost', true)
 5 SYSTEMPATH\CodeIgniter.php(486): CodeIgniter\CodeIgniter->startController()
 6 SYSTEMPATH\CodeIgniter.php(368): CodeIgniter\CodeIgniter->handleRequest(null, Object(Config\Cache), false)
 7 FCPATH\index.php(67): CodeIgniter\CodeIgniter->run()
CRITICAL - 2023-08-18 17:58:39 --> syntax error, unexpected token ")"
in APPPATH\Controllers\CortadorPost.php on line 324.
 1 SYSTEMPATH\Autoloader\Autoloader.php(289): CodeIgniter\Autoloader\Autoloader->includeFile('C:\\xampp\\htdocs\\codi\\app\\Controllers\\CortadorPost.php')
 2 SYSTEMPATH\Autoloader\Autoloader.php(267): CodeIgniter\Autoloader\Autoloader->loadInNamespace('App\\Controllers\\CortadorPost')
 3 [internal function]: CodeIgniter\Autoloader\Autoloader->loadClass('App\\Controllers\\CortadorPost')
 4 SYSTEMPATH\CodeIgniter.php(892): class_exists('\\App\\Controllers\\CortadorPost', true)
 5 SYSTEMPATH\CodeIgniter.php(486): CodeIgniter\CodeIgniter->startController()
 6 SYSTEMPATH\CodeIgniter.php(368): CodeIgniter\CodeIgniter->handleRequest(null, Object(Config\Cache), false)
 7 FCPATH\index.php(67): CodeIgniter\CodeIgniter->run()
CRITICAL - 2023-08-18 17:59:39 --> syntax error, unexpected token ")"
in APPPATH\Controllers\CortadorPost.php on line 324.
 1 SYSTEMPATH\Autoloader\Autoloader.php(289): CodeIgniter\Autoloader\Autoloader->includeFile('C:\\xampp\\htdocs\\codi\\app\\Controllers\\CortadorPost.php')
 2 SYSTEMPATH\Autoloader\Autoloader.php(267): CodeIgniter\Autoloader\Autoloader->loadInNamespace('App\\Controllers\\CortadorPost')
 3 [internal function]: CodeIgniter\Autoloader\Autoloader->loadClass('App\\Controllers\\CortadorPost')
 4 SYSTEMPATH\CodeIgniter.php(892): class_exists('\\App\\Controllers\\CortadorPost', true)
 5 SYSTEMPATH\CodeIgniter.php(486): CodeIgniter\CodeIgniter->startController()
 6 SYSTEMPATH\CodeIgniter.php(368): CodeIgniter\CodeIgniter->handleRequest(null, Object(Config\Cache), false)
 7 FCPATH\index.php(67): CodeIgniter\CodeIgniter->run()
CRITICAL - 2023-08-18 18:00:39 --> syntax error, unexpected token ")"
in APPPATH\Controllers\CortadorPost.php on line 324.
 1 SYSTEMPATH\Autoloader\Autoloader.php(289): CodeIgniter\Autoloader\Autoloader->includeFile('C:\\xampp\\htdocs\\codi\\app\\Controllers\\CortadorPost.php')
 2 SYSTEMPATH\Autoloader\Autoloader.php(267): CodeIgniter\Autoloader\Autoloader->loadInNamespace('App\\Controllers\\CortadorPost')
 3 [internal function]: CodeIgniter\Autoloader\Autoloader->loadClass('App\\Controllers\\CortadorPost')
 4 SYSTEMPATH\CodeIgniter.php(892): class_exists('\\App\\Controllers\\CortadorPost', true)
 5 SYSTEMPATH\CodeIgniter.php(486): CodeIgniter\CodeIgniter->startController()
 6 SYSTEMPATH\CodeIgniter.php(368): CodeIgniter\CodeIgniter->handleRequest(null, Object(Config\Cache), false)
 7 FCPATH\index.php(67): CodeIgniter\CodeIgniter->run()
CRITICAL - 2023-08-18 18:01:39 --> syntax error, unexpected token ")"
in APPPATH\Controllers\CortadorPost.php on line 324.
 1 SYSTEMPATH\Autoloader\Autoloader.php(289): CodeIgniter\Autoloader\Autoloader->includeFile('C:\\xampp\\htdocs\\codi\\app\\Controllers\\CortadorPost.php')
 2 SYSTEMPATH\Autoloader\Autoloader.php(267): CodeIgniter\Autoloader\Autoloader->loadInNamespace('App\\Controllers\\CortadorPost')
 3 [internal function]: CodeIgniter\Autoloader\Autoloader->loadClass('App\\Controllers\\CortadorPost')
 4 SYSTEMPATH\CodeIgniter.php(892): class_exists('\\App\\Controllers\\CortadorPost', true)
 5 SYSTEMPATH\CodeIgniter.php(486): CodeIgniter\CodeIgniter->startController()
 6 SYSTEMPATH\CodeIgniter.php(368): CodeIgniter\CodeIgniter->handleRequest(null, Object(Config\Cache), false)
 7 FCPATH\index.php(67): CodeIgniter\CodeIgniter->run()
CRITICAL - 2023-08-18 18:02:41 --> syntax error, unexpected token ")"
in APPPATH\Controllers\CortadorPost.php on line 324.
 1 SYSTEMPATH\Autoloader\Autoloader.php(289): CodeIgniter\Autoloader\Autoloader->includeFile('C:\\xampp\\htdocs\\codi\\app\\Controllers\\CortadorPost.php')
 2 SYSTEMPATH\Autoloader\Autoloader.php(267): CodeIgniter\Autoloader\Autoloader->loadInNamespace('App\\Controllers\\CortadorPost')
 3 [internal function]: CodeIgniter\Autoloader\Autoloader->loadClass('App\\Controllers\\CortadorPost')
 4 SYSTEMPATH\CodeIgniter.php(892): class_exists('\\App\\Controllers\\CortadorPost', true)
 5 SYSTEMPATH\CodeIgniter.php(486): CodeIgniter\CodeIgniter->startController()
 6 SYSTEMPATH\CodeIgniter.php(368): CodeIgniter\CodeIgniter->handleRequest(null, Object(Config\Cache), false)
 7 FCPATH\index.php(67): CodeIgniter\CodeIgniter->run()
CRITICAL - 2023-08-18 18:03:39 --> syntax error, unexpected token ")"
in APPPATH\Controllers\CortadorPost.php on line 324.
 1 SYSTEMPATH\Autoloader\Autoloader.php(289): CodeIgniter\Autoloader\Autoloader->includeFile('C:\\xampp\\htdocs\\codi\\app\\Controllers\\CortadorPost.php')
 2 SYSTEMPATH\Autoloader\Autoloader.php(267): CodeIgniter\Autoloader\Autoloader->loadInNamespace('App\\Controllers\\CortadorPost')
 3 [internal function]: CodeIgniter\Autoloader\Autoloader->loadClass('App\\Controllers\\CortadorPost')
 4 SYSTEMPATH\CodeIgniter.php(892): class_exists('\\App\\Controllers\\CortadorPost', true)
 5 SYSTEMPATH\CodeIgniter.php(486): CodeIgniter\CodeIgniter->startController()
 6 SYSTEMPATH\CodeIgniter.php(368): CodeIgniter\CodeIgniter->handleRequest(null, Object(Config\Cache), false)
 7 FCPATH\index.php(67): CodeIgniter\CodeIgniter->run()
CRITICAL - 2023-08-18 18:04:39 --> syntax error, unexpected token ")"
in APPPATH\Controllers\CortadorPost.php on line 324.
 1 SYSTEMPATH\Autoloader\Autoloader.php(289): CodeIgniter\Autoloader\Autoloader->includeFile('C:\\xampp\\htdocs\\codi\\app\\Controllers\\CortadorPost.php')
 2 SYSTEMPATH\Autoloader\Autoloader.php(267): CodeIgniter\Autoloader\Autoloader->loadInNamespace('App\\Controllers\\CortadorPost')
 3 [internal function]: CodeIgniter\Autoloader\Autoloader->loadClass('App\\Controllers\\CortadorPost')
 4 SYSTEMPATH\CodeIgniter.php(892): class_exists('\\App\\Controllers\\CortadorPost', true)
 5 SYSTEMPATH\CodeIgniter.php(486): CodeIgniter\CodeIgniter->startController()
 6 SYSTEMPATH\CodeIgniter.php(368): CodeIgniter\CodeIgniter->handleRequest(null, Object(Config\Cache), false)
 7 FCPATH\index.php(67): CodeIgniter\CodeIgniter->run()
CRITICAL - 2023-08-18 18:05:39 --> syntax error, unexpected token ")"
in APPPATH\Controllers\CortadorPost.php on line 324.
 1 SYSTEMPATH\Autoloader\Autoloader.php(289): CodeIgniter\Autoloader\Autoloader->includeFile('C:\\xampp\\htdocs\\codi\\app\\Controllers\\CortadorPost.php')
 2 SYSTEMPATH\Autoloader\Autoloader.php(267): CodeIgniter\Autoloader\Autoloader->loadInNamespace('App\\Controllers\\CortadorPost')
 3 [internal function]: CodeIgniter\Autoloader\Autoloader->loadClass('App\\Controllers\\CortadorPost')
 4 SYSTEMPATH\CodeIgniter.php(892): class_exists('\\App\\Controllers\\CortadorPost', true)
 5 SYSTEMPATH\CodeIgniter.php(486): CodeIgniter\CodeIgniter->startController()
 6 SYSTEMPATH\CodeIgniter.php(368): CodeIgniter\CodeIgniter->handleRequest(null, Object(Config\Cache), false)
 7 FCPATH\index.php(67): CodeIgniter\CodeIgniter->run()
CRITICAL - 2023-08-18 18:06:39 --> syntax error, unexpected token ")"
in APPPATH\Controllers\CortadorPost.php on line 324.
 1 SYSTEMPATH\Autoloader\Autoloader.php(289): CodeIgniter\Autoloader\Autoloader->includeFile('C:\\xampp\\htdocs\\codi\\app\\Controllers\\CortadorPost.php')
 2 SYSTEMPATH\Autoloader\Autoloader.php(267): CodeIgniter\Autoloader\Autoloader->loadInNamespace('App\\Controllers\\CortadorPost')
 3 [internal function]: CodeIgniter\Autoloader\Autoloader->loadClass('App\\Controllers\\CortadorPost')
 4 SYSTEMPATH\CodeIgniter.php(892): class_exists('\\App\\Controllers\\CortadorPost', true)
 5 SYSTEMPATH\CodeIgniter.php(486): CodeIgniter\CodeIgniter->startController()
 6 SYSTEMPATH\CodeIgniter.php(368): CodeIgniter\CodeIgniter->handleRequest(null, Object(Config\Cache), false)
 7 FCPATH\index.php(67): CodeIgniter\CodeIgniter->run()
CRITICAL - 2023-08-18 18:07:39 --> syntax error, unexpected token ")"
in APPPATH\Controllers\CortadorPost.php on line 324.
 1 SYSTEMPATH\Autoloader\Autoloader.php(289): CodeIgniter\Autoloader\Autoloader->includeFile('C:\\xampp\\htdocs\\codi\\app\\Controllers\\CortadorPost.php')
 2 SYSTEMPATH\Autoloader\Autoloader.php(267): CodeIgniter\Autoloader\Autoloader->loadInNamespace('App\\Controllers\\CortadorPost')
 3 [internal function]: CodeIgniter\Autoloader\Autoloader->loadClass('App\\Controllers\\CortadorPost')
 4 SYSTEMPATH\CodeIgniter.php(892): class_exists('\\App\\Controllers\\CortadorPost', true)
 5 SYSTEMPATH\CodeIgniter.php(486): CodeIgniter\CodeIgniter->startController()
 6 SYSTEMPATH\CodeIgniter.php(368): CodeIgniter\CodeIgniter->handleRequest(null, Object(Config\Cache), false)
 7 FCPATH\index.php(67): CodeIgniter\CodeIgniter->run()
CRITICAL - 2023-08-18 18:08:39 --> syntax error, unexpected token ")"
in APPPATH\Controllers\CortadorPost.php on line 324.
 1 SYSTEMPATH\Autoloader\Autoloader.php(289): CodeIgniter\Autoloader\Autoloader->includeFile('C:\\xampp\\htdocs\\codi\\app\\Controllers\\CortadorPost.php')
 2 SYSTEMPATH\Autoloader\Autoloader.php(267): CodeIgniter\Autoloader\Autoloader->loadInNamespace('App\\Controllers\\CortadorPost')
 3 [internal function]: CodeIgniter\Autoloader\Autoloader->loadClass('App\\Controllers\\CortadorPost')
 4 SYSTEMPATH\CodeIgniter.php(892): class_exists('\\App\\Controllers\\CortadorPost', true)
 5 SYSTEMPATH\CodeIgniter.php(486): CodeIgniter\CodeIgniter->startController()
 6 SYSTEMPATH\CodeIgniter.php(368): CodeIgniter\CodeIgniter->handleRequest(null, Object(Config\Cache), false)
 7 FCPATH\index.php(67): CodeIgniter\CodeIgniter->run()
CRITICAL - 2023-08-18 18:09:39 --> syntax error, unexpected token ")"
in APPPATH\Controllers\CortadorPost.php on line 324.
 1 SYSTEMPATH\Autoloader\Autoloader.php(289): CodeIgniter\Autoloader\Autoloader->includeFile('C:\\xampp\\htdocs\\codi\\app\\Controllers\\CortadorPost.php')
 2 SYSTEMPATH\Autoloader\Autoloader.php(267): CodeIgniter\Autoloader\Autoloader->loadInNamespace('App\\Controllers\\CortadorPost')
 3 [internal function]: CodeIgniter\Autoloader\Autoloader->loadClass('App\\Controllers\\CortadorPost')
 4 SYSTEMPATH\CodeIgniter.php(892): class_exists('\\App\\Controllers\\CortadorPost', true)
 5 SYSTEMPATH\CodeIgniter.php(486): CodeIgniter\CodeIgniter->startController()
 6 SYSTEMPATH\CodeIgniter.php(368): CodeIgniter\CodeIgniter->handleRequest(null, Object(Config\Cache), false)
 7 FCPATH\index.php(67): CodeIgniter\CodeIgniter->run()
CRITICAL - 2023-08-18 18:10:39 --> syntax error, unexpected token ")"
in APPPATH\Controllers\CortadorPost.php on line 324.
 1 SYSTEMPATH\Autoloader\Autoloader.php(289): CodeIgniter\Autoloader\Autoloader->includeFile('C:\\xampp\\htdocs\\codi\\app\\Controllers\\CortadorPost.php')
 2 SYSTEMPATH\Autoloader\Autoloader.php(267): CodeIgniter\Autoloader\Autoloader->loadInNamespace('App\\Controllers\\CortadorPost')
 3 [internal function]: CodeIgniter\Autoloader\Autoloader->loadClass('App\\Controllers\\CortadorPost')
 4 SYSTEMPATH\CodeIgniter.php(892): class_exists('\\App\\Controllers\\CortadorPost', true)
 5 SYSTEMPATH\CodeIgniter.php(486): CodeIgniter\CodeIgniter->startController()
 6 SYSTEMPATH\CodeIgniter.php(368): CodeIgniter\CodeIgniter->handleRequest(null, Object(Config\Cache), false)
 7 FCPATH\index.php(67): CodeIgniter\CodeIgniter->run()
CRITICAL - 2023-08-18 18:10:41 --> syntax error, unexpected token ")"
in APPPATH\Controllers\CortadorPost.php on line 324.
 1 SYSTEMPATH\Autoloader\Autoloader.php(289): CodeIgniter\Autoloader\Autoloader->includeFile('C:\\xampp\\htdocs\\codi\\app\\Controllers\\CortadorPost.php')
 2 SYSTEMPATH\Autoloader\Autoloader.php(267): CodeIgniter\Autoloader\Autoloader->loadInNamespace('App\\Controllers\\CortadorPost')
 3 [internal function]: CodeIgniter\Autoloader\Autoloader->loadClass('App\\Controllers\\CortadorPost')
 4 SYSTEMPATH\CodeIgniter.php(892): class_exists('\\App\\Controllers\\CortadorPost', true)
 5 SYSTEMPATH\CodeIgniter.php(486): CodeIgniter\CodeIgniter->startController()
 6 SYSTEMPATH\CodeIgniter.php(368): CodeIgniter\CodeIgniter->handleRequest(null, Object(Config\Cache), false)
 7 FCPATH\index.php(67): CodeIgniter\CodeIgniter->run()
CRITICAL - 2023-08-18 18:10:41 --> syntax error, unexpected token ")"
in APPPATH\Controllers\CortadorPost.php on line 324.
 1 SYSTEMPATH\Autoloader\Autoloader.php(289): CodeIgniter\Autoloader\Autoloader->includeFile('C:\\xampp\\htdocs\\codi\\app\\Controllers\\CortadorPost.php')
 2 SYSTEMPATH\Autoloader\Autoloader.php(267): CodeIgniter\Autoloader\Autoloader->loadInNamespace('App\\Controllers\\CortadorPost')
 3 [internal function]: CodeIgniter\Autoloader\Autoloader->loadClass('App\\Controllers\\CortadorPost')
 4 SYSTEMPATH\CodeIgniter.php(892): class_exists('\\App\\Controllers\\CortadorPost', true)
 5 SYSTEMPATH\CodeIgniter.php(486): CodeIgniter\CodeIgniter->startController()
 6 SYSTEMPATH\CodeIgniter.php(368): CodeIgniter\CodeIgniter->handleRequest(null, Object(Config\Cache), false)
 7 FCPATH\index.php(67): CodeIgniter\CodeIgniter->run()
CRITICAL - 2023-08-18 18:10:42 --> syntax error, unexpected token ")"
in APPPATH\Controllers\CortadorPost.php on line 324.
 1 SYSTEMPATH\Autoloader\Autoloader.php(289): CodeIgniter\Autoloader\Autoloader->includeFile('C:\\xampp\\htdocs\\codi\\app\\Controllers\\CortadorPost.php')
 2 SYSTEMPATH\Autoloader\Autoloader.php(267): CodeIgniter\Autoloader\Autoloader->loadInNamespace('App\\Controllers\\CortadorPost')
 3 [internal function]: CodeIgniter\Autoloader\Autoloader->loadClass('App\\Controllers\\CortadorPost')
 4 SYSTEMPATH\CodeIgniter.php(892): class_exists('\\App\\Controllers\\CortadorPost', true)
 5 SYSTEMPATH\CodeIgniter.php(486): CodeIgniter\CodeIgniter->startController()
 6 SYSTEMPATH\CodeIgniter.php(368): CodeIgniter\CodeIgniter->handleRequest(null, Object(Config\Cache), false)
 7 FCPATH\index.php(67): CodeIgniter\CodeIgniter->run()
CRITICAL - 2023-08-18 18:10:44 --> syntax error, unexpected token ")"
in APPPATH\Controllers\CortadorPost.php on line 324.
 1 SYSTEMPATH\Autoloader\Autoloader.php(289): CodeIgniter\Autoloader\Autoloader->includeFile('C:\\xampp\\htdocs\\codi\\app\\Controllers\\CortadorPost.php')
 2 SYSTEMPATH\Autoloader\Autoloader.php(267): CodeIgniter\Autoloader\Autoloader->loadInNamespace('App\\Controllers\\CortadorPost')
 3 [internal function]: CodeIgniter\Autoloader\Autoloader->loadClass('App\\Controllers\\CortadorPost')
 4 SYSTEMPATH\CodeIgniter.php(892): class_exists('\\App\\Controllers\\CortadorPost', true)
 5 SYSTEMPATH\CodeIgniter.php(486): CodeIgniter\CodeIgniter->startController()
 6 SYSTEMPATH\CodeIgniter.php(368): CodeIgniter\CodeIgniter->handleRequest(null, Object(Config\Cache), false)
 7 FCPATH\index.php(67): CodeIgniter\CodeIgniter->run()
CRITICAL - 2023-08-18 18:10:45 --> syntax error, unexpected token ")"
in APPPATH\Controllers\CortadorPost.php on line 324.
 1 SYSTEMPATH\Autoloader\Autoloader.php(289): CodeIgniter\Autoloader\Autoloader->includeFile('C:\\xampp\\htdocs\\codi\\app\\Controllers\\CortadorPost.php')
 2 SYSTEMPATH\Autoloader\Autoloader.php(267): CodeIgniter\Autoloader\Autoloader->loadInNamespace('App\\Controllers\\CortadorPost')
 3 [internal function]: CodeIgniter\Autoloader\Autoloader->loadClass('App\\Controllers\\CortadorPost')
 4 SYSTEMPATH\CodeIgniter.php(892): class_exists('\\App\\Controllers\\CortadorPost', true)
 5 SYSTEMPATH\CodeIgniter.php(486): CodeIgniter\CodeIgniter->startController()
 6 SYSTEMPATH\CodeIgniter.php(368): CodeIgniter\CodeIgniter->handleRequest(null, Object(Config\Cache), false)
 7 FCPATH\index.php(67): CodeIgniter\CodeIgniter->run()
CRITICAL - 2023-08-18 18:10:46 --> syntax error, unexpected token ")"
in APPPATH\Controllers\CortadorPost.php on line 324.
 1 SYSTEMPATH\Autoloader\Autoloader.php(289): CodeIgniter\Autoloader\Autoloader->includeFile('C:\\xampp\\htdocs\\codi\\app\\Controllers\\CortadorPost.php')
 2 SYSTEMPATH\Autoloader\Autoloader.php(267): CodeIgniter\Autoloader\Autoloader->loadInNamespace('App\\Controllers\\CortadorPost')
 3 [internal function]: CodeIgniter\Autoloader\Autoloader->loadClass('App\\Controllers\\CortadorPost')
 4 SYSTEMPATH\CodeIgniter.php(892): class_exists('\\App\\Controllers\\CortadorPost', true)
 5 SYSTEMPATH\CodeIgniter.php(486): CodeIgniter\CodeIgniter->startController()
 6 SYSTEMPATH\CodeIgniter.php(368): CodeIgniter\CodeIgniter->handleRequest(null, Object(Config\Cache), false)
 7 FCPATH\index.php(67): CodeIgniter\CodeIgniter->run()
CRITICAL - 2023-08-18 18:10:47 --> syntax error, unexpected token ")"
in APPPATH\Controllers\CortadorPost.php on line 324.
 1 SYSTEMPATH\Autoloader\Autoloader.php(289): CodeIgniter\Autoloader\Autoloader->includeFile('C:\\xampp\\htdocs\\codi\\app\\Controllers\\CortadorPost.php')
 2 SYSTEMPATH\Autoloader\Autoloader.php(267): CodeIgniter\Autoloader\Autoloader->loadInNamespace('App\\Controllers\\CortadorPost')
 3 [internal function]: CodeIgniter\Autoloader\Autoloader->loadClass('App\\Controllers\\CortadorPost')
 4 SYSTEMPATH\CodeIgniter.php(892): class_exists('\\App\\Controllers\\CortadorPost', true)
 5 SYSTEMPATH\CodeIgniter.php(486): CodeIgniter\CodeIgniter->startController()
 6 SYSTEMPATH\CodeIgniter.php(368): CodeIgniter\CodeIgniter->handleRequest(null, Object(Config\Cache), false)
 7 FCPATH\index.php(67): CodeIgniter\CodeIgniter->run()
CRITICAL - 2023-08-18 18:10:48 --> syntax error, unexpected token ")"
in APPPATH\Controllers\CortadorPost.php on line 324.
 1 SYSTEMPATH\Autoloader\Autoloader.php(289): CodeIgniter\Autoloader\Autoloader->includeFile('C:\\xampp\\htdocs\\codi\\app\\Controllers\\CortadorPost.php')
 2 SYSTEMPATH\Autoloader\Autoloader.php(267): CodeIgniter\Autoloader\Autoloader->loadInNamespace('App\\Controllers\\CortadorPost')
 3 [internal function]: CodeIgniter\Autoloader\Autoloader->loadClass('App\\Controllers\\CortadorPost')
 4 SYSTEMPATH\CodeIgniter.php(892): class_exists('\\App\\Controllers\\CortadorPost', true)
 5 SYSTEMPATH\CodeIgniter.php(486): CodeIgniter\CodeIgniter->startController()
 6 SYSTEMPATH\CodeIgniter.php(368): CodeIgniter\CodeIgniter->handleRequest(null, Object(Config\Cache), false)
 7 FCPATH\index.php(67): CodeIgniter\CodeIgniter->run()
CRITICAL - 2023-08-18 18:10:49 --> syntax error, unexpected token ")"
in APPPATH\Controllers\CortadorPost.php on line 324.
 1 SYSTEMPATH\Autoloader\Autoloader.php(289): CodeIgniter\Autoloader\Autoloader->includeFile('C:\\xampp\\htdocs\\codi\\app\\Controllers\\CortadorPost.php')
 2 SYSTEMPATH\Autoloader\Autoloader.php(267): CodeIgniter\Autoloader\Autoloader->loadInNamespace('App\\Controllers\\CortadorPost')
 3 [internal function]: CodeIgniter\Autoloader\Autoloader->loadClass('App\\Controllers\\CortadorPost')
 4 SYSTEMPATH\CodeIgniter.php(892): class_exists('\\App\\Controllers\\CortadorPost', true)
 5 SYSTEMPATH\CodeIgniter.php(486): CodeIgniter\CodeIgniter->startController()
 6 SYSTEMPATH\CodeIgniter.php(368): CodeIgniter\CodeIgniter->handleRequest(null, Object(Config\Cache), false)
 7 FCPATH\index.php(67): CodeIgniter\CodeIgniter->run()
CRITICAL - 2023-08-18 18:10:50 --> syntax error, unexpected token ")"
in APPPATH\Controllers\CortadorPost.php on line 324.
 1 SYSTEMPATH\Autoloader\Autoloader.php(289): CodeIgniter\Autoloader\Autoloader->includeFile('C:\\xampp\\htdocs\\codi\\app\\Controllers\\CortadorPost.php')
 2 SYSTEMPATH\Autoloader\Autoloader.php(267): CodeIgniter\Autoloader\Autoloader->loadInNamespace('App\\Controllers\\CortadorPost')
 3 [internal function]: CodeIgniter\Autoloader\Autoloader->loadClass('App\\Controllers\\CortadorPost')
 4 SYSTEMPATH\CodeIgniter.php(892): class_exists('\\App\\Controllers\\CortadorPost', true)
 5 SYSTEMPATH\CodeIgniter.php(486): CodeIgniter\CodeIgniter->startController()
 6 SYSTEMPATH\CodeIgniter.php(368): CodeIgniter\CodeIgniter->handleRequest(null, Object(Config\Cache), false)
 7 FCPATH\index.php(67): CodeIgniter\CodeIgniter->run()
CRITICAL - 2023-08-18 18:10:51 --> syntax error, unexpected token ")"
in APPPATH\Controllers\CortadorPost.php on line 324.
 1 SYSTEMPATH\Autoloader\Autoloader.php(289): CodeIgniter\Autoloader\Autoloader->includeFile('C:\\xampp\\htdocs\\codi\\app\\Controllers\\CortadorPost.php')
 2 SYSTEMPATH\Autoloader\Autoloader.php(267): CodeIgniter\Autoloader\Autoloader->loadInNamespace('App\\Controllers\\CortadorPost')
 3 [internal function]: CodeIgniter\Autoloader\Autoloader->loadClass('App\\Controllers\\CortadorPost')
 4 SYSTEMPATH\CodeIgniter.php(892): class_exists('\\App\\Controllers\\CortadorPost', true)
 5 SYSTEMPATH\CodeIgniter.php(486): CodeIgniter\CodeIgniter->startController()
 6 SYSTEMPATH\CodeIgniter.php(368): CodeIgniter\CodeIgniter->handleRequest(null, Object(Config\Cache), false)
 7 FCPATH\index.php(67): CodeIgniter\CodeIgniter->run()
CRITICAL - 2023-08-18 18:10:52 --> syntax error, unexpected token ")"
in APPPATH\Controllers\CortadorPost.php on line 324.
 1 SYSTEMPATH\Autoloader\Autoloader.php(289): CodeIgniter\Autoloader\Autoloader->includeFile('C:\\xampp\\htdocs\\codi\\app\\Controllers\\CortadorPost.php')
 2 SYSTEMPATH\Autoloader\Autoloader.php(267): CodeIgniter\Autoloader\Autoloader->loadInNamespace('App\\Controllers\\CortadorPost')
 3 [internal function]: CodeIgniter\Autoloader\Autoloader->loadClass('App\\Controllers\\CortadorPost')
 4 SYSTEMPATH\CodeIgniter.php(892): class_exists('\\App\\Controllers\\CortadorPost', true)
 5 SYSTEMPATH\CodeIgniter.php(486): CodeIgniter\CodeIgniter->startController()
 6 SYSTEMPATH\CodeIgniter.php(368): CodeIgniter\CodeIgniter->handleRequest(null, Object(Config\Cache), false)
 7 FCPATH\index.php(67): CodeIgniter\CodeIgniter->run()
CRITICAL - 2023-08-18 18:10:53 --> syntax error, unexpected token ")"
in APPPATH\Controllers\CortadorPost.php on line 324.
 1 SYSTEMPATH\Autoloader\Autoloader.php(289): CodeIgniter\Autoloader\Autoloader->includeFile('C:\\xampp\\htdocs\\codi\\app\\Controllers\\CortadorPost.php')
 2 SYSTEMPATH\Autoloader\Autoloader.php(267): CodeIgniter\Autoloader\Autoloader->loadInNamespace('App\\Controllers\\CortadorPost')
 3 [internal function]: CodeIgniter\Autoloader\Autoloader->loadClass('App\\Controllers\\CortadorPost')
 4 SYSTEMPATH\CodeIgniter.php(892): class_exists('\\App\\Controllers\\CortadorPost', true)
 5 SYSTEMPATH\CodeIgniter.php(486): CodeIgniter\CodeIgniter->startController()
 6 SYSTEMPATH\CodeIgniter.php(368): CodeIgniter\CodeIgniter->handleRequest(null, Object(Config\Cache), false)
 7 FCPATH\index.php(67): CodeIgniter\CodeIgniter->run()
CRITICAL - 2023-08-18 18:10:54 --> syntax error, unexpected token ")"
in APPPATH\Controllers\CortadorPost.php on line 324.
 1 SYSTEMPATH\Autoloader\Autoloader.php(289): CodeIgniter\Autoloader\Autoloader->includeFile('C:\\xampp\\htdocs\\codi\\app\\Controllers\\CortadorPost.php')
 2 SYSTEMPATH\Autoloader\Autoloader.php(267): CodeIgniter\Autoloader\Autoloader->loadInNamespace('App\\Controllers\\CortadorPost')
 3 [internal function]: CodeIgniter\Autoloader\Autoloader->loadClass('App\\Controllers\\CortadorPost')
 4 SYSTEMPATH\CodeIgniter.php(892): class_exists('\\App\\Controllers\\CortadorPost', true)
 5 SYSTEMPATH\CodeIgniter.php(486): CodeIgniter\CodeIgniter->startController()
 6 SYSTEMPATH\CodeIgniter.php(368): CodeIgniter\CodeIgniter->handleRequest(null, Object(Config\Cache), false)
 7 FCPATH\index.php(67): CodeIgniter\CodeIgniter->run()
CRITICAL - 2023-08-18 18:10:55 --> syntax error, unexpected token ")"
in APPPATH\Controllers\CortadorPost.php on line 324.
 1 SYSTEMPATH\Autoloader\Autoloader.php(289): CodeIgniter\Autoloader\Autoloader->includeFile('C:\\xampp\\htdocs\\codi\\app\\Controllers\\CortadorPost.php')
 2 SYSTEMPATH\Autoloader\Autoloader.php(267): CodeIgniter\Autoloader\Autoloader->loadInNamespace('App\\Controllers\\CortadorPost')
 3 [internal function]: CodeIgniter\Autoloader\Autoloader->loadClass('App\\Controllers\\CortadorPost')
 4 SYSTEMPATH\CodeIgniter.php(892): class_exists('\\App\\Controllers\\CortadorPost', true)
 5 SYSTEMPATH\CodeIgniter.php(486): CodeIgniter\CodeIgniter->startController()
 6 SYSTEMPATH\CodeIgniter.php(368): CodeIgniter\CodeIgniter->handleRequest(null, Object(Config\Cache), false)
 7 FCPATH\index.php(67): CodeIgniter\CodeIgniter->run()
CRITICAL - 2023-08-18 18:10:56 --> syntax error, unexpected token ")"
in APPPATH\Controllers\CortadorPost.php on line 324.
 1 SYSTEMPATH\Autoloader\Autoloader.php(289): CodeIgniter\Autoloader\Autoloader->includeFile('C:\\xampp\\htdocs\\codi\\app\\Controllers\\CortadorPost.php')
 2 SYSTEMPATH\Autoloader\Autoloader.php(267): CodeIgniter\Autoloader\Autoloader->loadInNamespace('App\\Controllers\\CortadorPost')
 3 [internal function]: CodeIgniter\Autoloader\Autoloader->loadClass('App\\Controllers\\CortadorPost')
 4 SYSTEMPATH\CodeIgniter.php(892): class_exists('\\App\\Controllers\\CortadorPost', true)
 5 SYSTEMPATH\CodeIgniter.php(486): CodeIgniter\CodeIgniter->startController()
 6 SYSTEMPATH\CodeIgniter.php(368): CodeIgniter\CodeIgniter->handleRequest(null, Object(Config\Cache), false)
 7 FCPATH\index.php(67): CodeIgniter\CodeIgniter->run()
CRITICAL - 2023-08-18 18:10:57 --> syntax error, unexpected token ")"
in APPPATH\Controllers\CortadorPost.php on line 324.
 1 SYSTEMPATH\Autoloader\Autoloader.php(289): CodeIgniter\Autoloader\Autoloader->includeFile('C:\\xampp\\htdocs\\codi\\app\\Controllers\\CortadorPost.php')
 2 SYSTEMPATH\Autoloader\Autoloader.php(267): CodeIgniter\Autoloader\Autoloader->loadInNamespace('App\\Controllers\\CortadorPost')
 3 [internal function]: CodeIgniter\Autoloader\Autoloader->loadClass('App\\Controllers\\CortadorPost')
 4 SYSTEMPATH\CodeIgniter.php(892): class_exists('\\App\\Controllers\\CortadorPost', true)
 5 SYSTEMPATH\CodeIgniter.php(486): CodeIgniter\CodeIgniter->startController()
 6 SYSTEMPATH\CodeIgniter.php(368): CodeIgniter\CodeIgniter->handleRequest(null, Object(Config\Cache), false)
 7 FCPATH\index.php(67): CodeIgniter\CodeIgniter->run()
CRITICAL - 2023-08-18 18:10:58 --> syntax error, unexpected token ")"
in APPPATH\Controllers\CortadorPost.php on line 324.
 1 SYSTEMPATH\Autoloader\Autoloader.php(289): CodeIgniter\Autoloader\Autoloader->includeFile('C:\\xampp\\htdocs\\codi\\app\\Controllers\\CortadorPost.php')
 2 SYSTEMPATH\Autoloader\Autoloader.php(267): CodeIgniter\Autoloader\Autoloader->loadInNamespace('App\\Controllers\\CortadorPost')
 3 [internal function]: CodeIgniter\Autoloader\Autoloader->loadClass('App\\Controllers\\CortadorPost')
 4 SYSTEMPATH\CodeIgniter.php(892): class_exists('\\App\\Controllers\\CortadorPost', true)
 5 SYSTEMPATH\CodeIgniter.php(486): CodeIgniter\CodeIgniter->startController()
 6 SYSTEMPATH\CodeIgniter.php(368): CodeIgniter\CodeIgniter->handleRequest(null, Object(Config\Cache), false)
 7 FCPATH\index.php(67): CodeIgniter\CodeIgniter->run()
CRITICAL - 2023-08-18 18:10:59 --> syntax error, unexpected token ")"
in APPPATH\Controllers\CortadorPost.php on line 324.
 1 SYSTEMPATH\Autoloader\Autoloader.php(289): CodeIgniter\Autoloader\Autoloader->includeFile('C:\\xampp\\htdocs\\codi\\app\\Controllers\\CortadorPost.php')
 2 SYSTEMPATH\Autoloader\Autoloader.php(267): CodeIgniter\Autoloader\Autoloader->loadInNamespace('App\\Controllers\\CortadorPost')
 3 [internal function]: CodeIgniter\Autoloader\Autoloader->loadClass('App\\Controllers\\CortadorPost')
 4 SYSTEMPATH\CodeIgniter.php(892): class_exists('\\App\\Controllers\\CortadorPost', true)
 5 SYSTEMPATH\CodeIgniter.php(486): CodeIgniter\CodeIgniter->startController()
 6 SYSTEMPATH\CodeIgniter.php(368): CodeIgniter\CodeIgniter->handleRequest(null, Object(Config\Cache), false)
 7 FCPATH\index.php(67): CodeIgniter\CodeIgniter->run()
CRITICAL - 2023-08-18 18:11:00 --> syntax error, unexpected token ")"
in APPPATH\Controllers\CortadorPost.php on line 324.
 1 SYSTEMPATH\Autoloader\Autoloader.php(289): CodeIgniter\Autoloader\Autoloader->includeFile('C:\\xampp\\htdocs\\codi\\app\\Controllers\\CortadorPost.php')
 2 SYSTEMPATH\Autoloader\Autoloader.php(267): CodeIgniter\Autoloader\Autoloader->loadInNamespace('App\\Controllers\\CortadorPost')
 3 [internal function]: CodeIgniter\Autoloader\Autoloader->loadClass('App\\Controllers\\CortadorPost')
 4 SYSTEMPATH\CodeIgniter.php(892): class_exists('\\App\\Controllers\\CortadorPost', true)
 5 SYSTEMPATH\CodeIgniter.php(486): CodeIgniter\CodeIgniter->startController()
 6 SYSTEMPATH\CodeIgniter.php(368): CodeIgniter\CodeIgniter->handleRequest(null, Object(Config\Cache), false)
 7 FCPATH\index.php(67): CodeIgniter\CodeIgniter->run()
CRITICAL - 2023-08-18 18:11:01 --> syntax error, unexpected token ")"
in APPPATH\Controllers\CortadorPost.php on line 324.
 1 SYSTEMPATH\Autoloader\Autoloader.php(289): CodeIgniter\Autoloader\Autoloader->includeFile('C:\\xampp\\htdocs\\codi\\app\\Controllers\\CortadorPost.php')
 2 SYSTEMPATH\Autoloader\Autoloader.php(267): CodeIgniter\Autoloader\Autoloader->loadInNamespace('App\\Controllers\\CortadorPost')
 3 [internal function]: CodeIgniter\Autoloader\Autoloader->loadClass('App\\Controllers\\CortadorPost')
 4 SYSTEMPATH\CodeIgniter.php(892): class_exists('\\App\\Controllers\\CortadorPost', true)
 5 SYSTEMPATH\CodeIgniter.php(486): CodeIgniter\CodeIgniter->startController()
 6 SYSTEMPATH\CodeIgniter.php(368): CodeIgniter\CodeIgniter->handleRequest(null, Object(Config\Cache), false)
 7 FCPATH\index.php(67): CodeIgniter\CodeIgniter->run()
CRITICAL - 2023-08-18 18:11:02 --> syntax error, unexpected token ")"
in APPPATH\Controllers\CortadorPost.php on line 324.
 1 SYSTEMPATH\Autoloader\Autoloader.php(289): CodeIgniter\Autoloader\Autoloader->includeFile('C:\\xampp\\htdocs\\codi\\app\\Controllers\\CortadorPost.php')
 2 SYSTEMPATH\Autoloader\Autoloader.php(267): CodeIgniter\Autoloader\Autoloader->loadInNamespace('App\\Controllers\\CortadorPost')
 3 [internal function]: CodeIgniter\Autoloader\Autoloader->loadClass('App\\Controllers\\CortadorPost')
 4 SYSTEMPATH\CodeIgniter.php(892): class_exists('\\App\\Controllers\\CortadorPost', true)
 5 SYSTEMPATH\CodeIgniter.php(486): CodeIgniter\CodeIgniter->startController()
 6 SYSTEMPATH\CodeIgniter.php(368): CodeIgniter\CodeIgniter->handleRequest(null, Object(Config\Cache), false)
 7 FCPATH\index.php(67): CodeIgniter\CodeIgniter->run()
CRITICAL - 2023-08-18 18:11:03 --> syntax error, unexpected token ")"
in APPPATH\Controllers\CortadorPost.php on line 324.
 1 SYSTEMPATH\Autoloader\Autoloader.php(289): CodeIgniter\Autoloader\Autoloader->includeFile('C:\\xampp\\htdocs\\codi\\app\\Controllers\\CortadorPost.php')
 2 SYSTEMPATH\Autoloader\Autoloader.php(267): CodeIgniter\Autoloader\Autoloader->loadInNamespace('App\\Controllers\\CortadorPost')
 3 [internal function]: CodeIgniter\Autoloader\Autoloader->loadClass('App\\Controllers\\CortadorPost')
 4 SYSTEMPATH\CodeIgniter.php(892): class_exists('\\App\\Controllers\\CortadorPost', true)
 5 SYSTEMPATH\CodeIgniter.php(486): CodeIgniter\CodeIgniter->startController()
 6 SYSTEMPATH\CodeIgniter.php(368): CodeIgniter\CodeIgniter->handleRequest(null, Object(Config\Cache), false)
 7 FCPATH\index.php(67): CodeIgniter\CodeIgniter->run()
CRITICAL - 2023-08-18 18:11:04 --> syntax error, unexpected token ")"
in APPPATH\Controllers\CortadorPost.php on line 324.
 1 SYSTEMPATH\Autoloader\Autoloader.php(289): CodeIgniter\Autoloader\Autoloader->includeFile('C:\\xampp\\htdocs\\codi\\app\\Controllers\\CortadorPost.php')
 2 SYSTEMPATH\Autoloader\Autoloader.php(267): CodeIgniter\Autoloader\Autoloader->loadInNamespace('App\\Controllers\\CortadorPost')
 3 [internal function]: CodeIgniter\Autoloader\Autoloader->loadClass('App\\Controllers\\CortadorPost')
 4 SYSTEMPATH\CodeIgniter.php(892): class_exists('\\App\\Controllers\\CortadorPost', true)
 5 SYSTEMPATH\CodeIgniter.php(486): CodeIgniter\CodeIgniter->startController()
 6 SYSTEMPATH\CodeIgniter.php(368): CodeIgniter\CodeIgniter->handleRequest(null, Object(Config\Cache), false)
 7 FCPATH\index.php(67): CodeIgniter\CodeIgniter->run()
CRITICAL - 2023-08-18 18:11:05 --> syntax error, unexpected token ")"
in APPPATH\Controllers\CortadorPost.php on line 324.
 1 SYSTEMPATH\Autoloader\Autoloader.php(289): CodeIgniter\Autoloader\Autoloader->includeFile('C:\\xampp\\htdocs\\codi\\app\\Controllers\\CortadorPost.php')
 2 SYSTEMPATH\Autoloader\Autoloader.php(267): CodeIgniter\Autoloader\Autoloader->loadInNamespace('App\\Controllers\\CortadorPost')
 3 [internal function]: CodeIgniter\Autoloader\Autoloader->loadClass('App\\Controllers\\CortadorPost')
 4 SYSTEMPATH\CodeIgniter.php(892): class_exists('\\App\\Controllers\\CortadorPost', true)
 5 SYSTEMPATH\CodeIgniter.php(486): CodeIgniter\CodeIgniter->startController()
 6 SYSTEMPATH\CodeIgniter.php(368): CodeIgniter\CodeIgniter->handleRequest(null, Object(Config\Cache), false)
 7 FCPATH\index.php(67): CodeIgniter\CodeIgniter->run()
CRITICAL - 2023-08-18 18:11:06 --> syntax error, unexpected token ")"
in APPPATH\Controllers\CortadorPost.php on line 324.
 1 SYSTEMPATH\Autoloader\Autoloader.php(289): CodeIgniter\Autoloader\Autoloader->includeFile('C:\\xampp\\htdocs\\codi\\app\\Controllers\\CortadorPost.php')
 2 SYSTEMPATH\Autoloader\Autoloader.php(267): CodeIgniter\Autoloader\Autoloader->loadInNamespace('App\\Controllers\\CortadorPost')
 3 [internal function]: CodeIgniter\Autoloader\Autoloader->loadClass('App\\Controllers\\CortadorPost')
 4 SYSTEMPATH\CodeIgniter.php(892): class_exists('\\App\\Controllers\\CortadorPost', true)
 5 SYSTEMPATH\CodeIgniter.php(486): CodeIgniter\CodeIgniter->startController()
 6 SYSTEMPATH\CodeIgniter.php(368): CodeIgniter\CodeIgniter->handleRequest(null, Object(Config\Cache), false)
 7 FCPATH\index.php(67): CodeIgniter\CodeIgniter->run()
CRITICAL - 2023-08-18 18:11:07 --> syntax error, unexpected token ")"
in APPPATH\Controllers\CortadorPost.php on line 324.
 1 SYSTEMPATH\Autoloader\Autoloader.php(289): CodeIgniter\Autoloader\Autoloader->includeFile('C:\\xampp\\htdocs\\codi\\app\\Controllers\\CortadorPost.php')
 2 SYSTEMPATH\Autoloader\Autoloader.php(267): CodeIgniter\Autoloader\Autoloader->loadInNamespace('App\\Controllers\\CortadorPost')
 3 [internal function]: CodeIgniter\Autoloader\Autoloader->loadClass('App\\Controllers\\CortadorPost')
 4 SYSTEMPATH\CodeIgniter.php(892): class_exists('\\App\\Controllers\\CortadorPost', true)
 5 SYSTEMPATH\CodeIgniter.php(486): CodeIgniter\CodeIgniter->startController()
 6 SYSTEMPATH\CodeIgniter.php(368): CodeIgniter\CodeIgniter->handleRequest(null, Object(Config\Cache), false)
 7 FCPATH\index.php(67): CodeIgniter\CodeIgniter->run()
CRITICAL - 2023-08-18 18:11:08 --> syntax error, unexpected token ")"
in APPPATH\Controllers\CortadorPost.php on line 324.
 1 SYSTEMPATH\Autoloader\Autoloader.php(289): CodeIgniter\Autoloader\Autoloader->includeFile('C:\\xampp\\htdocs\\codi\\app\\Controllers\\CortadorPost.php')
 2 SYSTEMPATH\Autoloader\Autoloader.php(267): CodeIgniter\Autoloader\Autoloader->loadInNamespace('App\\Controllers\\CortadorPost')
 3 [internal function]: CodeIgniter\Autoloader\Autoloader->loadClass('App\\Controllers\\CortadorPost')
 4 SYSTEMPATH\CodeIgniter.php(892): class_exists('\\App\\Controllers\\CortadorPost', true)
 5 SYSTEMPATH\CodeIgniter.php(486): CodeIgniter\CodeIgniter->startController()
 6 SYSTEMPATH\CodeIgniter.php(368): CodeIgniter\CodeIgniter->handleRequest(null, Object(Config\Cache), false)
 7 FCPATH\index.php(67): CodeIgniter\CodeIgniter->run()
CRITICAL - 2023-08-18 18:11:09 --> syntax error, unexpected token ")"
in APPPATH\Controllers\CortadorPost.php on line 324.
 1 SYSTEMPATH\Autoloader\Autoloader.php(289): CodeIgniter\Autoloader\Autoloader->includeFile('C:\\xampp\\htdocs\\codi\\app\\Controllers\\CortadorPost.php')
 2 SYSTEMPATH\Autoloader\Autoloader.php(267): CodeIgniter\Autoloader\Autoloader->loadInNamespace('App\\Controllers\\CortadorPost')
 3 [internal function]: CodeIgniter\Autoloader\Autoloader->loadClass('App\\Controllers\\CortadorPost')
 4 SYSTEMPATH\CodeIgniter.php(892): class_exists('\\App\\Controllers\\CortadorPost', true)
 5 SYSTEMPATH\CodeIgniter.php(486): CodeIgniter\CodeIgniter->startController()
 6 SYSTEMPATH\CodeIgniter.php(368): CodeIgniter\CodeIgniter->handleRequest(null, Object(Config\Cache), false)
 7 FCPATH\index.php(67): CodeIgniter\CodeIgniter->run()
CRITICAL - 2023-08-18 18:11:10 --> syntax error, unexpected token ")"
in APPPATH\Controllers\CortadorPost.php on line 324.
 1 SYSTEMPATH\Autoloader\Autoloader.php(289): CodeIgniter\Autoloader\Autoloader->includeFile('C:\\xampp\\htdocs\\codi\\app\\Controllers\\CortadorPost.php')
 2 SYSTEMPATH\Autoloader\Autoloader.php(267): CodeIgniter\Autoloader\Autoloader->loadInNamespace('App\\Controllers\\CortadorPost')
 3 [internal function]: CodeIgniter\Autoloader\Autoloader->loadClass('App\\Controllers\\CortadorPost')
 4 SYSTEMPATH\CodeIgniter.php(892): class_exists('\\App\\Controllers\\CortadorPost', true)
 5 SYSTEMPATH\CodeIgniter.php(486): CodeIgniter\CodeIgniter->startController()
 6 SYSTEMPATH\CodeIgniter.php(368): CodeIgniter\CodeIgniter->handleRequest(null, Object(Config\Cache), false)
 7 FCPATH\index.php(67): CodeIgniter\CodeIgniter->run()
CRITICAL - 2023-08-18 18:11:11 --> syntax error, unexpected token ")"
in APPPATH\Controllers\CortadorPost.php on line 324.
 1 SYSTEMPATH\Autoloader\Autoloader.php(289): CodeIgniter\Autoloader\Autoloader->includeFile('C:\\xampp\\htdocs\\codi\\app\\Controllers\\CortadorPost.php')
 2 SYSTEMPATH\Autoloader\Autoloader.php(267): CodeIgniter\Autoloader\Autoloader->loadInNamespace('App\\Controllers\\CortadorPost')
 3 [internal function]: CodeIgniter\Autoloader\Autoloader->loadClass('App\\Controllers\\CortadorPost')
 4 SYSTEMPATH\CodeIgniter.php(892): class_exists('\\App\\Controllers\\CortadorPost', true)
 5 SYSTEMPATH\CodeIgniter.php(486): CodeIgniter\CodeIgniter->startController()
 6 SYSTEMPATH\CodeIgniter.php(368): CodeIgniter\CodeIgniter->handleRequest(null, Object(Config\Cache), false)
 7 FCPATH\index.php(67): CodeIgniter\CodeIgniter->run()
CRITICAL - 2023-08-18 18:11:12 --> syntax error, unexpected token ")"
in APPPATH\Controllers\CortadorPost.php on line 324.
 1 SYSTEMPATH\Autoloader\Autoloader.php(289): CodeIgniter\Autoloader\Autoloader->includeFile('C:\\xampp\\htdocs\\codi\\app\\Controllers\\CortadorPost.php')
 2 SYSTEMPATH\Autoloader\Autoloader.php(267): CodeIgniter\Autoloader\Autoloader->loadInNamespace('App\\Controllers\\CortadorPost')
 3 [internal function]: CodeIgniter\Autoloader\Autoloader->loadClass('App\\Controllers\\CortadorPost')
 4 SYSTEMPATH\CodeIgniter.php(892): class_exists('\\App\\Controllers\\CortadorPost', true)
 5 SYSTEMPATH\CodeIgniter.php(486): CodeIgniter\CodeIgniter->startController()
 6 SYSTEMPATH\CodeIgniter.php(368): CodeIgniter\CodeIgniter->handleRequest(null, Object(Config\Cache), false)
 7 FCPATH\index.php(67): CodeIgniter\CodeIgniter->run()
CRITICAL - 2023-08-18 18:11:13 --> syntax error, unexpected token ")"
in APPPATH\Controllers\CortadorPost.php on line 324.
 1 SYSTEMPATH\Autoloader\Autoloader.php(289): CodeIgniter\Autoloader\Autoloader->includeFile('C:\\xampp\\htdocs\\codi\\app\\Controllers\\CortadorPost.php')
 2 SYSTEMPATH\Autoloader\Autoloader.php(267): CodeIgniter\Autoloader\Autoloader->loadInNamespace('App\\Controllers\\CortadorPost')
 3 [internal function]: CodeIgniter\Autoloader\Autoloader->loadClass('App\\Controllers\\CortadorPost')
 4 SYSTEMPATH\CodeIgniter.php(892): class_exists('\\App\\Controllers\\CortadorPost', true)
 5 SYSTEMPATH\CodeIgniter.php(486): CodeIgniter\CodeIgniter->startController()
 6 SYSTEMPATH\CodeIgniter.php(368): CodeIgniter\CodeIgniter->handleRequest(null, Object(Config\Cache), false)
 7 FCPATH\index.php(67): CodeIgniter\CodeIgniter->run()
CRITICAL - 2023-08-18 18:11:14 --> syntax error, unexpected token ")"
in APPPATH\Controllers\CortadorPost.php on line 324.
 1 SYSTEMPATH\Autoloader\Autoloader.php(289): CodeIgniter\Autoloader\Autoloader->includeFile('C:\\xampp\\htdocs\\codi\\app\\Controllers\\CortadorPost.php')
 2 SYSTEMPATH\Autoloader\Autoloader.php(267): CodeIgniter\Autoloader\Autoloader->loadInNamespace('App\\Controllers\\CortadorPost')
 3 [internal function]: CodeIgniter\Autoloader\Autoloader->loadClass('App\\Controllers\\CortadorPost')
 4 SYSTEMPATH\CodeIgniter.php(892): class_exists('\\App\\Controllers\\CortadorPost', true)
 5 SYSTEMPATH\CodeIgniter.php(486): CodeIgniter\CodeIgniter->startController()
 6 SYSTEMPATH\CodeIgniter.php(368): CodeIgniter\CodeIgniter->handleRequest(null, Object(Config\Cache), false)
 7 FCPATH\index.php(67): CodeIgniter\CodeIgniter->run()
CRITICAL - 2023-08-18 18:11:15 --> syntax error, unexpected token ")"
in APPPATH\Controllers\CortadorPost.php on line 324.
 1 SYSTEMPATH\Autoloader\Autoloader.php(289): CodeIgniter\Autoloader\Autoloader->includeFile('C:\\xampp\\htdocs\\codi\\app\\Controllers\\CortadorPost.php')
 2 SYSTEMPATH\Autoloader\Autoloader.php(267): CodeIgniter\Autoloader\Autoloader->loadInNamespace('App\\Controllers\\CortadorPost')
 3 [internal function]: CodeIgniter\Autoloader\Autoloader->loadClass('App\\Controllers\\CortadorPost')
 4 SYSTEMPATH\CodeIgniter.php(892): class_exists('\\App\\Controllers\\CortadorPost', true)
 5 SYSTEMPATH\CodeIgniter.php(486): CodeIgniter\CodeIgniter->startController()
 6 SYSTEMPATH\CodeIgniter.php(368): CodeIgniter\CodeIgniter->handleRequest(null, Object(Config\Cache), false)
 7 FCPATH\index.php(67): CodeIgniter\CodeIgniter->run()
CRITICAL - 2023-08-18 18:11:16 --> syntax error, unexpected token ")"
in APPPATH\Controllers\CortadorPost.php on line 324.
 1 SYSTEMPATH\Autoloader\Autoloader.php(289): CodeIgniter\Autoloader\Autoloader->includeFile('C:\\xampp\\htdocs\\codi\\app\\Controllers\\CortadorPost.php')
 2 SYSTEMPATH\Autoloader\Autoloader.php(267): CodeIgniter\Autoloader\Autoloader->loadInNamespace('App\\Controllers\\CortadorPost')
 3 [internal function]: CodeIgniter\Autoloader\Autoloader->loadClass('App\\Controllers\\CortadorPost')
 4 SYSTEMPATH\CodeIgniter.php(892): class_exists('\\App\\Controllers\\CortadorPost', true)
 5 SYSTEMPATH\CodeIgniter.php(486): CodeIgniter\CodeIgniter->startController()
 6 SYSTEMPATH\CodeIgniter.php(368): CodeIgniter\CodeIgniter->handleRequest(null, Object(Config\Cache), false)
 7 FCPATH\index.php(67): CodeIgniter\CodeIgniter->run()
CRITICAL - 2023-08-18 18:11:17 --> syntax error, unexpected token ")"
in APPPATH\Controllers\CortadorPost.php on line 324.
 1 SYSTEMPATH\Autoloader\Autoloader.php(289): CodeIgniter\Autoloader\Autoloader->includeFile('C:\\xampp\\htdocs\\codi\\app\\Controllers\\CortadorPost.php')
 2 SYSTEMPATH\Autoloader\Autoloader.php(267): CodeIgniter\Autoloader\Autoloader->loadInNamespace('App\\Controllers\\CortadorPost')
 3 [internal function]: CodeIgniter\Autoloader\Autoloader->loadClass('App\\Controllers\\CortadorPost')
 4 SYSTEMPATH\CodeIgniter.php(892): class_exists('\\App\\Controllers\\CortadorPost', true)
 5 SYSTEMPATH\CodeIgniter.php(486): CodeIgniter\CodeIgniter->startController()
 6 SYSTEMPATH\CodeIgniter.php(368): CodeIgniter\CodeIgniter->handleRequest(null, Object(Config\Cache), false)
 7 FCPATH\index.php(67): CodeIgniter\CodeIgniter->run()
CRITICAL - 2023-08-18 18:11:18 --> syntax error, unexpected token ")"
in APPPATH\Controllers\CortadorPost.php on line 324.
 1 SYSTEMPATH\Autoloader\Autoloader.php(289): CodeIgniter\Autoloader\Autoloader->includeFile('C:\\xampp\\htdocs\\codi\\app\\Controllers\\CortadorPost.php')
 2 SYSTEMPATH\Autoloader\Autoloader.php(267): CodeIgniter\Autoloader\Autoloader->loadInNamespace('App\\Controllers\\CortadorPost')
 3 [internal function]: CodeIgniter\Autoloader\Autoloader->loadClass('App\\Controllers\\CortadorPost')
 4 SYSTEMPATH\CodeIgniter.php(892): class_exists('\\App\\Controllers\\CortadorPost', true)
 5 SYSTEMPATH\CodeIgniter.php(486): CodeIgniter\CodeIgniter->startController()
 6 SYSTEMPATH\CodeIgniter.php(368): CodeIgniter\CodeIgniter->handleRequest(null, Object(Config\Cache), false)
 7 FCPATH\index.php(67): CodeIgniter\CodeIgniter->run()
CRITICAL - 2023-08-18 18:11:19 --> syntax error, unexpected token ")"
in APPPATH\Controllers\CortadorPost.php on line 324.
 1 SYSTEMPATH\Autoloader\Autoloader.php(289): CodeIgniter\Autoloader\Autoloader->includeFile('C:\\xampp\\htdocs\\codi\\app\\Controllers\\CortadorPost.php')
 2 SYSTEMPATH\Autoloader\Autoloader.php(267): CodeIgniter\Autoloader\Autoloader->loadInNamespace('App\\Controllers\\CortadorPost')
 3 [internal function]: CodeIgniter\Autoloader\Autoloader->loadClass('App\\Controllers\\CortadorPost')
 4 SYSTEMPATH\CodeIgniter.php(892): class_exists('\\App\\Controllers\\CortadorPost', true)
 5 SYSTEMPATH\CodeIgniter.php(486): CodeIgniter\CodeIgniter->startController()
 6 SYSTEMPATH\CodeIgniter.php(368): CodeIgniter\CodeIgniter->handleRequest(null, Object(Config\Cache), false)
 7 FCPATH\index.php(67): CodeIgniter\CodeIgniter->run()
CRITICAL - 2023-08-18 18:11:20 --> syntax error, unexpected token ")"
in APPPATH\Controllers\CortadorPost.php on line 324.
 1 SYSTEMPATH\Autoloader\Autoloader.php(289): CodeIgniter\Autoloader\Autoloader->includeFile('C:\\xampp\\htdocs\\codi\\app\\Controllers\\CortadorPost.php')
 2 SYSTEMPATH\Autoloader\Autoloader.php(267): CodeIgniter\Autoloader\Autoloader->loadInNamespace('App\\Controllers\\CortadorPost')
 3 [internal function]: CodeIgniter\Autoloader\Autoloader->loadClass('App\\Controllers\\CortadorPost')
 4 SYSTEMPATH\CodeIgniter.php(892): class_exists('\\App\\Controllers\\CortadorPost', true)
 5 SYSTEMPATH\CodeIgniter.php(486): CodeIgniter\CodeIgniter->startController()
 6 SYSTEMPATH\CodeIgniter.php(368): CodeIgniter\CodeIgniter->handleRequest(null, Object(Config\Cache), false)
 7 FCPATH\index.php(67): CodeIgniter\CodeIgniter->run()
CRITICAL - 2023-08-18 18:11:21 --> syntax error, unexpected token ")"
in APPPATH\Controllers\CortadorPost.php on line 324.
 1 SYSTEMPATH\Autoloader\Autoloader.php(289): CodeIgniter\Autoloader\Autoloader->includeFile('C:\\xampp\\htdocs\\codi\\app\\Controllers\\CortadorPost.php')
 2 SYSTEMPATH\Autoloader\Autoloader.php(267): CodeIgniter\Autoloader\Autoloader->loadInNamespace('App\\Controllers\\CortadorPost')
 3 [internal function]: CodeIgniter\Autoloader\Autoloader->loadClass('App\\Controllers\\CortadorPost')
 4 SYSTEMPATH\CodeIgniter.php(892): class_exists('\\App\\Controllers\\CortadorPost', true)
 5 SYSTEMPATH\CodeIgniter.php(486): CodeIgniter\CodeIgniter->startController()
 6 SYSTEMPATH\CodeIgniter.php(368): CodeIgniter\CodeIgniter->handleRequest(null, Object(Config\Cache), false)
 7 FCPATH\index.php(67): CodeIgniter\CodeIgniter->run()
CRITICAL - 2023-08-18 18:11:22 --> syntax error, unexpected token ")"
in APPPATH\Controllers\CortadorPost.php on line 324.
 1 SYSTEMPATH\Autoloader\Autoloader.php(289): CodeIgniter\Autoloader\Autoloader->includeFile('C:\\xampp\\htdocs\\codi\\app\\Controllers\\CortadorPost.php')
 2 SYSTEMPATH\Autoloader\Autoloader.php(267): CodeIgniter\Autoloader\Autoloader->loadInNamespace('App\\Controllers\\CortadorPost')
 3 [internal function]: CodeIgniter\Autoloader\Autoloader->loadClass('App\\Controllers\\CortadorPost')
 4 SYSTEMPATH\CodeIgniter.php(892): class_exists('\\App\\Controllers\\CortadorPost', true)
 5 SYSTEMPATH\CodeIgniter.php(486): CodeIgniter\CodeIgniter->startController()
 6 SYSTEMPATH\CodeIgniter.php(368): CodeIgniter\CodeIgniter->handleRequest(null, Object(Config\Cache), false)
 7 FCPATH\index.php(67): CodeIgniter\CodeIgniter->run()
CRITICAL - 2023-08-18 18:11:23 --> syntax error, unexpected token ")"
in APPPATH\Controllers\CortadorPost.php on line 324.
 1 SYSTEMPATH\Autoloader\Autoloader.php(289): CodeIgniter\Autoloader\Autoloader->includeFile('C:\\xampp\\htdocs\\codi\\app\\Controllers\\CortadorPost.php')
 2 SYSTEMPATH\Autoloader\Autoloader.php(267): CodeIgniter\Autoloader\Autoloader->loadInNamespace('App\\Controllers\\CortadorPost')
 3 [internal function]: CodeIgniter\Autoloader\Autoloader->loadClass('App\\Controllers\\CortadorPost')
 4 SYSTEMPATH\CodeIgniter.php(892): class_exists('\\App\\Controllers\\CortadorPost', true)
 5 SYSTEMPATH\CodeIgniter.php(486): CodeIgniter\CodeIgniter->startController()
 6 SYSTEMPATH\CodeIgniter.php(368): CodeIgniter\CodeIgniter->handleRequest(null, Object(Config\Cache), false)
 7 FCPATH\index.php(67): CodeIgniter\CodeIgniter->run()
CRITICAL - 2023-08-18 18:11:24 --> syntax error, unexpected token ")"
in APPPATH\Controllers\CortadorPost.php on line 324.
 1 SYSTEMPATH\Autoloader\Autoloader.php(289): CodeIgniter\Autoloader\Autoloader->includeFile('C:\\xampp\\htdocs\\codi\\app\\Controllers\\CortadorPost.php')
 2 SYSTEMPATH\Autoloader\Autoloader.php(267): CodeIgniter\Autoloader\Autoloader->loadInNamespace('App\\Controllers\\CortadorPost')
 3 [internal function]: CodeIgniter\Autoloader\Autoloader->loadClass('App\\Controllers\\CortadorPost')
 4 SYSTEMPATH\CodeIgniter.php(892): class_exists('\\App\\Controllers\\CortadorPost', true)
 5 SYSTEMPATH\CodeIgniter.php(486): CodeIgniter\CodeIgniter->startController()
 6 SYSTEMPATH\CodeIgniter.php(368): CodeIgniter\CodeIgniter->handleRequest(null, Object(Config\Cache), false)
 7 FCPATH\index.php(67): CodeIgniter\CodeIgniter->run()
CRITICAL - 2023-08-18 18:11:25 --> syntax error, unexpected token ")"
in APPPATH\Controllers\CortadorPost.php on line 324.
 1 SYSTEMPATH\Autoloader\Autoloader.php(289): CodeIgniter\Autoloader\Autoloader->includeFile('C:\\xampp\\htdocs\\codi\\app\\Controllers\\CortadorPost.php')
 2 SYSTEMPATH\Autoloader\Autoloader.php(267): CodeIgniter\Autoloader\Autoloader->loadInNamespace('App\\Controllers\\CortadorPost')
 3 [internal function]: CodeIgniter\Autoloader\Autoloader->loadClass('App\\Controllers\\CortadorPost')
 4 SYSTEMPATH\CodeIgniter.php(892): class_exists('\\App\\Controllers\\CortadorPost', true)
 5 SYSTEMPATH\CodeIgniter.php(486): CodeIgniter\CodeIgniter->startController()
 6 SYSTEMPATH\CodeIgniter.php(368): CodeIgniter\CodeIgniter->handleRequest(null, Object(Config\Cache), false)
 7 FCPATH\index.php(67): CodeIgniter\CodeIgniter->run()
CRITICAL - 2023-08-18 18:11:26 --> syntax error, unexpected token ")"
in APPPATH\Controllers\CortadorPost.php on line 324.
 1 SYSTEMPATH\Autoloader\Autoloader.php(289): CodeIgniter\Autoloader\Autoloader->includeFile('C:\\xampp\\htdocs\\codi\\app\\Controllers\\CortadorPost.php')
 2 SYSTEMPATH\Autoloader\Autoloader.php(267): CodeIgniter\Autoloader\Autoloader->loadInNamespace('App\\Controllers\\CortadorPost')
 3 [internal function]: CodeIgniter\Autoloader\Autoloader->loadClass('App\\Controllers\\CortadorPost')
 4 SYSTEMPATH\CodeIgniter.php(892): class_exists('\\App\\Controllers\\CortadorPost', true)
 5 SYSTEMPATH\CodeIgniter.php(486): CodeIgniter\CodeIgniter->startController()
 6 SYSTEMPATH\CodeIgniter.php(368): CodeIgniter\CodeIgniter->handleRequest(null, Object(Config\Cache), false)
 7 FCPATH\index.php(67): CodeIgniter\CodeIgniter->run()
CRITICAL - 2023-08-18 18:11:27 --> syntax error, unexpected token ")"
in APPPATH\Controllers\CortadorPost.php on line 324.
 1 SYSTEMPATH\Autoloader\Autoloader.php(289): CodeIgniter\Autoloader\Autoloader->includeFile('C:\\xampp\\htdocs\\codi\\app\\Controllers\\CortadorPost.php')
 2 SYSTEMPATH\Autoloader\Autoloader.php(267): CodeIgniter\Autoloader\Autoloader->loadInNamespace('App\\Controllers\\CortadorPost')
 3 [internal function]: CodeIgniter\Autoloader\Autoloader->loadClass('App\\Controllers\\CortadorPost')
 4 SYSTEMPATH\CodeIgniter.php(892): class_exists('\\App\\Controllers\\CortadorPost', true)
 5 SYSTEMPATH\CodeIgniter.php(486): CodeIgniter\CodeIgniter->startController()
 6 SYSTEMPATH\CodeIgniter.php(368): CodeIgniter\CodeIgniter->handleRequest(null, Object(Config\Cache), false)
 7 FCPATH\index.php(67): CodeIgniter\CodeIgniter->run()
CRITICAL - 2023-08-18 18:11:28 --> syntax error, unexpected token ")"
in APPPATH\Controllers\CortadorPost.php on line 324.
 1 SYSTEMPATH\Autoloader\Autoloader.php(289): CodeIgniter\Autoloader\Autoloader->includeFile('C:\\xampp\\htdocs\\codi\\app\\Controllers\\CortadorPost.php')
 2 SYSTEMPATH\Autoloader\Autoloader.php(267): CodeIgniter\Autoloader\Autoloader->loadInNamespace('App\\Controllers\\CortadorPost')
 3 [internal function]: CodeIgniter\Autoloader\Autoloader->loadClass('App\\Controllers\\CortadorPost')
 4 SYSTEMPATH\CodeIgniter.php(892): class_exists('\\App\\Controllers\\CortadorPost', true)
 5 SYSTEMPATH\CodeIgniter.php(486): CodeIgniter\CodeIgniter->startController()
 6 SYSTEMPATH\CodeIgniter.php(368): CodeIgniter\CodeIgniter->handleRequest(null, Object(Config\Cache), false)
 7 FCPATH\index.php(67): CodeIgniter\CodeIgniter->run()
CRITICAL - 2023-08-18 18:11:29 --> syntax error, unexpected token ")"
in APPPATH\Controllers\CortadorPost.php on line 324.
 1 SYSTEMPATH\Autoloader\Autoloader.php(289): CodeIgniter\Autoloader\Autoloader->includeFile('C:\\xampp\\htdocs\\codi\\app\\Controllers\\CortadorPost.php')
 2 SYSTEMPATH\Autoloader\Autoloader.php(267): CodeIgniter\Autoloader\Autoloader->loadInNamespace('App\\Controllers\\CortadorPost')
 3 [internal function]: CodeIgniter\Autoloader\Autoloader->loadClass('App\\Controllers\\CortadorPost')
 4 SYSTEMPATH\CodeIgniter.php(892): class_exists('\\App\\Controllers\\CortadorPost', true)
 5 SYSTEMPATH\CodeIgniter.php(486): CodeIgniter\CodeIgniter->startController()
 6 SYSTEMPATH\CodeIgniter.php(368): CodeIgniter\CodeIgniter->handleRequest(null, Object(Config\Cache), false)
 7 FCPATH\index.php(67): CodeIgniter\CodeIgniter->run()
CRITICAL - 2023-08-18 18:11:30 --> syntax error, unexpected token ")"
in APPPATH\Controllers\CortadorPost.php on line 324.
 1 SYSTEMPATH\Autoloader\Autoloader.php(289): CodeIgniter\Autoloader\Autoloader->includeFile('C:\\xampp\\htdocs\\codi\\app\\Controllers\\CortadorPost.php')
 2 SYSTEMPATH\Autoloader\Autoloader.php(267): CodeIgniter\Autoloader\Autoloader->loadInNamespace('App\\Controllers\\CortadorPost')
 3 [internal function]: CodeIgniter\Autoloader\Autoloader->loadClass('App\\Controllers\\CortadorPost')
 4 SYSTEMPATH\CodeIgniter.php(892): class_exists('\\App\\Controllers\\CortadorPost', true)
 5 SYSTEMPATH\CodeIgniter.php(486): CodeIgniter\CodeIgniter->startController()
 6 SYSTEMPATH\CodeIgniter.php(368): CodeIgniter\CodeIgniter->handleRequest(null, Object(Config\Cache), false)
 7 FCPATH\index.php(67): CodeIgniter\CodeIgniter->run()
CRITICAL - 2023-08-18 18:11:31 --> syntax error, unexpected token ")"
in APPPATH\Controllers\CortadorPost.php on line 324.
 1 SYSTEMPATH\Autoloader\Autoloader.php(289): CodeIgniter\Autoloader\Autoloader->includeFile('C:\\xampp\\htdocs\\codi\\app\\Controllers\\CortadorPost.php')
 2 SYSTEMPATH\Autoloader\Autoloader.php(267): CodeIgniter\Autoloader\Autoloader->loadInNamespace('App\\Controllers\\CortadorPost')
 3 [internal function]: CodeIgniter\Autoloader\Autoloader->loadClass('App\\Controllers\\CortadorPost')
 4 SYSTEMPATH\CodeIgniter.php(892): class_exists('\\App\\Controllers\\CortadorPost', true)
 5 SYSTEMPATH\CodeIgniter.php(486): CodeIgniter\CodeIgniter->startController()
 6 SYSTEMPATH\CodeIgniter.php(368): CodeIgniter\CodeIgniter->handleRequest(null, Object(Config\Cache), false)
 7 FCPATH\index.php(67): CodeIgniter\CodeIgniter->run()
CRITICAL - 2023-08-18 18:11:32 --> syntax error, unexpected token ")"
in APPPATH\Controllers\CortadorPost.php on line 324.
 1 SYSTEMPATH\Autoloader\Autoloader.php(289): CodeIgniter\Autoloader\Autoloader->includeFile('C:\\xampp\\htdocs\\codi\\app\\Controllers\\CortadorPost.php')
 2 SYSTEMPATH\Autoloader\Autoloader.php(267): CodeIgniter\Autoloader\Autoloader->loadInNamespace('App\\Controllers\\CortadorPost')
 3 [internal function]: CodeIgniter\Autoloader\Autoloader->loadClass('App\\Controllers\\CortadorPost')
 4 SYSTEMPATH\CodeIgniter.php(892): class_exists('\\App\\Controllers\\CortadorPost', true)
 5 SYSTEMPATH\CodeIgniter.php(486): CodeIgniter\CodeIgniter->startController()
 6 SYSTEMPATH\CodeIgniter.php(368): CodeIgniter\CodeIgniter->handleRequest(null, Object(Config\Cache), false)
 7 FCPATH\index.php(67): CodeIgniter\CodeIgniter->run()
CRITICAL - 2023-08-18 18:11:33 --> syntax error, unexpected token ")"
in APPPATH\Controllers\CortadorPost.php on line 324.
 1 SYSTEMPATH\Autoloader\Autoloader.php(289): CodeIgniter\Autoloader\Autoloader->includeFile('C:\\xampp\\htdocs\\codi\\app\\Controllers\\CortadorPost.php')
 2 SYSTEMPATH\Autoloader\Autoloader.php(267): CodeIgniter\Autoloader\Autoloader->loadInNamespace('App\\Controllers\\CortadorPost')
 3 [internal function]: CodeIgniter\Autoloader\Autoloader->loadClass('App\\Controllers\\CortadorPost')
 4 SYSTEMPATH\CodeIgniter.php(892): class_exists('\\App\\Controllers\\CortadorPost', true)
 5 SYSTEMPATH\CodeIgniter.php(486): CodeIgniter\CodeIgniter->startController()
 6 SYSTEMPATH\CodeIgniter.php(368): CodeIgniter\CodeIgniter->handleRequest(null, Object(Config\Cache), false)
 7 FCPATH\index.php(67): CodeIgniter\CodeIgniter->run()
CRITICAL - 2023-08-18 18:11:34 --> syntax error, unexpected token ")"
in APPPATH\Controllers\CortadorPost.php on line 324.
 1 SYSTEMPATH\Autoloader\Autoloader.php(289): CodeIgniter\Autoloader\Autoloader->includeFile('C:\\xampp\\htdocs\\codi\\app\\Controllers\\CortadorPost.php')
 2 SYSTEMPATH\Autoloader\Autoloader.php(267): CodeIgniter\Autoloader\Autoloader->loadInNamespace('App\\Controllers\\CortadorPost')
 3 [internal function]: CodeIgniter\Autoloader\Autoloader->loadClass('App\\Controllers\\CortadorPost')
 4 SYSTEMPATH\CodeIgniter.php(892): class_exists('\\App\\Controllers\\CortadorPost', true)
 5 SYSTEMPATH\CodeIgniter.php(486): CodeIgniter\CodeIgniter->startController()
 6 SYSTEMPATH\CodeIgniter.php(368): CodeIgniter\CodeIgniter->handleRequest(null, Object(Config\Cache), false)
 7 FCPATH\index.php(67): CodeIgniter\CodeIgniter->run()
CRITICAL - 2023-08-18 18:11:35 --> syntax error, unexpected token ")"
in APPPATH\Controllers\CortadorPost.php on line 324.
 1 SYSTEMPATH\Autoloader\Autoloader.php(289): CodeIgniter\Autoloader\Autoloader->includeFile('C:\\xampp\\htdocs\\codi\\app\\Controllers\\CortadorPost.php')
 2 SYSTEMPATH\Autoloader\Autoloader.php(267): CodeIgniter\Autoloader\Autoloader->loadInNamespace('App\\Controllers\\CortadorPost')
 3 [internal function]: CodeIgniter\Autoloader\Autoloader->loadClass('App\\Controllers\\CortadorPost')
 4 SYSTEMPATH\CodeIgniter.php(892): class_exists('\\App\\Controllers\\CortadorPost', true)
 5 SYSTEMPATH\CodeIgniter.php(486): CodeIgniter\CodeIgniter->startController()
 6 SYSTEMPATH\CodeIgniter.php(368): CodeIgniter\CodeIgniter->handleRequest(null, Object(Config\Cache), false)
 7 FCPATH\index.php(67): CodeIgniter\CodeIgniter->run()
CRITICAL - 2023-08-18 18:11:36 --> syntax error, unexpected token ")"
in APPPATH\Controllers\CortadorPost.php on line 324.
 1 SYSTEMPATH\Autoloader\Autoloader.php(289): CodeIgniter\Autoloader\Autoloader->includeFile('C:\\xampp\\htdocs\\codi\\app\\Controllers\\CortadorPost.php')
 2 SYSTEMPATH\Autoloader\Autoloader.php(267): CodeIgniter\Autoloader\Autoloader->loadInNamespace('App\\Controllers\\CortadorPost')
 3 [internal function]: CodeIgniter\Autoloader\Autoloader->loadClass('App\\Controllers\\CortadorPost')
 4 SYSTEMPATH\CodeIgniter.php(892): class_exists('\\App\\Controllers\\CortadorPost', true)
 5 SYSTEMPATH\CodeIgniter.php(486): CodeIgniter\CodeIgniter->startController()
 6 SYSTEMPATH\CodeIgniter.php(368): CodeIgniter\CodeIgniter->handleRequest(null, Object(Config\Cache), false)
 7 FCPATH\index.php(67): CodeIgniter\CodeIgniter->run()
CRITICAL - 2023-08-18 18:11:37 --> syntax error, unexpected token ")"
in APPPATH\Controllers\CortadorPost.php on line 324.
 1 SYSTEMPATH\Autoloader\Autoloader.php(289): CodeIgniter\Autoloader\Autoloader->includeFile('C:\\xampp\\htdocs\\codi\\app\\Controllers\\CortadorPost.php')
 2 SYSTEMPATH\Autoloader\Autoloader.php(267): CodeIgniter\Autoloader\Autoloader->loadInNamespace('App\\Controllers\\CortadorPost')
 3 [internal function]: CodeIgniter\Autoloader\Autoloader->loadClass('App\\Controllers\\CortadorPost')
 4 SYSTEMPATH\CodeIgniter.php(892): class_exists('\\App\\Controllers\\CortadorPost', true)
 5 SYSTEMPATH\CodeIgniter.php(486): CodeIgniter\CodeIgniter->startController()
 6 SYSTEMPATH\CodeIgniter.php(368): CodeIgniter\CodeIgniter->handleRequest(null, Object(Config\Cache), false)
 7 FCPATH\index.php(67): CodeIgniter\CodeIgniter->run()
CRITICAL - 2023-08-18 18:11:38 --> syntax error, unexpected token ")"
in APPPATH\Controllers\CortadorPost.php on line 324.
 1 SYSTEMPATH\Autoloader\Autoloader.php(289): CodeIgniter\Autoloader\Autoloader->includeFile('C:\\xampp\\htdocs\\codi\\app\\Controllers\\CortadorPost.php')
 2 SYSTEMPATH\Autoloader\Autoloader.php(267): CodeIgniter\Autoloader\Autoloader->loadInNamespace('App\\Controllers\\CortadorPost')
 3 [internal function]: CodeIgniter\Autoloader\Autoloader->loadClass('App\\Controllers\\CortadorPost')
 4 SYSTEMPATH\CodeIgniter.php(892): class_exists('\\App\\Controllers\\CortadorPost', true)
 5 SYSTEMPATH\CodeIgniter.php(486): CodeIgniter\CodeIgniter->startController()
 6 SYSTEMPATH\CodeIgniter.php(368): CodeIgniter\CodeIgniter->handleRequest(null, Object(Config\Cache), false)
 7 FCPATH\index.php(67): CodeIgniter\CodeIgniter->run()
CRITICAL - 2023-08-18 18:11:39 --> syntax error, unexpected token ")"
in APPPATH\Controllers\CortadorPost.php on line 324.
 1 SYSTEMPATH\Autoloader\Autoloader.php(289): CodeIgniter\Autoloader\Autoloader->includeFile('C:\\xampp\\htdocs\\codi\\app\\Controllers\\CortadorPost.php')
 2 SYSTEMPATH\Autoloader\Autoloader.php(267): CodeIgniter\Autoloader\Autoloader->loadInNamespace('App\\Controllers\\CortadorPost')
 3 [internal function]: CodeIgniter\Autoloader\Autoloader->loadClass('App\\Controllers\\CortadorPost')
 4 SYSTEMPATH\CodeIgniter.php(892): class_exists('\\App\\Controllers\\CortadorPost', true)
 5 SYSTEMPATH\CodeIgniter.php(486): CodeIgniter\CodeIgniter->startController()
 6 SYSTEMPATH\CodeIgniter.php(368): CodeIgniter\CodeIgniter->handleRequest(null, Object(Config\Cache), false)
 7 FCPATH\index.php(67): CodeIgniter\CodeIgniter->run()
CRITICAL - 2023-08-18 18:11:40 --> syntax error, unexpected token ")"
in APPPATH\Controllers\CortadorPost.php on line 324.
 1 SYSTEMPATH\Autoloader\Autoloader.php(289): CodeIgniter\Autoloader\Autoloader->includeFile('C:\\xampp\\htdocs\\codi\\app\\Controllers\\CortadorPost.php')
 2 SYSTEMPATH\Autoloader\Autoloader.php(267): CodeIgniter\Autoloader\Autoloader->loadInNamespace('App\\Controllers\\CortadorPost')
 3 [internal function]: CodeIgniter\Autoloader\Autoloader->loadClass('App\\Controllers\\CortadorPost')
 4 SYSTEMPATH\CodeIgniter.php(892): class_exists('\\App\\Controllers\\CortadorPost', true)
 5 SYSTEMPATH\CodeIgniter.php(486): CodeIgniter\CodeIgniter->startController()
 6 SYSTEMPATH\CodeIgniter.php(368): CodeIgniter\CodeIgniter->handleRequest(null, Object(Config\Cache), false)
 7 FCPATH\index.php(67): CodeIgniter\CodeIgniter->run()
CRITICAL - 2023-08-18 18:11:41 --> syntax error, unexpected token ")"
in APPPATH\Controllers\CortadorPost.php on line 324.
 1 SYSTEMPATH\Autoloader\Autoloader.php(289): CodeIgniter\Autoloader\Autoloader->includeFile('C:\\xampp\\htdocs\\codi\\app\\Controllers\\CortadorPost.php')
 2 SYSTEMPATH\Autoloader\Autoloader.php(267): CodeIgniter\Autoloader\Autoloader->loadInNamespace('App\\Controllers\\CortadorPost')
 3 [internal function]: CodeIgniter\Autoloader\Autoloader->loadClass('App\\Controllers\\CortadorPost')
 4 SYSTEMPATH\CodeIgniter.php(892): class_exists('\\App\\Controllers\\CortadorPost', true)
 5 SYSTEMPATH\CodeIgniter.php(486): CodeIgniter\CodeIgniter->startController()
 6 SYSTEMPATH\CodeIgniter.php(368): CodeIgniter\CodeIgniter->handleRequest(null, Object(Config\Cache), false)
 7 FCPATH\index.php(67): CodeIgniter\CodeIgniter->run()
CRITICAL - 2023-08-18 18:11:42 --> syntax error, unexpected token ")"
in APPPATH\Controllers\CortadorPost.php on line 324.
 1 SYSTEMPATH\Autoloader\Autoloader.php(289): CodeIgniter\Autoloader\Autoloader->includeFile('C:\\xampp\\htdocs\\codi\\app\\Controllers\\CortadorPost.php')
 2 SYSTEMPATH\Autoloader\Autoloader.php(267): CodeIgniter\Autoloader\Autoloader->loadInNamespace('App\\Controllers\\CortadorPost')
 3 [internal function]: CodeIgniter\Autoloader\Autoloader->loadClass('App\\Controllers\\CortadorPost')
 4 SYSTEMPATH\CodeIgniter.php(892): class_exists('\\App\\Controllers\\CortadorPost', true)
 5 SYSTEMPATH\CodeIgniter.php(486): CodeIgniter\CodeIgniter->startController()
 6 SYSTEMPATH\CodeIgniter.php(368): CodeIgniter\CodeIgniter->handleRequest(null, Object(Config\Cache), false)
 7 FCPATH\index.php(67): CodeIgniter\CodeIgniter->run()
CRITICAL - 2023-08-18 18:12:39 --> syntax error, unexpected token ")"
in APPPATH\Controllers\CortadorPost.php on line 324.
 1 SYSTEMPATH\Autoloader\Autoloader.php(289): CodeIgniter\Autoloader\Autoloader->includeFile('C:\\xampp\\htdocs\\codi\\app\\Controllers\\CortadorPost.php')
 2 SYSTEMPATH\Autoloader\Autoloader.php(267): CodeIgniter\Autoloader\Autoloader->loadInNamespace('App\\Controllers\\CortadorPost')
 3 [internal function]: CodeIgniter\Autoloader\Autoloader->loadClass('App\\Controllers\\CortadorPost')
 4 SYSTEMPATH\CodeIgniter.php(892): class_exists('\\App\\Controllers\\CortadorPost', true)
 5 SYSTEMPATH\CodeIgniter.php(486): CodeIgniter\CodeIgniter->startController()
 6 SYSTEMPATH\CodeIgniter.php(368): CodeIgniter\CodeIgniter->handleRequest(null, Object(Config\Cache), false)
 7 FCPATH\index.php(67): CodeIgniter\CodeIgniter->run()
CRITICAL - 2023-08-18 18:13:39 --> syntax error, unexpected token ")"
in APPPATH\Controllers\CortadorPost.php on line 324.
 1 SYSTEMPATH\Autoloader\Autoloader.php(289): CodeIgniter\Autoloader\Autoloader->includeFile('C:\\xampp\\htdocs\\codi\\app\\Controllers\\CortadorPost.php')
 2 SYSTEMPATH\Autoloader\Autoloader.php(267): CodeIgniter\Autoloader\Autoloader->loadInNamespace('App\\Controllers\\CortadorPost')
 3 [internal function]: CodeIgniter\Autoloader\Autoloader->loadClass('App\\Controllers\\CortadorPost')
 4 SYSTEMPATH\CodeIgniter.php(892): class_exists('\\App\\Controllers\\CortadorPost', true)
 5 SYSTEMPATH\CodeIgniter.php(486): CodeIgniter\CodeIgniter->startController()
 6 SYSTEMPATH\CodeIgniter.php(368): CodeIgniter\CodeIgniter->handleRequest(null, Object(Config\Cache), false)
 7 FCPATH\index.php(67): CodeIgniter\CodeIgniter->run()
CRITICAL - 2023-08-18 18:14:39 --> syntax error, unexpected token ")"
in APPPATH\Controllers\CortadorPost.php on line 324.
 1 SYSTEMPATH\Autoloader\Autoloader.php(289): CodeIgniter\Autoloader\Autoloader->includeFile('C:\\xampp\\htdocs\\codi\\app\\Controllers\\CortadorPost.php')
 2 SYSTEMPATH\Autoloader\Autoloader.php(267): CodeIgniter\Autoloader\Autoloader->loadInNamespace('App\\Controllers\\CortadorPost')
 3 [internal function]: CodeIgniter\Autoloader\Autoloader->loadClass('App\\Controllers\\CortadorPost')
 4 SYSTEMPATH\CodeIgniter.php(892): class_exists('\\App\\Controllers\\CortadorPost', true)
 5 SYSTEMPATH\CodeIgniter.php(486): CodeIgniter\CodeIgniter->startController()
 6 SYSTEMPATH\CodeIgniter.php(368): CodeIgniter\CodeIgniter->handleRequest(null, Object(Config\Cache), false)
 7 FCPATH\index.php(67): CodeIgniter\CodeIgniter->run()
CRITICAL - 2023-08-18 18:15:39 --> syntax error, unexpected token ")"
in APPPATH\Controllers\CortadorPost.php on line 324.
 1 SYSTEMPATH\Autoloader\Autoloader.php(289): CodeIgniter\Autoloader\Autoloader->includeFile('C:\\xampp\\htdocs\\codi\\app\\Controllers\\CortadorPost.php')
 2 SYSTEMPATH\Autoloader\Autoloader.php(267): CodeIgniter\Autoloader\Autoloader->loadInNamespace('App\\Controllers\\CortadorPost')
 3 [internal function]: CodeIgniter\Autoloader\Autoloader->loadClass('App\\Controllers\\CortadorPost')
 4 SYSTEMPATH\CodeIgniter.php(892): class_exists('\\App\\Controllers\\CortadorPost', true)
 5 SYSTEMPATH\CodeIgniter.php(486): CodeIgniter\CodeIgniter->startController()
 6 SYSTEMPATH\CodeIgniter.php(368): CodeIgniter\CodeIgniter->handleRequest(null, Object(Config\Cache), false)
 7 FCPATH\index.php(67): CodeIgniter\CodeIgniter->run()
CRITICAL - 2023-08-18 18:16:39 --> syntax error, unexpected token ")"
in APPPATH\Controllers\CortadorPost.php on line 324.
 1 SYSTEMPATH\Autoloader\Autoloader.php(289): CodeIgniter\Autoloader\Autoloader->includeFile('C:\\xampp\\htdocs\\codi\\app\\Controllers\\CortadorPost.php')
 2 SYSTEMPATH\Autoloader\Autoloader.php(267): CodeIgniter\Autoloader\Autoloader->loadInNamespace('App\\Controllers\\CortadorPost')
 3 [internal function]: CodeIgniter\Autoloader\Autoloader->loadClass('App\\Controllers\\CortadorPost')
 4 SYSTEMPATH\CodeIgniter.php(892): class_exists('\\App\\Controllers\\CortadorPost', true)
 5 SYSTEMPATH\CodeIgniter.php(486): CodeIgniter\CodeIgniter->startController()
 6 SYSTEMPATH\CodeIgniter.php(368): CodeIgniter\CodeIgniter->handleRequest(null, Object(Config\Cache), false)
 7 FCPATH\index.php(67): CodeIgniter\CodeIgniter->run()
CRITICAL - 2023-08-18 18:16:49 --> syntax error, unexpected token ")"
in APPPATH\Controllers\CortadorPost.php on line 324.
 1 SYSTEMPATH\Autoloader\Autoloader.php(289): CodeIgniter\Autoloader\Autoloader->includeFile('C:\\xampp\\htdocs\\codi\\app\\Controllers\\CortadorPost.php')
 2 SYSTEMPATH\Autoloader\Autoloader.php(267): CodeIgniter\Autoloader\Autoloader->loadInNamespace('App\\Controllers\\CortadorPost')
 3 [internal function]: CodeIgniter\Autoloader\Autoloader->loadClass('App\\Controllers\\CortadorPost')
 4 SYSTEMPATH\CodeIgniter.php(892): class_exists('\\App\\Controllers\\CortadorPost', true)
 5 SYSTEMPATH\CodeIgniter.php(486): CodeIgniter\CodeIgniter->startController()
 6 SYSTEMPATH\CodeIgniter.php(368): CodeIgniter\CodeIgniter->handleRequest(null, Object(Config\Cache), false)
 7 FCPATH\index.php(67): CodeIgniter\CodeIgniter->run()
CRITICAL - 2023-08-18 18:16:49 --> syntax error, unexpected token ")"
in APPPATH\Controllers\CortadorPost.php on line 324.
 1 SYSTEMPATH\Autoloader\Autoloader.php(289): CodeIgniter\Autoloader\Autoloader->includeFile('C:\\xampp\\htdocs\\codi\\app\\Controllers\\CortadorPost.php')
 2 SYSTEMPATH\Autoloader\Autoloader.php(267): CodeIgniter\Autoloader\Autoloader->loadInNamespace('App\\Controllers\\CortadorPost')
 3 [internal function]: CodeIgniter\Autoloader\Autoloader->loadClass('App\\Controllers\\CortadorPost')
 4 SYSTEMPATH\CodeIgniter.php(892): class_exists('\\App\\Controllers\\CortadorPost', true)
 5 SYSTEMPATH\CodeIgniter.php(486): CodeIgniter\CodeIgniter->startController()
 6 SYSTEMPATH\CodeIgniter.php(368): CodeIgniter\CodeIgniter->handleRequest(null, Object(Config\Cache), false)
 7 FCPATH\index.php(67): CodeIgniter\CodeIgniter->run()
CRITICAL - 2023-08-18 18:16:49 --> syntax error, unexpected token ")"
in APPPATH\Controllers\CortadorPost.php on line 324.
 1 SYSTEMPATH\Autoloader\Autoloader.php(289): CodeIgniter\Autoloader\Autoloader->includeFile('C:\\xampp\\htdocs\\codi\\app\\Controllers\\CortadorPost.php')
 2 SYSTEMPATH\Autoloader\Autoloader.php(267): CodeIgniter\Autoloader\Autoloader->loadInNamespace('App\\Controllers\\CortadorPost')
 3 [internal function]: CodeIgniter\Autoloader\Autoloader->loadClass('App\\Controllers\\CortadorPost')
 4 SYSTEMPATH\CodeIgniter.php(892): class_exists('\\App\\Controllers\\CortadorPost', true)
 5 SYSTEMPATH\CodeIgniter.php(486): CodeIgniter\CodeIgniter->startController()
 6 SYSTEMPATH\CodeIgniter.php(368): CodeIgniter\CodeIgniter->handleRequest(null, Object(Config\Cache), false)
 7 FCPATH\index.php(67): CodeIgniter\CodeIgniter->run()
CRITICAL - 2023-08-18 18:16:49 --> syntax error, unexpected token ")"
in APPPATH\Controllers\CortadorPost.php on line 324.
 1 SYSTEMPATH\Autoloader\Autoloader.php(289): CodeIgniter\Autoloader\Autoloader->includeFile('C:\\xampp\\htdocs\\codi\\app\\Controllers\\CortadorPost.php')
 2 SYSTEMPATH\Autoloader\Autoloader.php(267): CodeIgniter\Autoloader\Autoloader->loadInNamespace('App\\Controllers\\CortadorPost')
 3 [internal function]: CodeIgniter\Autoloader\Autoloader->loadClass('App\\Controllers\\CortadorPost')
 4 SYSTEMPATH\CodeIgniter.php(892): class_exists('\\App\\Controllers\\CortadorPost', true)
 5 SYSTEMPATH\CodeIgniter.php(486): CodeIgniter\CodeIgniter->startController()
 6 SYSTEMPATH\CodeIgniter.php(368): CodeIgniter\CodeIgniter->handleRequest(null, Object(Config\Cache), false)
 7 FCPATH\index.php(67): CodeIgniter\CodeIgniter->run()
CRITICAL - 2023-08-18 18:16:50 --> syntax error, unexpected token ")"
in APPPATH\Controllers\CortadorPost.php on line 324.
 1 SYSTEMPATH\Autoloader\Autoloader.php(289): CodeIgniter\Autoloader\Autoloader->includeFile('C:\\xampp\\htdocs\\codi\\app\\Controllers\\CortadorPost.php')
 2 SYSTEMPATH\Autoloader\Autoloader.php(267): CodeIgniter\Autoloader\Autoloader->loadInNamespace('App\\Controllers\\CortadorPost')
 3 [internal function]: CodeIgniter\Autoloader\Autoloader->loadClass('App\\Controllers\\CortadorPost')
 4 SYSTEMPATH\CodeIgniter.php(892): class_exists('\\App\\Controllers\\CortadorPost', true)
 5 SYSTEMPATH\CodeIgniter.php(486): CodeIgniter\CodeIgniter->startController()
 6 SYSTEMPATH\CodeIgniter.php(368): CodeIgniter\CodeIgniter->handleRequest(null, Object(Config\Cache), false)
 7 FCPATH\index.php(67): CodeIgniter\CodeIgniter->run()
CRITICAL - 2023-08-18 18:16:51 --> syntax error, unexpected token ")"
in APPPATH\Controllers\CortadorPost.php on line 324.
 1 SYSTEMPATH\Autoloader\Autoloader.php(289): CodeIgniter\Autoloader\Autoloader->includeFile('C:\\xampp\\htdocs\\codi\\app\\Controllers\\CortadorPost.php')
 2 SYSTEMPATH\Autoloader\Autoloader.php(267): CodeIgniter\Autoloader\Autoloader->loadInNamespace('App\\Controllers\\CortadorPost')
 3 [internal function]: CodeIgniter\Autoloader\Autoloader->loadClass('App\\Controllers\\CortadorPost')
 4 SYSTEMPATH\CodeIgniter.php(892): class_exists('\\App\\Controllers\\CortadorPost', true)
 5 SYSTEMPATH\CodeIgniter.php(486): CodeIgniter\CodeIgniter->startController()
 6 SYSTEMPATH\CodeIgniter.php(368): CodeIgniter\CodeIgniter->handleRequest(null, Object(Config\Cache), false)
 7 FCPATH\index.php(67): CodeIgniter\CodeIgniter->run()
CRITICAL - 2023-08-18 18:16:52 --> syntax error, unexpected token ")"
in APPPATH\Controllers\CortadorPost.php on line 324.
 1 SYSTEMPATH\Autoloader\Autoloader.php(289): CodeIgniter\Autoloader\Autoloader->includeFile('C:\\xampp\\htdocs\\codi\\app\\Controllers\\CortadorPost.php')
 2 SYSTEMPATH\Autoloader\Autoloader.php(267): CodeIgniter\Autoloader\Autoloader->loadInNamespace('App\\Controllers\\CortadorPost')
 3 [internal function]: CodeIgniter\Autoloader\Autoloader->loadClass('App\\Controllers\\CortadorPost')
 4 SYSTEMPATH\CodeIgniter.php(892): class_exists('\\App\\Controllers\\CortadorPost', true)
 5 SYSTEMPATH\CodeIgniter.php(486): CodeIgniter\CodeIgniter->startController()
 6 SYSTEMPATH\CodeIgniter.php(368): CodeIgniter\CodeIgniter->handleRequest(null, Object(Config\Cache), false)
 7 FCPATH\index.php(67): CodeIgniter\CodeIgniter->run()
CRITICAL - 2023-08-18 18:16:53 --> syntax error, unexpected token ")"
in APPPATH\Controllers\CortadorPost.php on line 324.
 1 SYSTEMPATH\Autoloader\Autoloader.php(289): CodeIgniter\Autoloader\Autoloader->includeFile('C:\\xampp\\htdocs\\codi\\app\\Controllers\\CortadorPost.php')
 2 SYSTEMPATH\Autoloader\Autoloader.php(267): CodeIgniter\Autoloader\Autoloader->loadInNamespace('App\\Controllers\\CortadorPost')
 3 [internal function]: CodeIgniter\Autoloader\Autoloader->loadClass('App\\Controllers\\CortadorPost')
 4 SYSTEMPATH\CodeIgniter.php(892): class_exists('\\App\\Controllers\\CortadorPost', true)
 5 SYSTEMPATH\CodeIgniter.php(486): CodeIgniter\CodeIgniter->startController()
 6 SYSTEMPATH\CodeIgniter.php(368): CodeIgniter\CodeIgniter->handleRequest(null, Object(Config\Cache), false)
 7 FCPATH\index.php(67): CodeIgniter\CodeIgniter->run()
CRITICAL - 2023-08-18 18:16:54 --> syntax error, unexpected token ")"
in APPPATH\Controllers\CortadorPost.php on line 324.
 1 SYSTEMPATH\Autoloader\Autoloader.php(289): CodeIgniter\Autoloader\Autoloader->includeFile('C:\\xampp\\htdocs\\codi\\app\\Controllers\\CortadorPost.php')
 2 SYSTEMPATH\Autoloader\Autoloader.php(267): CodeIgniter\Autoloader\Autoloader->loadInNamespace('App\\Controllers\\CortadorPost')
 3 [internal function]: CodeIgniter\Autoloader\Autoloader->loadClass('App\\Controllers\\CortadorPost')
 4 SYSTEMPATH\CodeIgniter.php(892): class_exists('\\App\\Controllers\\CortadorPost', true)
 5 SYSTEMPATH\CodeIgniter.php(486): CodeIgniter\CodeIgniter->startController()
 6 SYSTEMPATH\CodeIgniter.php(368): CodeIgniter\CodeIgniter->handleRequest(null, Object(Config\Cache), false)
 7 FCPATH\index.php(67): CodeIgniter\CodeIgniter->run()
CRITICAL - 2023-08-18 18:16:55 --> syntax error, unexpected token ")"
in APPPATH\Controllers\CortadorPost.php on line 324.
 1 SYSTEMPATH\Autoloader\Autoloader.php(289): CodeIgniter\Autoloader\Autoloader->includeFile('C:\\xampp\\htdocs\\codi\\app\\Controllers\\CortadorPost.php')
 2 SYSTEMPATH\Autoloader\Autoloader.php(267): CodeIgniter\Autoloader\Autoloader->loadInNamespace('App\\Controllers\\CortadorPost')
 3 [internal function]: CodeIgniter\Autoloader\Autoloader->loadClass('App\\Controllers\\CortadorPost')
 4 SYSTEMPATH\CodeIgniter.php(892): class_exists('\\App\\Controllers\\CortadorPost', true)
 5 SYSTEMPATH\CodeIgniter.php(486): CodeIgniter\CodeIgniter->startController()
 6 SYSTEMPATH\CodeIgniter.php(368): CodeIgniter\CodeIgniter->handleRequest(null, Object(Config\Cache), false)
 7 FCPATH\index.php(67): CodeIgniter\CodeIgniter->run()
CRITICAL - 2023-08-18 18:16:56 --> syntax error, unexpected token ")"
in APPPATH\Controllers\CortadorPost.php on line 324.
 1 SYSTEMPATH\Autoloader\Autoloader.php(289): CodeIgniter\Autoloader\Autoloader->includeFile('C:\\xampp\\htdocs\\codi\\app\\Controllers\\CortadorPost.php')
 2 SYSTEMPATH\Autoloader\Autoloader.php(267): CodeIgniter\Autoloader\Autoloader->loadInNamespace('App\\Controllers\\CortadorPost')
 3 [internal function]: CodeIgniter\Autoloader\Autoloader->loadClass('App\\Controllers\\CortadorPost')
 4 SYSTEMPATH\CodeIgniter.php(892): class_exists('\\App\\Controllers\\CortadorPost', true)
 5 SYSTEMPATH\CodeIgniter.php(486): CodeIgniter\CodeIgniter->startController()
 6 SYSTEMPATH\CodeIgniter.php(368): CodeIgniter\CodeIgniter->handleRequest(null, Object(Config\Cache), false)
 7 FCPATH\index.php(67): CodeIgniter\CodeIgniter->run()
CRITICAL - 2023-08-18 18:16:57 --> syntax error, unexpected token ")"
in APPPATH\Controllers\CortadorPost.php on line 324.
 1 SYSTEMPATH\Autoloader\Autoloader.php(289): CodeIgniter\Autoloader\Autoloader->includeFile('C:\\xampp\\htdocs\\codi\\app\\Controllers\\CortadorPost.php')
 2 SYSTEMPATH\Autoloader\Autoloader.php(267): CodeIgniter\Autoloader\Autoloader->loadInNamespace('App\\Controllers\\CortadorPost')
 3 [internal function]: CodeIgniter\Autoloader\Autoloader->loadClass('App\\Controllers\\CortadorPost')
 4 SYSTEMPATH\CodeIgniter.php(892): class_exists('\\App\\Controllers\\CortadorPost', true)
 5 SYSTEMPATH\CodeIgniter.php(486): CodeIgniter\CodeIgniter->startController()
 6 SYSTEMPATH\CodeIgniter.php(368): CodeIgniter\CodeIgniter->handleRequest(null, Object(Config\Cache), false)
 7 FCPATH\index.php(67): CodeIgniter\CodeIgniter->run()
CRITICAL - 2023-08-18 18:16:58 --> syntax error, unexpected token ")"
in APPPATH\Controllers\CortadorPost.php on line 324.
 1 SYSTEMPATH\Autoloader\Autoloader.php(289): CodeIgniter\Autoloader\Autoloader->includeFile('C:\\xampp\\htdocs\\codi\\app\\Controllers\\CortadorPost.php')
 2 SYSTEMPATH\Autoloader\Autoloader.php(267): CodeIgniter\Autoloader\Autoloader->loadInNamespace('App\\Controllers\\CortadorPost')
 3 [internal function]: CodeIgniter\Autoloader\Autoloader->loadClass('App\\Controllers\\CortadorPost')
 4 SYSTEMPATH\CodeIgniter.php(892): class_exists('\\App\\Controllers\\CortadorPost', true)
 5 SYSTEMPATH\CodeIgniter.php(486): CodeIgniter\CodeIgniter->startController()
 6 SYSTEMPATH\CodeIgniter.php(368): CodeIgniter\CodeIgniter->handleRequest(null, Object(Config\Cache), false)
 7 FCPATH\index.php(67): CodeIgniter\CodeIgniter->run()
CRITICAL - 2023-08-18 18:17:00 --> syntax error, unexpected token ")"
in APPPATH\Controllers\CortadorPost.php on line 324.
 1 SYSTEMPATH\Autoloader\Autoloader.php(289): CodeIgniter\Autoloader\Autoloader->includeFile('C:\\xampp\\htdocs\\codi\\app\\Controllers\\CortadorPost.php')
 2 SYSTEMPATH\Autoloader\Autoloader.php(267): CodeIgniter\Autoloader\Autoloader->loadInNamespace('App\\Controllers\\CortadorPost')
 3 [internal function]: CodeIgniter\Autoloader\Autoloader->loadClass('App\\Controllers\\CortadorPost')
 4 SYSTEMPATH\CodeIgniter.php(892): class_exists('\\App\\Controllers\\CortadorPost', true)
 5 SYSTEMPATH\CodeIgniter.php(486): CodeIgniter\CodeIgniter->startController()
 6 SYSTEMPATH\CodeIgniter.php(368): CodeIgniter\CodeIgniter->handleRequest(null, Object(Config\Cache), false)
 7 FCPATH\index.php(67): CodeIgniter\CodeIgniter->run()
CRITICAL - 2023-08-18 18:17:01 --> syntax error, unexpected token ")"
in APPPATH\Controllers\CortadorPost.php on line 324.
 1 SYSTEMPATH\Autoloader\Autoloader.php(289): CodeIgniter\Autoloader\Autoloader->includeFile('C:\\xampp\\htdocs\\codi\\app\\Controllers\\CortadorPost.php')
 2 SYSTEMPATH\Autoloader\Autoloader.php(267): CodeIgniter\Autoloader\Autoloader->loadInNamespace('App\\Controllers\\CortadorPost')
 3 [internal function]: CodeIgniter\Autoloader\Autoloader->loadClass('App\\Controllers\\CortadorPost')
 4 SYSTEMPATH\CodeIgniter.php(892): class_exists('\\App\\Controllers\\CortadorPost', true)
 5 SYSTEMPATH\CodeIgniter.php(486): CodeIgniter\CodeIgniter->startController()
 6 SYSTEMPATH\CodeIgniter.php(368): CodeIgniter\CodeIgniter->handleRequest(null, Object(Config\Cache), false)
 7 FCPATH\index.php(67): CodeIgniter\CodeIgniter->run()
CRITICAL - 2023-08-18 18:17:02 --> syntax error, unexpected token ")"
in APPPATH\Controllers\CortadorPost.php on line 324.
 1 SYSTEMPATH\Autoloader\Autoloader.php(289): CodeIgniter\Autoloader\Autoloader->includeFile('C:\\xampp\\htdocs\\codi\\app\\Controllers\\CortadorPost.php')
 2 SYSTEMPATH\Autoloader\Autoloader.php(267): CodeIgniter\Autoloader\Autoloader->loadInNamespace('App\\Controllers\\CortadorPost')
 3 [internal function]: CodeIgniter\Autoloader\Autoloader->loadClass('App\\Controllers\\CortadorPost')
 4 SYSTEMPATH\CodeIgniter.php(892): class_exists('\\App\\Controllers\\CortadorPost', true)
 5 SYSTEMPATH\CodeIgniter.php(486): CodeIgniter\CodeIgniter->startController()
 6 SYSTEMPATH\CodeIgniter.php(368): CodeIgniter\CodeIgniter->handleRequest(null, Object(Config\Cache), false)
 7 FCPATH\index.php(67): CodeIgniter\CodeIgniter->run()
CRITICAL - 2023-08-18 18:17:02 --> syntax error, unexpected token ")"
in APPPATH\Controllers\CortadorPost.php on line 324.
 1 SYSTEMPATH\Autoloader\Autoloader.php(289): CodeIgniter\Autoloader\Autoloader->includeFile('C:\\xampp\\htdocs\\codi\\app\\Controllers\\CortadorPost.php')
 2 SYSTEMPATH\Autoloader\Autoloader.php(267): CodeIgniter\Autoloader\Autoloader->loadInNamespace('App\\Controllers\\CortadorPost')
 3 [internal function]: CodeIgniter\Autoloader\Autoloader->loadClass('App\\Controllers\\CortadorPost')
 4 SYSTEMPATH\CodeIgniter.php(892): class_exists('\\App\\Controllers\\CortadorPost', true)
 5 SYSTEMPATH\CodeIgniter.php(486): CodeIgniter\CodeIgniter->startController()
 6 SYSTEMPATH\CodeIgniter.php(368): CodeIgniter\CodeIgniter->handleRequest(null, Object(Config\Cache), false)
 7 FCPATH\index.php(67): CodeIgniter\CodeIgniter->run()
CRITICAL - 2023-08-18 18:17:03 --> syntax error, unexpected token ")"
in APPPATH\Controllers\CortadorPost.php on line 324.
 1 SYSTEMPATH\Autoloader\Autoloader.php(289): CodeIgniter\Autoloader\Autoloader->includeFile('C:\\xampp\\htdocs\\codi\\app\\Controllers\\CortadorPost.php')
 2 SYSTEMPATH\Autoloader\Autoloader.php(267): CodeIgniter\Autoloader\Autoloader->loadInNamespace('App\\Controllers\\CortadorPost')
 3 [internal function]: CodeIgniter\Autoloader\Autoloader->loadClass('App\\Controllers\\CortadorPost')
 4 SYSTEMPATH\CodeIgniter.php(892): class_exists('\\App\\Controllers\\CortadorPost', true)
 5 SYSTEMPATH\CodeIgniter.php(486): CodeIgniter\CodeIgniter->startController()
 6 SYSTEMPATH\CodeIgniter.php(368): CodeIgniter\CodeIgniter->handleRequest(null, Object(Config\Cache), false)
 7 FCPATH\index.php(67): CodeIgniter\CodeIgniter->run()
CRITICAL - 2023-08-18 18:17:04 --> syntax error, unexpected token ")"
in APPPATH\Controllers\CortadorPost.php on line 324.
 1 SYSTEMPATH\Autoloader\Autoloader.php(289): CodeIgniter\Autoloader\Autoloader->includeFile('C:\\xampp\\htdocs\\codi\\app\\Controllers\\CortadorPost.php')
 2 SYSTEMPATH\Autoloader\Autoloader.php(267): CodeIgniter\Autoloader\Autoloader->loadInNamespace('App\\Controllers\\CortadorPost')
 3 [internal function]: CodeIgniter\Autoloader\Autoloader->loadClass('App\\Controllers\\CortadorPost')
 4 SYSTEMPATH\CodeIgniter.php(892): class_exists('\\App\\Controllers\\CortadorPost', true)
 5 SYSTEMPATH\CodeIgniter.php(486): CodeIgniter\CodeIgniter->startController()
 6 SYSTEMPATH\CodeIgniter.php(368): CodeIgniter\CodeIgniter->handleRequest(null, Object(Config\Cache), false)
 7 FCPATH\index.php(67): CodeIgniter\CodeIgniter->run()
CRITICAL - 2023-08-18 18:17:05 --> syntax error, unexpected token ")"
in APPPATH\Controllers\CortadorPost.php on line 324.
 1 SYSTEMPATH\Autoloader\Autoloader.php(289): CodeIgniter\Autoloader\Autoloader->includeFile('C:\\xampp\\htdocs\\codi\\app\\Controllers\\CortadorPost.php')
 2 SYSTEMPATH\Autoloader\Autoloader.php(267): CodeIgniter\Autoloader\Autoloader->loadInNamespace('App\\Controllers\\CortadorPost')
 3 [internal function]: CodeIgniter\Autoloader\Autoloader->loadClass('App\\Controllers\\CortadorPost')
 4 SYSTEMPATH\CodeIgniter.php(892): class_exists('\\App\\Controllers\\CortadorPost', true)
 5 SYSTEMPATH\CodeIgniter.php(486): CodeIgniter\CodeIgniter->startController()
 6 SYSTEMPATH\CodeIgniter.php(368): CodeIgniter\CodeIgniter->handleRequest(null, Object(Config\Cache), false)
 7 FCPATH\index.php(67): CodeIgniter\CodeIgniter->run()
CRITICAL - 2023-08-18 18:17:06 --> syntax error, unexpected token ")"
in APPPATH\Controllers\CortadorPost.php on line 324.
 1 SYSTEMPATH\Autoloader\Autoloader.php(289): CodeIgniter\Autoloader\Autoloader->includeFile('C:\\xampp\\htdocs\\codi\\app\\Controllers\\CortadorPost.php')
 2 SYSTEMPATH\Autoloader\Autoloader.php(267): CodeIgniter\Autoloader\Autoloader->loadInNamespace('App\\Controllers\\CortadorPost')
 3 [internal function]: CodeIgniter\Autoloader\Autoloader->loadClass('App\\Controllers\\CortadorPost')
 4 SYSTEMPATH\CodeIgniter.php(892): class_exists('\\App\\Controllers\\CortadorPost', true)
 5 SYSTEMPATH\CodeIgniter.php(486): CodeIgniter\CodeIgniter->startController()
 6 SYSTEMPATH\CodeIgniter.php(368): CodeIgniter\CodeIgniter->handleRequest(null, Object(Config\Cache), false)
 7 FCPATH\index.php(67): CodeIgniter\CodeIgniter->run()
CRITICAL - 2023-08-18 18:17:07 --> syntax error, unexpected token ")"
in APPPATH\Controllers\CortadorPost.php on line 324.
 1 SYSTEMPATH\Autoloader\Autoloader.php(289): CodeIgniter\Autoloader\Autoloader->includeFile('C:\\xampp\\htdocs\\codi\\app\\Controllers\\CortadorPost.php')
 2 SYSTEMPATH\Autoloader\Autoloader.php(267): CodeIgniter\Autoloader\Autoloader->loadInNamespace('App\\Controllers\\CortadorPost')
 3 [internal function]: CodeIgniter\Autoloader\Autoloader->loadClass('App\\Controllers\\CortadorPost')
 4 SYSTEMPATH\CodeIgniter.php(892): class_exists('\\App\\Controllers\\CortadorPost', true)
 5 SYSTEMPATH\CodeIgniter.php(486): CodeIgniter\CodeIgniter->startController()
 6 SYSTEMPATH\CodeIgniter.php(368): CodeIgniter\CodeIgniter->handleRequest(null, Object(Config\Cache), false)
 7 FCPATH\index.php(67): CodeIgniter\CodeIgniter->run()
CRITICAL - 2023-08-18 18:17:08 --> syntax error, unexpected token ")"
in APPPATH\Controllers\CortadorPost.php on line 324.
 1 SYSTEMPATH\Autoloader\Autoloader.php(289): CodeIgniter\Autoloader\Autoloader->includeFile('C:\\xampp\\htdocs\\codi\\app\\Controllers\\CortadorPost.php')
 2 SYSTEMPATH\Autoloader\Autoloader.php(267): CodeIgniter\Autoloader\Autoloader->loadInNamespace('App\\Controllers\\CortadorPost')
 3 [internal function]: CodeIgniter\Autoloader\Autoloader->loadClass('App\\Controllers\\CortadorPost')
 4 SYSTEMPATH\CodeIgniter.php(892): class_exists('\\App\\Controllers\\CortadorPost', true)
 5 SYSTEMPATH\CodeIgniter.php(486): CodeIgniter\CodeIgniter->startController()
 6 SYSTEMPATH\CodeIgniter.php(368): CodeIgniter\CodeIgniter->handleRequest(null, Object(Config\Cache), false)
 7 FCPATH\index.php(67): CodeIgniter\CodeIgniter->run()
CRITICAL - 2023-08-18 18:17:10 --> syntax error, unexpected token ")"
in APPPATH\Controllers\CortadorPost.php on line 324.
 1 SYSTEMPATH\Autoloader\Autoloader.php(289): CodeIgniter\Autoloader\Autoloader->includeFile('C:\\xampp\\htdocs\\codi\\app\\Controllers\\CortadorPost.php')
 2 SYSTEMPATH\Autoloader\Autoloader.php(267): CodeIgniter\Autoloader\Autoloader->loadInNamespace('App\\Controllers\\CortadorPost')
 3 [internal function]: CodeIgniter\Autoloader\Autoloader->loadClass('App\\Controllers\\CortadorPost')
 4 SYSTEMPATH\CodeIgniter.php(892): class_exists('\\App\\Controllers\\CortadorPost', true)
 5 SYSTEMPATH\CodeIgniter.php(486): CodeIgniter\CodeIgniter->startController()
 6 SYSTEMPATH\CodeIgniter.php(368): CodeIgniter\CodeIgniter->handleRequest(null, Object(Config\Cache), false)
 7 FCPATH\index.php(67): CodeIgniter\CodeIgniter->run()
CRITICAL - 2023-08-18 18:17:11 --> syntax error, unexpected token ")"
in APPPATH\Controllers\CortadorPost.php on line 324.
 1 SYSTEMPATH\Autoloader\Autoloader.php(289): CodeIgniter\Autoloader\Autoloader->includeFile('C:\\xampp\\htdocs\\codi\\app\\Controllers\\CortadorPost.php')
 2 SYSTEMPATH\Autoloader\Autoloader.php(267): CodeIgniter\Autoloader\Autoloader->loadInNamespace('App\\Controllers\\CortadorPost')
 3 [internal function]: CodeIgniter\Autoloader\Autoloader->loadClass('App\\Controllers\\CortadorPost')
 4 SYSTEMPATH\CodeIgniter.php(892): class_exists('\\App\\Controllers\\CortadorPost', true)
 5 SYSTEMPATH\CodeIgniter.php(486): CodeIgniter\CodeIgniter->startController()
 6 SYSTEMPATH\CodeIgniter.php(368): CodeIgniter\CodeIgniter->handleRequest(null, Object(Config\Cache), false)
 7 FCPATH\index.php(67): CodeIgniter\CodeIgniter->run()
CRITICAL - 2023-08-18 18:17:12 --> syntax error, unexpected token ")"
in APPPATH\Controllers\CortadorPost.php on line 324.
 1 SYSTEMPATH\Autoloader\Autoloader.php(289): CodeIgniter\Autoloader\Autoloader->includeFile('C:\\xampp\\htdocs\\codi\\app\\Controllers\\CortadorPost.php')
 2 SYSTEMPATH\Autoloader\Autoloader.php(267): CodeIgniter\Autoloader\Autoloader->loadInNamespace('App\\Controllers\\CortadorPost')
 3 [internal function]: CodeIgniter\Autoloader\Autoloader->loadClass('App\\Controllers\\CortadorPost')
 4 SYSTEMPATH\CodeIgniter.php(892): class_exists('\\App\\Controllers\\CortadorPost', true)
 5 SYSTEMPATH\CodeIgniter.php(486): CodeIgniter\CodeIgniter->startController()
 6 SYSTEMPATH\CodeIgniter.php(368): CodeIgniter\CodeIgniter->handleRequest(null, Object(Config\Cache), false)
 7 FCPATH\index.php(67): CodeIgniter\CodeIgniter->run()
CRITICAL - 2023-08-18 18:17:13 --> syntax error, unexpected token ")"
in APPPATH\Controllers\CortadorPost.php on line 324.
 1 SYSTEMPATH\Autoloader\Autoloader.php(289): CodeIgniter\Autoloader\Autoloader->includeFile('C:\\xampp\\htdocs\\codi\\app\\Controllers\\CortadorPost.php')
 2 SYSTEMPATH\Autoloader\Autoloader.php(267): CodeIgniter\Autoloader\Autoloader->loadInNamespace('App\\Controllers\\CortadorPost')
 3 [internal function]: CodeIgniter\Autoloader\Autoloader->loadClass('App\\Controllers\\CortadorPost')
 4 SYSTEMPATH\CodeIgniter.php(892): class_exists('\\App\\Controllers\\CortadorPost', true)
 5 SYSTEMPATH\CodeIgniter.php(486): CodeIgniter\CodeIgniter->startController()
 6 SYSTEMPATH\CodeIgniter.php(368): CodeIgniter\CodeIgniter->handleRequest(null, Object(Config\Cache), false)
 7 FCPATH\index.php(67): CodeIgniter\CodeIgniter->run()
CRITICAL - 2023-08-18 18:17:14 --> syntax error, unexpected token ")"
in APPPATH\Controllers\CortadorPost.php on line 324.
 1 SYSTEMPATH\Autoloader\Autoloader.php(289): CodeIgniter\Autoloader\Autoloader->includeFile('C:\\xampp\\htdocs\\codi\\app\\Controllers\\CortadorPost.php')
 2 SYSTEMPATH\Autoloader\Autoloader.php(267): CodeIgniter\Autoloader\Autoloader->loadInNamespace('App\\Controllers\\CortadorPost')
 3 [internal function]: CodeIgniter\Autoloader\Autoloader->loadClass('App\\Controllers\\CortadorPost')
 4 SYSTEMPATH\CodeIgniter.php(892): class_exists('\\App\\Controllers\\CortadorPost', true)
 5 SYSTEMPATH\CodeIgniter.php(486): CodeIgniter\CodeIgniter->startController()
 6 SYSTEMPATH\CodeIgniter.php(368): CodeIgniter\CodeIgniter->handleRequest(null, Object(Config\Cache), false)
 7 FCPATH\index.php(67): CodeIgniter\CodeIgniter->run()
CRITICAL - 2023-08-18 18:17:15 --> syntax error, unexpected token ")"
in APPPATH\Controllers\CortadorPost.php on line 324.
 1 SYSTEMPATH\Autoloader\Autoloader.php(289): CodeIgniter\Autoloader\Autoloader->includeFile('C:\\xampp\\htdocs\\codi\\app\\Controllers\\CortadorPost.php')
 2 SYSTEMPATH\Autoloader\Autoloader.php(267): CodeIgniter\Autoloader\Autoloader->loadInNamespace('App\\Controllers\\CortadorPost')
 3 [internal function]: CodeIgniter\Autoloader\Autoloader->loadClass('App\\Controllers\\CortadorPost')
 4 SYSTEMPATH\CodeIgniter.php(892): class_exists('\\App\\Controllers\\CortadorPost', true)
 5 SYSTEMPATH\CodeIgniter.php(486): CodeIgniter\CodeIgniter->startController()
 6 SYSTEMPATH\CodeIgniter.php(368): CodeIgniter\CodeIgniter->handleRequest(null, Object(Config\Cache), false)
 7 FCPATH\index.php(67): CodeIgniter\CodeIgniter->run()
CRITICAL - 2023-08-18 18:17:16 --> syntax error, unexpected token ")"
in APPPATH\Controllers\CortadorPost.php on line 324.
 1 SYSTEMPATH\Autoloader\Autoloader.php(289): CodeIgniter\Autoloader\Autoloader->includeFile('C:\\xampp\\htdocs\\codi\\app\\Controllers\\CortadorPost.php')
 2 SYSTEMPATH\Autoloader\Autoloader.php(267): CodeIgniter\Autoloader\Autoloader->loadInNamespace('App\\Controllers\\CortadorPost')
 3 [internal function]: CodeIgniter\Autoloader\Autoloader->loadClass('App\\Controllers\\CortadorPost')
 4 SYSTEMPATH\CodeIgniter.php(892): class_exists('\\App\\Controllers\\CortadorPost', true)
 5 SYSTEMPATH\CodeIgniter.php(486): CodeIgniter\CodeIgniter->startController()
 6 SYSTEMPATH\CodeIgniter.php(368): CodeIgniter\CodeIgniter->handleRequest(null, Object(Config\Cache), false)
 7 FCPATH\index.php(67): CodeIgniter\CodeIgniter->run()
CRITICAL - 2023-08-18 18:17:17 --> syntax error, unexpected token ")"
in APPPATH\Controllers\CortadorPost.php on line 324.
 1 SYSTEMPATH\Autoloader\Autoloader.php(289): CodeIgniter\Autoloader\Autoloader->includeFile('C:\\xampp\\htdocs\\codi\\app\\Controllers\\CortadorPost.php')
 2 SYSTEMPATH\Autoloader\Autoloader.php(267): CodeIgniter\Autoloader\Autoloader->loadInNamespace('App\\Controllers\\CortadorPost')
 3 [internal function]: CodeIgniter\Autoloader\Autoloader->loadClass('App\\Controllers\\CortadorPost')
 4 SYSTEMPATH\CodeIgniter.php(892): class_exists('\\App\\Controllers\\CortadorPost', true)
 5 SYSTEMPATH\CodeIgniter.php(486): CodeIgniter\CodeIgniter->startController()
 6 SYSTEMPATH\CodeIgniter.php(368): CodeIgniter\CodeIgniter->handleRequest(null, Object(Config\Cache), false)
 7 FCPATH\index.php(67): CodeIgniter\CodeIgniter->run()
CRITICAL - 2023-08-18 18:17:18 --> syntax error, unexpected token ")"
in APPPATH\Controllers\CortadorPost.php on line 324.
 1 SYSTEMPATH\Autoloader\Autoloader.php(289): CodeIgniter\Autoloader\Autoloader->includeFile('C:\\xampp\\htdocs\\codi\\app\\Controllers\\CortadorPost.php')
 2 SYSTEMPATH\Autoloader\Autoloader.php(267): CodeIgniter\Autoloader\Autoloader->loadInNamespace('App\\Controllers\\CortadorPost')
 3 [internal function]: CodeIgniter\Autoloader\Autoloader->loadClass('App\\Controllers\\CortadorPost')
 4 SYSTEMPATH\CodeIgniter.php(892): class_exists('\\App\\Controllers\\CortadorPost', true)
 5 SYSTEMPATH\CodeIgniter.php(486): CodeIgniter\CodeIgniter->startController()
 6 SYSTEMPATH\CodeIgniter.php(368): CodeIgniter\CodeIgniter->handleRequest(null, Object(Config\Cache), false)
 7 FCPATH\index.php(67): CodeIgniter\CodeIgniter->run()
CRITICAL - 2023-08-18 18:17:19 --> syntax error, unexpected token ")"
in APPPATH\Controllers\CortadorPost.php on line 324.
 1 SYSTEMPATH\Autoloader\Autoloader.php(289): CodeIgniter\Autoloader\Autoloader->includeFile('C:\\xampp\\htdocs\\codi\\app\\Controllers\\CortadorPost.php')
 2 SYSTEMPATH\Autoloader\Autoloader.php(267): CodeIgniter\Autoloader\Autoloader->loadInNamespace('App\\Controllers\\CortadorPost')
 3 [internal function]: CodeIgniter\Autoloader\Autoloader->loadClass('App\\Controllers\\CortadorPost')
 4 SYSTEMPATH\CodeIgniter.php(892): class_exists('\\App\\Controllers\\CortadorPost', true)
 5 SYSTEMPATH\CodeIgniter.php(486): CodeIgniter\CodeIgniter->startController()
 6 SYSTEMPATH\CodeIgniter.php(368): CodeIgniter\CodeIgniter->handleRequest(null, Object(Config\Cache), false)
 7 FCPATH\index.php(67): CodeIgniter\CodeIgniter->run()
CRITICAL - 2023-08-18 18:17:20 --> syntax error, unexpected token ")"
in APPPATH\Controllers\CortadorPost.php on line 324.
 1 SYSTEMPATH\Autoloader\Autoloader.php(289): CodeIgniter\Autoloader\Autoloader->includeFile('C:\\xampp\\htdocs\\codi\\app\\Controllers\\CortadorPost.php')
 2 SYSTEMPATH\Autoloader\Autoloader.php(267): CodeIgniter\Autoloader\Autoloader->loadInNamespace('App\\Controllers\\CortadorPost')
 3 [internal function]: CodeIgniter\Autoloader\Autoloader->loadClass('App\\Controllers\\CortadorPost')
 4 SYSTEMPATH\CodeIgniter.php(892): class_exists('\\App\\Controllers\\CortadorPost', true)
 5 SYSTEMPATH\CodeIgniter.php(486): CodeIgniter\CodeIgniter->startController()
 6 SYSTEMPATH\CodeIgniter.php(368): CodeIgniter\CodeIgniter->handleRequest(null, Object(Config\Cache), false)
 7 FCPATH\index.php(67): CodeIgniter\CodeIgniter->run()
CRITICAL - 2023-08-18 18:17:21 --> syntax error, unexpected token ")"
in APPPATH\Controllers\CortadorPost.php on line 324.
 1 SYSTEMPATH\Autoloader\Autoloader.php(289): CodeIgniter\Autoloader\Autoloader->includeFile('C:\\xampp\\htdocs\\codi\\app\\Controllers\\CortadorPost.php')
 2 SYSTEMPATH\Autoloader\Autoloader.php(267): CodeIgniter\Autoloader\Autoloader->loadInNamespace('App\\Controllers\\CortadorPost')
 3 [internal function]: CodeIgniter\Autoloader\Autoloader->loadClass('App\\Controllers\\CortadorPost')
 4 SYSTEMPATH\CodeIgniter.php(892): class_exists('\\App\\Controllers\\CortadorPost', true)
 5 SYSTEMPATH\CodeIgniter.php(486): CodeIgniter\CodeIgniter->startController()
 6 SYSTEMPATH\CodeIgniter.php(368): CodeIgniter\CodeIgniter->handleRequest(null, Object(Config\Cache), false)
 7 FCPATH\index.php(67): CodeIgniter\CodeIgniter->run()
CRITICAL - 2023-08-18 18:17:22 --> syntax error, unexpected token ")"
in APPPATH\Controllers\CortadorPost.php on line 324.
 1 SYSTEMPATH\Autoloader\Autoloader.php(289): CodeIgniter\Autoloader\Autoloader->includeFile('C:\\xampp\\htdocs\\codi\\app\\Controllers\\CortadorPost.php')
 2 SYSTEMPATH\Autoloader\Autoloader.php(267): CodeIgniter\Autoloader\Autoloader->loadInNamespace('App\\Controllers\\CortadorPost')
 3 [internal function]: CodeIgniter\Autoloader\Autoloader->loadClass('App\\Controllers\\CortadorPost')
 4 SYSTEMPATH\CodeIgniter.php(892): class_exists('\\App\\Controllers\\CortadorPost', true)
 5 SYSTEMPATH\CodeIgniter.php(486): CodeIgniter\CodeIgniter->startController()
 6 SYSTEMPATH\CodeIgniter.php(368): CodeIgniter\CodeIgniter->handleRequest(null, Object(Config\Cache), false)
 7 FCPATH\index.php(67): CodeIgniter\CodeIgniter->run()
CRITICAL - 2023-08-18 18:17:23 --> syntax error, unexpected token ")"
in APPPATH\Controllers\CortadorPost.php on line 324.
 1 SYSTEMPATH\Autoloader\Autoloader.php(289): CodeIgniter\Autoloader\Autoloader->includeFile('C:\\xampp\\htdocs\\codi\\app\\Controllers\\CortadorPost.php')
 2 SYSTEMPATH\Autoloader\Autoloader.php(267): CodeIgniter\Autoloader\Autoloader->loadInNamespace('App\\Controllers\\CortadorPost')
 3 [internal function]: CodeIgniter\Autoloader\Autoloader->loadClass('App\\Controllers\\CortadorPost')
 4 SYSTEMPATH\CodeIgniter.php(892): class_exists('\\App\\Controllers\\CortadorPost', true)
 5 SYSTEMPATH\CodeIgniter.php(486): CodeIgniter\CodeIgniter->startController()
 6 SYSTEMPATH\CodeIgniter.php(368): CodeIgniter\CodeIgniter->handleRequest(null, Object(Config\Cache), false)
 7 FCPATH\index.php(67): CodeIgniter\CodeIgniter->run()
CRITICAL - 2023-08-18 18:17:24 --> syntax error, unexpected token ")"
in APPPATH\Controllers\CortadorPost.php on line 324.
 1 SYSTEMPATH\Autoloader\Autoloader.php(289): CodeIgniter\Autoloader\Autoloader->includeFile('C:\\xampp\\htdocs\\codi\\app\\Controllers\\CortadorPost.php')
 2 SYSTEMPATH\Autoloader\Autoloader.php(267): CodeIgniter\Autoloader\Autoloader->loadInNamespace('App\\Controllers\\CortadorPost')
 3 [internal function]: CodeIgniter\Autoloader\Autoloader->loadClass('App\\Controllers\\CortadorPost')
 4 SYSTEMPATH\CodeIgniter.php(892): class_exists('\\App\\Controllers\\CortadorPost', true)
 5 SYSTEMPATH\CodeIgniter.php(486): CodeIgniter\CodeIgniter->startController()
 6 SYSTEMPATH\CodeIgniter.php(368): CodeIgniter\CodeIgniter->handleRequest(null, Object(Config\Cache), false)
 7 FCPATH\index.php(67): CodeIgniter\CodeIgniter->run()
CRITICAL - 2023-08-18 18:17:25 --> syntax error, unexpected token ")"
in APPPATH\Controllers\CortadorPost.php on line 324.
 1 SYSTEMPATH\Autoloader\Autoloader.php(289): CodeIgniter\Autoloader\Autoloader->includeFile('C:\\xampp\\htdocs\\codi\\app\\Controllers\\CortadorPost.php')
 2 SYSTEMPATH\Autoloader\Autoloader.php(267): CodeIgniter\Autoloader\Autoloader->loadInNamespace('App\\Controllers\\CortadorPost')
 3 [internal function]: CodeIgniter\Autoloader\Autoloader->loadClass('App\\Controllers\\CortadorPost')
 4 SYSTEMPATH\CodeIgniter.php(892): class_exists('\\App\\Controllers\\CortadorPost', true)
 5 SYSTEMPATH\CodeIgniter.php(486): CodeIgniter\CodeIgniter->startController()
 6 SYSTEMPATH\CodeIgniter.php(368): CodeIgniter\CodeIgniter->handleRequest(null, Object(Config\Cache), false)
 7 FCPATH\index.php(67): CodeIgniter\CodeIgniter->run()
CRITICAL - 2023-08-18 18:17:26 --> syntax error, unexpected token ")"
in APPPATH\Controllers\CortadorPost.php on line 326.
 1 SYSTEMPATH\Autoloader\Autoloader.php(289): CodeIgniter\Autoloader\Autoloader->includeFile('C:\\xampp\\htdocs\\codi\\app\\Controllers\\CortadorPost.php')
 2 SYSTEMPATH\Autoloader\Autoloader.php(267): CodeIgniter\Autoloader\Autoloader->loadInNamespace('App\\Controllers\\CortadorPost')
 3 [internal function]: CodeIgniter\Autoloader\Autoloader->loadClass('App\\Controllers\\CortadorPost')
 4 SYSTEMPATH\CodeIgniter.php(892): class_exists('\\App\\Controllers\\CortadorPost', true)
 5 SYSTEMPATH\CodeIgniter.php(486): CodeIgniter\CodeIgniter->startController()
 6 SYSTEMPATH\CodeIgniter.php(368): CodeIgniter\CodeIgniter->handleRequest(null, Object(Config\Cache), false)
 7 FCPATH\index.php(67): CodeIgniter\CodeIgniter->run()
CRITICAL - 2023-08-18 18:17:27 --> syntax error, unexpected token ")"
in APPPATH\Controllers\CortadorPost.php on line 326.
 1 SYSTEMPATH\Autoloader\Autoloader.php(289): CodeIgniter\Autoloader\Autoloader->includeFile('C:\\xampp\\htdocs\\codi\\app\\Controllers\\CortadorPost.php')
 2 SYSTEMPATH\Autoloader\Autoloader.php(267): CodeIgniter\Autoloader\Autoloader->loadInNamespace('App\\Controllers\\CortadorPost')
 3 [internal function]: CodeIgniter\Autoloader\Autoloader->loadClass('App\\Controllers\\CortadorPost')
 4 SYSTEMPATH\CodeIgniter.php(892): class_exists('\\App\\Controllers\\CortadorPost', true)
 5 SYSTEMPATH\CodeIgniter.php(486): CodeIgniter\CodeIgniter->startController()
 6 SYSTEMPATH\CodeIgniter.php(368): CodeIgniter\CodeIgniter->handleRequest(null, Object(Config\Cache), false)
 7 FCPATH\index.php(67): CodeIgniter\CodeIgniter->run()
CRITICAL - 2023-08-18 18:17:28 --> syntax error, unexpected token ")"
in APPPATH\Controllers\CortadorPost.php on line 326.
 1 SYSTEMPATH\Autoloader\Autoloader.php(289): CodeIgniter\Autoloader\Autoloader->includeFile('C:\\xampp\\htdocs\\codi\\app\\Controllers\\CortadorPost.php')
 2 SYSTEMPATH\Autoloader\Autoloader.php(267): CodeIgniter\Autoloader\Autoloader->loadInNamespace('App\\Controllers\\CortadorPost')
 3 [internal function]: CodeIgniter\Autoloader\Autoloader->loadClass('App\\Controllers\\CortadorPost')
 4 SYSTEMPATH\CodeIgniter.php(892): class_exists('\\App\\Controllers\\CortadorPost', true)
 5 SYSTEMPATH\CodeIgniter.php(486): CodeIgniter\CodeIgniter->startController()
 6 SYSTEMPATH\CodeIgniter.php(368): CodeIgniter\CodeIgniter->handleRequest(null, Object(Config\Cache), false)
 7 FCPATH\index.php(67): CodeIgniter\CodeIgniter->run()
CRITICAL - 2023-08-18 18:17:29 --> syntax error, unexpected token ")"
in APPPATH\Controllers\CortadorPost.php on line 326.
 1 SYSTEMPATH\Autoloader\Autoloader.php(289): CodeIgniter\Autoloader\Autoloader->includeFile('C:\\xampp\\htdocs\\codi\\app\\Controllers\\CortadorPost.php')
 2 SYSTEMPATH\Autoloader\Autoloader.php(267): CodeIgniter\Autoloader\Autoloader->loadInNamespace('App\\Controllers\\CortadorPost')
 3 [internal function]: CodeIgniter\Autoloader\Autoloader->loadClass('App\\Controllers\\CortadorPost')
 4 SYSTEMPATH\CodeIgniter.php(892): class_exists('\\App\\Controllers\\CortadorPost', true)
 5 SYSTEMPATH\CodeIgniter.php(486): CodeIgniter\CodeIgniter->startController()
 6 SYSTEMPATH\CodeIgniter.php(368): CodeIgniter\CodeIgniter->handleRequest(null, Object(Config\Cache), false)
 7 FCPATH\index.php(67): CodeIgniter\CodeIgniter->run()
CRITICAL - 2023-08-18 18:17:30 --> syntax error, unexpected token ")"
in APPPATH\Controllers\CortadorPost.php on line 326.
 1 SYSTEMPATH\Autoloader\Autoloader.php(289): CodeIgniter\Autoloader\Autoloader->includeFile('C:\\xampp\\htdocs\\codi\\app\\Controllers\\CortadorPost.php')
 2 SYSTEMPATH\Autoloader\Autoloader.php(267): CodeIgniter\Autoloader\Autoloader->loadInNamespace('App\\Controllers\\CortadorPost')
 3 [internal function]: CodeIgniter\Autoloader\Autoloader->loadClass('App\\Controllers\\CortadorPost')
 4 SYSTEMPATH\CodeIgniter.php(892): class_exists('\\App\\Controllers\\CortadorPost', true)
 5 SYSTEMPATH\CodeIgniter.php(486): CodeIgniter\CodeIgniter->startController()
 6 SYSTEMPATH\CodeIgniter.php(368): CodeIgniter\CodeIgniter->handleRequest(null, Object(Config\Cache), false)
 7 FCPATH\index.php(67): CodeIgniter\CodeIgniter->run()
CRITICAL - 2023-08-18 18:17:31 --> syntax error, unexpected token ")"
in APPPATH\Controllers\CortadorPost.php on line 326.
 1 SYSTEMPATH\Autoloader\Autoloader.php(289): CodeIgniter\Autoloader\Autoloader->includeFile('C:\\xampp\\htdocs\\codi\\app\\Controllers\\CortadorPost.php')
 2 SYSTEMPATH\Autoloader\Autoloader.php(267): CodeIgniter\Autoloader\Autoloader->loadInNamespace('App\\Controllers\\CortadorPost')
 3 [internal function]: CodeIgniter\Autoloader\Autoloader->loadClass('App\\Controllers\\CortadorPost')
 4 SYSTEMPATH\CodeIgniter.php(892): class_exists('\\App\\Controllers\\CortadorPost', true)
 5 SYSTEMPATH\CodeIgniter.php(486): CodeIgniter\CodeIgniter->startController()
 6 SYSTEMPATH\CodeIgniter.php(368): CodeIgniter\CodeIgniter->handleRequest(null, Object(Config\Cache), false)
 7 FCPATH\index.php(67): CodeIgniter\CodeIgniter->run()
CRITICAL - 2023-08-18 18:17:32 --> syntax error, unexpected token ")"
in APPPATH\Controllers\CortadorPost.php on line 326.
 1 SYSTEMPATH\Autoloader\Autoloader.php(289): CodeIgniter\Autoloader\Autoloader->includeFile('C:\\xampp\\htdocs\\codi\\app\\Controllers\\CortadorPost.php')
 2 SYSTEMPATH\Autoloader\Autoloader.php(267): CodeIgniter\Autoloader\Autoloader->loadInNamespace('App\\Controllers\\CortadorPost')
 3 [internal function]: CodeIgniter\Autoloader\Autoloader->loadClass('App\\Controllers\\CortadorPost')
 4 SYSTEMPATH\CodeIgniter.php(892): class_exists('\\App\\Controllers\\CortadorPost', true)
 5 SYSTEMPATH\CodeIgniter.php(486): CodeIgniter\CodeIgniter->startController()
 6 SYSTEMPATH\CodeIgniter.php(368): CodeIgniter\CodeIgniter->handleRequest(null, Object(Config\Cache), false)
 7 FCPATH\index.php(67): CodeIgniter\CodeIgniter->run()
CRITICAL - 2023-08-18 18:17:33 --> syntax error, unexpected token ")"
in APPPATH\Controllers\CortadorPost.php on line 326.
 1 SYSTEMPATH\Autoloader\Autoloader.php(289): CodeIgniter\Autoloader\Autoloader->includeFile('C:\\xampp\\htdocs\\codi\\app\\Controllers\\CortadorPost.php')
 2 SYSTEMPATH\Autoloader\Autoloader.php(267): CodeIgniter\Autoloader\Autoloader->loadInNamespace('App\\Controllers\\CortadorPost')
 3 [internal function]: CodeIgniter\Autoloader\Autoloader->loadClass('App\\Controllers\\CortadorPost')
 4 SYSTEMPATH\CodeIgniter.php(892): class_exists('\\App\\Controllers\\CortadorPost', true)
 5 SYSTEMPATH\CodeIgniter.php(486): CodeIgniter\CodeIgniter->startController()
 6 SYSTEMPATH\CodeIgniter.php(368): CodeIgniter\CodeIgniter->handleRequest(null, Object(Config\Cache), false)
 7 FCPATH\index.php(67): CodeIgniter\CodeIgniter->run()
CRITICAL - 2023-08-18 18:17:34 --> syntax error, unexpected token ")"
in APPPATH\Controllers\CortadorPost.php on line 324.
 1 SYSTEMPATH\Autoloader\Autoloader.php(289): CodeIgniter\Autoloader\Autoloader->includeFile('C:\\xampp\\htdocs\\codi\\app\\Controllers\\CortadorPost.php')
 2 SYSTEMPATH\Autoloader\Autoloader.php(267): CodeIgniter\Autoloader\Autoloader->loadInNamespace('App\\Controllers\\CortadorPost')
 3 [internal function]: CodeIgniter\Autoloader\Autoloader->loadClass('App\\Controllers\\CortadorPost')
 4 SYSTEMPATH\CodeIgniter.php(892): class_exists('\\App\\Controllers\\CortadorPost', true)
 5 SYSTEMPATH\CodeIgniter.php(486): CodeIgniter\CodeIgniter->startController()
 6 SYSTEMPATH\CodeIgniter.php(368): CodeIgniter\CodeIgniter->handleRequest(null, Object(Config\Cache), false)
 7 FCPATH\index.php(67): CodeIgniter\CodeIgniter->run()
CRITICAL - 2023-08-18 18:17:35 --> syntax error, unexpected token ")"
in APPPATH\Controllers\CortadorPost.php on line 324.
 1 SYSTEMPATH\Autoloader\Autoloader.php(289): CodeIgniter\Autoloader\Autoloader->includeFile('C:\\xampp\\htdocs\\codi\\app\\Controllers\\CortadorPost.php')
 2 SYSTEMPATH\Autoloader\Autoloader.php(267): CodeIgniter\Autoloader\Autoloader->loadInNamespace('App\\Controllers\\CortadorPost')
 3 [internal function]: CodeIgniter\Autoloader\Autoloader->loadClass('App\\Controllers\\CortadorPost')
 4 SYSTEMPATH\CodeIgniter.php(892): class_exists('\\App\\Controllers\\CortadorPost', true)
 5 SYSTEMPATH\CodeIgniter.php(486): CodeIgniter\CodeIgniter->startController()
 6 SYSTEMPATH\CodeIgniter.php(368): CodeIgniter\CodeIgniter->handleRequest(null, Object(Config\Cache), false)
 7 FCPATH\index.php(67): CodeIgniter\CodeIgniter->run()
CRITICAL - 2023-08-18 18:17:36 --> syntax error, unexpected token ")"
in APPPATH\Controllers\CortadorPost.php on line 324.
 1 SYSTEMPATH\Autoloader\Autoloader.php(289): CodeIgniter\Autoloader\Autoloader->includeFile('C:\\xampp\\htdocs\\codi\\app\\Controllers\\CortadorPost.php')
 2 SYSTEMPATH\Autoloader\Autoloader.php(267): CodeIgniter\Autoloader\Autoloader->loadInNamespace('App\\Controllers\\CortadorPost')
 3 [internal function]: CodeIgniter\Autoloader\Autoloader->loadClass('App\\Controllers\\CortadorPost')
 4 SYSTEMPATH\CodeIgniter.php(892): class_exists('\\App\\Controllers\\CortadorPost', true)
 5 SYSTEMPATH\CodeIgniter.php(486): CodeIgniter\CodeIgniter->startController()
 6 SYSTEMPATH\CodeIgniter.php(368): CodeIgniter\CodeIgniter->handleRequest(null, Object(Config\Cache), false)
 7 FCPATH\index.php(67): CodeIgniter\CodeIgniter->run()
CRITICAL - 2023-08-18 18:17:37 --> syntax error, unexpected token ")"
in APPPATH\Controllers\CortadorPost.php on line 324.
 1 SYSTEMPATH\Autoloader\Autoloader.php(289): CodeIgniter\Autoloader\Autoloader->includeFile('C:\\xampp\\htdocs\\codi\\app\\Controllers\\CortadorPost.php')
 2 SYSTEMPATH\Autoloader\Autoloader.php(267): CodeIgniter\Autoloader\Autoloader->loadInNamespace('App\\Controllers\\CortadorPost')
 3 [internal function]: CodeIgniter\Autoloader\Autoloader->loadClass('App\\Controllers\\CortadorPost')
 4 SYSTEMPATH\CodeIgniter.php(892): class_exists('\\App\\Controllers\\CortadorPost', true)
 5 SYSTEMPATH\CodeIgniter.php(486): CodeIgniter\CodeIgniter->startController()
 6 SYSTEMPATH\CodeIgniter.php(368): CodeIgniter\CodeIgniter->handleRequest(null, Object(Config\Cache), false)
 7 FCPATH\index.php(67): CodeIgniter\CodeIgniter->run()
CRITICAL - 2023-08-18 18:17:38 --> syntax error, unexpected token ")"
in APPPATH\Controllers\CortadorPost.php on line 326.
 1 SYSTEMPATH\Autoloader\Autoloader.php(289): CodeIgniter\Autoloader\Autoloader->includeFile('C:\\xampp\\htdocs\\codi\\app\\Controllers\\CortadorPost.php')
 2 SYSTEMPATH\Autoloader\Autoloader.php(267): CodeIgniter\Autoloader\Autoloader->loadInNamespace('App\\Controllers\\CortadorPost')
 3 [internal function]: CodeIgniter\Autoloader\Autoloader->loadClass('App\\Controllers\\CortadorPost')
 4 SYSTEMPATH\CodeIgniter.php(892): class_exists('\\App\\Controllers\\CortadorPost', true)
 5 SYSTEMPATH\CodeIgniter.php(486): CodeIgniter\CodeIgniter->startController()
 6 SYSTEMPATH\CodeIgniter.php(368): CodeIgniter\CodeIgniter->handleRequest(null, Object(Config\Cache), false)
 7 FCPATH\index.php(67): CodeIgniter\CodeIgniter->run()
CRITICAL - 2023-08-18 18:17:39 --> syntax error, unexpected token ")"
in APPPATH\Controllers\CortadorPost.php on line 326.
 1 SYSTEMPATH\Autoloader\Autoloader.php(289): CodeIgniter\Autoloader\Autoloader->includeFile('C:\\xampp\\htdocs\\codi\\app\\Controllers\\CortadorPost.php')
 2 SYSTEMPATH\Autoloader\Autoloader.php(267): CodeIgniter\Autoloader\Autoloader->loadInNamespace('App\\Controllers\\CortadorPost')
 3 [internal function]: CodeIgniter\Autoloader\Autoloader->loadClass('App\\Controllers\\CortadorPost')
 4 SYSTEMPATH\CodeIgniter.php(892): class_exists('\\App\\Controllers\\CortadorPost', true)
 5 SYSTEMPATH\CodeIgniter.php(486): CodeIgniter\CodeIgniter->startController()
 6 SYSTEMPATH\CodeIgniter.php(368): CodeIgniter\CodeIgniter->handleRequest(null, Object(Config\Cache), false)
 7 FCPATH\index.php(67): CodeIgniter\CodeIgniter->run()
CRITICAL - 2023-08-18 18:17:40 --> syntax error, unexpected token ")"
in APPPATH\Controllers\CortadorPost.php on line 326.
 1 SYSTEMPATH\Autoloader\Autoloader.php(289): CodeIgniter\Autoloader\Autoloader->includeFile('C:\\xampp\\htdocs\\codi\\app\\Controllers\\CortadorPost.php')
 2 SYSTEMPATH\Autoloader\Autoloader.php(267): CodeIgniter\Autoloader\Autoloader->loadInNamespace('App\\Controllers\\CortadorPost')
 3 [internal function]: CodeIgniter\Autoloader\Autoloader->loadClass('App\\Controllers\\CortadorPost')
 4 SYSTEMPATH\CodeIgniter.php(892): class_exists('\\App\\Controllers\\CortadorPost', true)
 5 SYSTEMPATH\CodeIgniter.php(486): CodeIgniter\CodeIgniter->startController()
 6 SYSTEMPATH\CodeIgniter.php(368): CodeIgniter\CodeIgniter->handleRequest(null, Object(Config\Cache), false)
 7 FCPATH\index.php(67): CodeIgniter\CodeIgniter->run()
CRITICAL - 2023-08-18 18:17:41 --> syntax error, unexpected token ")"
in APPPATH\Controllers\CortadorPost.php on line 326.
 1 SYSTEMPATH\Autoloader\Autoloader.php(289): CodeIgniter\Autoloader\Autoloader->includeFile('C:\\xampp\\htdocs\\codi\\app\\Controllers\\CortadorPost.php')
 2 SYSTEMPATH\Autoloader\Autoloader.php(267): CodeIgniter\Autoloader\Autoloader->loadInNamespace('App\\Controllers\\CortadorPost')
 3 [internal function]: CodeIgniter\Autoloader\Autoloader->loadClass('App\\Controllers\\CortadorPost')
 4 SYSTEMPATH\CodeIgniter.php(892): class_exists('\\App\\Controllers\\CortadorPost', true)
 5 SYSTEMPATH\CodeIgniter.php(486): CodeIgniter\CodeIgniter->startController()
 6 SYSTEMPATH\CodeIgniter.php(368): CodeIgniter\CodeIgniter->handleRequest(null, Object(Config\Cache), false)
 7 FCPATH\index.php(67): CodeIgniter\CodeIgniter->run()
CRITICAL - 2023-08-18 18:17:42 --> syntax error, unexpected token ")"
in APPPATH\Controllers\CortadorPost.php on line 326.
 1 SYSTEMPATH\Autoloader\Autoloader.php(289): CodeIgniter\Autoloader\Autoloader->includeFile('C:\\xampp\\htdocs\\codi\\app\\Controllers\\CortadorPost.php')
 2 SYSTEMPATH\Autoloader\Autoloader.php(267): CodeIgniter\Autoloader\Autoloader->loadInNamespace('App\\Controllers\\CortadorPost')
 3 [internal function]: CodeIgniter\Autoloader\Autoloader->loadClass('App\\Controllers\\CortadorPost')
 4 SYSTEMPATH\CodeIgniter.php(892): class_exists('\\App\\Controllers\\CortadorPost', true)
 5 SYSTEMPATH\CodeIgniter.php(486): CodeIgniter\CodeIgniter->startController()
 6 SYSTEMPATH\CodeIgniter.php(368): CodeIgniter\CodeIgniter->handleRequest(null, Object(Config\Cache), false)
 7 FCPATH\index.php(67): CodeIgniter\CodeIgniter->run()
CRITICAL - 2023-08-18 18:17:43 --> syntax error, unexpected token ")"
in APPPATH\Controllers\CortadorPost.php on line 326.
 1 SYSTEMPATH\Autoloader\Autoloader.php(289): CodeIgniter\Autoloader\Autoloader->includeFile('C:\\xampp\\htdocs\\codi\\app\\Controllers\\CortadorPost.php')
 2 SYSTEMPATH\Autoloader\Autoloader.php(267): CodeIgniter\Autoloader\Autoloader->loadInNamespace('App\\Controllers\\CortadorPost')
 3 [internal function]: CodeIgniter\Autoloader\Autoloader->loadClass('App\\Controllers\\CortadorPost')
 4 SYSTEMPATH\CodeIgniter.php(892): class_exists('\\App\\Controllers\\CortadorPost', true)
 5 SYSTEMPATH\CodeIgniter.php(486): CodeIgniter\CodeIgniter->startController()
 6 SYSTEMPATH\CodeIgniter.php(368): CodeIgniter\CodeIgniter->handleRequest(null, Object(Config\Cache), false)
 7 FCPATH\index.php(67): CodeIgniter\CodeIgniter->run()
CRITICAL - 2023-08-18 18:17:44 --> syntax error, unexpected token ")"
in APPPATH\Controllers\CortadorPost.php on line 326.
 1 SYSTEMPATH\Autoloader\Autoloader.php(289): CodeIgniter\Autoloader\Autoloader->includeFile('C:\\xampp\\htdocs\\codi\\app\\Controllers\\CortadorPost.php')
 2 SYSTEMPATH\Autoloader\Autoloader.php(267): CodeIgniter\Autoloader\Autoloader->loadInNamespace('App\\Controllers\\CortadorPost')
 3 [internal function]: CodeIgniter\Autoloader\Autoloader->loadClass('App\\Controllers\\CortadorPost')
 4 SYSTEMPATH\CodeIgniter.php(892): class_exists('\\App\\Controllers\\CortadorPost', true)
 5 SYSTEMPATH\CodeIgniter.php(486): CodeIgniter\CodeIgniter->startController()
 6 SYSTEMPATH\CodeIgniter.php(368): CodeIgniter\CodeIgniter->handleRequest(null, Object(Config\Cache), false)
 7 FCPATH\index.php(67): CodeIgniter\CodeIgniter->run()
CRITICAL - 2023-08-18 18:17:45 --> syntax error, unexpected token ")"
in APPPATH\Controllers\CortadorPost.php on line 326.
 1 SYSTEMPATH\Autoloader\Autoloader.php(289): CodeIgniter\Autoloader\Autoloader->includeFile('C:\\xampp\\htdocs\\codi\\app\\Controllers\\CortadorPost.php')
 2 SYSTEMPATH\Autoloader\Autoloader.php(267): CodeIgniter\Autoloader\Autoloader->loadInNamespace('App\\Controllers\\CortadorPost')
 3 [internal function]: CodeIgniter\Autoloader\Autoloader->loadClass('App\\Controllers\\CortadorPost')
 4 SYSTEMPATH\CodeIgniter.php(892): class_exists('\\App\\Controllers\\CortadorPost', true)
 5 SYSTEMPATH\CodeIgniter.php(486): CodeIgniter\CodeIgniter->startController()
 6 SYSTEMPATH\CodeIgniter.php(368): CodeIgniter\CodeIgniter->handleRequest(null, Object(Config\Cache), false)
 7 FCPATH\index.php(67): CodeIgniter\CodeIgniter->run()
CRITICAL - 2023-08-18 18:17:46 --> syntax error, unexpected token ")"
in APPPATH\Controllers\CortadorPost.php on line 326.
 1 SYSTEMPATH\Autoloader\Autoloader.php(289): CodeIgniter\Autoloader\Autoloader->includeFile('C:\\xampp\\htdocs\\codi\\app\\Controllers\\CortadorPost.php')
 2 SYSTEMPATH\Autoloader\Autoloader.php(267): CodeIgniter\Autoloader\Autoloader->loadInNamespace('App\\Controllers\\CortadorPost')
 3 [internal function]: CodeIgniter\Autoloader\Autoloader->loadClass('App\\Controllers\\CortadorPost')
 4 SYSTEMPATH\CodeIgniter.php(892): class_exists('\\App\\Controllers\\CortadorPost', true)
 5 SYSTEMPATH\CodeIgniter.php(486): CodeIgniter\CodeIgniter->startController()
 6 SYSTEMPATH\CodeIgniter.php(368): CodeIgniter\CodeIgniter->handleRequest(null, Object(Config\Cache), false)
 7 FCPATH\index.php(67): CodeIgniter\CodeIgniter->run()
CRITICAL - 2023-08-18 18:17:47 --> syntax error, unexpected token ")"
in APPPATH\Controllers\CortadorPost.php on line 326.
 1 SYSTEMPATH\Autoloader\Autoloader.php(289): CodeIgniter\Autoloader\Autoloader->includeFile('C:\\xampp\\htdocs\\codi\\app\\Controllers\\CortadorPost.php')
 2 SYSTEMPATH\Autoloader\Autoloader.php(267): CodeIgniter\Autoloader\Autoloader->loadInNamespace('App\\Controllers\\CortadorPost')
 3 [internal function]: CodeIgniter\Autoloader\Autoloader->loadClass('App\\Controllers\\CortadorPost')
 4 SYSTEMPATH\CodeIgniter.php(892): class_exists('\\App\\Controllers\\CortadorPost', true)
 5 SYSTEMPATH\CodeIgniter.php(486): CodeIgniter\CodeIgniter->startController()
 6 SYSTEMPATH\CodeIgniter.php(368): CodeIgniter\CodeIgniter->handleRequest(null, Object(Config\Cache), false)
 7 FCPATH\index.php(67): CodeIgniter\CodeIgniter->run()
CRITICAL - 2023-08-18 18:17:48 --> syntax error, unexpected token ")"
in APPPATH\Controllers\CortadorPost.php on line 326.
 1 SYSTEMPATH\Autoloader\Autoloader.php(289): CodeIgniter\Autoloader\Autoloader->includeFile('C:\\xampp\\htdocs\\codi\\app\\Controllers\\CortadorPost.php')
 2 SYSTEMPATH\Autoloader\Autoloader.php(267): CodeIgniter\Autoloader\Autoloader->loadInNamespace('App\\Controllers\\CortadorPost')
 3 [internal function]: CodeIgniter\Autoloader\Autoloader->loadClass('App\\Controllers\\CortadorPost')
 4 SYSTEMPATH\CodeIgniter.php(892): class_exists('\\App\\Controllers\\CortadorPost', true)
 5 SYSTEMPATH\CodeIgniter.php(486): CodeIgniter\CodeIgniter->startController()
 6 SYSTEMPATH\CodeIgniter.php(368): CodeIgniter\CodeIgniter->handleRequest(null, Object(Config\Cache), false)
 7 FCPATH\index.php(67): CodeIgniter\CodeIgniter->run()
CRITICAL - 2023-08-18 18:17:49 --> syntax error, unexpected token ")"
in APPPATH\Controllers\CortadorPost.php on line 326.
 1 SYSTEMPATH\Autoloader\Autoloader.php(289): CodeIgniter\Autoloader\Autoloader->includeFile('C:\\xampp\\htdocs\\codi\\app\\Controllers\\CortadorPost.php')
 2 SYSTEMPATH\Autoloader\Autoloader.php(267): CodeIgniter\Autoloader\Autoloader->loadInNamespace('App\\Controllers\\CortadorPost')
 3 [internal function]: CodeIgniter\Autoloader\Autoloader->loadClass('App\\Controllers\\CortadorPost')
 4 SYSTEMPATH\CodeIgniter.php(892): class_exists('\\App\\Controllers\\CortadorPost', true)
 5 SYSTEMPATH\CodeIgniter.php(486): CodeIgniter\CodeIgniter->startController()
 6 SYSTEMPATH\CodeIgniter.php(368): CodeIgniter\CodeIgniter->handleRequest(null, Object(Config\Cache), false)
 7 FCPATH\index.php(67): CodeIgniter\CodeIgniter->run()
CRITICAL - 2023-08-18 18:17:50 --> syntax error, unexpected token ")"
in APPPATH\Controllers\CortadorPost.php on line 326.
 1 SYSTEMPATH\Autoloader\Autoloader.php(289): CodeIgniter\Autoloader\Autoloader->includeFile('C:\\xampp\\htdocs\\codi\\app\\Controllers\\CortadorPost.php')
 2 SYSTEMPATH\Autoloader\Autoloader.php(267): CodeIgniter\Autoloader\Autoloader->loadInNamespace('App\\Controllers\\CortadorPost')
 3 [internal function]: CodeIgniter\Autoloader\Autoloader->loadClass('App\\Controllers\\CortadorPost')
 4 SYSTEMPATH\CodeIgniter.php(892): class_exists('\\App\\Controllers\\CortadorPost', true)
 5 SYSTEMPATH\CodeIgniter.php(486): CodeIgniter\CodeIgniter->startController()
 6 SYSTEMPATH\CodeIgniter.php(368): CodeIgniter\CodeIgniter->handleRequest(null, Object(Config\Cache), false)
 7 FCPATH\index.php(67): CodeIgniter\CodeIgniter->run()
CRITICAL - 2023-08-18 18:17:51 --> syntax error, unexpected token ")"
in APPPATH\Controllers\CortadorPost.php on line 326.
 1 SYSTEMPATH\Autoloader\Autoloader.php(289): CodeIgniter\Autoloader\Autoloader->includeFile('C:\\xampp\\htdocs\\codi\\app\\Controllers\\CortadorPost.php')
 2 SYSTEMPATH\Autoloader\Autoloader.php(267): CodeIgniter\Autoloader\Autoloader->loadInNamespace('App\\Controllers\\CortadorPost')
 3 [internal function]: CodeIgniter\Autoloader\Autoloader->loadClass('App\\Controllers\\CortadorPost')
 4 SYSTEMPATH\CodeIgniter.php(892): class_exists('\\App\\Controllers\\CortadorPost', true)
 5 SYSTEMPATH\CodeIgniter.php(486): CodeIgniter\CodeIgniter->startController()
 6 SYSTEMPATH\CodeIgniter.php(368): CodeIgniter\CodeIgniter->handleRequest(null, Object(Config\Cache), false)
 7 FCPATH\index.php(67): CodeIgniter\CodeIgniter->run()
CRITICAL - 2023-08-18 18:17:52 --> syntax error, unexpected token ")"
in APPPATH\Controllers\CortadorPost.php on line 326.
 1 SYSTEMPATH\Autoloader\Autoloader.php(289): CodeIgniter\Autoloader\Autoloader->includeFile('C:\\xampp\\htdocs\\codi\\app\\Controllers\\CortadorPost.php')
 2 SYSTEMPATH\Autoloader\Autoloader.php(267): CodeIgniter\Autoloader\Autoloader->loadInNamespace('App\\Controllers\\CortadorPost')
 3 [internal function]: CodeIgniter\Autoloader\Autoloader->loadClass('App\\Controllers\\CortadorPost')
 4 SYSTEMPATH\CodeIgniter.php(892): class_exists('\\App\\Controllers\\CortadorPost', true)
 5 SYSTEMPATH\CodeIgniter.php(486): CodeIgniter\CodeIgniter->startController()
 6 SYSTEMPATH\CodeIgniter.php(368): CodeIgniter\CodeIgniter->handleRequest(null, Object(Config\Cache), false)
 7 FCPATH\index.php(67): CodeIgniter\CodeIgniter->run()
CRITICAL - 2023-08-18 18:17:53 --> syntax error, unexpected token ")"
in APPPATH\Controllers\CortadorPost.php on line 326.
 1 SYSTEMPATH\Autoloader\Autoloader.php(289): CodeIgniter\Autoloader\Autoloader->includeFile('C:\\xampp\\htdocs\\codi\\app\\Controllers\\CortadorPost.php')
 2 SYSTEMPATH\Autoloader\Autoloader.php(267): CodeIgniter\Autoloader\Autoloader->loadInNamespace('App\\Controllers\\CortadorPost')
 3 [internal function]: CodeIgniter\Autoloader\Autoloader->loadClass('App\\Controllers\\CortadorPost')
 4 SYSTEMPATH\CodeIgniter.php(892): class_exists('\\App\\Controllers\\CortadorPost', true)
 5 SYSTEMPATH\CodeIgniter.php(486): CodeIgniter\CodeIgniter->startController()
 6 SYSTEMPATH\CodeIgniter.php(368): CodeIgniter\CodeIgniter->handleRequest(null, Object(Config\Cache), false)
 7 FCPATH\index.php(67): CodeIgniter\CodeIgniter->run()
CRITICAL - 2023-08-18 18:17:54 --> syntax error, unexpected token ")"
in APPPATH\Controllers\CortadorPost.php on line 326.
 1 SYSTEMPATH\Autoloader\Autoloader.php(289): CodeIgniter\Autoloader\Autoloader->includeFile('C:\\xampp\\htdocs\\codi\\app\\Controllers\\CortadorPost.php')
 2 SYSTEMPATH\Autoloader\Autoloader.php(267): CodeIgniter\Autoloader\Autoloader->loadInNamespace('App\\Controllers\\CortadorPost')
 3 [internal function]: CodeIgniter\Autoloader\Autoloader->loadClass('App\\Controllers\\CortadorPost')
 4 SYSTEMPATH\CodeIgniter.php(892): class_exists('\\App\\Controllers\\CortadorPost', true)
 5 SYSTEMPATH\CodeIgniter.php(486): CodeIgniter\CodeIgniter->startController()
 6 SYSTEMPATH\CodeIgniter.php(368): CodeIgniter\CodeIgniter->handleRequest(null, Object(Config\Cache), false)
 7 FCPATH\index.php(67): CodeIgniter\CodeIgniter->run()
CRITICAL - 2023-08-18 18:17:55 --> syntax error, unexpected token ")"
in APPPATH\Controllers\CortadorPost.php on line 326.
 1 SYSTEMPATH\Autoloader\Autoloader.php(289): CodeIgniter\Autoloader\Autoloader->includeFile('C:\\xampp\\htdocs\\codi\\app\\Controllers\\CortadorPost.php')
 2 SYSTEMPATH\Autoloader\Autoloader.php(267): CodeIgniter\Autoloader\Autoloader->loadInNamespace('App\\Controllers\\CortadorPost')
 3 [internal function]: CodeIgniter\Autoloader\Autoloader->loadClass('App\\Controllers\\CortadorPost')
 4 SYSTEMPATH\CodeIgniter.php(892): class_exists('\\App\\Controllers\\CortadorPost', true)
 5 SYSTEMPATH\CodeIgniter.php(486): CodeIgniter\CodeIgniter->startController()
 6 SYSTEMPATH\CodeIgniter.php(368): CodeIgniter\CodeIgniter->handleRequest(null, Object(Config\Cache), false)
 7 FCPATH\index.php(67): CodeIgniter\CodeIgniter->run()
CRITICAL - 2023-08-18 18:17:56 --> syntax error, unexpected token ")"
in APPPATH\Controllers\CortadorPost.php on line 326.
 1 SYSTEMPATH\Autoloader\Autoloader.php(289): CodeIgniter\Autoloader\Autoloader->includeFile('C:\\xampp\\htdocs\\codi\\app\\Controllers\\CortadorPost.php')
 2 SYSTEMPATH\Autoloader\Autoloader.php(267): CodeIgniter\Autoloader\Autoloader->loadInNamespace('App\\Controllers\\CortadorPost')
 3 [internal function]: CodeIgniter\Autoloader\Autoloader->loadClass('App\\Controllers\\CortadorPost')
 4 SYSTEMPATH\CodeIgniter.php(892): class_exists('\\App\\Controllers\\CortadorPost', true)
 5 SYSTEMPATH\CodeIgniter.php(486): CodeIgniter\CodeIgniter->startController()
 6 SYSTEMPATH\CodeIgniter.php(368): CodeIgniter\CodeIgniter->handleRequest(null, Object(Config\Cache), false)
 7 FCPATH\index.php(67): CodeIgniter\CodeIgniter->run()
CRITICAL - 2023-08-18 18:17:57 --> syntax error, unexpected token ")"
in APPPATH\Controllers\CortadorPost.php on line 326.
 1 SYSTEMPATH\Autoloader\Autoloader.php(289): CodeIgniter\Autoloader\Autoloader->includeFile('C:\\xampp\\htdocs\\codi\\app\\Controllers\\CortadorPost.php')
 2 SYSTEMPATH\Autoloader\Autoloader.php(267): CodeIgniter\Autoloader\Autoloader->loadInNamespace('App\\Controllers\\CortadorPost')
 3 [internal function]: CodeIgniter\Autoloader\Autoloader->loadClass('App\\Controllers\\CortadorPost')
 4 SYSTEMPATH\CodeIgniter.php(892): class_exists('\\App\\Controllers\\CortadorPost', true)
 5 SYSTEMPATH\CodeIgniter.php(486): CodeIgniter\CodeIgniter->startController()
 6 SYSTEMPATH\CodeIgniter.php(368): CodeIgniter\CodeIgniter->handleRequest(null, Object(Config\Cache), false)
 7 FCPATH\index.php(67): CodeIgniter\CodeIgniter->run()
CRITICAL - 2023-08-18 18:17:58 --> syntax error, unexpected token ")"
in APPPATH\Controllers\CortadorPost.php on line 326.
 1 SYSTEMPATH\Autoloader\Autoloader.php(289): CodeIgniter\Autoloader\Autoloader->includeFile('C:\\xampp\\htdocs\\codi\\app\\Controllers\\CortadorPost.php')
 2 SYSTEMPATH\Autoloader\Autoloader.php(267): CodeIgniter\Autoloader\Autoloader->loadInNamespace('App\\Controllers\\CortadorPost')
 3 [internal function]: CodeIgniter\Autoloader\Autoloader->loadClass('App\\Controllers\\CortadorPost')
 4 SYSTEMPATH\CodeIgniter.php(892): class_exists('\\App\\Controllers\\CortadorPost', true)
 5 SYSTEMPATH\CodeIgniter.php(486): CodeIgniter\CodeIgniter->startController()
 6 SYSTEMPATH\CodeIgniter.php(368): CodeIgniter\CodeIgniter->handleRequest(null, Object(Config\Cache), false)
 7 FCPATH\index.php(67): CodeIgniter\CodeIgniter->run()
CRITICAL - 2023-08-18 18:17:59 --> syntax error, unexpected token ")"
in APPPATH\Controllers\CortadorPost.php on line 326.
 1 SYSTEMPATH\Autoloader\Autoloader.php(289): CodeIgniter\Autoloader\Autoloader->includeFile('C:\\xampp\\htdocs\\codi\\app\\Controllers\\CortadorPost.php')
 2 SYSTEMPATH\Autoloader\Autoloader.php(267): CodeIgniter\Autoloader\Autoloader->loadInNamespace('App\\Controllers\\CortadorPost')
 3 [internal function]: CodeIgniter\Autoloader\Autoloader->loadClass('App\\Controllers\\CortadorPost')
 4 SYSTEMPATH\CodeIgniter.php(892): class_exists('\\App\\Controllers\\CortadorPost', true)
 5 SYSTEMPATH\CodeIgniter.php(486): CodeIgniter\CodeIgniter->startController()
 6 SYSTEMPATH\CodeIgniter.php(368): CodeIgniter\CodeIgniter->handleRequest(null, Object(Config\Cache), false)
 7 FCPATH\index.php(67): CodeIgniter\CodeIgniter->run()
CRITICAL - 2023-08-18 18:44:49 --> rename(c:/wl/wl_desenhos/PASQUALOTTO/LUMEN/ESTRUTURA/k.,c:/wl/wl_desenhos/PASQUALOTTO/LUMEN/ESTRUTURA/cortado_18_08_2023_k.7560dxf): Acesso negado (code: 5)
in APPPATH\Controllers\CortadorPost.php on line 316.
 1 [internal function]: CodeIgniter\Debug\Exceptions->errorHandler(2, 'rename(c:/wl/wl_desenhos/PASQUALOTTO/LUMEN/ESTRUTURA/k.,c:/wl/wl_desenhos/PASQUALOTTO/LUMEN/ESTRUTURA/cortado_18_08_2023_k.7560dxf): Acesso negado (code: 5)', 'C:\\xampp\\htdocs\\codi\\app\\Controllers\\CortadorPost.php', 316)
 2 APPPATH\Controllers\CortadorPost.php(316): rename('c:/wl/wl_desenhos/PASQUALOTTO/LUMEN/ESTRUTURA/k.', 'c:/wl/wl_desenhos/PASQUALOTTO/LUMEN/ESTRUTURA/cortado_18_08_2023_k.7560dxf')
 3 SYSTEMPATH\CodeIgniter.php(934): App\Controllers\CortadorPost->confirmar_corte()
 4 SYSTEMPATH\CodeIgniter.php(499): CodeIgniter\CodeIgniter->runController(Object(App\Controllers\CortadorPost))
 5 SYSTEMPATH\CodeIgniter.php(368): CodeIgniter\CodeIgniter->handleRequest(null, Object(Config\Cache), false)
 6 FCPATH\index.php(67): CodeIgniter\CodeIgniter->run()
CRITICAL - 2023-08-18 18:44:55 --> rename(c:/wl/wl_desenhos/PASQUALOTTO/LUMEN/ESTRUTURA/k.,c:/wl/wl_desenhos/PASQUALOTTO/LUMEN/ESTRUTURA/cortado_18_08_2023_k.9674dxf): Acesso negado (code: 5)
in APPPATH\Controllers\CortadorPost.php on line 316.
 1 [internal function]: CodeIgniter\Debug\Exceptions->errorHandler(2, 'rename(c:/wl/wl_desenhos/PASQUALOTTO/LUMEN/ESTRUTURA/k.,c:/wl/wl_desenhos/PASQUALOTTO/LUMEN/ESTRUTURA/cortado_18_08_2023_k.9674dxf): Acesso negado (code: 5)', 'C:\\xampp\\htdocs\\codi\\app\\Controllers\\CortadorPost.php', 316)
 2 APPPATH\Controllers\CortadorPost.php(316): rename('c:/wl/wl_desenhos/PASQUALOTTO/LUMEN/ESTRUTURA/k.', 'c:/wl/wl_desenhos/PASQUALOTTO/LUMEN/ESTRUTURA/cortado_18_08_2023_k.9674dxf')
 3 SYSTEMPATH\CodeIgniter.php(934): App\Controllers\CortadorPost->confirmar_corte()
 4 SYSTEMPATH\CodeIgniter.php(499): CodeIgniter\CodeIgniter->runController(Object(App\Controllers\CortadorPost))
 5 SYSTEMPATH\CodeIgniter.php(368): CodeIgniter\CodeIgniter->handleRequest(null, Object(Config\Cache), false)
 6 FCPATH\index.php(67): CodeIgniter\CodeIgniter->run()
CRITICAL - 2023-08-18 18:45:00 --> rename(c:/wl/wl_desenhos/PASQUALOTTO/LUMEN/ESTRUTURA/k.,c:/wl/wl_desenhos/PASQUALOTTO/LUMEN/ESTRUTURA/cortado_18_08_2023_k.1361dxf): Acesso negado (code: 5)
in APPPATH\Controllers\CortadorPost.php on line 316.
 1 [internal function]: CodeIgniter\Debug\Exceptions->errorHandler(2, 'rename(c:/wl/wl_desenhos/PASQUALOTTO/LUMEN/ESTRUTURA/k.,c:/wl/wl_desenhos/PASQUALOTTO/LUMEN/ESTRUTURA/cortado_18_08_2023_k.1361dxf): Acesso negado (code: 5)', 'C:\\xampp\\htdocs\\codi\\app\\Controllers\\CortadorPost.php', 316)
 2 APPPATH\Controllers\CortadorPost.php(316): rename('c:/wl/wl_desenhos/PASQUALOTTO/LUMEN/ESTRUTURA/k.', 'c:/wl/wl_desenhos/PASQUALOTTO/LUMEN/ESTRUTURA/cortado_18_08_2023_k.1361dxf')
 3 SYSTEMPATH\CodeIgniter.php(934): App\Controllers\CortadorPost->confirmar_corte()
 4 SYSTEMPATH\CodeIgniter.php(499): CodeIgniter\CodeIgniter->runController(Object(App\Controllers\CortadorPost))
 5 SYSTEMPATH\CodeIgniter.php(368): CodeIgniter\CodeIgniter->handleRequest(null, Object(Config\Cache), false)
 6 FCPATH\index.php(67): CodeIgniter\CodeIgniter->run()
CRITICAL - 2023-08-18 18:47:23 --> syntax error, unexpected token "]"
in APPPATH\Controllers\CortadorPost.php on line 350.
 1 SYSTEMPATH\Autoloader\Autoloader.php(289): CodeIgniter\Autoloader\Autoloader->includeFile('C:\\xampp\\htdocs\\codi\\app\\Controllers\\CortadorPost.php')
 2 SYSTEMPATH\Autoloader\Autoloader.php(267): CodeIgniter\Autoloader\Autoloader->loadInNamespace('App\\Controllers\\CortadorPost')
 3 [internal function]: CodeIgniter\Autoloader\Autoloader->loadClass('App\\Controllers\\CortadorPost')
 4 SYSTEMPATH\CodeIgniter.php(892): class_exists('\\App\\Controllers\\CortadorPost', true)
 5 SYSTEMPATH\CodeIgniter.php(486): CodeIgniter\CodeIgniter->startController()
 6 SYSTEMPATH\CodeIgniter.php(368): CodeIgniter\CodeIgniter->handleRequest(null, Object(Config\Cache), false)
 7 FCPATH\index.php(67): CodeIgniter\CodeIgniter->run()
CRITICAL - 2023-08-18 18:47:24 --> syntax error, unexpected token "]"
in APPPATH\Controllers\CortadorPost.php on line 350.
 1 SYSTEMPATH\Autoloader\Autoloader.php(289): CodeIgniter\Autoloader\Autoloader->includeFile('C:\\xampp\\htdocs\\codi\\app\\Controllers\\CortadorPost.php')
 2 SYSTEMPATH\Autoloader\Autoloader.php(267): CodeIgniter\Autoloader\Autoloader->loadInNamespace('App\\Controllers\\CortadorPost')
 3 [internal function]: CodeIgniter\Autoloader\Autoloader->loadClass('App\\Controllers\\CortadorPost')
 4 SYSTEMPATH\CodeIgniter.php(892): class_exists('\\App\\Controllers\\CortadorPost', true)
 5 SYSTEMPATH\CodeIgniter.php(486): CodeIgniter\CodeIgniter->startController()
 6 SYSTEMPATH\CodeIgniter.php(368): CodeIgniter\CodeIgniter->handleRequest(null, Object(Config\Cache), false)
 7 FCPATH\index.php(67): CodeIgniter\CodeIgniter->run()
CRITICAL - 2023-08-18 18:47:25 --> syntax error, unexpected token "]"
in APPPATH\Controllers\CortadorPost.php on line 350.
 1 SYSTEMPATH\Autoloader\Autoloader.php(289): CodeIgniter\Autoloader\Autoloader->includeFile('C:\\xampp\\htdocs\\codi\\app\\Controllers\\CortadorPost.php')
 2 SYSTEMPATH\Autoloader\Autoloader.php(267): CodeIgniter\Autoloader\Autoloader->loadInNamespace('App\\Controllers\\CortadorPost')
 3 [internal function]: CodeIgniter\Autoloader\Autoloader->loadClass('App\\Controllers\\CortadorPost')
 4 SYSTEMPATH\CodeIgniter.php(892): class_exists('\\App\\Controllers\\CortadorPost', true)
 5 SYSTEMPATH\CodeIgniter.php(486): CodeIgniter\CodeIgniter->startController()
 6 SYSTEMPATH\CodeIgniter.php(368): CodeIgniter\CodeIgniter->handleRequest(null, Object(Config\Cache), false)
 7 FCPATH\index.php(67): CodeIgniter\CodeIgniter->run()
CRITICAL - 2023-08-18 18:47:26 --> syntax error, unexpected token "]"
in APPPATH\Controllers\CortadorPost.php on line 350.
 1 SYSTEMPATH\Autoloader\Autoloader.php(289): CodeIgniter\Autoloader\Autoloader->includeFile('C:\\xampp\\htdocs\\codi\\app\\Controllers\\CortadorPost.php')
 2 SYSTEMPATH\Autoloader\Autoloader.php(267): CodeIgniter\Autoloader\Autoloader->loadInNamespace('App\\Controllers\\CortadorPost')
 3 [internal function]: CodeIgniter\Autoloader\Autoloader->loadClass('App\\Controllers\\CortadorPost')
 4 SYSTEMPATH\CodeIgniter.php(892): class_exists('\\App\\Controllers\\CortadorPost', true)
 5 SYSTEMPATH\CodeIgniter.php(486): CodeIgniter\CodeIgniter->startController()
 6 SYSTEMPATH\CodeIgniter.php(368): CodeIgniter\CodeIgniter->handleRequest(null, Object(Config\Cache), false)
 7 FCPATH\index.php(67): CodeIgniter\CodeIgniter->run()
CRITICAL - 2023-08-18 18:47:27 --> syntax error, unexpected token "]"
in APPPATH\Controllers\CortadorPost.php on line 350.
 1 SYSTEMPATH\Autoloader\Autoloader.php(289): CodeIgniter\Autoloader\Autoloader->includeFile('C:\\xampp\\htdocs\\codi\\app\\Controllers\\CortadorPost.php')
 2 SYSTEMPATH\Autoloader\Autoloader.php(267): CodeIgniter\Autoloader\Autoloader->loadInNamespace('App\\Controllers\\CortadorPost')
 3 [internal function]: CodeIgniter\Autoloader\Autoloader->loadClass('App\\Controllers\\CortadorPost')
 4 SYSTEMPATH\CodeIgniter.php(892): class_exists('\\App\\Controllers\\CortadorPost', true)
 5 SYSTEMPATH\CodeIgniter.php(486): CodeIgniter\CodeIgniter->startController()
 6 SYSTEMPATH\CodeIgniter.php(368): CodeIgniter\CodeIgniter->handleRequest(null, Object(Config\Cache), false)
 7 FCPATH\index.php(67): CodeIgniter\CodeIgniter->run()
CRITICAL - 2023-08-18 18:47:28 --> syntax error, unexpected token "]"
in APPPATH\Controllers\CortadorPost.php on line 350.
 1 SYSTEMPATH\Autoloader\Autoloader.php(289): CodeIgniter\Autoloader\Autoloader->includeFile('C:\\xampp\\htdocs\\codi\\app\\Controllers\\CortadorPost.php')
 2 SYSTEMPATH\Autoloader\Autoloader.php(267): CodeIgniter\Autoloader\Autoloader->loadInNamespace('App\\Controllers\\CortadorPost')
 3 [internal function]: CodeIgniter\Autoloader\Autoloader->loadClass('App\\Controllers\\CortadorPost')
 4 SYSTEMPATH\CodeIgniter.php(892): class_exists('\\App\\Controllers\\CortadorPost', true)
 5 SYSTEMPATH\CodeIgniter.php(486): CodeIgniter\CodeIgniter->startController()
 6 SYSTEMPATH\CodeIgniter.php(368): CodeIgniter\CodeIgniter->handleRequest(null, Object(Config\Cache), false)
 7 FCPATH\index.php(67): CodeIgniter\CodeIgniter->run()
CRITICAL - 2023-08-18 18:47:29 --> syntax error, unexpected token "]"
in APPPATH\Controllers\CortadorPost.php on line 350.
 1 SYSTEMPATH\Autoloader\Autoloader.php(289): CodeIgniter\Autoloader\Autoloader->includeFile('C:\\xampp\\htdocs\\codi\\app\\Controllers\\CortadorPost.php')
 2 SYSTEMPATH\Autoloader\Autoloader.php(267): CodeIgniter\Autoloader\Autoloader->loadInNamespace('App\\Controllers\\CortadorPost')
 3 [internal function]: CodeIgniter\Autoloader\Autoloader->loadClass('App\\Controllers\\CortadorPost')
 4 SYSTEMPATH\CodeIgniter.php(892): class_exists('\\App\\Controllers\\CortadorPost', true)
 5 SYSTEMPATH\CodeIgniter.php(486): CodeIgniter\CodeIgniter->startController()
 6 SYSTEMPATH\CodeIgniter.php(368): CodeIgniter\CodeIgniter->handleRequest(null, Object(Config\Cache), false)
 7 FCPATH\index.php(67): CodeIgniter\CodeIgniter->run()
CRITICAL - 2023-08-18 18:47:30 --> syntax error, unexpected token "]"
in APPPATH\Controllers\CortadorPost.php on line 350.
 1 SYSTEMPATH\Autoloader\Autoloader.php(289): CodeIgniter\Autoloader\Autoloader->includeFile('C:\\xampp\\htdocs\\codi\\app\\Controllers\\CortadorPost.php')
 2 SYSTEMPATH\Autoloader\Autoloader.php(267): CodeIgniter\Autoloader\Autoloader->loadInNamespace('App\\Controllers\\CortadorPost')
 3 [internal function]: CodeIgniter\Autoloader\Autoloader->loadClass('App\\Controllers\\CortadorPost')
 4 SYSTEMPATH\CodeIgniter.php(892): class_exists('\\App\\Controllers\\CortadorPost', true)
 5 SYSTEMPATH\CodeIgniter.php(486): CodeIgniter\CodeIgniter->startController()
 6 SYSTEMPATH\CodeIgniter.php(368): CodeIgniter\CodeIgniter->handleRequest(null, Object(Config\Cache), false)
 7 FCPATH\index.php(67): CodeIgniter\CodeIgniter->run()
CRITICAL - 2023-08-18 18:47:31 --> syntax error, unexpected token "]"
in APPPATH\Controllers\CortadorPost.php on line 350.
 1 SYSTEMPATH\Autoloader\Autoloader.php(289): CodeIgniter\Autoloader\Autoloader->includeFile('C:\\xampp\\htdocs\\codi\\app\\Controllers\\CortadorPost.php')
 2 SYSTEMPATH\Autoloader\Autoloader.php(267): CodeIgniter\Autoloader\Autoloader->loadInNamespace('App\\Controllers\\CortadorPost')
 3 [internal function]: CodeIgniter\Autoloader\Autoloader->loadClass('App\\Controllers\\CortadorPost')
 4 SYSTEMPATH\CodeIgniter.php(892): class_exists('\\App\\Controllers\\CortadorPost', true)
 5 SYSTEMPATH\CodeIgniter.php(486): CodeIgniter\CodeIgniter->startController()
 6 SYSTEMPATH\CodeIgniter.php(368): CodeIgniter\CodeIgniter->handleRequest(null, Object(Config\Cache), false)
 7 FCPATH\index.php(67): CodeIgniter\CodeIgniter->run()
CRITICAL - 2023-08-18 18:47:32 --> syntax error, unexpected token "]"
in APPPATH\Controllers\CortadorPost.php on line 350.
 1 SYSTEMPATH\Autoloader\Autoloader.php(289): CodeIgniter\Autoloader\Autoloader->includeFile('C:\\xampp\\htdocs\\codi\\app\\Controllers\\CortadorPost.php')
 2 SYSTEMPATH\Autoloader\Autoloader.php(267): CodeIgniter\Autoloader\Autoloader->loadInNamespace('App\\Controllers\\CortadorPost')
 3 [internal function]: CodeIgniter\Autoloader\Autoloader->loadClass('App\\Controllers\\CortadorPost')
 4 SYSTEMPATH\CodeIgniter.php(892): class_exists('\\App\\Controllers\\CortadorPost', true)
 5 SYSTEMPATH\CodeIgniter.php(486): CodeIgniter\CodeIgniter->startController()
 6 SYSTEMPATH\CodeIgniter.php(368): CodeIgniter\CodeIgniter->handleRequest(null, Object(Config\Cache), false)
 7 FCPATH\index.php(67): CodeIgniter\CodeIgniter->run()
CRITICAL - 2023-08-18 18:47:38 --> syntax error, unexpected variable "$nome", expecting "]"
in APPPATH\Controllers\CortadorPost.php on line 349.
 1 SYSTEMPATH\Autoloader\Autoloader.php(289): CodeIgniter\Autoloader\Autoloader->includeFile('C:\\xampp\\htdocs\\codi\\app\\Controllers\\CortadorPost.php')
 2 SYSTEMPATH\Autoloader\Autoloader.php(267): CodeIgniter\Autoloader\Autoloader->loadInNamespace('App\\Controllers\\CortadorPost')
 3 [internal function]: CodeIgniter\Autoloader\Autoloader->loadClass('App\\Controllers\\CortadorPost')
 4 SYSTEMPATH\CodeIgniter.php(892): class_exists('\\App\\Controllers\\CortadorPost', true)
 5 SYSTEMPATH\CodeIgniter.php(486): CodeIgniter\CodeIgniter->startController()
 6 SYSTEMPATH\CodeIgniter.php(368): CodeIgniter\CodeIgniter->handleRequest(null, Object(Config\Cache), false)
 7 FCPATH\index.php(67): CodeIgniter\CodeIgniter->run()
CRITICAL - 2023-08-18 18:47:39 --> syntax error, unexpected variable "$nome", expecting "]"
in APPPATH\Controllers\CortadorPost.php on line 349.
 1 SYSTEMPATH\Autoloader\Autoloader.php(289): CodeIgniter\Autoloader\Autoloader->includeFile('C:\\xampp\\htdocs\\codi\\app\\Controllers\\CortadorPost.php')
 2 SYSTEMPATH\Autoloader\Autoloader.php(267): CodeIgniter\Autoloader\Autoloader->loadInNamespace('App\\Controllers\\CortadorPost')
 3 [internal function]: CodeIgniter\Autoloader\Autoloader->loadClass('App\\Controllers\\CortadorPost')
 4 SYSTEMPATH\CodeIgniter.php(892): class_exists('\\App\\Controllers\\CortadorPost', true)
 5 SYSTEMPATH\CodeIgniter.php(486): CodeIgniter\CodeIgniter->startController()
 6 SYSTEMPATH\CodeIgniter.php(368): CodeIgniter\CodeIgniter->handleRequest(null, Object(Config\Cache), false)
 7 FCPATH\index.php(67): CodeIgniter\CodeIgniter->run()
CRITICAL - 2023-08-18 18:49:52 --> rename(c:/wl/wl_desenhos/EMBRAED/a32/ESTRUTURA/123/123/1/2/.dxf58101600303,c:/wl/wl_desenhos/EMBRAED/a32/ESTRUTURA/123/123/1/2/.dxfcortado_18_08_2023_581016003035432.dxf): O sistema não pode encontrar o arquivo especificado (code: 2)
in APPPATH\Controllers\CortadorPost.php on line 316.
 1 [internal function]: CodeIgniter\Debug\Exceptions->errorHandler(2, 'rename(c:/wl/wl_desenhos/EMBRAED/a32/ESTRUTURA/123/123/1/2/.dxf58101600303,c:/wl/wl_desenhos/EMBRAED/a32/ESTRUTURA/123/123/1/2/.dxfcortado_18_08_2023_581016003035432.dxf): O sistema não pode encontrar o arquivo especificado (code: 2)', 'C:\\xampp\\htdocs\\codi\\app\\Controllers\\CortadorPost.php', 316)
 2 APPPATH\Controllers\CortadorPost.php(316): rename('c:/wl/wl_desenhos/EMBRAED/a32/ESTRUTURA/123/123/1/2/.dxf58101600303', 'c:/wl/wl_desenhos/EMBRAED/a32/ESTRUTURA/123/123/1/2/.dxfcortado_18_08_2023_581016003035432.dxf')
 3 SYSTEMPATH\CodeIgniter.php(934): App\Controllers\CortadorPost->confirmar_corte()
 4 SYSTEMPATH\CodeIgniter.php(499): CodeIgniter\CodeIgniter->runController(Object(App\Controllers\CortadorPost))
 5 SYSTEMPATH\CodeIgniter.php(368): CodeIgniter\CodeIgniter->handleRequest(null, Object(Config\Cache), false)
 6 FCPATH\index.php(67): CodeIgniter\CodeIgniter->run()
CRITICAL - 2023-08-18 19:19:23 --> rename(c:/wl/wl_desenhos/EMBRAED/a32/ESTRUTURA/123/123/1/2/.dxf58101600303,c:/wl/wl_desenhos/EMBRAED/a32/ESTRUTURA/123/123/1/2/.dxfcortado_18_08_2023_581016003039989.dxf): O sistema não pode encontrar o arquivo especificado (code: 2)
in APPPATH\Controllers\CortadorPost.php on line 316.
 1 [internal function]: CodeIgniter\Debug\Exceptions->errorHandler(2, 'rename(c:/wl/wl_desenhos/EMBRAED/a32/ESTRUTURA/123/123/1/2/.dxf58101600303,c:/wl/wl_desenhos/EMBRAED/a32/ESTRUTURA/123/123/1/2/.dxfcortado_18_08_2023_581016003039989.dxf): O sistema não pode encontrar o arquivo especificado (code: 2)', 'C:\\xampp\\htdocs\\codi\\app\\Controllers\\CortadorPost.php', 316)
 2 APPPATH\Controllers\CortadorPost.php(316): rename('c:/wl/wl_desenhos/EMBRAED/a32/ESTRUTURA/123/123/1/2/.dxf58101600303', 'c:/wl/wl_desenhos/EMBRAED/a32/ESTRUTURA/123/123/1/2/.dxfcortado_18_08_2023_581016003039989.dxf')
 3 SYSTEMPATH\CodeIgniter.php(934): App\Controllers\CortadorPost->confirmar_corte()
 4 SYSTEMPATH\CodeIgniter.php(499): CodeIgniter\CodeIgniter->runController(Object(App\Controllers\CortadorPost))
 5 SYSTEMPATH\CodeIgniter.php(368): CodeIgniter\CodeIgniter->handleRequest(null, Object(Config\Cache), false)
 6 FCPATH\index.php(67): CodeIgniter\CodeIgniter->run()
CRITICAL - 2023-08-18 19:40:49 --> rename(c:/wl/wl_desenhos/PASQUALOTTO/LUMEN/ESTRUTURA//3/2/oi1/index,c:/wl/wl_desenhos/PASQUALOTTO/LUMEN/ESTRUTURA//3/2/oi1/cortado_18_08_2023_index9602.dxf): O sistema não pode encontrar o arquivo especificado (code: 2)
in APPPATH\Controllers\CortadorPost.php on line 316.
 1 [internal function]: CodeIgniter\Debug\Exceptions->errorHandler(2, 'rename(c:/wl/wl_desenhos/PASQUALOTTO/LUMEN/ESTRUTURA//3/2/oi1/index,c:/wl/wl_desenhos/PASQUALOTTO/LUMEN/ESTRUTURA//3/2/oi1/cortado_18_08_2023_index9602.dxf): O sistema não pode encontrar o arquivo especificado (code: 2)', 'C:\\xampp\\htdocs\\codi\\app\\Controllers\\CortadorPost.php', 316)
 2 APPPATH\Controllers\CortadorPost.php(316): rename('c:/wl/wl_desenhos/PASQUALOTTO/LUMEN/ESTRUTURA//3/2/oi1/index', 'c:/wl/wl_desenhos/PASQUALOTTO/LUMEN/ESTRUTURA//3/2/oi1/cortado_18_08_2023_index9602.dxf')
 3 SYSTEMPATH\CodeIgniter.php(934): App\Controllers\CortadorPost->confirmar_corte()
 4 SYSTEMPATH\CodeIgniter.php(499): CodeIgniter\CodeIgniter->runController(Object(App\Controllers\CortadorPost))
 5 SYSTEMPATH\CodeIgniter.php(368): CodeIgniter\CodeIgniter->handleRequest(null, Object(Config\Cache), false)
 6 FCPATH\index.php(67): CodeIgniter\CodeIgniter->run()
CRITICAL - 2023-08-18 19:40:53 --> rename(c:/wl/wl_desenhos/PASQUALOTTO/LUMEN/ESTRUTURA//3/2/oi1/index,c:/wl/wl_desenhos/PASQUALOTTO/LUMEN/ESTRUTURA//3/2/oi1/cortado_18_08_2023_index5840.dxf): O sistema não pode encontrar o arquivo especificado (code: 2)
in APPPATH\Controllers\CortadorPost.php on line 316.
 1 [internal function]: CodeIgniter\Debug\Exceptions->errorHandler(2, 'rename(c:/wl/wl_desenhos/PASQUALOTTO/LUMEN/ESTRUTURA//3/2/oi1/index,c:/wl/wl_desenhos/PASQUALOTTO/LUMEN/ESTRUTURA//3/2/oi1/cortado_18_08_2023_index5840.dxf): O sistema não pode encontrar o arquivo especificado (code: 2)', 'C:\\xampp\\htdocs\\codi\\app\\Controllers\\CortadorPost.php', 316)
 2 APPPATH\Controllers\CortadorPost.php(316): rename('c:/wl/wl_desenhos/PASQUALOTTO/LUMEN/ESTRUTURA//3/2/oi1/index', 'c:/wl/wl_desenhos/PASQUALOTTO/LUMEN/ESTRUTURA//3/2/oi1/cortado_18_08_2023_index5840.dxf')
 3 SYSTEMPATH\CodeIgniter.php(934): App\Controllers\CortadorPost->confirmar_corte()
 4 SYSTEMPATH\CodeIgniter.php(499): CodeIgniter\CodeIgniter->runController(Object(App\Controllers\CortadorPost))
 5 SYSTEMPATH\CodeIgniter.php(368): CodeIgniter\CodeIgniter->handleRequest(null, Object(Config\Cache), false)
 6 FCPATH\index.php(67): CodeIgniter\CodeIgniter->run()
CRITICAL - 2023-08-18 19:54:24 --> syntax error, unexpected token "if", expecting "("
in APPPATH\Controllers\CortadorPost.php on line 316.
 1 SYSTEMPATH\Autoloader\Autoloader.php(289): CodeIgniter\Autoloader\Autoloader->includeFile('C:\\xampp\\htdocs\\codi\\app\\Controllers\\CortadorPost.php')
 2 SYSTEMPATH\Autoloader\Autoloader.php(267): CodeIgniter\Autoloader\Autoloader->loadInNamespace('App\\Controllers\\CortadorPost')
 3 [internal function]: CodeIgniter\Autoloader\Autoloader->loadClass('App\\Controllers\\CortadorPost')
 4 SYSTEMPATH\CodeIgniter.php(892): class_exists('\\App\\Controllers\\CortadorPost', true)
 5 SYSTEMPATH\CodeIgniter.php(486): CodeIgniter\CodeIgniter->startController()
 6 SYSTEMPATH\CodeIgniter.php(368): CodeIgniter\CodeIgniter->handleRequest(null, Object(Config\Cache), false)
 7 FCPATH\index.php(67): CodeIgniter\CodeIgniter->run()
CRITICAL - 2023-08-18 19:54:25 --> syntax error, unexpected token "if", expecting "("
in APPPATH\Controllers\CortadorPost.php on line 316.
 1 SYSTEMPATH\Autoloader\Autoloader.php(289): CodeIgniter\Autoloader\Autoloader->includeFile('C:\\xampp\\htdocs\\codi\\app\\Controllers\\CortadorPost.php')
 2 SYSTEMPATH\Autoloader\Autoloader.php(267): CodeIgniter\Autoloader\Autoloader->loadInNamespace('App\\Controllers\\CortadorPost')
 3 [internal function]: CodeIgniter\Autoloader\Autoloader->loadClass('App\\Controllers\\CortadorPost')
 4 SYSTEMPATH\CodeIgniter.php(892): class_exists('\\App\\Controllers\\CortadorPost', true)
 5 SYSTEMPATH\CodeIgniter.php(486): CodeIgniter\CodeIgniter->startController()
 6 SYSTEMPATH\CodeIgniter.php(368): CodeIgniter\CodeIgniter->handleRequest(null, Object(Config\Cache), false)
 7 FCPATH\index.php(67): CodeIgniter\CodeIgniter->run()
CRITICAL - 2023-08-18 19:54:26 --> syntax error, unexpected token ")"
in APPPATH\Controllers\CortadorPost.php on line 315.
 1 SYSTEMPATH\Autoloader\Autoloader.php(289): CodeIgniter\Autoloader\Autoloader->includeFile('C:\\xampp\\htdocs\\codi\\app\\Controllers\\CortadorPost.php')
 2 SYSTEMPATH\Autoloader\Autoloader.php(267): CodeIgniter\Autoloader\Autoloader->loadInNamespace('App\\Controllers\\CortadorPost')
 3 [internal function]: CodeIgniter\Autoloader\Autoloader->loadClass('App\\Controllers\\CortadorPost')
 4 SYSTEMPATH\CodeIgniter.php(892): class_exists('\\App\\Controllers\\CortadorPost', true)
 5 SYSTEMPATH\CodeIgniter.php(486): CodeIgniter\CodeIgniter->startController()
 6 SYSTEMPATH\CodeIgniter.php(368): CodeIgniter\CodeIgniter->handleRequest(null, Object(Config\Cache), false)
 7 FCPATH\index.php(67): CodeIgniter\CodeIgniter->run()
CRITICAL - 2023-08-18 19:54:27 --> syntax error, unexpected token ")"
in APPPATH\Controllers\CortadorPost.php on line 315.
 1 SYSTEMPATH\Autoloader\Autoloader.php(289): CodeIgniter\Autoloader\Autoloader->includeFile('C:\\xampp\\htdocs\\codi\\app\\Controllers\\CortadorPost.php')
 2 SYSTEMPATH\Autoloader\Autoloader.php(267): CodeIgniter\Autoloader\Autoloader->loadInNamespace('App\\Controllers\\CortadorPost')
 3 [internal function]: CodeIgniter\Autoloader\Autoloader->loadClass('App\\Controllers\\CortadorPost')
 4 SYSTEMPATH\CodeIgniter.php(892): class_exists('\\App\\Controllers\\CortadorPost', true)
 5 SYSTEMPATH\CodeIgniter.php(486): CodeIgniter\CodeIgniter->startController()
 6 SYSTEMPATH\CodeIgniter.php(368): CodeIgniter\CodeIgniter->handleRequest(null, Object(Config\Cache), false)
 7 FCPATH\index.php(67): CodeIgniter\CodeIgniter->run()
CRITICAL - 2023-08-18 19:54:28 --> syntax error, unexpected token ")"
in APPPATH\Controllers\CortadorPost.php on line 315.
 1 SYSTEMPATH\Autoloader\Autoloader.php(289): CodeIgniter\Autoloader\Autoloader->includeFile('C:\\xampp\\htdocs\\codi\\app\\Controllers\\CortadorPost.php')
 2 SYSTEMPATH\Autoloader\Autoloader.php(267): CodeIgniter\Autoloader\Autoloader->loadInNamespace('App\\Controllers\\CortadorPost')
 3 [internal function]: CodeIgniter\Autoloader\Autoloader->loadClass('App\\Controllers\\CortadorPost')
 4 SYSTEMPATH\CodeIgniter.php(892): class_exists('\\App\\Controllers\\CortadorPost', true)
 5 SYSTEMPATH\CodeIgniter.php(486): CodeIgniter\CodeIgniter->startController()
 6 SYSTEMPATH\CodeIgniter.php(368): CodeIgniter\CodeIgniter->handleRequest(null, Object(Config\Cache), false)
 7 FCPATH\index.php(67): CodeIgniter\CodeIgniter->run()
CRITICAL - 2023-08-18 19:54:29 --> syntax error, unexpected token ")"
in APPPATH\Controllers\CortadorPost.php on line 315.
 1 SYSTEMPATH\Autoloader\Autoloader.php(289): CodeIgniter\Autoloader\Autoloader->includeFile('C:\\xampp\\htdocs\\codi\\app\\Controllers\\CortadorPost.php')
 2 SYSTEMPATH\Autoloader\Autoloader.php(267): CodeIgniter\Autoloader\Autoloader->loadInNamespace('App\\Controllers\\CortadorPost')
 3 [internal function]: CodeIgniter\Autoloader\Autoloader->loadClass('App\\Controllers\\CortadorPost')
 4 SYSTEMPATH\CodeIgniter.php(892): class_exists('\\App\\Controllers\\CortadorPost', true)
 5 SYSTEMPATH\CodeIgniter.php(486): CodeIgniter\CodeIgniter->startController()
 6 SYSTEMPATH\CodeIgniter.php(368): CodeIgniter\CodeIgniter->handleRequest(null, Object(Config\Cache), false)
 7 FCPATH\index.php(67): CodeIgniter\CodeIgniter->run()
CRITICAL - 2023-08-18 19:54:30 --> syntax error, unexpected token ")"
in APPPATH\Controllers\CortadorPost.php on line 315.
 1 SYSTEMPATH\Autoloader\Autoloader.php(289): CodeIgniter\Autoloader\Autoloader->includeFile('C:\\xampp\\htdocs\\codi\\app\\Controllers\\CortadorPost.php')
 2 SYSTEMPATH\Autoloader\Autoloader.php(267): CodeIgniter\Autoloader\Autoloader->loadInNamespace('App\\Controllers\\CortadorPost')
 3 [internal function]: CodeIgniter\Autoloader\Autoloader->loadClass('App\\Controllers\\CortadorPost')
 4 SYSTEMPATH\CodeIgniter.php(892): class_exists('\\App\\Controllers\\CortadorPost', true)
 5 SYSTEMPATH\CodeIgniter.php(486): CodeIgniter\CodeIgniter->startController()
 6 SYSTEMPATH\CodeIgniter.php(368): CodeIgniter\CodeIgniter->handleRequest(null, Object(Config\Cache), false)
 7 FCPATH\index.php(67): CodeIgniter\CodeIgniter->run()
CRITICAL - 2023-08-18 19:54:31 --> syntax error, unexpected token ")"
in APPPATH\Controllers\CortadorPost.php on line 315.
 1 SYSTEMPATH\Autoloader\Autoloader.php(289): CodeIgniter\Autoloader\Autoloader->includeFile('C:\\xampp\\htdocs\\codi\\app\\Controllers\\CortadorPost.php')
 2 SYSTEMPATH\Autoloader\Autoloader.php(267): CodeIgniter\Autoloader\Autoloader->loadInNamespace('App\\Controllers\\CortadorPost')
 3 [internal function]: CodeIgniter\Autoloader\Autoloader->loadClass('App\\Controllers\\CortadorPost')
 4 SYSTEMPATH\CodeIgniter.php(892): class_exists('\\App\\Controllers\\CortadorPost', true)
 5 SYSTEMPATH\CodeIgniter.php(486): CodeIgniter\CodeIgniter->startController()
 6 SYSTEMPATH\CodeIgniter.php(368): CodeIgniter\CodeIgniter->handleRequest(null, Object(Config\Cache), false)
 7 FCPATH\index.php(67): CodeIgniter\CodeIgniter->run()
CRITICAL - 2023-08-18 19:54:32 --> syntax error, unexpected token ")"
in APPPATH\Controllers\CortadorPost.php on line 315.
 1 SYSTEMPATH\Autoloader\Autoloader.php(289): CodeIgniter\Autoloader\Autoloader->includeFile('C:\\xampp\\htdocs\\codi\\app\\Controllers\\CortadorPost.php')
 2 SYSTEMPATH\Autoloader\Autoloader.php(267): CodeIgniter\Autoloader\Autoloader->loadInNamespace('App\\Controllers\\CortadorPost')
 3 [internal function]: CodeIgniter\Autoloader\Autoloader->loadClass('App\\Controllers\\CortadorPost')
 4 SYSTEMPATH\CodeIgniter.php(892): class_exists('\\App\\Controllers\\CortadorPost', true)
 5 SYSTEMPATH\CodeIgniter.php(486): CodeIgniter\CodeIgniter->startController()
 6 SYSTEMPATH\CodeIgniter.php(368): CodeIgniter\CodeIgniter->handleRequest(null, Object(Config\Cache), false)
 7 FCPATH\index.php(67): CodeIgniter\CodeIgniter->run()
CRITICAL - 2023-08-18 19:54:33 --> syntax error, unexpected token ")"
in APPPATH\Controllers\CortadorPost.php on line 315.
 1 SYSTEMPATH\Autoloader\Autoloader.php(289): CodeIgniter\Autoloader\Autoloader->includeFile('C:\\xampp\\htdocs\\codi\\app\\Controllers\\CortadorPost.php')
 2 SYSTEMPATH\Autoloader\Autoloader.php(267): CodeIgniter\Autoloader\Autoloader->loadInNamespace('App\\Controllers\\CortadorPost')
 3 [internal function]: CodeIgniter\Autoloader\Autoloader->loadClass('App\\Controllers\\CortadorPost')
 4 SYSTEMPATH\CodeIgniter.php(892): class_exists('\\App\\Controllers\\CortadorPost', true)
 5 SYSTEMPATH\CodeIgniter.php(486): CodeIgniter\CodeIgniter->startController()
 6 SYSTEMPATH\CodeIgniter.php(368): CodeIgniter\CodeIgniter->handleRequest(null, Object(Config\Cache), false)
 7 FCPATH\index.php(67): CodeIgniter\CodeIgniter->run()
CRITICAL - 2023-08-18 19:54:34 --> syntax error, unexpected token ")"
in APPPATH\Controllers\CortadorPost.php on line 315.
 1 SYSTEMPATH\Autoloader\Autoloader.php(289): CodeIgniter\Autoloader\Autoloader->includeFile('C:\\xampp\\htdocs\\codi\\app\\Controllers\\CortadorPost.php')
 2 SYSTEMPATH\Autoloader\Autoloader.php(267): CodeIgniter\Autoloader\Autoloader->loadInNamespace('App\\Controllers\\CortadorPost')
 3 [internal function]: CodeIgniter\Autoloader\Autoloader->loadClass('App\\Controllers\\CortadorPost')
 4 SYSTEMPATH\CodeIgniter.php(892): class_exists('\\App\\Controllers\\CortadorPost', true)
 5 SYSTEMPATH\CodeIgniter.php(486): CodeIgniter\CodeIgniter->startController()
 6 SYSTEMPATH\CodeIgniter.php(368): CodeIgniter\CodeIgniter->handleRequest(null, Object(Config\Cache), false)
 7 FCPATH\index.php(67): CodeIgniter\CodeIgniter->run()
CRITICAL - 2023-08-18 19:54:35 --> syntax error, unexpected token ")"
in APPPATH\Controllers\CortadorPost.php on line 315.
 1 SYSTEMPATH\Autoloader\Autoloader.php(289): CodeIgniter\Autoloader\Autoloader->includeFile('C:\\xampp\\htdocs\\codi\\app\\Controllers\\CortadorPost.php')
 2 SYSTEMPATH\Autoloader\Autoloader.php(267): CodeIgniter\Autoloader\Autoloader->loadInNamespace('App\\Controllers\\CortadorPost')
 3 [internal function]: CodeIgniter\Autoloader\Autoloader->loadClass('App\\Controllers\\CortadorPost')
 4 SYSTEMPATH\CodeIgniter.php(892): class_exists('\\App\\Controllers\\CortadorPost', true)
 5 SYSTEMPATH\CodeIgniter.php(486): CodeIgniter\CodeIgniter->startController()
 6 SYSTEMPATH\CodeIgniter.php(368): CodeIgniter\CodeIgniter->handleRequest(null, Object(Config\Cache), false)
 7 FCPATH\index.php(67): CodeIgniter\CodeIgniter->run()
CRITICAL - 2023-08-18 19:54:36 --> syntax error, unexpected token ")"
in APPPATH\Controllers\CortadorPost.php on line 315.
 1 SYSTEMPATH\Autoloader\Autoloader.php(289): CodeIgniter\Autoloader\Autoloader->includeFile('C:\\xampp\\htdocs\\codi\\app\\Controllers\\CortadorPost.php')
 2 SYSTEMPATH\Autoloader\Autoloader.php(267): CodeIgniter\Autoloader\Autoloader->loadInNamespace('App\\Controllers\\CortadorPost')
 3 [internal function]: CodeIgniter\Autoloader\Autoloader->loadClass('App\\Controllers\\CortadorPost')
 4 SYSTEMPATH\CodeIgniter.php(892): class_exists('\\App\\Controllers\\CortadorPost', true)
 5 SYSTEMPATH\CodeIgniter.php(486): CodeIgniter\CodeIgniter->startController()
 6 SYSTEMPATH\CodeIgniter.php(368): CodeIgniter\CodeIgniter->handleRequest(null, Object(Config\Cache), false)
 7 FCPATH\index.php(67): CodeIgniter\CodeIgniter->run()
CRITICAL - 2023-08-18 19:54:37 --> syntax error, unexpected token ")"
in APPPATH\Controllers\CortadorPost.php on line 315.
 1 SYSTEMPATH\Autoloader\Autoloader.php(289): CodeIgniter\Autoloader\Autoloader->includeFile('C:\\xampp\\htdocs\\codi\\app\\Controllers\\CortadorPost.php')
 2 SYSTEMPATH\Autoloader\Autoloader.php(267): CodeIgniter\Autoloader\Autoloader->loadInNamespace('App\\Controllers\\CortadorPost')
 3 [internal function]: CodeIgniter\Autoloader\Autoloader->loadClass('App\\Controllers\\CortadorPost')
 4 SYSTEMPATH\CodeIgniter.php(892): class_exists('\\App\\Controllers\\CortadorPost', true)
 5 SYSTEMPATH\CodeIgniter.php(486): CodeIgniter\CodeIgniter->startController()
 6 SYSTEMPATH\CodeIgniter.php(368): CodeIgniter\CodeIgniter->handleRequest(null, Object(Config\Cache), false)
 7 FCPATH\index.php(67): CodeIgniter\CodeIgniter->run()
CRITICAL - 2023-08-18 19:54:38 --> syntax error, unexpected token ")"
in APPPATH\Controllers\CortadorPost.php on line 315.
 1 SYSTEMPATH\Autoloader\Autoloader.php(289): CodeIgniter\Autoloader\Autoloader->includeFile('C:\\xampp\\htdocs\\codi\\app\\Controllers\\CortadorPost.php')
 2 SYSTEMPATH\Autoloader\Autoloader.php(267): CodeIgniter\Autoloader\Autoloader->loadInNamespace('App\\Controllers\\CortadorPost')
 3 [internal function]: CodeIgniter\Autoloader\Autoloader->loadClass('App\\Controllers\\CortadorPost')
 4 SYSTEMPATH\CodeIgniter.php(892): class_exists('\\App\\Controllers\\CortadorPost', true)
 5 SYSTEMPATH\CodeIgniter.php(486): CodeIgniter\CodeIgniter->startController()
 6 SYSTEMPATH\CodeIgniter.php(368): CodeIgniter\CodeIgniter->handleRequest(null, Object(Config\Cache), false)
 7 FCPATH\index.php(67): CodeIgniter\CodeIgniter->run()
CRITICAL - 2023-08-18 19:54:39 --> syntax error, unexpected token ")"
in APPPATH\Controllers\CortadorPost.php on line 315.
 1 SYSTEMPATH\Autoloader\Autoloader.php(289): CodeIgniter\Autoloader\Autoloader->includeFile('C:\\xampp\\htdocs\\codi\\app\\Controllers\\CortadorPost.php')
 2 SYSTEMPATH\Autoloader\Autoloader.php(267): CodeIgniter\Autoloader\Autoloader->loadInNamespace('App\\Controllers\\CortadorPost')
 3 [internal function]: CodeIgniter\Autoloader\Autoloader->loadClass('App\\Controllers\\CortadorPost')
 4 SYSTEMPATH\CodeIgniter.php(892): class_exists('\\App\\Controllers\\CortadorPost', true)
 5 SYSTEMPATH\CodeIgniter.php(486): CodeIgniter\CodeIgniter->startController()
 6 SYSTEMPATH\CodeIgniter.php(368): CodeIgniter\CodeIgniter->handleRequest(null, Object(Config\Cache), false)
 7 FCPATH\index.php(67): CodeIgniter\CodeIgniter->run()
CRITICAL - 2023-08-18 20:19:05 --> rename(c:/wl/wl_desenhos/EMBRAED/a32/PAISAGISMO/1/1/123/.dxf5,c:/wl/wl_desenhos/EMBRAED/a32/PAISAGISMO/1/1/123/.dxfcortado_18_08_2023_55373.dxf): O sistema não pode encontrar o arquivo especificado (code: 2)
in APPPATH\Controllers\CortadorPost.php on line 321.
 1 [internal function]: CodeIgniter\Debug\Exceptions->errorHandler(2, 'rename(c:/wl/wl_desenhos/EMBRAED/a32/PAISAGISMO/1/1/123/.dxf5,c:/wl/wl_desenhos/EMBRAED/a32/PAISAGISMO/1/1/123/.dxfcortado_18_08_2023_55373.dxf): O sistema não pode encontrar o arquivo especificado (code: 2)', 'C:\\xampp\\htdocs\\codi\\app\\Controllers\\CortadorPost.php', 321)
 2 APPPATH\Controllers\CortadorPost.php(321): rename('c:/wl/wl_desenhos/EMBRAED/a32/PAISAGISMO/1/1/123/.dxf5', 'c:/wl/wl_desenhos/EMBRAED/a32/PAISAGISMO/1/1/123/.dxfcortado_18_08_2023_55373.dxf')
 3 SYSTEMPATH\CodeIgniter.php(934): App\Controllers\CortadorPost->confirmar_corte()
 4 SYSTEMPATH\CodeIgniter.php(499): CodeIgniter\CodeIgniter->runController(Object(App\Controllers\CortadorPost))
 5 SYSTEMPATH\CodeIgniter.php(368): CodeIgniter\CodeIgniter->handleRequest(null, Object(Config\Cache), false)
 6 FCPATH\index.php(67): CodeIgniter\CodeIgniter->run()
CRITICAL - 2023-08-18 20:57:50 --> rename(c:/wl/wl_desenhos/EMBRAED/a32/PAISAGISMO/1/1/123/5,c:/wl/wl_desenhos/EMBRAED/a32/PAISAGISMO/1/1/123/cortado_18_08_2023_55503.dxf): O sistema não pode encontrar o arquivo especificado (code: 2)
in APPPATH\Controllers\CortadorPost.php on line 326.
 1 [internal function]: CodeIgniter\Debug\Exceptions->errorHandler(2, 'rename(c:/wl/wl_desenhos/EMBRAED/a32/PAISAGISMO/1/1/123/5,c:/wl/wl_desenhos/EMBRAED/a32/PAISAGISMO/1/1/123/cortado_18_08_2023_55503.dxf): O sistema não pode encontrar o arquivo especificado (code: 2)', 'C:\\xampp\\htdocs\\codi\\app\\Controllers\\CortadorPost.php', 326)
 2 APPPATH\Controllers\CortadorPost.php(326): rename('c:/wl/wl_desenhos/EMBRAED/a32/PAISAGISMO/1/1/123/5', 'c:/wl/wl_desenhos/EMBRAED/a32/PAISAGISMO/1/1/123/cortado_18_08_2023_55503.dxf')
 3 SYSTEMPATH\CodeIgniter.php(934): App\Controllers\CortadorPost->confirmar_corte()
 4 SYSTEMPATH\CodeIgniter.php(499): CodeIgniter\CodeIgniter->runController(Object(App\Controllers\CortadorPost))
 5 SYSTEMPATH\CodeIgniter.php(368): CodeIgniter\CodeIgniter->handleRequest(null, Object(Config\Cache), false)
 6 FCPATH\index.php(67): CodeIgniter\CodeIgniter->run()
