CRITICAL - 2023-09-27 20:51:26 --> syntax error, unexpected token ";", expecting ")"
in APPPATH\Controllers\Adm.php on line 103.
 1 SYSTEMPATH\Autoloader\Autoloader.php(289): CodeIgniter\Autoloader\Autoloader->includeFile('C:\\xampp\\htdocs\\codi\\app\\Controllers\\Adm.php')
 2 SYSTEMPATH\Autoloader\Autoloader.php(267): CodeIgniter\Autoloader\Autoloader->loadInNamespace('App\\Controllers\\Adm')
 3 [internal function]: CodeIgniter\Autoloader\Autoloader->loadClass('App\\Controllers\\Adm')
 4 SYSTEMPATH\CodeIgniter.php(892): class_exists('\\App\\Controllers\\Adm', true)
 5 SYSTEMPATH\CodeIgniter.php(486): CodeIgniter\CodeIgniter->startController()
 6 SYSTEMPATH\CodeIgniter.php(368): CodeIgniter\CodeIgniter->handleRequest(null, Object(Config\Cache), false)
 7 FCPATH\index.php(67): CodeIgniter\CodeIgniter->run()
CRITICAL - 2023-09-27 21:11:35 --> syntax error, unexpected variable "$data"
in APPPATH\Controllers\AdmPost.php on line 209.
 1 SYSTEMPATH\Autoloader\Autoloader.php(289): CodeIgniter\Autoloader\Autoloader->includeFile('C:\\xampp\\htdocs\\codi\\app\\Controllers\\AdmPost.php')
 2 SYSTEMPATH\Autoloader\Autoloader.php(267): CodeIgniter\Autoloader\Autoloader->loadInNamespace('App\\Controllers\\AdmPost')
 3 [internal function]: CodeIgniter\Autoloader\Autoloader->loadClass('App\\Controllers\\AdmPost')
 4 SYSTEMPATH\CodeIgniter.php(892): class_exists('\\App\\Controllers\\AdmPost', true)
 5 SYSTEMPATH\CodeIgniter.php(486): CodeIgniter\CodeIgniter->startController()
 6 SYSTEMPATH\CodeIgniter.php(368): CodeIgniter\CodeIgniter->handleRequest(null, Object(Config\Cache), false)
 7 FCPATH\index.php(67): CodeIgniter\CodeIgniter->run()
CRITICAL - 2023-09-27 21:11:35 --> syntax error, unexpected variable "$data"
in APPPATH\Controllers\AdmPost.php on line 209.
 1 SYSTEMPATH\Autoloader\Autoloader.php(289): CodeIgniter\Autoloader\Autoloader->includeFile('C:\\xampp\\htdocs\\codi\\app\\Controllers\\AdmPost.php')
 2 SYSTEMPATH\Autoloader\Autoloader.php(267): CodeIgniter\Autoloader\Autoloader->loadInNamespace('App\\Controllers\\AdmPost')
 3 [internal function]: CodeIgniter\Autoloader\Autoloader->loadClass('App\\Controllers\\AdmPost')
 4 SYSTEMPATH\CodeIgniter.php(892): class_exists('\\App\\Controllers\\AdmPost', true)
 5 SYSTEMPATH\CodeIgniter.php(486): CodeIgniter\CodeIgniter->startController()
 6 SYSTEMPATH\CodeIgniter.php(368): CodeIgniter\CodeIgniter->handleRequest(null, Object(Config\Cache), false)
 7 FCPATH\index.php(67): CodeIgniter\CodeIgniter->run()
CRITICAL - 2023-09-27 21:11:36 --> syntax error, unexpected variable "$data"
in APPPATH\Controllers\AdmPost.php on line 209.
 1 SYSTEMPATH\Autoloader\Autoloader.php(289): CodeIgniter\Autoloader\Autoloader->includeFile('C:\\xampp\\htdocs\\codi\\app\\Controllers\\AdmPost.php')
 2 SYSTEMPATH\Autoloader\Autoloader.php(267): CodeIgniter\Autoloader\Autoloader->loadInNamespace('App\\Controllers\\AdmPost')
 3 [internal function]: CodeIgniter\Autoloader\Autoloader->loadClass('App\\Controllers\\AdmPost')
 4 SYSTEMPATH\CodeIgniter.php(892): class_exists('\\App\\Controllers\\AdmPost', true)
 5 SYSTEMPATH\CodeIgniter.php(486): CodeIgniter\CodeIgniter->startController()
 6 SYSTEMPATH\CodeIgniter.php(368): CodeIgniter\CodeIgniter->handleRequest(null, Object(Config\Cache), false)
 7 FCPATH\index.php(67): CodeIgniter\CodeIgniter->run()
CRITICAL - 2023-09-27 21:11:36 --> syntax error, unexpected variable "$data"
in APPPATH\Controllers\AdmPost.php on line 209.
 1 SYSTEMPATH\Autoloader\Autoloader.php(289): CodeIgniter\Autoloader\Autoloader->includeFile('C:\\xampp\\htdocs\\codi\\app\\Controllers\\AdmPost.php')
 2 SYSTEMPATH\Autoloader\Autoloader.php(267): CodeIgniter\Autoloader\Autoloader->loadInNamespace('App\\Controllers\\AdmPost')
 3 [internal function]: CodeIgniter\Autoloader\Autoloader->loadClass('App\\Controllers\\AdmPost')
 4 SYSTEMPATH\CodeIgniter.php(892): class_exists('\\App\\Controllers\\AdmPost', true)
 5 SYSTEMPATH\CodeIgniter.php(486): CodeIgniter\CodeIgniter->startController()
 6 SYSTEMPATH\CodeIgniter.php(368): CodeIgniter\CodeIgniter->handleRequest(null, Object(Config\Cache), false)
 7 FCPATH\index.php(67): CodeIgniter\CodeIgniter->run()
CRITICAL - 2023-09-27 21:11:37 --> syntax error, unexpected variable "$data"
in APPPATH\Controllers\AdmPost.php on line 209.
 1 SYSTEMPATH\Autoloader\Autoloader.php(289): CodeIgniter\Autoloader\Autoloader->includeFile('C:\\xampp\\htdocs\\codi\\app\\Controllers\\AdmPost.php')
 2 SYSTEMPATH\Autoloader\Autoloader.php(267): CodeIgniter\Autoloader\Autoloader->loadInNamespace('App\\Controllers\\AdmPost')
 3 [internal function]: CodeIgniter\Autoloader\Autoloader->loadClass('App\\Controllers\\AdmPost')
 4 SYSTEMPATH\CodeIgniter.php(892): class_exists('\\App\\Controllers\\AdmPost', true)
 5 SYSTEMPATH\CodeIgniter.php(486): CodeIgniter\CodeIgniter->startController()
 6 SYSTEMPATH\CodeIgniter.php(368): CodeIgniter\CodeIgniter->handleRequest(null, Object(Config\Cache), false)
 7 FCPATH\index.php(67): CodeIgniter\CodeIgniter->run()
CRITICAL - 2023-09-27 21:11:37 --> syntax error, unexpected variable "$data"
in APPPATH\Controllers\AdmPost.php on line 209.
 1 SYSTEMPATH\Autoloader\Autoloader.php(289): CodeIgniter\Autoloader\Autoloader->includeFile('C:\\xampp\\htdocs\\codi\\app\\Controllers\\AdmPost.php')
 2 SYSTEMPATH\Autoloader\Autoloader.php(267): CodeIgniter\Autoloader\Autoloader->loadInNamespace('App\\Controllers\\AdmPost')
 3 [internal function]: CodeIgniter\Autoloader\Autoloader->loadClass('App\\Controllers\\AdmPost')
 4 SYSTEMPATH\CodeIgniter.php(892): class_exists('\\App\\Controllers\\AdmPost', true)
 5 SYSTEMPATH\CodeIgniter.php(486): CodeIgniter\CodeIgniter->startController()
 6 SYSTEMPATH\CodeIgniter.php(368): CodeIgniter\CodeIgniter->handleRequest(null, Object(Config\Cache), false)
 7 FCPATH\index.php(67): CodeIgniter\CodeIgniter->run()
CRITICAL - 2023-09-27 21:11:38 --> syntax error, unexpected variable "$data"
in APPPATH\Controllers\AdmPost.php on line 209.
 1 SYSTEMPATH\Autoloader\Autoloader.php(289): CodeIgniter\Autoloader\Autoloader->includeFile('C:\\xampp\\htdocs\\codi\\app\\Controllers\\AdmPost.php')
 2 SYSTEMPATH\Autoloader\Autoloader.php(267): CodeIgniter\Autoloader\Autoloader->loadInNamespace('App\\Controllers\\AdmPost')
 3 [internal function]: CodeIgniter\Autoloader\Autoloader->loadClass('App\\Controllers\\AdmPost')
 4 SYSTEMPATH\CodeIgniter.php(892): class_exists('\\App\\Controllers\\AdmPost', true)
 5 SYSTEMPATH\CodeIgniter.php(486): CodeIgniter\CodeIgniter->startController()
 6 SYSTEMPATH\CodeIgniter.php(368): CodeIgniter\CodeIgniter->handleRequest(null, Object(Config\Cache), false)
 7 FCPATH\index.php(67): CodeIgniter\CodeIgniter->run()
CRITICAL - 2023-09-27 21:11:38 --> syntax error, unexpected variable "$data"
in APPPATH\Controllers\AdmPost.php on line 209.
 1 SYSTEMPATH\Autoloader\Autoloader.php(289): CodeIgniter\Autoloader\Autoloader->includeFile('C:\\xampp\\htdocs\\codi\\app\\Controllers\\AdmPost.php')
 2 SYSTEMPATH\Autoloader\Autoloader.php(267): CodeIgniter\Autoloader\Autoloader->loadInNamespace('App\\Controllers\\AdmPost')
 3 [internal function]: CodeIgniter\Autoloader\Autoloader->loadClass('App\\Controllers\\AdmPost')
 4 SYSTEMPATH\CodeIgniter.php(892): class_exists('\\App\\Controllers\\AdmPost', true)
 5 SYSTEMPATH\CodeIgniter.php(486): CodeIgniter\CodeIgniter->startController()
 6 SYSTEMPATH\CodeIgniter.php(368): CodeIgniter\CodeIgniter->handleRequest(null, Object(Config\Cache), false)
 7 FCPATH\index.php(67): CodeIgniter\CodeIgniter->run()
CRITICAL - 2023-09-27 21:11:39 --> syntax error, unexpected variable "$data"
in APPPATH\Controllers\AdmPost.php on line 209.
 1 SYSTEMPATH\Autoloader\Autoloader.php(289): CodeIgniter\Autoloader\Autoloader->includeFile('C:\\xampp\\htdocs\\codi\\app\\Controllers\\AdmPost.php')
 2 SYSTEMPATH\Autoloader\Autoloader.php(267): CodeIgniter\Autoloader\Autoloader->loadInNamespace('App\\Controllers\\AdmPost')
 3 [internal function]: CodeIgniter\Autoloader\Autoloader->loadClass('App\\Controllers\\AdmPost')
 4 SYSTEMPATH\CodeIgniter.php(892): class_exists('\\App\\Controllers\\AdmPost', true)
 5 SYSTEMPATH\CodeIgniter.php(486): CodeIgniter\CodeIgniter->startController()
 6 SYSTEMPATH\CodeIgniter.php(368): CodeIgniter\CodeIgniter->handleRequest(null, Object(Config\Cache), false)
 7 FCPATH\index.php(67): CodeIgniter\CodeIgniter->run()
CRITICAL - 2023-09-27 21:11:39 --> syntax error, unexpected variable "$data"
in APPPATH\Controllers\AdmPost.php on line 209.
 1 SYSTEMPATH\Autoloader\Autoloader.php(289): CodeIgniter\Autoloader\Autoloader->includeFile('C:\\xampp\\htdocs\\codi\\app\\Controllers\\AdmPost.php')
 2 SYSTEMPATH\Autoloader\Autoloader.php(267): CodeIgniter\Autoloader\Autoloader->loadInNamespace('App\\Controllers\\AdmPost')
 3 [internal function]: CodeIgniter\Autoloader\Autoloader->loadClass('App\\Controllers\\AdmPost')
 4 SYSTEMPATH\CodeIgniter.php(892): class_exists('\\App\\Controllers\\AdmPost', true)
 5 SYSTEMPATH\CodeIgniter.php(486): CodeIgniter\CodeIgniter->startController()
 6 SYSTEMPATH\CodeIgniter.php(368): CodeIgniter\CodeIgniter->handleRequest(null, Object(Config\Cache), false)
 7 FCPATH\index.php(67): CodeIgniter\CodeIgniter->run()
CRITICAL - 2023-09-27 21:11:40 --> syntax error, unexpected variable "$data"
in APPPATH\Controllers\AdmPost.php on line 209.
 1 SYSTEMPATH\Autoloader\Autoloader.php(289): CodeIgniter\Autoloader\Autoloader->includeFile('C:\\xampp\\htdocs\\codi\\app\\Controllers\\AdmPost.php')
 2 SYSTEMPATH\Autoloader\Autoloader.php(267): CodeIgniter\Autoloader\Autoloader->loadInNamespace('App\\Controllers\\AdmPost')
 3 [internal function]: CodeIgniter\Autoloader\Autoloader->loadClass('App\\Controllers\\AdmPost')
 4 SYSTEMPATH\CodeIgniter.php(892): class_exists('\\App\\Controllers\\AdmPost', true)
 5 SYSTEMPATH\CodeIgniter.php(486): CodeIgniter\CodeIgniter->startController()
 6 SYSTEMPATH\CodeIgniter.php(368): CodeIgniter\CodeIgniter->handleRequest(null, Object(Config\Cache), false)
 7 FCPATH\index.php(67): CodeIgniter\CodeIgniter->run()
CRITICAL - 2023-09-27 21:11:40 --> syntax error, unexpected variable "$data"
in APPPATH\Controllers\AdmPost.php on line 209.
 1 SYSTEMPATH\Autoloader\Autoloader.php(289): CodeIgniter\Autoloader\Autoloader->includeFile('C:\\xampp\\htdocs\\codi\\app\\Controllers\\AdmPost.php')
 2 SYSTEMPATH\Autoloader\Autoloader.php(267): CodeIgniter\Autoloader\Autoloader->loadInNamespace('App\\Controllers\\AdmPost')
 3 [internal function]: CodeIgniter\Autoloader\Autoloader->loadClass('App\\Controllers\\AdmPost')
 4 SYSTEMPATH\CodeIgniter.php(892): class_exists('\\App\\Controllers\\AdmPost', true)
 5 SYSTEMPATH\CodeIgniter.php(486): CodeIgniter\CodeIgniter->startController()
 6 SYSTEMPATH\CodeIgniter.php(368): CodeIgniter\CodeIgniter->handleRequest(null, Object(Config\Cache), false)
 7 FCPATH\index.php(67): CodeIgniter\CodeIgniter->run()
CRITICAL - 2023-09-27 21:11:41 --> syntax error, unexpected variable "$data"
in APPPATH\Controllers\AdmPost.php on line 209.
 1 SYSTEMPATH\Autoloader\Autoloader.php(289): CodeIgniter\Autoloader\Autoloader->includeFile('C:\\xampp\\htdocs\\codi\\app\\Controllers\\AdmPost.php')
 2 SYSTEMPATH\Autoloader\Autoloader.php(267): CodeIgniter\Autoloader\Autoloader->loadInNamespace('App\\Controllers\\AdmPost')
 3 [internal function]: CodeIgniter\Autoloader\Autoloader->loadClass('App\\Controllers\\AdmPost')
 4 SYSTEMPATH\CodeIgniter.php(892): class_exists('\\App\\Controllers\\AdmPost', true)
 5 SYSTEMPATH\CodeIgniter.php(486): CodeIgniter\CodeIgniter->startController()
 6 SYSTEMPATH\CodeIgniter.php(368): CodeIgniter\CodeIgniter->handleRequest(null, Object(Config\Cache), false)
 7 FCPATH\index.php(67): CodeIgniter\CodeIgniter->run()
CRITICAL - 2023-09-27 21:11:41 --> syntax error, unexpected variable "$data"
in APPPATH\Controllers\AdmPost.php on line 209.
 1 SYSTEMPATH\Autoloader\Autoloader.php(289): CodeIgniter\Autoloader\Autoloader->includeFile('C:\\xampp\\htdocs\\codi\\app\\Controllers\\AdmPost.php')
 2 SYSTEMPATH\Autoloader\Autoloader.php(267): CodeIgniter\Autoloader\Autoloader->loadInNamespace('App\\Controllers\\AdmPost')
 3 [internal function]: CodeIgniter\Autoloader\Autoloader->loadClass('App\\Controllers\\AdmPost')
 4 SYSTEMPATH\CodeIgniter.php(892): class_exists('\\App\\Controllers\\AdmPost', true)
 5 SYSTEMPATH\CodeIgniter.php(486): CodeIgniter\CodeIgniter->startController()
 6 SYSTEMPATH\CodeIgniter.php(368): CodeIgniter\CodeIgniter->handleRequest(null, Object(Config\Cache), false)
 7 FCPATH\index.php(67): CodeIgniter\CodeIgniter->run()
CRITICAL - 2023-09-27 21:11:42 --> syntax error, unexpected variable "$data"
in APPPATH\Controllers\AdmPost.php on line 209.
 1 SYSTEMPATH\Autoloader\Autoloader.php(289): CodeIgniter\Autoloader\Autoloader->includeFile('C:\\xampp\\htdocs\\codi\\app\\Controllers\\AdmPost.php')
 2 SYSTEMPATH\Autoloader\Autoloader.php(267): CodeIgniter\Autoloader\Autoloader->loadInNamespace('App\\Controllers\\AdmPost')
 3 [internal function]: CodeIgniter\Autoloader\Autoloader->loadClass('App\\Controllers\\AdmPost')
 4 SYSTEMPATH\CodeIgniter.php(892): class_exists('\\App\\Controllers\\AdmPost', true)
 5 SYSTEMPATH\CodeIgniter.php(486): CodeIgniter\CodeIgniter->startController()
 6 SYSTEMPATH\CodeIgniter.php(368): CodeIgniter\CodeIgniter->handleRequest(null, Object(Config\Cache), false)
 7 FCPATH\index.php(67): CodeIgniter\CodeIgniter->run()
CRITICAL - 2023-09-27 21:11:42 --> syntax error, unexpected variable "$data"
in APPPATH\Controllers\AdmPost.php on line 209.
 1 SYSTEMPATH\Autoloader\Autoloader.php(289): CodeIgniter\Autoloader\Autoloader->includeFile('C:\\xampp\\htdocs\\codi\\app\\Controllers\\AdmPost.php')
 2 SYSTEMPATH\Autoloader\Autoloader.php(267): CodeIgniter\Autoloader\Autoloader->loadInNamespace('App\\Controllers\\AdmPost')
 3 [internal function]: CodeIgniter\Autoloader\Autoloader->loadClass('App\\Controllers\\AdmPost')
 4 SYSTEMPATH\CodeIgniter.php(892): class_exists('\\App\\Controllers\\AdmPost', true)
 5 SYSTEMPATH\CodeIgniter.php(486): CodeIgniter\CodeIgniter->startController()
 6 SYSTEMPATH\CodeIgniter.php(368): CodeIgniter\CodeIgniter->handleRequest(null, Object(Config\Cache), false)
 7 FCPATH\index.php(67): CodeIgniter\CodeIgniter->run()
CRITICAL - 2023-09-27 21:11:43 --> syntax error, unexpected variable "$data"
in APPPATH\Controllers\AdmPost.php on line 209.
 1 SYSTEMPATH\Autoloader\Autoloader.php(289): CodeIgniter\Autoloader\Autoloader->includeFile('C:\\xampp\\htdocs\\codi\\app\\Controllers\\AdmPost.php')
 2 SYSTEMPATH\Autoloader\Autoloader.php(267): CodeIgniter\Autoloader\Autoloader->loadInNamespace('App\\Controllers\\AdmPost')
 3 [internal function]: CodeIgniter\Autoloader\Autoloader->loadClass('App\\Controllers\\AdmPost')
 4 SYSTEMPATH\CodeIgniter.php(892): class_exists('\\App\\Controllers\\AdmPost', true)
 5 SYSTEMPATH\CodeIgniter.php(486): CodeIgniter\CodeIgniter->startController()
 6 SYSTEMPATH\CodeIgniter.php(368): CodeIgniter\CodeIgniter->handleRequest(null, Object(Config\Cache), false)
 7 FCPATH\index.php(67): CodeIgniter\CodeIgniter->run()
CRITICAL - 2023-09-27 21:11:43 --> syntax error, unexpected variable "$data"
in APPPATH\Controllers\AdmPost.php on line 209.
 1 SYSTEMPATH\Autoloader\Autoloader.php(289): CodeIgniter\Autoloader\Autoloader->includeFile('C:\\xampp\\htdocs\\codi\\app\\Controllers\\AdmPost.php')
 2 SYSTEMPATH\Autoloader\Autoloader.php(267): CodeIgniter\Autoloader\Autoloader->loadInNamespace('App\\Controllers\\AdmPost')
 3 [internal function]: CodeIgniter\Autoloader\Autoloader->loadClass('App\\Controllers\\AdmPost')
 4 SYSTEMPATH\CodeIgniter.php(892): class_exists('\\App\\Controllers\\AdmPost', true)
 5 SYSTEMPATH\CodeIgniter.php(486): CodeIgniter\CodeIgniter->startController()
 6 SYSTEMPATH\CodeIgniter.php(368): CodeIgniter\CodeIgniter->handleRequest(null, Object(Config\Cache), false)
 7 FCPATH\index.php(67): CodeIgniter\CodeIgniter->run()
CRITICAL - 2023-09-27 21:11:44 --> syntax error, unexpected variable "$data"
in APPPATH\Controllers\AdmPost.php on line 209.
 1 SYSTEMPATH\Autoloader\Autoloader.php(289): CodeIgniter\Autoloader\Autoloader->includeFile('C:\\xampp\\htdocs\\codi\\app\\Controllers\\AdmPost.php')
 2 SYSTEMPATH\Autoloader\Autoloader.php(267): CodeIgniter\Autoloader\Autoloader->loadInNamespace('App\\Controllers\\AdmPost')
 3 [internal function]: CodeIgniter\Autoloader\Autoloader->loadClass('App\\Controllers\\AdmPost')
 4 SYSTEMPATH\CodeIgniter.php(892): class_exists('\\App\\Controllers\\AdmPost', true)
 5 SYSTEMPATH\CodeIgniter.php(486): CodeIgniter\CodeIgniter->startController()
 6 SYSTEMPATH\CodeIgniter.php(368): CodeIgniter\CodeIgniter->handleRequest(null, Object(Config\Cache), false)
 7 FCPATH\index.php(67): CodeIgniter\CodeIgniter->run()
CRITICAL - 2023-09-27 21:11:44 --> syntax error, unexpected variable "$data"
in APPPATH\Controllers\AdmPost.php on line 209.
 1 SYSTEMPATH\Autoloader\Autoloader.php(289): CodeIgniter\Autoloader\Autoloader->includeFile('C:\\xampp\\htdocs\\codi\\app\\Controllers\\AdmPost.php')
 2 SYSTEMPATH\Autoloader\Autoloader.php(267): CodeIgniter\Autoloader\Autoloader->loadInNamespace('App\\Controllers\\AdmPost')
 3 [internal function]: CodeIgniter\Autoloader\Autoloader->loadClass('App\\Controllers\\AdmPost')
 4 SYSTEMPATH\CodeIgniter.php(892): class_exists('\\App\\Controllers\\AdmPost', true)
 5 SYSTEMPATH\CodeIgniter.php(486): CodeIgniter\CodeIgniter->startController()
 6 SYSTEMPATH\CodeIgniter.php(368): CodeIgniter\CodeIgniter->handleRequest(null, Object(Config\Cache), false)
 7 FCPATH\index.php(67): CodeIgniter\CodeIgniter->run()
CRITICAL - 2023-09-27 21:15:13 --> Allowed memory size of 536870912 bytes exhausted (tried to allocate 4096 bytes)
in APPPATH\Controllers\AdmPost.php on line 218.
 1 [internal function]: CodeIgniter\Debug\Exceptions->shutdownHandler()
CRITICAL - 2023-09-27 21:15:17 --> Allowed memory size of 536870912 bytes exhausted (tried to allocate 4096 bytes)
in APPPATH\Controllers\AdmPost.php on line 218.
 1 [internal function]: CodeIgniter\Debug\Exceptions->shutdownHandler()
CRITICAL - 2023-09-27 21:15:21 --> Allowed memory size of 536870912 bytes exhausted (tried to allocate 4096 bytes)
in APPPATH\Controllers\AdmPost.php on line 218.
 1 [internal function]: CodeIgniter\Debug\Exceptions->shutdownHandler()
CRITICAL - 2023-09-27 21:15:25 --> Allowed memory size of 536870912 bytes exhausted (tried to allocate 4096 bytes)
in APPPATH\Controllers\AdmPost.php on line 218.
 1 [internal function]: CodeIgniter\Debug\Exceptions->shutdownHandler()
CRITICAL - 2023-09-27 21:15:28 --> Allowed memory size of 536870912 bytes exhausted (tried to allocate 4096 bytes)
in APPPATH\Controllers\AdmPost.php on line 218.
 1 [internal function]: CodeIgniter\Debug\Exceptions->shutdownHandler()
CRITICAL - 2023-09-27 21:15:32 --> Allowed memory size of 536870912 bytes exhausted (tried to allocate 4096 bytes)
in APPPATH\Controllers\AdmPost.php on line 218.
 1 [internal function]: CodeIgniter\Debug\Exceptions->shutdownHandler()
CRITICAL - 2023-09-27 21:15:36 --> Allowed memory size of 536870912 bytes exhausted (tried to allocate 4096 bytes)
in APPPATH\Controllers\AdmPost.php on line 218.
 1 [internal function]: CodeIgniter\Debug\Exceptions->shutdownHandler()
CRITICAL - 2023-09-27 21:15:41 --> Allowed memory size of 536870912 bytes exhausted (tried to allocate 4096 bytes)
in APPPATH\Controllers\AdmPost.php on line 218.
 1 [internal function]: CodeIgniter\Debug\Exceptions->shutdownHandler()
CRITICAL - 2023-09-27 21:15:45 --> Allowed memory size of 536870912 bytes exhausted (tried to allocate 4096 bytes)
in APPPATH\Controllers\AdmPost.php on line 218.
 1 [internal function]: CodeIgniter\Debug\Exceptions->shutdownHandler()
CRITICAL - 2023-09-27 21:15:48 --> Allowed memory size of 536870912 bytes exhausted (tried to allocate 4096 bytes)
in APPPATH\Controllers\AdmPost.php on line 218.
 1 [internal function]: CodeIgniter\Debug\Exceptions->shutdownHandler()
CRITICAL - 2023-09-27 21:15:52 --> Allowed memory size of 536870912 bytes exhausted (tried to allocate 4096 bytes)
in APPPATH\Controllers\AdmPost.php on line 218.
 1 [internal function]: CodeIgniter\Debug\Exceptions->shutdownHandler()
CRITICAL - 2023-09-27 21:15:55 --> Allowed memory size of 536870912 bytes exhausted (tried to allocate 4096 bytes)
in APPPATH\Controllers\AdmPost.php on line 218.
 1 [internal function]: CodeIgniter\Debug\Exceptions->shutdownHandler()
CRITICAL - 2023-09-27 21:15:59 --> Allowed memory size of 536870912 bytes exhausted (tried to allocate 4096 bytes)
in APPPATH\Controllers\AdmPost.php on line 218.
 1 [internal function]: CodeIgniter\Debug\Exceptions->shutdownHandler()
CRITICAL - 2023-09-27 21:16:02 --> Allowed memory size of 536870912 bytes exhausted (tried to allocate 4096 bytes)
in APPPATH\Controllers\AdmPost.php on line 218.
 1 [internal function]: CodeIgniter\Debug\Exceptions->shutdownHandler()
CRITICAL - 2023-09-27 21:16:06 --> Allowed memory size of 536870912 bytes exhausted (tried to allocate 4096 bytes)
in APPPATH\Controllers\AdmPost.php on line 218.
 1 [internal function]: CodeIgniter\Debug\Exceptions->shutdownHandler()
CRITICAL - 2023-09-27 21:16:10 --> Allowed memory size of 536870912 bytes exhausted (tried to allocate 4096 bytes)
in APPPATH\Controllers\AdmPost.php on line 218.
 1 [internal function]: CodeIgniter\Debug\Exceptions->shutdownHandler()
CRITICAL - 2023-09-27 21:16:13 --> Allowed memory size of 536870912 bytes exhausted (tried to allocate 4096 bytes)
in APPPATH\Controllers\AdmPost.php on line 218.
 1 [internal function]: CodeIgniter\Debug\Exceptions->shutdownHandler()
CRITICAL - 2023-09-27 21:16:17 --> Allowed memory size of 536870912 bytes exhausted (tried to allocate 4096 bytes)
in APPPATH\Controllers\AdmPost.php on line 218.
 1 [internal function]: CodeIgniter\Debug\Exceptions->shutdownHandler()
CRITICAL - 2023-09-27 21:16:21 --> Allowed memory size of 536870912 bytes exhausted (tried to allocate 4096 bytes)
in APPPATH\Controllers\AdmPost.php on line 218.
 1 [internal function]: CodeIgniter\Debug\Exceptions->shutdownHandler()
CRITICAL - 2023-09-27 21:16:26 --> Allowed memory size of 536870912 bytes exhausted (tried to allocate 4096 bytes)
in APPPATH\Controllers\AdmPost.php on line 218.
 1 [internal function]: CodeIgniter\Debug\Exceptions->shutdownHandler()
CRITICAL - 2023-09-27 21:16:30 --> Allowed memory size of 536870912 bytes exhausted (tried to allocate 4096 bytes)
in APPPATH\Controllers\AdmPost.php on line 218.
 1 [internal function]: CodeIgniter\Debug\Exceptions->shutdownHandler()
CRITICAL - 2023-09-27 21:16:34 --> Allowed memory size of 536870912 bytes exhausted (tried to allocate 4096 bytes)
in APPPATH\Controllers\AdmPost.php on line 218.
 1 [internal function]: CodeIgniter\Debug\Exceptions->shutdownHandler()
CRITICAL - 2023-09-27 21:16:37 --> Allowed memory size of 536870912 bytes exhausted (tried to allocate 4096 bytes)
in APPPATH\Controllers\AdmPost.php on line 218.
 1 [internal function]: CodeIgniter\Debug\Exceptions->shutdownHandler()
CRITICAL - 2023-09-27 21:16:40 --> Allowed memory size of 536870912 bytes exhausted (tried to allocate 4096 bytes)
in APPPATH\Controllers\AdmPost.php on line 218.
 1 [internal function]: CodeIgniter\Debug\Exceptions->shutdownHandler()
CRITICAL - 2023-09-27 21:16:43 --> Allowed memory size of 536870912 bytes exhausted (tried to allocate 4096 bytes)
in APPPATH\Controllers\AdmPost.php on line 218.
 1 [internal function]: CodeIgniter\Debug\Exceptions->shutdownHandler()
CRITICAL - 2023-09-27 21:16:47 --> Allowed memory size of 536870912 bytes exhausted (tried to allocate 4096 bytes)
in APPPATH\Controllers\AdmPost.php on line 218.
 1 [internal function]: CodeIgniter\Debug\Exceptions->shutdownHandler()
CRITICAL - 2023-09-27 21:16:50 --> Allowed memory size of 536870912 bytes exhausted (tried to allocate 4096 bytes)
in APPPATH\Controllers\AdmPost.php on line 218.
 1 [internal function]: CodeIgniter\Debug\Exceptions->shutdownHandler()
CRITICAL - 2023-09-27 21:16:53 --> Allowed memory size of 536870912 bytes exhausted (tried to allocate 4096 bytes)
in APPPATH\Controllers\AdmPost.php on line 218.
 1 [internal function]: CodeIgniter\Debug\Exceptions->shutdownHandler()
CRITICAL - 2023-09-27 21:16:56 --> Allowed memory size of 536870912 bytes exhausted (tried to allocate 4096 bytes)
in APPPATH\Controllers\AdmPost.php on line 218.
 1 [internal function]: CodeIgniter\Debug\Exceptions->shutdownHandler()
CRITICAL - 2023-09-27 21:16:58 --> Allowed memory size of 536870912 bytes exhausted (tried to allocate 33554440 bytes)
in APPPATH\Controllers\AdmPost.php on line 217.
 1 [internal function]: CodeIgniter\Debug\Exceptions->shutdownHandler()
CRITICAL - 2023-09-27 21:17:01 --> Allowed memory size of 536870912 bytes exhausted (tried to allocate 4096 bytes)
in APPPATH\Controllers\AdmPost.php on line 218.
 1 [internal function]: CodeIgniter\Debug\Exceptions->shutdownHandler()
CRITICAL - 2023-09-27 21:17:03 --> Allowed memory size of 536870912 bytes exhausted (tried to allocate 33554440 bytes)
in APPPATH\Controllers\AdmPost.php on line 217.
 1 [internal function]: CodeIgniter\Debug\Exceptions->shutdownHandler()
CRITICAL - 2023-09-27 21:17:07 --> Allowed memory size of 536870912 bytes exhausted (tried to allocate 4096 bytes)
in APPPATH\Controllers\AdmPost.php on line 218.
 1 [internal function]: CodeIgniter\Debug\Exceptions->shutdownHandler()
CRITICAL - 2023-09-27 21:17:08 --> Allowed memory size of 536870912 bytes exhausted (tried to allocate 33554440 bytes)
in APPPATH\Controllers\AdmPost.php on line 217.
 1 [internal function]: CodeIgniter\Debug\Exceptions->shutdownHandler()
CRITICAL - 2023-09-27 21:17:12 --> Allowed memory size of 536870912 bytes exhausted (tried to allocate 4096 bytes)
in APPPATH\Controllers\AdmPost.php on line 218.
 1 [internal function]: CodeIgniter\Debug\Exceptions->shutdownHandler()
CRITICAL - 2023-09-27 21:17:15 --> Allowed memory size of 536870912 bytes exhausted (tried to allocate 4096 bytes)
in APPPATH\Controllers\AdmPost.php on line 218.
 1 [internal function]: CodeIgniter\Debug\Exceptions->shutdownHandler()
CRITICAL - 2023-09-27 21:17:20 --> Allowed memory size of 536870912 bytes exhausted (tried to allocate 4096 bytes)
in APPPATH\Controllers\AdmPost.php on line 218.
 1 [internal function]: CodeIgniter\Debug\Exceptions->shutdownHandler()
CRITICAL - 2023-09-27 21:17:23 --> Allowed memory size of 536870912 bytes exhausted (tried to allocate 4096 bytes)
in APPPATH\Controllers\AdmPost.php on line 218.
 1 [internal function]: CodeIgniter\Debug\Exceptions->shutdownHandler()
CRITICAL - 2023-09-27 21:17:23 --> Unclosed '{' on line 96 does not match ')'
in APPPATH\Controllers\AdmPost.php on line 208.
 1 SYSTEMPATH\Autoloader\Autoloader.php(289): CodeIgniter\Autoloader\Autoloader->includeFile('C:\\xampp\\htdocs\\codi\\app\\Controllers\\AdmPost.php')
 2 SYSTEMPATH\Autoloader\Autoloader.php(267): CodeIgniter\Autoloader\Autoloader->loadInNamespace('App\\Controllers\\AdmPost')
 3 [internal function]: CodeIgniter\Autoloader\Autoloader->loadClass('App\\Controllers\\AdmPost')
 4 SYSTEMPATH\CodeIgniter.php(892): class_exists('\\App\\Controllers\\AdmPost', true)
 5 SYSTEMPATH\CodeIgniter.php(486): CodeIgniter\CodeIgniter->startController()
 6 SYSTEMPATH\CodeIgniter.php(368): CodeIgniter\CodeIgniter->handleRequest(null, Object(Config\Cache), false)
 7 FCPATH\index.php(67): CodeIgniter\CodeIgniter->run()
CRITICAL - 2023-09-27 21:17:23 --> Unclosed '{' on line 96 does not match ')'
in APPPATH\Controllers\AdmPost.php on line 208.
 1 SYSTEMPATH\Autoloader\Autoloader.php(289): CodeIgniter\Autoloader\Autoloader->includeFile('C:\\xampp\\htdocs\\codi\\app\\Controllers\\AdmPost.php')
 2 SYSTEMPATH\Autoloader\Autoloader.php(267): CodeIgniter\Autoloader\Autoloader->loadInNamespace('App\\Controllers\\AdmPost')
 3 [internal function]: CodeIgniter\Autoloader\Autoloader->loadClass('App\\Controllers\\AdmPost')
 4 SYSTEMPATH\CodeIgniter.php(892): class_exists('\\App\\Controllers\\AdmPost', true)
 5 SYSTEMPATH\CodeIgniter.php(486): CodeIgniter\CodeIgniter->startController()
 6 SYSTEMPATH\CodeIgniter.php(368): CodeIgniter\CodeIgniter->handleRequest(null, Object(Config\Cache), false)
 7 FCPATH\index.php(67): CodeIgniter\CodeIgniter->run()
CRITICAL - 2023-09-27 21:17:23 --> Unclosed '{' on line 96 does not match ')'
in APPPATH\Controllers\AdmPost.php on line 208.
 1 SYSTEMPATH\Autoloader\Autoloader.php(289): CodeIgniter\Autoloader\Autoloader->includeFile('C:\\xampp\\htdocs\\codi\\app\\Controllers\\AdmPost.php')
 2 SYSTEMPATH\Autoloader\Autoloader.php(267): CodeIgniter\Autoloader\Autoloader->loadInNamespace('App\\Controllers\\AdmPost')
 3 [internal function]: CodeIgniter\Autoloader\Autoloader->loadClass('App\\Controllers\\AdmPost')
 4 SYSTEMPATH\CodeIgniter.php(892): class_exists('\\App\\Controllers\\AdmPost', true)
 5 SYSTEMPATH\CodeIgniter.php(486): CodeIgniter\CodeIgniter->startController()
 6 SYSTEMPATH\CodeIgniter.php(368): CodeIgniter\CodeIgniter->handleRequest(null, Object(Config\Cache), false)
 7 FCPATH\index.php(67): CodeIgniter\CodeIgniter->run()
CRITICAL - 2023-09-27 21:17:23 --> Unclosed '{' on line 96 does not match ')'
in APPPATH\Controllers\AdmPost.php on line 208.
 1 SYSTEMPATH\Autoloader\Autoloader.php(289): CodeIgniter\Autoloader\Autoloader->includeFile('C:\\xampp\\htdocs\\codi\\app\\Controllers\\AdmPost.php')
 2 SYSTEMPATH\Autoloader\Autoloader.php(267): CodeIgniter\Autoloader\Autoloader->loadInNamespace('App\\Controllers\\AdmPost')
 3 [internal function]: CodeIgniter\Autoloader\Autoloader->loadClass('App\\Controllers\\AdmPost')
 4 SYSTEMPATH\CodeIgniter.php(892): class_exists('\\App\\Controllers\\AdmPost', true)
 5 SYSTEMPATH\CodeIgniter.php(486): CodeIgniter\CodeIgniter->startController()
 6 SYSTEMPATH\CodeIgniter.php(368): CodeIgniter\CodeIgniter->handleRequest(null, Object(Config\Cache), false)
 7 FCPATH\index.php(67): CodeIgniter\CodeIgniter->run()
CRITICAL - 2023-09-27 21:17:23 --> Unclosed '{' on line 96 does not match ')'
in APPPATH\Controllers\AdmPost.php on line 208.
 1 SYSTEMPATH\Autoloader\Autoloader.php(289): CodeIgniter\Autoloader\Autoloader->includeFile('C:\\xampp\\htdocs\\codi\\app\\Controllers\\AdmPost.php')
 2 SYSTEMPATH\Autoloader\Autoloader.php(267): CodeIgniter\Autoloader\Autoloader->loadInNamespace('App\\Controllers\\AdmPost')
 3 [internal function]: CodeIgniter\Autoloader\Autoloader->loadClass('App\\Controllers\\AdmPost')
 4 SYSTEMPATH\CodeIgniter.php(892): class_exists('\\App\\Controllers\\AdmPost', true)
 5 SYSTEMPATH\CodeIgniter.php(486): CodeIgniter\CodeIgniter->startController()
 6 SYSTEMPATH\CodeIgniter.php(368): CodeIgniter\CodeIgniter->handleRequest(null, Object(Config\Cache), false)
 7 FCPATH\index.php(67): CodeIgniter\CodeIgniter->run()
CRITICAL - 2023-09-27 21:17:23 --> Unclosed '{' on line 96 does not match ')'
in APPPATH\Controllers\AdmPost.php on line 208.
 1 SYSTEMPATH\Autoloader\Autoloader.php(289): CodeIgniter\Autoloader\Autoloader->includeFile('C:\\xampp\\htdocs\\codi\\app\\Controllers\\AdmPost.php')
 2 SYSTEMPATH\Autoloader\Autoloader.php(267): CodeIgniter\Autoloader\Autoloader->loadInNamespace('App\\Controllers\\AdmPost')
 3 [internal function]: CodeIgniter\Autoloader\Autoloader->loadClass('App\\Controllers\\AdmPost')
 4 SYSTEMPATH\CodeIgniter.php(892): class_exists('\\App\\Controllers\\AdmPost', true)
 5 SYSTEMPATH\CodeIgniter.php(486): CodeIgniter\CodeIgniter->startController()
 6 SYSTEMPATH\CodeIgniter.php(368): CodeIgniter\CodeIgniter->handleRequest(null, Object(Config\Cache), false)
 7 FCPATH\index.php(67): CodeIgniter\CodeIgniter->run()
CRITICAL - 2023-09-27 21:17:23 --> Unclosed '{' on line 96 does not match ')'
in APPPATH\Controllers\AdmPost.php on line 208.
 1 SYSTEMPATH\Autoloader\Autoloader.php(289): CodeIgniter\Autoloader\Autoloader->includeFile('C:\\xampp\\htdocs\\codi\\app\\Controllers\\AdmPost.php')
 2 SYSTEMPATH\Autoloader\Autoloader.php(267): CodeIgniter\Autoloader\Autoloader->loadInNamespace('App\\Controllers\\AdmPost')
 3 [internal function]: CodeIgniter\Autoloader\Autoloader->loadClass('App\\Controllers\\AdmPost')
 4 SYSTEMPATH\CodeIgniter.php(892): class_exists('\\App\\Controllers\\AdmPost', true)
 5 SYSTEMPATH\CodeIgniter.php(486): CodeIgniter\CodeIgniter->startController()
 6 SYSTEMPATH\CodeIgniter.php(368): CodeIgniter\CodeIgniter->handleRequest(null, Object(Config\Cache), false)
 7 FCPATH\index.php(67): CodeIgniter\CodeIgniter->run()
CRITICAL - 2023-09-27 21:17:23 --> Unclosed '{' on line 96 does not match ')'
in APPPATH\Controllers\AdmPost.php on line 208.
 1 SYSTEMPATH\Autoloader\Autoloader.php(289): CodeIgniter\Autoloader\Autoloader->includeFile('C:\\xampp\\htdocs\\codi\\app\\Controllers\\AdmPost.php')
 2 SYSTEMPATH\Autoloader\Autoloader.php(267): CodeIgniter\Autoloader\Autoloader->loadInNamespace('App\\Controllers\\AdmPost')
 3 [internal function]: CodeIgniter\Autoloader\Autoloader->loadClass('App\\Controllers\\AdmPost')
 4 SYSTEMPATH\CodeIgniter.php(892): class_exists('\\App\\Controllers\\AdmPost', true)
 5 SYSTEMPATH\CodeIgniter.php(486): CodeIgniter\CodeIgniter->startController()
 6 SYSTEMPATH\CodeIgniter.php(368): CodeIgniter\CodeIgniter->handleRequest(null, Object(Config\Cache), false)
 7 FCPATH\index.php(67): CodeIgniter\CodeIgniter->run()
CRITICAL - 2023-09-27 21:17:23 --> Unclosed '{' on line 96 does not match ')'
in APPPATH\Controllers\AdmPost.php on line 208.
 1 SYSTEMPATH\Autoloader\Autoloader.php(289): CodeIgniter\Autoloader\Autoloader->includeFile('C:\\xampp\\htdocs\\codi\\app\\Controllers\\AdmPost.php')
 2 SYSTEMPATH\Autoloader\Autoloader.php(267): CodeIgniter\Autoloader\Autoloader->loadInNamespace('App\\Controllers\\AdmPost')
 3 [internal function]: CodeIgniter\Autoloader\Autoloader->loadClass('App\\Controllers\\AdmPost')
 4 SYSTEMPATH\CodeIgniter.php(892): class_exists('\\App\\Controllers\\AdmPost', true)
 5 SYSTEMPATH\CodeIgniter.php(486): CodeIgniter\CodeIgniter->startController()
 6 SYSTEMPATH\CodeIgniter.php(368): CodeIgniter\CodeIgniter->handleRequest(null, Object(Config\Cache), false)
 7 FCPATH\index.php(67): CodeIgniter\CodeIgniter->run()
CRITICAL - 2023-09-27 21:17:23 --> Unclosed '{' on line 96 does not match ')'
in APPPATH\Controllers\AdmPost.php on line 208.
 1 SYSTEMPATH\Autoloader\Autoloader.php(289): CodeIgniter\Autoloader\Autoloader->includeFile('C:\\xampp\\htdocs\\codi\\app\\Controllers\\AdmPost.php')
 2 SYSTEMPATH\Autoloader\Autoloader.php(267): CodeIgniter\Autoloader\Autoloader->loadInNamespace('App\\Controllers\\AdmPost')
 3 [internal function]: CodeIgniter\Autoloader\Autoloader->loadClass('App\\Controllers\\AdmPost')
 4 SYSTEMPATH\CodeIgniter.php(892): class_exists('\\App\\Controllers\\AdmPost', true)
 5 SYSTEMPATH\CodeIgniter.php(486): CodeIgniter\CodeIgniter->startController()
 6 SYSTEMPATH\CodeIgniter.php(368): CodeIgniter\CodeIgniter->handleRequest(null, Object(Config\Cache), false)
 7 FCPATH\index.php(67): CodeIgniter\CodeIgniter->run()
CRITICAL - 2023-09-27 21:17:23 --> Unclosed '{' on line 96 does not match ')'
in APPPATH\Controllers\AdmPost.php on line 208.
 1 SYSTEMPATH\Autoloader\Autoloader.php(289): CodeIgniter\Autoloader\Autoloader->includeFile('C:\\xampp\\htdocs\\codi\\app\\Controllers\\AdmPost.php')
 2 SYSTEMPATH\Autoloader\Autoloader.php(267): CodeIgniter\Autoloader\Autoloader->loadInNamespace('App\\Controllers\\AdmPost')
 3 [internal function]: CodeIgniter\Autoloader\Autoloader->loadClass('App\\Controllers\\AdmPost')
 4 SYSTEMPATH\CodeIgniter.php(892): class_exists('\\App\\Controllers\\AdmPost', true)
 5 SYSTEMPATH\CodeIgniter.php(486): CodeIgniter\CodeIgniter->startController()
 6 SYSTEMPATH\CodeIgniter.php(368): CodeIgniter\CodeIgniter->handleRequest(null, Object(Config\Cache), false)
 7 FCPATH\index.php(67): CodeIgniter\CodeIgniter->run()
CRITICAL - 2023-09-27 21:17:23 --> Unclosed '{' on line 96 does not match ')'
in APPPATH\Controllers\AdmPost.php on line 208.
 1 SYSTEMPATH\Autoloader\Autoloader.php(289): CodeIgniter\Autoloader\Autoloader->includeFile('C:\\xampp\\htdocs\\codi\\app\\Controllers\\AdmPost.php')
 2 SYSTEMPATH\Autoloader\Autoloader.php(267): CodeIgniter\Autoloader\Autoloader->loadInNamespace('App\\Controllers\\AdmPost')
 3 [internal function]: CodeIgniter\Autoloader\Autoloader->loadClass('App\\Controllers\\AdmPost')
 4 SYSTEMPATH\CodeIgniter.php(892): class_exists('\\App\\Controllers\\AdmPost', true)
 5 SYSTEMPATH\CodeIgniter.php(486): CodeIgniter\CodeIgniter->startController()
 6 SYSTEMPATH\CodeIgniter.php(368): CodeIgniter\CodeIgniter->handleRequest(null, Object(Config\Cache), false)
 7 FCPATH\index.php(67): CodeIgniter\CodeIgniter->run()
CRITICAL - 2023-09-27 21:17:23 --> Unclosed '{' on line 96 does not match ')'
in APPPATH\Controllers\AdmPost.php on line 208.
 1 SYSTEMPATH\Autoloader\Autoloader.php(289): CodeIgniter\Autoloader\Autoloader->includeFile('C:\\xampp\\htdocs\\codi\\app\\Controllers\\AdmPost.php')
 2 SYSTEMPATH\Autoloader\Autoloader.php(267): CodeIgniter\Autoloader\Autoloader->loadInNamespace('App\\Controllers\\AdmPost')
 3 [internal function]: CodeIgniter\Autoloader\Autoloader->loadClass('App\\Controllers\\AdmPost')
 4 SYSTEMPATH\CodeIgniter.php(892): class_exists('\\App\\Controllers\\AdmPost', true)
 5 SYSTEMPATH\CodeIgniter.php(486): CodeIgniter\CodeIgniter->startController()
 6 SYSTEMPATH\CodeIgniter.php(368): CodeIgniter\CodeIgniter->handleRequest(null, Object(Config\Cache), false)
 7 FCPATH\index.php(67): CodeIgniter\CodeIgniter->run()
CRITICAL - 2023-09-27 21:17:23 --> Unclosed '{' on line 96 does not match ')'
in APPPATH\Controllers\AdmPost.php on line 208.
 1 SYSTEMPATH\Autoloader\Autoloader.php(289): CodeIgniter\Autoloader\Autoloader->includeFile('C:\\xampp\\htdocs\\codi\\app\\Controllers\\AdmPost.php')
 2 SYSTEMPATH\Autoloader\Autoloader.php(267): CodeIgniter\Autoloader\Autoloader->loadInNamespace('App\\Controllers\\AdmPost')
 3 [internal function]: CodeIgniter\Autoloader\Autoloader->loadClass('App\\Controllers\\AdmPost')
 4 SYSTEMPATH\CodeIgniter.php(892): class_exists('\\App\\Controllers\\AdmPost', true)
 5 SYSTEMPATH\CodeIgniter.php(486): CodeIgniter\CodeIgniter->startController()
 6 SYSTEMPATH\CodeIgniter.php(368): CodeIgniter\CodeIgniter->handleRequest(null, Object(Config\Cache), false)
 7 FCPATH\index.php(67): CodeIgniter\CodeIgniter->run()
CRITICAL - 2023-09-27 21:17:23 --> Unclosed '{' on line 96 does not match ')'
in APPPATH\Controllers\AdmPost.php on line 208.
 1 SYSTEMPATH\Autoloader\Autoloader.php(289): CodeIgniter\Autoloader\Autoloader->includeFile('C:\\xampp\\htdocs\\codi\\app\\Controllers\\AdmPost.php')
 2 SYSTEMPATH\Autoloader\Autoloader.php(267): CodeIgniter\Autoloader\Autoloader->loadInNamespace('App\\Controllers\\AdmPost')
 3 [internal function]: CodeIgniter\Autoloader\Autoloader->loadClass('App\\Controllers\\AdmPost')
 4 SYSTEMPATH\CodeIgniter.php(892): class_exists('\\App\\Controllers\\AdmPost', true)
 5 SYSTEMPATH\CodeIgniter.php(486): CodeIgniter\CodeIgniter->startController()
 6 SYSTEMPATH\CodeIgniter.php(368): CodeIgniter\CodeIgniter->handleRequest(null, Object(Config\Cache), false)
 7 FCPATH\index.php(67): CodeIgniter\CodeIgniter->run()
CRITICAL - 2023-09-27 21:17:24 --> Unclosed '{' on line 96 does not match ')'
in APPPATH\Controllers\AdmPost.php on line 208.
 1 SYSTEMPATH\Autoloader\Autoloader.php(289): CodeIgniter\Autoloader\Autoloader->includeFile('C:\\xampp\\htdocs\\codi\\app\\Controllers\\AdmPost.php')
 2 SYSTEMPATH\Autoloader\Autoloader.php(267): CodeIgniter\Autoloader\Autoloader->loadInNamespace('App\\Controllers\\AdmPost')
 3 [internal function]: CodeIgniter\Autoloader\Autoloader->loadClass('App\\Controllers\\AdmPost')
 4 SYSTEMPATH\CodeIgniter.php(892): class_exists('\\App\\Controllers\\AdmPost', true)
 5 SYSTEMPATH\CodeIgniter.php(486): CodeIgniter\CodeIgniter->startController()
 6 SYSTEMPATH\CodeIgniter.php(368): CodeIgniter\CodeIgniter->handleRequest(null, Object(Config\Cache), false)
 7 FCPATH\index.php(67): CodeIgniter\CodeIgniter->run()
CRITICAL - 2023-09-27 21:17:24 --> Unclosed '{' on line 96 does not match ')'
in APPPATH\Controllers\AdmPost.php on line 208.
 1 SYSTEMPATH\Autoloader\Autoloader.php(289): CodeIgniter\Autoloader\Autoloader->includeFile('C:\\xampp\\htdocs\\codi\\app\\Controllers\\AdmPost.php')
 2 SYSTEMPATH\Autoloader\Autoloader.php(267): CodeIgniter\Autoloader\Autoloader->loadInNamespace('App\\Controllers\\AdmPost')
 3 [internal function]: CodeIgniter\Autoloader\Autoloader->loadClass('App\\Controllers\\AdmPost')
 4 SYSTEMPATH\CodeIgniter.php(892): class_exists('\\App\\Controllers\\AdmPost', true)
 5 SYSTEMPATH\CodeIgniter.php(486): CodeIgniter\CodeIgniter->startController()
 6 SYSTEMPATH\CodeIgniter.php(368): CodeIgniter\CodeIgniter->handleRequest(null, Object(Config\Cache), false)
 7 FCPATH\index.php(67): CodeIgniter\CodeIgniter->run()
CRITICAL - 2023-09-27 21:17:24 --> Unclosed '{' on line 96 does not match ')'
in APPPATH\Controllers\AdmPost.php on line 208.
 1 SYSTEMPATH\Autoloader\Autoloader.php(289): CodeIgniter\Autoloader\Autoloader->includeFile('C:\\xampp\\htdocs\\codi\\app\\Controllers\\AdmPost.php')
 2 SYSTEMPATH\Autoloader\Autoloader.php(267): CodeIgniter\Autoloader\Autoloader->loadInNamespace('App\\Controllers\\AdmPost')
 3 [internal function]: CodeIgniter\Autoloader\Autoloader->loadClass('App\\Controllers\\AdmPost')
 4 SYSTEMPATH\CodeIgniter.php(892): class_exists('\\App\\Controllers\\AdmPost', true)
 5 SYSTEMPATH\CodeIgniter.php(486): CodeIgniter\CodeIgniter->startController()
 6 SYSTEMPATH\CodeIgniter.php(368): CodeIgniter\CodeIgniter->handleRequest(null, Object(Config\Cache), false)
 7 FCPATH\index.php(67): CodeIgniter\CodeIgniter->run()
CRITICAL - 2023-09-27 21:17:24 --> Unclosed '{' on line 96 does not match ')'
in APPPATH\Controllers\AdmPost.php on line 208.
 1 SYSTEMPATH\Autoloader\Autoloader.php(289): CodeIgniter\Autoloader\Autoloader->includeFile('C:\\xampp\\htdocs\\codi\\app\\Controllers\\AdmPost.php')
 2 SYSTEMPATH\Autoloader\Autoloader.php(267): CodeIgniter\Autoloader\Autoloader->loadInNamespace('App\\Controllers\\AdmPost')
 3 [internal function]: CodeIgniter\Autoloader\Autoloader->loadClass('App\\Controllers\\AdmPost')
 4 SYSTEMPATH\CodeIgniter.php(892): class_exists('\\App\\Controllers\\AdmPost', true)
 5 SYSTEMPATH\CodeIgniter.php(486): CodeIgniter\CodeIgniter->startController()
 6 SYSTEMPATH\CodeIgniter.php(368): CodeIgniter\CodeIgniter->handleRequest(null, Object(Config\Cache), false)
 7 FCPATH\index.php(67): CodeIgniter\CodeIgniter->run()
CRITICAL - 2023-09-27 21:17:24 --> Unclosed '{' on line 96 does not match ')'
in APPPATH\Controllers\AdmPost.php on line 208.
 1 SYSTEMPATH\Autoloader\Autoloader.php(289): CodeIgniter\Autoloader\Autoloader->includeFile('C:\\xampp\\htdocs\\codi\\app\\Controllers\\AdmPost.php')
 2 SYSTEMPATH\Autoloader\Autoloader.php(267): CodeIgniter\Autoloader\Autoloader->loadInNamespace('App\\Controllers\\AdmPost')
 3 [internal function]: CodeIgniter\Autoloader\Autoloader->loadClass('App\\Controllers\\AdmPost')
 4 SYSTEMPATH\CodeIgniter.php(892): class_exists('\\App\\Controllers\\AdmPost', true)
 5 SYSTEMPATH\CodeIgniter.php(486): CodeIgniter\CodeIgniter->startController()
 6 SYSTEMPATH\CodeIgniter.php(368): CodeIgniter\CodeIgniter->handleRequest(null, Object(Config\Cache), false)
 7 FCPATH\index.php(67): CodeIgniter\CodeIgniter->run()
CRITICAL - 2023-09-27 21:17:24 --> Unclosed '{' on line 96 does not match ')'
in APPPATH\Controllers\AdmPost.php on line 208.
 1 SYSTEMPATH\Autoloader\Autoloader.php(289): CodeIgniter\Autoloader\Autoloader->includeFile('C:\\xampp\\htdocs\\codi\\app\\Controllers\\AdmPost.php')
 2 SYSTEMPATH\Autoloader\Autoloader.php(267): CodeIgniter\Autoloader\Autoloader->loadInNamespace('App\\Controllers\\AdmPost')
 3 [internal function]: CodeIgniter\Autoloader\Autoloader->loadClass('App\\Controllers\\AdmPost')
 4 SYSTEMPATH\CodeIgniter.php(892): class_exists('\\App\\Controllers\\AdmPost', true)
 5 SYSTEMPATH\CodeIgniter.php(486): CodeIgniter\CodeIgniter->startController()
 6 SYSTEMPATH\CodeIgniter.php(368): CodeIgniter\CodeIgniter->handleRequest(null, Object(Config\Cache), false)
 7 FCPATH\index.php(67): CodeIgniter\CodeIgniter->run()
CRITICAL - 2023-09-27 21:17:24 --> Unclosed '{' on line 96 does not match ')'
in APPPATH\Controllers\AdmPost.php on line 208.
 1 SYSTEMPATH\Autoloader\Autoloader.php(289): CodeIgniter\Autoloader\Autoloader->includeFile('C:\\xampp\\htdocs\\codi\\app\\Controllers\\AdmPost.php')
 2 SYSTEMPATH\Autoloader\Autoloader.php(267): CodeIgniter\Autoloader\Autoloader->loadInNamespace('App\\Controllers\\AdmPost')
 3 [internal function]: CodeIgniter\Autoloader\Autoloader->loadClass('App\\Controllers\\AdmPost')
 4 SYSTEMPATH\CodeIgniter.php(892): class_exists('\\App\\Controllers\\AdmPost', true)
 5 SYSTEMPATH\CodeIgniter.php(486): CodeIgniter\CodeIgniter->startController()
 6 SYSTEMPATH\CodeIgniter.php(368): CodeIgniter\CodeIgniter->handleRequest(null, Object(Config\Cache), false)
 7 FCPATH\index.php(67): CodeIgniter\CodeIgniter->run()
CRITICAL - 2023-09-27 21:17:24 --> Unclosed '{' on line 96 does not match ')'
in APPPATH\Controllers\AdmPost.php on line 208.
 1 SYSTEMPATH\Autoloader\Autoloader.php(289): CodeIgniter\Autoloader\Autoloader->includeFile('C:\\xampp\\htdocs\\codi\\app\\Controllers\\AdmPost.php')
 2 SYSTEMPATH\Autoloader\Autoloader.php(267): CodeIgniter\Autoloader\Autoloader->loadInNamespace('App\\Controllers\\AdmPost')
 3 [internal function]: CodeIgniter\Autoloader\Autoloader->loadClass('App\\Controllers\\AdmPost')
 4 SYSTEMPATH\CodeIgniter.php(892): class_exists('\\App\\Controllers\\AdmPost', true)
 5 SYSTEMPATH\CodeIgniter.php(486): CodeIgniter\CodeIgniter->startController()
 6 SYSTEMPATH\CodeIgniter.php(368): CodeIgniter\CodeIgniter->handleRequest(null, Object(Config\Cache), false)
 7 FCPATH\index.php(67): CodeIgniter\CodeIgniter->run()
CRITICAL - 2023-09-27 21:17:24 --> Unclosed '{' on line 96 does not match ')'
in APPPATH\Controllers\AdmPost.php on line 208.
 1 SYSTEMPATH\Autoloader\Autoloader.php(289): CodeIgniter\Autoloader\Autoloader->includeFile('C:\\xampp\\htdocs\\codi\\app\\Controllers\\AdmPost.php')
 2 SYSTEMPATH\Autoloader\Autoloader.php(267): CodeIgniter\Autoloader\Autoloader->loadInNamespace('App\\Controllers\\AdmPost')
 3 [internal function]: CodeIgniter\Autoloader\Autoloader->loadClass('App\\Controllers\\AdmPost')
 4 SYSTEMPATH\CodeIgniter.php(892): class_exists('\\App\\Controllers\\AdmPost', true)
 5 SYSTEMPATH\CodeIgniter.php(486): CodeIgniter\CodeIgniter->startController()
 6 SYSTEMPATH\CodeIgniter.php(368): CodeIgniter\CodeIgniter->handleRequest(null, Object(Config\Cache), false)
 7 FCPATH\index.php(67): CodeIgniter\CodeIgniter->run()
CRITICAL - 2023-09-27 21:17:24 --> Unclosed '{' on line 96 does not match ')'
in APPPATH\Controllers\AdmPost.php on line 208.
 1 SYSTEMPATH\Autoloader\Autoloader.php(289): CodeIgniter\Autoloader\Autoloader->includeFile('C:\\xampp\\htdocs\\codi\\app\\Controllers\\AdmPost.php')
 2 SYSTEMPATH\Autoloader\Autoloader.php(267): CodeIgniter\Autoloader\Autoloader->loadInNamespace('App\\Controllers\\AdmPost')
 3 [internal function]: CodeIgniter\Autoloader\Autoloader->loadClass('App\\Controllers\\AdmPost')
 4 SYSTEMPATH\CodeIgniter.php(892): class_exists('\\App\\Controllers\\AdmPost', true)
 5 SYSTEMPATH\CodeIgniter.php(486): CodeIgniter\CodeIgniter->startController()
 6 SYSTEMPATH\CodeIgniter.php(368): CodeIgniter\CodeIgniter->handleRequest(null, Object(Config\Cache), false)
 7 FCPATH\index.php(67): CodeIgniter\CodeIgniter->run()
CRITICAL - 2023-09-27 21:17:24 --> Unclosed '{' on line 96 does not match ')'
in APPPATH\Controllers\AdmPost.php on line 208.
 1 SYSTEMPATH\Autoloader\Autoloader.php(289): CodeIgniter\Autoloader\Autoloader->includeFile('C:\\xampp\\htdocs\\codi\\app\\Controllers\\AdmPost.php')
 2 SYSTEMPATH\Autoloader\Autoloader.php(267): CodeIgniter\Autoloader\Autoloader->loadInNamespace('App\\Controllers\\AdmPost')
 3 [internal function]: CodeIgniter\Autoloader\Autoloader->loadClass('App\\Controllers\\AdmPost')
 4 SYSTEMPATH\CodeIgniter.php(892): class_exists('\\App\\Controllers\\AdmPost', true)
 5 SYSTEMPATH\CodeIgniter.php(486): CodeIgniter\CodeIgniter->startController()
 6 SYSTEMPATH\CodeIgniter.php(368): CodeIgniter\CodeIgniter->handleRequest(null, Object(Config\Cache), false)
 7 FCPATH\index.php(67): CodeIgniter\CodeIgniter->run()
CRITICAL - 2023-09-27 21:17:24 --> Unclosed '{' on line 96 does not match ')'
in APPPATH\Controllers\AdmPost.php on line 208.
 1 SYSTEMPATH\Autoloader\Autoloader.php(289): CodeIgniter\Autoloader\Autoloader->includeFile('C:\\xampp\\htdocs\\codi\\app\\Controllers\\AdmPost.php')
 2 SYSTEMPATH\Autoloader\Autoloader.php(267): CodeIgniter\Autoloader\Autoloader->loadInNamespace('App\\Controllers\\AdmPost')
 3 [internal function]: CodeIgniter\Autoloader\Autoloader->loadClass('App\\Controllers\\AdmPost')
 4 SYSTEMPATH\CodeIgniter.php(892): class_exists('\\App\\Controllers\\AdmPost', true)
 5 SYSTEMPATH\CodeIgniter.php(486): CodeIgniter\CodeIgniter->startController()
 6 SYSTEMPATH\CodeIgniter.php(368): CodeIgniter\CodeIgniter->handleRequest(null, Object(Config\Cache), false)
 7 FCPATH\index.php(67): CodeIgniter\CodeIgniter->run()
CRITICAL - 2023-09-27 21:17:24 --> Unclosed '{' on line 96 does not match ')'
in APPPATH\Controllers\AdmPost.php on line 208.
 1 SYSTEMPATH\Autoloader\Autoloader.php(289): CodeIgniter\Autoloader\Autoloader->includeFile('C:\\xampp\\htdocs\\codi\\app\\Controllers\\AdmPost.php')
 2 SYSTEMPATH\Autoloader\Autoloader.php(267): CodeIgniter\Autoloader\Autoloader->loadInNamespace('App\\Controllers\\AdmPost')
 3 [internal function]: CodeIgniter\Autoloader\Autoloader->loadClass('App\\Controllers\\AdmPost')
 4 SYSTEMPATH\CodeIgniter.php(892): class_exists('\\App\\Controllers\\AdmPost', true)
 5 SYSTEMPATH\CodeIgniter.php(486): CodeIgniter\CodeIgniter->startController()
 6 SYSTEMPATH\CodeIgniter.php(368): CodeIgniter\CodeIgniter->handleRequest(null, Object(Config\Cache), false)
 7 FCPATH\index.php(67): CodeIgniter\CodeIgniter->run()
CRITICAL - 2023-09-27 21:17:24 --> Unclosed '{' on line 96 does not match ')'
in APPPATH\Controllers\AdmPost.php on line 208.
 1 SYSTEMPATH\Autoloader\Autoloader.php(289): CodeIgniter\Autoloader\Autoloader->includeFile('C:\\xampp\\htdocs\\codi\\app\\Controllers\\AdmPost.php')
 2 SYSTEMPATH\Autoloader\Autoloader.php(267): CodeIgniter\Autoloader\Autoloader->loadInNamespace('App\\Controllers\\AdmPost')
 3 [internal function]: CodeIgniter\Autoloader\Autoloader->loadClass('App\\Controllers\\AdmPost')
 4 SYSTEMPATH\CodeIgniter.php(892): class_exists('\\App\\Controllers\\AdmPost', true)
 5 SYSTEMPATH\CodeIgniter.php(486): CodeIgniter\CodeIgniter->startController()
 6 SYSTEMPATH\CodeIgniter.php(368): CodeIgniter\CodeIgniter->handleRequest(null, Object(Config\Cache), false)
 7 FCPATH\index.php(67): CodeIgniter\CodeIgniter->run()
CRITICAL - 2023-09-27 21:17:24 --> Unclosed '{' on line 96 does not match ')'
in APPPATH\Controllers\AdmPost.php on line 208.
 1 SYSTEMPATH\Autoloader\Autoloader.php(289): CodeIgniter\Autoloader\Autoloader->includeFile('C:\\xampp\\htdocs\\codi\\app\\Controllers\\AdmPost.php')
 2 SYSTEMPATH\Autoloader\Autoloader.php(267): CodeIgniter\Autoloader\Autoloader->loadInNamespace('App\\Controllers\\AdmPost')
 3 [internal function]: CodeIgniter\Autoloader\Autoloader->loadClass('App\\Controllers\\AdmPost')
 4 SYSTEMPATH\CodeIgniter.php(892): class_exists('\\App\\Controllers\\AdmPost', true)
 5 SYSTEMPATH\CodeIgniter.php(486): CodeIgniter\CodeIgniter->startController()
 6 SYSTEMPATH\CodeIgniter.php(368): CodeIgniter\CodeIgniter->handleRequest(null, Object(Config\Cache), false)
 7 FCPATH\index.php(67): CodeIgniter\CodeIgniter->run()
CRITICAL - 2023-09-27 21:17:24 --> Unclosed '{' on line 96 does not match ')'
in APPPATH\Controllers\AdmPost.php on line 208.
 1 SYSTEMPATH\Autoloader\Autoloader.php(289): CodeIgniter\Autoloader\Autoloader->includeFile('C:\\xampp\\htdocs\\codi\\app\\Controllers\\AdmPost.php')
 2 SYSTEMPATH\Autoloader\Autoloader.php(267): CodeIgniter\Autoloader\Autoloader->loadInNamespace('App\\Controllers\\AdmPost')
 3 [internal function]: CodeIgniter\Autoloader\Autoloader->loadClass('App\\Controllers\\AdmPost')
 4 SYSTEMPATH\CodeIgniter.php(892): class_exists('\\App\\Controllers\\AdmPost', true)
 5 SYSTEMPATH\CodeIgniter.php(486): CodeIgniter\CodeIgniter->startController()
 6 SYSTEMPATH\CodeIgniter.php(368): CodeIgniter\CodeIgniter->handleRequest(null, Object(Config\Cache), false)
 7 FCPATH\index.php(67): CodeIgniter\CodeIgniter->run()
CRITICAL - 2023-09-27 21:17:24 --> Unclosed '{' on line 96 does not match ')'
in APPPATH\Controllers\AdmPost.php on line 208.
 1 SYSTEMPATH\Autoloader\Autoloader.php(289): CodeIgniter\Autoloader\Autoloader->includeFile('C:\\xampp\\htdocs\\codi\\app\\Controllers\\AdmPost.php')
 2 SYSTEMPATH\Autoloader\Autoloader.php(267): CodeIgniter\Autoloader\Autoloader->loadInNamespace('App\\Controllers\\AdmPost')
 3 [internal function]: CodeIgniter\Autoloader\Autoloader->loadClass('App\\Controllers\\AdmPost')
 4 SYSTEMPATH\CodeIgniter.php(892): class_exists('\\App\\Controllers\\AdmPost', true)
 5 SYSTEMPATH\CodeIgniter.php(486): CodeIgniter\CodeIgniter->startController()
 6 SYSTEMPATH\CodeIgniter.php(368): CodeIgniter\CodeIgniter->handleRequest(null, Object(Config\Cache), false)
 7 FCPATH\index.php(67): CodeIgniter\CodeIgniter->run()
CRITICAL - 2023-09-27 21:17:24 --> Unclosed '{' on line 96 does not match ')'
in APPPATH\Controllers\AdmPost.php on line 208.
 1 SYSTEMPATH\Autoloader\Autoloader.php(289): CodeIgniter\Autoloader\Autoloader->includeFile('C:\\xampp\\htdocs\\codi\\app\\Controllers\\AdmPost.php')
 2 SYSTEMPATH\Autoloader\Autoloader.php(267): CodeIgniter\Autoloader\Autoloader->loadInNamespace('App\\Controllers\\AdmPost')
 3 [internal function]: CodeIgniter\Autoloader\Autoloader->loadClass('App\\Controllers\\AdmPost')
 4 SYSTEMPATH\CodeIgniter.php(892): class_exists('\\App\\Controllers\\AdmPost', true)
 5 SYSTEMPATH\CodeIgniter.php(486): CodeIgniter\CodeIgniter->startController()
 6 SYSTEMPATH\CodeIgniter.php(368): CodeIgniter\CodeIgniter->handleRequest(null, Object(Config\Cache), false)
 7 FCPATH\index.php(67): CodeIgniter\CodeIgniter->run()
CRITICAL - 2023-09-27 21:17:24 --> Unclosed '{' on line 96 does not match ')'
in APPPATH\Controllers\AdmPost.php on line 208.
 1 SYSTEMPATH\Autoloader\Autoloader.php(289): CodeIgniter\Autoloader\Autoloader->includeFile('C:\\xampp\\htdocs\\codi\\app\\Controllers\\AdmPost.php')
 2 SYSTEMPATH\Autoloader\Autoloader.php(267): CodeIgniter\Autoloader\Autoloader->loadInNamespace('App\\Controllers\\AdmPost')
 3 [internal function]: CodeIgniter\Autoloader\Autoloader->loadClass('App\\Controllers\\AdmPost')
 4 SYSTEMPATH\CodeIgniter.php(892): class_exists('\\App\\Controllers\\AdmPost', true)
 5 SYSTEMPATH\CodeIgniter.php(486): CodeIgniter\CodeIgniter->startController()
 6 SYSTEMPATH\CodeIgniter.php(368): CodeIgniter\CodeIgniter->handleRequest(null, Object(Config\Cache), false)
 7 FCPATH\index.php(67): CodeIgniter\CodeIgniter->run()
CRITICAL - 2023-09-27 21:17:24 --> Unclosed '{' on line 96 does not match ')'
in APPPATH\Controllers\AdmPost.php on line 208.
 1 SYSTEMPATH\Autoloader\Autoloader.php(289): CodeIgniter\Autoloader\Autoloader->includeFile('C:\\xampp\\htdocs\\codi\\app\\Controllers\\AdmPost.php')
 2 SYSTEMPATH\Autoloader\Autoloader.php(267): CodeIgniter\Autoloader\Autoloader->loadInNamespace('App\\Controllers\\AdmPost')
 3 [internal function]: CodeIgniter\Autoloader\Autoloader->loadClass('App\\Controllers\\AdmPost')
 4 SYSTEMPATH\CodeIgniter.php(892): class_exists('\\App\\Controllers\\AdmPost', true)
 5 SYSTEMPATH\CodeIgniter.php(486): CodeIgniter\CodeIgniter->startController()
 6 SYSTEMPATH\CodeIgniter.php(368): CodeIgniter\CodeIgniter->handleRequest(null, Object(Config\Cache), false)
 7 FCPATH\index.php(67): CodeIgniter\CodeIgniter->run()
CRITICAL - 2023-09-27 21:17:24 --> Unclosed '{' on line 96 does not match ')'
in APPPATH\Controllers\AdmPost.php on line 208.
 1 SYSTEMPATH\Autoloader\Autoloader.php(289): CodeIgniter\Autoloader\Autoloader->includeFile('C:\\xampp\\htdocs\\codi\\app\\Controllers\\AdmPost.php')
 2 SYSTEMPATH\Autoloader\Autoloader.php(267): CodeIgniter\Autoloader\Autoloader->loadInNamespace('App\\Controllers\\AdmPost')
 3 [internal function]: CodeIgniter\Autoloader\Autoloader->loadClass('App\\Controllers\\AdmPost')
 4 SYSTEMPATH\CodeIgniter.php(892): class_exists('\\App\\Controllers\\AdmPost', true)
 5 SYSTEMPATH\CodeIgniter.php(486): CodeIgniter\CodeIgniter->startController()
 6 SYSTEMPATH\CodeIgniter.php(368): CodeIgniter\CodeIgniter->handleRequest(null, Object(Config\Cache), false)
 7 FCPATH\index.php(67): CodeIgniter\CodeIgniter->run()
CRITICAL - 2023-09-27 21:17:24 --> Unclosed '{' on line 96 does not match ')'
in APPPATH\Controllers\AdmPost.php on line 208.
 1 SYSTEMPATH\Autoloader\Autoloader.php(289): CodeIgniter\Autoloader\Autoloader->includeFile('C:\\xampp\\htdocs\\codi\\app\\Controllers\\AdmPost.php')
 2 SYSTEMPATH\Autoloader\Autoloader.php(267): CodeIgniter\Autoloader\Autoloader->loadInNamespace('App\\Controllers\\AdmPost')
 3 [internal function]: CodeIgniter\Autoloader\Autoloader->loadClass('App\\Controllers\\AdmPost')
 4 SYSTEMPATH\CodeIgniter.php(892): class_exists('\\App\\Controllers\\AdmPost', true)
 5 SYSTEMPATH\CodeIgniter.php(486): CodeIgniter\CodeIgniter->startController()
 6 SYSTEMPATH\CodeIgniter.php(368): CodeIgniter\CodeIgniter->handleRequest(null, Object(Config\Cache), false)
 7 FCPATH\index.php(67): CodeIgniter\CodeIgniter->run()
CRITICAL - 2023-09-27 21:17:24 --> Unclosed '{' on line 96 does not match ')'
in APPPATH\Controllers\AdmPost.php on line 208.
 1 SYSTEMPATH\Autoloader\Autoloader.php(289): CodeIgniter\Autoloader\Autoloader->includeFile('C:\\xampp\\htdocs\\codi\\app\\Controllers\\AdmPost.php')
 2 SYSTEMPATH\Autoloader\Autoloader.php(267): CodeIgniter\Autoloader\Autoloader->loadInNamespace('App\\Controllers\\AdmPost')
 3 [internal function]: CodeIgniter\Autoloader\Autoloader->loadClass('App\\Controllers\\AdmPost')
 4 SYSTEMPATH\CodeIgniter.php(892): class_exists('\\App\\Controllers\\AdmPost', true)
 5 SYSTEMPATH\CodeIgniter.php(486): CodeIgniter\CodeIgniter->startController()
 6 SYSTEMPATH\CodeIgniter.php(368): CodeIgniter\CodeIgniter->handleRequest(null, Object(Config\Cache), false)
 7 FCPATH\index.php(67): CodeIgniter\CodeIgniter->run()
CRITICAL - 2023-09-27 21:17:24 --> Unclosed '{' on line 96 does not match ')'
in APPPATH\Controllers\AdmPost.php on line 208.
 1 SYSTEMPATH\Autoloader\Autoloader.php(289): CodeIgniter\Autoloader\Autoloader->includeFile('C:\\xampp\\htdocs\\codi\\app\\Controllers\\AdmPost.php')
 2 SYSTEMPATH\Autoloader\Autoloader.php(267): CodeIgniter\Autoloader\Autoloader->loadInNamespace('App\\Controllers\\AdmPost')
 3 [internal function]: CodeIgniter\Autoloader\Autoloader->loadClass('App\\Controllers\\AdmPost')
 4 SYSTEMPATH\CodeIgniter.php(892): class_exists('\\App\\Controllers\\AdmPost', true)
 5 SYSTEMPATH\CodeIgniter.php(486): CodeIgniter\CodeIgniter->startController()
 6 SYSTEMPATH\CodeIgniter.php(368): CodeIgniter\CodeIgniter->handleRequest(null, Object(Config\Cache), false)
 7 FCPATH\index.php(67): CodeIgniter\CodeIgniter->run()
CRITICAL - 2023-09-27 21:17:24 --> Unclosed '{' on line 96 does not match ')'
in APPPATH\Controllers\AdmPost.php on line 208.
 1 SYSTEMPATH\Autoloader\Autoloader.php(289): CodeIgniter\Autoloader\Autoloader->includeFile('C:\\xampp\\htdocs\\codi\\app\\Controllers\\AdmPost.php')
 2 SYSTEMPATH\Autoloader\Autoloader.php(267): CodeIgniter\Autoloader\Autoloader->loadInNamespace('App\\Controllers\\AdmPost')
 3 [internal function]: CodeIgniter\Autoloader\Autoloader->loadClass('App\\Controllers\\AdmPost')
 4 SYSTEMPATH\CodeIgniter.php(892): class_exists('\\App\\Controllers\\AdmPost', true)
 5 SYSTEMPATH\CodeIgniter.php(486): CodeIgniter\CodeIgniter->startController()
 6 SYSTEMPATH\CodeIgniter.php(368): CodeIgniter\CodeIgniter->handleRequest(null, Object(Config\Cache), false)
 7 FCPATH\index.php(67): CodeIgniter\CodeIgniter->run()
CRITICAL - 2023-09-27 21:17:24 --> Unclosed '{' on line 96 does not match ')'
in APPPATH\Controllers\AdmPost.php on line 208.
 1 SYSTEMPATH\Autoloader\Autoloader.php(289): CodeIgniter\Autoloader\Autoloader->includeFile('C:\\xampp\\htdocs\\codi\\app\\Controllers\\AdmPost.php')
 2 SYSTEMPATH\Autoloader\Autoloader.php(267): CodeIgniter\Autoloader\Autoloader->loadInNamespace('App\\Controllers\\AdmPost')
 3 [internal function]: CodeIgniter\Autoloader\Autoloader->loadClass('App\\Controllers\\AdmPost')
 4 SYSTEMPATH\CodeIgniter.php(892): class_exists('\\App\\Controllers\\AdmPost', true)
 5 SYSTEMPATH\CodeIgniter.php(486): CodeIgniter\CodeIgniter->startController()
 6 SYSTEMPATH\CodeIgniter.php(368): CodeIgniter\CodeIgniter->handleRequest(null, Object(Config\Cache), false)
 7 FCPATH\index.php(67): CodeIgniter\CodeIgniter->run()
CRITICAL - 2023-09-27 21:17:24 --> Unclosed '{' on line 96 does not match ')'
in APPPATH\Controllers\AdmPost.php on line 208.
 1 SYSTEMPATH\Autoloader\Autoloader.php(289): CodeIgniter\Autoloader\Autoloader->includeFile('C:\\xampp\\htdocs\\codi\\app\\Controllers\\AdmPost.php')
 2 SYSTEMPATH\Autoloader\Autoloader.php(267): CodeIgniter\Autoloader\Autoloader->loadInNamespace('App\\Controllers\\AdmPost')
 3 [internal function]: CodeIgniter\Autoloader\Autoloader->loadClass('App\\Controllers\\AdmPost')
 4 SYSTEMPATH\CodeIgniter.php(892): class_exists('\\App\\Controllers\\AdmPost', true)
 5 SYSTEMPATH\CodeIgniter.php(486): CodeIgniter\CodeIgniter->startController()
 6 SYSTEMPATH\CodeIgniter.php(368): CodeIgniter\CodeIgniter->handleRequest(null, Object(Config\Cache), false)
 7 FCPATH\index.php(67): CodeIgniter\CodeIgniter->run()
CRITICAL - 2023-09-27 21:17:24 --> Unclosed '{' on line 96 does not match ')'
in APPPATH\Controllers\AdmPost.php on line 208.
 1 SYSTEMPATH\Autoloader\Autoloader.php(289): CodeIgniter\Autoloader\Autoloader->includeFile('C:\\xampp\\htdocs\\codi\\app\\Controllers\\AdmPost.php')
 2 SYSTEMPATH\Autoloader\Autoloader.php(267): CodeIgniter\Autoloader\Autoloader->loadInNamespace('App\\Controllers\\AdmPost')
 3 [internal function]: CodeIgniter\Autoloader\Autoloader->loadClass('App\\Controllers\\AdmPost')
 4 SYSTEMPATH\CodeIgniter.php(892): class_exists('\\App\\Controllers\\AdmPost', true)
 5 SYSTEMPATH\CodeIgniter.php(486): CodeIgniter\CodeIgniter->startController()
 6 SYSTEMPATH\CodeIgniter.php(368): CodeIgniter\CodeIgniter->handleRequest(null, Object(Config\Cache), false)
 7 FCPATH\index.php(67): CodeIgniter\CodeIgniter->run()
CRITICAL - 2023-09-27 21:17:24 --> Unclosed '{' on line 96 does not match ')'
in APPPATH\Controllers\AdmPost.php on line 208.
 1 SYSTEMPATH\Autoloader\Autoloader.php(289): CodeIgniter\Autoloader\Autoloader->includeFile('C:\\xampp\\htdocs\\codi\\app\\Controllers\\AdmPost.php')
 2 SYSTEMPATH\Autoloader\Autoloader.php(267): CodeIgniter\Autoloader\Autoloader->loadInNamespace('App\\Controllers\\AdmPost')
 3 [internal function]: CodeIgniter\Autoloader\Autoloader->loadClass('App\\Controllers\\AdmPost')
 4 SYSTEMPATH\CodeIgniter.php(892): class_exists('\\App\\Controllers\\AdmPost', true)
 5 SYSTEMPATH\CodeIgniter.php(486): CodeIgniter\CodeIgniter->startController()
 6 SYSTEMPATH\CodeIgniter.php(368): CodeIgniter\CodeIgniter->handleRequest(null, Object(Config\Cache), false)
 7 FCPATH\index.php(67): CodeIgniter\CodeIgniter->run()
CRITICAL - 2023-09-27 21:17:24 --> Unclosed '{' on line 96 does not match ')'
in APPPATH\Controllers\AdmPost.php on line 208.
 1 SYSTEMPATH\Autoloader\Autoloader.php(289): CodeIgniter\Autoloader\Autoloader->includeFile('C:\\xampp\\htdocs\\codi\\app\\Controllers\\AdmPost.php')
 2 SYSTEMPATH\Autoloader\Autoloader.php(267): CodeIgniter\Autoloader\Autoloader->loadInNamespace('App\\Controllers\\AdmPost')
 3 [internal function]: CodeIgniter\Autoloader\Autoloader->loadClass('App\\Controllers\\AdmPost')
 4 SYSTEMPATH\CodeIgniter.php(892): class_exists('\\App\\Controllers\\AdmPost', true)
 5 SYSTEMPATH\CodeIgniter.php(486): CodeIgniter\CodeIgniter->startController()
 6 SYSTEMPATH\CodeIgniter.php(368): CodeIgniter\CodeIgniter->handleRequest(null, Object(Config\Cache), false)
 7 FCPATH\index.php(67): CodeIgniter\CodeIgniter->run()
CRITICAL - 2023-09-27 21:17:25 --> Unclosed '{' on line 96 does not match ')'
in APPPATH\Controllers\AdmPost.php on line 208.
 1 SYSTEMPATH\Autoloader\Autoloader.php(289): CodeIgniter\Autoloader\Autoloader->includeFile('C:\\xampp\\htdocs\\codi\\app\\Controllers\\AdmPost.php')
 2 SYSTEMPATH\Autoloader\Autoloader.php(267): CodeIgniter\Autoloader\Autoloader->loadInNamespace('App\\Controllers\\AdmPost')
 3 [internal function]: CodeIgniter\Autoloader\Autoloader->loadClass('App\\Controllers\\AdmPost')
 4 SYSTEMPATH\CodeIgniter.php(892): class_exists('\\App\\Controllers\\AdmPost', true)
 5 SYSTEMPATH\CodeIgniter.php(486): CodeIgniter\CodeIgniter->startController()
 6 SYSTEMPATH\CodeIgniter.php(368): CodeIgniter\CodeIgniter->handleRequest(null, Object(Config\Cache), false)
 7 FCPATH\index.php(67): CodeIgniter\CodeIgniter->run()
CRITICAL - 2023-09-27 21:17:25 --> Unclosed '{' on line 96 does not match ')'
in APPPATH\Controllers\AdmPost.php on line 208.
 1 SYSTEMPATH\Autoloader\Autoloader.php(289): CodeIgniter\Autoloader\Autoloader->includeFile('C:\\xampp\\htdocs\\codi\\app\\Controllers\\AdmPost.php')
 2 SYSTEMPATH\Autoloader\Autoloader.php(267): CodeIgniter\Autoloader\Autoloader->loadInNamespace('App\\Controllers\\AdmPost')
 3 [internal function]: CodeIgniter\Autoloader\Autoloader->loadClass('App\\Controllers\\AdmPost')
 4 SYSTEMPATH\CodeIgniter.php(892): class_exists('\\App\\Controllers\\AdmPost', true)
 5 SYSTEMPATH\CodeIgniter.php(486): CodeIgniter\CodeIgniter->startController()
 6 SYSTEMPATH\CodeIgniter.php(368): CodeIgniter\CodeIgniter->handleRequest(null, Object(Config\Cache), false)
 7 FCPATH\index.php(67): CodeIgniter\CodeIgniter->run()
CRITICAL - 2023-09-27 21:17:25 --> Unclosed '{' on line 96 does not match ')'
in APPPATH\Controllers\AdmPost.php on line 208.
 1 SYSTEMPATH\Autoloader\Autoloader.php(289): CodeIgniter\Autoloader\Autoloader->includeFile('C:\\xampp\\htdocs\\codi\\app\\Controllers\\AdmPost.php')
 2 SYSTEMPATH\Autoloader\Autoloader.php(267): CodeIgniter\Autoloader\Autoloader->loadInNamespace('App\\Controllers\\AdmPost')
 3 [internal function]: CodeIgniter\Autoloader\Autoloader->loadClass('App\\Controllers\\AdmPost')
 4 SYSTEMPATH\CodeIgniter.php(892): class_exists('\\App\\Controllers\\AdmPost', true)
 5 SYSTEMPATH\CodeIgniter.php(486): CodeIgniter\CodeIgniter->startController()
 6 SYSTEMPATH\CodeIgniter.php(368): CodeIgniter\CodeIgniter->handleRequest(null, Object(Config\Cache), false)
 7 FCPATH\index.php(67): CodeIgniter\CodeIgniter->run()
CRITICAL - 2023-09-27 21:17:25 --> Unclosed '{' on line 96 does not match ')'
in APPPATH\Controllers\AdmPost.php on line 208.
 1 SYSTEMPATH\Autoloader\Autoloader.php(289): CodeIgniter\Autoloader\Autoloader->includeFile('C:\\xampp\\htdocs\\codi\\app\\Controllers\\AdmPost.php')
 2 SYSTEMPATH\Autoloader\Autoloader.php(267): CodeIgniter\Autoloader\Autoloader->loadInNamespace('App\\Controllers\\AdmPost')
 3 [internal function]: CodeIgniter\Autoloader\Autoloader->loadClass('App\\Controllers\\AdmPost')
 4 SYSTEMPATH\CodeIgniter.php(892): class_exists('\\App\\Controllers\\AdmPost', true)
 5 SYSTEMPATH\CodeIgniter.php(486): CodeIgniter\CodeIgniter->startController()
 6 SYSTEMPATH\CodeIgniter.php(368): CodeIgniter\CodeIgniter->handleRequest(null, Object(Config\Cache), false)
 7 FCPATH\index.php(67): CodeIgniter\CodeIgniter->run()
CRITICAL - 2023-09-27 21:17:25 --> Unclosed '{' on line 96 does not match ')'
in APPPATH\Controllers\AdmPost.php on line 208.
 1 SYSTEMPATH\Autoloader\Autoloader.php(289): CodeIgniter\Autoloader\Autoloader->includeFile('C:\\xampp\\htdocs\\codi\\app\\Controllers\\AdmPost.php')
 2 SYSTEMPATH\Autoloader\Autoloader.php(267): CodeIgniter\Autoloader\Autoloader->loadInNamespace('App\\Controllers\\AdmPost')
 3 [internal function]: CodeIgniter\Autoloader\Autoloader->loadClass('App\\Controllers\\AdmPost')
 4 SYSTEMPATH\CodeIgniter.php(892): class_exists('\\App\\Controllers\\AdmPost', true)
 5 SYSTEMPATH\CodeIgniter.php(486): CodeIgniter\CodeIgniter->startController()
 6 SYSTEMPATH\CodeIgniter.php(368): CodeIgniter\CodeIgniter->handleRequest(null, Object(Config\Cache), false)
 7 FCPATH\index.php(67): CodeIgniter\CodeIgniter->run()
CRITICAL - 2023-09-27 21:17:25 --> Unclosed '{' on line 96 does not match ')'
in APPPATH\Controllers\AdmPost.php on line 208.
 1 SYSTEMPATH\Autoloader\Autoloader.php(289): CodeIgniter\Autoloader\Autoloader->includeFile('C:\\xampp\\htdocs\\codi\\app\\Controllers\\AdmPost.php')
 2 SYSTEMPATH\Autoloader\Autoloader.php(267): CodeIgniter\Autoloader\Autoloader->loadInNamespace('App\\Controllers\\AdmPost')
 3 [internal function]: CodeIgniter\Autoloader\Autoloader->loadClass('App\\Controllers\\AdmPost')
 4 SYSTEMPATH\CodeIgniter.php(892): class_exists('\\App\\Controllers\\AdmPost', true)
 5 SYSTEMPATH\CodeIgniter.php(486): CodeIgniter\CodeIgniter->startController()
 6 SYSTEMPATH\CodeIgniter.php(368): CodeIgniter\CodeIgniter->handleRequest(null, Object(Config\Cache), false)
 7 FCPATH\index.php(67): CodeIgniter\CodeIgniter->run()
CRITICAL - 2023-09-27 21:17:25 --> Unclosed '{' on line 96 does not match ')'
in APPPATH\Controllers\AdmPost.php on line 208.
 1 SYSTEMPATH\Autoloader\Autoloader.php(289): CodeIgniter\Autoloader\Autoloader->includeFile('C:\\xampp\\htdocs\\codi\\app\\Controllers\\AdmPost.php')
 2 SYSTEMPATH\Autoloader\Autoloader.php(267): CodeIgniter\Autoloader\Autoloader->loadInNamespace('App\\Controllers\\AdmPost')
 3 [internal function]: CodeIgniter\Autoloader\Autoloader->loadClass('App\\Controllers\\AdmPost')
 4 SYSTEMPATH\CodeIgniter.php(892): class_exists('\\App\\Controllers\\AdmPost', true)
 5 SYSTEMPATH\CodeIgniter.php(486): CodeIgniter\CodeIgniter->startController()
 6 SYSTEMPATH\CodeIgniter.php(368): CodeIgniter\CodeIgniter->handleRequest(null, Object(Config\Cache), false)
 7 FCPATH\index.php(67): CodeIgniter\CodeIgniter->run()
CRITICAL - 2023-09-27 21:17:25 --> Unclosed '{' on line 96 does not match ')'
in APPPATH\Controllers\AdmPost.php on line 208.
 1 SYSTEMPATH\Autoloader\Autoloader.php(289): CodeIgniter\Autoloader\Autoloader->includeFile('C:\\xampp\\htdocs\\codi\\app\\Controllers\\AdmPost.php')
 2 SYSTEMPATH\Autoloader\Autoloader.php(267): CodeIgniter\Autoloader\Autoloader->loadInNamespace('App\\Controllers\\AdmPost')
 3 [internal function]: CodeIgniter\Autoloader\Autoloader->loadClass('App\\Controllers\\AdmPost')
 4 SYSTEMPATH\CodeIgniter.php(892): class_exists('\\App\\Controllers\\AdmPost', true)
 5 SYSTEMPATH\CodeIgniter.php(486): CodeIgniter\CodeIgniter->startController()
 6 SYSTEMPATH\CodeIgniter.php(368): CodeIgniter\CodeIgniter->handleRequest(null, Object(Config\Cache), false)
 7 FCPATH\index.php(67): CodeIgniter\CodeIgniter->run()
CRITICAL - 2023-09-27 21:17:25 --> Unclosed '{' on line 96 does not match ')'
in APPPATH\Controllers\AdmPost.php on line 208.
 1 SYSTEMPATH\Autoloader\Autoloader.php(289): CodeIgniter\Autoloader\Autoloader->includeFile('C:\\xampp\\htdocs\\codi\\app\\Controllers\\AdmPost.php')
 2 SYSTEMPATH\Autoloader\Autoloader.php(267): CodeIgniter\Autoloader\Autoloader->loadInNamespace('App\\Controllers\\AdmPost')
 3 [internal function]: CodeIgniter\Autoloader\Autoloader->loadClass('App\\Controllers\\AdmPost')
 4 SYSTEMPATH\CodeIgniter.php(892): class_exists('\\App\\Controllers\\AdmPost', true)
 5 SYSTEMPATH\CodeIgniter.php(486): CodeIgniter\CodeIgniter->startController()
 6 SYSTEMPATH\CodeIgniter.php(368): CodeIgniter\CodeIgniter->handleRequest(null, Object(Config\Cache), false)
 7 FCPATH\index.php(67): CodeIgniter\CodeIgniter->run()
CRITICAL - 2023-09-27 21:17:25 --> Unclosed '{' on line 96 does not match ')'
in APPPATH\Controllers\AdmPost.php on line 208.
 1 SYSTEMPATH\Autoloader\Autoloader.php(289): CodeIgniter\Autoloader\Autoloader->includeFile('C:\\xampp\\htdocs\\codi\\app\\Controllers\\AdmPost.php')
 2 SYSTEMPATH\Autoloader\Autoloader.php(267): CodeIgniter\Autoloader\Autoloader->loadInNamespace('App\\Controllers\\AdmPost')
 3 [internal function]: CodeIgniter\Autoloader\Autoloader->loadClass('App\\Controllers\\AdmPost')
 4 SYSTEMPATH\CodeIgniter.php(892): class_exists('\\App\\Controllers\\AdmPost', true)
 5 SYSTEMPATH\CodeIgniter.php(486): CodeIgniter\CodeIgniter->startController()
 6 SYSTEMPATH\CodeIgniter.php(368): CodeIgniter\CodeIgniter->handleRequest(null, Object(Config\Cache), false)
 7 FCPATH\index.php(67): CodeIgniter\CodeIgniter->run()
CRITICAL - 2023-09-27 21:17:25 --> Unclosed '{' on line 96 does not match ')'
in APPPATH\Controllers\AdmPost.php on line 208.
 1 SYSTEMPATH\Autoloader\Autoloader.php(289): CodeIgniter\Autoloader\Autoloader->includeFile('C:\\xampp\\htdocs\\codi\\app\\Controllers\\AdmPost.php')
 2 SYSTEMPATH\Autoloader\Autoloader.php(267): CodeIgniter\Autoloader\Autoloader->loadInNamespace('App\\Controllers\\AdmPost')
 3 [internal function]: CodeIgniter\Autoloader\Autoloader->loadClass('App\\Controllers\\AdmPost')
 4 SYSTEMPATH\CodeIgniter.php(892): class_exists('\\App\\Controllers\\AdmPost', true)
 5 SYSTEMPATH\CodeIgniter.php(486): CodeIgniter\CodeIgniter->startController()
 6 SYSTEMPATH\CodeIgniter.php(368): CodeIgniter\CodeIgniter->handleRequest(null, Object(Config\Cache), false)
 7 FCPATH\index.php(67): CodeIgniter\CodeIgniter->run()
CRITICAL - 2023-09-27 21:17:25 --> Unclosed '{' on line 96 does not match ')'
in APPPATH\Controllers\AdmPost.php on line 208.
 1 SYSTEMPATH\Autoloader\Autoloader.php(289): CodeIgniter\Autoloader\Autoloader->includeFile('C:\\xampp\\htdocs\\codi\\app\\Controllers\\AdmPost.php')
 2 SYSTEMPATH\Autoloader\Autoloader.php(267): CodeIgniter\Autoloader\Autoloader->loadInNamespace('App\\Controllers\\AdmPost')
 3 [internal function]: CodeIgniter\Autoloader\Autoloader->loadClass('App\\Controllers\\AdmPost')
 4 SYSTEMPATH\CodeIgniter.php(892): class_exists('\\App\\Controllers\\AdmPost', true)
 5 SYSTEMPATH\CodeIgniter.php(486): CodeIgniter\CodeIgniter->startController()
 6 SYSTEMPATH\CodeIgniter.php(368): CodeIgniter\CodeIgniter->handleRequest(null, Object(Config\Cache), false)
 7 FCPATH\index.php(67): CodeIgniter\CodeIgniter->run()
CRITICAL - 2023-09-27 21:17:25 --> Unclosed '{' on line 96 does not match ')'
in APPPATH\Controllers\AdmPost.php on line 208.
 1 SYSTEMPATH\Autoloader\Autoloader.php(289): CodeIgniter\Autoloader\Autoloader->includeFile('C:\\xampp\\htdocs\\codi\\app\\Controllers\\AdmPost.php')
 2 SYSTEMPATH\Autoloader\Autoloader.php(267): CodeIgniter\Autoloader\Autoloader->loadInNamespace('App\\Controllers\\AdmPost')
 3 [internal function]: CodeIgniter\Autoloader\Autoloader->loadClass('App\\Controllers\\AdmPost')
 4 SYSTEMPATH\CodeIgniter.php(892): class_exists('\\App\\Controllers\\AdmPost', true)
 5 SYSTEMPATH\CodeIgniter.php(486): CodeIgniter\CodeIgniter->startController()
 6 SYSTEMPATH\CodeIgniter.php(368): CodeIgniter\CodeIgniter->handleRequest(null, Object(Config\Cache), false)
 7 FCPATH\index.php(67): CodeIgniter\CodeIgniter->run()
CRITICAL - 2023-09-27 21:17:25 --> Unclosed '{' on line 96 does not match ')'
in APPPATH\Controllers\AdmPost.php on line 208.
 1 SYSTEMPATH\Autoloader\Autoloader.php(289): CodeIgniter\Autoloader\Autoloader->includeFile('C:\\xampp\\htdocs\\codi\\app\\Controllers\\AdmPost.php')
 2 SYSTEMPATH\Autoloader\Autoloader.php(267): CodeIgniter\Autoloader\Autoloader->loadInNamespace('App\\Controllers\\AdmPost')
 3 [internal function]: CodeIgniter\Autoloader\Autoloader->loadClass('App\\Controllers\\AdmPost')
 4 SYSTEMPATH\CodeIgniter.php(892): class_exists('\\App\\Controllers\\AdmPost', true)
 5 SYSTEMPATH\CodeIgniter.php(486): CodeIgniter\CodeIgniter->startController()
 6 SYSTEMPATH\CodeIgniter.php(368): CodeIgniter\CodeIgniter->handleRequest(null, Object(Config\Cache), false)
 7 FCPATH\index.php(67): CodeIgniter\CodeIgniter->run()
CRITICAL - 2023-09-27 21:17:25 --> Unclosed '{' on line 96 does not match ')'
in APPPATH\Controllers\AdmPost.php on line 208.
 1 SYSTEMPATH\Autoloader\Autoloader.php(289): CodeIgniter\Autoloader\Autoloader->includeFile('C:\\xampp\\htdocs\\codi\\app\\Controllers\\AdmPost.php')
 2 SYSTEMPATH\Autoloader\Autoloader.php(267): CodeIgniter\Autoloader\Autoloader->loadInNamespace('App\\Controllers\\AdmPost')
 3 [internal function]: CodeIgniter\Autoloader\Autoloader->loadClass('App\\Controllers\\AdmPost')
 4 SYSTEMPATH\CodeIgniter.php(892): class_exists('\\App\\Controllers\\AdmPost', true)
 5 SYSTEMPATH\CodeIgniter.php(486): CodeIgniter\CodeIgniter->startController()
 6 SYSTEMPATH\CodeIgniter.php(368): CodeIgniter\CodeIgniter->handleRequest(null, Object(Config\Cache), false)
 7 FCPATH\index.php(67): CodeIgniter\CodeIgniter->run()
CRITICAL - 2023-09-27 21:17:25 --> Unclosed '{' on line 96 does not match ')'
in APPPATH\Controllers\AdmPost.php on line 208.
 1 SYSTEMPATH\Autoloader\Autoloader.php(289): CodeIgniter\Autoloader\Autoloader->includeFile('C:\\xampp\\htdocs\\codi\\app\\Controllers\\AdmPost.php')
 2 SYSTEMPATH\Autoloader\Autoloader.php(267): CodeIgniter\Autoloader\Autoloader->loadInNamespace('App\\Controllers\\AdmPost')
 3 [internal function]: CodeIgniter\Autoloader\Autoloader->loadClass('App\\Controllers\\AdmPost')
 4 SYSTEMPATH\CodeIgniter.php(892): class_exists('\\App\\Controllers\\AdmPost', true)
 5 SYSTEMPATH\CodeIgniter.php(486): CodeIgniter\CodeIgniter->startController()
 6 SYSTEMPATH\CodeIgniter.php(368): CodeIgniter\CodeIgniter->handleRequest(null, Object(Config\Cache), false)
 7 FCPATH\index.php(67): CodeIgniter\CodeIgniter->run()
CRITICAL - 2023-09-27 21:17:25 --> Unclosed '{' on line 96 does not match ')'
in APPPATH\Controllers\AdmPost.php on line 208.
 1 SYSTEMPATH\Autoloader\Autoloader.php(289): CodeIgniter\Autoloader\Autoloader->includeFile('C:\\xampp\\htdocs\\codi\\app\\Controllers\\AdmPost.php')
 2 SYSTEMPATH\Autoloader\Autoloader.php(267): CodeIgniter\Autoloader\Autoloader->loadInNamespace('App\\Controllers\\AdmPost')
 3 [internal function]: CodeIgniter\Autoloader\Autoloader->loadClass('App\\Controllers\\AdmPost')
 4 SYSTEMPATH\CodeIgniter.php(892): class_exists('\\App\\Controllers\\AdmPost', true)
 5 SYSTEMPATH\CodeIgniter.php(486): CodeIgniter\CodeIgniter->startController()
 6 SYSTEMPATH\CodeIgniter.php(368): CodeIgniter\CodeIgniter->handleRequest(null, Object(Config\Cache), false)
 7 FCPATH\index.php(67): CodeIgniter\CodeIgniter->run()
CRITICAL - 2023-09-27 21:17:25 --> Unclosed '{' on line 96 does not match ')'
in APPPATH\Controllers\AdmPost.php on line 208.
 1 SYSTEMPATH\Autoloader\Autoloader.php(289): CodeIgniter\Autoloader\Autoloader->includeFile('C:\\xampp\\htdocs\\codi\\app\\Controllers\\AdmPost.php')
 2 SYSTEMPATH\Autoloader\Autoloader.php(267): CodeIgniter\Autoloader\Autoloader->loadInNamespace('App\\Controllers\\AdmPost')
 3 [internal function]: CodeIgniter\Autoloader\Autoloader->loadClass('App\\Controllers\\AdmPost')
 4 SYSTEMPATH\CodeIgniter.php(892): class_exists('\\App\\Controllers\\AdmPost', true)
 5 SYSTEMPATH\CodeIgniter.php(486): CodeIgniter\CodeIgniter->startController()
 6 SYSTEMPATH\CodeIgniter.php(368): CodeIgniter\CodeIgniter->handleRequest(null, Object(Config\Cache), false)
 7 FCPATH\index.php(67): CodeIgniter\CodeIgniter->run()
CRITICAL - 2023-09-27 21:17:25 --> Unclosed '{' on line 96 does not match ')'
in APPPATH\Controllers\AdmPost.php on line 208.
 1 SYSTEMPATH\Autoloader\Autoloader.php(289): CodeIgniter\Autoloader\Autoloader->includeFile('C:\\xampp\\htdocs\\codi\\app\\Controllers\\AdmPost.php')
 2 SYSTEMPATH\Autoloader\Autoloader.php(267): CodeIgniter\Autoloader\Autoloader->loadInNamespace('App\\Controllers\\AdmPost')
 3 [internal function]: CodeIgniter\Autoloader\Autoloader->loadClass('App\\Controllers\\AdmPost')
 4 SYSTEMPATH\CodeIgniter.php(892): class_exists('\\App\\Controllers\\AdmPost', true)
 5 SYSTEMPATH\CodeIgniter.php(486): CodeIgniter\CodeIgniter->startController()
 6 SYSTEMPATH\CodeIgniter.php(368): CodeIgniter\CodeIgniter->handleRequest(null, Object(Config\Cache), false)
 7 FCPATH\index.php(67): CodeIgniter\CodeIgniter->run()
CRITICAL - 2023-09-27 21:17:25 --> Unclosed '{' on line 96 does not match ')'
in APPPATH\Controllers\AdmPost.php on line 208.
 1 SYSTEMPATH\Autoloader\Autoloader.php(289): CodeIgniter\Autoloader\Autoloader->includeFile('C:\\xampp\\htdocs\\codi\\app\\Controllers\\AdmPost.php')
 2 SYSTEMPATH\Autoloader\Autoloader.php(267): CodeIgniter\Autoloader\Autoloader->loadInNamespace('App\\Controllers\\AdmPost')
 3 [internal function]: CodeIgniter\Autoloader\Autoloader->loadClass('App\\Controllers\\AdmPost')
 4 SYSTEMPATH\CodeIgniter.php(892): class_exists('\\App\\Controllers\\AdmPost', true)
 5 SYSTEMPATH\CodeIgniter.php(486): CodeIgniter\CodeIgniter->startController()
 6 SYSTEMPATH\CodeIgniter.php(368): CodeIgniter\CodeIgniter->handleRequest(null, Object(Config\Cache), false)
 7 FCPATH\index.php(67): CodeIgniter\CodeIgniter->run()
CRITICAL - 2023-09-27 21:17:25 --> Unclosed '{' on line 96 does not match ')'
in APPPATH\Controllers\AdmPost.php on line 208.
 1 SYSTEMPATH\Autoloader\Autoloader.php(289): CodeIgniter\Autoloader\Autoloader->includeFile('C:\\xampp\\htdocs\\codi\\app\\Controllers\\AdmPost.php')
 2 SYSTEMPATH\Autoloader\Autoloader.php(267): CodeIgniter\Autoloader\Autoloader->loadInNamespace('App\\Controllers\\AdmPost')
 3 [internal function]: CodeIgniter\Autoloader\Autoloader->loadClass('App\\Controllers\\AdmPost')
 4 SYSTEMPATH\CodeIgniter.php(892): class_exists('\\App\\Controllers\\AdmPost', true)
 5 SYSTEMPATH\CodeIgniter.php(486): CodeIgniter\CodeIgniter->startController()
 6 SYSTEMPATH\CodeIgniter.php(368): CodeIgniter\CodeIgniter->handleRequest(null, Object(Config\Cache), false)
 7 FCPATH\index.php(67): CodeIgniter\CodeIgniter->run()
CRITICAL - 2023-09-27 21:17:27 --> Allowed memory size of 536870912 bytes exhausted (tried to allocate 4096 bytes)
in APPPATH\Controllers\AdmPost.php on line 218.
 1 [internal function]: CodeIgniter\Debug\Exceptions->shutdownHandler()
CRITICAL - 2023-09-27 21:17:27 --> Undefined variable $dataInicialTimestamp
in APPPATH\Controllers\AdmPost.php on line 211.
 1 APPPATH\Controllers\AdmPost.php(211): CodeIgniter\Debug\Exceptions->errorHandler(2, 'Undefined variable $dataInicialTimestamp', 'C:\\xampp\\htdocs\\codi\\app\\Controllers\\AdmPost.php', 211)
 2 SYSTEMPATH\CodeIgniter.php(934): App\Controllers\AdmPost->desenho_meus()
 3 SYSTEMPATH\CodeIgniter.php(499): CodeIgniter\CodeIgniter->runController(Object(App\Controllers\AdmPost))
 4 SYSTEMPATH\CodeIgniter.php(368): CodeIgniter\CodeIgniter->handleRequest(null, Object(Config\Cache), false)
 5 FCPATH\index.php(67): CodeIgniter\CodeIgniter->run()
CRITICAL - 2023-09-27 21:18:44 --> Undefined variable $dataInicialTimestamp
in APPPATH\Controllers\AdmPost.php on line 211.
 1 APPPATH\Controllers\AdmPost.php(211): CodeIgniter\Debug\Exceptions->errorHandler(2, 'Undefined variable $dataInicialTimestamp', 'C:\\xampp\\htdocs\\codi\\app\\Controllers\\AdmPost.php', 211)
 2 SYSTEMPATH\CodeIgniter.php(934): App\Controllers\AdmPost->desenho_meus()
 3 SYSTEMPATH\CodeIgniter.php(499): CodeIgniter\CodeIgniter->runController(Object(App\Controllers\AdmPost))
 4 SYSTEMPATH\CodeIgniter.php(368): CodeIgniter\CodeIgniter->handleRequest(null, Object(Config\Cache), false)
 5 FCPATH\index.php(67): CodeIgniter\CodeIgniter->run()
CRITICAL - 2023-09-27 21:18:45 --> Undefined variable $dataInicialTimestamp
in APPPATH\Controllers\AdmPost.php on line 211.
 1 APPPATH\Controllers\AdmPost.php(211): CodeIgniter\Debug\Exceptions->errorHandler(2, 'Undefined variable $dataInicialTimestamp', 'C:\\xampp\\htdocs\\codi\\app\\Controllers\\AdmPost.php', 211)
 2 SYSTEMPATH\CodeIgniter.php(934): App\Controllers\AdmPost->desenho_meus()
 3 SYSTEMPATH\CodeIgniter.php(499): CodeIgniter\CodeIgniter->runController(Object(App\Controllers\AdmPost))
 4 SYSTEMPATH\CodeIgniter.php(368): CodeIgniter\CodeIgniter->handleRequest(null, Object(Config\Cache), false)
 5 FCPATH\index.php(67): CodeIgniter\CodeIgniter->run()
CRITICAL - 2023-09-27 21:18:46 --> Undefined variable $dataInicialTimestamp
in APPPATH\Controllers\AdmPost.php on line 211.
 1 APPPATH\Controllers\AdmPost.php(211): CodeIgniter\Debug\Exceptions->errorHandler(2, 'Undefined variable $dataInicialTimestamp', 'C:\\xampp\\htdocs\\codi\\app\\Controllers\\AdmPost.php', 211)
 2 SYSTEMPATH\CodeIgniter.php(934): App\Controllers\AdmPost->desenho_meus()
 3 SYSTEMPATH\CodeIgniter.php(499): CodeIgniter\CodeIgniter->runController(Object(App\Controllers\AdmPost))
 4 SYSTEMPATH\CodeIgniter.php(368): CodeIgniter\CodeIgniter->handleRequest(null, Object(Config\Cache), false)
 5 FCPATH\index.php(67): CodeIgniter\CodeIgniter->run()
CRITICAL - 2023-09-27 21:18:47 --> Undefined variable $dataInicialTimestamp
in APPPATH\Controllers\AdmPost.php on line 211.
 1 APPPATH\Controllers\AdmPost.php(211): CodeIgniter\Debug\Exceptions->errorHandler(2, 'Undefined variable $dataInicialTimestamp', 'C:\\xampp\\htdocs\\codi\\app\\Controllers\\AdmPost.php', 211)
 2 SYSTEMPATH\CodeIgniter.php(934): App\Controllers\AdmPost->desenho_meus()
 3 SYSTEMPATH\CodeIgniter.php(499): CodeIgniter\CodeIgniter->runController(Object(App\Controllers\AdmPost))
 4 SYSTEMPATH\CodeIgniter.php(368): CodeIgniter\CodeIgniter->handleRequest(null, Object(Config\Cache), false)
 5 FCPATH\index.php(67): CodeIgniter\CodeIgniter->run()
CRITICAL - 2023-09-27 21:20:33 --> Undefined variable $dias
in APPPATH\Controllers\AdmPost.php on line 213.
 1 APPPATH\Controllers\AdmPost.php(213): CodeIgniter\Debug\Exceptions->errorHandler(2, 'Undefined variable $dias', 'C:\\xampp\\htdocs\\codi\\app\\Controllers\\AdmPost.php', 213)
 2 SYSTEMPATH\CodeIgniter.php(934): App\Controllers\AdmPost->desenho_meus()
 3 SYSTEMPATH\CodeIgniter.php(499): CodeIgniter\CodeIgniter->runController(Object(App\Controllers\AdmPost))
 4 SYSTEMPATH\CodeIgniter.php(368): CodeIgniter\CodeIgniter->handleRequest(null, Object(Config\Cache), false)
 5 FCPATH\index.php(67): CodeIgniter\CodeIgniter->run()
CRITICAL - 2023-09-27 21:20:34 --> Undefined variable $dias
in APPPATH\Controllers\AdmPost.php on line 213.
 1 APPPATH\Controllers\AdmPost.php(213): CodeIgniter\Debug\Exceptions->errorHandler(2, 'Undefined variable $dias', 'C:\\xampp\\htdocs\\codi\\app\\Controllers\\AdmPost.php', 213)
 2 SYSTEMPATH\CodeIgniter.php(934): App\Controllers\AdmPost->desenho_meus()
 3 SYSTEMPATH\CodeIgniter.php(499): CodeIgniter\CodeIgniter->runController(Object(App\Controllers\AdmPost))
 4 SYSTEMPATH\CodeIgniter.php(368): CodeIgniter\CodeIgniter->handleRequest(null, Object(Config\Cache), false)
 5 FCPATH\index.php(67): CodeIgniter\CodeIgniter->run()
CRITICAL - 2023-09-27 21:20:35 --> Undefined variable $dias
in APPPATH\Controllers\AdmPost.php on line 213.
 1 APPPATH\Controllers\AdmPost.php(213): CodeIgniter\Debug\Exceptions->errorHandler(2, 'Undefined variable $dias', 'C:\\xampp\\htdocs\\codi\\app\\Controllers\\AdmPost.php', 213)
 2 SYSTEMPATH\CodeIgniter.php(934): App\Controllers\AdmPost->desenho_meus()
 3 SYSTEMPATH\CodeIgniter.php(499): CodeIgniter\CodeIgniter->runController(Object(App\Controllers\AdmPost))
 4 SYSTEMPATH\CodeIgniter.php(368): CodeIgniter\CodeIgniter->handleRequest(null, Object(Config\Cache), false)
 5 FCPATH\index.php(67): CodeIgniter\CodeIgniter->run()
CRITICAL - 2023-09-27 21:20:36 --> Undefined variable $dias
in APPPATH\Controllers\AdmPost.php on line 213.
 1 APPPATH\Controllers\AdmPost.php(213): CodeIgniter\Debug\Exceptions->errorHandler(2, 'Undefined variable $dias', 'C:\\xampp\\htdocs\\codi\\app\\Controllers\\AdmPost.php', 213)
 2 SYSTEMPATH\CodeIgniter.php(934): App\Controllers\AdmPost->desenho_meus()
 3 SYSTEMPATH\CodeIgniter.php(499): CodeIgniter\CodeIgniter->runController(Object(App\Controllers\AdmPost))
 4 SYSTEMPATH\CodeIgniter.php(368): CodeIgniter\CodeIgniter->handleRequest(null, Object(Config\Cache), false)
 5 FCPATH\index.php(67): CodeIgniter\CodeIgniter->run()
CRITICAL - 2023-09-27 21:20:37 --> Undefined variable $dias
in APPPATH\Controllers\AdmPost.php on line 213.
 1 APPPATH\Controllers\AdmPost.php(213): CodeIgniter\Debug\Exceptions->errorHandler(2, 'Undefined variable $dias', 'C:\\xampp\\htdocs\\codi\\app\\Controllers\\AdmPost.php', 213)
 2 SYSTEMPATH\CodeIgniter.php(934): App\Controllers\AdmPost->desenho_meus()
 3 SYSTEMPATH\CodeIgniter.php(499): CodeIgniter\CodeIgniter->runController(Object(App\Controllers\AdmPost))
 4 SYSTEMPATH\CodeIgniter.php(368): CodeIgniter\CodeIgniter->handleRequest(null, Object(Config\Cache), false)
 5 FCPATH\index.php(67): CodeIgniter\CodeIgniter->run()
CRITICAL - 2023-09-27 21:20:38 --> Undefined variable $dias
in APPPATH\Controllers\AdmPost.php on line 213.
 1 APPPATH\Controllers\AdmPost.php(213): CodeIgniter\Debug\Exceptions->errorHandler(2, 'Undefined variable $dias', 'C:\\xampp\\htdocs\\codi\\app\\Controllers\\AdmPost.php', 213)
 2 SYSTEMPATH\CodeIgniter.php(934): App\Controllers\AdmPost->desenho_meus()
 3 SYSTEMPATH\CodeIgniter.php(499): CodeIgniter\CodeIgniter->runController(Object(App\Controllers\AdmPost))
 4 SYSTEMPATH\CodeIgniter.php(368): CodeIgniter\CodeIgniter->handleRequest(null, Object(Config\Cache), false)
 5 FCPATH\index.php(67): CodeIgniter\CodeIgniter->run()
CRITICAL - 2023-09-27 21:20:39 --> Undefined variable $dias
in APPPATH\Controllers\AdmPost.php on line 220.
 1 APPPATH\Controllers\AdmPost.php(220): CodeIgniter\Debug\Exceptions->errorHandler(2, 'Undefined variable $dias', 'C:\\xampp\\htdocs\\codi\\app\\Controllers\\AdmPost.php', 220)
 2 SYSTEMPATH\CodeIgniter.php(934): App\Controllers\AdmPost->desenho_meus()
 3 SYSTEMPATH\CodeIgniter.php(499): CodeIgniter\CodeIgniter->runController(Object(App\Controllers\AdmPost))
 4 SYSTEMPATH\CodeIgniter.php(368): CodeIgniter\CodeIgniter->handleRequest(null, Object(Config\Cache), false)
 5 FCPATH\index.php(67): CodeIgniter\CodeIgniter->run()
CRITICAL - 2023-09-27 21:20:40 --> Undefined variable $dias
in APPPATH\Controllers\AdmPost.php on line 220.
 1 APPPATH\Controllers\AdmPost.php(220): CodeIgniter\Debug\Exceptions->errorHandler(2, 'Undefined variable $dias', 'C:\\xampp\\htdocs\\codi\\app\\Controllers\\AdmPost.php', 220)
 2 SYSTEMPATH\CodeIgniter.php(934): App\Controllers\AdmPost->desenho_meus()
 3 SYSTEMPATH\CodeIgniter.php(499): CodeIgniter\CodeIgniter->runController(Object(App\Controllers\AdmPost))
 4 SYSTEMPATH\CodeIgniter.php(368): CodeIgniter\CodeIgniter->handleRequest(null, Object(Config\Cache), false)
 5 FCPATH\index.php(67): CodeIgniter\CodeIgniter->run()
CRITICAL - 2023-09-27 21:24:59 --> Unclosed '{' on line 8
in APPPATH\Controllers\AdmPost.php on line 1954.
 1 SYSTEMPATH\Autoloader\Autoloader.php(289): CodeIgniter\Autoloader\Autoloader->includeFile('C:\\xampp\\htdocs\\codi\\app\\Controllers\\AdmPost.php')
 2 SYSTEMPATH\Autoloader\Autoloader.php(267): CodeIgniter\Autoloader\Autoloader->loadInNamespace('App\\Controllers\\AdmPost')
 3 [internal function]: CodeIgniter\Autoloader\Autoloader->loadClass('App\\Controllers\\AdmPost')
 4 SYSTEMPATH\CodeIgniter.php(892): class_exists('\\App\\Controllers\\AdmPost', true)
 5 SYSTEMPATH\CodeIgniter.php(486): CodeIgniter\CodeIgniter->startController()
 6 SYSTEMPATH\CodeIgniter.php(368): CodeIgniter\CodeIgniter->handleRequest(null, Object(Config\Cache), false)
 7 FCPATH\index.php(67): CodeIgniter\CodeIgniter->run()
CRITICAL - 2023-09-27 21:24:59 --> Unclosed '{' on line 8
in APPPATH\Controllers\AdmPost.php on line 1954.
 1 SYSTEMPATH\Autoloader\Autoloader.php(289): CodeIgniter\Autoloader\Autoloader->includeFile('C:\\xampp\\htdocs\\codi\\app\\Controllers\\AdmPost.php')
 2 SYSTEMPATH\Autoloader\Autoloader.php(267): CodeIgniter\Autoloader\Autoloader->loadInNamespace('App\\Controllers\\AdmPost')
 3 [internal function]: CodeIgniter\Autoloader\Autoloader->loadClass('App\\Controllers\\AdmPost')
 4 SYSTEMPATH\CodeIgniter.php(892): class_exists('\\App\\Controllers\\AdmPost', true)
 5 SYSTEMPATH\CodeIgniter.php(486): CodeIgniter\CodeIgniter->startController()
 6 SYSTEMPATH\CodeIgniter.php(368): CodeIgniter\CodeIgniter->handleRequest(null, Object(Config\Cache), false)
 7 FCPATH\index.php(67): CodeIgniter\CodeIgniter->run()
CRITICAL - 2023-09-27 22:25:16 --> Undefined array key "usuario"
in APPPATH\Controllers\AdmPost.php on line 157.
 1 APPPATH\Controllers\AdmPost.php(157): CodeIgniter\Debug\Exceptions->errorHandler(2, 'Undefined array key "usuario"', 'C:\\xampp\\htdocs\\codi\\app\\Controllers\\AdmPost.php', 157)
 2 SYSTEMPATH\CodeIgniter.php(934): App\Controllers\AdmPost->desenho_meus()
 3 SYSTEMPATH\CodeIgniter.php(499): CodeIgniter\CodeIgniter->runController(Object(App\Controllers\AdmPost))
 4 SYSTEMPATH\CodeIgniter.php(368): CodeIgniter\CodeIgniter->handleRequest(null, Object(Config\Cache), false)
 5 FCPATH\index.php(67): CodeIgniter\CodeIgniter->run()
CRITICAL - 2023-09-27 22:34:10 --> Undefined array key "novo_nome_arquivo"
in APPPATH\Controllers\DesenhistaPost.php on line 433.
 1 APPPATH\Controllers\DesenhistaPost.php(433): CodeIgniter\Debug\Exceptions->errorHandler(2, 'Undefined array key "novo_nome_arquivo"', 'C:\\xampp\\htdocs\\codi\\app\\Controllers\\DesenhistaPost.php', 433)
 2 SYSTEMPATH\CodeIgniter.php(934): App\Controllers\DesenhistaPost->subistituir_desenho()
 3 SYSTEMPATH\CodeIgniter.php(499): CodeIgniter\CodeIgniter->runController(Object(App\Controllers\DesenhistaPost))
 4 SYSTEMPATH\CodeIgniter.php(368): CodeIgniter\CodeIgniter->handleRequest(null, Object(Config\Cache), false)
 5 FCPATH\index.php(67): CodeIgniter\CodeIgniter->run()
CRITICAL - 2023-09-27 22:34:27 --> Undefined array key "novo_nome_arquivo"
in APPPATH\Controllers\DesenhistaPost.php on line 433.
 1 APPPATH\Controllers\DesenhistaPost.php(433): CodeIgniter\Debug\Exceptions->errorHandler(2, 'Undefined array key "novo_nome_arquivo"', 'C:\\xampp\\htdocs\\codi\\app\\Controllers\\DesenhistaPost.php', 433)
 2 SYSTEMPATH\CodeIgniter.php(934): App\Controllers\DesenhistaPost->subistituir_desenho()
 3 SYSTEMPATH\CodeIgniter.php(499): CodeIgniter\CodeIgniter->runController(Object(App\Controllers\DesenhistaPost))
 4 SYSTEMPATH\CodeIgniter.php(368): CodeIgniter\CodeIgniter->handleRequest(null, Object(Config\Cache), false)
 5 FCPATH\index.php(67): CodeIgniter\CodeIgniter->run()
CRITICAL - 2023-09-27 23:01:49 --> syntax error, unexpected token "if"
in APPPATH\Controllers\AdmPost.php on line 281.
 1 SYSTEMPATH\Autoloader\Autoloader.php(289): CodeIgniter\Autoloader\Autoloader->includeFile('C:\\xampp\\htdocs\\codi\\app\\Controllers\\AdmPost.php')
 2 SYSTEMPATH\Autoloader\Autoloader.php(267): CodeIgniter\Autoloader\Autoloader->loadInNamespace('App\\Controllers\\AdmPost')
 3 [internal function]: CodeIgniter\Autoloader\Autoloader->loadClass('App\\Controllers\\AdmPost')
 4 SYSTEMPATH\CodeIgniter.php(892): class_exists('\\App\\Controllers\\AdmPost', true)
 5 SYSTEMPATH\CodeIgniter.php(486): CodeIgniter\CodeIgniter->startController()
 6 SYSTEMPATH\CodeIgniter.php(368): CodeIgniter\CodeIgniter->handleRequest(null, Object(Config\Cache), false)
 7 FCPATH\index.php(67): CodeIgniter\CodeIgniter->run()
CRITICAL - 2023-09-27 23:01:49 --> syntax error, unexpected token "if"
in APPPATH\Controllers\AdmPost.php on line 281.
 1 SYSTEMPATH\Autoloader\Autoloader.php(289): CodeIgniter\Autoloader\Autoloader->includeFile('C:\\xampp\\htdocs\\codi\\app\\Controllers\\AdmPost.php')
 2 SYSTEMPATH\Autoloader\Autoloader.php(267): CodeIgniter\Autoloader\Autoloader->loadInNamespace('App\\Controllers\\AdmPost')
 3 [internal function]: CodeIgniter\Autoloader\Autoloader->loadClass('App\\Controllers\\AdmPost')
 4 SYSTEMPATH\CodeIgniter.php(892): class_exists('\\App\\Controllers\\AdmPost', true)
 5 SYSTEMPATH\CodeIgniter.php(486): CodeIgniter\CodeIgniter->startController()
 6 SYSTEMPATH\CodeIgniter.php(368): CodeIgniter\CodeIgniter->handleRequest(null, Object(Config\Cache), false)
 7 FCPATH\index.php(67): CodeIgniter\CodeIgniter->run()
CRITICAL - 2023-09-27 23:01:50 --> syntax error, unexpected token "if"
in APPPATH\Controllers\AdmPost.php on line 281.
 1 SYSTEMPATH\Autoloader\Autoloader.php(289): CodeIgniter\Autoloader\Autoloader->includeFile('C:\\xampp\\htdocs\\codi\\app\\Controllers\\AdmPost.php')
 2 SYSTEMPATH\Autoloader\Autoloader.php(267): CodeIgniter\Autoloader\Autoloader->loadInNamespace('App\\Controllers\\AdmPost')
 3 [internal function]: CodeIgniter\Autoloader\Autoloader->loadClass('App\\Controllers\\AdmPost')
 4 SYSTEMPATH\CodeIgniter.php(892): class_exists('\\App\\Controllers\\AdmPost', true)
 5 SYSTEMPATH\CodeIgniter.php(486): CodeIgniter\CodeIgniter->startController()
 6 SYSTEMPATH\CodeIgniter.php(368): CodeIgniter\CodeIgniter->handleRequest(null, Object(Config\Cache), false)
 7 FCPATH\index.php(67): CodeIgniter\CodeIgniter->run()
CRITICAL - 2023-09-27 23:01:50 --> syntax error, unexpected token "if"
in APPPATH\Controllers\AdmPost.php on line 281.
 1 SYSTEMPATH\Autoloader\Autoloader.php(289): CodeIgniter\Autoloader\Autoloader->includeFile('C:\\xampp\\htdocs\\codi\\app\\Controllers\\AdmPost.php')
 2 SYSTEMPATH\Autoloader\Autoloader.php(267): CodeIgniter\Autoloader\Autoloader->loadInNamespace('App\\Controllers\\AdmPost')
 3 [internal function]: CodeIgniter\Autoloader\Autoloader->loadClass('App\\Controllers\\AdmPost')
 4 SYSTEMPATH\CodeIgniter.php(892): class_exists('\\App\\Controllers\\AdmPost', true)
 5 SYSTEMPATH\CodeIgniter.php(486): CodeIgniter\CodeIgniter->startController()
 6 SYSTEMPATH\CodeIgniter.php(368): CodeIgniter\CodeIgniter->handleRequest(null, Object(Config\Cache), false)
 7 FCPATH\index.php(67): CodeIgniter\CodeIgniter->run()
CRITICAL - 2023-09-27 23:01:51 --> syntax error, unexpected token "if"
in APPPATH\Controllers\AdmPost.php on line 281.
 1 SYSTEMPATH\Autoloader\Autoloader.php(289): CodeIgniter\Autoloader\Autoloader->includeFile('C:\\xampp\\htdocs\\codi\\app\\Controllers\\AdmPost.php')
 2 SYSTEMPATH\Autoloader\Autoloader.php(267): CodeIgniter\Autoloader\Autoloader->loadInNamespace('App\\Controllers\\AdmPost')
 3 [internal function]: CodeIgniter\Autoloader\Autoloader->loadClass('App\\Controllers\\AdmPost')
 4 SYSTEMPATH\CodeIgniter.php(892): class_exists('\\App\\Controllers\\AdmPost', true)
 5 SYSTEMPATH\CodeIgniter.php(486): CodeIgniter\CodeIgniter->startController()
 6 SYSTEMPATH\CodeIgniter.php(368): CodeIgniter\CodeIgniter->handleRequest(null, Object(Config\Cache), false)
 7 FCPATH\index.php(67): CodeIgniter\CodeIgniter->run()
CRITICAL - 2023-09-27 23:01:51 --> syntax error, unexpected token "if"
in APPPATH\Controllers\AdmPost.php on line 281.
 1 SYSTEMPATH\Autoloader\Autoloader.php(289): CodeIgniter\Autoloader\Autoloader->includeFile('C:\\xampp\\htdocs\\codi\\app\\Controllers\\AdmPost.php')
 2 SYSTEMPATH\Autoloader\Autoloader.php(267): CodeIgniter\Autoloader\Autoloader->loadInNamespace('App\\Controllers\\AdmPost')
 3 [internal function]: CodeIgniter\Autoloader\Autoloader->loadClass('App\\Controllers\\AdmPost')
 4 SYSTEMPATH\CodeIgniter.php(892): class_exists('\\App\\Controllers\\AdmPost', true)
 5 SYSTEMPATH\CodeIgniter.php(486): CodeIgniter\CodeIgniter->startController()
 6 SYSTEMPATH\CodeIgniter.php(368): CodeIgniter\CodeIgniter->handleRequest(null, Object(Config\Cache), false)
 7 FCPATH\index.php(67): CodeIgniter\CodeIgniter->run()
CRITICAL - 2023-09-27 23:01:52 --> syntax error, unexpected token "if", expecting "("
in APPPATH\Controllers\AdmPost.php on line 281.
 1 SYSTEMPATH\Autoloader\Autoloader.php(289): CodeIgniter\Autoloader\Autoloader->includeFile('C:\\xampp\\htdocs\\codi\\app\\Controllers\\AdmPost.php')
 2 SYSTEMPATH\Autoloader\Autoloader.php(267): CodeIgniter\Autoloader\Autoloader->loadInNamespace('App\\Controllers\\AdmPost')
 3 [internal function]: CodeIgniter\Autoloader\Autoloader->loadClass('App\\Controllers\\AdmPost')
 4 SYSTEMPATH\CodeIgniter.php(892): class_exists('\\App\\Controllers\\AdmPost', true)
 5 SYSTEMPATH\CodeIgniter.php(486): CodeIgniter\CodeIgniter->startController()
 6 SYSTEMPATH\CodeIgniter.php(368): CodeIgniter\CodeIgniter->handleRequest(null, Object(Config\Cache), false)
 7 FCPATH\index.php(67): CodeIgniter\CodeIgniter->run()
CRITICAL - 2023-09-27 23:01:52 --> syntax error, unexpected token "if", expecting "("
in APPPATH\Controllers\AdmPost.php on line 281.
 1 SYSTEMPATH\Autoloader\Autoloader.php(289): CodeIgniter\Autoloader\Autoloader->includeFile('C:\\xampp\\htdocs\\codi\\app\\Controllers\\AdmPost.php')
 2 SYSTEMPATH\Autoloader\Autoloader.php(267): CodeIgniter\Autoloader\Autoloader->loadInNamespace('App\\Controllers\\AdmPost')
 3 [internal function]: CodeIgniter\Autoloader\Autoloader->loadClass('App\\Controllers\\AdmPost')
 4 SYSTEMPATH\CodeIgniter.php(892): class_exists('\\App\\Controllers\\AdmPost', true)
 5 SYSTEMPATH\CodeIgniter.php(486): CodeIgniter\CodeIgniter->startController()
 6 SYSTEMPATH\CodeIgniter.php(368): CodeIgniter\CodeIgniter->handleRequest(null, Object(Config\Cache), false)
 7 FCPATH\index.php(67): CodeIgniter\CodeIgniter->run()
CRITICAL - 2023-09-27 23:01:53 --> syntax error, unexpected token "if", expecting "("
in APPPATH\Controllers\AdmPost.php on line 281.
 1 SYSTEMPATH\Autoloader\Autoloader.php(289): CodeIgniter\Autoloader\Autoloader->includeFile('C:\\xampp\\htdocs\\codi\\app\\Controllers\\AdmPost.php')
 2 SYSTEMPATH\Autoloader\Autoloader.php(267): CodeIgniter\Autoloader\Autoloader->loadInNamespace('App\\Controllers\\AdmPost')
 3 [internal function]: CodeIgniter\Autoloader\Autoloader->loadClass('App\\Controllers\\AdmPost')
 4 SYSTEMPATH\CodeIgniter.php(892): class_exists('\\App\\Controllers\\AdmPost', true)
 5 SYSTEMPATH\CodeIgniter.php(486): CodeIgniter\CodeIgniter->startController()
 6 SYSTEMPATH\CodeIgniter.php(368): CodeIgniter\CodeIgniter->handleRequest(null, Object(Config\Cache), false)
 7 FCPATH\index.php(67): CodeIgniter\CodeIgniter->run()
CRITICAL - 2023-09-27 23:01:53 --> syntax error, unexpected token "if", expecting "("
in APPPATH\Controllers\AdmPost.php on line 281.
 1 SYSTEMPATH\Autoloader\Autoloader.php(289): CodeIgniter\Autoloader\Autoloader->includeFile('C:\\xampp\\htdocs\\codi\\app\\Controllers\\AdmPost.php')
 2 SYSTEMPATH\Autoloader\Autoloader.php(267): CodeIgniter\Autoloader\Autoloader->loadInNamespace('App\\Controllers\\AdmPost')
 3 [internal function]: CodeIgniter\Autoloader\Autoloader->loadClass('App\\Controllers\\AdmPost')
 4 SYSTEMPATH\CodeIgniter.php(892): class_exists('\\App\\Controllers\\AdmPost', true)
 5 SYSTEMPATH\CodeIgniter.php(486): CodeIgniter\CodeIgniter->startController()
 6 SYSTEMPATH\CodeIgniter.php(368): CodeIgniter\CodeIgniter->handleRequest(null, Object(Config\Cache), false)
 7 FCPATH\index.php(67): CodeIgniter\CodeIgniter->run()
CRITICAL - 2023-09-27 23:01:54 --> syntax error, unexpected token "if", expecting "("
in APPPATH\Controllers\AdmPost.php on line 281.
 1 SYSTEMPATH\Autoloader\Autoloader.php(289): CodeIgniter\Autoloader\Autoloader->includeFile('C:\\xampp\\htdocs\\codi\\app\\Controllers\\AdmPost.php')
 2 SYSTEMPATH\Autoloader\Autoloader.php(267): CodeIgniter\Autoloader\Autoloader->loadInNamespace('App\\Controllers\\AdmPost')
 3 [internal function]: CodeIgniter\Autoloader\Autoloader->loadClass('App\\Controllers\\AdmPost')
 4 SYSTEMPATH\CodeIgniter.php(892): class_exists('\\App\\Controllers\\AdmPost', true)
 5 SYSTEMPATH\CodeIgniter.php(486): CodeIgniter\CodeIgniter->startController()
 6 SYSTEMPATH\CodeIgniter.php(368): CodeIgniter\CodeIgniter->handleRequest(null, Object(Config\Cache), false)
 7 FCPATH\index.php(67): CodeIgniter\CodeIgniter->run()
CRITICAL - 2023-09-27 23:01:54 --> syntax error, unexpected token "if", expecting "("
in APPPATH\Controllers\AdmPost.php on line 281.
 1 SYSTEMPATH\Autoloader\Autoloader.php(289): CodeIgniter\Autoloader\Autoloader->includeFile('C:\\xampp\\htdocs\\codi\\app\\Controllers\\AdmPost.php')
 2 SYSTEMPATH\Autoloader\Autoloader.php(267): CodeIgniter\Autoloader\Autoloader->loadInNamespace('App\\Controllers\\AdmPost')
 3 [internal function]: CodeIgniter\Autoloader\Autoloader->loadClass('App\\Controllers\\AdmPost')
 4 SYSTEMPATH\CodeIgniter.php(892): class_exists('\\App\\Controllers\\AdmPost', true)
 5 SYSTEMPATH\CodeIgniter.php(486): CodeIgniter\CodeIgniter->startController()
 6 SYSTEMPATH\CodeIgniter.php(368): CodeIgniter\CodeIgniter->handleRequest(null, Object(Config\Cache), false)
 7 FCPATH\index.php(67): CodeIgniter\CodeIgniter->run()
CRITICAL - 2023-09-27 23:01:59 --> syntax error, unexpected token "}"
in APPPATH\Controllers\AdmPost.php on line 298.
 1 SYSTEMPATH\Autoloader\Autoloader.php(289): CodeIgniter\Autoloader\Autoloader->includeFile('C:\\xampp\\htdocs\\codi\\app\\Controllers\\AdmPost.php')
 2 SYSTEMPATH\Autoloader\Autoloader.php(267): CodeIgniter\Autoloader\Autoloader->loadInNamespace('App\\Controllers\\AdmPost')
 3 [internal function]: CodeIgniter\Autoloader\Autoloader->loadClass('App\\Controllers\\AdmPost')
 4 SYSTEMPATH\CodeIgniter.php(892): class_exists('\\App\\Controllers\\AdmPost', true)
 5 SYSTEMPATH\CodeIgniter.php(486): CodeIgniter\CodeIgniter->startController()
 6 SYSTEMPATH\CodeIgniter.php(368): CodeIgniter\CodeIgniter->handleRequest(null, Object(Config\Cache), false)
 7 FCPATH\index.php(67): CodeIgniter\CodeIgniter->run()
CRITICAL - 2023-09-27 23:01:59 --> syntax error, unexpected token "}"
in APPPATH\Controllers\AdmPost.php on line 298.
 1 SYSTEMPATH\Autoloader\Autoloader.php(289): CodeIgniter\Autoloader\Autoloader->includeFile('C:\\xampp\\htdocs\\codi\\app\\Controllers\\AdmPost.php')
 2 SYSTEMPATH\Autoloader\Autoloader.php(267): CodeIgniter\Autoloader\Autoloader->loadInNamespace('App\\Controllers\\AdmPost')
 3 [internal function]: CodeIgniter\Autoloader\Autoloader->loadClass('App\\Controllers\\AdmPost')
 4 SYSTEMPATH\CodeIgniter.php(892): class_exists('\\App\\Controllers\\AdmPost', true)
 5 SYSTEMPATH\CodeIgniter.php(486): CodeIgniter\CodeIgniter->startController()
 6 SYSTEMPATH\CodeIgniter.php(368): CodeIgniter\CodeIgniter->handleRequest(null, Object(Config\Cache), false)
 7 FCPATH\index.php(67): CodeIgniter\CodeIgniter->run()
CRITICAL - 2023-09-27 23:02:00 --> syntax error, unexpected token "}"
in APPPATH\Controllers\AdmPost.php on line 298.
 1 SYSTEMPATH\Autoloader\Autoloader.php(289): CodeIgniter\Autoloader\Autoloader->includeFile('C:\\xampp\\htdocs\\codi\\app\\Controllers\\AdmPost.php')
 2 SYSTEMPATH\Autoloader\Autoloader.php(267): CodeIgniter\Autoloader\Autoloader->loadInNamespace('App\\Controllers\\AdmPost')
 3 [internal function]: CodeIgniter\Autoloader\Autoloader->loadClass('App\\Controllers\\AdmPost')
 4 SYSTEMPATH\CodeIgniter.php(892): class_exists('\\App\\Controllers\\AdmPost', true)
 5 SYSTEMPATH\CodeIgniter.php(486): CodeIgniter\CodeIgniter->startController()
 6 SYSTEMPATH\CodeIgniter.php(368): CodeIgniter\CodeIgniter->handleRequest(null, Object(Config\Cache), false)
 7 FCPATH\index.php(67): CodeIgniter\CodeIgniter->run()
CRITICAL - 2023-09-27 23:02:00 --> syntax error, unexpected token "}"
in APPPATH\Controllers\AdmPost.php on line 298.
 1 SYSTEMPATH\Autoloader\Autoloader.php(289): CodeIgniter\Autoloader\Autoloader->includeFile('C:\\xampp\\htdocs\\codi\\app\\Controllers\\AdmPost.php')
 2 SYSTEMPATH\Autoloader\Autoloader.php(267): CodeIgniter\Autoloader\Autoloader->loadInNamespace('App\\Controllers\\AdmPost')
 3 [internal function]: CodeIgniter\Autoloader\Autoloader->loadClass('App\\Controllers\\AdmPost')
 4 SYSTEMPATH\CodeIgniter.php(892): class_exists('\\App\\Controllers\\AdmPost', true)
 5 SYSTEMPATH\CodeIgniter.php(486): CodeIgniter\CodeIgniter->startController()
 6 SYSTEMPATH\CodeIgniter.php(368): CodeIgniter\CodeIgniter->handleRequest(null, Object(Config\Cache), false)
 7 FCPATH\index.php(67): CodeIgniter\CodeIgniter->run()
CRITICAL - 2023-09-27 23:02:01 --> syntax error, unexpected token "}"
in APPPATH\Controllers\AdmPost.php on line 298.
 1 SYSTEMPATH\Autoloader\Autoloader.php(289): CodeIgniter\Autoloader\Autoloader->includeFile('C:\\xampp\\htdocs\\codi\\app\\Controllers\\AdmPost.php')
 2 SYSTEMPATH\Autoloader\Autoloader.php(267): CodeIgniter\Autoloader\Autoloader->loadInNamespace('App\\Controllers\\AdmPost')
 3 [internal function]: CodeIgniter\Autoloader\Autoloader->loadClass('App\\Controllers\\AdmPost')
 4 SYSTEMPATH\CodeIgniter.php(892): class_exists('\\App\\Controllers\\AdmPost', true)
 5 SYSTEMPATH\CodeIgniter.php(486): CodeIgniter\CodeIgniter->startController()
 6 SYSTEMPATH\CodeIgniter.php(368): CodeIgniter\CodeIgniter->handleRequest(null, Object(Config\Cache), false)
 7 FCPATH\index.php(67): CodeIgniter\CodeIgniter->run()
CRITICAL - 2023-09-27 23:02:01 --> syntax error, unexpected token "}"
in APPPATH\Controllers\AdmPost.php on line 298.
 1 SYSTEMPATH\Autoloader\Autoloader.php(289): CodeIgniter\Autoloader\Autoloader->includeFile('C:\\xampp\\htdocs\\codi\\app\\Controllers\\AdmPost.php')
 2 SYSTEMPATH\Autoloader\Autoloader.php(267): CodeIgniter\Autoloader\Autoloader->loadInNamespace('App\\Controllers\\AdmPost')
 3 [internal function]: CodeIgniter\Autoloader\Autoloader->loadClass('App\\Controllers\\AdmPost')
 4 SYSTEMPATH\CodeIgniter.php(892): class_exists('\\App\\Controllers\\AdmPost', true)
 5 SYSTEMPATH\CodeIgniter.php(486): CodeIgniter\CodeIgniter->startController()
 6 SYSTEMPATH\CodeIgniter.php(368): CodeIgniter\CodeIgniter->handleRequest(null, Object(Config\Cache), false)
 7 FCPATH\index.php(67): CodeIgniter\CodeIgniter->run()
CRITICAL - 2023-09-27 23:02:02 --> syntax error, unexpected token "}"
in APPPATH\Controllers\AdmPost.php on line 298.
 1 SYSTEMPATH\Autoloader\Autoloader.php(289): CodeIgniter\Autoloader\Autoloader->includeFile('C:\\xampp\\htdocs\\codi\\app\\Controllers\\AdmPost.php')
 2 SYSTEMPATH\Autoloader\Autoloader.php(267): CodeIgniter\Autoloader\Autoloader->loadInNamespace('App\\Controllers\\AdmPost')
 3 [internal function]: CodeIgniter\Autoloader\Autoloader->loadClass('App\\Controllers\\AdmPost')
 4 SYSTEMPATH\CodeIgniter.php(892): class_exists('\\App\\Controllers\\AdmPost', true)
 5 SYSTEMPATH\CodeIgniter.php(486): CodeIgniter\CodeIgniter->startController()
 6 SYSTEMPATH\CodeIgniter.php(368): CodeIgniter\CodeIgniter->handleRequest(null, Object(Config\Cache), false)
 7 FCPATH\index.php(67): CodeIgniter\CodeIgniter->run()
CRITICAL - 2023-09-27 23:02:02 --> syntax error, unexpected token "}"
in APPPATH\Controllers\AdmPost.php on line 298.
 1 SYSTEMPATH\Autoloader\Autoloader.php(289): CodeIgniter\Autoloader\Autoloader->includeFile('C:\\xampp\\htdocs\\codi\\app\\Controllers\\AdmPost.php')
 2 SYSTEMPATH\Autoloader\Autoloader.php(267): CodeIgniter\Autoloader\Autoloader->loadInNamespace('App\\Controllers\\AdmPost')
 3 [internal function]: CodeIgniter\Autoloader\Autoloader->loadClass('App\\Controllers\\AdmPost')
 4 SYSTEMPATH\CodeIgniter.php(892): class_exists('\\App\\Controllers\\AdmPost', true)
 5 SYSTEMPATH\CodeIgniter.php(486): CodeIgniter\CodeIgniter->startController()
 6 SYSTEMPATH\CodeIgniter.php(368): CodeIgniter\CodeIgniter->handleRequest(null, Object(Config\Cache), false)
 7 FCPATH\index.php(67): CodeIgniter\CodeIgniter->run()
CRITICAL - 2023-09-27 23:03:08 --> syntax error, unexpected token "=", expecting "]"
in APPPATH\Controllers\AdmPost.php on line 727.
 1 SYSTEMPATH\Autoloader\Autoloader.php(289): CodeIgniter\Autoloader\Autoloader->includeFile('C:\\xampp\\htdocs\\codi\\app\\Controllers\\AdmPost.php')
 2 SYSTEMPATH\Autoloader\Autoloader.php(267): CodeIgniter\Autoloader\Autoloader->loadInNamespace('App\\Controllers\\AdmPost')
 3 [internal function]: CodeIgniter\Autoloader\Autoloader->loadClass('App\\Controllers\\AdmPost')
 4 SYSTEMPATH\CodeIgniter.php(892): class_exists('\\App\\Controllers\\AdmPost', true)
 5 SYSTEMPATH\CodeIgniter.php(486): CodeIgniter\CodeIgniter->startController()
 6 SYSTEMPATH\CodeIgniter.php(368): CodeIgniter\CodeIgniter->handleRequest(null, Object(Config\Cache), false)
 7 FCPATH\index.php(67): CodeIgniter\CodeIgniter->run()
CRITICAL - 2023-09-27 23:03:08 --> syntax error, unexpected token "=", expecting "]"
in APPPATH\Controllers\AdmPost.php on line 727.
 1 SYSTEMPATH\Autoloader\Autoloader.php(289): CodeIgniter\Autoloader\Autoloader->includeFile('C:\\xampp\\htdocs\\codi\\app\\Controllers\\AdmPost.php')
 2 SYSTEMPATH\Autoloader\Autoloader.php(267): CodeIgniter\Autoloader\Autoloader->loadInNamespace('App\\Controllers\\AdmPost')
 3 [internal function]: CodeIgniter\Autoloader\Autoloader->loadClass('App\\Controllers\\AdmPost')
 4 SYSTEMPATH\CodeIgniter.php(892): class_exists('\\App\\Controllers\\AdmPost', true)
 5 SYSTEMPATH\CodeIgniter.php(486): CodeIgniter\CodeIgniter->startController()
 6 SYSTEMPATH\CodeIgniter.php(368): CodeIgniter\CodeIgniter->handleRequest(null, Object(Config\Cache), false)
 7 FCPATH\index.php(67): CodeIgniter\CodeIgniter->run()
CRITICAL - 2023-09-27 23:03:09 --> syntax error, unexpected token "=", expecting "]"
in APPPATH\Controllers\AdmPost.php on line 727.
 1 SYSTEMPATH\Autoloader\Autoloader.php(289): CodeIgniter\Autoloader\Autoloader->includeFile('C:\\xampp\\htdocs\\codi\\app\\Controllers\\AdmPost.php')
 2 SYSTEMPATH\Autoloader\Autoloader.php(267): CodeIgniter\Autoloader\Autoloader->loadInNamespace('App\\Controllers\\AdmPost')
 3 [internal function]: CodeIgniter\Autoloader\Autoloader->loadClass('App\\Controllers\\AdmPost')
 4 SYSTEMPATH\CodeIgniter.php(892): class_exists('\\App\\Controllers\\AdmPost', true)
 5 SYSTEMPATH\CodeIgniter.php(486): CodeIgniter\CodeIgniter->startController()
 6 SYSTEMPATH\CodeIgniter.php(368): CodeIgniter\CodeIgniter->handleRequest(null, Object(Config\Cache), false)
 7 FCPATH\index.php(67): CodeIgniter\CodeIgniter->run()
CRITICAL - 2023-09-27 23:03:09 --> syntax error, unexpected token "=", expecting "]"
in APPPATH\Controllers\AdmPost.php on line 727.
 1 SYSTEMPATH\Autoloader\Autoloader.php(289): CodeIgniter\Autoloader\Autoloader->includeFile('C:\\xampp\\htdocs\\codi\\app\\Controllers\\AdmPost.php')
 2 SYSTEMPATH\Autoloader\Autoloader.php(267): CodeIgniter\Autoloader\Autoloader->loadInNamespace('App\\Controllers\\AdmPost')
 3 [internal function]: CodeIgniter\Autoloader\Autoloader->loadClass('App\\Controllers\\AdmPost')
 4 SYSTEMPATH\CodeIgniter.php(892): class_exists('\\App\\Controllers\\AdmPost', true)
 5 SYSTEMPATH\CodeIgniter.php(486): CodeIgniter\CodeIgniter->startController()
 6 SYSTEMPATH\CodeIgniter.php(368): CodeIgniter\CodeIgniter->handleRequest(null, Object(Config\Cache), false)
 7 FCPATH\index.php(67): CodeIgniter\CodeIgniter->run()
CRITICAL - 2023-09-27 23:03:10 --> syntax error, unexpected token "=", expecting "]"
in APPPATH\Controllers\AdmPost.php on line 727.
 1 SYSTEMPATH\Autoloader\Autoloader.php(289): CodeIgniter\Autoloader\Autoloader->includeFile('C:\\xampp\\htdocs\\codi\\app\\Controllers\\AdmPost.php')
 2 SYSTEMPATH\Autoloader\Autoloader.php(267): CodeIgniter\Autoloader\Autoloader->loadInNamespace('App\\Controllers\\AdmPost')
 3 [internal function]: CodeIgniter\Autoloader\Autoloader->loadClass('App\\Controllers\\AdmPost')
 4 SYSTEMPATH\CodeIgniter.php(892): class_exists('\\App\\Controllers\\AdmPost', true)
 5 SYSTEMPATH\CodeIgniter.php(486): CodeIgniter\CodeIgniter->startController()
 6 SYSTEMPATH\CodeIgniter.php(368): CodeIgniter\CodeIgniter->handleRequest(null, Object(Config\Cache), false)
 7 FCPATH\index.php(67): CodeIgniter\CodeIgniter->run()
CRITICAL - 2023-09-27 23:03:10 --> syntax error, unexpected token "=", expecting "]"
in APPPATH\Controllers\AdmPost.php on line 727.
 1 SYSTEMPATH\Autoloader\Autoloader.php(289): CodeIgniter\Autoloader\Autoloader->includeFile('C:\\xampp\\htdocs\\codi\\app\\Controllers\\AdmPost.php')
 2 SYSTEMPATH\Autoloader\Autoloader.php(267): CodeIgniter\Autoloader\Autoloader->loadInNamespace('App\\Controllers\\AdmPost')
 3 [internal function]: CodeIgniter\Autoloader\Autoloader->loadClass('App\\Controllers\\AdmPost')
 4 SYSTEMPATH\CodeIgniter.php(892): class_exists('\\App\\Controllers\\AdmPost', true)
 5 SYSTEMPATH\CodeIgniter.php(486): CodeIgniter\CodeIgniter->startController()
 6 SYSTEMPATH\CodeIgniter.php(368): CodeIgniter\CodeIgniter->handleRequest(null, Object(Config\Cache), false)
 7 FCPATH\index.php(67): CodeIgniter\CodeIgniter->run()
CRITICAL - 2023-09-27 23:03:11 --> syntax error, unexpected token "=", expecting "]"
in APPPATH\Controllers\AdmPost.php on line 727.
 1 SYSTEMPATH\Autoloader\Autoloader.php(289): CodeIgniter\Autoloader\Autoloader->includeFile('C:\\xampp\\htdocs\\codi\\app\\Controllers\\AdmPost.php')
 2 SYSTEMPATH\Autoloader\Autoloader.php(267): CodeIgniter\Autoloader\Autoloader->loadInNamespace('App\\Controllers\\AdmPost')
 3 [internal function]: CodeIgniter\Autoloader\Autoloader->loadClass('App\\Controllers\\AdmPost')
 4 SYSTEMPATH\CodeIgniter.php(892): class_exists('\\App\\Controllers\\AdmPost', true)
 5 SYSTEMPATH\CodeIgniter.php(486): CodeIgniter\CodeIgniter->startController()
 6 SYSTEMPATH\CodeIgniter.php(368): CodeIgniter\CodeIgniter->handleRequest(null, Object(Config\Cache), false)
 7 FCPATH\index.php(67): CodeIgniter\CodeIgniter->run()
CRITICAL - 2023-09-27 23:03:11 --> syntax error, unexpected token "=", expecting "]"
in APPPATH\Controllers\AdmPost.php on line 727.
 1 SYSTEMPATH\Autoloader\Autoloader.php(289): CodeIgniter\Autoloader\Autoloader->includeFile('C:\\xampp\\htdocs\\codi\\app\\Controllers\\AdmPost.php')
 2 SYSTEMPATH\Autoloader\Autoloader.php(267): CodeIgniter\Autoloader\Autoloader->loadInNamespace('App\\Controllers\\AdmPost')
 3 [internal function]: CodeIgniter\Autoloader\Autoloader->loadClass('App\\Controllers\\AdmPost')
 4 SYSTEMPATH\CodeIgniter.php(892): class_exists('\\App\\Controllers\\AdmPost', true)
 5 SYSTEMPATH\CodeIgniter.php(486): CodeIgniter\CodeIgniter->startController()
 6 SYSTEMPATH\CodeIgniter.php(368): CodeIgniter\CodeIgniter->handleRequest(null, Object(Config\Cache), false)
 7 FCPATH\index.php(67): CodeIgniter\CodeIgniter->run()
CRITICAL - 2023-09-27 23:03:12 --> syntax error, unexpected token "="
in APPPATH\Controllers\AdmPost.php on line 727.
 1 SYSTEMPATH\Autoloader\Autoloader.php(289): CodeIgniter\Autoloader\Autoloader->includeFile('C:\\xampp\\htdocs\\codi\\app\\Controllers\\AdmPost.php')
 2 SYSTEMPATH\Autoloader\Autoloader.php(267): CodeIgniter\Autoloader\Autoloader->loadInNamespace('App\\Controllers\\AdmPost')
 3 [internal function]: CodeIgniter\Autoloader\Autoloader->loadClass('App\\Controllers\\AdmPost')
 4 SYSTEMPATH\CodeIgniter.php(892): class_exists('\\App\\Controllers\\AdmPost', true)
 5 SYSTEMPATH\CodeIgniter.php(486): CodeIgniter\CodeIgniter->startController()
 6 SYSTEMPATH\CodeIgniter.php(368): CodeIgniter\CodeIgniter->handleRequest(null, Object(Config\Cache), false)
 7 FCPATH\index.php(67): CodeIgniter\CodeIgniter->run()
CRITICAL - 2023-09-27 23:03:12 --> syntax error, unexpected token "="
in APPPATH\Controllers\AdmPost.php on line 727.
 1 SYSTEMPATH\Autoloader\Autoloader.php(289): CodeIgniter\Autoloader\Autoloader->includeFile('C:\\xampp\\htdocs\\codi\\app\\Controllers\\AdmPost.php')
 2 SYSTEMPATH\Autoloader\Autoloader.php(267): CodeIgniter\Autoloader\Autoloader->loadInNamespace('App\\Controllers\\AdmPost')
 3 [internal function]: CodeIgniter\Autoloader\Autoloader->loadClass('App\\Controllers\\AdmPost')
 4 SYSTEMPATH\CodeIgniter.php(892): class_exists('\\App\\Controllers\\AdmPost', true)
 5 SYSTEMPATH\CodeIgniter.php(486): CodeIgniter\CodeIgniter->startController()
 6 SYSTEMPATH\CodeIgniter.php(368): CodeIgniter\CodeIgniter->handleRequest(null, Object(Config\Cache), false)
 7 FCPATH\index.php(67): CodeIgniter\CodeIgniter->run()
CRITICAL - 2023-09-27 23:03:13 --> syntax error, unexpected token "="
in APPPATH\Controllers\AdmPost.php on line 727.
 1 SYSTEMPATH\Autoloader\Autoloader.php(289): CodeIgniter\Autoloader\Autoloader->includeFile('C:\\xampp\\htdocs\\codi\\app\\Controllers\\AdmPost.php')
 2 SYSTEMPATH\Autoloader\Autoloader.php(267): CodeIgniter\Autoloader\Autoloader->loadInNamespace('App\\Controllers\\AdmPost')
 3 [internal function]: CodeIgniter\Autoloader\Autoloader->loadClass('App\\Controllers\\AdmPost')
 4 SYSTEMPATH\CodeIgniter.php(892): class_exists('\\App\\Controllers\\AdmPost', true)
 5 SYSTEMPATH\CodeIgniter.php(486): CodeIgniter\CodeIgniter->startController()
 6 SYSTEMPATH\CodeIgniter.php(368): CodeIgniter\CodeIgniter->handleRequest(null, Object(Config\Cache), false)
 7 FCPATH\index.php(67): CodeIgniter\CodeIgniter->run()
CRITICAL - 2023-09-27 23:03:13 --> syntax error, unexpected token "="
in APPPATH\Controllers\AdmPost.php on line 727.
 1 SYSTEMPATH\Autoloader\Autoloader.php(289): CodeIgniter\Autoloader\Autoloader->includeFile('C:\\xampp\\htdocs\\codi\\app\\Controllers\\AdmPost.php')
 2 SYSTEMPATH\Autoloader\Autoloader.php(267): CodeIgniter\Autoloader\Autoloader->loadInNamespace('App\\Controllers\\AdmPost')
 3 [internal function]: CodeIgniter\Autoloader\Autoloader->loadClass('App\\Controllers\\AdmPost')
 4 SYSTEMPATH\CodeIgniter.php(892): class_exists('\\App\\Controllers\\AdmPost', true)
 5 SYSTEMPATH\CodeIgniter.php(486): CodeIgniter\CodeIgniter->startController()
 6 SYSTEMPATH\CodeIgniter.php(368): CodeIgniter\CodeIgniter->handleRequest(null, Object(Config\Cache), false)
 7 FCPATH\index.php(67): CodeIgniter\CodeIgniter->run()
CRITICAL - 2023-09-27 23:03:14 --> syntax error, unexpected token "="
in APPPATH\Controllers\AdmPost.php on line 727.
 1 SYSTEMPATH\Autoloader\Autoloader.php(289): CodeIgniter\Autoloader\Autoloader->includeFile('C:\\xampp\\htdocs\\codi\\app\\Controllers\\AdmPost.php')
 2 SYSTEMPATH\Autoloader\Autoloader.php(267): CodeIgniter\Autoloader\Autoloader->loadInNamespace('App\\Controllers\\AdmPost')
 3 [internal function]: CodeIgniter\Autoloader\Autoloader->loadClass('App\\Controllers\\AdmPost')
 4 SYSTEMPATH\CodeIgniter.php(892): class_exists('\\App\\Controllers\\AdmPost', true)
 5 SYSTEMPATH\CodeIgniter.php(486): CodeIgniter\CodeIgniter->startController()
 6 SYSTEMPATH\CodeIgniter.php(368): CodeIgniter\CodeIgniter->handleRequest(null, Object(Config\Cache), false)
 7 FCPATH\index.php(67): CodeIgniter\CodeIgniter->run()
CRITICAL - 2023-09-27 23:03:14 --> syntax error, unexpected token "="
in APPPATH\Controllers\AdmPost.php on line 727.
 1 SYSTEMPATH\Autoloader\Autoloader.php(289): CodeIgniter\Autoloader\Autoloader->includeFile('C:\\xampp\\htdocs\\codi\\app\\Controllers\\AdmPost.php')
 2 SYSTEMPATH\Autoloader\Autoloader.php(267): CodeIgniter\Autoloader\Autoloader->loadInNamespace('App\\Controllers\\AdmPost')
 3 [internal function]: CodeIgniter\Autoloader\Autoloader->loadClass('App\\Controllers\\AdmPost')
 4 SYSTEMPATH\CodeIgniter.php(892): class_exists('\\App\\Controllers\\AdmPost', true)
 5 SYSTEMPATH\CodeIgniter.php(486): CodeIgniter\CodeIgniter->startController()
 6 SYSTEMPATH\CodeIgniter.php(368): CodeIgniter\CodeIgniter->handleRequest(null, Object(Config\Cache), false)
 7 FCPATH\index.php(67): CodeIgniter\CodeIgniter->run()
CRITICAL - 2023-09-27 23:03:15 --> syntax error, unexpected token "="
in APPPATH\Controllers\AdmPost.php on line 727.
 1 SYSTEMPATH\Autoloader\Autoloader.php(289): CodeIgniter\Autoloader\Autoloader->includeFile('C:\\xampp\\htdocs\\codi\\app\\Controllers\\AdmPost.php')
 2 SYSTEMPATH\Autoloader\Autoloader.php(267): CodeIgniter\Autoloader\Autoloader->loadInNamespace('App\\Controllers\\AdmPost')
 3 [internal function]: CodeIgniter\Autoloader\Autoloader->loadClass('App\\Controllers\\AdmPost')
 4 SYSTEMPATH\CodeIgniter.php(892): class_exists('\\App\\Controllers\\AdmPost', true)
 5 SYSTEMPATH\CodeIgniter.php(486): CodeIgniter\CodeIgniter->startController()
 6 SYSTEMPATH\CodeIgniter.php(368): CodeIgniter\CodeIgniter->handleRequest(null, Object(Config\Cache), false)
 7 FCPATH\index.php(67): CodeIgniter\CodeIgniter->run()
CRITICAL - 2023-09-27 23:03:15 --> syntax error, unexpected token "="
in APPPATH\Controllers\AdmPost.php on line 727.
 1 SYSTEMPATH\Autoloader\Autoloader.php(289): CodeIgniter\Autoloader\Autoloader->includeFile('C:\\xampp\\htdocs\\codi\\app\\Controllers\\AdmPost.php')
 2 SYSTEMPATH\Autoloader\Autoloader.php(267): CodeIgniter\Autoloader\Autoloader->loadInNamespace('App\\Controllers\\AdmPost')
 3 [internal function]: CodeIgniter\Autoloader\Autoloader->loadClass('App\\Controllers\\AdmPost')
 4 SYSTEMPATH\CodeIgniter.php(892): class_exists('\\App\\Controllers\\AdmPost', true)
 5 SYSTEMPATH\CodeIgniter.php(486): CodeIgniter\CodeIgniter->startController()
 6 SYSTEMPATH\CodeIgniter.php(368): CodeIgniter\CodeIgniter->handleRequest(null, Object(Config\Cache), false)
 7 FCPATH\index.php(67): CodeIgniter\CodeIgniter->run()
CRITICAL - 2023-09-27 23:03:16 --> syntax error, unexpected token "="
in APPPATH\Controllers\AdmPost.php on line 727.
 1 SYSTEMPATH\Autoloader\Autoloader.php(289): CodeIgniter\Autoloader\Autoloader->includeFile('C:\\xampp\\htdocs\\codi\\app\\Controllers\\AdmPost.php')
 2 SYSTEMPATH\Autoloader\Autoloader.php(267): CodeIgniter\Autoloader\Autoloader->loadInNamespace('App\\Controllers\\AdmPost')
 3 [internal function]: CodeIgniter\Autoloader\Autoloader->loadClass('App\\Controllers\\AdmPost')
 4 SYSTEMPATH\CodeIgniter.php(892): class_exists('\\App\\Controllers\\AdmPost', true)
 5 SYSTEMPATH\CodeIgniter.php(486): CodeIgniter\CodeIgniter->startController()
 6 SYSTEMPATH\CodeIgniter.php(368): CodeIgniter\CodeIgniter->handleRequest(null, Object(Config\Cache), false)
 7 FCPATH\index.php(67): CodeIgniter\CodeIgniter->run()
CRITICAL - 2023-09-27 23:03:16 --> syntax error, unexpected token "="
in APPPATH\Controllers\AdmPost.php on line 727.
 1 SYSTEMPATH\Autoloader\Autoloader.php(289): CodeIgniter\Autoloader\Autoloader->includeFile('C:\\xampp\\htdocs\\codi\\app\\Controllers\\AdmPost.php')
 2 SYSTEMPATH\Autoloader\Autoloader.php(267): CodeIgniter\Autoloader\Autoloader->loadInNamespace('App\\Controllers\\AdmPost')
 3 [internal function]: CodeIgniter\Autoloader\Autoloader->loadClass('App\\Controllers\\AdmPost')
 4 SYSTEMPATH\CodeIgniter.php(892): class_exists('\\App\\Controllers\\AdmPost', true)
 5 SYSTEMPATH\CodeIgniter.php(486): CodeIgniter\CodeIgniter->startController()
 6 SYSTEMPATH\CodeIgniter.php(368): CodeIgniter\CodeIgniter->handleRequest(null, Object(Config\Cache), false)
 7 FCPATH\index.php(67): CodeIgniter\CodeIgniter->run()
