CRITICAL - 2023-07-14 20:06:37 --> syntax error, unexpected variable "$data"
in APPPATH\Controllers\AdmPost.php on line 15.
 1 SYSTEMPATH\Autoloader\Autoloader.php(289): CodeIgniter\Autoloader\Autoloader->includeFile('C:\\xampp\\htdocs\\codi\\app\\Controllers\\AdmPost.php')
 2 SYSTEMPATH\Autoloader\Autoloader.php(267): CodeIgniter\Autoloader\Autoloader->loadInNamespace('App\\Controllers\\AdmPost')
 3 [internal function]: CodeIgniter\Autoloader\Autoloader->loadClass('App\\Controllers\\AdmPost')
 4 SYSTEMPATH\CodeIgniter.php(892): class_exists('\\App\\Controllers\\AdmPost', true)
 5 SYSTEMPATH\CodeIgniter.php(486): CodeIgniter\CodeIgniter->startController()
 6 SYSTEMPATH\CodeIgniter.php(368): CodeIgniter\CodeIgniter->handleRequest(null, Object(Config\Cache), false)
 7 FCPATH\index.php(67): CodeIgniter\CodeIgniter->run()
CRITICAL - 2023-07-14 20:07:59 --> syntax error, unexpected token ",", expecting identifier or variable or "{" or "$"
in APPPATH\Controllers\AdmPost.php on line 15.
 1 SYSTEMPATH\Autoloader\Autoloader.php(289): CodeIgniter\Autoloader\Autoloader->includeFile('C:\\xampp\\htdocs\\codi\\app\\Controllers\\AdmPost.php')
 2 SYSTEMPATH\Autoloader\Autoloader.php(267): CodeIgniter\Autoloader\Autoloader->loadInNamespace('App\\Controllers\\AdmPost')
 3 [internal function]: CodeIgniter\Autoloader\Autoloader->loadClass('App\\Controllers\\AdmPost')
 4 SYSTEMPATH\CodeIgniter.php(892): class_exists('\\App\\Controllers\\AdmPost', true)
 5 SYSTEMPATH\CodeIgniter.php(486): CodeIgniter\CodeIgniter->startController()
 6 SYSTEMPATH\CodeIgniter.php(368): CodeIgniter\CodeIgniter->handleRequest(null, Object(Config\Cache), false)
 7 FCPATH\index.php(67): CodeIgniter\CodeIgniter->run()
CRITICAL - 2023-07-14 20:08:00 --> syntax error, unexpected token ",", expecting identifier or variable or "{" or "$"
in APPPATH\Controllers\AdmPost.php on line 15.
 1 SYSTEMPATH\Autoloader\Autoloader.php(289): CodeIgniter\Autoloader\Autoloader->includeFile('C:\\xampp\\htdocs\\codi\\app\\Controllers\\AdmPost.php')
 2 SYSTEMPATH\Autoloader\Autoloader.php(267): CodeIgniter\Autoloader\Autoloader->loadInNamespace('App\\Controllers\\AdmPost')
 3 [internal function]: CodeIgniter\Autoloader\Autoloader->loadClass('App\\Controllers\\AdmPost')
 4 SYSTEMPATH\CodeIgniter.php(892): class_exists('\\App\\Controllers\\AdmPost', true)
 5 SYSTEMPATH\CodeIgniter.php(486): CodeIgniter\CodeIgniter->startController()
 6 SYSTEMPATH\CodeIgniter.php(368): CodeIgniter\CodeIgniter->handleRequest(null, Object(Config\Cache), false)
 7 FCPATH\index.php(67): CodeIgniter\CodeIgniter->run()
CRITICAL - 2023-07-14 20:09:16 --> syntax error, unexpected variable "$data", expecting "("
in APPPATH\Controllers\AdmPost.php on line 16.
 1 SYSTEMPATH\Autoloader\Autoloader.php(289): CodeIgniter\Autoloader\Autoloader->includeFile('C:\\xampp\\htdocs\\codi\\app\\Controllers\\AdmPost.php')
 2 SYSTEMPATH\Autoloader\Autoloader.php(267): CodeIgniter\Autoloader\Autoloader->loadInNamespace('App\\Controllers\\AdmPost')
 3 [internal function]: CodeIgniter\Autoloader\Autoloader->loadClass('App\\Controllers\\AdmPost')
 4 SYSTEMPATH\CodeIgniter.php(892): class_exists('\\App\\Controllers\\AdmPost', true)
 5 SYSTEMPATH\CodeIgniter.php(486): CodeIgniter\CodeIgniter->startController()
 6 SYSTEMPATH\CodeIgniter.php(368): CodeIgniter\CodeIgniter->handleRequest(null, Object(Config\Cache), false)
 7 FCPATH\index.php(67): CodeIgniter\CodeIgniter->run()
CRITICAL - 2023-07-14 20:09:17 --> syntax error, unexpected variable "$data", expecting "("
in APPPATH\Controllers\AdmPost.php on line 16.
 1 SYSTEMPATH\Autoloader\Autoloader.php(289): CodeIgniter\Autoloader\Autoloader->includeFile('C:\\xampp\\htdocs\\codi\\app\\Controllers\\AdmPost.php')
 2 SYSTEMPATH\Autoloader\Autoloader.php(267): CodeIgniter\Autoloader\Autoloader->loadInNamespace('App\\Controllers\\AdmPost')
 3 [internal function]: CodeIgniter\Autoloader\Autoloader->loadClass('App\\Controllers\\AdmPost')
 4 SYSTEMPATH\CodeIgniter.php(892): class_exists('\\App\\Controllers\\AdmPost', true)
 5 SYSTEMPATH\CodeIgniter.php(486): CodeIgniter\CodeIgniter->startController()
 6 SYSTEMPATH\CodeIgniter.php(368): CodeIgniter\CodeIgniter->handleRequest(null, Object(Config\Cache), false)
 7 FCPATH\index.php(67): CodeIgniter\CodeIgniter->run()
CRITICAL - 2023-07-14 20:09:18 --> syntax error, unexpected variable "$data", expecting "("
in APPPATH\Controllers\AdmPost.php on line 16.
 1 SYSTEMPATH\Autoloader\Autoloader.php(289): CodeIgniter\Autoloader\Autoloader->includeFile('C:\\xampp\\htdocs\\codi\\app\\Controllers\\AdmPost.php')
 2 SYSTEMPATH\Autoloader\Autoloader.php(267): CodeIgniter\Autoloader\Autoloader->loadInNamespace('App\\Controllers\\AdmPost')
 3 [internal function]: CodeIgniter\Autoloader\Autoloader->loadClass('App\\Controllers\\AdmPost')
 4 SYSTEMPATH\CodeIgniter.php(892): class_exists('\\App\\Controllers\\AdmPost', true)
 5 SYSTEMPATH\CodeIgniter.php(486): CodeIgniter\CodeIgniter->startController()
 6 SYSTEMPATH\CodeIgniter.php(368): CodeIgniter\CodeIgniter->handleRequest(null, Object(Config\Cache), false)
 7 FCPATH\index.php(67): CodeIgniter\CodeIgniter->run()
CRITICAL - 2023-07-14 20:09:19 --> syntax error, unexpected variable "$data", expecting "("
in APPPATH\Controllers\AdmPost.php on line 16.
 1 SYSTEMPATH\Autoloader\Autoloader.php(289): CodeIgniter\Autoloader\Autoloader->includeFile('C:\\xampp\\htdocs\\codi\\app\\Controllers\\AdmPost.php')
 2 SYSTEMPATH\Autoloader\Autoloader.php(267): CodeIgniter\Autoloader\Autoloader->loadInNamespace('App\\Controllers\\AdmPost')
 3 [internal function]: CodeIgniter\Autoloader\Autoloader->loadClass('App\\Controllers\\AdmPost')
 4 SYSTEMPATH\CodeIgniter.php(892): class_exists('\\App\\Controllers\\AdmPost', true)
 5 SYSTEMPATH\CodeIgniter.php(486): CodeIgniter\CodeIgniter->startController()
 6 SYSTEMPATH\CodeIgniter.php(368): CodeIgniter\CodeIgniter->handleRequest(null, Object(Config\Cache), false)
 7 FCPATH\index.php(67): CodeIgniter\CodeIgniter->run()
CRITICAL - 2023-07-14 20:09:21 --> syntax error, unexpected variable "$data"
in APPPATH\Controllers\AdmPost.php on line 16.
 1 SYSTEMPATH\Autoloader\Autoloader.php(289): CodeIgniter\Autoloader\Autoloader->includeFile('C:\\xampp\\htdocs\\codi\\app\\Controllers\\AdmPost.php')
 2 SYSTEMPATH\Autoloader\Autoloader.php(267): CodeIgniter\Autoloader\Autoloader->loadInNamespace('App\\Controllers\\AdmPost')
 3 [internal function]: CodeIgniter\Autoloader\Autoloader->loadClass('App\\Controllers\\AdmPost')
 4 SYSTEMPATH\CodeIgniter.php(892): class_exists('\\App\\Controllers\\AdmPost', true)
 5 SYSTEMPATH\CodeIgniter.php(486): CodeIgniter\CodeIgniter->startController()
 6 SYSTEMPATH\CodeIgniter.php(368): CodeIgniter\CodeIgniter->handleRequest(null, Object(Config\Cache), false)
 7 FCPATH\index.php(67): CodeIgniter\CodeIgniter->run()
CRITICAL - 2023-07-14 20:09:22 --> Undefined variable $variable
in APPPATH\Controllers\AdmPost.php on line 14.
 1 APPPATH\Controllers\AdmPost.php(14): CodeIgniter\Debug\Exceptions->errorHandler(2, 'Undefined variable $variable', 'C:\\xampp\\htdocs\\codi\\app\\Controllers\\AdmPost.php', 14)
 2 SYSTEMPATH\CodeIgniter.php(934): App\Controllers\AdmPost->lista_corte()
 3 SYSTEMPATH\CodeIgniter.php(499): CodeIgniter\CodeIgniter->runController(Object(App\Controllers\AdmPost))
 4 SYSTEMPATH\CodeIgniter.php(368): CodeIgniter\CodeIgniter->handleRequest(null, Object(Config\Cache), false)
 5 FCPATH\index.php(67): CodeIgniter\CodeIgniter->run()
CRITICAL - 2023-07-14 20:09:22 --> Undefined variable $variable
in APPPATH\Controllers\AdmPost.php on line 14.
 1 APPPATH\Controllers\AdmPost.php(14): CodeIgniter\Debug\Exceptions->errorHandler(2, 'Undefined variable $variable', 'C:\\xampp\\htdocs\\codi\\app\\Controllers\\AdmPost.php', 14)
 2 SYSTEMPATH\CodeIgniter.php(934): App\Controllers\AdmPost->lista_corte()
 3 SYSTEMPATH\CodeIgniter.php(499): CodeIgniter\CodeIgniter->runController(Object(App\Controllers\AdmPost))
 4 SYSTEMPATH\CodeIgniter.php(368): CodeIgniter\CodeIgniter->handleRequest(null, Object(Config\Cache), false)
 5 FCPATH\index.php(67): CodeIgniter\CodeIgniter->run()
CRITICAL - 2023-07-14 20:09:23 --> Undefined variable $variable
in APPPATH\Controllers\AdmPost.php on line 14.
 1 APPPATH\Controllers\AdmPost.php(14): CodeIgniter\Debug\Exceptions->errorHandler(2, 'Undefined variable $variable', 'C:\\xampp\\htdocs\\codi\\app\\Controllers\\AdmPost.php', 14)
 2 SYSTEMPATH\CodeIgniter.php(934): App\Controllers\AdmPost->lista_corte()
 3 SYSTEMPATH\CodeIgniter.php(499): CodeIgniter\CodeIgniter->runController(Object(App\Controllers\AdmPost))
 4 SYSTEMPATH\CodeIgniter.php(368): CodeIgniter\CodeIgniter->handleRequest(null, Object(Config\Cache), false)
 5 FCPATH\index.php(67): CodeIgniter\CodeIgniter->run()
CRITICAL - 2023-07-14 20:09:24 --> Undefined variable $variable
in APPPATH\Controllers\AdmPost.php on line 14.
 1 APPPATH\Controllers\AdmPost.php(14): CodeIgniter\Debug\Exceptions->errorHandler(2, 'Undefined variable $variable', 'C:\\xampp\\htdocs\\codi\\app\\Controllers\\AdmPost.php', 14)
 2 SYSTEMPATH\CodeIgniter.php(934): App\Controllers\AdmPost->lista_corte()
 3 SYSTEMPATH\CodeIgniter.php(499): CodeIgniter\CodeIgniter->runController(Object(App\Controllers\AdmPost))
 4 SYSTEMPATH\CodeIgniter.php(368): CodeIgniter\CodeIgniter->handleRequest(null, Object(Config\Cache), false)
 5 FCPATH\index.php(67): CodeIgniter\CodeIgniter->run()
CRITICAL - 2023-07-14 20:09:25 --> Undefined variable $variable
in APPPATH\Controllers\AdmPost.php on line 14.
 1 APPPATH\Controllers\AdmPost.php(14): CodeIgniter\Debug\Exceptions->errorHandler(2, 'Undefined variable $variable', 'C:\\xampp\\htdocs\\codi\\app\\Controllers\\AdmPost.php', 14)
 2 SYSTEMPATH\CodeIgniter.php(934): App\Controllers\AdmPost->lista_corte()
 3 SYSTEMPATH\CodeIgniter.php(499): CodeIgniter\CodeIgniter->runController(Object(App\Controllers\AdmPost))
 4 SYSTEMPATH\CodeIgniter.php(368): CodeIgniter\CodeIgniter->handleRequest(null, Object(Config\Cache), false)
 5 FCPATH\index.php(67): CodeIgniter\CodeIgniter->run()
CRITICAL - 2023-07-14 20:09:26 --> Undefined variable $variable
in APPPATH\Controllers\AdmPost.php on line 14.
 1 APPPATH\Controllers\AdmPost.php(14): CodeIgniter\Debug\Exceptions->errorHandler(2, 'Undefined variable $variable', 'C:\\xampp\\htdocs\\codi\\app\\Controllers\\AdmPost.php', 14)
 2 SYSTEMPATH\CodeIgniter.php(934): App\Controllers\AdmPost->lista_corte()
 3 SYSTEMPATH\CodeIgniter.php(499): CodeIgniter\CodeIgniter->runController(Object(App\Controllers\AdmPost))
 4 SYSTEMPATH\CodeIgniter.php(368): CodeIgniter\CodeIgniter->handleRequest(null, Object(Config\Cache), false)
 5 FCPATH\index.php(67): CodeIgniter\CodeIgniter->run()
CRITICAL - 2023-07-14 20:09:27 --> Undefined variable $variable
in APPPATH\Controllers\AdmPost.php on line 14.
 1 APPPATH\Controllers\AdmPost.php(14): CodeIgniter\Debug\Exceptions->errorHandler(2, 'Undefined variable $variable', 'C:\\xampp\\htdocs\\codi\\app\\Controllers\\AdmPost.php', 14)
 2 SYSTEMPATH\CodeIgniter.php(934): App\Controllers\AdmPost->lista_corte()
 3 SYSTEMPATH\CodeIgniter.php(499): CodeIgniter\CodeIgniter->runController(Object(App\Controllers\AdmPost))
 4 SYSTEMPATH\CodeIgniter.php(368): CodeIgniter\CodeIgniter->handleRequest(null, Object(Config\Cache), false)
 5 FCPATH\index.php(67): CodeIgniter\CodeIgniter->run()
CRITICAL - 2023-07-14 20:09:28 --> Undefined variable $variable
in APPPATH\Controllers\AdmPost.php on line 14.
 1 APPPATH\Controllers\AdmPost.php(14): CodeIgniter\Debug\Exceptions->errorHandler(2, 'Undefined variable $variable', 'C:\\xampp\\htdocs\\codi\\app\\Controllers\\AdmPost.php', 14)
 2 SYSTEMPATH\CodeIgniter.php(934): App\Controllers\AdmPost->lista_corte()
 3 SYSTEMPATH\CodeIgniter.php(499): CodeIgniter\CodeIgniter->runController(Object(App\Controllers\AdmPost))
 4 SYSTEMPATH\CodeIgniter.php(368): CodeIgniter\CodeIgniter->handleRequest(null, Object(Config\Cache), false)
 5 FCPATH\index.php(67): CodeIgniter\CodeIgniter->run()
CRITICAL - 2023-07-14 20:09:57 --> Undefined variable $variable
in APPPATH\Controllers\AdmPost.php on line 14.
 1 APPPATH\Controllers\AdmPost.php(14): CodeIgniter\Debug\Exceptions->errorHandler(2, 'Undefined variable $variable', 'C:\\xampp\\htdocs\\codi\\app\\Controllers\\AdmPost.php', 14)
 2 SYSTEMPATH\CodeIgniter.php(934): App\Controllers\AdmPost->lista_corte()
 3 SYSTEMPATH\CodeIgniter.php(499): CodeIgniter\CodeIgniter->runController(Object(App\Controllers\AdmPost))
 4 SYSTEMPATH\CodeIgniter.php(368): CodeIgniter\CodeIgniter->handleRequest(null, Object(Config\Cache), false)
 5 FCPATH\index.php(67): CodeIgniter\CodeIgniter->run()
CRITICAL - 2023-07-14 20:10:14 --> syntax error, unexpected token "}"
in APPPATH\Controllers\AdmPost.php on line 16.
 1 SYSTEMPATH\Autoloader\Autoloader.php(289): CodeIgniter\Autoloader\Autoloader->includeFile('C:\\xampp\\htdocs\\codi\\app\\Controllers\\AdmPost.php')
 2 SYSTEMPATH\Autoloader\Autoloader.php(267): CodeIgniter\Autoloader\Autoloader->loadInNamespace('App\\Controllers\\AdmPost')
 3 [internal function]: CodeIgniter\Autoloader\Autoloader->loadClass('App\\Controllers\\AdmPost')
 4 SYSTEMPATH\CodeIgniter.php(892): class_exists('\\App\\Controllers\\AdmPost', true)
 5 SYSTEMPATH\CodeIgniter.php(486): CodeIgniter\CodeIgniter->startController()
 6 SYSTEMPATH\CodeIgniter.php(368): CodeIgniter\CodeIgniter->handleRequest(null, Object(Config\Cache), false)
 7 FCPATH\index.php(67): CodeIgniter\CodeIgniter->run()
CRITICAL - 2023-07-14 20:10:14 --> syntax error, unexpected token "}"
in APPPATH\Controllers\AdmPost.php on line 16.
 1 SYSTEMPATH\Autoloader\Autoloader.php(289): CodeIgniter\Autoloader\Autoloader->includeFile('C:\\xampp\\htdocs\\codi\\app\\Controllers\\AdmPost.php')
 2 SYSTEMPATH\Autoloader\Autoloader.php(267): CodeIgniter\Autoloader\Autoloader->loadInNamespace('App\\Controllers\\AdmPost')
 3 [internal function]: CodeIgniter\Autoloader\Autoloader->loadClass('App\\Controllers\\AdmPost')
 4 SYSTEMPATH\CodeIgniter.php(892): class_exists('\\App\\Controllers\\AdmPost', true)
 5 SYSTEMPATH\CodeIgniter.php(486): CodeIgniter\CodeIgniter->startController()
 6 SYSTEMPATH\CodeIgniter.php(368): CodeIgniter\CodeIgniter->handleRequest(null, Object(Config\Cache), false)
 7 FCPATH\index.php(67): CodeIgniter\CodeIgniter->run()
CRITICAL - 2023-07-14 20:10:15 --> syntax error, unexpected token "}"
in APPPATH\Controllers\AdmPost.php on line 16.
 1 SYSTEMPATH\Autoloader\Autoloader.php(289): CodeIgniter\Autoloader\Autoloader->includeFile('C:\\xampp\\htdocs\\codi\\app\\Controllers\\AdmPost.php')
 2 SYSTEMPATH\Autoloader\Autoloader.php(267): CodeIgniter\Autoloader\Autoloader->loadInNamespace('App\\Controllers\\AdmPost')
 3 [internal function]: CodeIgniter\Autoloader\Autoloader->loadClass('App\\Controllers\\AdmPost')
 4 SYSTEMPATH\CodeIgniter.php(892): class_exists('\\App\\Controllers\\AdmPost', true)
 5 SYSTEMPATH\CodeIgniter.php(486): CodeIgniter\CodeIgniter->startController()
 6 SYSTEMPATH\CodeIgniter.php(368): CodeIgniter\CodeIgniter->handleRequest(null, Object(Config\Cache), false)
 7 FCPATH\index.php(67): CodeIgniter\CodeIgniter->run()
CRITICAL - 2023-07-14 20:10:16 --> syntax error, unexpected token "}"
in APPPATH\Controllers\AdmPost.php on line 16.
 1 SYSTEMPATH\Autoloader\Autoloader.php(289): CodeIgniter\Autoloader\Autoloader->includeFile('C:\\xampp\\htdocs\\codi\\app\\Controllers\\AdmPost.php')
 2 SYSTEMPATH\Autoloader\Autoloader.php(267): CodeIgniter\Autoloader\Autoloader->loadInNamespace('App\\Controllers\\AdmPost')
 3 [internal function]: CodeIgniter\Autoloader\Autoloader->loadClass('App\\Controllers\\AdmPost')
 4 SYSTEMPATH\CodeIgniter.php(892): class_exists('\\App\\Controllers\\AdmPost', true)
 5 SYSTEMPATH\CodeIgniter.php(486): CodeIgniter\CodeIgniter->startController()
 6 SYSTEMPATH\CodeIgniter.php(368): CodeIgniter\CodeIgniter->handleRequest(null, Object(Config\Cache), false)
 7 FCPATH\index.php(67): CodeIgniter\CodeIgniter->run()
CRITICAL - 2023-07-14 20:10:17 --> syntax error, unexpected token "}"
in APPPATH\Controllers\AdmPost.php on line 16.
 1 SYSTEMPATH\Autoloader\Autoloader.php(289): CodeIgniter\Autoloader\Autoloader->includeFile('C:\\xampp\\htdocs\\codi\\app\\Controllers\\AdmPost.php')
 2 SYSTEMPATH\Autoloader\Autoloader.php(267): CodeIgniter\Autoloader\Autoloader->loadInNamespace('App\\Controllers\\AdmPost')
 3 [internal function]: CodeIgniter\Autoloader\Autoloader->loadClass('App\\Controllers\\AdmPost')
 4 SYSTEMPATH\CodeIgniter.php(892): class_exists('\\App\\Controllers\\AdmPost', true)
 5 SYSTEMPATH\CodeIgniter.php(486): CodeIgniter\CodeIgniter->startController()
 6 SYSTEMPATH\CodeIgniter.php(368): CodeIgniter\CodeIgniter->handleRequest(null, Object(Config\Cache), false)
 7 FCPATH\index.php(67): CodeIgniter\CodeIgniter->run()
CRITICAL - 2023-07-14 20:10:19 --> syntax error, unexpected identifier "tag"
in APPPATH\Controllers\AdmPost.php on line 20.
 1 SYSTEMPATH\Autoloader\Autoloader.php(289): CodeIgniter\Autoloader\Autoloader->includeFile('C:\\xampp\\htdocs\\codi\\app\\Controllers\\AdmPost.php')
 2 SYSTEMPATH\Autoloader\Autoloader.php(267): CodeIgniter\Autoloader\Autoloader->loadInNamespace('App\\Controllers\\AdmPost')
 3 [internal function]: CodeIgniter\Autoloader\Autoloader->loadClass('App\\Controllers\\AdmPost')
 4 SYSTEMPATH\CodeIgniter.php(892): class_exists('\\App\\Controllers\\AdmPost', true)
 5 SYSTEMPATH\CodeIgniter.php(486): CodeIgniter\CodeIgniter->startController()
 6 SYSTEMPATH\CodeIgniter.php(368): CodeIgniter\CodeIgniter->handleRequest(null, Object(Config\Cache), false)
 7 FCPATH\index.php(67): CodeIgniter\CodeIgniter->run()
CRITICAL - 2023-07-14 20:10:19 --> syntax error, unexpected identifier "tag"
in APPPATH\Controllers\AdmPost.php on line 20.
 1 SYSTEMPATH\Autoloader\Autoloader.php(289): CodeIgniter\Autoloader\Autoloader->includeFile('C:\\xampp\\htdocs\\codi\\app\\Controllers\\AdmPost.php')
 2 SYSTEMPATH\Autoloader\Autoloader.php(267): CodeIgniter\Autoloader\Autoloader->loadInNamespace('App\\Controllers\\AdmPost')
 3 [internal function]: CodeIgniter\Autoloader\Autoloader->loadClass('App\\Controllers\\AdmPost')
 4 SYSTEMPATH\CodeIgniter.php(892): class_exists('\\App\\Controllers\\AdmPost', true)
 5 SYSTEMPATH\CodeIgniter.php(486): CodeIgniter\CodeIgniter->startController()
 6 SYSTEMPATH\CodeIgniter.php(368): CodeIgniter\CodeIgniter->handleRequest(null, Object(Config\Cache), false)
 7 FCPATH\index.php(67): CodeIgniter\CodeIgniter->run()
CRITICAL - 2023-07-14 20:10:20 --> syntax error, unexpected identifier "tag"
in APPPATH\Controllers\AdmPost.php on line 20.
 1 SYSTEMPATH\Autoloader\Autoloader.php(289): CodeIgniter\Autoloader\Autoloader->includeFile('C:\\xampp\\htdocs\\codi\\app\\Controllers\\AdmPost.php')
 2 SYSTEMPATH\Autoloader\Autoloader.php(267): CodeIgniter\Autoloader\Autoloader->loadInNamespace('App\\Controllers\\AdmPost')
 3 [internal function]: CodeIgniter\Autoloader\Autoloader->loadClass('App\\Controllers\\AdmPost')
 4 SYSTEMPATH\CodeIgniter.php(892): class_exists('\\App\\Controllers\\AdmPost', true)
 5 SYSTEMPATH\CodeIgniter.php(486): CodeIgniter\CodeIgniter->startController()
 6 SYSTEMPATH\CodeIgniter.php(368): CodeIgniter\CodeIgniter->handleRequest(null, Object(Config\Cache), false)
 7 FCPATH\index.php(67): CodeIgniter\CodeIgniter->run()
CRITICAL - 2023-07-14 20:10:21 --> syntax error, unexpected identifier "tag"
in APPPATH\Controllers\AdmPost.php on line 20.
 1 SYSTEMPATH\Autoloader\Autoloader.php(289): CodeIgniter\Autoloader\Autoloader->includeFile('C:\\xampp\\htdocs\\codi\\app\\Controllers\\AdmPost.php')
 2 SYSTEMPATH\Autoloader\Autoloader.php(267): CodeIgniter\Autoloader\Autoloader->loadInNamespace('App\\Controllers\\AdmPost')
 3 [internal function]: CodeIgniter\Autoloader\Autoloader->loadClass('App\\Controllers\\AdmPost')
 4 SYSTEMPATH\CodeIgniter.php(892): class_exists('\\App\\Controllers\\AdmPost', true)
 5 SYSTEMPATH\CodeIgniter.php(486): CodeIgniter\CodeIgniter->startController()
 6 SYSTEMPATH\CodeIgniter.php(368): CodeIgniter\CodeIgniter->handleRequest(null, Object(Config\Cache), false)
 7 FCPATH\index.php(67): CodeIgniter\CodeIgniter->run()
CRITICAL - 2023-07-14 20:10:22 --> syntax error, unexpected identifier "tag"
in APPPATH\Controllers\AdmPost.php on line 20.
 1 SYSTEMPATH\Autoloader\Autoloader.php(289): CodeIgniter\Autoloader\Autoloader->includeFile('C:\\xampp\\htdocs\\codi\\app\\Controllers\\AdmPost.php')
 2 SYSTEMPATH\Autoloader\Autoloader.php(267): CodeIgniter\Autoloader\Autoloader->loadInNamespace('App\\Controllers\\AdmPost')
 3 [internal function]: CodeIgniter\Autoloader\Autoloader->loadClass('App\\Controllers\\AdmPost')
 4 SYSTEMPATH\CodeIgniter.php(892): class_exists('\\App\\Controllers\\AdmPost', true)
 5 SYSTEMPATH\CodeIgniter.php(486): CodeIgniter\CodeIgniter->startController()
 6 SYSTEMPATH\CodeIgniter.php(368): CodeIgniter\CodeIgniter->handleRequest(null, Object(Config\Cache), false)
 7 FCPATH\index.php(67): CodeIgniter\CodeIgniter->run()
CRITICAL - 2023-07-14 20:10:23 --> syntax error, unexpected identifier "tag"
in APPPATH\Controllers\AdmPost.php on line 20.
 1 SYSTEMPATH\Autoloader\Autoloader.php(289): CodeIgniter\Autoloader\Autoloader->includeFile('C:\\xampp\\htdocs\\codi\\app\\Controllers\\AdmPost.php')
 2 SYSTEMPATH\Autoloader\Autoloader.php(267): CodeIgniter\Autoloader\Autoloader->loadInNamespace('App\\Controllers\\AdmPost')
 3 [internal function]: CodeIgniter\Autoloader\Autoloader->loadClass('App\\Controllers\\AdmPost')
 4 SYSTEMPATH\CodeIgniter.php(892): class_exists('\\App\\Controllers\\AdmPost', true)
 5 SYSTEMPATH\CodeIgniter.php(486): CodeIgniter\CodeIgniter->startController()
 6 SYSTEMPATH\CodeIgniter.php(368): CodeIgniter\CodeIgniter->handleRequest(null, Object(Config\Cache), false)
 7 FCPATH\index.php(67): CodeIgniter\CodeIgniter->run()
CRITICAL - 2023-07-14 20:10:24 --> syntax error, unexpected identifier "tag"
in APPPATH\Controllers\AdmPost.php on line 20.
 1 SYSTEMPATH\Autoloader\Autoloader.php(289): CodeIgniter\Autoloader\Autoloader->includeFile('C:\\xampp\\htdocs\\codi\\app\\Controllers\\AdmPost.php')
 2 SYSTEMPATH\Autoloader\Autoloader.php(267): CodeIgniter\Autoloader\Autoloader->loadInNamespace('App\\Controllers\\AdmPost')
 3 [internal function]: CodeIgniter\Autoloader\Autoloader->loadClass('App\\Controllers\\AdmPost')
 4 SYSTEMPATH\CodeIgniter.php(892): class_exists('\\App\\Controllers\\AdmPost', true)
 5 SYSTEMPATH\CodeIgniter.php(486): CodeIgniter\CodeIgniter->startController()
 6 SYSTEMPATH\CodeIgniter.php(368): CodeIgniter\CodeIgniter->handleRequest(null, Object(Config\Cache), false)
 7 FCPATH\index.php(67): CodeIgniter\CodeIgniter->run()
CRITICAL - 2023-07-14 20:10:25 --> syntax error, unexpected identifier "tag"
in APPPATH\Controllers\AdmPost.php on line 20.
 1 SYSTEMPATH\Autoloader\Autoloader.php(289): CodeIgniter\Autoloader\Autoloader->includeFile('C:\\xampp\\htdocs\\codi\\app\\Controllers\\AdmPost.php')
 2 SYSTEMPATH\Autoloader\Autoloader.php(267): CodeIgniter\Autoloader\Autoloader->loadInNamespace('App\\Controllers\\AdmPost')
 3 [internal function]: CodeIgniter\Autoloader\Autoloader->loadClass('App\\Controllers\\AdmPost')
 4 SYSTEMPATH\CodeIgniter.php(892): class_exists('\\App\\Controllers\\AdmPost', true)
 5 SYSTEMPATH\CodeIgniter.php(486): CodeIgniter\CodeIgniter->startController()
 6 SYSTEMPATH\CodeIgniter.php(368): CodeIgniter\CodeIgniter->handleRequest(null, Object(Config\Cache), false)
 7 FCPATH\index.php(67): CodeIgniter\CodeIgniter->run()
CRITICAL - 2023-07-14 20:10:26 --> syntax error, unexpected identifier "tag"
in APPPATH\Controllers\AdmPost.php on line 20.
 1 SYSTEMPATH\Autoloader\Autoloader.php(289): CodeIgniter\Autoloader\Autoloader->includeFile('C:\\xampp\\htdocs\\codi\\app\\Controllers\\AdmPost.php')
 2 SYSTEMPATH\Autoloader\Autoloader.php(267): CodeIgniter\Autoloader\Autoloader->loadInNamespace('App\\Controllers\\AdmPost')
 3 [internal function]: CodeIgniter\Autoloader\Autoloader->loadClass('App\\Controllers\\AdmPost')
 4 SYSTEMPATH\CodeIgniter.php(892): class_exists('\\App\\Controllers\\AdmPost', true)
 5 SYSTEMPATH\CodeIgniter.php(486): CodeIgniter\CodeIgniter->startController()
 6 SYSTEMPATH\CodeIgniter.php(368): CodeIgniter\CodeIgniter->handleRequest(null, Object(Config\Cache), false)
 7 FCPATH\index.php(67): CodeIgniter\CodeIgniter->run()
CRITICAL - 2023-07-14 20:10:27 --> syntax error, unexpected identifier "tag"
in APPPATH\Controllers\AdmPost.php on line 20.
 1 SYSTEMPATH\Autoloader\Autoloader.php(289): CodeIgniter\Autoloader\Autoloader->includeFile('C:\\xampp\\htdocs\\codi\\app\\Controllers\\AdmPost.php')
 2 SYSTEMPATH\Autoloader\Autoloader.php(267): CodeIgniter\Autoloader\Autoloader->loadInNamespace('App\\Controllers\\AdmPost')
 3 [internal function]: CodeIgniter\Autoloader\Autoloader->loadClass('App\\Controllers\\AdmPost')
 4 SYSTEMPATH\CodeIgniter.php(892): class_exists('\\App\\Controllers\\AdmPost', true)
 5 SYSTEMPATH\CodeIgniter.php(486): CodeIgniter\CodeIgniter->startController()
 6 SYSTEMPATH\CodeIgniter.php(368): CodeIgniter\CodeIgniter->handleRequest(null, Object(Config\Cache), false)
 7 FCPATH\index.php(67): CodeIgniter\CodeIgniter->run()
CRITICAL - 2023-07-14 20:10:28 --> syntax error, unexpected token "}"
in APPPATH\Controllers\AdmPost.php on line 25.
 1 SYSTEMPATH\Autoloader\Autoloader.php(289): CodeIgniter\Autoloader\Autoloader->includeFile('C:\\xampp\\htdocs\\codi\\app\\Controllers\\AdmPost.php')
 2 SYSTEMPATH\Autoloader\Autoloader.php(267): CodeIgniter\Autoloader\Autoloader->loadInNamespace('App\\Controllers\\AdmPost')
 3 [internal function]: CodeIgniter\Autoloader\Autoloader->loadClass('App\\Controllers\\AdmPost')
 4 SYSTEMPATH\CodeIgniter.php(892): class_exists('\\App\\Controllers\\AdmPost', true)
 5 SYSTEMPATH\CodeIgniter.php(486): CodeIgniter\CodeIgniter->startController()
 6 SYSTEMPATH\CodeIgniter.php(368): CodeIgniter\CodeIgniter->handleRequest(null, Object(Config\Cache), false)
 7 FCPATH\index.php(67): CodeIgniter\CodeIgniter->run()
CRITICAL - 2023-07-14 20:10:29 --> syntax error, unexpected token "}"
in APPPATH\Controllers\AdmPost.php on line 25.
 1 SYSTEMPATH\Autoloader\Autoloader.php(289): CodeIgniter\Autoloader\Autoloader->includeFile('C:\\xampp\\htdocs\\codi\\app\\Controllers\\AdmPost.php')
 2 SYSTEMPATH\Autoloader\Autoloader.php(267): CodeIgniter\Autoloader\Autoloader->loadInNamespace('App\\Controllers\\AdmPost')
 3 [internal function]: CodeIgniter\Autoloader\Autoloader->loadClass('App\\Controllers\\AdmPost')
 4 SYSTEMPATH\CodeIgniter.php(892): class_exists('\\App\\Controllers\\AdmPost', true)
 5 SYSTEMPATH\CodeIgniter.php(486): CodeIgniter\CodeIgniter->startController()
 6 SYSTEMPATH\CodeIgniter.php(368): CodeIgniter\CodeIgniter->handleRequest(null, Object(Config\Cache), false)
 7 FCPATH\index.php(67): CodeIgniter\CodeIgniter->run()
CRITICAL - 2023-07-14 20:10:30 --> syntax error, unexpected token "}"
in APPPATH\Controllers\AdmPost.php on line 25.
 1 SYSTEMPATH\Autoloader\Autoloader.php(289): CodeIgniter\Autoloader\Autoloader->includeFile('C:\\xampp\\htdocs\\codi\\app\\Controllers\\AdmPost.php')
 2 SYSTEMPATH\Autoloader\Autoloader.php(267): CodeIgniter\Autoloader\Autoloader->loadInNamespace('App\\Controllers\\AdmPost')
 3 [internal function]: CodeIgniter\Autoloader\Autoloader->loadClass('App\\Controllers\\AdmPost')
 4 SYSTEMPATH\CodeIgniter.php(892): class_exists('\\App\\Controllers\\AdmPost', true)
 5 SYSTEMPATH\CodeIgniter.php(486): CodeIgniter\CodeIgniter->startController()
 6 SYSTEMPATH\CodeIgniter.php(368): CodeIgniter\CodeIgniter->handleRequest(null, Object(Config\Cache), false)
 7 FCPATH\index.php(67): CodeIgniter\CodeIgniter->run()
CRITICAL - 2023-07-14 20:10:31 --> syntax error, unexpected token "}"
in APPPATH\Controllers\AdmPost.php on line 25.
 1 SYSTEMPATH\Autoloader\Autoloader.php(289): CodeIgniter\Autoloader\Autoloader->includeFile('C:\\xampp\\htdocs\\codi\\app\\Controllers\\AdmPost.php')
 2 SYSTEMPATH\Autoloader\Autoloader.php(267): CodeIgniter\Autoloader\Autoloader->loadInNamespace('App\\Controllers\\AdmPost')
 3 [internal function]: CodeIgniter\Autoloader\Autoloader->loadClass('App\\Controllers\\AdmPost')
 4 SYSTEMPATH\CodeIgniter.php(892): class_exists('\\App\\Controllers\\AdmPost', true)
 5 SYSTEMPATH\CodeIgniter.php(486): CodeIgniter\CodeIgniter->startController()
 6 SYSTEMPATH\CodeIgniter.php(368): CodeIgniter\CodeIgniter->handleRequest(null, Object(Config\Cache), false)
 7 FCPATH\index.php(67): CodeIgniter\CodeIgniter->run()
CRITICAL - 2023-07-14 20:10:32 --> syntax error, unexpected token "}"
in APPPATH\Controllers\AdmPost.php on line 25.
 1 SYSTEMPATH\Autoloader\Autoloader.php(289): CodeIgniter\Autoloader\Autoloader->includeFile('C:\\xampp\\htdocs\\codi\\app\\Controllers\\AdmPost.php')
 2 SYSTEMPATH\Autoloader\Autoloader.php(267): CodeIgniter\Autoloader\Autoloader->loadInNamespace('App\\Controllers\\AdmPost')
 3 [internal function]: CodeIgniter\Autoloader\Autoloader->loadClass('App\\Controllers\\AdmPost')
 4 SYSTEMPATH\CodeIgniter.php(892): class_exists('\\App\\Controllers\\AdmPost', true)
 5 SYSTEMPATH\CodeIgniter.php(486): CodeIgniter\CodeIgniter->startController()
 6 SYSTEMPATH\CodeIgniter.php(368): CodeIgniter\CodeIgniter->handleRequest(null, Object(Config\Cache), false)
 7 FCPATH\index.php(67): CodeIgniter\CodeIgniter->run()
CRITICAL - 2023-07-14 20:10:33 --> syntax error, unexpected token "}"
in APPPATH\Controllers\AdmPost.php on line 16.
 1 SYSTEMPATH\Autoloader\Autoloader.php(289): CodeIgniter\Autoloader\Autoloader->includeFile('C:\\xampp\\htdocs\\codi\\app\\Controllers\\AdmPost.php')
 2 SYSTEMPATH\Autoloader\Autoloader.php(267): CodeIgniter\Autoloader\Autoloader->loadInNamespace('App\\Controllers\\AdmPost')
 3 [internal function]: CodeIgniter\Autoloader\Autoloader->loadClass('App\\Controllers\\AdmPost')
 4 SYSTEMPATH\CodeIgniter.php(892): class_exists('\\App\\Controllers\\AdmPost', true)
 5 SYSTEMPATH\CodeIgniter.php(486): CodeIgniter\CodeIgniter->startController()
 6 SYSTEMPATH\CodeIgniter.php(368): CodeIgniter\CodeIgniter->handleRequest(null, Object(Config\Cache), false)
 7 FCPATH\index.php(67): CodeIgniter\CodeIgniter->run()
CRITICAL - 2023-07-14 20:10:34 --> syntax error, unexpected token "}"
in APPPATH\Controllers\AdmPost.php on line 16.
 1 SYSTEMPATH\Autoloader\Autoloader.php(289): CodeIgniter\Autoloader\Autoloader->includeFile('C:\\xampp\\htdocs\\codi\\app\\Controllers\\AdmPost.php')
 2 SYSTEMPATH\Autoloader\Autoloader.php(267): CodeIgniter\Autoloader\Autoloader->loadInNamespace('App\\Controllers\\AdmPost')
 3 [internal function]: CodeIgniter\Autoloader\Autoloader->loadClass('App\\Controllers\\AdmPost')
 4 SYSTEMPATH\CodeIgniter.php(892): class_exists('\\App\\Controllers\\AdmPost', true)
 5 SYSTEMPATH\CodeIgniter.php(486): CodeIgniter\CodeIgniter->startController()
 6 SYSTEMPATH\CodeIgniter.php(368): CodeIgniter\CodeIgniter->handleRequest(null, Object(Config\Cache), false)
 7 FCPATH\index.php(67): CodeIgniter\CodeIgniter->run()
CRITICAL - 2023-07-14 20:10:35 --> syntax error, unexpected token "}"
in APPPATH\Controllers\AdmPost.php on line 16.
 1 SYSTEMPATH\Autoloader\Autoloader.php(289): CodeIgniter\Autoloader\Autoloader->includeFile('C:\\xampp\\htdocs\\codi\\app\\Controllers\\AdmPost.php')
 2 SYSTEMPATH\Autoloader\Autoloader.php(267): CodeIgniter\Autoloader\Autoloader->loadInNamespace('App\\Controllers\\AdmPost')
 3 [internal function]: CodeIgniter\Autoloader\Autoloader->loadClass('App\\Controllers\\AdmPost')
 4 SYSTEMPATH\CodeIgniter.php(892): class_exists('\\App\\Controllers\\AdmPost', true)
 5 SYSTEMPATH\CodeIgniter.php(486): CodeIgniter\CodeIgniter->startController()
 6 SYSTEMPATH\CodeIgniter.php(368): CodeIgniter\CodeIgniter->handleRequest(null, Object(Config\Cache), false)
 7 FCPATH\index.php(67): CodeIgniter\CodeIgniter->run()
CRITICAL - 2023-07-14 20:10:36 --> syntax error, unexpected token "}"
in APPPATH\Controllers\AdmPost.php on line 16.
 1 SYSTEMPATH\Autoloader\Autoloader.php(289): CodeIgniter\Autoloader\Autoloader->includeFile('C:\\xampp\\htdocs\\codi\\app\\Controllers\\AdmPost.php')
 2 SYSTEMPATH\Autoloader\Autoloader.php(267): CodeIgniter\Autoloader\Autoloader->loadInNamespace('App\\Controllers\\AdmPost')
 3 [internal function]: CodeIgniter\Autoloader\Autoloader->loadClass('App\\Controllers\\AdmPost')
 4 SYSTEMPATH\CodeIgniter.php(892): class_exists('\\App\\Controllers\\AdmPost', true)
 5 SYSTEMPATH\CodeIgniter.php(486): CodeIgniter\CodeIgniter->startController()
 6 SYSTEMPATH\CodeIgniter.php(368): CodeIgniter\CodeIgniter->handleRequest(null, Object(Config\Cache), false)
 7 FCPATH\index.php(67): CodeIgniter\CodeIgniter->run()
CRITICAL - 2023-07-14 20:10:37 --> syntax error, unexpected token "}"
in APPPATH\Controllers\AdmPost.php on line 16.
 1 SYSTEMPATH\Autoloader\Autoloader.php(289): CodeIgniter\Autoloader\Autoloader->includeFile('C:\\xampp\\htdocs\\codi\\app\\Controllers\\AdmPost.php')
 2 SYSTEMPATH\Autoloader\Autoloader.php(267): CodeIgniter\Autoloader\Autoloader->loadInNamespace('App\\Controllers\\AdmPost')
 3 [internal function]: CodeIgniter\Autoloader\Autoloader->loadClass('App\\Controllers\\AdmPost')
 4 SYSTEMPATH\CodeIgniter.php(892): class_exists('\\App\\Controllers\\AdmPost', true)
 5 SYSTEMPATH\CodeIgniter.php(486): CodeIgniter\CodeIgniter->startController()
 6 SYSTEMPATH\CodeIgniter.php(368): CodeIgniter\CodeIgniter->handleRequest(null, Object(Config\Cache), false)
 7 FCPATH\index.php(67): CodeIgniter\CodeIgniter->run()
CRITICAL - 2023-07-14 20:10:38 --> syntax error, unexpected token "}"
in APPPATH\Controllers\AdmPost.php on line 16.
 1 SYSTEMPATH\Autoloader\Autoloader.php(289): CodeIgniter\Autoloader\Autoloader->includeFile('C:\\xampp\\htdocs\\codi\\app\\Controllers\\AdmPost.php')
 2 SYSTEMPATH\Autoloader\Autoloader.php(267): CodeIgniter\Autoloader\Autoloader->loadInNamespace('App\\Controllers\\AdmPost')
 3 [internal function]: CodeIgniter\Autoloader\Autoloader->loadClass('App\\Controllers\\AdmPost')
 4 SYSTEMPATH\CodeIgniter.php(892): class_exists('\\App\\Controllers\\AdmPost', true)
 5 SYSTEMPATH\CodeIgniter.php(486): CodeIgniter\CodeIgniter->startController()
 6 SYSTEMPATH\CodeIgniter.php(368): CodeIgniter\CodeIgniter->handleRequest(null, Object(Config\Cache), false)
 7 FCPATH\index.php(67): CodeIgniter\CodeIgniter->run()
CRITICAL - 2023-07-14 20:10:39 --> syntax error, unexpected token "}"
in APPPATH\Controllers\AdmPost.php on line 16.
 1 SYSTEMPATH\Autoloader\Autoloader.php(289): CodeIgniter\Autoloader\Autoloader->includeFile('C:\\xampp\\htdocs\\codi\\app\\Controllers\\AdmPost.php')
 2 SYSTEMPATH\Autoloader\Autoloader.php(267): CodeIgniter\Autoloader\Autoloader->loadInNamespace('App\\Controllers\\AdmPost')
 3 [internal function]: CodeIgniter\Autoloader\Autoloader->loadClass('App\\Controllers\\AdmPost')
 4 SYSTEMPATH\CodeIgniter.php(892): class_exists('\\App\\Controllers\\AdmPost', true)
 5 SYSTEMPATH\CodeIgniter.php(486): CodeIgniter\CodeIgniter->startController()
 6 SYSTEMPATH\CodeIgniter.php(368): CodeIgniter\CodeIgniter->handleRequest(null, Object(Config\Cache), false)
 7 FCPATH\index.php(67): CodeIgniter\CodeIgniter->run()
CRITICAL - 2023-07-14 20:10:40 --> syntax error, unexpected token "}"
in APPPATH\Controllers\AdmPost.php on line 16.
 1 SYSTEMPATH\Autoloader\Autoloader.php(289): CodeIgniter\Autoloader\Autoloader->includeFile('C:\\xampp\\htdocs\\codi\\app\\Controllers\\AdmPost.php')
 2 SYSTEMPATH\Autoloader\Autoloader.php(267): CodeIgniter\Autoloader\Autoloader->loadInNamespace('App\\Controllers\\AdmPost')
 3 [internal function]: CodeIgniter\Autoloader\Autoloader->loadClass('App\\Controllers\\AdmPost')
 4 SYSTEMPATH\CodeIgniter.php(892): class_exists('\\App\\Controllers\\AdmPost', true)
 5 SYSTEMPATH\CodeIgniter.php(486): CodeIgniter\CodeIgniter->startController()
 6 SYSTEMPATH\CodeIgniter.php(368): CodeIgniter\CodeIgniter->handleRequest(null, Object(Config\Cache), false)
 7 FCPATH\index.php(67): CodeIgniter\CodeIgniter->run()
CRITICAL - 2023-07-14 20:10:42 --> Undefined variable $lista
in APPPATH\Controllers\AdmPost.php on line 15.
 1 APPPATH\Controllers\AdmPost.php(15): CodeIgniter\Debug\Exceptions->errorHandler(2, 'Undefined variable $lista', 'C:\\xampp\\htdocs\\codi\\app\\Controllers\\AdmPost.php', 15)
 2 SYSTEMPATH\CodeIgniter.php(934): App\Controllers\AdmPost->lista_corte()
 3 SYSTEMPATH\CodeIgniter.php(499): CodeIgniter\CodeIgniter->runController(Object(App\Controllers\AdmPost))
 4 SYSTEMPATH\CodeIgniter.php(368): CodeIgniter\CodeIgniter->handleRequest(null, Object(Config\Cache), false)
 5 FCPATH\index.php(67): CodeIgniter\CodeIgniter->run()
CRITICAL - 2023-07-14 20:10:43 --> Undefined variable $lista
in APPPATH\Controllers\AdmPost.php on line 15.
 1 APPPATH\Controllers\AdmPost.php(15): CodeIgniter\Debug\Exceptions->errorHandler(2, 'Undefined variable $lista', 'C:\\xampp\\htdocs\\codi\\app\\Controllers\\AdmPost.php', 15)
 2 SYSTEMPATH\CodeIgniter.php(934): App\Controllers\AdmPost->lista_corte()
 3 SYSTEMPATH\CodeIgniter.php(499): CodeIgniter\CodeIgniter->runController(Object(App\Controllers\AdmPost))
 4 SYSTEMPATH\CodeIgniter.php(368): CodeIgniter\CodeIgniter->handleRequest(null, Object(Config\Cache), false)
 5 FCPATH\index.php(67): CodeIgniter\CodeIgniter->run()
CRITICAL - 2023-07-14 20:10:44 --> Undefined variable $lista
in APPPATH\Controllers\AdmPost.php on line 15.
 1 APPPATH\Controllers\AdmPost.php(15): CodeIgniter\Debug\Exceptions->errorHandler(2, 'Undefined variable $lista', 'C:\\xampp\\htdocs\\codi\\app\\Controllers\\AdmPost.php', 15)
 2 SYSTEMPATH\CodeIgniter.php(934): App\Controllers\AdmPost->lista_corte()
 3 SYSTEMPATH\CodeIgniter.php(499): CodeIgniter\CodeIgniter->runController(Object(App\Controllers\AdmPost))
 4 SYSTEMPATH\CodeIgniter.php(368): CodeIgniter\CodeIgniter->handleRequest(null, Object(Config\Cache), false)
 5 FCPATH\index.php(67): CodeIgniter\CodeIgniter->run()
CRITICAL - 2023-07-14 20:10:44 --> Undefined variable $lista
in APPPATH\Controllers\AdmPost.php on line 15.
 1 APPPATH\Controllers\AdmPost.php(15): CodeIgniter\Debug\Exceptions->errorHandler(2, 'Undefined variable $lista', 'C:\\xampp\\htdocs\\codi\\app\\Controllers\\AdmPost.php', 15)
 2 SYSTEMPATH\CodeIgniter.php(934): App\Controllers\AdmPost->lista_corte()
 3 SYSTEMPATH\CodeIgniter.php(499): CodeIgniter\CodeIgniter->runController(Object(App\Controllers\AdmPost))
 4 SYSTEMPATH\CodeIgniter.php(368): CodeIgniter\CodeIgniter->handleRequest(null, Object(Config\Cache), false)
 5 FCPATH\index.php(67): CodeIgniter\CodeIgniter->run()
CRITICAL - 2023-07-14 20:10:46 --> Undefined variable $lista
in APPPATH\Controllers\AdmPost.php on line 16.
 1 APPPATH\Controllers\AdmPost.php(16): CodeIgniter\Debug\Exceptions->errorHandler(2, 'Undefined variable $lista', 'C:\\xampp\\htdocs\\codi\\app\\Controllers\\AdmPost.php', 16)
 2 SYSTEMPATH\CodeIgniter.php(934): App\Controllers\AdmPost->lista_corte()
 3 SYSTEMPATH\CodeIgniter.php(499): CodeIgniter\CodeIgniter->runController(Object(App\Controllers\AdmPost))
 4 SYSTEMPATH\CodeIgniter.php(368): CodeIgniter\CodeIgniter->handleRequest(null, Object(Config\Cache), false)
 5 FCPATH\index.php(67): CodeIgniter\CodeIgniter->run()
CRITICAL - 2023-07-14 20:10:47 --> Undefined variable $lista
in APPPATH\Controllers\AdmPost.php on line 16.
 1 APPPATH\Controllers\AdmPost.php(16): CodeIgniter\Debug\Exceptions->errorHandler(2, 'Undefined variable $lista', 'C:\\xampp\\htdocs\\codi\\app\\Controllers\\AdmPost.php', 16)
 2 SYSTEMPATH\CodeIgniter.php(934): App\Controllers\AdmPost->lista_corte()
 3 SYSTEMPATH\CodeIgniter.php(499): CodeIgniter\CodeIgniter->runController(Object(App\Controllers\AdmPost))
 4 SYSTEMPATH\CodeIgniter.php(368): CodeIgniter\CodeIgniter->handleRequest(null, Object(Config\Cache), false)
 5 FCPATH\index.php(67): CodeIgniter\CodeIgniter->run()
CRITICAL - 2023-07-14 20:10:48 --> Undefined variable $lista
in APPPATH\Controllers\AdmPost.php on line 16.
 1 APPPATH\Controllers\AdmPost.php(16): CodeIgniter\Debug\Exceptions->errorHandler(2, 'Undefined variable $lista', 'C:\\xampp\\htdocs\\codi\\app\\Controllers\\AdmPost.php', 16)
 2 SYSTEMPATH\CodeIgniter.php(934): App\Controllers\AdmPost->lista_corte()
 3 SYSTEMPATH\CodeIgniter.php(499): CodeIgniter\CodeIgniter->runController(Object(App\Controllers\AdmPost))
 4 SYSTEMPATH\CodeIgniter.php(368): CodeIgniter\CodeIgniter->handleRequest(null, Object(Config\Cache), false)
 5 FCPATH\index.php(67): CodeIgniter\CodeIgniter->run()
CRITICAL - 2023-07-14 20:10:48 --> Undefined variable $lista
in APPPATH\Controllers\AdmPost.php on line 16.
 1 APPPATH\Controllers\AdmPost.php(16): CodeIgniter\Debug\Exceptions->errorHandler(2, 'Undefined variable $lista', 'C:\\xampp\\htdocs\\codi\\app\\Controllers\\AdmPost.php', 16)
 2 SYSTEMPATH\CodeIgniter.php(934): App\Controllers\AdmPost->lista_corte()
 3 SYSTEMPATH\CodeIgniter.php(499): CodeIgniter\CodeIgniter->runController(Object(App\Controllers\AdmPost))
 4 SYSTEMPATH\CodeIgniter.php(368): CodeIgniter\CodeIgniter->handleRequest(null, Object(Config\Cache), false)
 5 FCPATH\index.php(67): CodeIgniter\CodeIgniter->run()
CRITICAL - 2023-07-14 20:10:49 --> Undefined variable $lista
in APPPATH\Controllers\AdmPost.php on line 16.
 1 APPPATH\Controllers\AdmPost.php(16): CodeIgniter\Debug\Exceptions->errorHandler(2, 'Undefined variable $lista', 'C:\\xampp\\htdocs\\codi\\app\\Controllers\\AdmPost.php', 16)
 2 SYSTEMPATH\CodeIgniter.php(934): App\Controllers\AdmPost->lista_corte()
 3 SYSTEMPATH\CodeIgniter.php(499): CodeIgniter\CodeIgniter->runController(Object(App\Controllers\AdmPost))
 4 SYSTEMPATH\CodeIgniter.php(368): CodeIgniter\CodeIgniter->handleRequest(null, Object(Config\Cache), false)
 5 FCPATH\index.php(67): CodeIgniter\CodeIgniter->run()
CRITICAL - 2023-07-14 20:10:50 --> Undefined variable $lista
in APPPATH\Controllers\AdmPost.php on line 16.
 1 APPPATH\Controllers\AdmPost.php(16): CodeIgniter\Debug\Exceptions->errorHandler(2, 'Undefined variable $lista', 'C:\\xampp\\htdocs\\codi\\app\\Controllers\\AdmPost.php', 16)
 2 SYSTEMPATH\CodeIgniter.php(934): App\Controllers\AdmPost->lista_corte()
 3 SYSTEMPATH\CodeIgniter.php(499): CodeIgniter\CodeIgniter->runController(Object(App\Controllers\AdmPost))
 4 SYSTEMPATH\CodeIgniter.php(368): CodeIgniter\CodeIgniter->handleRequest(null, Object(Config\Cache), false)
 5 FCPATH\index.php(67): CodeIgniter\CodeIgniter->run()
CRITICAL - 2023-07-14 20:10:51 --> Undefined variable $lista
in APPPATH\Controllers\AdmPost.php on line 16.
 1 APPPATH\Controllers\AdmPost.php(16): CodeIgniter\Debug\Exceptions->errorHandler(2, 'Undefined variable $lista', 'C:\\xampp\\htdocs\\codi\\app\\Controllers\\AdmPost.php', 16)
 2 SYSTEMPATH\CodeIgniter.php(934): App\Controllers\AdmPost->lista_corte()
 3 SYSTEMPATH\CodeIgniter.php(499): CodeIgniter\CodeIgniter->runController(Object(App\Controllers\AdmPost))
 4 SYSTEMPATH\CodeIgniter.php(368): CodeIgniter\CodeIgniter->handleRequest(null, Object(Config\Cache), false)
 5 FCPATH\index.php(67): CodeIgniter\CodeIgniter->run()
CRITICAL - 2023-07-14 20:10:53 --> Undefined variable $lista
in APPPATH\Controllers\AdmPost.php on line 16.
 1 APPPATH\Controllers\AdmPost.php(16): CodeIgniter\Debug\Exceptions->errorHandler(2, 'Undefined variable $lista', 'C:\\xampp\\htdocs\\codi\\app\\Controllers\\AdmPost.php', 16)
 2 SYSTEMPATH\CodeIgniter.php(934): App\Controllers\AdmPost->lista_corte()
 3 SYSTEMPATH\CodeIgniter.php(499): CodeIgniter\CodeIgniter->runController(Object(App\Controllers\AdmPost))
 4 SYSTEMPATH\CodeIgniter.php(368): CodeIgniter\CodeIgniter->handleRequest(null, Object(Config\Cache), false)
 5 FCPATH\index.php(67): CodeIgniter\CodeIgniter->run()
CRITICAL - 2023-07-14 20:10:54 --> Undefined variable $lista
in APPPATH\Controllers\AdmPost.php on line 16.
 1 APPPATH\Controllers\AdmPost.php(16): CodeIgniter\Debug\Exceptions->errorHandler(2, 'Undefined variable $lista', 'C:\\xampp\\htdocs\\codi\\app\\Controllers\\AdmPost.php', 16)
 2 SYSTEMPATH\CodeIgniter.php(934): App\Controllers\AdmPost->lista_corte()
 3 SYSTEMPATH\CodeIgniter.php(499): CodeIgniter\CodeIgniter->runController(Object(App\Controllers\AdmPost))
 4 SYSTEMPATH\CodeIgniter.php(368): CodeIgniter\CodeIgniter->handleRequest(null, Object(Config\Cache), false)
 5 FCPATH\index.php(67): CodeIgniter\CodeIgniter->run()
CRITICAL - 2023-07-14 20:10:55 --> Undefined variable $lista
in APPPATH\Controllers\AdmPost.php on line 16.
 1 APPPATH\Controllers\AdmPost.php(16): CodeIgniter\Debug\Exceptions->errorHandler(2, 'Undefined variable $lista', 'C:\\xampp\\htdocs\\codi\\app\\Controllers\\AdmPost.php', 16)
 2 SYSTEMPATH\CodeIgniter.php(934): App\Controllers\AdmPost->lista_corte()
 3 SYSTEMPATH\CodeIgniter.php(499): CodeIgniter\CodeIgniter->runController(Object(App\Controllers\AdmPost))
 4 SYSTEMPATH\CodeIgniter.php(368): CodeIgniter\CodeIgniter->handleRequest(null, Object(Config\Cache), false)
 5 FCPATH\index.php(67): CodeIgniter\CodeIgniter->run()
CRITICAL - 2023-07-14 20:10:55 --> Undefined variable $lista
in APPPATH\Controllers\AdmPost.php on line 16.
 1 APPPATH\Controllers\AdmPost.php(16): CodeIgniter\Debug\Exceptions->errorHandler(2, 'Undefined variable $lista', 'C:\\xampp\\htdocs\\codi\\app\\Controllers\\AdmPost.php', 16)
 2 SYSTEMPATH\CodeIgniter.php(934): App\Controllers\AdmPost->lista_corte()
 3 SYSTEMPATH\CodeIgniter.php(499): CodeIgniter\CodeIgniter->runController(Object(App\Controllers\AdmPost))
 4 SYSTEMPATH\CodeIgniter.php(368): CodeIgniter\CodeIgniter->handleRequest(null, Object(Config\Cache), false)
 5 FCPATH\index.php(67): CodeIgniter\CodeIgniter->run()
CRITICAL - 2023-07-14 20:10:56 --> Undefined variable $lista
in APPPATH\Controllers\AdmPost.php on line 16.
 1 APPPATH\Controllers\AdmPost.php(16): CodeIgniter\Debug\Exceptions->errorHandler(2, 'Undefined variable $lista', 'C:\\xampp\\htdocs\\codi\\app\\Controllers\\AdmPost.php', 16)
 2 SYSTEMPATH\CodeIgniter.php(934): App\Controllers\AdmPost->lista_corte()
 3 SYSTEMPATH\CodeIgniter.php(499): CodeIgniter\CodeIgniter->runController(Object(App\Controllers\AdmPost))
 4 SYSTEMPATH\CodeIgniter.php(368): CodeIgniter\CodeIgniter->handleRequest(null, Object(Config\Cache), false)
 5 FCPATH\index.php(67): CodeIgniter\CodeIgniter->run()
CRITICAL - 2023-07-14 20:10:58 --> Undefined variable $lista
in APPPATH\Controllers\AdmPost.php on line 16.
 1 APPPATH\Controllers\AdmPost.php(16): CodeIgniter\Debug\Exceptions->errorHandler(2, 'Undefined variable $lista', 'C:\\xampp\\htdocs\\codi\\app\\Controllers\\AdmPost.php', 16)
 2 SYSTEMPATH\CodeIgniter.php(934): App\Controllers\AdmPost->lista_corte()
 3 SYSTEMPATH\CodeIgniter.php(499): CodeIgniter\CodeIgniter->runController(Object(App\Controllers\AdmPost))
 4 SYSTEMPATH\CodeIgniter.php(368): CodeIgniter\CodeIgniter->handleRequest(null, Object(Config\Cache), false)
 5 FCPATH\index.php(67): CodeIgniter\CodeIgniter->run()
CRITICAL - 2023-07-14 20:10:58 --> Undefined variable $lista
in APPPATH\Controllers\AdmPost.php on line 16.
 1 APPPATH\Controllers\AdmPost.php(16): CodeIgniter\Debug\Exceptions->errorHandler(2, 'Undefined variable $lista', 'C:\\xampp\\htdocs\\codi\\app\\Controllers\\AdmPost.php', 16)
 2 SYSTEMPATH\CodeIgniter.php(934): App\Controllers\AdmPost->lista_corte()
 3 SYSTEMPATH\CodeIgniter.php(499): CodeIgniter\CodeIgniter->runController(Object(App\Controllers\AdmPost))
 4 SYSTEMPATH\CodeIgniter.php(368): CodeIgniter\CodeIgniter->handleRequest(null, Object(Config\Cache), false)
 5 FCPATH\index.php(67): CodeIgniter\CodeIgniter->run()
CRITICAL - 2023-07-14 20:10:59 --> Undefined variable $lista
in APPPATH\Controllers\AdmPost.php on line 16.
 1 APPPATH\Controllers\AdmPost.php(16): CodeIgniter\Debug\Exceptions->errorHandler(2, 'Undefined variable $lista', 'C:\\xampp\\htdocs\\codi\\app\\Controllers\\AdmPost.php', 16)
 2 SYSTEMPATH\CodeIgniter.php(934): App\Controllers\AdmPost->lista_corte()
 3 SYSTEMPATH\CodeIgniter.php(499): CodeIgniter\CodeIgniter->runController(Object(App\Controllers\AdmPost))
 4 SYSTEMPATH\CodeIgniter.php(368): CodeIgniter\CodeIgniter->handleRequest(null, Object(Config\Cache), false)
 5 FCPATH\index.php(67): CodeIgniter\CodeIgniter->run()
CRITICAL - 2023-07-14 20:11:00 --> Undefined variable $lista
in APPPATH\Controllers\AdmPost.php on line 16.
 1 APPPATH\Controllers\AdmPost.php(16): CodeIgniter\Debug\Exceptions->errorHandler(2, 'Undefined variable $lista', 'C:\\xampp\\htdocs\\codi\\app\\Controllers\\AdmPost.php', 16)
 2 SYSTEMPATH\CodeIgniter.php(934): App\Controllers\AdmPost->lista_corte()
 3 SYSTEMPATH\CodeIgniter.php(499): CodeIgniter\CodeIgniter->runController(Object(App\Controllers\AdmPost))
 4 SYSTEMPATH\CodeIgniter.php(368): CodeIgniter\CodeIgniter->handleRequest(null, Object(Config\Cache), false)
 5 FCPATH\index.php(67): CodeIgniter\CodeIgniter->run()
CRITICAL - 2023-07-14 20:11:02 --> Undefined variable $lista
in APPPATH\Controllers\AdmPost.php on line 16.
 1 APPPATH\Controllers\AdmPost.php(16): CodeIgniter\Debug\Exceptions->errorHandler(2, 'Undefined variable $lista', 'C:\\xampp\\htdocs\\codi\\app\\Controllers\\AdmPost.php', 16)
 2 SYSTEMPATH\CodeIgniter.php(934): App\Controllers\AdmPost->lista_corte()
 3 SYSTEMPATH\CodeIgniter.php(499): CodeIgniter\CodeIgniter->runController(Object(App\Controllers\AdmPost))
 4 SYSTEMPATH\CodeIgniter.php(368): CodeIgniter\CodeIgniter->handleRequest(null, Object(Config\Cache), false)
 5 FCPATH\index.php(67): CodeIgniter\CodeIgniter->run()
CRITICAL - 2023-07-14 20:11:03 --> Undefined variable $lista
in APPPATH\Controllers\AdmPost.php on line 16.
 1 APPPATH\Controllers\AdmPost.php(16): CodeIgniter\Debug\Exceptions->errorHandler(2, 'Undefined variable $lista', 'C:\\xampp\\htdocs\\codi\\app\\Controllers\\AdmPost.php', 16)
 2 SYSTEMPATH\CodeIgniter.php(934): App\Controllers\AdmPost->lista_corte()
 3 SYSTEMPATH\CodeIgniter.php(499): CodeIgniter\CodeIgniter->runController(Object(App\Controllers\AdmPost))
 4 SYSTEMPATH\CodeIgniter.php(368): CodeIgniter\CodeIgniter->handleRequest(null, Object(Config\Cache), false)
 5 FCPATH\index.php(67): CodeIgniter\CodeIgniter->run()
CRITICAL - 2023-07-14 20:11:04 --> Undefined variable $lista
in APPPATH\Controllers\AdmPost.php on line 16.
 1 APPPATH\Controllers\AdmPost.php(16): CodeIgniter\Debug\Exceptions->errorHandler(2, 'Undefined variable $lista', 'C:\\xampp\\htdocs\\codi\\app\\Controllers\\AdmPost.php', 16)
 2 SYSTEMPATH\CodeIgniter.php(934): App\Controllers\AdmPost->lista_corte()
 3 SYSTEMPATH\CodeIgniter.php(499): CodeIgniter\CodeIgniter->runController(Object(App\Controllers\AdmPost))
 4 SYSTEMPATH\CodeIgniter.php(368): CodeIgniter\CodeIgniter->handleRequest(null, Object(Config\Cache), false)
 5 FCPATH\index.php(67): CodeIgniter\CodeIgniter->run()
CRITICAL - 2023-07-14 20:11:05 --> Undefined variable $lista
in APPPATH\Controllers\AdmPost.php on line 16.
 1 APPPATH\Controllers\AdmPost.php(16): CodeIgniter\Debug\Exceptions->errorHandler(2, 'Undefined variable $lista', 'C:\\xampp\\htdocs\\codi\\app\\Controllers\\AdmPost.php', 16)
 2 SYSTEMPATH\CodeIgniter.php(934): App\Controllers\AdmPost->lista_corte()
 3 SYSTEMPATH\CodeIgniter.php(499): CodeIgniter\CodeIgniter->runController(Object(App\Controllers\AdmPost))
 4 SYSTEMPATH\CodeIgniter.php(368): CodeIgniter\CodeIgniter->handleRequest(null, Object(Config\Cache), false)
 5 FCPATH\index.php(67): CodeIgniter\CodeIgniter->run()
CRITICAL - 2023-07-14 20:11:06 --> Undefined variable $lista
in APPPATH\Controllers\AdmPost.php on line 16.
 1 APPPATH\Controllers\AdmPost.php(16): CodeIgniter\Debug\Exceptions->errorHandler(2, 'Undefined variable $lista', 'C:\\xampp\\htdocs\\codi\\app\\Controllers\\AdmPost.php', 16)
 2 SYSTEMPATH\CodeIgniter.php(934): App\Controllers\AdmPost->lista_corte()
 3 SYSTEMPATH\CodeIgniter.php(499): CodeIgniter\CodeIgniter->runController(Object(App\Controllers\AdmPost))
 4 SYSTEMPATH\CodeIgniter.php(368): CodeIgniter\CodeIgniter->handleRequest(null, Object(Config\Cache), false)
 5 FCPATH\index.php(67): CodeIgniter\CodeIgniter->run()
CRITICAL - 2023-07-14 20:11:07 --> Undefined variable $lista
in APPPATH\Controllers\AdmPost.php on line 16.
 1 APPPATH\Controllers\AdmPost.php(16): CodeIgniter\Debug\Exceptions->errorHandler(2, 'Undefined variable $lista', 'C:\\xampp\\htdocs\\codi\\app\\Controllers\\AdmPost.php', 16)
 2 SYSTEMPATH\CodeIgniter.php(934): App\Controllers\AdmPost->lista_corte()
 3 SYSTEMPATH\CodeIgniter.php(499): CodeIgniter\CodeIgniter->runController(Object(App\Controllers\AdmPost))
 4 SYSTEMPATH\CodeIgniter.php(368): CodeIgniter\CodeIgniter->handleRequest(null, Object(Config\Cache), false)
 5 FCPATH\index.php(67): CodeIgniter\CodeIgniter->run()
CRITICAL - 2023-07-14 20:11:07 --> Undefined variable $lista
in APPPATH\Controllers\AdmPost.php on line 16.
 1 APPPATH\Controllers\AdmPost.php(16): CodeIgniter\Debug\Exceptions->errorHandler(2, 'Undefined variable $lista', 'C:\\xampp\\htdocs\\codi\\app\\Controllers\\AdmPost.php', 16)
 2 SYSTEMPATH\CodeIgniter.php(934): App\Controllers\AdmPost->lista_corte()
 3 SYSTEMPATH\CodeIgniter.php(499): CodeIgniter\CodeIgniter->runController(Object(App\Controllers\AdmPost))
 4 SYSTEMPATH\CodeIgniter.php(368): CodeIgniter\CodeIgniter->handleRequest(null, Object(Config\Cache), false)
 5 FCPATH\index.php(67): CodeIgniter\CodeIgniter->run()
CRITICAL - 2023-07-14 20:11:08 --> Undefined variable $lista
in APPPATH\Controllers\AdmPost.php on line 16.
 1 APPPATH\Controllers\AdmPost.php(16): CodeIgniter\Debug\Exceptions->errorHandler(2, 'Undefined variable $lista', 'C:\\xampp\\htdocs\\codi\\app\\Controllers\\AdmPost.php', 16)
 2 SYSTEMPATH\CodeIgniter.php(934): App\Controllers\AdmPost->lista_corte()
 3 SYSTEMPATH\CodeIgniter.php(499): CodeIgniter\CodeIgniter->runController(Object(App\Controllers\AdmPost))
 4 SYSTEMPATH\CodeIgniter.php(368): CodeIgniter\CodeIgniter->handleRequest(null, Object(Config\Cache), false)
 5 FCPATH\index.php(67): CodeIgniter\CodeIgniter->run()
CRITICAL - 2023-07-14 20:11:10 --> Undefined variable $lista
in APPPATH\Controllers\AdmPost.php on line 16.
 1 APPPATH\Controllers\AdmPost.php(16): CodeIgniter\Debug\Exceptions->errorHandler(2, 'Undefined variable $lista', 'C:\\xampp\\htdocs\\codi\\app\\Controllers\\AdmPost.php', 16)
 2 SYSTEMPATH\CodeIgniter.php(934): App\Controllers\AdmPost->lista_corte()
 3 SYSTEMPATH\CodeIgniter.php(499): CodeIgniter\CodeIgniter->runController(Object(App\Controllers\AdmPost))
 4 SYSTEMPATH\CodeIgniter.php(368): CodeIgniter\CodeIgniter->handleRequest(null, Object(Config\Cache), false)
 5 FCPATH\index.php(67): CodeIgniter\CodeIgniter->run()
CRITICAL - 2023-07-14 20:11:10 --> Undefined variable $lista
in APPPATH\Controllers\AdmPost.php on line 16.
 1 APPPATH\Controllers\AdmPost.php(16): CodeIgniter\Debug\Exceptions->errorHandler(2, 'Undefined variable $lista', 'C:\\xampp\\htdocs\\codi\\app\\Controllers\\AdmPost.php', 16)
 2 SYSTEMPATH\CodeIgniter.php(934): App\Controllers\AdmPost->lista_corte()
 3 SYSTEMPATH\CodeIgniter.php(499): CodeIgniter\CodeIgniter->runController(Object(App\Controllers\AdmPost))
 4 SYSTEMPATH\CodeIgniter.php(368): CodeIgniter\CodeIgniter->handleRequest(null, Object(Config\Cache), false)
 5 FCPATH\index.php(67): CodeIgniter\CodeIgniter->run()
CRITICAL - 2023-07-14 20:11:11 --> Undefined variable $lista
in APPPATH\Controllers\AdmPost.php on line 16.
 1 APPPATH\Controllers\AdmPost.php(16): CodeIgniter\Debug\Exceptions->errorHandler(2, 'Undefined variable $lista', 'C:\\xampp\\htdocs\\codi\\app\\Controllers\\AdmPost.php', 16)
 2 SYSTEMPATH\CodeIgniter.php(934): App\Controllers\AdmPost->lista_corte()
 3 SYSTEMPATH\CodeIgniter.php(499): CodeIgniter\CodeIgniter->runController(Object(App\Controllers\AdmPost))
 4 SYSTEMPATH\CodeIgniter.php(368): CodeIgniter\CodeIgniter->handleRequest(null, Object(Config\Cache), false)
 5 FCPATH\index.php(67): CodeIgniter\CodeIgniter->run()
CRITICAL - 2023-07-14 20:11:13 --> Undefined variable $lista
in APPPATH\Controllers\AdmPost.php on line 16.
 1 APPPATH\Controllers\AdmPost.php(16): CodeIgniter\Debug\Exceptions->errorHandler(2, 'Undefined variable $lista', 'C:\\xampp\\htdocs\\codi\\app\\Controllers\\AdmPost.php', 16)
 2 SYSTEMPATH\CodeIgniter.php(934): App\Controllers\AdmPost->lista_corte()
 3 SYSTEMPATH\CodeIgniter.php(499): CodeIgniter\CodeIgniter->runController(Object(App\Controllers\AdmPost))
 4 SYSTEMPATH\CodeIgniter.php(368): CodeIgniter\CodeIgniter->handleRequest(null, Object(Config\Cache), false)
 5 FCPATH\index.php(67): CodeIgniter\CodeIgniter->run()
CRITICAL - 2023-07-14 20:11:14 --> Undefined variable $lista
in APPPATH\Controllers\AdmPost.php on line 16.
 1 APPPATH\Controllers\AdmPost.php(16): CodeIgniter\Debug\Exceptions->errorHandler(2, 'Undefined variable $lista', 'C:\\xampp\\htdocs\\codi\\app\\Controllers\\AdmPost.php', 16)
 2 SYSTEMPATH\CodeIgniter.php(934): App\Controllers\AdmPost->lista_corte()
 3 SYSTEMPATH\CodeIgniter.php(499): CodeIgniter\CodeIgniter->runController(Object(App\Controllers\AdmPost))
 4 SYSTEMPATH\CodeIgniter.php(368): CodeIgniter\CodeIgniter->handleRequest(null, Object(Config\Cache), false)
 5 FCPATH\index.php(67): CodeIgniter\CodeIgniter->run()
CRITICAL - 2023-07-14 20:11:15 --> Undefined variable $lista
in APPPATH\Controllers\AdmPost.php on line 16.
 1 APPPATH\Controllers\AdmPost.php(16): CodeIgniter\Debug\Exceptions->errorHandler(2, 'Undefined variable $lista', 'C:\\xampp\\htdocs\\codi\\app\\Controllers\\AdmPost.php', 16)
 2 SYSTEMPATH\CodeIgniter.php(934): App\Controllers\AdmPost->lista_corte()
 3 SYSTEMPATH\CodeIgniter.php(499): CodeIgniter\CodeIgniter->runController(Object(App\Controllers\AdmPost))
 4 SYSTEMPATH\CodeIgniter.php(368): CodeIgniter\CodeIgniter->handleRequest(null, Object(Config\Cache), false)
 5 FCPATH\index.php(67): CodeIgniter\CodeIgniter->run()
CRITICAL - 2023-07-14 20:11:16 --> Undefined variable $lista
in APPPATH\Controllers\AdmPost.php on line 16.
 1 APPPATH\Controllers\AdmPost.php(16): CodeIgniter\Debug\Exceptions->errorHandler(2, 'Undefined variable $lista', 'C:\\xampp\\htdocs\\codi\\app\\Controllers\\AdmPost.php', 16)
 2 SYSTEMPATH\CodeIgniter.php(934): App\Controllers\AdmPost->lista_corte()
 3 SYSTEMPATH\CodeIgniter.php(499): CodeIgniter\CodeIgniter->runController(Object(App\Controllers\AdmPost))
 4 SYSTEMPATH\CodeIgniter.php(368): CodeIgniter\CodeIgniter->handleRequest(null, Object(Config\Cache), false)
 5 FCPATH\index.php(67): CodeIgniter\CodeIgniter->run()
CRITICAL - 2023-07-14 20:11:16 --> Undefined variable $lista
in APPPATH\Controllers\AdmPost.php on line 16.
 1 APPPATH\Controllers\AdmPost.php(16): CodeIgniter\Debug\Exceptions->errorHandler(2, 'Undefined variable $lista', 'C:\\xampp\\htdocs\\codi\\app\\Controllers\\AdmPost.php', 16)
 2 SYSTEMPATH\CodeIgniter.php(934): App\Controllers\AdmPost->lista_corte()
 3 SYSTEMPATH\CodeIgniter.php(499): CodeIgniter\CodeIgniter->runController(Object(App\Controllers\AdmPost))
 4 SYSTEMPATH\CodeIgniter.php(368): CodeIgniter\CodeIgniter->handleRequest(null, Object(Config\Cache), false)
 5 FCPATH\index.php(67): CodeIgniter\CodeIgniter->run()
CRITICAL - 2023-07-14 20:11:18 --> Undefined variable $lista
in APPPATH\Controllers\AdmPost.php on line 16.
 1 APPPATH\Controllers\AdmPost.php(16): CodeIgniter\Debug\Exceptions->errorHandler(2, 'Undefined variable $lista', 'C:\\xampp\\htdocs\\codi\\app\\Controllers\\AdmPost.php', 16)
 2 SYSTEMPATH\CodeIgniter.php(934): App\Controllers\AdmPost->lista_corte()
 3 SYSTEMPATH\CodeIgniter.php(499): CodeIgniter\CodeIgniter->runController(Object(App\Controllers\AdmPost))
 4 SYSTEMPATH\CodeIgniter.php(368): CodeIgniter\CodeIgniter->handleRequest(null, Object(Config\Cache), false)
 5 FCPATH\index.php(67): CodeIgniter\CodeIgniter->run()
CRITICAL - 2023-07-14 20:11:19 --> Undefined variable $lista
in APPPATH\Controllers\AdmPost.php on line 16.
 1 APPPATH\Controllers\AdmPost.php(16): CodeIgniter\Debug\Exceptions->errorHandler(2, 'Undefined variable $lista', 'C:\\xampp\\htdocs\\codi\\app\\Controllers\\AdmPost.php', 16)
 2 SYSTEMPATH\CodeIgniter.php(934): App\Controllers\AdmPost->lista_corte()
 3 SYSTEMPATH\CodeIgniter.php(499): CodeIgniter\CodeIgniter->runController(Object(App\Controllers\AdmPost))
 4 SYSTEMPATH\CodeIgniter.php(368): CodeIgniter\CodeIgniter->handleRequest(null, Object(Config\Cache), false)
 5 FCPATH\index.php(67): CodeIgniter\CodeIgniter->run()
CRITICAL - 2023-07-14 20:11:20 --> Undefined variable $lista
in APPPATH\Controllers\AdmPost.php on line 16.
 1 APPPATH\Controllers\AdmPost.php(16): CodeIgniter\Debug\Exceptions->errorHandler(2, 'Undefined variable $lista', 'C:\\xampp\\htdocs\\codi\\app\\Controllers\\AdmPost.php', 16)
 2 SYSTEMPATH\CodeIgniter.php(934): App\Controllers\AdmPost->lista_corte()
 3 SYSTEMPATH\CodeIgniter.php(499): CodeIgniter\CodeIgniter->runController(Object(App\Controllers\AdmPost))
 4 SYSTEMPATH\CodeIgniter.php(368): CodeIgniter\CodeIgniter->handleRequest(null, Object(Config\Cache), false)
 5 FCPATH\index.php(67): CodeIgniter\CodeIgniter->run()
CRITICAL - 2023-07-14 20:11:21 --> Undefined variable $lista
in APPPATH\Controllers\AdmPost.php on line 16.
 1 APPPATH\Controllers\AdmPost.php(16): CodeIgniter\Debug\Exceptions->errorHandler(2, 'Undefined variable $lista', 'C:\\xampp\\htdocs\\codi\\app\\Controllers\\AdmPost.php', 16)
 2 SYSTEMPATH\CodeIgniter.php(934): App\Controllers\AdmPost->lista_corte()
 3 SYSTEMPATH\CodeIgniter.php(499): CodeIgniter\CodeIgniter->runController(Object(App\Controllers\AdmPost))
 4 SYSTEMPATH\CodeIgniter.php(368): CodeIgniter\CodeIgniter->handleRequest(null, Object(Config\Cache), false)
 5 FCPATH\index.php(67): CodeIgniter\CodeIgniter->run()
CRITICAL - 2023-07-14 20:11:22 --> Undefined variable $lista
in APPPATH\Controllers\AdmPost.php on line 16.
 1 APPPATH\Controllers\AdmPost.php(16): CodeIgniter\Debug\Exceptions->errorHandler(2, 'Undefined variable $lista', 'C:\\xampp\\htdocs\\codi\\app\\Controllers\\AdmPost.php', 16)
 2 SYSTEMPATH\CodeIgniter.php(934): App\Controllers\AdmPost->lista_corte()
 3 SYSTEMPATH\CodeIgniter.php(499): CodeIgniter\CodeIgniter->runController(Object(App\Controllers\AdmPost))
 4 SYSTEMPATH\CodeIgniter.php(368): CodeIgniter\CodeIgniter->handleRequest(null, Object(Config\Cache), false)
 5 FCPATH\index.php(67): CodeIgniter\CodeIgniter->run()
CRITICAL - 2023-07-14 20:11:23 --> Undefined variable $lista
in APPPATH\Controllers\AdmPost.php on line 16.
 1 APPPATH\Controllers\AdmPost.php(16): CodeIgniter\Debug\Exceptions->errorHandler(2, 'Undefined variable $lista', 'C:\\xampp\\htdocs\\codi\\app\\Controllers\\AdmPost.php', 16)
 2 SYSTEMPATH\CodeIgniter.php(934): App\Controllers\AdmPost->lista_corte()
 3 SYSTEMPATH\CodeIgniter.php(499): CodeIgniter\CodeIgniter->runController(Object(App\Controllers\AdmPost))
 4 SYSTEMPATH\CodeIgniter.php(368): CodeIgniter\CodeIgniter->handleRequest(null, Object(Config\Cache), false)
 5 FCPATH\index.php(67): CodeIgniter\CodeIgniter->run()
CRITICAL - 2023-07-14 20:11:24 --> Undefined variable $lista
in APPPATH\Controllers\AdmPost.php on line 16.
 1 APPPATH\Controllers\AdmPost.php(16): CodeIgniter\Debug\Exceptions->errorHandler(2, 'Undefined variable $lista', 'C:\\xampp\\htdocs\\codi\\app\\Controllers\\AdmPost.php', 16)
 2 SYSTEMPATH\CodeIgniter.php(934): App\Controllers\AdmPost->lista_corte()
 3 SYSTEMPATH\CodeIgniter.php(499): CodeIgniter\CodeIgniter->runController(Object(App\Controllers\AdmPost))
 4 SYSTEMPATH\CodeIgniter.php(368): CodeIgniter\CodeIgniter->handleRequest(null, Object(Config\Cache), false)
 5 FCPATH\index.php(67): CodeIgniter\CodeIgniter->run()
CRITICAL - 2023-07-14 20:11:25 --> Undefined variable $lista
in APPPATH\Controllers\AdmPost.php on line 16.
 1 APPPATH\Controllers\AdmPost.php(16): CodeIgniter\Debug\Exceptions->errorHandler(2, 'Undefined variable $lista', 'C:\\xampp\\htdocs\\codi\\app\\Controllers\\AdmPost.php', 16)
 2 SYSTEMPATH\CodeIgniter.php(934): App\Controllers\AdmPost->lista_corte()
 3 SYSTEMPATH\CodeIgniter.php(499): CodeIgniter\CodeIgniter->runController(Object(App\Controllers\AdmPost))
 4 SYSTEMPATH\CodeIgniter.php(368): CodeIgniter\CodeIgniter->handleRequest(null, Object(Config\Cache), false)
 5 FCPATH\index.php(67): CodeIgniter\CodeIgniter->run()
CRITICAL - 2023-07-14 20:11:26 --> Undefined variable $lista
in APPPATH\Controllers\AdmPost.php on line 16.
 1 APPPATH\Controllers\AdmPost.php(16): CodeIgniter\Debug\Exceptions->errorHandler(2, 'Undefined variable $lista', 'C:\\xampp\\htdocs\\codi\\app\\Controllers\\AdmPost.php', 16)
 2 SYSTEMPATH\CodeIgniter.php(934): App\Controllers\AdmPost->lista_corte()
 3 SYSTEMPATH\CodeIgniter.php(499): CodeIgniter\CodeIgniter->runController(Object(App\Controllers\AdmPost))
 4 SYSTEMPATH\CodeIgniter.php(368): CodeIgniter\CodeIgniter->handleRequest(null, Object(Config\Cache), false)
 5 FCPATH\index.php(67): CodeIgniter\CodeIgniter->run()
CRITICAL - 2023-07-14 20:11:27 --> Undefined variable $lista
in APPPATH\Controllers\AdmPost.php on line 16.
 1 APPPATH\Controllers\AdmPost.php(16): CodeIgniter\Debug\Exceptions->errorHandler(2, 'Undefined variable $lista', 'C:\\xampp\\htdocs\\codi\\app\\Controllers\\AdmPost.php', 16)
 2 SYSTEMPATH\CodeIgniter.php(934): App\Controllers\AdmPost->lista_corte()
 3 SYSTEMPATH\CodeIgniter.php(499): CodeIgniter\CodeIgniter->runController(Object(App\Controllers\AdmPost))
 4 SYSTEMPATH\CodeIgniter.php(368): CodeIgniter\CodeIgniter->handleRequest(null, Object(Config\Cache), false)
 5 FCPATH\index.php(67): CodeIgniter\CodeIgniter->run()
CRITICAL - 2023-07-14 20:11:28 --> Undefined variable $lista
in APPPATH\Controllers\AdmPost.php on line 16.
 1 APPPATH\Controllers\AdmPost.php(16): CodeIgniter\Debug\Exceptions->errorHandler(2, 'Undefined variable $lista', 'C:\\xampp\\htdocs\\codi\\app\\Controllers\\AdmPost.php', 16)
 2 SYSTEMPATH\CodeIgniter.php(934): App\Controllers\AdmPost->lista_corte()
 3 SYSTEMPATH\CodeIgniter.php(499): CodeIgniter\CodeIgniter->runController(Object(App\Controllers\AdmPost))
 4 SYSTEMPATH\CodeIgniter.php(368): CodeIgniter\CodeIgniter->handleRequest(null, Object(Config\Cache), false)
 5 FCPATH\index.php(67): CodeIgniter\CodeIgniter->run()
CRITICAL - 2023-07-14 20:11:29 --> Undefined variable $lista
in APPPATH\Controllers\AdmPost.php on line 16.
 1 APPPATH\Controllers\AdmPost.php(16): CodeIgniter\Debug\Exceptions->errorHandler(2, 'Undefined variable $lista', 'C:\\xampp\\htdocs\\codi\\app\\Controllers\\AdmPost.php', 16)
 2 SYSTEMPATH\CodeIgniter.php(934): App\Controllers\AdmPost->lista_corte()
 3 SYSTEMPATH\CodeIgniter.php(499): CodeIgniter\CodeIgniter->runController(Object(App\Controllers\AdmPost))
 4 SYSTEMPATH\CodeIgniter.php(368): CodeIgniter\CodeIgniter->handleRequest(null, Object(Config\Cache), false)
 5 FCPATH\index.php(67): CodeIgniter\CodeIgniter->run()
CRITICAL - 2023-07-14 20:11:30 --> Undefined variable $lista
in APPPATH\Controllers\AdmPost.php on line 16.
 1 APPPATH\Controllers\AdmPost.php(16): CodeIgniter\Debug\Exceptions->errorHandler(2, 'Undefined variable $lista', 'C:\\xampp\\htdocs\\codi\\app\\Controllers\\AdmPost.php', 16)
 2 SYSTEMPATH\CodeIgniter.php(934): App\Controllers\AdmPost->lista_corte()
 3 SYSTEMPATH\CodeIgniter.php(499): CodeIgniter\CodeIgniter->runController(Object(App\Controllers\AdmPost))
 4 SYSTEMPATH\CodeIgniter.php(368): CodeIgniter\CodeIgniter->handleRequest(null, Object(Config\Cache), false)
 5 FCPATH\index.php(67): CodeIgniter\CodeIgniter->run()
CRITICAL - 2023-07-14 20:11:31 --> Undefined variable $lista
in APPPATH\Controllers\AdmPost.php on line 16.
 1 APPPATH\Controllers\AdmPost.php(16): CodeIgniter\Debug\Exceptions->errorHandler(2, 'Undefined variable $lista', 'C:\\xampp\\htdocs\\codi\\app\\Controllers\\AdmPost.php', 16)
 2 SYSTEMPATH\CodeIgniter.php(934): App\Controllers\AdmPost->lista_corte()
 3 SYSTEMPATH\CodeIgniter.php(499): CodeIgniter\CodeIgniter->runController(Object(App\Controllers\AdmPost))
 4 SYSTEMPATH\CodeIgniter.php(368): CodeIgniter\CodeIgniter->handleRequest(null, Object(Config\Cache), false)
 5 FCPATH\index.php(67): CodeIgniter\CodeIgniter->run()
CRITICAL - 2023-07-14 20:11:32 --> Undefined variable $lista
in APPPATH\Controllers\AdmPost.php on line 16.
 1 APPPATH\Controllers\AdmPost.php(16): CodeIgniter\Debug\Exceptions->errorHandler(2, 'Undefined variable $lista', 'C:\\xampp\\htdocs\\codi\\app\\Controllers\\AdmPost.php', 16)
 2 SYSTEMPATH\CodeIgniter.php(934): App\Controllers\AdmPost->lista_corte()
 3 SYSTEMPATH\CodeIgniter.php(499): CodeIgniter\CodeIgniter->runController(Object(App\Controllers\AdmPost))
 4 SYSTEMPATH\CodeIgniter.php(368): CodeIgniter\CodeIgniter->handleRequest(null, Object(Config\Cache), false)
 5 FCPATH\index.php(67): CodeIgniter\CodeIgniter->run()
CRITICAL - 2023-07-14 20:11:33 --> Undefined variable $lista
in APPPATH\Controllers\AdmPost.php on line 16.
 1 APPPATH\Controllers\AdmPost.php(16): CodeIgniter\Debug\Exceptions->errorHandler(2, 'Undefined variable $lista', 'C:\\xampp\\htdocs\\codi\\app\\Controllers\\AdmPost.php', 16)
 2 SYSTEMPATH\CodeIgniter.php(934): App\Controllers\AdmPost->lista_corte()
 3 SYSTEMPATH\CodeIgniter.php(499): CodeIgniter\CodeIgniter->runController(Object(App\Controllers\AdmPost))
 4 SYSTEMPATH\CodeIgniter.php(368): CodeIgniter\CodeIgniter->handleRequest(null, Object(Config\Cache), false)
 5 FCPATH\index.php(67): CodeIgniter\CodeIgniter->run()
CRITICAL - 2023-07-14 20:11:33 --> Undefined variable $lista
in APPPATH\Controllers\AdmPost.php on line 16.
 1 APPPATH\Controllers\AdmPost.php(16): CodeIgniter\Debug\Exceptions->errorHandler(2, 'Undefined variable $lista', 'C:\\xampp\\htdocs\\codi\\app\\Controllers\\AdmPost.php', 16)
 2 SYSTEMPATH\CodeIgniter.php(934): App\Controllers\AdmPost->lista_corte()
 3 SYSTEMPATH\CodeIgniter.php(499): CodeIgniter\CodeIgniter->runController(Object(App\Controllers\AdmPost))
 4 SYSTEMPATH\CodeIgniter.php(368): CodeIgniter\CodeIgniter->handleRequest(null, Object(Config\Cache), false)
 5 FCPATH\index.php(67): CodeIgniter\CodeIgniter->run()
CRITICAL - 2023-07-14 20:11:35 --> Undefined variable $lista
in APPPATH\Controllers\AdmPost.php on line 16.
 1 APPPATH\Controllers\AdmPost.php(16): CodeIgniter\Debug\Exceptions->errorHandler(2, 'Undefined variable $lista', 'C:\\xampp\\htdocs\\codi\\app\\Controllers\\AdmPost.php', 16)
 2 SYSTEMPATH\CodeIgniter.php(934): App\Controllers\AdmPost->lista_corte()
 3 SYSTEMPATH\CodeIgniter.php(499): CodeIgniter\CodeIgniter->runController(Object(App\Controllers\AdmPost))
 4 SYSTEMPATH\CodeIgniter.php(368): CodeIgniter\CodeIgniter->handleRequest(null, Object(Config\Cache), false)
 5 FCPATH\index.php(67): CodeIgniter\CodeIgniter->run()
CRITICAL - 2023-07-14 20:11:35 --> Undefined variable $lista
in APPPATH\Controllers\AdmPost.php on line 16.
 1 APPPATH\Controllers\AdmPost.php(16): CodeIgniter\Debug\Exceptions->errorHandler(2, 'Undefined variable $lista', 'C:\\xampp\\htdocs\\codi\\app\\Controllers\\AdmPost.php', 16)
 2 SYSTEMPATH\CodeIgniter.php(934): App\Controllers\AdmPost->lista_corte()
 3 SYSTEMPATH\CodeIgniter.php(499): CodeIgniter\CodeIgniter->runController(Object(App\Controllers\AdmPost))
 4 SYSTEMPATH\CodeIgniter.php(368): CodeIgniter\CodeIgniter->handleRequest(null, Object(Config\Cache), false)
 5 FCPATH\index.php(67): CodeIgniter\CodeIgniter->run()
CRITICAL - 2023-07-14 20:11:36 --> Undefined variable $lista
in APPPATH\Controllers\AdmPost.php on line 16.
 1 APPPATH\Controllers\AdmPost.php(16): CodeIgniter\Debug\Exceptions->errorHandler(2, 'Undefined variable $lista', 'C:\\xampp\\htdocs\\codi\\app\\Controllers\\AdmPost.php', 16)
 2 SYSTEMPATH\CodeIgniter.php(934): App\Controllers\AdmPost->lista_corte()
 3 SYSTEMPATH\CodeIgniter.php(499): CodeIgniter\CodeIgniter->runController(Object(App\Controllers\AdmPost))
 4 SYSTEMPATH\CodeIgniter.php(368): CodeIgniter\CodeIgniter->handleRequest(null, Object(Config\Cache), false)
 5 FCPATH\index.php(67): CodeIgniter\CodeIgniter->run()
CRITICAL - 2023-07-14 20:12:14 --> Undefined variable $lista
in APPPATH\Controllers\AdmPost.php on line 16.
 1 APPPATH\Controllers\AdmPost.php(16): CodeIgniter\Debug\Exceptions->errorHandler(2, 'Undefined variable $lista', 'C:\\xampp\\htdocs\\codi\\app\\Controllers\\AdmPost.php', 16)
 2 SYSTEMPATH\CodeIgniter.php(934): App\Controllers\AdmPost->lista_corte()
 3 SYSTEMPATH\CodeIgniter.php(499): CodeIgniter\CodeIgniter->runController(Object(App\Controllers\AdmPost))
 4 SYSTEMPATH\CodeIgniter.php(368): CodeIgniter\CodeIgniter->handleRequest(null, Object(Config\Cache), false)
 5 FCPATH\index.php(67): CodeIgniter\CodeIgniter->run()
CRITICAL - 2023-07-14 20:12:15 --> Undefined variable $lista
in APPPATH\Controllers\AdmPost.php on line 16.
 1 APPPATH\Controllers\AdmPost.php(16): CodeIgniter\Debug\Exceptions->errorHandler(2, 'Undefined variable $lista', 'C:\\xampp\\htdocs\\codi\\app\\Controllers\\AdmPost.php', 16)
 2 SYSTEMPATH\CodeIgniter.php(934): App\Controllers\AdmPost->lista_corte()
 3 SYSTEMPATH\CodeIgniter.php(499): CodeIgniter\CodeIgniter->runController(Object(App\Controllers\AdmPost))
 4 SYSTEMPATH\CodeIgniter.php(368): CodeIgniter\CodeIgniter->handleRequest(null, Object(Config\Cache), false)
 5 FCPATH\index.php(67): CodeIgniter\CodeIgniter->run()
CRITICAL - 2023-07-14 20:12:16 --> Undefined variable $lista
in APPPATH\Controllers\AdmPost.php on line 16.
 1 APPPATH\Controllers\AdmPost.php(16): CodeIgniter\Debug\Exceptions->errorHandler(2, 'Undefined variable $lista', 'C:\\xampp\\htdocs\\codi\\app\\Controllers\\AdmPost.php', 16)
 2 SYSTEMPATH\CodeIgniter.php(934): App\Controllers\AdmPost->lista_corte()
 3 SYSTEMPATH\CodeIgniter.php(499): CodeIgniter\CodeIgniter->runController(Object(App\Controllers\AdmPost))
 4 SYSTEMPATH\CodeIgniter.php(368): CodeIgniter\CodeIgniter->handleRequest(null, Object(Config\Cache), false)
 5 FCPATH\index.php(67): CodeIgniter\CodeIgniter->run()
CRITICAL - 2023-07-14 20:12:17 --> Undefined variable $lista
in APPPATH\Controllers\AdmPost.php on line 16.
 1 APPPATH\Controllers\AdmPost.php(16): CodeIgniter\Debug\Exceptions->errorHandler(2, 'Undefined variable $lista', 'C:\\xampp\\htdocs\\codi\\app\\Controllers\\AdmPost.php', 16)
 2 SYSTEMPATH\CodeIgniter.php(934): App\Controllers\AdmPost->lista_corte()
 3 SYSTEMPATH\CodeIgniter.php(499): CodeIgniter\CodeIgniter->runController(Object(App\Controllers\AdmPost))
 4 SYSTEMPATH\CodeIgniter.php(368): CodeIgniter\CodeIgniter->handleRequest(null, Object(Config\Cache), false)
 5 FCPATH\index.php(67): CodeIgniter\CodeIgniter->run()
CRITICAL - 2023-07-14 20:12:18 --> Undefined variable $lista
in APPPATH\Controllers\AdmPost.php on line 16.
 1 APPPATH\Controllers\AdmPost.php(16): CodeIgniter\Debug\Exceptions->errorHandler(2, 'Undefined variable $lista', 'C:\\xampp\\htdocs\\codi\\app\\Controllers\\AdmPost.php', 16)
 2 SYSTEMPATH\CodeIgniter.php(934): App\Controllers\AdmPost->lista_corte()
 3 SYSTEMPATH\CodeIgniter.php(499): CodeIgniter\CodeIgniter->runController(Object(App\Controllers\AdmPost))
 4 SYSTEMPATH\CodeIgniter.php(368): CodeIgniter\CodeIgniter->handleRequest(null, Object(Config\Cache), false)
 5 FCPATH\index.php(67): CodeIgniter\CodeIgniter->run()
CRITICAL - 2023-07-14 20:12:19 --> Undefined variable $lista
in APPPATH\Controllers\AdmPost.php on line 16.
 1 APPPATH\Controllers\AdmPost.php(16): CodeIgniter\Debug\Exceptions->errorHandler(2, 'Undefined variable $lista', 'C:\\xampp\\htdocs\\codi\\app\\Controllers\\AdmPost.php', 16)
 2 SYSTEMPATH\CodeIgniter.php(934): App\Controllers\AdmPost->lista_corte()
 3 SYSTEMPATH\CodeIgniter.php(499): CodeIgniter\CodeIgniter->runController(Object(App\Controllers\AdmPost))
 4 SYSTEMPATH\CodeIgniter.php(368): CodeIgniter\CodeIgniter->handleRequest(null, Object(Config\Cache), false)
 5 FCPATH\index.php(67): CodeIgniter\CodeIgniter->run()
CRITICAL - 2023-07-14 20:12:20 --> Undefined variable $lista
in APPPATH\Controllers\AdmPost.php on line 16.
 1 APPPATH\Controllers\AdmPost.php(16): CodeIgniter\Debug\Exceptions->errorHandler(2, 'Undefined variable $lista', 'C:\\xampp\\htdocs\\codi\\app\\Controllers\\AdmPost.php', 16)
 2 SYSTEMPATH\CodeIgniter.php(934): App\Controllers\AdmPost->lista_corte()
 3 SYSTEMPATH\CodeIgniter.php(499): CodeIgniter\CodeIgniter->runController(Object(App\Controllers\AdmPost))
 4 SYSTEMPATH\CodeIgniter.php(368): CodeIgniter\CodeIgniter->handleRequest(null, Object(Config\Cache), false)
 5 FCPATH\index.php(67): CodeIgniter\CodeIgniter->run()
CRITICAL - 2023-07-14 20:12:21 --> Undefined variable $lista
in APPPATH\Controllers\AdmPost.php on line 16.
 1 APPPATH\Controllers\AdmPost.php(16): CodeIgniter\Debug\Exceptions->errorHandler(2, 'Undefined variable $lista', 'C:\\xampp\\htdocs\\codi\\app\\Controllers\\AdmPost.php', 16)
 2 SYSTEMPATH\CodeIgniter.php(934): App\Controllers\AdmPost->lista_corte()
 3 SYSTEMPATH\CodeIgniter.php(499): CodeIgniter\CodeIgniter->runController(Object(App\Controllers\AdmPost))
 4 SYSTEMPATH\CodeIgniter.php(368): CodeIgniter\CodeIgniter->handleRequest(null, Object(Config\Cache), false)
 5 FCPATH\index.php(67): CodeIgniter\CodeIgniter->run()
CRITICAL - 2023-07-14 20:12:22 --> Undefined variable $lista
in APPPATH\Controllers\AdmPost.php on line 16.
 1 APPPATH\Controllers\AdmPost.php(16): CodeIgniter\Debug\Exceptions->errorHandler(2, 'Undefined variable $lista', 'C:\\xampp\\htdocs\\codi\\app\\Controllers\\AdmPost.php', 16)
 2 SYSTEMPATH\CodeIgniter.php(934): App\Controllers\AdmPost->lista_corte()
 3 SYSTEMPATH\CodeIgniter.php(499): CodeIgniter\CodeIgniter->runController(Object(App\Controllers\AdmPost))
 4 SYSTEMPATH\CodeIgniter.php(368): CodeIgniter\CodeIgniter->handleRequest(null, Object(Config\Cache), false)
 5 FCPATH\index.php(67): CodeIgniter\CodeIgniter->run()
CRITICAL - 2023-07-14 20:12:23 --> Undefined variable $lista
in APPPATH\Controllers\AdmPost.php on line 16.
 1 APPPATH\Controllers\AdmPost.php(16): CodeIgniter\Debug\Exceptions->errorHandler(2, 'Undefined variable $lista', 'C:\\xampp\\htdocs\\codi\\app\\Controllers\\AdmPost.php', 16)
 2 SYSTEMPATH\CodeIgniter.php(934): App\Controllers\AdmPost->lista_corte()
 3 SYSTEMPATH\CodeIgniter.php(499): CodeIgniter\CodeIgniter->runController(Object(App\Controllers\AdmPost))
 4 SYSTEMPATH\CodeIgniter.php(368): CodeIgniter\CodeIgniter->handleRequest(null, Object(Config\Cache), false)
 5 FCPATH\index.php(67): CodeIgniter\CodeIgniter->run()
CRITICAL - 2023-07-14 20:12:24 --> Undefined variable $lista
in APPPATH\Controllers\AdmPost.php on line 16.
 1 APPPATH\Controllers\AdmPost.php(16): CodeIgniter\Debug\Exceptions->errorHandler(2, 'Undefined variable $lista', 'C:\\xampp\\htdocs\\codi\\app\\Controllers\\AdmPost.php', 16)
 2 SYSTEMPATH\CodeIgniter.php(934): App\Controllers\AdmPost->lista_corte()
 3 SYSTEMPATH\CodeIgniter.php(499): CodeIgniter\CodeIgniter->runController(Object(App\Controllers\AdmPost))
 4 SYSTEMPATH\CodeIgniter.php(368): CodeIgniter\CodeIgniter->handleRequest(null, Object(Config\Cache), false)
 5 FCPATH\index.php(67): CodeIgniter\CodeIgniter->run()
CRITICAL - 2023-07-14 20:12:25 --> syntax error, unexpected token "."
in APPPATH\Controllers\AdmPost.php on line 18.
 1 SYSTEMPATH\Autoloader\Autoloader.php(289): CodeIgniter\Autoloader\Autoloader->includeFile('C:\\xampp\\htdocs\\codi\\app\\Controllers\\AdmPost.php')
 2 SYSTEMPATH\Autoloader\Autoloader.php(267): CodeIgniter\Autoloader\Autoloader->loadInNamespace('App\\Controllers\\AdmPost')
 3 [internal function]: CodeIgniter\Autoloader\Autoloader->loadClass('App\\Controllers\\AdmPost')
 4 SYSTEMPATH\CodeIgniter.php(892): class_exists('\\App\\Controllers\\AdmPost', true)
 5 SYSTEMPATH\CodeIgniter.php(486): CodeIgniter\CodeIgniter->startController()
 6 SYSTEMPATH\CodeIgniter.php(368): CodeIgniter\CodeIgniter->handleRequest(null, Object(Config\Cache), false)
 7 FCPATH\index.php(67): CodeIgniter\CodeIgniter->run()
CRITICAL - 2023-07-14 20:12:26 --> Cannot use [] for reading
in APPPATH\Controllers\AdmPost.php on line 18.
 1 [internal function]: CodeIgniter\Debug\Exceptions->shutdownHandler()
CRITICAL - 2023-07-14 20:12:27 --> Cannot use [] for reading
in APPPATH\Controllers\AdmPost.php on line 18.
 1 [internal function]: CodeIgniter\Debug\Exceptions->shutdownHandler()
CRITICAL - 2023-07-14 20:12:28 --> Cannot use [] for reading
in APPPATH\Controllers\AdmPost.php on line 18.
 1 [internal function]: CodeIgniter\Debug\Exceptions->shutdownHandler()
CRITICAL - 2023-07-14 20:12:29 --> Cannot use object of type stdClass as array
in APPPATH\Controllers\AdmPost.php on line 18.
 1 SYSTEMPATH\CodeIgniter.php(934): App\Controllers\AdmPost->lista_corte()
 2 SYSTEMPATH\CodeIgniter.php(499): CodeIgniter\CodeIgniter->runController(Object(App\Controllers\AdmPost))
 3 SYSTEMPATH\CodeIgniter.php(368): CodeIgniter\CodeIgniter->handleRequest(null, Object(Config\Cache), false)
 4 FCPATH\index.php(67): CodeIgniter\CodeIgniter->run()
CRITICAL - 2023-07-14 20:12:30 --> Cannot use object of type stdClass as array
in APPPATH\Controllers\AdmPost.php on line 18.
 1 SYSTEMPATH\CodeIgniter.php(934): App\Controllers\AdmPost->lista_corte()
 2 SYSTEMPATH\CodeIgniter.php(499): CodeIgniter\CodeIgniter->runController(Object(App\Controllers\AdmPost))
 3 SYSTEMPATH\CodeIgniter.php(368): CodeIgniter\CodeIgniter->handleRequest(null, Object(Config\Cache), false)
 4 FCPATH\index.php(67): CodeIgniter\CodeIgniter->run()
CRITICAL - 2023-07-14 20:12:30 --> Cannot use object of type stdClass as array
in APPPATH\Controllers\AdmPost.php on line 18.
 1 SYSTEMPATH\CodeIgniter.php(934): App\Controllers\AdmPost->lista_corte()
 2 SYSTEMPATH\CodeIgniter.php(499): CodeIgniter\CodeIgniter->runController(Object(App\Controllers\AdmPost))
 3 SYSTEMPATH\CodeIgniter.php(368): CodeIgniter\CodeIgniter->handleRequest(null, Object(Config\Cache), false)
 4 FCPATH\index.php(67): CodeIgniter\CodeIgniter->run()
CRITICAL - 2023-07-14 20:12:31 --> Cannot use object of type stdClass as array
in APPPATH\Controllers\AdmPost.php on line 18.
 1 SYSTEMPATH\CodeIgniter.php(934): App\Controllers\AdmPost->lista_corte()
 2 SYSTEMPATH\CodeIgniter.php(499): CodeIgniter\CodeIgniter->runController(Object(App\Controllers\AdmPost))
 3 SYSTEMPATH\CodeIgniter.php(368): CodeIgniter\CodeIgniter->handleRequest(null, Object(Config\Cache), false)
 4 FCPATH\index.php(67): CodeIgniter\CodeIgniter->run()
CRITICAL - 2023-07-14 20:12:32 --> Cannot use object of type stdClass as array
in APPPATH\Controllers\AdmPost.php on line 18.
 1 SYSTEMPATH\CodeIgniter.php(934): App\Controllers\AdmPost->lista_corte()
 2 SYSTEMPATH\CodeIgniter.php(499): CodeIgniter\CodeIgniter->runController(Object(App\Controllers\AdmPost))
 3 SYSTEMPATH\CodeIgniter.php(368): CodeIgniter\CodeIgniter->handleRequest(null, Object(Config\Cache), false)
 4 FCPATH\index.php(67): CodeIgniter\CodeIgniter->run()
CRITICAL - 2023-07-14 20:12:33 --> Cannot use object of type stdClass as array
in APPPATH\Controllers\AdmPost.php on line 18.
 1 SYSTEMPATH\CodeIgniter.php(934): App\Controllers\AdmPost->lista_corte()
 2 SYSTEMPATH\CodeIgniter.php(499): CodeIgniter\CodeIgniter->runController(Object(App\Controllers\AdmPost))
 3 SYSTEMPATH\CodeIgniter.php(368): CodeIgniter\CodeIgniter->handleRequest(null, Object(Config\Cache), false)
 4 FCPATH\index.php(67): CodeIgniter\CodeIgniter->run()
CRITICAL - 2023-07-14 20:12:34 --> Cannot use object of type stdClass as array
in APPPATH\Controllers\AdmPost.php on line 18.
 1 SYSTEMPATH\CodeIgniter.php(934): App\Controllers\AdmPost->lista_corte()
 2 SYSTEMPATH\CodeIgniter.php(499): CodeIgniter\CodeIgniter->runController(Object(App\Controllers\AdmPost))
 3 SYSTEMPATH\CodeIgniter.php(368): CodeIgniter\CodeIgniter->handleRequest(null, Object(Config\Cache), false)
 4 FCPATH\index.php(67): CodeIgniter\CodeIgniter->run()
CRITICAL - 2023-07-14 20:12:35 --> Cannot use object of type stdClass as array
in APPPATH\Controllers\AdmPost.php on line 18.
 1 SYSTEMPATH\CodeIgniter.php(934): App\Controllers\AdmPost->lista_corte()
 2 SYSTEMPATH\CodeIgniter.php(499): CodeIgniter\CodeIgniter->runController(Object(App\Controllers\AdmPost))
 3 SYSTEMPATH\CodeIgniter.php(368): CodeIgniter\CodeIgniter->handleRequest(null, Object(Config\Cache), false)
 4 FCPATH\index.php(67): CodeIgniter\CodeIgniter->run()
CRITICAL - 2023-07-14 20:12:37 --> Cannot use object of type stdClass as array
in APPPATH\Controllers\AdmPost.php on line 18.
 1 SYSTEMPATH\CodeIgniter.php(934): App\Controllers\AdmPost->lista_corte()
 2 SYSTEMPATH\CodeIgniter.php(499): CodeIgniter\CodeIgniter->runController(Object(App\Controllers\AdmPost))
 3 SYSTEMPATH\CodeIgniter.php(368): CodeIgniter\CodeIgniter->handleRequest(null, Object(Config\Cache), false)
 4 FCPATH\index.php(67): CodeIgniter\CodeIgniter->run()
CRITICAL - 2023-07-14 20:12:38 --> Cannot use object of type stdClass as array
in APPPATH\Controllers\AdmPost.php on line 18.
 1 SYSTEMPATH\CodeIgniter.php(934): App\Controllers\AdmPost->lista_corte()
 2 SYSTEMPATH\CodeIgniter.php(499): CodeIgniter\CodeIgniter->runController(Object(App\Controllers\AdmPost))
 3 SYSTEMPATH\CodeIgniter.php(368): CodeIgniter\CodeIgniter->handleRequest(null, Object(Config\Cache), false)
 4 FCPATH\index.php(67): CodeIgniter\CodeIgniter->run()
CRITICAL - 2023-07-14 20:12:39 --> Cannot use object of type stdClass as array
in APPPATH\Controllers\AdmPost.php on line 18.
 1 SYSTEMPATH\CodeIgniter.php(934): App\Controllers\AdmPost->lista_corte()
 2 SYSTEMPATH\CodeIgniter.php(499): CodeIgniter\CodeIgniter->runController(Object(App\Controllers\AdmPost))
 3 SYSTEMPATH\CodeIgniter.php(368): CodeIgniter\CodeIgniter->handleRequest(null, Object(Config\Cache), false)
 4 FCPATH\index.php(67): CodeIgniter\CodeIgniter->run()
CRITICAL - 2023-07-14 20:12:40 --> syntax error, unexpected identifier "cortador"
in APPPATH\Controllers\AdmPost.php on line 29.
 1 SYSTEMPATH\Autoloader\Autoloader.php(289): CodeIgniter\Autoloader\Autoloader->includeFile('C:\\xampp\\htdocs\\codi\\app\\Controllers\\AdmPost.php')
 2 SYSTEMPATH\Autoloader\Autoloader.php(267): CodeIgniter\Autoloader\Autoloader->loadInNamespace('App\\Controllers\\AdmPost')
 3 [internal function]: CodeIgniter\Autoloader\Autoloader->loadClass('App\\Controllers\\AdmPost')
 4 SYSTEMPATH\CodeIgniter.php(892): class_exists('\\App\\Controllers\\AdmPost', true)
 5 SYSTEMPATH\CodeIgniter.php(486): CodeIgniter\CodeIgniter->startController()
 6 SYSTEMPATH\CodeIgniter.php(368): CodeIgniter\CodeIgniter->handleRequest(null, Object(Config\Cache), false)
 7 FCPATH\index.php(67): CodeIgniter\CodeIgniter->run()
CRITICAL - 2023-07-14 20:12:41 --> syntax error, unexpected identifier "cortador"
in APPPATH\Controllers\AdmPost.php on line 29.
 1 SYSTEMPATH\Autoloader\Autoloader.php(289): CodeIgniter\Autoloader\Autoloader->includeFile('C:\\xampp\\htdocs\\codi\\app\\Controllers\\AdmPost.php')
 2 SYSTEMPATH\Autoloader\Autoloader.php(267): CodeIgniter\Autoloader\Autoloader->loadInNamespace('App\\Controllers\\AdmPost')
 3 [internal function]: CodeIgniter\Autoloader\Autoloader->loadClass('App\\Controllers\\AdmPost')
 4 SYSTEMPATH\CodeIgniter.php(892): class_exists('\\App\\Controllers\\AdmPost', true)
 5 SYSTEMPATH\CodeIgniter.php(486): CodeIgniter\CodeIgniter->startController()
 6 SYSTEMPATH\CodeIgniter.php(368): CodeIgniter\CodeIgniter->handleRequest(null, Object(Config\Cache), false)
 7 FCPATH\index.php(67): CodeIgniter\CodeIgniter->run()
CRITICAL - 2023-07-14 20:12:42 --> syntax error, unexpected identifier "cortador"
in APPPATH\Controllers\AdmPost.php on line 29.
 1 SYSTEMPATH\Autoloader\Autoloader.php(289): CodeIgniter\Autoloader\Autoloader->includeFile('C:\\xampp\\htdocs\\codi\\app\\Controllers\\AdmPost.php')
 2 SYSTEMPATH\Autoloader\Autoloader.php(267): CodeIgniter\Autoloader\Autoloader->loadInNamespace('App\\Controllers\\AdmPost')
 3 [internal function]: CodeIgniter\Autoloader\Autoloader->loadClass('App\\Controllers\\AdmPost')
 4 SYSTEMPATH\CodeIgniter.php(892): class_exists('\\App\\Controllers\\AdmPost', true)
 5 SYSTEMPATH\CodeIgniter.php(486): CodeIgniter\CodeIgniter->startController()
 6 SYSTEMPATH\CodeIgniter.php(368): CodeIgniter\CodeIgniter->handleRequest(null, Object(Config\Cache), false)
 7 FCPATH\index.php(67): CodeIgniter\CodeIgniter->run()
CRITICAL - 2023-07-14 20:12:43 --> syntax error, unexpected identifier "cortador"
in APPPATH\Controllers\AdmPost.php on line 29.
 1 SYSTEMPATH\Autoloader\Autoloader.php(289): CodeIgniter\Autoloader\Autoloader->includeFile('C:\\xampp\\htdocs\\codi\\app\\Controllers\\AdmPost.php')
 2 SYSTEMPATH\Autoloader\Autoloader.php(267): CodeIgniter\Autoloader\Autoloader->loadInNamespace('App\\Controllers\\AdmPost')
 3 [internal function]: CodeIgniter\Autoloader\Autoloader->loadClass('App\\Controllers\\AdmPost')
 4 SYSTEMPATH\CodeIgniter.php(892): class_exists('\\App\\Controllers\\AdmPost', true)
 5 SYSTEMPATH\CodeIgniter.php(486): CodeIgniter\CodeIgniter->startController()
 6 SYSTEMPATH\CodeIgniter.php(368): CodeIgniter\CodeIgniter->handleRequest(null, Object(Config\Cache), false)
 7 FCPATH\index.php(67): CodeIgniter\CodeIgniter->run()
CRITICAL - 2023-07-14 20:12:44 --> syntax error, unexpected identifier "cortador"
in APPPATH\Controllers\AdmPost.php on line 29.
 1 SYSTEMPATH\Autoloader\Autoloader.php(289): CodeIgniter\Autoloader\Autoloader->includeFile('C:\\xampp\\htdocs\\codi\\app\\Controllers\\AdmPost.php')
 2 SYSTEMPATH\Autoloader\Autoloader.php(267): CodeIgniter\Autoloader\Autoloader->loadInNamespace('App\\Controllers\\AdmPost')
 3 [internal function]: CodeIgniter\Autoloader\Autoloader->loadClass('App\\Controllers\\AdmPost')
 4 SYSTEMPATH\CodeIgniter.php(892): class_exists('\\App\\Controllers\\AdmPost', true)
 5 SYSTEMPATH\CodeIgniter.php(486): CodeIgniter\CodeIgniter->startController()
 6 SYSTEMPATH\CodeIgniter.php(368): CodeIgniter\CodeIgniter->handleRequest(null, Object(Config\Cache), false)
 7 FCPATH\index.php(67): CodeIgniter\CodeIgniter->run()
CRITICAL - 2023-07-14 20:12:45 --> syntax error, unexpected identifier "cortador"
in APPPATH\Controllers\AdmPost.php on line 29.
 1 SYSTEMPATH\Autoloader\Autoloader.php(289): CodeIgniter\Autoloader\Autoloader->includeFile('C:\\xampp\\htdocs\\codi\\app\\Controllers\\AdmPost.php')
 2 SYSTEMPATH\Autoloader\Autoloader.php(267): CodeIgniter\Autoloader\Autoloader->loadInNamespace('App\\Controllers\\AdmPost')
 3 [internal function]: CodeIgniter\Autoloader\Autoloader->loadClass('App\\Controllers\\AdmPost')
 4 SYSTEMPATH\CodeIgniter.php(892): class_exists('\\App\\Controllers\\AdmPost', true)
 5 SYSTEMPATH\CodeIgniter.php(486): CodeIgniter\CodeIgniter->startController()
 6 SYSTEMPATH\CodeIgniter.php(368): CodeIgniter\CodeIgniter->handleRequest(null, Object(Config\Cache), false)
 7 FCPATH\index.php(67): CodeIgniter\CodeIgniter->run()
CRITICAL - 2023-07-14 20:12:46 --> syntax error, unexpected identifier "cortador"
in APPPATH\Controllers\AdmPost.php on line 29.
 1 SYSTEMPATH\Autoloader\Autoloader.php(289): CodeIgniter\Autoloader\Autoloader->includeFile('C:\\xampp\\htdocs\\codi\\app\\Controllers\\AdmPost.php')
 2 SYSTEMPATH\Autoloader\Autoloader.php(267): CodeIgniter\Autoloader\Autoloader->loadInNamespace('App\\Controllers\\AdmPost')
 3 [internal function]: CodeIgniter\Autoloader\Autoloader->loadClass('App\\Controllers\\AdmPost')
 4 SYSTEMPATH\CodeIgniter.php(892): class_exists('\\App\\Controllers\\AdmPost', true)
 5 SYSTEMPATH\CodeIgniter.php(486): CodeIgniter\CodeIgniter->startController()
 6 SYSTEMPATH\CodeIgniter.php(368): CodeIgniter\CodeIgniter->handleRequest(null, Object(Config\Cache), false)
 7 FCPATH\index.php(67): CodeIgniter\CodeIgniter->run()
CRITICAL - 2023-07-14 20:12:47 --> syntax error, unexpected double-quoted string "c:/wl/wl_desenhos/"
in APPPATH\Controllers\AdmPost.php on line 27.
 1 SYSTEMPATH\Autoloader\Autoloader.php(289): CodeIgniter\Autoloader\Autoloader->includeFile('C:\\xampp\\htdocs\\codi\\app\\Controllers\\AdmPost.php')
 2 SYSTEMPATH\Autoloader\Autoloader.php(267): CodeIgniter\Autoloader\Autoloader->loadInNamespace('App\\Controllers\\AdmPost')
 3 [internal function]: CodeIgniter\Autoloader\Autoloader->loadClass('App\\Controllers\\AdmPost')
 4 SYSTEMPATH\CodeIgniter.php(892): class_exists('\\App\\Controllers\\AdmPost', true)
 5 SYSTEMPATH\CodeIgniter.php(486): CodeIgniter\CodeIgniter->startController()
 6 SYSTEMPATH\CodeIgniter.php(368): CodeIgniter\CodeIgniter->handleRequest(null, Object(Config\Cache), false)
 7 FCPATH\index.php(67): CodeIgniter\CodeIgniter->run()
CRITICAL - 2023-07-14 20:12:48 --> syntax error, unexpected identifier "cortador"
in APPPATH\Controllers\AdmPost.php on line 28.
 1 SYSTEMPATH\Autoloader\Autoloader.php(289): CodeIgniter\Autoloader\Autoloader->includeFile('C:\\xampp\\htdocs\\codi\\app\\Controllers\\AdmPost.php')
 2 SYSTEMPATH\Autoloader\Autoloader.php(267): CodeIgniter\Autoloader\Autoloader->loadInNamespace('App\\Controllers\\AdmPost')
 3 [internal function]: CodeIgniter\Autoloader\Autoloader->loadClass('App\\Controllers\\AdmPost')
 4 SYSTEMPATH\CodeIgniter.php(892): class_exists('\\App\\Controllers\\AdmPost', true)
 5 SYSTEMPATH\CodeIgniter.php(486): CodeIgniter\CodeIgniter->startController()
 6 SYSTEMPATH\CodeIgniter.php(368): CodeIgniter\CodeIgniter->handleRequest(null, Object(Config\Cache), false)
 7 FCPATH\index.php(67): CodeIgniter\CodeIgniter->run()
CRITICAL - 2023-07-14 20:12:49 --> syntax error, unexpected identifier "cortador"
in APPPATH\Controllers\AdmPost.php on line 28.
 1 SYSTEMPATH\Autoloader\Autoloader.php(289): CodeIgniter\Autoloader\Autoloader->includeFile('C:\\xampp\\htdocs\\codi\\app\\Controllers\\AdmPost.php')
 2 SYSTEMPATH\Autoloader\Autoloader.php(267): CodeIgniter\Autoloader\Autoloader->loadInNamespace('App\\Controllers\\AdmPost')
 3 [internal function]: CodeIgniter\Autoloader\Autoloader->loadClass('App\\Controllers\\AdmPost')
 4 SYSTEMPATH\CodeIgniter.php(892): class_exists('\\App\\Controllers\\AdmPost', true)
 5 SYSTEMPATH\CodeIgniter.php(486): CodeIgniter\CodeIgniter->startController()
 6 SYSTEMPATH\CodeIgniter.php(368): CodeIgniter\CodeIgniter->handleRequest(null, Object(Config\Cache), false)
 7 FCPATH\index.php(67): CodeIgniter\CodeIgniter->run()
CRITICAL - 2023-07-14 20:12:50 --> syntax error, unexpected identifier "cortador"
in APPPATH\Controllers\AdmPost.php on line 28.
 1 SYSTEMPATH\Autoloader\Autoloader.php(289): CodeIgniter\Autoloader\Autoloader->includeFile('C:\\xampp\\htdocs\\codi\\app\\Controllers\\AdmPost.php')
 2 SYSTEMPATH\Autoloader\Autoloader.php(267): CodeIgniter\Autoloader\Autoloader->loadInNamespace('App\\Controllers\\AdmPost')
 3 [internal function]: CodeIgniter\Autoloader\Autoloader->loadClass('App\\Controllers\\AdmPost')
 4 SYSTEMPATH\CodeIgniter.php(892): class_exists('\\App\\Controllers\\AdmPost', true)
 5 SYSTEMPATH\CodeIgniter.php(486): CodeIgniter\CodeIgniter->startController()
 6 SYSTEMPATH\CodeIgniter.php(368): CodeIgniter\CodeIgniter->handleRequest(null, Object(Config\Cache), false)
 7 FCPATH\index.php(67): CodeIgniter\CodeIgniter->run()
CRITICAL - 2023-07-14 20:12:51 --> syntax error, unexpected identifier "cortador"
in APPPATH\Controllers\AdmPost.php on line 28.
 1 SYSTEMPATH\Autoloader\Autoloader.php(289): CodeIgniter\Autoloader\Autoloader->includeFile('C:\\xampp\\htdocs\\codi\\app\\Controllers\\AdmPost.php')
 2 SYSTEMPATH\Autoloader\Autoloader.php(267): CodeIgniter\Autoloader\Autoloader->loadInNamespace('App\\Controllers\\AdmPost')
 3 [internal function]: CodeIgniter\Autoloader\Autoloader->loadClass('App\\Controllers\\AdmPost')
 4 SYSTEMPATH\CodeIgniter.php(892): class_exists('\\App\\Controllers\\AdmPost', true)
 5 SYSTEMPATH\CodeIgniter.php(486): CodeIgniter\CodeIgniter->startController()
 6 SYSTEMPATH\CodeIgniter.php(368): CodeIgniter\CodeIgniter->handleRequest(null, Object(Config\Cache), false)
 7 FCPATH\index.php(67): CodeIgniter\CodeIgniter->run()
CRITICAL - 2023-07-14 20:12:52 --> syntax error, unexpected identifier "cortador"
in APPPATH\Controllers\AdmPost.php on line 28.
 1 SYSTEMPATH\Autoloader\Autoloader.php(289): CodeIgniter\Autoloader\Autoloader->includeFile('C:\\xampp\\htdocs\\codi\\app\\Controllers\\AdmPost.php')
 2 SYSTEMPATH\Autoloader\Autoloader.php(267): CodeIgniter\Autoloader\Autoloader->loadInNamespace('App\\Controllers\\AdmPost')
 3 [internal function]: CodeIgniter\Autoloader\Autoloader->loadClass('App\\Controllers\\AdmPost')
 4 SYSTEMPATH\CodeIgniter.php(892): class_exists('\\App\\Controllers\\AdmPost', true)
 5 SYSTEMPATH\CodeIgniter.php(486): CodeIgniter\CodeIgniter->startController()
 6 SYSTEMPATH\CodeIgniter.php(368): CodeIgniter\CodeIgniter->handleRequest(null, Object(Config\Cache), false)
 7 FCPATH\index.php(67): CodeIgniter\CodeIgniter->run()
CRITICAL - 2023-07-14 20:12:53 --> syntax error, unexpected identifier "cortador"
in APPPATH\Controllers\AdmPost.php on line 28.
 1 SYSTEMPATH\Autoloader\Autoloader.php(289): CodeIgniter\Autoloader\Autoloader->includeFile('C:\\xampp\\htdocs\\codi\\app\\Controllers\\AdmPost.php')
 2 SYSTEMPATH\Autoloader\Autoloader.php(267): CodeIgniter\Autoloader\Autoloader->loadInNamespace('App\\Controllers\\AdmPost')
 3 [internal function]: CodeIgniter\Autoloader\Autoloader->loadClass('App\\Controllers\\AdmPost')
 4 SYSTEMPATH\CodeIgniter.php(892): class_exists('\\App\\Controllers\\AdmPost', true)
 5 SYSTEMPATH\CodeIgniter.php(486): CodeIgniter\CodeIgniter->startController()
 6 SYSTEMPATH\CodeIgniter.php(368): CodeIgniter\CodeIgniter->handleRequest(null, Object(Config\Cache), false)
 7 FCPATH\index.php(67): CodeIgniter\CodeIgniter->run()
CRITICAL - 2023-07-14 20:12:54 --> syntax error, unexpected identifier "cortador"
in APPPATH\Controllers\AdmPost.php on line 28.
 1 SYSTEMPATH\Autoloader\Autoloader.php(289): CodeIgniter\Autoloader\Autoloader->includeFile('C:\\xampp\\htdocs\\codi\\app\\Controllers\\AdmPost.php')
 2 SYSTEMPATH\Autoloader\Autoloader.php(267): CodeIgniter\Autoloader\Autoloader->loadInNamespace('App\\Controllers\\AdmPost')
 3 [internal function]: CodeIgniter\Autoloader\Autoloader->loadClass('App\\Controllers\\AdmPost')
 4 SYSTEMPATH\CodeIgniter.php(892): class_exists('\\App\\Controllers\\AdmPost', true)
 5 SYSTEMPATH\CodeIgniter.php(486): CodeIgniter\CodeIgniter->startController()
 6 SYSTEMPATH\CodeIgniter.php(368): CodeIgniter\CodeIgniter->handleRequest(null, Object(Config\Cache), false)
 7 FCPATH\index.php(67): CodeIgniter\CodeIgniter->run()
CRITICAL - 2023-07-14 20:12:55 --> syntax error, unexpected identifier "cortador"
in APPPATH\Controllers\AdmPost.php on line 28.
 1 SYSTEMPATH\Autoloader\Autoloader.php(289): CodeIgniter\Autoloader\Autoloader->includeFile('C:\\xampp\\htdocs\\codi\\app\\Controllers\\AdmPost.php')
 2 SYSTEMPATH\Autoloader\Autoloader.php(267): CodeIgniter\Autoloader\Autoloader->loadInNamespace('App\\Controllers\\AdmPost')
 3 [internal function]: CodeIgniter\Autoloader\Autoloader->loadClass('App\\Controllers\\AdmPost')
 4 SYSTEMPATH\CodeIgniter.php(892): class_exists('\\App\\Controllers\\AdmPost', true)
 5 SYSTEMPATH\CodeIgniter.php(486): CodeIgniter\CodeIgniter->startController()
 6 SYSTEMPATH\CodeIgniter.php(368): CodeIgniter\CodeIgniter->handleRequest(null, Object(Config\Cache), false)
 7 FCPATH\index.php(67): CodeIgniter\CodeIgniter->run()
CRITICAL - 2023-07-14 20:12:56 --> syntax error, unexpected identifier "cortador"
in APPPATH\Controllers\AdmPost.php on line 28.
 1 SYSTEMPATH\Autoloader\Autoloader.php(289): CodeIgniter\Autoloader\Autoloader->includeFile('C:\\xampp\\htdocs\\codi\\app\\Controllers\\AdmPost.php')
 2 SYSTEMPATH\Autoloader\Autoloader.php(267): CodeIgniter\Autoloader\Autoloader->loadInNamespace('App\\Controllers\\AdmPost')
 3 [internal function]: CodeIgniter\Autoloader\Autoloader->loadClass('App\\Controllers\\AdmPost')
 4 SYSTEMPATH\CodeIgniter.php(892): class_exists('\\App\\Controllers\\AdmPost', true)
 5 SYSTEMPATH\CodeIgniter.php(486): CodeIgniter\CodeIgniter->startController()
 6 SYSTEMPATH\CodeIgniter.php(368): CodeIgniter\CodeIgniter->handleRequest(null, Object(Config\Cache), false)
 7 FCPATH\index.php(67): CodeIgniter\CodeIgniter->run()
CRITICAL - 2023-07-14 20:12:57 --> syntax error, unexpected identifier "cortador"
in APPPATH\Controllers\AdmPost.php on line 28.
 1 SYSTEMPATH\Autoloader\Autoloader.php(289): CodeIgniter\Autoloader\Autoloader->includeFile('C:\\xampp\\htdocs\\codi\\app\\Controllers\\AdmPost.php')
 2 SYSTEMPATH\Autoloader\Autoloader.php(267): CodeIgniter\Autoloader\Autoloader->loadInNamespace('App\\Controllers\\AdmPost')
 3 [internal function]: CodeIgniter\Autoloader\Autoloader->loadClass('App\\Controllers\\AdmPost')
 4 SYSTEMPATH\CodeIgniter.php(892): class_exists('\\App\\Controllers\\AdmPost', true)
 5 SYSTEMPATH\CodeIgniter.php(486): CodeIgniter\CodeIgniter->startController()
 6 SYSTEMPATH\CodeIgniter.php(368): CodeIgniter\CodeIgniter->handleRequest(null, Object(Config\Cache), false)
 7 FCPATH\index.php(67): CodeIgniter\CodeIgniter->run()
CRITICAL - 2023-07-14 20:12:58 --> syntax error, unexpected identifier "cortador"
in APPPATH\Controllers\AdmPost.php on line 28.
 1 SYSTEMPATH\Autoloader\Autoloader.php(289): CodeIgniter\Autoloader\Autoloader->includeFile('C:\\xampp\\htdocs\\codi\\app\\Controllers\\AdmPost.php')
 2 SYSTEMPATH\Autoloader\Autoloader.php(267): CodeIgniter\Autoloader\Autoloader->loadInNamespace('App\\Controllers\\AdmPost')
 3 [internal function]: CodeIgniter\Autoloader\Autoloader->loadClass('App\\Controllers\\AdmPost')
 4 SYSTEMPATH\CodeIgniter.php(892): class_exists('\\App\\Controllers\\AdmPost', true)
 5 SYSTEMPATH\CodeIgniter.php(486): CodeIgniter\CodeIgniter->startController()
 6 SYSTEMPATH\CodeIgniter.php(368): CodeIgniter\CodeIgniter->handleRequest(null, Object(Config\Cache), false)
 7 FCPATH\index.php(67): CodeIgniter\CodeIgniter->run()
CRITICAL - 2023-07-14 20:12:59 --> syntax error, unexpected identifier "cortador"
in APPPATH\Controllers\AdmPost.php on line 28.
 1 SYSTEMPATH\Autoloader\Autoloader.php(289): CodeIgniter\Autoloader\Autoloader->includeFile('C:\\xampp\\htdocs\\codi\\app\\Controllers\\AdmPost.php')
 2 SYSTEMPATH\Autoloader\Autoloader.php(267): CodeIgniter\Autoloader\Autoloader->loadInNamespace('App\\Controllers\\AdmPost')
 3 [internal function]: CodeIgniter\Autoloader\Autoloader->loadClass('App\\Controllers\\AdmPost')
 4 SYSTEMPATH\CodeIgniter.php(892): class_exists('\\App\\Controllers\\AdmPost', true)
 5 SYSTEMPATH\CodeIgniter.php(486): CodeIgniter\CodeIgniter->startController()
 6 SYSTEMPATH\CodeIgniter.php(368): CodeIgniter\CodeIgniter->handleRequest(null, Object(Config\Cache), false)
 7 FCPATH\index.php(67): CodeIgniter\CodeIgniter->run()
CRITICAL - 2023-07-14 20:13:00 --> syntax error, unexpected identifier "cortador"
in APPPATH\Controllers\AdmPost.php on line 28.
 1 SYSTEMPATH\Autoloader\Autoloader.php(289): CodeIgniter\Autoloader\Autoloader->includeFile('C:\\xampp\\htdocs\\codi\\app\\Controllers\\AdmPost.php')
 2 SYSTEMPATH\Autoloader\Autoloader.php(267): CodeIgniter\Autoloader\Autoloader->loadInNamespace('App\\Controllers\\AdmPost')
 3 [internal function]: CodeIgniter\Autoloader\Autoloader->loadClass('App\\Controllers\\AdmPost')
 4 SYSTEMPATH\CodeIgniter.php(892): class_exists('\\App\\Controllers\\AdmPost', true)
 5 SYSTEMPATH\CodeIgniter.php(486): CodeIgniter\CodeIgniter->startController()
 6 SYSTEMPATH\CodeIgniter.php(368): CodeIgniter\CodeIgniter->handleRequest(null, Object(Config\Cache), false)
 7 FCPATH\index.php(67): CodeIgniter\CodeIgniter->run()
CRITICAL - 2023-07-14 20:13:01 --> syntax error, unexpected identifier "cortador"
in APPPATH\Controllers\AdmPost.php on line 28.
 1 SYSTEMPATH\Autoloader\Autoloader.php(289): CodeIgniter\Autoloader\Autoloader->includeFile('C:\\xampp\\htdocs\\codi\\app\\Controllers\\AdmPost.php')
 2 SYSTEMPATH\Autoloader\Autoloader.php(267): CodeIgniter\Autoloader\Autoloader->loadInNamespace('App\\Controllers\\AdmPost')
 3 [internal function]: CodeIgniter\Autoloader\Autoloader->loadClass('App\\Controllers\\AdmPost')
 4 SYSTEMPATH\CodeIgniter.php(892): class_exists('\\App\\Controllers\\AdmPost', true)
 5 SYSTEMPATH\CodeIgniter.php(486): CodeIgniter\CodeIgniter->startController()
 6 SYSTEMPATH\CodeIgniter.php(368): CodeIgniter\CodeIgniter->handleRequest(null, Object(Config\Cache), false)
 7 FCPATH\index.php(67): CodeIgniter\CodeIgniter->run()
CRITICAL - 2023-07-14 20:13:02 --> syntax error, unexpected identifier "cortador"
in APPPATH\Controllers\AdmPost.php on line 28.
 1 SYSTEMPATH\Autoloader\Autoloader.php(289): CodeIgniter\Autoloader\Autoloader->includeFile('C:\\xampp\\htdocs\\codi\\app\\Controllers\\AdmPost.php')
 2 SYSTEMPATH\Autoloader\Autoloader.php(267): CodeIgniter\Autoloader\Autoloader->loadInNamespace('App\\Controllers\\AdmPost')
 3 [internal function]: CodeIgniter\Autoloader\Autoloader->loadClass('App\\Controllers\\AdmPost')
 4 SYSTEMPATH\CodeIgniter.php(892): class_exists('\\App\\Controllers\\AdmPost', true)
 5 SYSTEMPATH\CodeIgniter.php(486): CodeIgniter\CodeIgniter->startController()
 6 SYSTEMPATH\CodeIgniter.php(368): CodeIgniter\CodeIgniter->handleRequest(null, Object(Config\Cache), false)
 7 FCPATH\index.php(67): CodeIgniter\CodeIgniter->run()
CRITICAL - 2023-07-14 20:13:03 --> syntax error, unexpected identifier "cortador"
in APPPATH\Controllers\AdmPost.php on line 28.
 1 SYSTEMPATH\Autoloader\Autoloader.php(289): CodeIgniter\Autoloader\Autoloader->includeFile('C:\\xampp\\htdocs\\codi\\app\\Controllers\\AdmPost.php')
 2 SYSTEMPATH\Autoloader\Autoloader.php(267): CodeIgniter\Autoloader\Autoloader->loadInNamespace('App\\Controllers\\AdmPost')
 3 [internal function]: CodeIgniter\Autoloader\Autoloader->loadClass('App\\Controllers\\AdmPost')
 4 SYSTEMPATH\CodeIgniter.php(892): class_exists('\\App\\Controllers\\AdmPost', true)
 5 SYSTEMPATH\CodeIgniter.php(486): CodeIgniter\CodeIgniter->startController()
 6 SYSTEMPATH\CodeIgniter.php(368): CodeIgniter\CodeIgniter->handleRequest(null, Object(Config\Cache), false)
 7 FCPATH\index.php(67): CodeIgniter\CodeIgniter->run()
CRITICAL - 2023-07-14 20:13:04 --> syntax error, unexpected identifier "cortador"
in APPPATH\Controllers\AdmPost.php on line 28.
 1 SYSTEMPATH\Autoloader\Autoloader.php(289): CodeIgniter\Autoloader\Autoloader->includeFile('C:\\xampp\\htdocs\\codi\\app\\Controllers\\AdmPost.php')
 2 SYSTEMPATH\Autoloader\Autoloader.php(267): CodeIgniter\Autoloader\Autoloader->loadInNamespace('App\\Controllers\\AdmPost')
 3 [internal function]: CodeIgniter\Autoloader\Autoloader->loadClass('App\\Controllers\\AdmPost')
 4 SYSTEMPATH\CodeIgniter.php(892): class_exists('\\App\\Controllers\\AdmPost', true)
 5 SYSTEMPATH\CodeIgniter.php(486): CodeIgniter\CodeIgniter->startController()
 6 SYSTEMPATH\CodeIgniter.php(368): CodeIgniter\CodeIgniter->handleRequest(null, Object(Config\Cache), false)
 7 FCPATH\index.php(67): CodeIgniter\CodeIgniter->run()
CRITICAL - 2023-07-14 20:13:05 --> syntax error, unexpected identifier "cortador"
in APPPATH\Controllers\AdmPost.php on line 28.
 1 SYSTEMPATH\Autoloader\Autoloader.php(289): CodeIgniter\Autoloader\Autoloader->includeFile('C:\\xampp\\htdocs\\codi\\app\\Controllers\\AdmPost.php')
 2 SYSTEMPATH\Autoloader\Autoloader.php(267): CodeIgniter\Autoloader\Autoloader->loadInNamespace('App\\Controllers\\AdmPost')
 3 [internal function]: CodeIgniter\Autoloader\Autoloader->loadClass('App\\Controllers\\AdmPost')
 4 SYSTEMPATH\CodeIgniter.php(892): class_exists('\\App\\Controllers\\AdmPost', true)
 5 SYSTEMPATH\CodeIgniter.php(486): CodeIgniter\CodeIgniter->startController()
 6 SYSTEMPATH\CodeIgniter.php(368): CodeIgniter\CodeIgniter->handleRequest(null, Object(Config\Cache), false)
 7 FCPATH\index.php(67): CodeIgniter\CodeIgniter->run()
CRITICAL - 2023-07-14 20:13:06 --> syntax error, unexpected identifier "cortador"
in APPPATH\Controllers\AdmPost.php on line 28.
 1 SYSTEMPATH\Autoloader\Autoloader.php(289): CodeIgniter\Autoloader\Autoloader->includeFile('C:\\xampp\\htdocs\\codi\\app\\Controllers\\AdmPost.php')
 2 SYSTEMPATH\Autoloader\Autoloader.php(267): CodeIgniter\Autoloader\Autoloader->loadInNamespace('App\\Controllers\\AdmPost')
 3 [internal function]: CodeIgniter\Autoloader\Autoloader->loadClass('App\\Controllers\\AdmPost')
 4 SYSTEMPATH\CodeIgniter.php(892): class_exists('\\App\\Controllers\\AdmPost', true)
 5 SYSTEMPATH\CodeIgniter.php(486): CodeIgniter\CodeIgniter->startController()
 6 SYSTEMPATH\CodeIgniter.php(368): CodeIgniter\CodeIgniter->handleRequest(null, Object(Config\Cache), false)
 7 FCPATH\index.php(67): CodeIgniter\CodeIgniter->run()
CRITICAL - 2023-07-14 20:13:07 --> syntax error, unexpected identifier "cortador"
in APPPATH\Controllers\AdmPost.php on line 28.
 1 SYSTEMPATH\Autoloader\Autoloader.php(289): CodeIgniter\Autoloader\Autoloader->includeFile('C:\\xampp\\htdocs\\codi\\app\\Controllers\\AdmPost.php')
 2 SYSTEMPATH\Autoloader\Autoloader.php(267): CodeIgniter\Autoloader\Autoloader->loadInNamespace('App\\Controllers\\AdmPost')
 3 [internal function]: CodeIgniter\Autoloader\Autoloader->loadClass('App\\Controllers\\AdmPost')
 4 SYSTEMPATH\CodeIgniter.php(892): class_exists('\\App\\Controllers\\AdmPost', true)
 5 SYSTEMPATH\CodeIgniter.php(486): CodeIgniter\CodeIgniter->startController()
 6 SYSTEMPATH\CodeIgniter.php(368): CodeIgniter\CodeIgniter->handleRequest(null, Object(Config\Cache), false)
 7 FCPATH\index.php(67): CodeIgniter\CodeIgniter->run()
CRITICAL - 2023-07-14 20:13:08 --> syntax error, unexpected identifier "cortador"
in APPPATH\Controllers\AdmPost.php on line 28.
 1 SYSTEMPATH\Autoloader\Autoloader.php(289): CodeIgniter\Autoloader\Autoloader->includeFile('C:\\xampp\\htdocs\\codi\\app\\Controllers\\AdmPost.php')
 2 SYSTEMPATH\Autoloader\Autoloader.php(267): CodeIgniter\Autoloader\Autoloader->loadInNamespace('App\\Controllers\\AdmPost')
 3 [internal function]: CodeIgniter\Autoloader\Autoloader->loadClass('App\\Controllers\\AdmPost')
 4 SYSTEMPATH\CodeIgniter.php(892): class_exists('\\App\\Controllers\\AdmPost', true)
 5 SYSTEMPATH\CodeIgniter.php(486): CodeIgniter\CodeIgniter->startController()
 6 SYSTEMPATH\CodeIgniter.php(368): CodeIgniter\CodeIgniter->handleRequest(null, Object(Config\Cache), false)
 7 FCPATH\index.php(67): CodeIgniter\CodeIgniter->run()
CRITICAL - 2023-07-14 20:13:09 --> syntax error, unexpected identifier "cortador"
in APPPATH\Controllers\AdmPost.php on line 28.
 1 SYSTEMPATH\Autoloader\Autoloader.php(289): CodeIgniter\Autoloader\Autoloader->includeFile('C:\\xampp\\htdocs\\codi\\app\\Controllers\\AdmPost.php')
 2 SYSTEMPATH\Autoloader\Autoloader.php(267): CodeIgniter\Autoloader\Autoloader->loadInNamespace('App\\Controllers\\AdmPost')
 3 [internal function]: CodeIgniter\Autoloader\Autoloader->loadClass('App\\Controllers\\AdmPost')
 4 SYSTEMPATH\CodeIgniter.php(892): class_exists('\\App\\Controllers\\AdmPost', true)
 5 SYSTEMPATH\CodeIgniter.php(486): CodeIgniter\CodeIgniter->startController()
 6 SYSTEMPATH\CodeIgniter.php(368): CodeIgniter\CodeIgniter->handleRequest(null, Object(Config\Cache), false)
 7 FCPATH\index.php(67): CodeIgniter\CodeIgniter->run()
CRITICAL - 2023-07-14 20:13:10 --> syntax error, unexpected identifier "cortador"
in APPPATH\Controllers\AdmPost.php on line 28.
 1 SYSTEMPATH\Autoloader\Autoloader.php(289): CodeIgniter\Autoloader\Autoloader->includeFile('C:\\xampp\\htdocs\\codi\\app\\Controllers\\AdmPost.php')
 2 SYSTEMPATH\Autoloader\Autoloader.php(267): CodeIgniter\Autoloader\Autoloader->loadInNamespace('App\\Controllers\\AdmPost')
 3 [internal function]: CodeIgniter\Autoloader\Autoloader->loadClass('App\\Controllers\\AdmPost')
 4 SYSTEMPATH\CodeIgniter.php(892): class_exists('\\App\\Controllers\\AdmPost', true)
 5 SYSTEMPATH\CodeIgniter.php(486): CodeIgniter\CodeIgniter->startController()
 6 SYSTEMPATH\CodeIgniter.php(368): CodeIgniter\CodeIgniter->handleRequest(null, Object(Config\Cache), false)
 7 FCPATH\index.php(67): CodeIgniter\CodeIgniter->run()
CRITICAL - 2023-07-14 20:13:11 --> syntax error, unexpected identifier "cortador"
in APPPATH\Controllers\AdmPost.php on line 28.
 1 SYSTEMPATH\Autoloader\Autoloader.php(289): CodeIgniter\Autoloader\Autoloader->includeFile('C:\\xampp\\htdocs\\codi\\app\\Controllers\\AdmPost.php')
 2 SYSTEMPATH\Autoloader\Autoloader.php(267): CodeIgniter\Autoloader\Autoloader->loadInNamespace('App\\Controllers\\AdmPost')
 3 [internal function]: CodeIgniter\Autoloader\Autoloader->loadClass('App\\Controllers\\AdmPost')
 4 SYSTEMPATH\CodeIgniter.php(892): class_exists('\\App\\Controllers\\AdmPost', true)
 5 SYSTEMPATH\CodeIgniter.php(486): CodeIgniter\CodeIgniter->startController()
 6 SYSTEMPATH\CodeIgniter.php(368): CodeIgniter\CodeIgniter->handleRequest(null, Object(Config\Cache), false)
 7 FCPATH\index.php(67): CodeIgniter\CodeIgniter->run()
CRITICAL - 2023-07-14 20:13:12 --> syntax error, unexpected identifier "cortador"
in APPPATH\Controllers\AdmPost.php on line 28.
 1 SYSTEMPATH\Autoloader\Autoloader.php(289): CodeIgniter\Autoloader\Autoloader->includeFile('C:\\xampp\\htdocs\\codi\\app\\Controllers\\AdmPost.php')
 2 SYSTEMPATH\Autoloader\Autoloader.php(267): CodeIgniter\Autoloader\Autoloader->loadInNamespace('App\\Controllers\\AdmPost')
 3 [internal function]: CodeIgniter\Autoloader\Autoloader->loadClass('App\\Controllers\\AdmPost')
 4 SYSTEMPATH\CodeIgniter.php(892): class_exists('\\App\\Controllers\\AdmPost', true)
 5 SYSTEMPATH\CodeIgniter.php(486): CodeIgniter\CodeIgniter->startController()
 6 SYSTEMPATH\CodeIgniter.php(368): CodeIgniter\CodeIgniter->handleRequest(null, Object(Config\Cache), false)
 7 FCPATH\index.php(67): CodeIgniter\CodeIgniter->run()
CRITICAL - 2023-07-14 20:13:13 --> syntax error, unexpected identifier "cortador"
in APPPATH\Controllers\AdmPost.php on line 28.
 1 SYSTEMPATH\Autoloader\Autoloader.php(289): CodeIgniter\Autoloader\Autoloader->includeFile('C:\\xampp\\htdocs\\codi\\app\\Controllers\\AdmPost.php')
 2 SYSTEMPATH\Autoloader\Autoloader.php(267): CodeIgniter\Autoloader\Autoloader->loadInNamespace('App\\Controllers\\AdmPost')
 3 [internal function]: CodeIgniter\Autoloader\Autoloader->loadClass('App\\Controllers\\AdmPost')
 4 SYSTEMPATH\CodeIgniter.php(892): class_exists('\\App\\Controllers\\AdmPost', true)
 5 SYSTEMPATH\CodeIgniter.php(486): CodeIgniter\CodeIgniter->startController()
 6 SYSTEMPATH\CodeIgniter.php(368): CodeIgniter\CodeIgniter->handleRequest(null, Object(Config\Cache), false)
 7 FCPATH\index.php(67): CodeIgniter\CodeIgniter->run()
CRITICAL - 2023-07-14 20:13:14 --> syntax error, unexpected identifier "cortador"
in APPPATH\Controllers\AdmPost.php on line 28.
 1 SYSTEMPATH\Autoloader\Autoloader.php(289): CodeIgniter\Autoloader\Autoloader->includeFile('C:\\xampp\\htdocs\\codi\\app\\Controllers\\AdmPost.php')
 2 SYSTEMPATH\Autoloader\Autoloader.php(267): CodeIgniter\Autoloader\Autoloader->loadInNamespace('App\\Controllers\\AdmPost')
 3 [internal function]: CodeIgniter\Autoloader\Autoloader->loadClass('App\\Controllers\\AdmPost')
 4 SYSTEMPATH\CodeIgniter.php(892): class_exists('\\App\\Controllers\\AdmPost', true)
 5 SYSTEMPATH\CodeIgniter.php(486): CodeIgniter\CodeIgniter->startController()
 6 SYSTEMPATH\CodeIgniter.php(368): CodeIgniter\CodeIgniter->handleRequest(null, Object(Config\Cache), false)
 7 FCPATH\index.php(67): CodeIgniter\CodeIgniter->run()
CRITICAL - 2023-07-14 20:13:15 --> syntax error, unexpected identifier "cortador"
in APPPATH\Controllers\AdmPost.php on line 28.
 1 SYSTEMPATH\Autoloader\Autoloader.php(289): CodeIgniter\Autoloader\Autoloader->includeFile('C:\\xampp\\htdocs\\codi\\app\\Controllers\\AdmPost.php')
 2 SYSTEMPATH\Autoloader\Autoloader.php(267): CodeIgniter\Autoloader\Autoloader->loadInNamespace('App\\Controllers\\AdmPost')
 3 [internal function]: CodeIgniter\Autoloader\Autoloader->loadClass('App\\Controllers\\AdmPost')
 4 SYSTEMPATH\CodeIgniter.php(892): class_exists('\\App\\Controllers\\AdmPost', true)
 5 SYSTEMPATH\CodeIgniter.php(486): CodeIgniter\CodeIgniter->startController()
 6 SYSTEMPATH\CodeIgniter.php(368): CodeIgniter\CodeIgniter->handleRequest(null, Object(Config\Cache), false)
 7 FCPATH\index.php(67): CodeIgniter\CodeIgniter->run()
CRITICAL - 2023-07-14 20:13:16 --> syntax error, unexpected identifier "cortador"
in APPPATH\Controllers\AdmPost.php on line 28.
 1 SYSTEMPATH\Autoloader\Autoloader.php(289): CodeIgniter\Autoloader\Autoloader->includeFile('C:\\xampp\\htdocs\\codi\\app\\Controllers\\AdmPost.php')
 2 SYSTEMPATH\Autoloader\Autoloader.php(267): CodeIgniter\Autoloader\Autoloader->loadInNamespace('App\\Controllers\\AdmPost')
 3 [internal function]: CodeIgniter\Autoloader\Autoloader->loadClass('App\\Controllers\\AdmPost')
 4 SYSTEMPATH\CodeIgniter.php(892): class_exists('\\App\\Controllers\\AdmPost', true)
 5 SYSTEMPATH\CodeIgniter.php(486): CodeIgniter\CodeIgniter->startController()
 6 SYSTEMPATH\CodeIgniter.php(368): CodeIgniter\CodeIgniter->handleRequest(null, Object(Config\Cache), false)
 7 FCPATH\index.php(67): CodeIgniter\CodeIgniter->run()
CRITICAL - 2023-07-14 20:13:17 --> syntax error, unexpected identifier "cortador"
in APPPATH\Controllers\AdmPost.php on line 28.
 1 SYSTEMPATH\Autoloader\Autoloader.php(289): CodeIgniter\Autoloader\Autoloader->includeFile('C:\\xampp\\htdocs\\codi\\app\\Controllers\\AdmPost.php')
 2 SYSTEMPATH\Autoloader\Autoloader.php(267): CodeIgniter\Autoloader\Autoloader->loadInNamespace('App\\Controllers\\AdmPost')
 3 [internal function]: CodeIgniter\Autoloader\Autoloader->loadClass('App\\Controllers\\AdmPost')
 4 SYSTEMPATH\CodeIgniter.php(892): class_exists('\\App\\Controllers\\AdmPost', true)
 5 SYSTEMPATH\CodeIgniter.php(486): CodeIgniter\CodeIgniter->startController()
 6 SYSTEMPATH\CodeIgniter.php(368): CodeIgniter\CodeIgniter->handleRequest(null, Object(Config\Cache), false)
 7 FCPATH\index.php(67): CodeIgniter\CodeIgniter->run()
CRITICAL - 2023-07-14 20:13:18 --> syntax error, unexpected identifier "cortador"
in APPPATH\Controllers\AdmPost.php on line 28.
 1 SYSTEMPATH\Autoloader\Autoloader.php(289): CodeIgniter\Autoloader\Autoloader->includeFile('C:\\xampp\\htdocs\\codi\\app\\Controllers\\AdmPost.php')
 2 SYSTEMPATH\Autoloader\Autoloader.php(267): CodeIgniter\Autoloader\Autoloader->loadInNamespace('App\\Controllers\\AdmPost')
 3 [internal function]: CodeIgniter\Autoloader\Autoloader->loadClass('App\\Controllers\\AdmPost')
 4 SYSTEMPATH\CodeIgniter.php(892): class_exists('\\App\\Controllers\\AdmPost', true)
 5 SYSTEMPATH\CodeIgniter.php(486): CodeIgniter\CodeIgniter->startController()
 6 SYSTEMPATH\CodeIgniter.php(368): CodeIgniter\CodeIgniter->handleRequest(null, Object(Config\Cache), false)
 7 FCPATH\index.php(67): CodeIgniter\CodeIgniter->run()
CRITICAL - 2023-07-14 20:13:19 --> syntax error, unexpected identifier "cortador"
in APPPATH\Controllers\AdmPost.php on line 28.
 1 SYSTEMPATH\Autoloader\Autoloader.php(289): CodeIgniter\Autoloader\Autoloader->includeFile('C:\\xampp\\htdocs\\codi\\app\\Controllers\\AdmPost.php')
 2 SYSTEMPATH\Autoloader\Autoloader.php(267): CodeIgniter\Autoloader\Autoloader->loadInNamespace('App\\Controllers\\AdmPost')
 3 [internal function]: CodeIgniter\Autoloader\Autoloader->loadClass('App\\Controllers\\AdmPost')
 4 SYSTEMPATH\CodeIgniter.php(892): class_exists('\\App\\Controllers\\AdmPost', true)
 5 SYSTEMPATH\CodeIgniter.php(486): CodeIgniter\CodeIgniter->startController()
 6 SYSTEMPATH\CodeIgniter.php(368): CodeIgniter\CodeIgniter->handleRequest(null, Object(Config\Cache), false)
 7 FCPATH\index.php(67): CodeIgniter\CodeIgniter->run()
CRITICAL - 2023-07-14 20:13:20 --> syntax error, unexpected identifier "cortador"
in APPPATH\Controllers\AdmPost.php on line 28.
 1 SYSTEMPATH\Autoloader\Autoloader.php(289): CodeIgniter\Autoloader\Autoloader->includeFile('C:\\xampp\\htdocs\\codi\\app\\Controllers\\AdmPost.php')
 2 SYSTEMPATH\Autoloader\Autoloader.php(267): CodeIgniter\Autoloader\Autoloader->loadInNamespace('App\\Controllers\\AdmPost')
 3 [internal function]: CodeIgniter\Autoloader\Autoloader->loadClass('App\\Controllers\\AdmPost')
 4 SYSTEMPATH\CodeIgniter.php(892): class_exists('\\App\\Controllers\\AdmPost', true)
 5 SYSTEMPATH\CodeIgniter.php(486): CodeIgniter\CodeIgniter->startController()
 6 SYSTEMPATH\CodeIgniter.php(368): CodeIgniter\CodeIgniter->handleRequest(null, Object(Config\Cache), false)
 7 FCPATH\index.php(67): CodeIgniter\CodeIgniter->run()
CRITICAL - 2023-07-14 20:13:21 --> syntax error, unexpected identifier "cortador"
in APPPATH\Controllers\AdmPost.php on line 28.
 1 SYSTEMPATH\Autoloader\Autoloader.php(289): CodeIgniter\Autoloader\Autoloader->includeFile('C:\\xampp\\htdocs\\codi\\app\\Controllers\\AdmPost.php')
 2 SYSTEMPATH\Autoloader\Autoloader.php(267): CodeIgniter\Autoloader\Autoloader->loadInNamespace('App\\Controllers\\AdmPost')
 3 [internal function]: CodeIgniter\Autoloader\Autoloader->loadClass('App\\Controllers\\AdmPost')
 4 SYSTEMPATH\CodeIgniter.php(892): class_exists('\\App\\Controllers\\AdmPost', true)
 5 SYSTEMPATH\CodeIgniter.php(486): CodeIgniter\CodeIgniter->startController()
 6 SYSTEMPATH\CodeIgniter.php(368): CodeIgniter\CodeIgniter->handleRequest(null, Object(Config\Cache), false)
 7 FCPATH\index.php(67): CodeIgniter\CodeIgniter->run()
CRITICAL - 2023-07-14 20:13:22 --> syntax error, unexpected identifier "cortador"
in APPPATH\Controllers\AdmPost.php on line 28.
 1 SYSTEMPATH\Autoloader\Autoloader.php(289): CodeIgniter\Autoloader\Autoloader->includeFile('C:\\xampp\\htdocs\\codi\\app\\Controllers\\AdmPost.php')
 2 SYSTEMPATH\Autoloader\Autoloader.php(267): CodeIgniter\Autoloader\Autoloader->loadInNamespace('App\\Controllers\\AdmPost')
 3 [internal function]: CodeIgniter\Autoloader\Autoloader->loadClass('App\\Controllers\\AdmPost')
 4 SYSTEMPATH\CodeIgniter.php(892): class_exists('\\App\\Controllers\\AdmPost', true)
 5 SYSTEMPATH\CodeIgniter.php(486): CodeIgniter\CodeIgniter->startController()
 6 SYSTEMPATH\CodeIgniter.php(368): CodeIgniter\CodeIgniter->handleRequest(null, Object(Config\Cache), false)
 7 FCPATH\index.php(67): CodeIgniter\CodeIgniter->run()
CRITICAL - 2023-07-14 20:13:23 --> syntax error, unexpected identifier "cortador"
in APPPATH\Controllers\AdmPost.php on line 28.
 1 SYSTEMPATH\Autoloader\Autoloader.php(289): CodeIgniter\Autoloader\Autoloader->includeFile('C:\\xampp\\htdocs\\codi\\app\\Controllers\\AdmPost.php')
 2 SYSTEMPATH\Autoloader\Autoloader.php(267): CodeIgniter\Autoloader\Autoloader->loadInNamespace('App\\Controllers\\AdmPost')
 3 [internal function]: CodeIgniter\Autoloader\Autoloader->loadClass('App\\Controllers\\AdmPost')
 4 SYSTEMPATH\CodeIgniter.php(892): class_exists('\\App\\Controllers\\AdmPost', true)
 5 SYSTEMPATH\CodeIgniter.php(486): CodeIgniter\CodeIgniter->startController()
 6 SYSTEMPATH\CodeIgniter.php(368): CodeIgniter\CodeIgniter->handleRequest(null, Object(Config\Cache), false)
 7 FCPATH\index.php(67): CodeIgniter\CodeIgniter->run()
CRITICAL - 2023-07-14 20:13:24 --> syntax error, unexpected identifier "cortador"
in APPPATH\Controllers\AdmPost.php on line 28.
 1 SYSTEMPATH\Autoloader\Autoloader.php(289): CodeIgniter\Autoloader\Autoloader->includeFile('C:\\xampp\\htdocs\\codi\\app\\Controllers\\AdmPost.php')
 2 SYSTEMPATH\Autoloader\Autoloader.php(267): CodeIgniter\Autoloader\Autoloader->loadInNamespace('App\\Controllers\\AdmPost')
 3 [internal function]: CodeIgniter\Autoloader\Autoloader->loadClass('App\\Controllers\\AdmPost')
 4 SYSTEMPATH\CodeIgniter.php(892): class_exists('\\App\\Controllers\\AdmPost', true)
 5 SYSTEMPATH\CodeIgniter.php(486): CodeIgniter\CodeIgniter->startController()
 6 SYSTEMPATH\CodeIgniter.php(368): CodeIgniter\CodeIgniter->handleRequest(null, Object(Config\Cache), false)
 7 FCPATH\index.php(67): CodeIgniter\CodeIgniter->run()
CRITICAL - 2023-07-14 20:13:25 --> syntax error, unexpected identifier "cortador"
in APPPATH\Controllers\AdmPost.php on line 28.
 1 SYSTEMPATH\Autoloader\Autoloader.php(289): CodeIgniter\Autoloader\Autoloader->includeFile('C:\\xampp\\htdocs\\codi\\app\\Controllers\\AdmPost.php')
 2 SYSTEMPATH\Autoloader\Autoloader.php(267): CodeIgniter\Autoloader\Autoloader->loadInNamespace('App\\Controllers\\AdmPost')
 3 [internal function]: CodeIgniter\Autoloader\Autoloader->loadClass('App\\Controllers\\AdmPost')
 4 SYSTEMPATH\CodeIgniter.php(892): class_exists('\\App\\Controllers\\AdmPost', true)
 5 SYSTEMPATH\CodeIgniter.php(486): CodeIgniter\CodeIgniter->startController()
 6 SYSTEMPATH\CodeIgniter.php(368): CodeIgniter\CodeIgniter->handleRequest(null, Object(Config\Cache), false)
 7 FCPATH\index.php(67): CodeIgniter\CodeIgniter->run()
CRITICAL - 2023-07-14 20:13:26 --> syntax error, unexpected identifier "cortador"
in APPPATH\Controllers\AdmPost.php on line 28.
 1 SYSTEMPATH\Autoloader\Autoloader.php(289): CodeIgniter\Autoloader\Autoloader->includeFile('C:\\xampp\\htdocs\\codi\\app\\Controllers\\AdmPost.php')
 2 SYSTEMPATH\Autoloader\Autoloader.php(267): CodeIgniter\Autoloader\Autoloader->loadInNamespace('App\\Controllers\\AdmPost')
 3 [internal function]: CodeIgniter\Autoloader\Autoloader->loadClass('App\\Controllers\\AdmPost')
 4 SYSTEMPATH\CodeIgniter.php(892): class_exists('\\App\\Controllers\\AdmPost', true)
 5 SYSTEMPATH\CodeIgniter.php(486): CodeIgniter\CodeIgniter->startController()
 6 SYSTEMPATH\CodeIgniter.php(368): CodeIgniter\CodeIgniter->handleRequest(null, Object(Config\Cache), false)
 7 FCPATH\index.php(67): CodeIgniter\CodeIgniter->run()
CRITICAL - 2023-07-14 20:13:27 --> syntax error, unexpected identifier "cortador"
in APPPATH\Controllers\AdmPost.php on line 28.
 1 SYSTEMPATH\Autoloader\Autoloader.php(289): CodeIgniter\Autoloader\Autoloader->includeFile('C:\\xampp\\htdocs\\codi\\app\\Controllers\\AdmPost.php')
 2 SYSTEMPATH\Autoloader\Autoloader.php(267): CodeIgniter\Autoloader\Autoloader->loadInNamespace('App\\Controllers\\AdmPost')
 3 [internal function]: CodeIgniter\Autoloader\Autoloader->loadClass('App\\Controllers\\AdmPost')
 4 SYSTEMPATH\CodeIgniter.php(892): class_exists('\\App\\Controllers\\AdmPost', true)
 5 SYSTEMPATH\CodeIgniter.php(486): CodeIgniter\CodeIgniter->startController()
 6 SYSTEMPATH\CodeIgniter.php(368): CodeIgniter\CodeIgniter->handleRequest(null, Object(Config\Cache), false)
 7 FCPATH\index.php(67): CodeIgniter\CodeIgniter->run()
CRITICAL - 2023-07-14 20:13:28 --> syntax error, unexpected identifier "cortador"
in APPPATH\Controllers\AdmPost.php on line 28.
 1 SYSTEMPATH\Autoloader\Autoloader.php(289): CodeIgniter\Autoloader\Autoloader->includeFile('C:\\xampp\\htdocs\\codi\\app\\Controllers\\AdmPost.php')
 2 SYSTEMPATH\Autoloader\Autoloader.php(267): CodeIgniter\Autoloader\Autoloader->loadInNamespace('App\\Controllers\\AdmPost')
 3 [internal function]: CodeIgniter\Autoloader\Autoloader->loadClass('App\\Controllers\\AdmPost')
 4 SYSTEMPATH\CodeIgniter.php(892): class_exists('\\App\\Controllers\\AdmPost', true)
 5 SYSTEMPATH\CodeIgniter.php(486): CodeIgniter\CodeIgniter->startController()
 6 SYSTEMPATH\CodeIgniter.php(368): CodeIgniter\CodeIgniter->handleRequest(null, Object(Config\Cache), false)
 7 FCPATH\index.php(67): CodeIgniter\CodeIgniter->run()
CRITICAL - 2023-07-14 20:13:29 --> syntax error, unexpected identifier "cortador"
in APPPATH\Controllers\AdmPost.php on line 28.
 1 SYSTEMPATH\Autoloader\Autoloader.php(289): CodeIgniter\Autoloader\Autoloader->includeFile('C:\\xampp\\htdocs\\codi\\app\\Controllers\\AdmPost.php')
 2 SYSTEMPATH\Autoloader\Autoloader.php(267): CodeIgniter\Autoloader\Autoloader->loadInNamespace('App\\Controllers\\AdmPost')
 3 [internal function]: CodeIgniter\Autoloader\Autoloader->loadClass('App\\Controllers\\AdmPost')
 4 SYSTEMPATH\CodeIgniter.php(892): class_exists('\\App\\Controllers\\AdmPost', true)
 5 SYSTEMPATH\CodeIgniter.php(486): CodeIgniter\CodeIgniter->startController()
 6 SYSTEMPATH\CodeIgniter.php(368): CodeIgniter\CodeIgniter->handleRequest(null, Object(Config\Cache), false)
 7 FCPATH\index.php(67): CodeIgniter\CodeIgniter->run()
CRITICAL - 2023-07-14 20:13:30 --> syntax error, unexpected identifier "cortador"
in APPPATH\Controllers\AdmPost.php on line 28.
 1 SYSTEMPATH\Autoloader\Autoloader.php(289): CodeIgniter\Autoloader\Autoloader->includeFile('C:\\xampp\\htdocs\\codi\\app\\Controllers\\AdmPost.php')
 2 SYSTEMPATH\Autoloader\Autoloader.php(267): CodeIgniter\Autoloader\Autoloader->loadInNamespace('App\\Controllers\\AdmPost')
 3 [internal function]: CodeIgniter\Autoloader\Autoloader->loadClass('App\\Controllers\\AdmPost')
 4 SYSTEMPATH\CodeIgniter.php(892): class_exists('\\App\\Controllers\\AdmPost', true)
 5 SYSTEMPATH\CodeIgniter.php(486): CodeIgniter\CodeIgniter->startController()
 6 SYSTEMPATH\CodeIgniter.php(368): CodeIgniter\CodeIgniter->handleRequest(null, Object(Config\Cache), false)
 7 FCPATH\index.php(67): CodeIgniter\CodeIgniter->run()
CRITICAL - 2023-07-14 20:13:31 --> syntax error, unexpected identifier "cortador"
in APPPATH\Controllers\AdmPost.php on line 28.
 1 SYSTEMPATH\Autoloader\Autoloader.php(289): CodeIgniter\Autoloader\Autoloader->includeFile('C:\\xampp\\htdocs\\codi\\app\\Controllers\\AdmPost.php')
 2 SYSTEMPATH\Autoloader\Autoloader.php(267): CodeIgniter\Autoloader\Autoloader->loadInNamespace('App\\Controllers\\AdmPost')
 3 [internal function]: CodeIgniter\Autoloader\Autoloader->loadClass('App\\Controllers\\AdmPost')
 4 SYSTEMPATH\CodeIgniter.php(892): class_exists('\\App\\Controllers\\AdmPost', true)
 5 SYSTEMPATH\CodeIgniter.php(486): CodeIgniter\CodeIgniter->startController()
 6 SYSTEMPATH\CodeIgniter.php(368): CodeIgniter\CodeIgniter->handleRequest(null, Object(Config\Cache), false)
 7 FCPATH\index.php(67): CodeIgniter\CodeIgniter->run()
CRITICAL - 2023-07-14 20:13:32 --> syntax error, unexpected identifier "cortador"
in APPPATH\Controllers\AdmPost.php on line 28.
 1 SYSTEMPATH\Autoloader\Autoloader.php(289): CodeIgniter\Autoloader\Autoloader->includeFile('C:\\xampp\\htdocs\\codi\\app\\Controllers\\AdmPost.php')
 2 SYSTEMPATH\Autoloader\Autoloader.php(267): CodeIgniter\Autoloader\Autoloader->loadInNamespace('App\\Controllers\\AdmPost')
 3 [internal function]: CodeIgniter\Autoloader\Autoloader->loadClass('App\\Controllers\\AdmPost')
 4 SYSTEMPATH\CodeIgniter.php(892): class_exists('\\App\\Controllers\\AdmPost', true)
 5 SYSTEMPATH\CodeIgniter.php(486): CodeIgniter\CodeIgniter->startController()
 6 SYSTEMPATH\CodeIgniter.php(368): CodeIgniter\CodeIgniter->handleRequest(null, Object(Config\Cache), false)
 7 FCPATH\index.php(67): CodeIgniter\CodeIgniter->run()
CRITICAL - 2023-07-14 20:13:33 --> syntax error, unexpected identifier "cortador"
in APPPATH\Controllers\AdmPost.php on line 28.
 1 SYSTEMPATH\Autoloader\Autoloader.php(289): CodeIgniter\Autoloader\Autoloader->includeFile('C:\\xampp\\htdocs\\codi\\app\\Controllers\\AdmPost.php')
 2 SYSTEMPATH\Autoloader\Autoloader.php(267): CodeIgniter\Autoloader\Autoloader->loadInNamespace('App\\Controllers\\AdmPost')
 3 [internal function]: CodeIgniter\Autoloader\Autoloader->loadClass('App\\Controllers\\AdmPost')
 4 SYSTEMPATH\CodeIgniter.php(892): class_exists('\\App\\Controllers\\AdmPost', true)
 5 SYSTEMPATH\CodeIgniter.php(486): CodeIgniter\CodeIgniter->startController()
 6 SYSTEMPATH\CodeIgniter.php(368): CodeIgniter\CodeIgniter->handleRequest(null, Object(Config\Cache), false)
 7 FCPATH\index.php(67): CodeIgniter\CodeIgniter->run()
CRITICAL - 2023-07-14 20:13:34 --> syntax error, unexpected identifier "cortador"
in APPPATH\Controllers\AdmPost.php on line 28.
 1 SYSTEMPATH\Autoloader\Autoloader.php(289): CodeIgniter\Autoloader\Autoloader->includeFile('C:\\xampp\\htdocs\\codi\\app\\Controllers\\AdmPost.php')
 2 SYSTEMPATH\Autoloader\Autoloader.php(267): CodeIgniter\Autoloader\Autoloader->loadInNamespace('App\\Controllers\\AdmPost')
 3 [internal function]: CodeIgniter\Autoloader\Autoloader->loadClass('App\\Controllers\\AdmPost')
 4 SYSTEMPATH\CodeIgniter.php(892): class_exists('\\App\\Controllers\\AdmPost', true)
 5 SYSTEMPATH\CodeIgniter.php(486): CodeIgniter\CodeIgniter->startController()
 6 SYSTEMPATH\CodeIgniter.php(368): CodeIgniter\CodeIgniter->handleRequest(null, Object(Config\Cache), false)
 7 FCPATH\index.php(67): CodeIgniter\CodeIgniter->run()
CRITICAL - 2023-07-14 20:13:35 --> syntax error, unexpected identifier "cortador"
in APPPATH\Controllers\AdmPost.php on line 28.
 1 SYSTEMPATH\Autoloader\Autoloader.php(289): CodeIgniter\Autoloader\Autoloader->includeFile('C:\\xampp\\htdocs\\codi\\app\\Controllers\\AdmPost.php')
 2 SYSTEMPATH\Autoloader\Autoloader.php(267): CodeIgniter\Autoloader\Autoloader->loadInNamespace('App\\Controllers\\AdmPost')
 3 [internal function]: CodeIgniter\Autoloader\Autoloader->loadClass('App\\Controllers\\AdmPost')
 4 SYSTEMPATH\CodeIgniter.php(892): class_exists('\\App\\Controllers\\AdmPost', true)
 5 SYSTEMPATH\CodeIgniter.php(486): CodeIgniter\CodeIgniter->startController()
 6 SYSTEMPATH\CodeIgniter.php(368): CodeIgniter\CodeIgniter->handleRequest(null, Object(Config\Cache), false)
 7 FCPATH\index.php(67): CodeIgniter\CodeIgniter->run()
CRITICAL - 2023-07-14 20:13:37 --> syntax error, unexpected identifier "cortador"
in APPPATH\Controllers\AdmPost.php on line 28.
 1 SYSTEMPATH\Autoloader\Autoloader.php(289): CodeIgniter\Autoloader\Autoloader->includeFile('C:\\xampp\\htdocs\\codi\\app\\Controllers\\AdmPost.php')
 2 SYSTEMPATH\Autoloader\Autoloader.php(267): CodeIgniter\Autoloader\Autoloader->loadInNamespace('App\\Controllers\\AdmPost')
 3 [internal function]: CodeIgniter\Autoloader\Autoloader->loadClass('App\\Controllers\\AdmPost')
 4 SYSTEMPATH\CodeIgniter.php(892): class_exists('\\App\\Controllers\\AdmPost', true)
 5 SYSTEMPATH\CodeIgniter.php(486): CodeIgniter\CodeIgniter->startController()
 6 SYSTEMPATH\CodeIgniter.php(368): CodeIgniter\CodeIgniter->handleRequest(null, Object(Config\Cache), false)
 7 FCPATH\index.php(67): CodeIgniter\CodeIgniter->run()
CRITICAL - 2023-07-14 20:13:49 --> syntax error, unexpected identifier "cortador"
in APPPATH\Controllers\AdmPost.php on line 27.
 1 SYSTEMPATH\Autoloader\Autoloader.php(289): CodeIgniter\Autoloader\Autoloader->includeFile('C:\\xampp\\htdocs\\codi\\app\\Controllers\\AdmPost.php')
 2 SYSTEMPATH\Autoloader\Autoloader.php(267): CodeIgniter\Autoloader\Autoloader->loadInNamespace('App\\Controllers\\AdmPost')
 3 [internal function]: CodeIgniter\Autoloader\Autoloader->loadClass('App\\Controllers\\AdmPost')
 4 SYSTEMPATH\CodeIgniter.php(892): class_exists('\\App\\Controllers\\AdmPost', true)
 5 SYSTEMPATH\CodeIgniter.php(486): CodeIgniter\CodeIgniter->startController()
 6 SYSTEMPATH\CodeIgniter.php(368): CodeIgniter\CodeIgniter->handleRequest(null, Object(Config\Cache), false)
 7 FCPATH\index.php(67): CodeIgniter\CodeIgniter->run()
CRITICAL - 2023-07-14 20:13:49 --> syntax error, unexpected identifier "cortador"
in APPPATH\Controllers\AdmPost.php on line 27.
 1 SYSTEMPATH\Autoloader\Autoloader.php(289): CodeIgniter\Autoloader\Autoloader->includeFile('C:\\xampp\\htdocs\\codi\\app\\Controllers\\AdmPost.php')
 2 SYSTEMPATH\Autoloader\Autoloader.php(267): CodeIgniter\Autoloader\Autoloader->loadInNamespace('App\\Controllers\\AdmPost')
 3 [internal function]: CodeIgniter\Autoloader\Autoloader->loadClass('App\\Controllers\\AdmPost')
 4 SYSTEMPATH\CodeIgniter.php(892): class_exists('\\App\\Controllers\\AdmPost', true)
 5 SYSTEMPATH\CodeIgniter.php(486): CodeIgniter\CodeIgniter->startController()
 6 SYSTEMPATH\CodeIgniter.php(368): CodeIgniter\CodeIgniter->handleRequest(null, Object(Config\Cache), false)
 7 FCPATH\index.php(67): CodeIgniter\CodeIgniter->run()
CRITICAL - 2023-07-14 20:13:50 --> syntax error, unexpected identifier "cortador"
in APPPATH\Controllers\AdmPost.php on line 27.
 1 SYSTEMPATH\Autoloader\Autoloader.php(289): CodeIgniter\Autoloader\Autoloader->includeFile('C:\\xampp\\htdocs\\codi\\app\\Controllers\\AdmPost.php')
 2 SYSTEMPATH\Autoloader\Autoloader.php(267): CodeIgniter\Autoloader\Autoloader->loadInNamespace('App\\Controllers\\AdmPost')
 3 [internal function]: CodeIgniter\Autoloader\Autoloader->loadClass('App\\Controllers\\AdmPost')
 4 SYSTEMPATH\CodeIgniter.php(892): class_exists('\\App\\Controllers\\AdmPost', true)
 5 SYSTEMPATH\CodeIgniter.php(486): CodeIgniter\CodeIgniter->startController()
 6 SYSTEMPATH\CodeIgniter.php(368): CodeIgniter\CodeIgniter->handleRequest(null, Object(Config\Cache), false)
 7 FCPATH\index.php(67): CodeIgniter\CodeIgniter->run()
CRITICAL - 2023-07-14 20:13:51 --> syntax error, unexpected identifier "cortador"
in APPPATH\Controllers\AdmPost.php on line 27.
 1 SYSTEMPATH\Autoloader\Autoloader.php(289): CodeIgniter\Autoloader\Autoloader->includeFile('C:\\xampp\\htdocs\\codi\\app\\Controllers\\AdmPost.php')
 2 SYSTEMPATH\Autoloader\Autoloader.php(267): CodeIgniter\Autoloader\Autoloader->loadInNamespace('App\\Controllers\\AdmPost')
 3 [internal function]: CodeIgniter\Autoloader\Autoloader->loadClass('App\\Controllers\\AdmPost')
 4 SYSTEMPATH\CodeIgniter.php(892): class_exists('\\App\\Controllers\\AdmPost', true)
 5 SYSTEMPATH\CodeIgniter.php(486): CodeIgniter\CodeIgniter->startController()
 6 SYSTEMPATH\CodeIgniter.php(368): CodeIgniter\CodeIgniter->handleRequest(null, Object(Config\Cache), false)
 7 FCPATH\index.php(67): CodeIgniter\CodeIgniter->run()
CRITICAL - 2023-07-14 20:13:52 --> syntax error, unexpected identifier "cortador"
in APPPATH\Controllers\AdmPost.php on line 27.
 1 SYSTEMPATH\Autoloader\Autoloader.php(289): CodeIgniter\Autoloader\Autoloader->includeFile('C:\\xampp\\htdocs\\codi\\app\\Controllers\\AdmPost.php')
 2 SYSTEMPATH\Autoloader\Autoloader.php(267): CodeIgniter\Autoloader\Autoloader->loadInNamespace('App\\Controllers\\AdmPost')
 3 [internal function]: CodeIgniter\Autoloader\Autoloader->loadClass('App\\Controllers\\AdmPost')
 4 SYSTEMPATH\CodeIgniter.php(892): class_exists('\\App\\Controllers\\AdmPost', true)
 5 SYSTEMPATH\CodeIgniter.php(486): CodeIgniter\CodeIgniter->startController()
 6 SYSTEMPATH\CodeIgniter.php(368): CodeIgniter\CodeIgniter->handleRequest(null, Object(Config\Cache), false)
 7 FCPATH\index.php(67): CodeIgniter\CodeIgniter->run()
CRITICAL - 2023-07-14 20:13:53 --> syntax error, unexpected identifier "cortador"
in APPPATH\Controllers\AdmPost.php on line 27.
 1 SYSTEMPATH\Autoloader\Autoloader.php(289): CodeIgniter\Autoloader\Autoloader->includeFile('C:\\xampp\\htdocs\\codi\\app\\Controllers\\AdmPost.php')
 2 SYSTEMPATH\Autoloader\Autoloader.php(267): CodeIgniter\Autoloader\Autoloader->loadInNamespace('App\\Controllers\\AdmPost')
 3 [internal function]: CodeIgniter\Autoloader\Autoloader->loadClass('App\\Controllers\\AdmPost')
 4 SYSTEMPATH\CodeIgniter.php(892): class_exists('\\App\\Controllers\\AdmPost', true)
 5 SYSTEMPATH\CodeIgniter.php(486): CodeIgniter\CodeIgniter->startController()
 6 SYSTEMPATH\CodeIgniter.php(368): CodeIgniter\CodeIgniter->handleRequest(null, Object(Config\Cache), false)
 7 FCPATH\index.php(67): CodeIgniter\CodeIgniter->run()
CRITICAL - 2023-07-14 20:13:54 --> syntax error, unexpected identifier "cortador"
in APPPATH\Controllers\AdmPost.php on line 27.
 1 SYSTEMPATH\Autoloader\Autoloader.php(289): CodeIgniter\Autoloader\Autoloader->includeFile('C:\\xampp\\htdocs\\codi\\app\\Controllers\\AdmPost.php')
 2 SYSTEMPATH\Autoloader\Autoloader.php(267): CodeIgniter\Autoloader\Autoloader->loadInNamespace('App\\Controllers\\AdmPost')
 3 [internal function]: CodeIgniter\Autoloader\Autoloader->loadClass('App\\Controllers\\AdmPost')
 4 SYSTEMPATH\CodeIgniter.php(892): class_exists('\\App\\Controllers\\AdmPost', true)
 5 SYSTEMPATH\CodeIgniter.php(486): CodeIgniter\CodeIgniter->startController()
 6 SYSTEMPATH\CodeIgniter.php(368): CodeIgniter\CodeIgniter->handleRequest(null, Object(Config\Cache), false)
 7 FCPATH\index.php(67): CodeIgniter\CodeIgniter->run()
CRITICAL - 2023-07-14 20:13:55 --> syntax error, unexpected identifier "cortador"
in APPPATH\Controllers\AdmPost.php on line 27.
 1 SYSTEMPATH\Autoloader\Autoloader.php(289): CodeIgniter\Autoloader\Autoloader->includeFile('C:\\xampp\\htdocs\\codi\\app\\Controllers\\AdmPost.php')
 2 SYSTEMPATH\Autoloader\Autoloader.php(267): CodeIgniter\Autoloader\Autoloader->loadInNamespace('App\\Controllers\\AdmPost')
 3 [internal function]: CodeIgniter\Autoloader\Autoloader->loadClass('App\\Controllers\\AdmPost')
 4 SYSTEMPATH\CodeIgniter.php(892): class_exists('\\App\\Controllers\\AdmPost', true)
 5 SYSTEMPATH\CodeIgniter.php(486): CodeIgniter\CodeIgniter->startController()
 6 SYSTEMPATH\CodeIgniter.php(368): CodeIgniter\CodeIgniter->handleRequest(null, Object(Config\Cache), false)
 7 FCPATH\index.php(67): CodeIgniter\CodeIgniter->run()
CRITICAL - 2023-07-14 20:13:56 --> syntax error, unexpected identifier "cortador"
in APPPATH\Controllers\AdmPost.php on line 27.
 1 SYSTEMPATH\Autoloader\Autoloader.php(289): CodeIgniter\Autoloader\Autoloader->includeFile('C:\\xampp\\htdocs\\codi\\app\\Controllers\\AdmPost.php')
 2 SYSTEMPATH\Autoloader\Autoloader.php(267): CodeIgniter\Autoloader\Autoloader->loadInNamespace('App\\Controllers\\AdmPost')
 3 [internal function]: CodeIgniter\Autoloader\Autoloader->loadClass('App\\Controllers\\AdmPost')
 4 SYSTEMPATH\CodeIgniter.php(892): class_exists('\\App\\Controllers\\AdmPost', true)
 5 SYSTEMPATH\CodeIgniter.php(486): CodeIgniter\CodeIgniter->startController()
 6 SYSTEMPATH\CodeIgniter.php(368): CodeIgniter\CodeIgniter->handleRequest(null, Object(Config\Cache), false)
 7 FCPATH\index.php(67): CodeIgniter\CodeIgniter->run()
CRITICAL - 2023-07-14 20:13:57 --> syntax error, unexpected identifier "cortador"
in APPPATH\Controllers\AdmPost.php on line 27.
 1 SYSTEMPATH\Autoloader\Autoloader.php(289): CodeIgniter\Autoloader\Autoloader->includeFile('C:\\xampp\\htdocs\\codi\\app\\Controllers\\AdmPost.php')
 2 SYSTEMPATH\Autoloader\Autoloader.php(267): CodeIgniter\Autoloader\Autoloader->loadInNamespace('App\\Controllers\\AdmPost')
 3 [internal function]: CodeIgniter\Autoloader\Autoloader->loadClass('App\\Controllers\\AdmPost')
 4 SYSTEMPATH\CodeIgniter.php(892): class_exists('\\App\\Controllers\\AdmPost', true)
 5 SYSTEMPATH\CodeIgniter.php(486): CodeIgniter\CodeIgniter->startController()
 6 SYSTEMPATH\CodeIgniter.php(368): CodeIgniter\CodeIgniter->handleRequest(null, Object(Config\Cache), false)
 7 FCPATH\index.php(67): CodeIgniter\CodeIgniter->run()
CRITICAL - 2023-07-14 20:13:58 --> syntax error, unexpected identifier "cortador"
in APPPATH\Controllers\AdmPost.php on line 27.
 1 SYSTEMPATH\Autoloader\Autoloader.php(289): CodeIgniter\Autoloader\Autoloader->includeFile('C:\\xampp\\htdocs\\codi\\app\\Controllers\\AdmPost.php')
 2 SYSTEMPATH\Autoloader\Autoloader.php(267): CodeIgniter\Autoloader\Autoloader->loadInNamespace('App\\Controllers\\AdmPost')
 3 [internal function]: CodeIgniter\Autoloader\Autoloader->loadClass('App\\Controllers\\AdmPost')
 4 SYSTEMPATH\CodeIgniter.php(892): class_exists('\\App\\Controllers\\AdmPost', true)
 5 SYSTEMPATH\CodeIgniter.php(486): CodeIgniter\CodeIgniter->startController()
 6 SYSTEMPATH\CodeIgniter.php(368): CodeIgniter\CodeIgniter->handleRequest(null, Object(Config\Cache), false)
 7 FCPATH\index.php(67): CodeIgniter\CodeIgniter->run()
CRITICAL - 2023-07-14 20:13:59 --> syntax error, unexpected identifier "cortador"
in APPPATH\Controllers\AdmPost.php on line 27.
 1 SYSTEMPATH\Autoloader\Autoloader.php(289): CodeIgniter\Autoloader\Autoloader->includeFile('C:\\xampp\\htdocs\\codi\\app\\Controllers\\AdmPost.php')
 2 SYSTEMPATH\Autoloader\Autoloader.php(267): CodeIgniter\Autoloader\Autoloader->loadInNamespace('App\\Controllers\\AdmPost')
 3 [internal function]: CodeIgniter\Autoloader\Autoloader->loadClass('App\\Controllers\\AdmPost')
 4 SYSTEMPATH\CodeIgniter.php(892): class_exists('\\App\\Controllers\\AdmPost', true)
 5 SYSTEMPATH\CodeIgniter.php(486): CodeIgniter\CodeIgniter->startController()
 6 SYSTEMPATH\CodeIgniter.php(368): CodeIgniter\CodeIgniter->handleRequest(null, Object(Config\Cache), false)
 7 FCPATH\index.php(67): CodeIgniter\CodeIgniter->run()
CRITICAL - 2023-07-14 20:14:00 --> syntax error, unexpected identifier "cortador"
in APPPATH\Controllers\AdmPost.php on line 27.
 1 SYSTEMPATH\Autoloader\Autoloader.php(289): CodeIgniter\Autoloader\Autoloader->includeFile('C:\\xampp\\htdocs\\codi\\app\\Controllers\\AdmPost.php')
 2 SYSTEMPATH\Autoloader\Autoloader.php(267): CodeIgniter\Autoloader\Autoloader->loadInNamespace('App\\Controllers\\AdmPost')
 3 [internal function]: CodeIgniter\Autoloader\Autoloader->loadClass('App\\Controllers\\AdmPost')
 4 SYSTEMPATH\CodeIgniter.php(892): class_exists('\\App\\Controllers\\AdmPost', true)
 5 SYSTEMPATH\CodeIgniter.php(486): CodeIgniter\CodeIgniter->startController()
 6 SYSTEMPATH\CodeIgniter.php(368): CodeIgniter\CodeIgniter->handleRequest(null, Object(Config\Cache), false)
 7 FCPATH\index.php(67): CodeIgniter\CodeIgniter->run()
CRITICAL - 2023-07-14 20:14:01 --> syntax error, unexpected identifier "cortador"
in APPPATH\Controllers\AdmPost.php on line 27.
 1 SYSTEMPATH\Autoloader\Autoloader.php(289): CodeIgniter\Autoloader\Autoloader->includeFile('C:\\xampp\\htdocs\\codi\\app\\Controllers\\AdmPost.php')
 2 SYSTEMPATH\Autoloader\Autoloader.php(267): CodeIgniter\Autoloader\Autoloader->loadInNamespace('App\\Controllers\\AdmPost')
 3 [internal function]: CodeIgniter\Autoloader\Autoloader->loadClass('App\\Controllers\\AdmPost')
 4 SYSTEMPATH\CodeIgniter.php(892): class_exists('\\App\\Controllers\\AdmPost', true)
 5 SYSTEMPATH\CodeIgniter.php(486): CodeIgniter\CodeIgniter->startController()
 6 SYSTEMPATH\CodeIgniter.php(368): CodeIgniter\CodeIgniter->handleRequest(null, Object(Config\Cache), false)
 7 FCPATH\index.php(67): CodeIgniter\CodeIgniter->run()
CRITICAL - 2023-07-14 20:14:02 --> syntax error, unexpected identifier "cortador"
in APPPATH\Controllers\AdmPost.php on line 27.
 1 SYSTEMPATH\Autoloader\Autoloader.php(289): CodeIgniter\Autoloader\Autoloader->includeFile('C:\\xampp\\htdocs\\codi\\app\\Controllers\\AdmPost.php')
 2 SYSTEMPATH\Autoloader\Autoloader.php(267): CodeIgniter\Autoloader\Autoloader->loadInNamespace('App\\Controllers\\AdmPost')
 3 [internal function]: CodeIgniter\Autoloader\Autoloader->loadClass('App\\Controllers\\AdmPost')
 4 SYSTEMPATH\CodeIgniter.php(892): class_exists('\\App\\Controllers\\AdmPost', true)
 5 SYSTEMPATH\CodeIgniter.php(486): CodeIgniter\CodeIgniter->startController()
 6 SYSTEMPATH\CodeIgniter.php(368): CodeIgniter\CodeIgniter->handleRequest(null, Object(Config\Cache), false)
 7 FCPATH\index.php(67): CodeIgniter\CodeIgniter->run()
CRITICAL - 2023-07-14 20:14:03 --> syntax error, unexpected identifier "cortador"
in APPPATH\Controllers\AdmPost.php on line 27.
 1 SYSTEMPATH\Autoloader\Autoloader.php(289): CodeIgniter\Autoloader\Autoloader->includeFile('C:\\xampp\\htdocs\\codi\\app\\Controllers\\AdmPost.php')
 2 SYSTEMPATH\Autoloader\Autoloader.php(267): CodeIgniter\Autoloader\Autoloader->loadInNamespace('App\\Controllers\\AdmPost')
 3 [internal function]: CodeIgniter\Autoloader\Autoloader->loadClass('App\\Controllers\\AdmPost')
 4 SYSTEMPATH\CodeIgniter.php(892): class_exists('\\App\\Controllers\\AdmPost', true)
 5 SYSTEMPATH\CodeIgniter.php(486): CodeIgniter\CodeIgniter->startController()
 6 SYSTEMPATH\CodeIgniter.php(368): CodeIgniter\CodeIgniter->handleRequest(null, Object(Config\Cache), false)
 7 FCPATH\index.php(67): CodeIgniter\CodeIgniter->run()
CRITICAL - 2023-07-14 20:14:04 --> syntax error, unexpected identifier "cortador"
in APPPATH\Controllers\AdmPost.php on line 27.
 1 SYSTEMPATH\Autoloader\Autoloader.php(289): CodeIgniter\Autoloader\Autoloader->includeFile('C:\\xampp\\htdocs\\codi\\app\\Controllers\\AdmPost.php')
 2 SYSTEMPATH\Autoloader\Autoloader.php(267): CodeIgniter\Autoloader\Autoloader->loadInNamespace('App\\Controllers\\AdmPost')
 3 [internal function]: CodeIgniter\Autoloader\Autoloader->loadClass('App\\Controllers\\AdmPost')
 4 SYSTEMPATH\CodeIgniter.php(892): class_exists('\\App\\Controllers\\AdmPost', true)
 5 SYSTEMPATH\CodeIgniter.php(486): CodeIgniter\CodeIgniter->startController()
 6 SYSTEMPATH\CodeIgniter.php(368): CodeIgniter\CodeIgniter->handleRequest(null, Object(Config\Cache), false)
 7 FCPATH\index.php(67): CodeIgniter\CodeIgniter->run()
CRITICAL - 2023-07-14 20:14:05 --> syntax error, unexpected identifier "cortador"
in APPPATH\Controllers\AdmPost.php on line 27.
 1 SYSTEMPATH\Autoloader\Autoloader.php(289): CodeIgniter\Autoloader\Autoloader->includeFile('C:\\xampp\\htdocs\\codi\\app\\Controllers\\AdmPost.php')
 2 SYSTEMPATH\Autoloader\Autoloader.php(267): CodeIgniter\Autoloader\Autoloader->loadInNamespace('App\\Controllers\\AdmPost')
 3 [internal function]: CodeIgniter\Autoloader\Autoloader->loadClass('App\\Controllers\\AdmPost')
 4 SYSTEMPATH\CodeIgniter.php(892): class_exists('\\App\\Controllers\\AdmPost', true)
 5 SYSTEMPATH\CodeIgniter.php(486): CodeIgniter\CodeIgniter->startController()
 6 SYSTEMPATH\CodeIgniter.php(368): CodeIgniter\CodeIgniter->handleRequest(null, Object(Config\Cache), false)
 7 FCPATH\index.php(67): CodeIgniter\CodeIgniter->run()
CRITICAL - 2023-07-14 20:14:06 --> syntax error, unexpected identifier "cortador"
in APPPATH\Controllers\AdmPost.php on line 27.
 1 SYSTEMPATH\Autoloader\Autoloader.php(289): CodeIgniter\Autoloader\Autoloader->includeFile('C:\\xampp\\htdocs\\codi\\app\\Controllers\\AdmPost.php')
 2 SYSTEMPATH\Autoloader\Autoloader.php(267): CodeIgniter\Autoloader\Autoloader->loadInNamespace('App\\Controllers\\AdmPost')
 3 [internal function]: CodeIgniter\Autoloader\Autoloader->loadClass('App\\Controllers\\AdmPost')
 4 SYSTEMPATH\CodeIgniter.php(892): class_exists('\\App\\Controllers\\AdmPost', true)
 5 SYSTEMPATH\CodeIgniter.php(486): CodeIgniter\CodeIgniter->startController()
 6 SYSTEMPATH\CodeIgniter.php(368): CodeIgniter\CodeIgniter->handleRequest(null, Object(Config\Cache), false)
 7 FCPATH\index.php(67): CodeIgniter\CodeIgniter->run()
CRITICAL - 2023-07-14 20:14:07 --> syntax error, unexpected identifier "cortador"
in APPPATH\Controllers\AdmPost.php on line 24.
 1 SYSTEMPATH\Autoloader\Autoloader.php(289): CodeIgniter\Autoloader\Autoloader->includeFile('C:\\xampp\\htdocs\\codi\\app\\Controllers\\AdmPost.php')
 2 SYSTEMPATH\Autoloader\Autoloader.php(267): CodeIgniter\Autoloader\Autoloader->loadInNamespace('App\\Controllers\\AdmPost')
 3 [internal function]: CodeIgniter\Autoloader\Autoloader->loadClass('App\\Controllers\\AdmPost')
 4 SYSTEMPATH\CodeIgniter.php(892): class_exists('\\App\\Controllers\\AdmPost', true)
 5 SYSTEMPATH\CodeIgniter.php(486): CodeIgniter\CodeIgniter->startController()
 6 SYSTEMPATH\CodeIgniter.php(368): CodeIgniter\CodeIgniter->handleRequest(null, Object(Config\Cache), false)
 7 FCPATH\index.php(67): CodeIgniter\CodeIgniter->run()
CRITICAL - 2023-07-14 20:14:08 --> syntax error, unexpected identifier "cortador"
in APPPATH\Controllers\AdmPost.php on line 24.
 1 SYSTEMPATH\Autoloader\Autoloader.php(289): CodeIgniter\Autoloader\Autoloader->includeFile('C:\\xampp\\htdocs\\codi\\app\\Controllers\\AdmPost.php')
 2 SYSTEMPATH\Autoloader\Autoloader.php(267): CodeIgniter\Autoloader\Autoloader->loadInNamespace('App\\Controllers\\AdmPost')
 3 [internal function]: CodeIgniter\Autoloader\Autoloader->loadClass('App\\Controllers\\AdmPost')
 4 SYSTEMPATH\CodeIgniter.php(892): class_exists('\\App\\Controllers\\AdmPost', true)
 5 SYSTEMPATH\CodeIgniter.php(486): CodeIgniter\CodeIgniter->startController()
 6 SYSTEMPATH\CodeIgniter.php(368): CodeIgniter\CodeIgniter->handleRequest(null, Object(Config\Cache), false)
 7 FCPATH\index.php(67): CodeIgniter\CodeIgniter->run()
CRITICAL - 2023-07-14 20:14:09 --> syntax error, unexpected identifier "cortador"
in APPPATH\Controllers\AdmPost.php on line 24.
 1 SYSTEMPATH\Autoloader\Autoloader.php(289): CodeIgniter\Autoloader\Autoloader->includeFile('C:\\xampp\\htdocs\\codi\\app\\Controllers\\AdmPost.php')
 2 SYSTEMPATH\Autoloader\Autoloader.php(267): CodeIgniter\Autoloader\Autoloader->loadInNamespace('App\\Controllers\\AdmPost')
 3 [internal function]: CodeIgniter\Autoloader\Autoloader->loadClass('App\\Controllers\\AdmPost')
 4 SYSTEMPATH\CodeIgniter.php(892): class_exists('\\App\\Controllers\\AdmPost', true)
 5 SYSTEMPATH\CodeIgniter.php(486): CodeIgniter\CodeIgniter->startController()
 6 SYSTEMPATH\CodeIgniter.php(368): CodeIgniter\CodeIgniter->handleRequest(null, Object(Config\Cache), false)
 7 FCPATH\index.php(67): CodeIgniter\CodeIgniter->run()
CRITICAL - 2023-07-14 20:14:10 --> syntax error, unexpected identifier "cortador"
in APPPATH\Controllers\AdmPost.php on line 24.
 1 SYSTEMPATH\Autoloader\Autoloader.php(289): CodeIgniter\Autoloader\Autoloader->includeFile('C:\\xampp\\htdocs\\codi\\app\\Controllers\\AdmPost.php')
 2 SYSTEMPATH\Autoloader\Autoloader.php(267): CodeIgniter\Autoloader\Autoloader->loadInNamespace('App\\Controllers\\AdmPost')
 3 [internal function]: CodeIgniter\Autoloader\Autoloader->loadClass('App\\Controllers\\AdmPost')
 4 SYSTEMPATH\CodeIgniter.php(892): class_exists('\\App\\Controllers\\AdmPost', true)
 5 SYSTEMPATH\CodeIgniter.php(486): CodeIgniter\CodeIgniter->startController()
 6 SYSTEMPATH\CodeIgniter.php(368): CodeIgniter\CodeIgniter->handleRequest(null, Object(Config\Cache), false)
 7 FCPATH\index.php(67): CodeIgniter\CodeIgniter->run()
CRITICAL - 2023-07-14 20:14:11 --> syntax error, unexpected identifier "cortador"
in APPPATH\Controllers\AdmPost.php on line 24.
 1 SYSTEMPATH\Autoloader\Autoloader.php(289): CodeIgniter\Autoloader\Autoloader->includeFile('C:\\xampp\\htdocs\\codi\\app\\Controllers\\AdmPost.php')
 2 SYSTEMPATH\Autoloader\Autoloader.php(267): CodeIgniter\Autoloader\Autoloader->loadInNamespace('App\\Controllers\\AdmPost')
 3 [internal function]: CodeIgniter\Autoloader\Autoloader->loadClass('App\\Controllers\\AdmPost')
 4 SYSTEMPATH\CodeIgniter.php(892): class_exists('\\App\\Controllers\\AdmPost', true)
 5 SYSTEMPATH\CodeIgniter.php(486): CodeIgniter\CodeIgniter->startController()
 6 SYSTEMPATH\CodeIgniter.php(368): CodeIgniter\CodeIgniter->handleRequest(null, Object(Config\Cache), false)
 7 FCPATH\index.php(67): CodeIgniter\CodeIgniter->run()
CRITICAL - 2023-07-14 20:14:12 --> syntax error, unexpected identifier "cortador"
in APPPATH\Controllers\AdmPost.php on line 24.
 1 SYSTEMPATH\Autoloader\Autoloader.php(289): CodeIgniter\Autoloader\Autoloader->includeFile('C:\\xampp\\htdocs\\codi\\app\\Controllers\\AdmPost.php')
 2 SYSTEMPATH\Autoloader\Autoloader.php(267): CodeIgniter\Autoloader\Autoloader->loadInNamespace('App\\Controllers\\AdmPost')
 3 [internal function]: CodeIgniter\Autoloader\Autoloader->loadClass('App\\Controllers\\AdmPost')
 4 SYSTEMPATH\CodeIgniter.php(892): class_exists('\\App\\Controllers\\AdmPost', true)
 5 SYSTEMPATH\CodeIgniter.php(486): CodeIgniter\CodeIgniter->startController()
 6 SYSTEMPATH\CodeIgniter.php(368): CodeIgniter\CodeIgniter->handleRequest(null, Object(Config\Cache), false)
 7 FCPATH\index.php(67): CodeIgniter\CodeIgniter->run()
CRITICAL - 2023-07-14 20:14:13 --> syntax error, unexpected identifier "cortador"
in APPPATH\Controllers\AdmPost.php on line 24.
 1 SYSTEMPATH\Autoloader\Autoloader.php(289): CodeIgniter\Autoloader\Autoloader->includeFile('C:\\xampp\\htdocs\\codi\\app\\Controllers\\AdmPost.php')
 2 SYSTEMPATH\Autoloader\Autoloader.php(267): CodeIgniter\Autoloader\Autoloader->loadInNamespace('App\\Controllers\\AdmPost')
 3 [internal function]: CodeIgniter\Autoloader\Autoloader->loadClass('App\\Controllers\\AdmPost')
 4 SYSTEMPATH\CodeIgniter.php(892): class_exists('\\App\\Controllers\\AdmPost', true)
 5 SYSTEMPATH\CodeIgniter.php(486): CodeIgniter\CodeIgniter->startController()
 6 SYSTEMPATH\CodeIgniter.php(368): CodeIgniter\CodeIgniter->handleRequest(null, Object(Config\Cache), false)
 7 FCPATH\index.php(67): CodeIgniter\CodeIgniter->run()
CRITICAL - 2023-07-14 20:14:14 --> syntax error, unexpected identifier "cortador"
in APPPATH\Controllers\AdmPost.php on line 24.
 1 SYSTEMPATH\Autoloader\Autoloader.php(289): CodeIgniter\Autoloader\Autoloader->includeFile('C:\\xampp\\htdocs\\codi\\app\\Controllers\\AdmPost.php')
 2 SYSTEMPATH\Autoloader\Autoloader.php(267): CodeIgniter\Autoloader\Autoloader->loadInNamespace('App\\Controllers\\AdmPost')
 3 [internal function]: CodeIgniter\Autoloader\Autoloader->loadClass('App\\Controllers\\AdmPost')
 4 SYSTEMPATH\CodeIgniter.php(892): class_exists('\\App\\Controllers\\AdmPost', true)
 5 SYSTEMPATH\CodeIgniter.php(486): CodeIgniter\CodeIgniter->startController()
 6 SYSTEMPATH\CodeIgniter.php(368): CodeIgniter\CodeIgniter->handleRequest(null, Object(Config\Cache), false)
 7 FCPATH\index.php(67): CodeIgniter\CodeIgniter->run()
CRITICAL - 2023-07-14 20:14:15 --> syntax error, unexpected identifier "cortador"
in APPPATH\Controllers\AdmPost.php on line 24.
 1 SYSTEMPATH\Autoloader\Autoloader.php(289): CodeIgniter\Autoloader\Autoloader->includeFile('C:\\xampp\\htdocs\\codi\\app\\Controllers\\AdmPost.php')
 2 SYSTEMPATH\Autoloader\Autoloader.php(267): CodeIgniter\Autoloader\Autoloader->loadInNamespace('App\\Controllers\\AdmPost')
 3 [internal function]: CodeIgniter\Autoloader\Autoloader->loadClass('App\\Controllers\\AdmPost')
 4 SYSTEMPATH\CodeIgniter.php(892): class_exists('\\App\\Controllers\\AdmPost', true)
 5 SYSTEMPATH\CodeIgniter.php(486): CodeIgniter\CodeIgniter->startController()
 6 SYSTEMPATH\CodeIgniter.php(368): CodeIgniter\CodeIgniter->handleRequest(null, Object(Config\Cache), false)
 7 FCPATH\index.php(67): CodeIgniter\CodeIgniter->run()
CRITICAL - 2023-07-14 20:14:16 --> syntax error, unexpected identifier "cortador"
in APPPATH\Controllers\AdmPost.php on line 24.
 1 SYSTEMPATH\Autoloader\Autoloader.php(289): CodeIgniter\Autoloader\Autoloader->includeFile('C:\\xampp\\htdocs\\codi\\app\\Controllers\\AdmPost.php')
 2 SYSTEMPATH\Autoloader\Autoloader.php(267): CodeIgniter\Autoloader\Autoloader->loadInNamespace('App\\Controllers\\AdmPost')
 3 [internal function]: CodeIgniter\Autoloader\Autoloader->loadClass('App\\Controllers\\AdmPost')
 4 SYSTEMPATH\CodeIgniter.php(892): class_exists('\\App\\Controllers\\AdmPost', true)
 5 SYSTEMPATH\CodeIgniter.php(486): CodeIgniter\CodeIgniter->startController()
 6 SYSTEMPATH\CodeIgniter.php(368): CodeIgniter\CodeIgniter->handleRequest(null, Object(Config\Cache), false)
 7 FCPATH\index.php(67): CodeIgniter\CodeIgniter->run()
CRITICAL - 2023-07-14 20:14:17 --> syntax error, unexpected identifier "cortador"
in APPPATH\Controllers\AdmPost.php on line 24.
 1 SYSTEMPATH\Autoloader\Autoloader.php(289): CodeIgniter\Autoloader\Autoloader->includeFile('C:\\xampp\\htdocs\\codi\\app\\Controllers\\AdmPost.php')
 2 SYSTEMPATH\Autoloader\Autoloader.php(267): CodeIgniter\Autoloader\Autoloader->loadInNamespace('App\\Controllers\\AdmPost')
 3 [internal function]: CodeIgniter\Autoloader\Autoloader->loadClass('App\\Controllers\\AdmPost')
 4 SYSTEMPATH\CodeIgniter.php(892): class_exists('\\App\\Controllers\\AdmPost', true)
 5 SYSTEMPATH\CodeIgniter.php(486): CodeIgniter\CodeIgniter->startController()
 6 SYSTEMPATH\CodeIgniter.php(368): CodeIgniter\CodeIgniter->handleRequest(null, Object(Config\Cache), false)
 7 FCPATH\index.php(67): CodeIgniter\CodeIgniter->run()
CRITICAL - 2023-07-14 20:14:18 --> syntax error, unexpected identifier "cortador"
in APPPATH\Controllers\AdmPost.php on line 24.
 1 SYSTEMPATH\Autoloader\Autoloader.php(289): CodeIgniter\Autoloader\Autoloader->includeFile('C:\\xampp\\htdocs\\codi\\app\\Controllers\\AdmPost.php')
 2 SYSTEMPATH\Autoloader\Autoloader.php(267): CodeIgniter\Autoloader\Autoloader->loadInNamespace('App\\Controllers\\AdmPost')
 3 [internal function]: CodeIgniter\Autoloader\Autoloader->loadClass('App\\Controllers\\AdmPost')
 4 SYSTEMPATH\CodeIgniter.php(892): class_exists('\\App\\Controllers\\AdmPost', true)
 5 SYSTEMPATH\CodeIgniter.php(486): CodeIgniter\CodeIgniter->startController()
 6 SYSTEMPATH\CodeIgniter.php(368): CodeIgniter\CodeIgniter->handleRequest(null, Object(Config\Cache), false)
 7 FCPATH\index.php(67): CodeIgniter\CodeIgniter->run()
CRITICAL - 2023-07-14 20:14:19 --> syntax error, unexpected identifier "cortador"
in APPPATH\Controllers\AdmPost.php on line 24.
 1 SYSTEMPATH\Autoloader\Autoloader.php(289): CodeIgniter\Autoloader\Autoloader->includeFile('C:\\xampp\\htdocs\\codi\\app\\Controllers\\AdmPost.php')
 2 SYSTEMPATH\Autoloader\Autoloader.php(267): CodeIgniter\Autoloader\Autoloader->loadInNamespace('App\\Controllers\\AdmPost')
 3 [internal function]: CodeIgniter\Autoloader\Autoloader->loadClass('App\\Controllers\\AdmPost')
 4 SYSTEMPATH\CodeIgniter.php(892): class_exists('\\App\\Controllers\\AdmPost', true)
 5 SYSTEMPATH\CodeIgniter.php(486): CodeIgniter\CodeIgniter->startController()
 6 SYSTEMPATH\CodeIgniter.php(368): CodeIgniter\CodeIgniter->handleRequest(null, Object(Config\Cache), false)
 7 FCPATH\index.php(67): CodeIgniter\CodeIgniter->run()
CRITICAL - 2023-07-14 20:14:20 --> syntax error, unexpected identifier "cortador"
in APPPATH\Controllers\AdmPost.php on line 24.
 1 SYSTEMPATH\Autoloader\Autoloader.php(289): CodeIgniter\Autoloader\Autoloader->includeFile('C:\\xampp\\htdocs\\codi\\app\\Controllers\\AdmPost.php')
 2 SYSTEMPATH\Autoloader\Autoloader.php(267): CodeIgniter\Autoloader\Autoloader->loadInNamespace('App\\Controllers\\AdmPost')
 3 [internal function]: CodeIgniter\Autoloader\Autoloader->loadClass('App\\Controllers\\AdmPost')
 4 SYSTEMPATH\CodeIgniter.php(892): class_exists('\\App\\Controllers\\AdmPost', true)
 5 SYSTEMPATH\CodeIgniter.php(486): CodeIgniter\CodeIgniter->startController()
 6 SYSTEMPATH\CodeIgniter.php(368): CodeIgniter\CodeIgniter->handleRequest(null, Object(Config\Cache), false)
 7 FCPATH\index.php(67): CodeIgniter\CodeIgniter->run()
CRITICAL - 2023-07-14 20:14:21 --> syntax error, unexpected identifier "cortador"
in APPPATH\Controllers\AdmPost.php on line 24.
 1 SYSTEMPATH\Autoloader\Autoloader.php(289): CodeIgniter\Autoloader\Autoloader->includeFile('C:\\xampp\\htdocs\\codi\\app\\Controllers\\AdmPost.php')
 2 SYSTEMPATH\Autoloader\Autoloader.php(267): CodeIgniter\Autoloader\Autoloader->loadInNamespace('App\\Controllers\\AdmPost')
 3 [internal function]: CodeIgniter\Autoloader\Autoloader->loadClass('App\\Controllers\\AdmPost')
 4 SYSTEMPATH\CodeIgniter.php(892): class_exists('\\App\\Controllers\\AdmPost', true)
 5 SYSTEMPATH\CodeIgniter.php(486): CodeIgniter\CodeIgniter->startController()
 6 SYSTEMPATH\CodeIgniter.php(368): CodeIgniter\CodeIgniter->handleRequest(null, Object(Config\Cache), false)
 7 FCPATH\index.php(67): CodeIgniter\CodeIgniter->run()
CRITICAL - 2023-07-14 20:14:21 --> syntax error, unexpected identifier "cortador"
in APPPATH\Controllers\AdmPost.php on line 24.
 1 SYSTEMPATH\Autoloader\Autoloader.php(289): CodeIgniter\Autoloader\Autoloader->includeFile('C:\\xampp\\htdocs\\codi\\app\\Controllers\\AdmPost.php')
 2 SYSTEMPATH\Autoloader\Autoloader.php(267): CodeIgniter\Autoloader\Autoloader->loadInNamespace('App\\Controllers\\AdmPost')
 3 [internal function]: CodeIgniter\Autoloader\Autoloader->loadClass('App\\Controllers\\AdmPost')
 4 SYSTEMPATH\CodeIgniter.php(892): class_exists('\\App\\Controllers\\AdmPost', true)
 5 SYSTEMPATH\CodeIgniter.php(486): CodeIgniter\CodeIgniter->startController()
 6 SYSTEMPATH\CodeIgniter.php(368): CodeIgniter\CodeIgniter->handleRequest(null, Object(Config\Cache), false)
 7 FCPATH\index.php(67): CodeIgniter\CodeIgniter->run()
CRITICAL - 2023-07-14 20:14:22 --> syntax error, unexpected identifier "cortador"
in APPPATH\Controllers\AdmPost.php on line 24.
 1 SYSTEMPATH\Autoloader\Autoloader.php(289): CodeIgniter\Autoloader\Autoloader->includeFile('C:\\xampp\\htdocs\\codi\\app\\Controllers\\AdmPost.php')
 2 SYSTEMPATH\Autoloader\Autoloader.php(267): CodeIgniter\Autoloader\Autoloader->loadInNamespace('App\\Controllers\\AdmPost')
 3 [internal function]: CodeIgniter\Autoloader\Autoloader->loadClass('App\\Controllers\\AdmPost')
 4 SYSTEMPATH\CodeIgniter.php(892): class_exists('\\App\\Controllers\\AdmPost', true)
 5 SYSTEMPATH\CodeIgniter.php(486): CodeIgniter\CodeIgniter->startController()
 6 SYSTEMPATH\CodeIgniter.php(368): CodeIgniter\CodeIgniter->handleRequest(null, Object(Config\Cache), false)
 7 FCPATH\index.php(67): CodeIgniter\CodeIgniter->run()
CRITICAL - 2023-07-14 20:14:23 --> syntax error, unexpected identifier "cortador"
in APPPATH\Controllers\AdmPost.php on line 24.
 1 SYSTEMPATH\Autoloader\Autoloader.php(289): CodeIgniter\Autoloader\Autoloader->includeFile('C:\\xampp\\htdocs\\codi\\app\\Controllers\\AdmPost.php')
 2 SYSTEMPATH\Autoloader\Autoloader.php(267): CodeIgniter\Autoloader\Autoloader->loadInNamespace('App\\Controllers\\AdmPost')
 3 [internal function]: CodeIgniter\Autoloader\Autoloader->loadClass('App\\Controllers\\AdmPost')
 4 SYSTEMPATH\CodeIgniter.php(892): class_exists('\\App\\Controllers\\AdmPost', true)
 5 SYSTEMPATH\CodeIgniter.php(486): CodeIgniter\CodeIgniter->startController()
 6 SYSTEMPATH\CodeIgniter.php(368): CodeIgniter\CodeIgniter->handleRequest(null, Object(Config\Cache), false)
 7 FCPATH\index.php(67): CodeIgniter\CodeIgniter->run()
CRITICAL - 2023-07-14 20:14:24 --> syntax error, unexpected identifier "cortador"
in APPPATH\Controllers\AdmPost.php on line 24.
 1 SYSTEMPATH\Autoloader\Autoloader.php(289): CodeIgniter\Autoloader\Autoloader->includeFile('C:\\xampp\\htdocs\\codi\\app\\Controllers\\AdmPost.php')
 2 SYSTEMPATH\Autoloader\Autoloader.php(267): CodeIgniter\Autoloader\Autoloader->loadInNamespace('App\\Controllers\\AdmPost')
 3 [internal function]: CodeIgniter\Autoloader\Autoloader->loadClass('App\\Controllers\\AdmPost')
 4 SYSTEMPATH\CodeIgniter.php(892): class_exists('\\App\\Controllers\\AdmPost', true)
 5 SYSTEMPATH\CodeIgniter.php(486): CodeIgniter\CodeIgniter->startController()
 6 SYSTEMPATH\CodeIgniter.php(368): CodeIgniter\CodeIgniter->handleRequest(null, Object(Config\Cache), false)
 7 FCPATH\index.php(67): CodeIgniter\CodeIgniter->run()
CRITICAL - 2023-07-14 20:14:25 --> syntax error, unexpected identifier "cortador"
in APPPATH\Controllers\AdmPost.php on line 24.
 1 SYSTEMPATH\Autoloader\Autoloader.php(289): CodeIgniter\Autoloader\Autoloader->includeFile('C:\\xampp\\htdocs\\codi\\app\\Controllers\\AdmPost.php')
 2 SYSTEMPATH\Autoloader\Autoloader.php(267): CodeIgniter\Autoloader\Autoloader->loadInNamespace('App\\Controllers\\AdmPost')
 3 [internal function]: CodeIgniter\Autoloader\Autoloader->loadClass('App\\Controllers\\AdmPost')
 4 SYSTEMPATH\CodeIgniter.php(892): class_exists('\\App\\Controllers\\AdmPost', true)
 5 SYSTEMPATH\CodeIgniter.php(486): CodeIgniter\CodeIgniter->startController()
 6 SYSTEMPATH\CodeIgniter.php(368): CodeIgniter\CodeIgniter->handleRequest(null, Object(Config\Cache), false)
 7 FCPATH\index.php(67): CodeIgniter\CodeIgniter->run()
CRITICAL - 2023-07-14 20:14:26 --> syntax error, unexpected identifier "cortador"
in APPPATH\Controllers\AdmPost.php on line 24.
 1 SYSTEMPATH\Autoloader\Autoloader.php(289): CodeIgniter\Autoloader\Autoloader->includeFile('C:\\xampp\\htdocs\\codi\\app\\Controllers\\AdmPost.php')
 2 SYSTEMPATH\Autoloader\Autoloader.php(267): CodeIgniter\Autoloader\Autoloader->loadInNamespace('App\\Controllers\\AdmPost')
 3 [internal function]: CodeIgniter\Autoloader\Autoloader->loadClass('App\\Controllers\\AdmPost')
 4 SYSTEMPATH\CodeIgniter.php(892): class_exists('\\App\\Controllers\\AdmPost', true)
 5 SYSTEMPATH\CodeIgniter.php(486): CodeIgniter\CodeIgniter->startController()
 6 SYSTEMPATH\CodeIgniter.php(368): CodeIgniter\CodeIgniter->handleRequest(null, Object(Config\Cache), false)
 7 FCPATH\index.php(67): CodeIgniter\CodeIgniter->run()
CRITICAL - 2023-07-14 20:14:27 --> syntax error, unexpected identifier "cortador"
in APPPATH\Controllers\AdmPost.php on line 24.
 1 SYSTEMPATH\Autoloader\Autoloader.php(289): CodeIgniter\Autoloader\Autoloader->includeFile('C:\\xampp\\htdocs\\codi\\app\\Controllers\\AdmPost.php')
 2 SYSTEMPATH\Autoloader\Autoloader.php(267): CodeIgniter\Autoloader\Autoloader->loadInNamespace('App\\Controllers\\AdmPost')
 3 [internal function]: CodeIgniter\Autoloader\Autoloader->loadClass('App\\Controllers\\AdmPost')
 4 SYSTEMPATH\CodeIgniter.php(892): class_exists('\\App\\Controllers\\AdmPost', true)
 5 SYSTEMPATH\CodeIgniter.php(486): CodeIgniter\CodeIgniter->startController()
 6 SYSTEMPATH\CodeIgniter.php(368): CodeIgniter\CodeIgniter->handleRequest(null, Object(Config\Cache), false)
 7 FCPATH\index.php(67): CodeIgniter\CodeIgniter->run()
CRITICAL - 2023-07-14 20:14:28 --> syntax error, unexpected identifier "cortador"
in APPPATH\Controllers\AdmPost.php on line 24.
 1 SYSTEMPATH\Autoloader\Autoloader.php(289): CodeIgniter\Autoloader\Autoloader->includeFile('C:\\xampp\\htdocs\\codi\\app\\Controllers\\AdmPost.php')
 2 SYSTEMPATH\Autoloader\Autoloader.php(267): CodeIgniter\Autoloader\Autoloader->loadInNamespace('App\\Controllers\\AdmPost')
 3 [internal function]: CodeIgniter\Autoloader\Autoloader->loadClass('App\\Controllers\\AdmPost')
 4 SYSTEMPATH\CodeIgniter.php(892): class_exists('\\App\\Controllers\\AdmPost', true)
 5 SYSTEMPATH\CodeIgniter.php(486): CodeIgniter\CodeIgniter->startController()
 6 SYSTEMPATH\CodeIgniter.php(368): CodeIgniter\CodeIgniter->handleRequest(null, Object(Config\Cache), false)
 7 FCPATH\index.php(67): CodeIgniter\CodeIgniter->run()
CRITICAL - 2023-07-14 20:14:29 --> syntax error, unexpected identifier "cortador"
in APPPATH\Controllers\AdmPost.php on line 24.
 1 SYSTEMPATH\Autoloader\Autoloader.php(289): CodeIgniter\Autoloader\Autoloader->includeFile('C:\\xampp\\htdocs\\codi\\app\\Controllers\\AdmPost.php')
 2 SYSTEMPATH\Autoloader\Autoloader.php(267): CodeIgniter\Autoloader\Autoloader->loadInNamespace('App\\Controllers\\AdmPost')
 3 [internal function]: CodeIgniter\Autoloader\Autoloader->loadClass('App\\Controllers\\AdmPost')
 4 SYSTEMPATH\CodeIgniter.php(892): class_exists('\\App\\Controllers\\AdmPost', true)
 5 SYSTEMPATH\CodeIgniter.php(486): CodeIgniter\CodeIgniter->startController()
 6 SYSTEMPATH\CodeIgniter.php(368): CodeIgniter\CodeIgniter->handleRequest(null, Object(Config\Cache), false)
 7 FCPATH\index.php(67): CodeIgniter\CodeIgniter->run()
CRITICAL - 2023-07-14 20:14:30 --> syntax error, unexpected identifier "cortador"
in APPPATH\Controllers\AdmPost.php on line 24.
 1 SYSTEMPATH\Autoloader\Autoloader.php(289): CodeIgniter\Autoloader\Autoloader->includeFile('C:\\xampp\\htdocs\\codi\\app\\Controllers\\AdmPost.php')
 2 SYSTEMPATH\Autoloader\Autoloader.php(267): CodeIgniter\Autoloader\Autoloader->loadInNamespace('App\\Controllers\\AdmPost')
 3 [internal function]: CodeIgniter\Autoloader\Autoloader->loadClass('App\\Controllers\\AdmPost')
 4 SYSTEMPATH\CodeIgniter.php(892): class_exists('\\App\\Controllers\\AdmPost', true)
 5 SYSTEMPATH\CodeIgniter.php(486): CodeIgniter\CodeIgniter->startController()
 6 SYSTEMPATH\CodeIgniter.php(368): CodeIgniter\CodeIgniter->handleRequest(null, Object(Config\Cache), false)
 7 FCPATH\index.php(67): CodeIgniter\CodeIgniter->run()
CRITICAL - 2023-07-14 20:14:31 --> syntax error, unexpected identifier "cortador"
in APPPATH\Controllers\AdmPost.php on line 24.
 1 SYSTEMPATH\Autoloader\Autoloader.php(289): CodeIgniter\Autoloader\Autoloader->includeFile('C:\\xampp\\htdocs\\codi\\app\\Controllers\\AdmPost.php')
 2 SYSTEMPATH\Autoloader\Autoloader.php(267): CodeIgniter\Autoloader\Autoloader->loadInNamespace('App\\Controllers\\AdmPost')
 3 [internal function]: CodeIgniter\Autoloader\Autoloader->loadClass('App\\Controllers\\AdmPost')
 4 SYSTEMPATH\CodeIgniter.php(892): class_exists('\\App\\Controllers\\AdmPost', true)
 5 SYSTEMPATH\CodeIgniter.php(486): CodeIgniter\CodeIgniter->startController()
 6 SYSTEMPATH\CodeIgniter.php(368): CodeIgniter\CodeIgniter->handleRequest(null, Object(Config\Cache), false)
 7 FCPATH\index.php(67): CodeIgniter\CodeIgniter->run()
CRITICAL - 2023-07-14 20:14:32 --> syntax error, unexpected identifier "cortador"
in APPPATH\Controllers\AdmPost.php on line 24.
 1 SYSTEMPATH\Autoloader\Autoloader.php(289): CodeIgniter\Autoloader\Autoloader->includeFile('C:\\xampp\\htdocs\\codi\\app\\Controllers\\AdmPost.php')
 2 SYSTEMPATH\Autoloader\Autoloader.php(267): CodeIgniter\Autoloader\Autoloader->loadInNamespace('App\\Controllers\\AdmPost')
 3 [internal function]: CodeIgniter\Autoloader\Autoloader->loadClass('App\\Controllers\\AdmPost')
 4 SYSTEMPATH\CodeIgniter.php(892): class_exists('\\App\\Controllers\\AdmPost', true)
 5 SYSTEMPATH\CodeIgniter.php(486): CodeIgniter\CodeIgniter->startController()
 6 SYSTEMPATH\CodeIgniter.php(368): CodeIgniter\CodeIgniter->handleRequest(null, Object(Config\Cache), false)
 7 FCPATH\index.php(67): CodeIgniter\CodeIgniter->run()
CRITICAL - 2023-07-14 20:14:33 --> syntax error, unexpected identifier "cortador"
in APPPATH\Controllers\AdmPost.php on line 24.
 1 SYSTEMPATH\Autoloader\Autoloader.php(289): CodeIgniter\Autoloader\Autoloader->includeFile('C:\\xampp\\htdocs\\codi\\app\\Controllers\\AdmPost.php')
 2 SYSTEMPATH\Autoloader\Autoloader.php(267): CodeIgniter\Autoloader\Autoloader->loadInNamespace('App\\Controllers\\AdmPost')
 3 [internal function]: CodeIgniter\Autoloader\Autoloader->loadClass('App\\Controllers\\AdmPost')
 4 SYSTEMPATH\CodeIgniter.php(892): class_exists('\\App\\Controllers\\AdmPost', true)
 5 SYSTEMPATH\CodeIgniter.php(486): CodeIgniter\CodeIgniter->startController()
 6 SYSTEMPATH\CodeIgniter.php(368): CodeIgniter\CodeIgniter->handleRequest(null, Object(Config\Cache), false)
 7 FCPATH\index.php(67): CodeIgniter\CodeIgniter->run()
CRITICAL - 2023-07-14 20:14:34 --> syntax error, unexpected identifier "cortador"
in APPPATH\Controllers\AdmPost.php on line 24.
 1 SYSTEMPATH\Autoloader\Autoloader.php(289): CodeIgniter\Autoloader\Autoloader->includeFile('C:\\xampp\\htdocs\\codi\\app\\Controllers\\AdmPost.php')
 2 SYSTEMPATH\Autoloader\Autoloader.php(267): CodeIgniter\Autoloader\Autoloader->loadInNamespace('App\\Controllers\\AdmPost')
 3 [internal function]: CodeIgniter\Autoloader\Autoloader->loadClass('App\\Controllers\\AdmPost')
 4 SYSTEMPATH\CodeIgniter.php(892): class_exists('\\App\\Controllers\\AdmPost', true)
 5 SYSTEMPATH\CodeIgniter.php(486): CodeIgniter\CodeIgniter->startController()
 6 SYSTEMPATH\CodeIgniter.php(368): CodeIgniter\CodeIgniter->handleRequest(null, Object(Config\Cache), false)
 7 FCPATH\index.php(67): CodeIgniter\CodeIgniter->run()
CRITICAL - 2023-07-14 20:14:35 --> syntax error, unexpected identifier "cortador"
in APPPATH\Controllers\AdmPost.php on line 24.
 1 SYSTEMPATH\Autoloader\Autoloader.php(289): CodeIgniter\Autoloader\Autoloader->includeFile('C:\\xampp\\htdocs\\codi\\app\\Controllers\\AdmPost.php')
 2 SYSTEMPATH\Autoloader\Autoloader.php(267): CodeIgniter\Autoloader\Autoloader->loadInNamespace('App\\Controllers\\AdmPost')
 3 [internal function]: CodeIgniter\Autoloader\Autoloader->loadClass('App\\Controllers\\AdmPost')
 4 SYSTEMPATH\CodeIgniter.php(892): class_exists('\\App\\Controllers\\AdmPost', true)
 5 SYSTEMPATH\CodeIgniter.php(486): CodeIgniter\CodeIgniter->startController()
 6 SYSTEMPATH\CodeIgniter.php(368): CodeIgniter\CodeIgniter->handleRequest(null, Object(Config\Cache), false)
 7 FCPATH\index.php(67): CodeIgniter\CodeIgniter->run()
CRITICAL - 2023-07-14 20:14:36 --> syntax error, unexpected identifier "cortador"
in APPPATH\Controllers\AdmPost.php on line 24.
 1 SYSTEMPATH\Autoloader\Autoloader.php(289): CodeIgniter\Autoloader\Autoloader->includeFile('C:\\xampp\\htdocs\\codi\\app\\Controllers\\AdmPost.php')
 2 SYSTEMPATH\Autoloader\Autoloader.php(267): CodeIgniter\Autoloader\Autoloader->loadInNamespace('App\\Controllers\\AdmPost')
 3 [internal function]: CodeIgniter\Autoloader\Autoloader->loadClass('App\\Controllers\\AdmPost')
 4 SYSTEMPATH\CodeIgniter.php(892): class_exists('\\App\\Controllers\\AdmPost', true)
 5 SYSTEMPATH\CodeIgniter.php(486): CodeIgniter\CodeIgniter->startController()
 6 SYSTEMPATH\CodeIgniter.php(368): CodeIgniter\CodeIgniter->handleRequest(null, Object(Config\Cache), false)
 7 FCPATH\index.php(67): CodeIgniter\CodeIgniter->run()
CRITICAL - 2023-07-14 20:14:37 --> syntax error, unexpected identifier "cortador"
in APPPATH\Controllers\AdmPost.php on line 24.
 1 SYSTEMPATH\Autoloader\Autoloader.php(289): CodeIgniter\Autoloader\Autoloader->includeFile('C:\\xampp\\htdocs\\codi\\app\\Controllers\\AdmPost.php')
 2 SYSTEMPATH\Autoloader\Autoloader.php(267): CodeIgniter\Autoloader\Autoloader->loadInNamespace('App\\Controllers\\AdmPost')
 3 [internal function]: CodeIgniter\Autoloader\Autoloader->loadClass('App\\Controllers\\AdmPost')
 4 SYSTEMPATH\CodeIgniter.php(892): class_exists('\\App\\Controllers\\AdmPost', true)
 5 SYSTEMPATH\CodeIgniter.php(486): CodeIgniter\CodeIgniter->startController()
 6 SYSTEMPATH\CodeIgniter.php(368): CodeIgniter\CodeIgniter->handleRequest(null, Object(Config\Cache), false)
 7 FCPATH\index.php(67): CodeIgniter\CodeIgniter->run()
CRITICAL - 2023-07-14 20:14:38 --> syntax error, unexpected identifier "cortador"
in APPPATH\Controllers\AdmPost.php on line 24.
 1 SYSTEMPATH\Autoloader\Autoloader.php(289): CodeIgniter\Autoloader\Autoloader->includeFile('C:\\xampp\\htdocs\\codi\\app\\Controllers\\AdmPost.php')
 2 SYSTEMPATH\Autoloader\Autoloader.php(267): CodeIgniter\Autoloader\Autoloader->loadInNamespace('App\\Controllers\\AdmPost')
 3 [internal function]: CodeIgniter\Autoloader\Autoloader->loadClass('App\\Controllers\\AdmPost')
 4 SYSTEMPATH\CodeIgniter.php(892): class_exists('\\App\\Controllers\\AdmPost', true)
 5 SYSTEMPATH\CodeIgniter.php(486): CodeIgniter\CodeIgniter->startController()
 6 SYSTEMPATH\CodeIgniter.php(368): CodeIgniter\CodeIgniter->handleRequest(null, Object(Config\Cache), false)
 7 FCPATH\index.php(67): CodeIgniter\CodeIgniter->run()
CRITICAL - 2023-07-14 20:14:39 --> syntax error, unexpected identifier "cortador"
in APPPATH\Controllers\AdmPost.php on line 24.
 1 SYSTEMPATH\Autoloader\Autoloader.php(289): CodeIgniter\Autoloader\Autoloader->includeFile('C:\\xampp\\htdocs\\codi\\app\\Controllers\\AdmPost.php')
 2 SYSTEMPATH\Autoloader\Autoloader.php(267): CodeIgniter\Autoloader\Autoloader->loadInNamespace('App\\Controllers\\AdmPost')
 3 [internal function]: CodeIgniter\Autoloader\Autoloader->loadClass('App\\Controllers\\AdmPost')
 4 SYSTEMPATH\CodeIgniter.php(892): class_exists('\\App\\Controllers\\AdmPost', true)
 5 SYSTEMPATH\CodeIgniter.php(486): CodeIgniter\CodeIgniter->startController()
 6 SYSTEMPATH\CodeIgniter.php(368): CodeIgniter\CodeIgniter->handleRequest(null, Object(Config\Cache), false)
 7 FCPATH\index.php(67): CodeIgniter\CodeIgniter->run()
CRITICAL - 2023-07-14 20:14:40 --> syntax error, unexpected identifier "cortador"
in APPPATH\Controllers\AdmPost.php on line 24.
 1 SYSTEMPATH\Autoloader\Autoloader.php(289): CodeIgniter\Autoloader\Autoloader->includeFile('C:\\xampp\\htdocs\\codi\\app\\Controllers\\AdmPost.php')
 2 SYSTEMPATH\Autoloader\Autoloader.php(267): CodeIgniter\Autoloader\Autoloader->loadInNamespace('App\\Controllers\\AdmPost')
 3 [internal function]: CodeIgniter\Autoloader\Autoloader->loadClass('App\\Controllers\\AdmPost')
 4 SYSTEMPATH\CodeIgniter.php(892): class_exists('\\App\\Controllers\\AdmPost', true)
 5 SYSTEMPATH\CodeIgniter.php(486): CodeIgniter\CodeIgniter->startController()
 6 SYSTEMPATH\CodeIgniter.php(368): CodeIgniter\CodeIgniter->handleRequest(null, Object(Config\Cache), false)
 7 FCPATH\index.php(67): CodeIgniter\CodeIgniter->run()
CRITICAL - 2023-07-14 20:14:41 --> syntax error, unexpected identifier "cortador"
in APPPATH\Controllers\AdmPost.php on line 24.
 1 SYSTEMPATH\Autoloader\Autoloader.php(289): CodeIgniter\Autoloader\Autoloader->includeFile('C:\\xampp\\htdocs\\codi\\app\\Controllers\\AdmPost.php')
 2 SYSTEMPATH\Autoloader\Autoloader.php(267): CodeIgniter\Autoloader\Autoloader->loadInNamespace('App\\Controllers\\AdmPost')
 3 [internal function]: CodeIgniter\Autoloader\Autoloader->loadClass('App\\Controllers\\AdmPost')
 4 SYSTEMPATH\CodeIgniter.php(892): class_exists('\\App\\Controllers\\AdmPost', true)
 5 SYSTEMPATH\CodeIgniter.php(486): CodeIgniter\CodeIgniter->startController()
 6 SYSTEMPATH\CodeIgniter.php(368): CodeIgniter\CodeIgniter->handleRequest(null, Object(Config\Cache), false)
 7 FCPATH\index.php(67): CodeIgniter\CodeIgniter->run()
CRITICAL - 2023-07-14 20:14:42 --> syntax error, unexpected identifier "cortador"
in APPPATH\Controllers\AdmPost.php on line 29.
 1 SYSTEMPATH\Autoloader\Autoloader.php(289): CodeIgniter\Autoloader\Autoloader->includeFile('C:\\xampp\\htdocs\\codi\\app\\Controllers\\AdmPost.php')
 2 SYSTEMPATH\Autoloader\Autoloader.php(267): CodeIgniter\Autoloader\Autoloader->loadInNamespace('App\\Controllers\\AdmPost')
 3 [internal function]: CodeIgniter\Autoloader\Autoloader->loadClass('App\\Controllers\\AdmPost')
 4 SYSTEMPATH\CodeIgniter.php(892): class_exists('\\App\\Controllers\\AdmPost', true)
 5 SYSTEMPATH\CodeIgniter.php(486): CodeIgniter\CodeIgniter->startController()
 6 SYSTEMPATH\CodeIgniter.php(368): CodeIgniter\CodeIgniter->handleRequest(null, Object(Config\Cache), false)
 7 FCPATH\index.php(67): CodeIgniter\CodeIgniter->run()
CRITICAL - 2023-07-14 20:14:43 --> syntax error, unexpected identifier "cortador"
in APPPATH\Controllers\AdmPost.php on line 29.
 1 SYSTEMPATH\Autoloader\Autoloader.php(289): CodeIgniter\Autoloader\Autoloader->includeFile('C:\\xampp\\htdocs\\codi\\app\\Controllers\\AdmPost.php')
 2 SYSTEMPATH\Autoloader\Autoloader.php(267): CodeIgniter\Autoloader\Autoloader->loadInNamespace('App\\Controllers\\AdmPost')
 3 [internal function]: CodeIgniter\Autoloader\Autoloader->loadClass('App\\Controllers\\AdmPost')
 4 SYSTEMPATH\CodeIgniter.php(892): class_exists('\\App\\Controllers\\AdmPost', true)
 5 SYSTEMPATH\CodeIgniter.php(486): CodeIgniter\CodeIgniter->startController()
 6 SYSTEMPATH\CodeIgniter.php(368): CodeIgniter\CodeIgniter->handleRequest(null, Object(Config\Cache), false)
 7 FCPATH\index.php(67): CodeIgniter\CodeIgniter->run()
CRITICAL - 2023-07-14 20:14:44 --> syntax error, unexpected identifier "cortador"
in APPPATH\Controllers\AdmPost.php on line 29.
 1 SYSTEMPATH\Autoloader\Autoloader.php(289): CodeIgniter\Autoloader\Autoloader->includeFile('C:\\xampp\\htdocs\\codi\\app\\Controllers\\AdmPost.php')
 2 SYSTEMPATH\Autoloader\Autoloader.php(267): CodeIgniter\Autoloader\Autoloader->loadInNamespace('App\\Controllers\\AdmPost')
 3 [internal function]: CodeIgniter\Autoloader\Autoloader->loadClass('App\\Controllers\\AdmPost')
 4 SYSTEMPATH\CodeIgniter.php(892): class_exists('\\App\\Controllers\\AdmPost', true)
 5 SYSTEMPATH\CodeIgniter.php(486): CodeIgniter\CodeIgniter->startController()
 6 SYSTEMPATH\CodeIgniter.php(368): CodeIgniter\CodeIgniter->handleRequest(null, Object(Config\Cache), false)
 7 FCPATH\index.php(67): CodeIgniter\CodeIgniter->run()
CRITICAL - 2023-07-14 20:14:45 --> syntax error, unexpected token ":"
in APPPATH\Controllers\AdmPost.php on line 28.
 1 SYSTEMPATH\Autoloader\Autoloader.php(289): CodeIgniter\Autoloader\Autoloader->includeFile('C:\\xampp\\htdocs\\codi\\app\\Controllers\\AdmPost.php')
 2 SYSTEMPATH\Autoloader\Autoloader.php(267): CodeIgniter\Autoloader\Autoloader->loadInNamespace('App\\Controllers\\AdmPost')
 3 [internal function]: CodeIgniter\Autoloader\Autoloader->loadClass('App\\Controllers\\AdmPost')
 4 SYSTEMPATH\CodeIgniter.php(892): class_exists('\\App\\Controllers\\AdmPost', true)
 5 SYSTEMPATH\CodeIgniter.php(486): CodeIgniter\CodeIgniter->startController()
 6 SYSTEMPATH\CodeIgniter.php(368): CodeIgniter\CodeIgniter->handleRequest(null, Object(Config\Cache), false)
 7 FCPATH\index.php(67): CodeIgniter\CodeIgniter->run()
CRITICAL - 2023-07-14 20:14:46 --> syntax error, unexpected token ":"
in APPPATH\Controllers\AdmPost.php on line 28.
 1 SYSTEMPATH\Autoloader\Autoloader.php(289): CodeIgniter\Autoloader\Autoloader->includeFile('C:\\xampp\\htdocs\\codi\\app\\Controllers\\AdmPost.php')
 2 SYSTEMPATH\Autoloader\Autoloader.php(267): CodeIgniter\Autoloader\Autoloader->loadInNamespace('App\\Controllers\\AdmPost')
 3 [internal function]: CodeIgniter\Autoloader\Autoloader->loadClass('App\\Controllers\\AdmPost')
 4 SYSTEMPATH\CodeIgniter.php(892): class_exists('\\App\\Controllers\\AdmPost', true)
 5 SYSTEMPATH\CodeIgniter.php(486): CodeIgniter\CodeIgniter->startController()
 6 SYSTEMPATH\CodeIgniter.php(368): CodeIgniter\CodeIgniter->handleRequest(null, Object(Config\Cache), false)
 7 FCPATH\index.php(67): CodeIgniter\CodeIgniter->run()
CRITICAL - 2023-07-14 20:14:47 --> syntax error, unexpected token ":"
in APPPATH\Controllers\AdmPost.php on line 28.
 1 SYSTEMPATH\Autoloader\Autoloader.php(289): CodeIgniter\Autoloader\Autoloader->includeFile('C:\\xampp\\htdocs\\codi\\app\\Controllers\\AdmPost.php')
 2 SYSTEMPATH\Autoloader\Autoloader.php(267): CodeIgniter\Autoloader\Autoloader->loadInNamespace('App\\Controllers\\AdmPost')
 3 [internal function]: CodeIgniter\Autoloader\Autoloader->loadClass('App\\Controllers\\AdmPost')
 4 SYSTEMPATH\CodeIgniter.php(892): class_exists('\\App\\Controllers\\AdmPost', true)
 5 SYSTEMPATH\CodeIgniter.php(486): CodeIgniter\CodeIgniter->startController()
 6 SYSTEMPATH\CodeIgniter.php(368): CodeIgniter\CodeIgniter->handleRequest(null, Object(Config\Cache), false)
 7 FCPATH\index.php(67): CodeIgniter\CodeIgniter->run()
CRITICAL - 2023-07-14 20:14:48 --> syntax error, unexpected token ":"
in APPPATH\Controllers\AdmPost.php on line 28.
 1 SYSTEMPATH\Autoloader\Autoloader.php(289): CodeIgniter\Autoloader\Autoloader->includeFile('C:\\xampp\\htdocs\\codi\\app\\Controllers\\AdmPost.php')
 2 SYSTEMPATH\Autoloader\Autoloader.php(267): CodeIgniter\Autoloader\Autoloader->loadInNamespace('App\\Controllers\\AdmPost')
 3 [internal function]: CodeIgniter\Autoloader\Autoloader->loadClass('App\\Controllers\\AdmPost')
 4 SYSTEMPATH\CodeIgniter.php(892): class_exists('\\App\\Controllers\\AdmPost', true)
 5 SYSTEMPATH\CodeIgniter.php(486): CodeIgniter\CodeIgniter->startController()
 6 SYSTEMPATH\CodeIgniter.php(368): CodeIgniter\CodeIgniter->handleRequest(null, Object(Config\Cache), false)
 7 FCPATH\index.php(67): CodeIgniter\CodeIgniter->run()
CRITICAL - 2023-07-14 20:14:49 --> syntax error, unexpected token ":"
in APPPATH\Controllers\AdmPost.php on line 28.
 1 SYSTEMPATH\Autoloader\Autoloader.php(289): CodeIgniter\Autoloader\Autoloader->includeFile('C:\\xampp\\htdocs\\codi\\app\\Controllers\\AdmPost.php')
 2 SYSTEMPATH\Autoloader\Autoloader.php(267): CodeIgniter\Autoloader\Autoloader->loadInNamespace('App\\Controllers\\AdmPost')
 3 [internal function]: CodeIgniter\Autoloader\Autoloader->loadClass('App\\Controllers\\AdmPost')
 4 SYSTEMPATH\CodeIgniter.php(892): class_exists('\\App\\Controllers\\AdmPost', true)
 5 SYSTEMPATH\CodeIgniter.php(486): CodeIgniter\CodeIgniter->startController()
 6 SYSTEMPATH\CodeIgniter.php(368): CodeIgniter\CodeIgniter->handleRequest(null, Object(Config\Cache), false)
 7 FCPATH\index.php(67): CodeIgniter\CodeIgniter->run()
CRITICAL - 2023-07-14 20:14:50 --> syntax error, unexpected token ":"
in APPPATH\Controllers\AdmPost.php on line 28.
 1 SYSTEMPATH\Autoloader\Autoloader.php(289): CodeIgniter\Autoloader\Autoloader->includeFile('C:\\xampp\\htdocs\\codi\\app\\Controllers\\AdmPost.php')
 2 SYSTEMPATH\Autoloader\Autoloader.php(267): CodeIgniter\Autoloader\Autoloader->loadInNamespace('App\\Controllers\\AdmPost')
 3 [internal function]: CodeIgniter\Autoloader\Autoloader->loadClass('App\\Controllers\\AdmPost')
 4 SYSTEMPATH\CodeIgniter.php(892): class_exists('\\App\\Controllers\\AdmPost', true)
 5 SYSTEMPATH\CodeIgniter.php(486): CodeIgniter\CodeIgniter->startController()
 6 SYSTEMPATH\CodeIgniter.php(368): CodeIgniter\CodeIgniter->handleRequest(null, Object(Config\Cache), false)
 7 FCPATH\index.php(67): CodeIgniter\CodeIgniter->run()
CRITICAL - 2023-07-14 20:14:51 --> syntax error, unexpected token ":"
in APPPATH\Controllers\AdmPost.php on line 28.
 1 SYSTEMPATH\Autoloader\Autoloader.php(289): CodeIgniter\Autoloader\Autoloader->includeFile('C:\\xampp\\htdocs\\codi\\app\\Controllers\\AdmPost.php')
 2 SYSTEMPATH\Autoloader\Autoloader.php(267): CodeIgniter\Autoloader\Autoloader->loadInNamespace('App\\Controllers\\AdmPost')
 3 [internal function]: CodeIgniter\Autoloader\Autoloader->loadClass('App\\Controllers\\AdmPost')
 4 SYSTEMPATH\CodeIgniter.php(892): class_exists('\\App\\Controllers\\AdmPost', true)
 5 SYSTEMPATH\CodeIgniter.php(486): CodeIgniter\CodeIgniter->startController()
 6 SYSTEMPATH\CodeIgniter.php(368): CodeIgniter\CodeIgniter->handleRequest(null, Object(Config\Cache), false)
 7 FCPATH\index.php(67): CodeIgniter\CodeIgniter->run()
CRITICAL - 2023-07-14 20:14:52 --> syntax error, unexpected token ":"
in APPPATH\Controllers\AdmPost.php on line 28.
 1 SYSTEMPATH\Autoloader\Autoloader.php(289): CodeIgniter\Autoloader\Autoloader->includeFile('C:\\xampp\\htdocs\\codi\\app\\Controllers\\AdmPost.php')
 2 SYSTEMPATH\Autoloader\Autoloader.php(267): CodeIgniter\Autoloader\Autoloader->loadInNamespace('App\\Controllers\\AdmPost')
 3 [internal function]: CodeIgniter\Autoloader\Autoloader->loadClass('App\\Controllers\\AdmPost')
 4 SYSTEMPATH\CodeIgniter.php(892): class_exists('\\App\\Controllers\\AdmPost', true)
 5 SYSTEMPATH\CodeIgniter.php(486): CodeIgniter\CodeIgniter->startController()
 6 SYSTEMPATH\CodeIgniter.php(368): CodeIgniter\CodeIgniter->handleRequest(null, Object(Config\Cache), false)
 7 FCPATH\index.php(67): CodeIgniter\CodeIgniter->run()
CRITICAL - 2023-07-14 20:14:53 --> syntax error, unexpected token ":"
in APPPATH\Controllers\AdmPost.php on line 28.
 1 SYSTEMPATH\Autoloader\Autoloader.php(289): CodeIgniter\Autoloader\Autoloader->includeFile('C:\\xampp\\htdocs\\codi\\app\\Controllers\\AdmPost.php')
 2 SYSTEMPATH\Autoloader\Autoloader.php(267): CodeIgniter\Autoloader\Autoloader->loadInNamespace('App\\Controllers\\AdmPost')
 3 [internal function]: CodeIgniter\Autoloader\Autoloader->loadClass('App\\Controllers\\AdmPost')
 4 SYSTEMPATH\CodeIgniter.php(892): class_exists('\\App\\Controllers\\AdmPost', true)
 5 SYSTEMPATH\CodeIgniter.php(486): CodeIgniter\CodeIgniter->startController()
 6 SYSTEMPATH\CodeIgniter.php(368): CodeIgniter\CodeIgniter->handleRequest(null, Object(Config\Cache), false)
 7 FCPATH\index.php(67): CodeIgniter\CodeIgniter->run()
CRITICAL - 2023-07-14 20:14:54 --> syntax error, unexpected token ":"
in APPPATH\Controllers\AdmPost.php on line 28.
 1 SYSTEMPATH\Autoloader\Autoloader.php(289): CodeIgniter\Autoloader\Autoloader->includeFile('C:\\xampp\\htdocs\\codi\\app\\Controllers\\AdmPost.php')
 2 SYSTEMPATH\Autoloader\Autoloader.php(267): CodeIgniter\Autoloader\Autoloader->loadInNamespace('App\\Controllers\\AdmPost')
 3 [internal function]: CodeIgniter\Autoloader\Autoloader->loadClass('App\\Controllers\\AdmPost')
 4 SYSTEMPATH\CodeIgniter.php(892): class_exists('\\App\\Controllers\\AdmPost', true)
 5 SYSTEMPATH\CodeIgniter.php(486): CodeIgniter\CodeIgniter->startController()
 6 SYSTEMPATH\CodeIgniter.php(368): CodeIgniter\CodeIgniter->handleRequest(null, Object(Config\Cache), false)
 7 FCPATH\index.php(67): CodeIgniter\CodeIgniter->run()
CRITICAL - 2023-07-14 20:14:55 --> syntax error, unexpected token ":"
in APPPATH\Controllers\AdmPost.php on line 28.
 1 SYSTEMPATH\Autoloader\Autoloader.php(289): CodeIgniter\Autoloader\Autoloader->includeFile('C:\\xampp\\htdocs\\codi\\app\\Controllers\\AdmPost.php')
 2 SYSTEMPATH\Autoloader\Autoloader.php(267): CodeIgniter\Autoloader\Autoloader->loadInNamespace('App\\Controllers\\AdmPost')
 3 [internal function]: CodeIgniter\Autoloader\Autoloader->loadClass('App\\Controllers\\AdmPost')
 4 SYSTEMPATH\CodeIgniter.php(892): class_exists('\\App\\Controllers\\AdmPost', true)
 5 SYSTEMPATH\CodeIgniter.php(486): CodeIgniter\CodeIgniter->startController()
 6 SYSTEMPATH\CodeIgniter.php(368): CodeIgniter\CodeIgniter->handleRequest(null, Object(Config\Cache), false)
 7 FCPATH\index.php(67): CodeIgniter\CodeIgniter->run()
CRITICAL - 2023-07-14 20:14:56 --> syntax error, unexpected token ":"
in APPPATH\Controllers\AdmPost.php on line 28.
 1 SYSTEMPATH\Autoloader\Autoloader.php(289): CodeIgniter\Autoloader\Autoloader->includeFile('C:\\xampp\\htdocs\\codi\\app\\Controllers\\AdmPost.php')
 2 SYSTEMPATH\Autoloader\Autoloader.php(267): CodeIgniter\Autoloader\Autoloader->loadInNamespace('App\\Controllers\\AdmPost')
 3 [internal function]: CodeIgniter\Autoloader\Autoloader->loadClass('App\\Controllers\\AdmPost')
 4 SYSTEMPATH\CodeIgniter.php(892): class_exists('\\App\\Controllers\\AdmPost', true)
 5 SYSTEMPATH\CodeIgniter.php(486): CodeIgniter\CodeIgniter->startController()
 6 SYSTEMPATH\CodeIgniter.php(368): CodeIgniter\CodeIgniter->handleRequest(null, Object(Config\Cache), false)
 7 FCPATH\index.php(67): CodeIgniter\CodeIgniter->run()
CRITICAL - 2023-07-14 20:14:57 --> syntax error, unexpected token ":"
in APPPATH\Controllers\AdmPost.php on line 28.
 1 SYSTEMPATH\Autoloader\Autoloader.php(289): CodeIgniter\Autoloader\Autoloader->includeFile('C:\\xampp\\htdocs\\codi\\app\\Controllers\\AdmPost.php')
 2 SYSTEMPATH\Autoloader\Autoloader.php(267): CodeIgniter\Autoloader\Autoloader->loadInNamespace('App\\Controllers\\AdmPost')
 3 [internal function]: CodeIgniter\Autoloader\Autoloader->loadClass('App\\Controllers\\AdmPost')
 4 SYSTEMPATH\CodeIgniter.php(892): class_exists('\\App\\Controllers\\AdmPost', true)
 5 SYSTEMPATH\CodeIgniter.php(486): CodeIgniter\CodeIgniter->startController()
 6 SYSTEMPATH\CodeIgniter.php(368): CodeIgniter\CodeIgniter->handleRequest(null, Object(Config\Cache), false)
 7 FCPATH\index.php(67): CodeIgniter\CodeIgniter->run()
CRITICAL - 2023-07-14 20:14:58 --> syntax error, unexpected token ":"
in APPPATH\Controllers\AdmPost.php on line 28.
 1 SYSTEMPATH\Autoloader\Autoloader.php(289): CodeIgniter\Autoloader\Autoloader->includeFile('C:\\xampp\\htdocs\\codi\\app\\Controllers\\AdmPost.php')
 2 SYSTEMPATH\Autoloader\Autoloader.php(267): CodeIgniter\Autoloader\Autoloader->loadInNamespace('App\\Controllers\\AdmPost')
 3 [internal function]: CodeIgniter\Autoloader\Autoloader->loadClass('App\\Controllers\\AdmPost')
 4 SYSTEMPATH\CodeIgniter.php(892): class_exists('\\App\\Controllers\\AdmPost', true)
 5 SYSTEMPATH\CodeIgniter.php(486): CodeIgniter\CodeIgniter->startController()
 6 SYSTEMPATH\CodeIgniter.php(368): CodeIgniter\CodeIgniter->handleRequest(null, Object(Config\Cache), false)
 7 FCPATH\index.php(67): CodeIgniter\CodeIgniter->run()
CRITICAL - 2023-07-14 20:14:59 --> syntax error, unexpected token ":"
in APPPATH\Controllers\AdmPost.php on line 28.
 1 SYSTEMPATH\Autoloader\Autoloader.php(289): CodeIgniter\Autoloader\Autoloader->includeFile('C:\\xampp\\htdocs\\codi\\app\\Controllers\\AdmPost.php')
 2 SYSTEMPATH\Autoloader\Autoloader.php(267): CodeIgniter\Autoloader\Autoloader->loadInNamespace('App\\Controllers\\AdmPost')
 3 [internal function]: CodeIgniter\Autoloader\Autoloader->loadClass('App\\Controllers\\AdmPost')
 4 SYSTEMPATH\CodeIgniter.php(892): class_exists('\\App\\Controllers\\AdmPost', true)
 5 SYSTEMPATH\CodeIgniter.php(486): CodeIgniter\CodeIgniter->startController()
 6 SYSTEMPATH\CodeIgniter.php(368): CodeIgniter\CodeIgniter->handleRequest(null, Object(Config\Cache), false)
 7 FCPATH\index.php(67): CodeIgniter\CodeIgniter->run()
CRITICAL - 2023-07-14 20:15:00 --> syntax error, unexpected token ":"
in APPPATH\Controllers\AdmPost.php on line 28.
 1 SYSTEMPATH\Autoloader\Autoloader.php(289): CodeIgniter\Autoloader\Autoloader->includeFile('C:\\xampp\\htdocs\\codi\\app\\Controllers\\AdmPost.php')
 2 SYSTEMPATH\Autoloader\Autoloader.php(267): CodeIgniter\Autoloader\Autoloader->loadInNamespace('App\\Controllers\\AdmPost')
 3 [internal function]: CodeIgniter\Autoloader\Autoloader->loadClass('App\\Controllers\\AdmPost')
 4 SYSTEMPATH\CodeIgniter.php(892): class_exists('\\App\\Controllers\\AdmPost', true)
 5 SYSTEMPATH\CodeIgniter.php(486): CodeIgniter\CodeIgniter->startController()
 6 SYSTEMPATH\CodeIgniter.php(368): CodeIgniter\CodeIgniter->handleRequest(null, Object(Config\Cache), false)
 7 FCPATH\index.php(67): CodeIgniter\CodeIgniter->run()
CRITICAL - 2023-07-14 20:15:01 --> syntax error, unexpected token ":"
in APPPATH\Controllers\AdmPost.php on line 28.
 1 SYSTEMPATH\Autoloader\Autoloader.php(289): CodeIgniter\Autoloader\Autoloader->includeFile('C:\\xampp\\htdocs\\codi\\app\\Controllers\\AdmPost.php')
 2 SYSTEMPATH\Autoloader\Autoloader.php(267): CodeIgniter\Autoloader\Autoloader->loadInNamespace('App\\Controllers\\AdmPost')
 3 [internal function]: CodeIgniter\Autoloader\Autoloader->loadClass('App\\Controllers\\AdmPost')
 4 SYSTEMPATH\CodeIgniter.php(892): class_exists('\\App\\Controllers\\AdmPost', true)
 5 SYSTEMPATH\CodeIgniter.php(486): CodeIgniter\CodeIgniter->startController()
 6 SYSTEMPATH\CodeIgniter.php(368): CodeIgniter\CodeIgniter->handleRequest(null, Object(Config\Cache), false)
 7 FCPATH\index.php(67): CodeIgniter\CodeIgniter->run()
CRITICAL - 2023-07-14 20:15:02 --> syntax error, unexpected token ":"
in APPPATH\Controllers\AdmPost.php on line 28.
 1 SYSTEMPATH\Autoloader\Autoloader.php(289): CodeIgniter\Autoloader\Autoloader->includeFile('C:\\xampp\\htdocs\\codi\\app\\Controllers\\AdmPost.php')
 2 SYSTEMPATH\Autoloader\Autoloader.php(267): CodeIgniter\Autoloader\Autoloader->loadInNamespace('App\\Controllers\\AdmPost')
 3 [internal function]: CodeIgniter\Autoloader\Autoloader->loadClass('App\\Controllers\\AdmPost')
 4 SYSTEMPATH\CodeIgniter.php(892): class_exists('\\App\\Controllers\\AdmPost', true)
 5 SYSTEMPATH\CodeIgniter.php(486): CodeIgniter\CodeIgniter->startController()
 6 SYSTEMPATH\CodeIgniter.php(368): CodeIgniter\CodeIgniter->handleRequest(null, Object(Config\Cache), false)
 7 FCPATH\index.php(67): CodeIgniter\CodeIgniter->run()
CRITICAL - 2023-07-14 20:15:03 --> syntax error, unexpected token ":"
in APPPATH\Controllers\AdmPost.php on line 28.
 1 SYSTEMPATH\Autoloader\Autoloader.php(289): CodeIgniter\Autoloader\Autoloader->includeFile('C:\\xampp\\htdocs\\codi\\app\\Controllers\\AdmPost.php')
 2 SYSTEMPATH\Autoloader\Autoloader.php(267): CodeIgniter\Autoloader\Autoloader->loadInNamespace('App\\Controllers\\AdmPost')
 3 [internal function]: CodeIgniter\Autoloader\Autoloader->loadClass('App\\Controllers\\AdmPost')
 4 SYSTEMPATH\CodeIgniter.php(892): class_exists('\\App\\Controllers\\AdmPost', true)
 5 SYSTEMPATH\CodeIgniter.php(486): CodeIgniter\CodeIgniter->startController()
 6 SYSTEMPATH\CodeIgniter.php(368): CodeIgniter\CodeIgniter->handleRequest(null, Object(Config\Cache), false)
 7 FCPATH\index.php(67): CodeIgniter\CodeIgniter->run()
CRITICAL - 2023-07-14 20:15:04 --> syntax error, unexpected token ":"
in APPPATH\Controllers\AdmPost.php on line 28.
 1 SYSTEMPATH\Autoloader\Autoloader.php(289): CodeIgniter\Autoloader\Autoloader->includeFile('C:\\xampp\\htdocs\\codi\\app\\Controllers\\AdmPost.php')
 2 SYSTEMPATH\Autoloader\Autoloader.php(267): CodeIgniter\Autoloader\Autoloader->loadInNamespace('App\\Controllers\\AdmPost')
 3 [internal function]: CodeIgniter\Autoloader\Autoloader->loadClass('App\\Controllers\\AdmPost')
 4 SYSTEMPATH\CodeIgniter.php(892): class_exists('\\App\\Controllers\\AdmPost', true)
 5 SYSTEMPATH\CodeIgniter.php(486): CodeIgniter\CodeIgniter->startController()
 6 SYSTEMPATH\CodeIgniter.php(368): CodeIgniter\CodeIgniter->handleRequest(null, Object(Config\Cache), false)
 7 FCPATH\index.php(67): CodeIgniter\CodeIgniter->run()
CRITICAL - 2023-07-14 20:15:05 --> syntax error, unexpected token ":"
in APPPATH\Controllers\AdmPost.php on line 28.
 1 SYSTEMPATH\Autoloader\Autoloader.php(289): CodeIgniter\Autoloader\Autoloader->includeFile('C:\\xampp\\htdocs\\codi\\app\\Controllers\\AdmPost.php')
 2 SYSTEMPATH\Autoloader\Autoloader.php(267): CodeIgniter\Autoloader\Autoloader->loadInNamespace('App\\Controllers\\AdmPost')
 3 [internal function]: CodeIgniter\Autoloader\Autoloader->loadClass('App\\Controllers\\AdmPost')
 4 SYSTEMPATH\CodeIgniter.php(892): class_exists('\\App\\Controllers\\AdmPost', true)
 5 SYSTEMPATH\CodeIgniter.php(486): CodeIgniter\CodeIgniter->startController()
 6 SYSTEMPATH\CodeIgniter.php(368): CodeIgniter\CodeIgniter->handleRequest(null, Object(Config\Cache), false)
 7 FCPATH\index.php(67): CodeIgniter\CodeIgniter->run()
CRITICAL - 2023-07-14 20:15:06 --> syntax error, unexpected token ":"
in APPPATH\Controllers\AdmPost.php on line 28.
 1 SYSTEMPATH\Autoloader\Autoloader.php(289): CodeIgniter\Autoloader\Autoloader->includeFile('C:\\xampp\\htdocs\\codi\\app\\Controllers\\AdmPost.php')
 2 SYSTEMPATH\Autoloader\Autoloader.php(267): CodeIgniter\Autoloader\Autoloader->loadInNamespace('App\\Controllers\\AdmPost')
 3 [internal function]: CodeIgniter\Autoloader\Autoloader->loadClass('App\\Controllers\\AdmPost')
 4 SYSTEMPATH\CodeIgniter.php(892): class_exists('\\App\\Controllers\\AdmPost', true)
 5 SYSTEMPATH\CodeIgniter.php(486): CodeIgniter\CodeIgniter->startController()
 6 SYSTEMPATH\CodeIgniter.php(368): CodeIgniter\CodeIgniter->handleRequest(null, Object(Config\Cache), false)
 7 FCPATH\index.php(67): CodeIgniter\CodeIgniter->run()
CRITICAL - 2023-07-14 20:15:07 --> syntax error, unexpected token ":"
in APPPATH\Controllers\AdmPost.php on line 28.
 1 SYSTEMPATH\Autoloader\Autoloader.php(289): CodeIgniter\Autoloader\Autoloader->includeFile('C:\\xampp\\htdocs\\codi\\app\\Controllers\\AdmPost.php')
 2 SYSTEMPATH\Autoloader\Autoloader.php(267): CodeIgniter\Autoloader\Autoloader->loadInNamespace('App\\Controllers\\AdmPost')
 3 [internal function]: CodeIgniter\Autoloader\Autoloader->loadClass('App\\Controllers\\AdmPost')
 4 SYSTEMPATH\CodeIgniter.php(892): class_exists('\\App\\Controllers\\AdmPost', true)
 5 SYSTEMPATH\CodeIgniter.php(486): CodeIgniter\CodeIgniter->startController()
 6 SYSTEMPATH\CodeIgniter.php(368): CodeIgniter\CodeIgniter->handleRequest(null, Object(Config\Cache), false)
 7 FCPATH\index.php(67): CodeIgniter\CodeIgniter->run()
CRITICAL - 2023-07-14 20:15:08 --> syntax error, unexpected token ":"
in APPPATH\Controllers\AdmPost.php on line 28.
 1 SYSTEMPATH\Autoloader\Autoloader.php(289): CodeIgniter\Autoloader\Autoloader->includeFile('C:\\xampp\\htdocs\\codi\\app\\Controllers\\AdmPost.php')
 2 SYSTEMPATH\Autoloader\Autoloader.php(267): CodeIgniter\Autoloader\Autoloader->loadInNamespace('App\\Controllers\\AdmPost')
 3 [internal function]: CodeIgniter\Autoloader\Autoloader->loadClass('App\\Controllers\\AdmPost')
 4 SYSTEMPATH\CodeIgniter.php(892): class_exists('\\App\\Controllers\\AdmPost', true)
 5 SYSTEMPATH\CodeIgniter.php(486): CodeIgniter\CodeIgniter->startController()
 6 SYSTEMPATH\CodeIgniter.php(368): CodeIgniter\CodeIgniter->handleRequest(null, Object(Config\Cache), false)
 7 FCPATH\index.php(67): CodeIgniter\CodeIgniter->run()
CRITICAL - 2023-07-14 20:15:09 --> syntax error, unexpected token ":"
in APPPATH\Controllers\AdmPost.php on line 28.
 1 SYSTEMPATH\Autoloader\Autoloader.php(289): CodeIgniter\Autoloader\Autoloader->includeFile('C:\\xampp\\htdocs\\codi\\app\\Controllers\\AdmPost.php')
 2 SYSTEMPATH\Autoloader\Autoloader.php(267): CodeIgniter\Autoloader\Autoloader->loadInNamespace('App\\Controllers\\AdmPost')
 3 [internal function]: CodeIgniter\Autoloader\Autoloader->loadClass('App\\Controllers\\AdmPost')
 4 SYSTEMPATH\CodeIgniter.php(892): class_exists('\\App\\Controllers\\AdmPost', true)
 5 SYSTEMPATH\CodeIgniter.php(486): CodeIgniter\CodeIgniter->startController()
 6 SYSTEMPATH\CodeIgniter.php(368): CodeIgniter\CodeIgniter->handleRequest(null, Object(Config\Cache), false)
 7 FCPATH\index.php(67): CodeIgniter\CodeIgniter->run()
CRITICAL - 2023-07-14 20:15:10 --> syntax error, unexpected token ":"
in APPPATH\Controllers\AdmPost.php on line 28.
 1 SYSTEMPATH\Autoloader\Autoloader.php(289): CodeIgniter\Autoloader\Autoloader->includeFile('C:\\xampp\\htdocs\\codi\\app\\Controllers\\AdmPost.php')
 2 SYSTEMPATH\Autoloader\Autoloader.php(267): CodeIgniter\Autoloader\Autoloader->loadInNamespace('App\\Controllers\\AdmPost')
 3 [internal function]: CodeIgniter\Autoloader\Autoloader->loadClass('App\\Controllers\\AdmPost')
 4 SYSTEMPATH\CodeIgniter.php(892): class_exists('\\App\\Controllers\\AdmPost', true)
 5 SYSTEMPATH\CodeIgniter.php(486): CodeIgniter\CodeIgniter->startController()
 6 SYSTEMPATH\CodeIgniter.php(368): CodeIgniter\CodeIgniter->handleRequest(null, Object(Config\Cache), false)
 7 FCPATH\index.php(67): CodeIgniter\CodeIgniter->run()
CRITICAL - 2023-07-14 20:15:11 --> syntax error, unexpected token ":"
in APPPATH\Controllers\AdmPost.php on line 28.
 1 SYSTEMPATH\Autoloader\Autoloader.php(289): CodeIgniter\Autoloader\Autoloader->includeFile('C:\\xampp\\htdocs\\codi\\app\\Controllers\\AdmPost.php')
 2 SYSTEMPATH\Autoloader\Autoloader.php(267): CodeIgniter\Autoloader\Autoloader->loadInNamespace('App\\Controllers\\AdmPost')
 3 [internal function]: CodeIgniter\Autoloader\Autoloader->loadClass('App\\Controllers\\AdmPost')
 4 SYSTEMPATH\CodeIgniter.php(892): class_exists('\\App\\Controllers\\AdmPost', true)
 5 SYSTEMPATH\CodeIgniter.php(486): CodeIgniter\CodeIgniter->startController()
 6 SYSTEMPATH\CodeIgniter.php(368): CodeIgniter\CodeIgniter->handleRequest(null, Object(Config\Cache), false)
 7 FCPATH\index.php(67): CodeIgniter\CodeIgniter->run()
CRITICAL - 2023-07-14 20:15:12 --> syntax error, unexpected token ":"
in APPPATH\Controllers\AdmPost.php on line 28.
 1 SYSTEMPATH\Autoloader\Autoloader.php(289): CodeIgniter\Autoloader\Autoloader->includeFile('C:\\xampp\\htdocs\\codi\\app\\Controllers\\AdmPost.php')
 2 SYSTEMPATH\Autoloader\Autoloader.php(267): CodeIgniter\Autoloader\Autoloader->loadInNamespace('App\\Controllers\\AdmPost')
 3 [internal function]: CodeIgniter\Autoloader\Autoloader->loadClass('App\\Controllers\\AdmPost')
 4 SYSTEMPATH\CodeIgniter.php(892): class_exists('\\App\\Controllers\\AdmPost', true)
 5 SYSTEMPATH\CodeIgniter.php(486): CodeIgniter\CodeIgniter->startController()
 6 SYSTEMPATH\CodeIgniter.php(368): CodeIgniter\CodeIgniter->handleRequest(null, Object(Config\Cache), false)
 7 FCPATH\index.php(67): CodeIgniter\CodeIgniter->run()
CRITICAL - 2023-07-14 20:15:13 --> syntax error, unexpected token ":"
in APPPATH\Controllers\AdmPost.php on line 28.
 1 SYSTEMPATH\Autoloader\Autoloader.php(289): CodeIgniter\Autoloader\Autoloader->includeFile('C:\\xampp\\htdocs\\codi\\app\\Controllers\\AdmPost.php')
 2 SYSTEMPATH\Autoloader\Autoloader.php(267): CodeIgniter\Autoloader\Autoloader->loadInNamespace('App\\Controllers\\AdmPost')
 3 [internal function]: CodeIgniter\Autoloader\Autoloader->loadClass('App\\Controllers\\AdmPost')
 4 SYSTEMPATH\CodeIgniter.php(892): class_exists('\\App\\Controllers\\AdmPost', true)
 5 SYSTEMPATH\CodeIgniter.php(486): CodeIgniter\CodeIgniter->startController()
 6 SYSTEMPATH\CodeIgniter.php(368): CodeIgniter\CodeIgniter->handleRequest(null, Object(Config\Cache), false)
 7 FCPATH\index.php(67): CodeIgniter\CodeIgniter->run()
CRITICAL - 2023-07-14 20:15:14 --> syntax error, unexpected token ":"
in APPPATH\Controllers\AdmPost.php on line 28.
 1 SYSTEMPATH\Autoloader\Autoloader.php(289): CodeIgniter\Autoloader\Autoloader->includeFile('C:\\xampp\\htdocs\\codi\\app\\Controllers\\AdmPost.php')
 2 SYSTEMPATH\Autoloader\Autoloader.php(267): CodeIgniter\Autoloader\Autoloader->loadInNamespace('App\\Controllers\\AdmPost')
 3 [internal function]: CodeIgniter\Autoloader\Autoloader->loadClass('App\\Controllers\\AdmPost')
 4 SYSTEMPATH\CodeIgniter.php(892): class_exists('\\App\\Controllers\\AdmPost', true)
 5 SYSTEMPATH\CodeIgniter.php(486): CodeIgniter\CodeIgniter->startController()
 6 SYSTEMPATH\CodeIgniter.php(368): CodeIgniter\CodeIgniter->handleRequest(null, Object(Config\Cache), false)
 7 FCPATH\index.php(67): CodeIgniter\CodeIgniter->run()
CRITICAL - 2023-07-14 20:15:15 --> syntax error, unexpected token ":"
in APPPATH\Controllers\AdmPost.php on line 28.
 1 SYSTEMPATH\Autoloader\Autoloader.php(289): CodeIgniter\Autoloader\Autoloader->includeFile('C:\\xampp\\htdocs\\codi\\app\\Controllers\\AdmPost.php')
 2 SYSTEMPATH\Autoloader\Autoloader.php(267): CodeIgniter\Autoloader\Autoloader->loadInNamespace('App\\Controllers\\AdmPost')
 3 [internal function]: CodeIgniter\Autoloader\Autoloader->loadClass('App\\Controllers\\AdmPost')
 4 SYSTEMPATH\CodeIgniter.php(892): class_exists('\\App\\Controllers\\AdmPost', true)
 5 SYSTEMPATH\CodeIgniter.php(486): CodeIgniter\CodeIgniter->startController()
 6 SYSTEMPATH\CodeIgniter.php(368): CodeIgniter\CodeIgniter->handleRequest(null, Object(Config\Cache), false)
 7 FCPATH\index.php(67): CodeIgniter\CodeIgniter->run()
CRITICAL - 2023-07-14 20:15:16 --> syntax error, unexpected token ":"
in APPPATH\Controllers\AdmPost.php on line 28.
 1 SYSTEMPATH\Autoloader\Autoloader.php(289): CodeIgniter\Autoloader\Autoloader->includeFile('C:\\xampp\\htdocs\\codi\\app\\Controllers\\AdmPost.php')
 2 SYSTEMPATH\Autoloader\Autoloader.php(267): CodeIgniter\Autoloader\Autoloader->loadInNamespace('App\\Controllers\\AdmPost')
 3 [internal function]: CodeIgniter\Autoloader\Autoloader->loadClass('App\\Controllers\\AdmPost')
 4 SYSTEMPATH\CodeIgniter.php(892): class_exists('\\App\\Controllers\\AdmPost', true)
 5 SYSTEMPATH\CodeIgniter.php(486): CodeIgniter\CodeIgniter->startController()
 6 SYSTEMPATH\CodeIgniter.php(368): CodeIgniter\CodeIgniter->handleRequest(null, Object(Config\Cache), false)
 7 FCPATH\index.php(67): CodeIgniter\CodeIgniter->run()
CRITICAL - 2023-07-14 20:15:17 --> syntax error, unexpected token ":"
in APPPATH\Controllers\AdmPost.php on line 28.
 1 SYSTEMPATH\Autoloader\Autoloader.php(289): CodeIgniter\Autoloader\Autoloader->includeFile('C:\\xampp\\htdocs\\codi\\app\\Controllers\\AdmPost.php')
 2 SYSTEMPATH\Autoloader\Autoloader.php(267): CodeIgniter\Autoloader\Autoloader->loadInNamespace('App\\Controllers\\AdmPost')
 3 [internal function]: CodeIgniter\Autoloader\Autoloader->loadClass('App\\Controllers\\AdmPost')
 4 SYSTEMPATH\CodeIgniter.php(892): class_exists('\\App\\Controllers\\AdmPost', true)
 5 SYSTEMPATH\CodeIgniter.php(486): CodeIgniter\CodeIgniter->startController()
 6 SYSTEMPATH\CodeIgniter.php(368): CodeIgniter\CodeIgniter->handleRequest(null, Object(Config\Cache), false)
 7 FCPATH\index.php(67): CodeIgniter\CodeIgniter->run()
CRITICAL - 2023-07-14 20:15:18 --> syntax error, unexpected token ":"
in APPPATH\Controllers\AdmPost.php on line 28.
 1 SYSTEMPATH\Autoloader\Autoloader.php(289): CodeIgniter\Autoloader\Autoloader->includeFile('C:\\xampp\\htdocs\\codi\\app\\Controllers\\AdmPost.php')
 2 SYSTEMPATH\Autoloader\Autoloader.php(267): CodeIgniter\Autoloader\Autoloader->loadInNamespace('App\\Controllers\\AdmPost')
 3 [internal function]: CodeIgniter\Autoloader\Autoloader->loadClass('App\\Controllers\\AdmPost')
 4 SYSTEMPATH\CodeIgniter.php(892): class_exists('\\App\\Controllers\\AdmPost', true)
 5 SYSTEMPATH\CodeIgniter.php(486): CodeIgniter\CodeIgniter->startController()
 6 SYSTEMPATH\CodeIgniter.php(368): CodeIgniter\CodeIgniter->handleRequest(null, Object(Config\Cache), false)
 7 FCPATH\index.php(67): CodeIgniter\CodeIgniter->run()
CRITICAL - 2023-07-14 20:15:19 --> syntax error, unexpected token ":"
in APPPATH\Controllers\AdmPost.php on line 28.
 1 SYSTEMPATH\Autoloader\Autoloader.php(289): CodeIgniter\Autoloader\Autoloader->includeFile('C:\\xampp\\htdocs\\codi\\app\\Controllers\\AdmPost.php')
 2 SYSTEMPATH\Autoloader\Autoloader.php(267): CodeIgniter\Autoloader\Autoloader->loadInNamespace('App\\Controllers\\AdmPost')
 3 [internal function]: CodeIgniter\Autoloader\Autoloader->loadClass('App\\Controllers\\AdmPost')
 4 SYSTEMPATH\CodeIgniter.php(892): class_exists('\\App\\Controllers\\AdmPost', true)
 5 SYSTEMPATH\CodeIgniter.php(486): CodeIgniter\CodeIgniter->startController()
 6 SYSTEMPATH\CodeIgniter.php(368): CodeIgniter\CodeIgniter->handleRequest(null, Object(Config\Cache), false)
 7 FCPATH\index.php(67): CodeIgniter\CodeIgniter->run()
CRITICAL - 2023-07-14 20:15:20 --> syntax error, unexpected token ":"
in APPPATH\Controllers\AdmPost.php on line 28.
 1 SYSTEMPATH\Autoloader\Autoloader.php(289): CodeIgniter\Autoloader\Autoloader->includeFile('C:\\xampp\\htdocs\\codi\\app\\Controllers\\AdmPost.php')
 2 SYSTEMPATH\Autoloader\Autoloader.php(267): CodeIgniter\Autoloader\Autoloader->loadInNamespace('App\\Controllers\\AdmPost')
 3 [internal function]: CodeIgniter\Autoloader\Autoloader->loadClass('App\\Controllers\\AdmPost')
 4 SYSTEMPATH\CodeIgniter.php(892): class_exists('\\App\\Controllers\\AdmPost', true)
 5 SYSTEMPATH\CodeIgniter.php(486): CodeIgniter\CodeIgniter->startController()
 6 SYSTEMPATH\CodeIgniter.php(368): CodeIgniter\CodeIgniter->handleRequest(null, Object(Config\Cache), false)
 7 FCPATH\index.php(67): CodeIgniter\CodeIgniter->run()
CRITICAL - 2023-07-14 20:15:21 --> syntax error, unexpected token ":"
in APPPATH\Controllers\AdmPost.php on line 28.
 1 SYSTEMPATH\Autoloader\Autoloader.php(289): CodeIgniter\Autoloader\Autoloader->includeFile('C:\\xampp\\htdocs\\codi\\app\\Controllers\\AdmPost.php')
 2 SYSTEMPATH\Autoloader\Autoloader.php(267): CodeIgniter\Autoloader\Autoloader->loadInNamespace('App\\Controllers\\AdmPost')
 3 [internal function]: CodeIgniter\Autoloader\Autoloader->loadClass('App\\Controllers\\AdmPost')
 4 SYSTEMPATH\CodeIgniter.php(892): class_exists('\\App\\Controllers\\AdmPost', true)
 5 SYSTEMPATH\CodeIgniter.php(486): CodeIgniter\CodeIgniter->startController()
 6 SYSTEMPATH\CodeIgniter.php(368): CodeIgniter\CodeIgniter->handleRequest(null, Object(Config\Cache), false)
 7 FCPATH\index.php(67): CodeIgniter\CodeIgniter->run()
CRITICAL - 2023-07-14 20:15:22 --> syntax error, unexpected token ":"
in APPPATH\Controllers\AdmPost.php on line 28.
 1 SYSTEMPATH\Autoloader\Autoloader.php(289): CodeIgniter\Autoloader\Autoloader->includeFile('C:\\xampp\\htdocs\\codi\\app\\Controllers\\AdmPost.php')
 2 SYSTEMPATH\Autoloader\Autoloader.php(267): CodeIgniter\Autoloader\Autoloader->loadInNamespace('App\\Controllers\\AdmPost')
 3 [internal function]: CodeIgniter\Autoloader\Autoloader->loadClass('App\\Controllers\\AdmPost')
 4 SYSTEMPATH\CodeIgniter.php(892): class_exists('\\App\\Controllers\\AdmPost', true)
 5 SYSTEMPATH\CodeIgniter.php(486): CodeIgniter\CodeIgniter->startController()
 6 SYSTEMPATH\CodeIgniter.php(368): CodeIgniter\CodeIgniter->handleRequest(null, Object(Config\Cache), false)
 7 FCPATH\index.php(67): CodeIgniter\CodeIgniter->run()
CRITICAL - 2023-07-14 20:15:23 --> syntax error, unexpected token ":"
in APPPATH\Controllers\AdmPost.php on line 28.
 1 SYSTEMPATH\Autoloader\Autoloader.php(289): CodeIgniter\Autoloader\Autoloader->includeFile('C:\\xampp\\htdocs\\codi\\app\\Controllers\\AdmPost.php')
 2 SYSTEMPATH\Autoloader\Autoloader.php(267): CodeIgniter\Autoloader\Autoloader->loadInNamespace('App\\Controllers\\AdmPost')
 3 [internal function]: CodeIgniter\Autoloader\Autoloader->loadClass('App\\Controllers\\AdmPost')
 4 SYSTEMPATH\CodeIgniter.php(892): class_exists('\\App\\Controllers\\AdmPost', true)
 5 SYSTEMPATH\CodeIgniter.php(486): CodeIgniter\CodeIgniter->startController()
 6 SYSTEMPATH\CodeIgniter.php(368): CodeIgniter\CodeIgniter->handleRequest(null, Object(Config\Cache), false)
 7 FCPATH\index.php(67): CodeIgniter\CodeIgniter->run()
CRITICAL - 2023-07-14 20:15:24 --> syntax error, unexpected token ":"
in APPPATH\Controllers\AdmPost.php on line 28.
 1 SYSTEMPATH\Autoloader\Autoloader.php(289): CodeIgniter\Autoloader\Autoloader->includeFile('C:\\xampp\\htdocs\\codi\\app\\Controllers\\AdmPost.php')
 2 SYSTEMPATH\Autoloader\Autoloader.php(267): CodeIgniter\Autoloader\Autoloader->loadInNamespace('App\\Controllers\\AdmPost')
 3 [internal function]: CodeIgniter\Autoloader\Autoloader->loadClass('App\\Controllers\\AdmPost')
 4 SYSTEMPATH\CodeIgniter.php(892): class_exists('\\App\\Controllers\\AdmPost', true)
 5 SYSTEMPATH\CodeIgniter.php(486): CodeIgniter\CodeIgniter->startController()
 6 SYSTEMPATH\CodeIgniter.php(368): CodeIgniter\CodeIgniter->handleRequest(null, Object(Config\Cache), false)
 7 FCPATH\index.php(67): CodeIgniter\CodeIgniter->run()
CRITICAL - 2023-07-14 20:15:25 --> syntax error, unexpected token ":"
in APPPATH\Controllers\AdmPost.php on line 28.
 1 SYSTEMPATH\Autoloader\Autoloader.php(289): CodeIgniter\Autoloader\Autoloader->includeFile('C:\\xampp\\htdocs\\codi\\app\\Controllers\\AdmPost.php')
 2 SYSTEMPATH\Autoloader\Autoloader.php(267): CodeIgniter\Autoloader\Autoloader->loadInNamespace('App\\Controllers\\AdmPost')
 3 [internal function]: CodeIgniter\Autoloader\Autoloader->loadClass('App\\Controllers\\AdmPost')
 4 SYSTEMPATH\CodeIgniter.php(892): class_exists('\\App\\Controllers\\AdmPost', true)
 5 SYSTEMPATH\CodeIgniter.php(486): CodeIgniter\CodeIgniter->startController()
 6 SYSTEMPATH\CodeIgniter.php(368): CodeIgniter\CodeIgniter->handleRequest(null, Object(Config\Cache), false)
 7 FCPATH\index.php(67): CodeIgniter\CodeIgniter->run()
CRITICAL - 2023-07-14 20:15:26 --> syntax error, unexpected token ":"
in APPPATH\Controllers\AdmPost.php on line 28.
 1 SYSTEMPATH\Autoloader\Autoloader.php(289): CodeIgniter\Autoloader\Autoloader->includeFile('C:\\xampp\\htdocs\\codi\\app\\Controllers\\AdmPost.php')
 2 SYSTEMPATH\Autoloader\Autoloader.php(267): CodeIgniter\Autoloader\Autoloader->loadInNamespace('App\\Controllers\\AdmPost')
 3 [internal function]: CodeIgniter\Autoloader\Autoloader->loadClass('App\\Controllers\\AdmPost')
 4 SYSTEMPATH\CodeIgniter.php(892): class_exists('\\App\\Controllers\\AdmPost', true)
 5 SYSTEMPATH\CodeIgniter.php(486): CodeIgniter\CodeIgniter->startController()
 6 SYSTEMPATH\CodeIgniter.php(368): CodeIgniter\CodeIgniter->handleRequest(null, Object(Config\Cache), false)
 7 FCPATH\index.php(67): CodeIgniter\CodeIgniter->run()
CRITICAL - 2023-07-14 20:15:27 --> syntax error, unexpected token ":"
in APPPATH\Controllers\AdmPost.php on line 28.
 1 SYSTEMPATH\Autoloader\Autoloader.php(289): CodeIgniter\Autoloader\Autoloader->includeFile('C:\\xampp\\htdocs\\codi\\app\\Controllers\\AdmPost.php')
 2 SYSTEMPATH\Autoloader\Autoloader.php(267): CodeIgniter\Autoloader\Autoloader->loadInNamespace('App\\Controllers\\AdmPost')
 3 [internal function]: CodeIgniter\Autoloader\Autoloader->loadClass('App\\Controllers\\AdmPost')
 4 SYSTEMPATH\CodeIgniter.php(892): class_exists('\\App\\Controllers\\AdmPost', true)
 5 SYSTEMPATH\CodeIgniter.php(486): CodeIgniter\CodeIgniter->startController()
 6 SYSTEMPATH\CodeIgniter.php(368): CodeIgniter\CodeIgniter->handleRequest(null, Object(Config\Cache), false)
 7 FCPATH\index.php(67): CodeIgniter\CodeIgniter->run()
CRITICAL - 2023-07-14 20:15:28 --> syntax error, unexpected token ":"
in APPPATH\Controllers\AdmPost.php on line 28.
 1 SYSTEMPATH\Autoloader\Autoloader.php(289): CodeIgniter\Autoloader\Autoloader->includeFile('C:\\xampp\\htdocs\\codi\\app\\Controllers\\AdmPost.php')
 2 SYSTEMPATH\Autoloader\Autoloader.php(267): CodeIgniter\Autoloader\Autoloader->loadInNamespace('App\\Controllers\\AdmPost')
 3 [internal function]: CodeIgniter\Autoloader\Autoloader->loadClass('App\\Controllers\\AdmPost')
 4 SYSTEMPATH\CodeIgniter.php(892): class_exists('\\App\\Controllers\\AdmPost', true)
 5 SYSTEMPATH\CodeIgniter.php(486): CodeIgniter\CodeIgniter->startController()
 6 SYSTEMPATH\CodeIgniter.php(368): CodeIgniter\CodeIgniter->handleRequest(null, Object(Config\Cache), false)
 7 FCPATH\index.php(67): CodeIgniter\CodeIgniter->run()
CRITICAL - 2023-07-14 20:15:29 --> syntax error, unexpected token ":"
in APPPATH\Controllers\AdmPost.php on line 28.
 1 SYSTEMPATH\Autoloader\Autoloader.php(289): CodeIgniter\Autoloader\Autoloader->includeFile('C:\\xampp\\htdocs\\codi\\app\\Controllers\\AdmPost.php')
 2 SYSTEMPATH\Autoloader\Autoloader.php(267): CodeIgniter\Autoloader\Autoloader->loadInNamespace('App\\Controllers\\AdmPost')
 3 [internal function]: CodeIgniter\Autoloader\Autoloader->loadClass('App\\Controllers\\AdmPost')
 4 SYSTEMPATH\CodeIgniter.php(892): class_exists('\\App\\Controllers\\AdmPost', true)
 5 SYSTEMPATH\CodeIgniter.php(486): CodeIgniter\CodeIgniter->startController()
 6 SYSTEMPATH\CodeIgniter.php(368): CodeIgniter\CodeIgniter->handleRequest(null, Object(Config\Cache), false)
 7 FCPATH\index.php(67): CodeIgniter\CodeIgniter->run()
CRITICAL - 2023-07-14 20:15:30 --> syntax error, unexpected token ":"
in APPPATH\Controllers\AdmPost.php on line 28.
 1 SYSTEMPATH\Autoloader\Autoloader.php(289): CodeIgniter\Autoloader\Autoloader->includeFile('C:\\xampp\\htdocs\\codi\\app\\Controllers\\AdmPost.php')
 2 SYSTEMPATH\Autoloader\Autoloader.php(267): CodeIgniter\Autoloader\Autoloader->loadInNamespace('App\\Controllers\\AdmPost')
 3 [internal function]: CodeIgniter\Autoloader\Autoloader->loadClass('App\\Controllers\\AdmPost')
 4 SYSTEMPATH\CodeIgniter.php(892): class_exists('\\App\\Controllers\\AdmPost', true)
 5 SYSTEMPATH\CodeIgniter.php(486): CodeIgniter\CodeIgniter->startController()
 6 SYSTEMPATH\CodeIgniter.php(368): CodeIgniter\CodeIgniter->handleRequest(null, Object(Config\Cache), false)
 7 FCPATH\index.php(67): CodeIgniter\CodeIgniter->run()
CRITICAL - 2023-07-14 20:15:31 --> syntax error, unexpected token ":"
in APPPATH\Controllers\AdmPost.php on line 28.
 1 SYSTEMPATH\Autoloader\Autoloader.php(289): CodeIgniter\Autoloader\Autoloader->includeFile('C:\\xampp\\htdocs\\codi\\app\\Controllers\\AdmPost.php')
 2 SYSTEMPATH\Autoloader\Autoloader.php(267): CodeIgniter\Autoloader\Autoloader->loadInNamespace('App\\Controllers\\AdmPost')
 3 [internal function]: CodeIgniter\Autoloader\Autoloader->loadClass('App\\Controllers\\AdmPost')
 4 SYSTEMPATH\CodeIgniter.php(892): class_exists('\\App\\Controllers\\AdmPost', true)
 5 SYSTEMPATH\CodeIgniter.php(486): CodeIgniter\CodeIgniter->startController()
 6 SYSTEMPATH\CodeIgniter.php(368): CodeIgniter\CodeIgniter->handleRequest(null, Object(Config\Cache), false)
 7 FCPATH\index.php(67): CodeIgniter\CodeIgniter->run()
CRITICAL - 2023-07-14 20:15:32 --> syntax error, unexpected token ":"
in APPPATH\Controllers\AdmPost.php on line 28.
 1 SYSTEMPATH\Autoloader\Autoloader.php(289): CodeIgniter\Autoloader\Autoloader->includeFile('C:\\xampp\\htdocs\\codi\\app\\Controllers\\AdmPost.php')
 2 SYSTEMPATH\Autoloader\Autoloader.php(267): CodeIgniter\Autoloader\Autoloader->loadInNamespace('App\\Controllers\\AdmPost')
 3 [internal function]: CodeIgniter\Autoloader\Autoloader->loadClass('App\\Controllers\\AdmPost')
 4 SYSTEMPATH\CodeIgniter.php(892): class_exists('\\App\\Controllers\\AdmPost', true)
 5 SYSTEMPATH\CodeIgniter.php(486): CodeIgniter\CodeIgniter->startController()
 6 SYSTEMPATH\CodeIgniter.php(368): CodeIgniter\CodeIgniter->handleRequest(null, Object(Config\Cache), false)
 7 FCPATH\index.php(67): CodeIgniter\CodeIgniter->run()
CRITICAL - 2023-07-14 20:15:33 --> syntax error, unexpected token ":"
in APPPATH\Controllers\AdmPost.php on line 28.
 1 SYSTEMPATH\Autoloader\Autoloader.php(289): CodeIgniter\Autoloader\Autoloader->includeFile('C:\\xampp\\htdocs\\codi\\app\\Controllers\\AdmPost.php')
 2 SYSTEMPATH\Autoloader\Autoloader.php(267): CodeIgniter\Autoloader\Autoloader->loadInNamespace('App\\Controllers\\AdmPost')
 3 [internal function]: CodeIgniter\Autoloader\Autoloader->loadClass('App\\Controllers\\AdmPost')
 4 SYSTEMPATH\CodeIgniter.php(892): class_exists('\\App\\Controllers\\AdmPost', true)
 5 SYSTEMPATH\CodeIgniter.php(486): CodeIgniter\CodeIgniter->startController()
 6 SYSTEMPATH\CodeIgniter.php(368): CodeIgniter\CodeIgniter->handleRequest(null, Object(Config\Cache), false)
 7 FCPATH\index.php(67): CodeIgniter\CodeIgniter->run()
CRITICAL - 2023-07-14 20:15:34 --> syntax error, unexpected token ":"
in APPPATH\Controllers\AdmPost.php on line 28.
 1 SYSTEMPATH\Autoloader\Autoloader.php(289): CodeIgniter\Autoloader\Autoloader->includeFile('C:\\xampp\\htdocs\\codi\\app\\Controllers\\AdmPost.php')
 2 SYSTEMPATH\Autoloader\Autoloader.php(267): CodeIgniter\Autoloader\Autoloader->loadInNamespace('App\\Controllers\\AdmPost')
 3 [internal function]: CodeIgniter\Autoloader\Autoloader->loadClass('App\\Controllers\\AdmPost')
 4 SYSTEMPATH\CodeIgniter.php(892): class_exists('\\App\\Controllers\\AdmPost', true)
 5 SYSTEMPATH\CodeIgniter.php(486): CodeIgniter\CodeIgniter->startController()
 6 SYSTEMPATH\CodeIgniter.php(368): CodeIgniter\CodeIgniter->handleRequest(null, Object(Config\Cache), false)
 7 FCPATH\index.php(67): CodeIgniter\CodeIgniter->run()
CRITICAL - 2023-07-14 20:15:35 --> syntax error, unexpected token ":"
in APPPATH\Controllers\AdmPost.php on line 28.
 1 SYSTEMPATH\Autoloader\Autoloader.php(289): CodeIgniter\Autoloader\Autoloader->includeFile('C:\\xampp\\htdocs\\codi\\app\\Controllers\\AdmPost.php')
 2 SYSTEMPATH\Autoloader\Autoloader.php(267): CodeIgniter\Autoloader\Autoloader->loadInNamespace('App\\Controllers\\AdmPost')
 3 [internal function]: CodeIgniter\Autoloader\Autoloader->loadClass('App\\Controllers\\AdmPost')
 4 SYSTEMPATH\CodeIgniter.php(892): class_exists('\\App\\Controllers\\AdmPost', true)
 5 SYSTEMPATH\CodeIgniter.php(486): CodeIgniter\CodeIgniter->startController()
 6 SYSTEMPATH\CodeIgniter.php(368): CodeIgniter\CodeIgniter->handleRequest(null, Object(Config\Cache), false)
 7 FCPATH\index.php(67): CodeIgniter\CodeIgniter->run()
CRITICAL - 2023-07-14 20:15:36 --> syntax error, unexpected token ":"
in APPPATH\Controllers\AdmPost.php on line 28.
 1 SYSTEMPATH\Autoloader\Autoloader.php(289): CodeIgniter\Autoloader\Autoloader->includeFile('C:\\xampp\\htdocs\\codi\\app\\Controllers\\AdmPost.php')
 2 SYSTEMPATH\Autoloader\Autoloader.php(267): CodeIgniter\Autoloader\Autoloader->loadInNamespace('App\\Controllers\\AdmPost')
 3 [internal function]: CodeIgniter\Autoloader\Autoloader->loadClass('App\\Controllers\\AdmPost')
 4 SYSTEMPATH\CodeIgniter.php(892): class_exists('\\App\\Controllers\\AdmPost', true)
 5 SYSTEMPATH\CodeIgniter.php(486): CodeIgniter\CodeIgniter->startController()
 6 SYSTEMPATH\CodeIgniter.php(368): CodeIgniter\CodeIgniter->handleRequest(null, Object(Config\Cache), false)
 7 FCPATH\index.php(67): CodeIgniter\CodeIgniter->run()
CRITICAL - 2023-07-14 20:15:37 --> Cannot use object of type stdClass as array
in APPPATH\Controllers\AdmPost.php on line 18.
 1 SYSTEMPATH\CodeIgniter.php(934): App\Controllers\AdmPost->lista_corte()
 2 SYSTEMPATH\CodeIgniter.php(499): CodeIgniter\CodeIgniter->runController(Object(App\Controllers\AdmPost))
 3 SYSTEMPATH\CodeIgniter.php(368): CodeIgniter\CodeIgniter->handleRequest(null, Object(Config\Cache), false)
 4 FCPATH\index.php(67): CodeIgniter\CodeIgniter->run()
CRITICAL - 2023-07-14 20:15:38 --> Cannot use object of type stdClass as array
in APPPATH\Controllers\AdmPost.php on line 18.
 1 SYSTEMPATH\CodeIgniter.php(934): App\Controllers\AdmPost->lista_corte()
 2 SYSTEMPATH\CodeIgniter.php(499): CodeIgniter\CodeIgniter->runController(Object(App\Controllers\AdmPost))
 3 SYSTEMPATH\CodeIgniter.php(368): CodeIgniter\CodeIgniter->handleRequest(null, Object(Config\Cache), false)
 4 FCPATH\index.php(67): CodeIgniter\CodeIgniter->run()
CRITICAL - 2023-07-14 20:15:39 --> Cannot use object of type stdClass as array
in APPPATH\Controllers\AdmPost.php on line 18.
 1 SYSTEMPATH\CodeIgniter.php(934): App\Controllers\AdmPost->lista_corte()
 2 SYSTEMPATH\CodeIgniter.php(499): CodeIgniter\CodeIgniter->runController(Object(App\Controllers\AdmPost))
 3 SYSTEMPATH\CodeIgniter.php(368): CodeIgniter\CodeIgniter->handleRequest(null, Object(Config\Cache), false)
 4 FCPATH\index.php(67): CodeIgniter\CodeIgniter->run()
CRITICAL - 2023-07-14 20:15:40 --> Cannot use object of type stdClass as array
in APPPATH\Controllers\AdmPost.php on line 18.
 1 SYSTEMPATH\CodeIgniter.php(934): App\Controllers\AdmPost->lista_corte()
 2 SYSTEMPATH\CodeIgniter.php(499): CodeIgniter\CodeIgniter->runController(Object(App\Controllers\AdmPost))
 3 SYSTEMPATH\CodeIgniter.php(368): CodeIgniter\CodeIgniter->handleRequest(null, Object(Config\Cache), false)
 4 FCPATH\index.php(67): CodeIgniter\CodeIgniter->run()
CRITICAL - 2023-07-14 20:15:41 --> Cannot use object of type stdClass as array
in APPPATH\Controllers\AdmPost.php on line 18.
 1 SYSTEMPATH\CodeIgniter.php(934): App\Controllers\AdmPost->lista_corte()
 2 SYSTEMPATH\CodeIgniter.php(499): CodeIgniter\CodeIgniter->runController(Object(App\Controllers\AdmPost))
 3 SYSTEMPATH\CodeIgniter.php(368): CodeIgniter\CodeIgniter->handleRequest(null, Object(Config\Cache), false)
 4 FCPATH\index.php(67): CodeIgniter\CodeIgniter->run()
CRITICAL - 2023-07-14 20:15:42 --> Cannot use object of type stdClass as array
in APPPATH\Controllers\AdmPost.php on line 18.
 1 SYSTEMPATH\CodeIgniter.php(934): App\Controllers\AdmPost->lista_corte()
 2 SYSTEMPATH\CodeIgniter.php(499): CodeIgniter\CodeIgniter->runController(Object(App\Controllers\AdmPost))
 3 SYSTEMPATH\CodeIgniter.php(368): CodeIgniter\CodeIgniter->handleRequest(null, Object(Config\Cache), false)
 4 FCPATH\index.php(67): CodeIgniter\CodeIgniter->run()
CRITICAL - 2023-07-14 20:15:43 --> Cannot use object of type stdClass as array
in APPPATH\Controllers\AdmPost.php on line 18.
 1 SYSTEMPATH\CodeIgniter.php(934): App\Controllers\AdmPost->lista_corte()
 2 SYSTEMPATH\CodeIgniter.php(499): CodeIgniter\CodeIgniter->runController(Object(App\Controllers\AdmPost))
 3 SYSTEMPATH\CodeIgniter.php(368): CodeIgniter\CodeIgniter->handleRequest(null, Object(Config\Cache), false)
 4 FCPATH\index.php(67): CodeIgniter\CodeIgniter->run()
CRITICAL - 2023-07-14 20:15:44 --> Cannot use object of type stdClass as array
in APPPATH\Controllers\AdmPost.php on line 18.
 1 SYSTEMPATH\CodeIgniter.php(934): App\Controllers\AdmPost->lista_corte()
 2 SYSTEMPATH\CodeIgniter.php(499): CodeIgniter\CodeIgniter->runController(Object(App\Controllers\AdmPost))
 3 SYSTEMPATH\CodeIgniter.php(368): CodeIgniter\CodeIgniter->handleRequest(null, Object(Config\Cache), false)
 4 FCPATH\index.php(67): CodeIgniter\CodeIgniter->run()
CRITICAL - 2023-07-14 20:15:45 --> Cannot use object of type stdClass as array
in APPPATH\Controllers\AdmPost.php on line 18.
 1 SYSTEMPATH\CodeIgniter.php(934): App\Controllers\AdmPost->lista_corte()
 2 SYSTEMPATH\CodeIgniter.php(499): CodeIgniter\CodeIgniter->runController(Object(App\Controllers\AdmPost))
 3 SYSTEMPATH\CodeIgniter.php(368): CodeIgniter\CodeIgniter->handleRequest(null, Object(Config\Cache), false)
 4 FCPATH\index.php(67): CodeIgniter\CodeIgniter->run()
CRITICAL - 2023-07-14 20:15:46 --> syntax error, unexpected token ".="
in APPPATH\Controllers\AdmPost.php on line 16.
 1 SYSTEMPATH\Autoloader\Autoloader.php(289): CodeIgniter\Autoloader\Autoloader->includeFile('C:\\xampp\\htdocs\\codi\\app\\Controllers\\AdmPost.php')
 2 SYSTEMPATH\Autoloader\Autoloader.php(267): CodeIgniter\Autoloader\Autoloader->loadInNamespace('App\\Controllers\\AdmPost')
 3 [internal function]: CodeIgniter\Autoloader\Autoloader->loadClass('App\\Controllers\\AdmPost')
 4 SYSTEMPATH\CodeIgniter.php(892): class_exists('\\App\\Controllers\\AdmPost', true)
 5 SYSTEMPATH\CodeIgniter.php(486): CodeIgniter\CodeIgniter->startController()
 6 SYSTEMPATH\CodeIgniter.php(368): CodeIgniter\CodeIgniter->handleRequest(null, Object(Config\Cache), false)
 7 FCPATH\index.php(67): CodeIgniter\CodeIgniter->run()
CRITICAL - 2023-07-14 20:15:47 --> syntax error, unexpected token ".="
in APPPATH\Controllers\AdmPost.php on line 16.
 1 SYSTEMPATH\Autoloader\Autoloader.php(289): CodeIgniter\Autoloader\Autoloader->includeFile('C:\\xampp\\htdocs\\codi\\app\\Controllers\\AdmPost.php')
 2 SYSTEMPATH\Autoloader\Autoloader.php(267): CodeIgniter\Autoloader\Autoloader->loadInNamespace('App\\Controllers\\AdmPost')
 3 [internal function]: CodeIgniter\Autoloader\Autoloader->loadClass('App\\Controllers\\AdmPost')
 4 SYSTEMPATH\CodeIgniter.php(892): class_exists('\\App\\Controllers\\AdmPost', true)
 5 SYSTEMPATH\CodeIgniter.php(486): CodeIgniter\CodeIgniter->startController()
 6 SYSTEMPATH\CodeIgniter.php(368): CodeIgniter\CodeIgniter->handleRequest(null, Object(Config\Cache), false)
 7 FCPATH\index.php(67): CodeIgniter\CodeIgniter->run()
CRITICAL - 2023-07-14 20:15:48 --> Cannot use object of type stdClass as array
in APPPATH\Controllers\AdmPost.php on line 18.
 1 SYSTEMPATH\CodeIgniter.php(934): App\Controllers\AdmPost->lista_corte()
 2 SYSTEMPATH\CodeIgniter.php(499): CodeIgniter\CodeIgniter->runController(Object(App\Controllers\AdmPost))
 3 SYSTEMPATH\CodeIgniter.php(368): CodeIgniter\CodeIgniter->handleRequest(null, Object(Config\Cache), false)
 4 FCPATH\index.php(67): CodeIgniter\CodeIgniter->run()
CRITICAL - 2023-07-14 20:15:49 --> Cannot use object of type stdClass as array
in APPPATH\Controllers\AdmPost.php on line 19.
 1 SYSTEMPATH\CodeIgniter.php(934): App\Controllers\AdmPost->lista_corte()
 2 SYSTEMPATH\CodeIgniter.php(499): CodeIgniter\CodeIgniter->runController(Object(App\Controllers\AdmPost))
 3 SYSTEMPATH\CodeIgniter.php(368): CodeIgniter\CodeIgniter->handleRequest(null, Object(Config\Cache), false)
 4 FCPATH\index.php(67): CodeIgniter\CodeIgniter->run()
CRITICAL - 2023-07-14 20:15:50 --> Cannot use object of type stdClass as array
in APPPATH\Controllers\AdmPost.php on line 19.
 1 SYSTEMPATH\CodeIgniter.php(934): App\Controllers\AdmPost->lista_corte()
 2 SYSTEMPATH\CodeIgniter.php(499): CodeIgniter\CodeIgniter->runController(Object(App\Controllers\AdmPost))
 3 SYSTEMPATH\CodeIgniter.php(368): CodeIgniter\CodeIgniter->handleRequest(null, Object(Config\Cache), false)
 4 FCPATH\index.php(67): CodeIgniter\CodeIgniter->run()
CRITICAL - 2023-07-14 20:15:51 --> Cannot use object of type stdClass as array
in APPPATH\Controllers\AdmPost.php on line 19.
 1 SYSTEMPATH\CodeIgniter.php(934): App\Controllers\AdmPost->lista_corte()
 2 SYSTEMPATH\CodeIgniter.php(499): CodeIgniter\CodeIgniter->runController(Object(App\Controllers\AdmPost))
 3 SYSTEMPATH\CodeIgniter.php(368): CodeIgniter\CodeIgniter->handleRequest(null, Object(Config\Cache), false)
 4 FCPATH\index.php(67): CodeIgniter\CodeIgniter->run()
CRITICAL - 2023-07-14 20:15:52 --> Cannot use object of type stdClass as array
in APPPATH\Controllers\AdmPost.php on line 19.
 1 SYSTEMPATH\CodeIgniter.php(934): App\Controllers\AdmPost->lista_corte()
 2 SYSTEMPATH\CodeIgniter.php(499): CodeIgniter\CodeIgniter->runController(Object(App\Controllers\AdmPost))
 3 SYSTEMPATH\CodeIgniter.php(368): CodeIgniter\CodeIgniter->handleRequest(null, Object(Config\Cache), false)
 4 FCPATH\index.php(67): CodeIgniter\CodeIgniter->run()
CRITICAL - 2023-07-14 20:15:53 --> Cannot use object of type stdClass as array
in APPPATH\Controllers\AdmPost.php on line 19.
 1 SYSTEMPATH\CodeIgniter.php(934): App\Controllers\AdmPost->lista_corte()
 2 SYSTEMPATH\CodeIgniter.php(499): CodeIgniter\CodeIgniter->runController(Object(App\Controllers\AdmPost))
 3 SYSTEMPATH\CodeIgniter.php(368): CodeIgniter\CodeIgniter->handleRequest(null, Object(Config\Cache), false)
 4 FCPATH\index.php(67): CodeIgniter\CodeIgniter->run()
CRITICAL - 2023-07-14 20:15:54 --> Cannot use object of type stdClass as array
in APPPATH\Controllers\AdmPost.php on line 19.
 1 SYSTEMPATH\CodeIgniter.php(934): App\Controllers\AdmPost->lista_corte()
 2 SYSTEMPATH\CodeIgniter.php(499): CodeIgniter\CodeIgniter->runController(Object(App\Controllers\AdmPost))
 3 SYSTEMPATH\CodeIgniter.php(368): CodeIgniter\CodeIgniter->handleRequest(null, Object(Config\Cache), false)
 4 FCPATH\index.php(67): CodeIgniter\CodeIgniter->run()
CRITICAL - 2023-07-14 20:15:55 --> Cannot use object of type stdClass as array
in APPPATH\Controllers\AdmPost.php on line 19.
 1 SYSTEMPATH\CodeIgniter.php(934): App\Controllers\AdmPost->lista_corte()
 2 SYSTEMPATH\CodeIgniter.php(499): CodeIgniter\CodeIgniter->runController(Object(App\Controllers\AdmPost))
 3 SYSTEMPATH\CodeIgniter.php(368): CodeIgniter\CodeIgniter->handleRequest(null, Object(Config\Cache), false)
 4 FCPATH\index.php(67): CodeIgniter\CodeIgniter->run()
CRITICAL - 2023-07-14 20:15:56 --> Cannot use object of type stdClass as array
in APPPATH\Controllers\AdmPost.php on line 19.
 1 SYSTEMPATH\CodeIgniter.php(934): App\Controllers\AdmPost->lista_corte()
 2 SYSTEMPATH\CodeIgniter.php(499): CodeIgniter\CodeIgniter->runController(Object(App\Controllers\AdmPost))
 3 SYSTEMPATH\CodeIgniter.php(368): CodeIgniter\CodeIgniter->handleRequest(null, Object(Config\Cache), false)
 4 FCPATH\index.php(67): CodeIgniter\CodeIgniter->run()
CRITICAL - 2023-07-14 20:15:57 --> syntax error, unexpected token "foreach"
in APPPATH\Controllers\AdmPost.php on line 16.
 1 SYSTEMPATH\Autoloader\Autoloader.php(289): CodeIgniter\Autoloader\Autoloader->includeFile('C:\\xampp\\htdocs\\codi\\app\\Controllers\\AdmPost.php')
 2 SYSTEMPATH\Autoloader\Autoloader.php(267): CodeIgniter\Autoloader\Autoloader->loadInNamespace('App\\Controllers\\AdmPost')
 3 [internal function]: CodeIgniter\Autoloader\Autoloader->loadClass('App\\Controllers\\AdmPost')
 4 SYSTEMPATH\CodeIgniter.php(892): class_exists('\\App\\Controllers\\AdmPost', true)
 5 SYSTEMPATH\CodeIgniter.php(486): CodeIgniter\CodeIgniter->startController()
 6 SYSTEMPATH\CodeIgniter.php(368): CodeIgniter\CodeIgniter->handleRequest(null, Object(Config\Cache), false)
 7 FCPATH\index.php(67): CodeIgniter\CodeIgniter->run()
CRITICAL - 2023-07-14 20:15:58 --> syntax error, unexpected token "foreach"
in APPPATH\Controllers\AdmPost.php on line 16.
 1 SYSTEMPATH\Autoloader\Autoloader.php(289): CodeIgniter\Autoloader\Autoloader->includeFile('C:\\xampp\\htdocs\\codi\\app\\Controllers\\AdmPost.php')
 2 SYSTEMPATH\Autoloader\Autoloader.php(267): CodeIgniter\Autoloader\Autoloader->loadInNamespace('App\\Controllers\\AdmPost')
 3 [internal function]: CodeIgniter\Autoloader\Autoloader->loadClass('App\\Controllers\\AdmPost')
 4 SYSTEMPATH\CodeIgniter.php(892): class_exists('\\App\\Controllers\\AdmPost', true)
 5 SYSTEMPATH\CodeIgniter.php(486): CodeIgniter\CodeIgniter->startController()
 6 SYSTEMPATH\CodeIgniter.php(368): CodeIgniter\CodeIgniter->handleRequest(null, Object(Config\Cache), false)
 7 FCPATH\index.php(67): CodeIgniter\CodeIgniter->run()
CRITICAL - 2023-07-14 20:15:59 --> syntax error, unexpected token "foreach"
in APPPATH\Controllers\AdmPost.php on line 16.
 1 SYSTEMPATH\Autoloader\Autoloader.php(289): CodeIgniter\Autoloader\Autoloader->includeFile('C:\\xampp\\htdocs\\codi\\app\\Controllers\\AdmPost.php')
 2 SYSTEMPATH\Autoloader\Autoloader.php(267): CodeIgniter\Autoloader\Autoloader->loadInNamespace('App\\Controllers\\AdmPost')
 3 [internal function]: CodeIgniter\Autoloader\Autoloader->loadClass('App\\Controllers\\AdmPost')
 4 SYSTEMPATH\CodeIgniter.php(892): class_exists('\\App\\Controllers\\AdmPost', true)
 5 SYSTEMPATH\CodeIgniter.php(486): CodeIgniter\CodeIgniter->startController()
 6 SYSTEMPATH\CodeIgniter.php(368): CodeIgniter\CodeIgniter->handleRequest(null, Object(Config\Cache), false)
 7 FCPATH\index.php(67): CodeIgniter\CodeIgniter->run()
CRITICAL - 2023-07-14 20:16:00 --> Cannot use object of type stdClass as array
in APPPATH\Controllers\AdmPost.php on line 19.
 1 SYSTEMPATH\CodeIgniter.php(934): App\Controllers\AdmPost->lista_corte()
 2 SYSTEMPATH\CodeIgniter.php(499): CodeIgniter\CodeIgniter->runController(Object(App\Controllers\AdmPost))
 3 SYSTEMPATH\CodeIgniter.php(368): CodeIgniter\CodeIgniter->handleRequest(null, Object(Config\Cache), false)
 4 FCPATH\index.php(67): CodeIgniter\CodeIgniter->run()
CRITICAL - 2023-07-14 20:16:01 --> Cannot use object of type stdClass as array
in APPPATH\Controllers\AdmPost.php on line 19.
 1 SYSTEMPATH\CodeIgniter.php(934): App\Controllers\AdmPost->lista_corte()
 2 SYSTEMPATH\CodeIgniter.php(499): CodeIgniter\CodeIgniter->runController(Object(App\Controllers\AdmPost))
 3 SYSTEMPATH\CodeIgniter.php(368): CodeIgniter\CodeIgniter->handleRequest(null, Object(Config\Cache), false)
 4 FCPATH\index.php(67): CodeIgniter\CodeIgniter->run()
CRITICAL - 2023-07-14 20:16:02 --> Cannot use object of type stdClass as array
in APPPATH\Controllers\AdmPost.php on line 19.
 1 SYSTEMPATH\CodeIgniter.php(934): App\Controllers\AdmPost->lista_corte()
 2 SYSTEMPATH\CodeIgniter.php(499): CodeIgniter\CodeIgniter->runController(Object(App\Controllers\AdmPost))
 3 SYSTEMPATH\CodeIgniter.php(368): CodeIgniter\CodeIgniter->handleRequest(null, Object(Config\Cache), false)
 4 FCPATH\index.php(67): CodeIgniter\CodeIgniter->run()
CRITICAL - 2023-07-14 20:16:03 --> Cannot use object of type stdClass as array
in APPPATH\Controllers\AdmPost.php on line 19.
 1 SYSTEMPATH\CodeIgniter.php(934): App\Controllers\AdmPost->lista_corte()
 2 SYSTEMPATH\CodeIgniter.php(499): CodeIgniter\CodeIgniter->runController(Object(App\Controllers\AdmPost))
 3 SYSTEMPATH\CodeIgniter.php(368): CodeIgniter\CodeIgniter->handleRequest(null, Object(Config\Cache), false)
 4 FCPATH\index.php(67): CodeIgniter\CodeIgniter->run()
CRITICAL - 2023-07-14 20:16:04 --> Cannot use object of type stdClass as array
in APPPATH\Controllers\AdmPost.php on line 19.
 1 SYSTEMPATH\CodeIgniter.php(934): App\Controllers\AdmPost->lista_corte()
 2 SYSTEMPATH\CodeIgniter.php(499): CodeIgniter\CodeIgniter->runController(Object(App\Controllers\AdmPost))
 3 SYSTEMPATH\CodeIgniter.php(368): CodeIgniter\CodeIgniter->handleRequest(null, Object(Config\Cache), false)
 4 FCPATH\index.php(67): CodeIgniter\CodeIgniter->run()
CRITICAL - 2023-07-14 20:16:05 --> Cannot use object of type stdClass as array
in APPPATH\Controllers\AdmPost.php on line 19.
 1 SYSTEMPATH\CodeIgniter.php(934): App\Controllers\AdmPost->lista_corte()
 2 SYSTEMPATH\CodeIgniter.php(499): CodeIgniter\CodeIgniter->runController(Object(App\Controllers\AdmPost))
 3 SYSTEMPATH\CodeIgniter.php(368): CodeIgniter\CodeIgniter->handleRequest(null, Object(Config\Cache), false)
 4 FCPATH\index.php(67): CodeIgniter\CodeIgniter->run()
CRITICAL - 2023-07-14 20:16:06 --> Cannot use object of type stdClass as array
in APPPATH\Controllers\AdmPost.php on line 19.
 1 SYSTEMPATH\CodeIgniter.php(934): App\Controllers\AdmPost->lista_corte()
 2 SYSTEMPATH\CodeIgniter.php(499): CodeIgniter\CodeIgniter->runController(Object(App\Controllers\AdmPost))
 3 SYSTEMPATH\CodeIgniter.php(368): CodeIgniter\CodeIgniter->handleRequest(null, Object(Config\Cache), false)
 4 FCPATH\index.php(67): CodeIgniter\CodeIgniter->run()
CRITICAL - 2023-07-14 20:16:07 --> Cannot use object of type stdClass as array
in APPPATH\Controllers\AdmPost.php on line 19.
 1 SYSTEMPATH\CodeIgniter.php(934): App\Controllers\AdmPost->lista_corte()
 2 SYSTEMPATH\CodeIgniter.php(499): CodeIgniter\CodeIgniter->runController(Object(App\Controllers\AdmPost))
 3 SYSTEMPATH\CodeIgniter.php(368): CodeIgniter\CodeIgniter->handleRequest(null, Object(Config\Cache), false)
 4 FCPATH\index.php(67): CodeIgniter\CodeIgniter->run()
CRITICAL - 2023-07-14 20:16:08 --> Cannot use object of type stdClass as array
in APPPATH\Controllers\AdmPost.php on line 19.
 1 SYSTEMPATH\CodeIgniter.php(934): App\Controllers\AdmPost->lista_corte()
 2 SYSTEMPATH\CodeIgniter.php(499): CodeIgniter\CodeIgniter->runController(Object(App\Controllers\AdmPost))
 3 SYSTEMPATH\CodeIgniter.php(368): CodeIgniter\CodeIgniter->handleRequest(null, Object(Config\Cache), false)
 4 FCPATH\index.php(67): CodeIgniter\CodeIgniter->run()
CRITICAL - 2023-07-14 20:16:09 --> Cannot use object of type stdClass as array
in APPPATH\Controllers\AdmPost.php on line 19.
 1 SYSTEMPATH\CodeIgniter.php(934): App\Controllers\AdmPost->lista_corte()
 2 SYSTEMPATH\CodeIgniter.php(499): CodeIgniter\CodeIgniter->runController(Object(App\Controllers\AdmPost))
 3 SYSTEMPATH\CodeIgniter.php(368): CodeIgniter\CodeIgniter->handleRequest(null, Object(Config\Cache), false)
 4 FCPATH\index.php(67): CodeIgniter\CodeIgniter->run()
CRITICAL - 2023-07-14 20:16:10 --> Cannot use object of type stdClass as array
in APPPATH\Controllers\AdmPost.php on line 19.
 1 SYSTEMPATH\CodeIgniter.php(934): App\Controllers\AdmPost->lista_corte()
 2 SYSTEMPATH\CodeIgniter.php(499): CodeIgniter\CodeIgniter->runController(Object(App\Controllers\AdmPost))
 3 SYSTEMPATH\CodeIgniter.php(368): CodeIgniter\CodeIgniter->handleRequest(null, Object(Config\Cache), false)
 4 FCPATH\index.php(67): CodeIgniter\CodeIgniter->run()
CRITICAL - 2023-07-14 20:16:11 --> Cannot use object of type stdClass as array
in APPPATH\Controllers\AdmPost.php on line 19.
 1 SYSTEMPATH\CodeIgniter.php(934): App\Controllers\AdmPost->lista_corte()
 2 SYSTEMPATH\CodeIgniter.php(499): CodeIgniter\CodeIgniter->runController(Object(App\Controllers\AdmPost))
 3 SYSTEMPATH\CodeIgniter.php(368): CodeIgniter\CodeIgniter->handleRequest(null, Object(Config\Cache), false)
 4 FCPATH\index.php(67): CodeIgniter\CodeIgniter->run()
CRITICAL - 2023-07-14 20:16:12 --> Cannot use object of type stdClass as array
in APPPATH\Controllers\AdmPost.php on line 19.
 1 SYSTEMPATH\CodeIgniter.php(934): App\Controllers\AdmPost->lista_corte()
 2 SYSTEMPATH\CodeIgniter.php(499): CodeIgniter\CodeIgniter->runController(Object(App\Controllers\AdmPost))
 3 SYSTEMPATH\CodeIgniter.php(368): CodeIgniter\CodeIgniter->handleRequest(null, Object(Config\Cache), false)
 4 FCPATH\index.php(67): CodeIgniter\CodeIgniter->run()
CRITICAL - 2023-07-14 20:16:13 --> Cannot use object of type stdClass as array
in APPPATH\Controllers\AdmPost.php on line 19.
 1 SYSTEMPATH\CodeIgniter.php(934): App\Controllers\AdmPost->lista_corte()
 2 SYSTEMPATH\CodeIgniter.php(499): CodeIgniter\CodeIgniter->runController(Object(App\Controllers\AdmPost))
 3 SYSTEMPATH\CodeIgniter.php(368): CodeIgniter\CodeIgniter->handleRequest(null, Object(Config\Cache), false)
 4 FCPATH\index.php(67): CodeIgniter\CodeIgniter->run()
CRITICAL - 2023-07-14 20:16:14 --> Cannot use object of type stdClass as array
in APPPATH\Controllers\AdmPost.php on line 19.
 1 SYSTEMPATH\CodeIgniter.php(934): App\Controllers\AdmPost->lista_corte()
 2 SYSTEMPATH\CodeIgniter.php(499): CodeIgniter\CodeIgniter->runController(Object(App\Controllers\AdmPost))
 3 SYSTEMPATH\CodeIgniter.php(368): CodeIgniter\CodeIgniter->handleRequest(null, Object(Config\Cache), false)
 4 FCPATH\index.php(67): CodeIgniter\CodeIgniter->run()
CRITICAL - 2023-07-14 20:16:15 --> Cannot use object of type stdClass as array
in APPPATH\Controllers\AdmPost.php on line 19.
 1 SYSTEMPATH\CodeIgniter.php(934): App\Controllers\AdmPost->lista_corte()
 2 SYSTEMPATH\CodeIgniter.php(499): CodeIgniter\CodeIgniter->runController(Object(App\Controllers\AdmPost))
 3 SYSTEMPATH\CodeIgniter.php(368): CodeIgniter\CodeIgniter->handleRequest(null, Object(Config\Cache), false)
 4 FCPATH\index.php(67): CodeIgniter\CodeIgniter->run()
CRITICAL - 2023-07-14 20:16:16 --> Cannot use object of type stdClass as array
in APPPATH\Controllers\AdmPost.php on line 19.
 1 SYSTEMPATH\CodeIgniter.php(934): App\Controllers\AdmPost->lista_corte()
 2 SYSTEMPATH\CodeIgniter.php(499): CodeIgniter\CodeIgniter->runController(Object(App\Controllers\AdmPost))
 3 SYSTEMPATH\CodeIgniter.php(368): CodeIgniter\CodeIgniter->handleRequest(null, Object(Config\Cache), false)
 4 FCPATH\index.php(67): CodeIgniter\CodeIgniter->run()
CRITICAL - 2023-07-14 20:16:17 --> Cannot use object of type stdClass as array
in APPPATH\Controllers\AdmPost.php on line 19.
 1 SYSTEMPATH\CodeIgniter.php(934): App\Controllers\AdmPost->lista_corte()
 2 SYSTEMPATH\CodeIgniter.php(499): CodeIgniter\CodeIgniter->runController(Object(App\Controllers\AdmPost))
 3 SYSTEMPATH\CodeIgniter.php(368): CodeIgniter\CodeIgniter->handleRequest(null, Object(Config\Cache), false)
 4 FCPATH\index.php(67): CodeIgniter\CodeIgniter->run()
CRITICAL - 2023-07-14 20:16:18 --> Cannot use object of type stdClass as array
in APPPATH\Controllers\AdmPost.php on line 19.
 1 SYSTEMPATH\CodeIgniter.php(934): App\Controllers\AdmPost->lista_corte()
 2 SYSTEMPATH\CodeIgniter.php(499): CodeIgniter\CodeIgniter->runController(Object(App\Controllers\AdmPost))
 3 SYSTEMPATH\CodeIgniter.php(368): CodeIgniter\CodeIgniter->handleRequest(null, Object(Config\Cache), false)
 4 FCPATH\index.php(67): CodeIgniter\CodeIgniter->run()
CRITICAL - 2023-07-14 20:16:19 --> Cannot use object of type stdClass as array
in APPPATH\Controllers\AdmPost.php on line 19.
 1 SYSTEMPATH\CodeIgniter.php(934): App\Controllers\AdmPost->lista_corte()
 2 SYSTEMPATH\CodeIgniter.php(499): CodeIgniter\CodeIgniter->runController(Object(App\Controllers\AdmPost))
 3 SYSTEMPATH\CodeIgniter.php(368): CodeIgniter\CodeIgniter->handleRequest(null, Object(Config\Cache), false)
 4 FCPATH\index.php(67): CodeIgniter\CodeIgniter->run()
CRITICAL - 2023-07-14 20:16:20 --> Cannot use object of type stdClass as array
in APPPATH\Controllers\AdmPost.php on line 19.
 1 SYSTEMPATH\CodeIgniter.php(934): App\Controllers\AdmPost->lista_corte()
 2 SYSTEMPATH\CodeIgniter.php(499): CodeIgniter\CodeIgniter->runController(Object(App\Controllers\AdmPost))
 3 SYSTEMPATH\CodeIgniter.php(368): CodeIgniter\CodeIgniter->handleRequest(null, Object(Config\Cache), false)
 4 FCPATH\index.php(67): CodeIgniter\CodeIgniter->run()
CRITICAL - 2023-07-14 20:16:21 --> Cannot use object of type stdClass as array
in APPPATH\Controllers\AdmPost.php on line 19.
 1 SYSTEMPATH\CodeIgniter.php(934): App\Controllers\AdmPost->lista_corte()
 2 SYSTEMPATH\CodeIgniter.php(499): CodeIgniter\CodeIgniter->runController(Object(App\Controllers\AdmPost))
 3 SYSTEMPATH\CodeIgniter.php(368): CodeIgniter\CodeIgniter->handleRequest(null, Object(Config\Cache), false)
 4 FCPATH\index.php(67): CodeIgniter\CodeIgniter->run()
CRITICAL - 2023-07-14 20:16:22 --> Cannot use object of type stdClass as array
in APPPATH\Controllers\AdmPost.php on line 19.
 1 SYSTEMPATH\CodeIgniter.php(934): App\Controllers\AdmPost->lista_corte()
 2 SYSTEMPATH\CodeIgniter.php(499): CodeIgniter\CodeIgniter->runController(Object(App\Controllers\AdmPost))
 3 SYSTEMPATH\CodeIgniter.php(368): CodeIgniter\CodeIgniter->handleRequest(null, Object(Config\Cache), false)
 4 FCPATH\index.php(67): CodeIgniter\CodeIgniter->run()
CRITICAL - 2023-07-14 20:16:23 --> Cannot use object of type stdClass as array
in APPPATH\Controllers\AdmPost.php on line 19.
 1 SYSTEMPATH\CodeIgniter.php(934): App\Controllers\AdmPost->lista_corte()
 2 SYSTEMPATH\CodeIgniter.php(499): CodeIgniter\CodeIgniter->runController(Object(App\Controllers\AdmPost))
 3 SYSTEMPATH\CodeIgniter.php(368): CodeIgniter\CodeIgniter->handleRequest(null, Object(Config\Cache), false)
 4 FCPATH\index.php(67): CodeIgniter\CodeIgniter->run()
CRITICAL - 2023-07-14 20:16:24 --> Cannot use object of type stdClass as array
in APPPATH\Controllers\AdmPost.php on line 19.
 1 SYSTEMPATH\CodeIgniter.php(934): App\Controllers\AdmPost->lista_corte()
 2 SYSTEMPATH\CodeIgniter.php(499): CodeIgniter\CodeIgniter->runController(Object(App\Controllers\AdmPost))
 3 SYSTEMPATH\CodeIgniter.php(368): CodeIgniter\CodeIgniter->handleRequest(null, Object(Config\Cache), false)
 4 FCPATH\index.php(67): CodeIgniter\CodeIgniter->run()
CRITICAL - 2023-07-14 20:16:25 --> syntax error, unexpected token "]"
in APPPATH\Controllers\AdmPost.php on line 33.
 1 SYSTEMPATH\Autoloader\Autoloader.php(289): CodeIgniter\Autoloader\Autoloader->includeFile('C:\\xampp\\htdocs\\codi\\app\\Controllers\\AdmPost.php')
 2 SYSTEMPATH\Autoloader\Autoloader.php(267): CodeIgniter\Autoloader\Autoloader->loadInNamespace('App\\Controllers\\AdmPost')
 3 [internal function]: CodeIgniter\Autoloader\Autoloader->loadClass('App\\Controllers\\AdmPost')
 4 SYSTEMPATH\CodeIgniter.php(892): class_exists('\\App\\Controllers\\AdmPost', true)
 5 SYSTEMPATH\CodeIgniter.php(486): CodeIgniter\CodeIgniter->startController()
 6 SYSTEMPATH\CodeIgniter.php(368): CodeIgniter\CodeIgniter->handleRequest(null, Object(Config\Cache), false)
 7 FCPATH\index.php(67): CodeIgniter\CodeIgniter->run()
CRITICAL - 2023-07-14 20:16:26 --> syntax error, unexpected token "]"
in APPPATH\Controllers\AdmPost.php on line 33.
 1 SYSTEMPATH\Autoloader\Autoloader.php(289): CodeIgniter\Autoloader\Autoloader->includeFile('C:\\xampp\\htdocs\\codi\\app\\Controllers\\AdmPost.php')
 2 SYSTEMPATH\Autoloader\Autoloader.php(267): CodeIgniter\Autoloader\Autoloader->loadInNamespace('App\\Controllers\\AdmPost')
 3 [internal function]: CodeIgniter\Autoloader\Autoloader->loadClass('App\\Controllers\\AdmPost')
 4 SYSTEMPATH\CodeIgniter.php(892): class_exists('\\App\\Controllers\\AdmPost', true)
 5 SYSTEMPATH\CodeIgniter.php(486): CodeIgniter\CodeIgniter->startController()
 6 SYSTEMPATH\CodeIgniter.php(368): CodeIgniter\CodeIgniter->handleRequest(null, Object(Config\Cache), false)
 7 FCPATH\index.php(67): CodeIgniter\CodeIgniter->run()
CRITICAL - 2023-07-14 20:16:27 --> Cannot use object of type stdClass as array
in APPPATH\Controllers\AdmPost.php on line 19.
 1 SYSTEMPATH\CodeIgniter.php(934): App\Controllers\AdmPost->lista_corte()
 2 SYSTEMPATH\CodeIgniter.php(499): CodeIgniter\CodeIgniter->runController(Object(App\Controllers\AdmPost))
 3 SYSTEMPATH\CodeIgniter.php(368): CodeIgniter\CodeIgniter->handleRequest(null, Object(Config\Cache), false)
 4 FCPATH\index.php(67): CodeIgniter\CodeIgniter->run()
CRITICAL - 2023-07-14 20:16:28 --> Cannot use object of type stdClass as array
in APPPATH\Controllers\AdmPost.php on line 19.
 1 SYSTEMPATH\CodeIgniter.php(934): App\Controllers\AdmPost->lista_corte()
 2 SYSTEMPATH\CodeIgniter.php(499): CodeIgniter\CodeIgniter->runController(Object(App\Controllers\AdmPost))
 3 SYSTEMPATH\CodeIgniter.php(368): CodeIgniter\CodeIgniter->handleRequest(null, Object(Config\Cache), false)
 4 FCPATH\index.php(67): CodeIgniter\CodeIgniter->run()
CRITICAL - 2023-07-14 20:16:29 --> Cannot use object of type stdClass as array
in APPPATH\Controllers\AdmPost.php on line 19.
 1 SYSTEMPATH\CodeIgniter.php(934): App\Controllers\AdmPost->lista_corte()
 2 SYSTEMPATH\CodeIgniter.php(499): CodeIgniter\CodeIgniter->runController(Object(App\Controllers\AdmPost))
 3 SYSTEMPATH\CodeIgniter.php(368): CodeIgniter\CodeIgniter->handleRequest(null, Object(Config\Cache), false)
 4 FCPATH\index.php(67): CodeIgniter\CodeIgniter->run()
CRITICAL - 2023-07-14 20:16:30 --> Cannot use object of type stdClass as array
in APPPATH\Controllers\AdmPost.php on line 19.
 1 SYSTEMPATH\CodeIgniter.php(934): App\Controllers\AdmPost->lista_corte()
 2 SYSTEMPATH\CodeIgniter.php(499): CodeIgniter\CodeIgniter->runController(Object(App\Controllers\AdmPost))
 3 SYSTEMPATH\CodeIgniter.php(368): CodeIgniter\CodeIgniter->handleRequest(null, Object(Config\Cache), false)
 4 FCPATH\index.php(67): CodeIgniter\CodeIgniter->run()
CRITICAL - 2023-07-14 20:16:31 --> Cannot use object of type stdClass as array
in APPPATH\Controllers\AdmPost.php on line 19.
 1 SYSTEMPATH\CodeIgniter.php(934): App\Controllers\AdmPost->lista_corte()
 2 SYSTEMPATH\CodeIgniter.php(499): CodeIgniter\CodeIgniter->runController(Object(App\Controllers\AdmPost))
 3 SYSTEMPATH\CodeIgniter.php(368): CodeIgniter\CodeIgniter->handleRequest(null, Object(Config\Cache), false)
 4 FCPATH\index.php(67): CodeIgniter\CodeIgniter->run()
CRITICAL - 2023-07-14 20:16:32 --> Cannot use object of type stdClass as array
in APPPATH\Controllers\AdmPost.php on line 19.
 1 SYSTEMPATH\CodeIgniter.php(934): App\Controllers\AdmPost->lista_corte()
 2 SYSTEMPATH\CodeIgniter.php(499): CodeIgniter\CodeIgniter->runController(Object(App\Controllers\AdmPost))
 3 SYSTEMPATH\CodeIgniter.php(368): CodeIgniter\CodeIgniter->handleRequest(null, Object(Config\Cache), false)
 4 FCPATH\index.php(67): CodeIgniter\CodeIgniter->run()
CRITICAL - 2023-07-14 20:16:33 --> Cannot use object of type stdClass as array
in APPPATH\Controllers\AdmPost.php on line 19.
 1 SYSTEMPATH\CodeIgniter.php(934): App\Controllers\AdmPost->lista_corte()
 2 SYSTEMPATH\CodeIgniter.php(499): CodeIgniter\CodeIgniter->runController(Object(App\Controllers\AdmPost))
 3 SYSTEMPATH\CodeIgniter.php(368): CodeIgniter\CodeIgniter->handleRequest(null, Object(Config\Cache), false)
 4 FCPATH\index.php(67): CodeIgniter\CodeIgniter->run()
CRITICAL - 2023-07-14 20:16:34 --> Cannot use object of type stdClass as array
in APPPATH\Controllers\AdmPost.php on line 19.
 1 SYSTEMPATH\CodeIgniter.php(934): App\Controllers\AdmPost->lista_corte()
 2 SYSTEMPATH\CodeIgniter.php(499): CodeIgniter\CodeIgniter->runController(Object(App\Controllers\AdmPost))
 3 SYSTEMPATH\CodeIgniter.php(368): CodeIgniter\CodeIgniter->handleRequest(null, Object(Config\Cache), false)
 4 FCPATH\index.php(67): CodeIgniter\CodeIgniter->run()
CRITICAL - 2023-07-14 20:16:35 --> Cannot use object of type stdClass as array
in APPPATH\Controllers\AdmPost.php on line 19.
 1 SYSTEMPATH\CodeIgniter.php(934): App\Controllers\AdmPost->lista_corte()
 2 SYSTEMPATH\CodeIgniter.php(499): CodeIgniter\CodeIgniter->runController(Object(App\Controllers\AdmPost))
 3 SYSTEMPATH\CodeIgniter.php(368): CodeIgniter\CodeIgniter->handleRequest(null, Object(Config\Cache), false)
 4 FCPATH\index.php(67): CodeIgniter\CodeIgniter->run()
CRITICAL - 2023-07-14 20:16:36 --> Cannot use object of type stdClass as array
in APPPATH\Controllers\AdmPost.php on line 19.
 1 SYSTEMPATH\CodeIgniter.php(934): App\Controllers\AdmPost->lista_corte()
 2 SYSTEMPATH\CodeIgniter.php(499): CodeIgniter\CodeIgniter->runController(Object(App\Controllers\AdmPost))
 3 SYSTEMPATH\CodeIgniter.php(368): CodeIgniter\CodeIgniter->handleRequest(null, Object(Config\Cache), false)
 4 FCPATH\index.php(67): CodeIgniter\CodeIgniter->run()
CRITICAL - 2023-07-14 20:16:37 --> Cannot use object of type stdClass as array
in APPPATH\Controllers\AdmPost.php on line 19.
 1 SYSTEMPATH\CodeIgniter.php(934): App\Controllers\AdmPost->lista_corte()
 2 SYSTEMPATH\CodeIgniter.php(499): CodeIgniter\CodeIgniter->runController(Object(App\Controllers\AdmPost))
 3 SYSTEMPATH\CodeIgniter.php(368): CodeIgniter\CodeIgniter->handleRequest(null, Object(Config\Cache), false)
 4 FCPATH\index.php(67): CodeIgniter\CodeIgniter->run()
CRITICAL - 2023-07-14 20:16:38 --> Cannot use object of type stdClass as array
in APPPATH\Controllers\AdmPost.php on line 19.
 1 SYSTEMPATH\CodeIgniter.php(934): App\Controllers\AdmPost->lista_corte()
 2 SYSTEMPATH\CodeIgniter.php(499): CodeIgniter\CodeIgniter->runController(Object(App\Controllers\AdmPost))
 3 SYSTEMPATH\CodeIgniter.php(368): CodeIgniter\CodeIgniter->handleRequest(null, Object(Config\Cache), false)
 4 FCPATH\index.php(67): CodeIgniter\CodeIgniter->run()
CRITICAL - 2023-07-14 20:16:39 --> Cannot use object of type stdClass as array
in APPPATH\Controllers\AdmPost.php on line 19.
 1 SYSTEMPATH\CodeIgniter.php(934): App\Controllers\AdmPost->lista_corte()
 2 SYSTEMPATH\CodeIgniter.php(499): CodeIgniter\CodeIgniter->runController(Object(App\Controllers\AdmPost))
 3 SYSTEMPATH\CodeIgniter.php(368): CodeIgniter\CodeIgniter->handleRequest(null, Object(Config\Cache), false)
 4 FCPATH\index.php(67): CodeIgniter\CodeIgniter->run()
CRITICAL - 2023-07-14 20:16:40 --> Cannot use object of type stdClass as array
in APPPATH\Controllers\AdmPost.php on line 19.
 1 SYSTEMPATH\CodeIgniter.php(934): App\Controllers\AdmPost->lista_corte()
 2 SYSTEMPATH\CodeIgniter.php(499): CodeIgniter\CodeIgniter->runController(Object(App\Controllers\AdmPost))
 3 SYSTEMPATH\CodeIgniter.php(368): CodeIgniter\CodeIgniter->handleRequest(null, Object(Config\Cache), false)
 4 FCPATH\index.php(67): CodeIgniter\CodeIgniter->run()
CRITICAL - 2023-07-14 20:16:41 --> Cannot use object of type stdClass as array
in APPPATH\Controllers\AdmPost.php on line 19.
 1 SYSTEMPATH\CodeIgniter.php(934): App\Controllers\AdmPost->lista_corte()
 2 SYSTEMPATH\CodeIgniter.php(499): CodeIgniter\CodeIgniter->runController(Object(App\Controllers\AdmPost))
 3 SYSTEMPATH\CodeIgniter.php(368): CodeIgniter\CodeIgniter->handleRequest(null, Object(Config\Cache), false)
 4 FCPATH\index.php(67): CodeIgniter\CodeIgniter->run()
CRITICAL - 2023-07-14 20:16:42 --> Cannot use object of type stdClass as array
in APPPATH\Controllers\AdmPost.php on line 19.
 1 SYSTEMPATH\CodeIgniter.php(934): App\Controllers\AdmPost->lista_corte()
 2 SYSTEMPATH\CodeIgniter.php(499): CodeIgniter\CodeIgniter->runController(Object(App\Controllers\AdmPost))
 3 SYSTEMPATH\CodeIgniter.php(368): CodeIgniter\CodeIgniter->handleRequest(null, Object(Config\Cache), false)
 4 FCPATH\index.php(67): CodeIgniter\CodeIgniter->run()
CRITICAL - 2023-07-14 20:16:43 --> Cannot use object of type stdClass as array
in APPPATH\Controllers\AdmPost.php on line 19.
 1 SYSTEMPATH\CodeIgniter.php(934): App\Controllers\AdmPost->lista_corte()
 2 SYSTEMPATH\CodeIgniter.php(499): CodeIgniter\CodeIgniter->runController(Object(App\Controllers\AdmPost))
 3 SYSTEMPATH\CodeIgniter.php(368): CodeIgniter\CodeIgniter->handleRequest(null, Object(Config\Cache), false)
 4 FCPATH\index.php(67): CodeIgniter\CodeIgniter->run()
CRITICAL - 2023-07-14 20:16:44 --> Cannot use object of type stdClass as array
in APPPATH\Controllers\AdmPost.php on line 19.
 1 SYSTEMPATH\CodeIgniter.php(934): App\Controllers\AdmPost->lista_corte()
 2 SYSTEMPATH\CodeIgniter.php(499): CodeIgniter\CodeIgniter->runController(Object(App\Controllers\AdmPost))
 3 SYSTEMPATH\CodeIgniter.php(368): CodeIgniter\CodeIgniter->handleRequest(null, Object(Config\Cache), false)
 4 FCPATH\index.php(67): CodeIgniter\CodeIgniter->run()
CRITICAL - 2023-07-14 20:16:45 --> Cannot use object of type stdClass as array
in APPPATH\Controllers\AdmPost.php on line 19.
 1 SYSTEMPATH\CodeIgniter.php(934): App\Controllers\AdmPost->lista_corte()
 2 SYSTEMPATH\CodeIgniter.php(499): CodeIgniter\CodeIgniter->runController(Object(App\Controllers\AdmPost))
 3 SYSTEMPATH\CodeIgniter.php(368): CodeIgniter\CodeIgniter->handleRequest(null, Object(Config\Cache), false)
 4 FCPATH\index.php(67): CodeIgniter\CodeIgniter->run()
CRITICAL - 2023-07-14 20:16:46 --> Cannot use object of type stdClass as array
in APPPATH\Controllers\AdmPost.php on line 19.
 1 SYSTEMPATH\CodeIgniter.php(934): App\Controllers\AdmPost->lista_corte()
 2 SYSTEMPATH\CodeIgniter.php(499): CodeIgniter\CodeIgniter->runController(Object(App\Controllers\AdmPost))
 3 SYSTEMPATH\CodeIgniter.php(368): CodeIgniter\CodeIgniter->handleRequest(null, Object(Config\Cache), false)
 4 FCPATH\index.php(67): CodeIgniter\CodeIgniter->run()
CRITICAL - 2023-07-14 20:16:47 --> Cannot use object of type stdClass as array
in APPPATH\Controllers\AdmPost.php on line 19.
 1 SYSTEMPATH\CodeIgniter.php(934): App\Controllers\AdmPost->lista_corte()
 2 SYSTEMPATH\CodeIgniter.php(499): CodeIgniter\CodeIgniter->runController(Object(App\Controllers\AdmPost))
 3 SYSTEMPATH\CodeIgniter.php(368): CodeIgniter\CodeIgniter->handleRequest(null, Object(Config\Cache), false)
 4 FCPATH\index.php(67): CodeIgniter\CodeIgniter->run()
CRITICAL - 2023-07-14 20:16:48 --> Cannot use object of type stdClass as array
in APPPATH\Controllers\AdmPost.php on line 19.
 1 SYSTEMPATH\CodeIgniter.php(934): App\Controllers\AdmPost->lista_corte()
 2 SYSTEMPATH\CodeIgniter.php(499): CodeIgniter\CodeIgniter->runController(Object(App\Controllers\AdmPost))
 3 SYSTEMPATH\CodeIgniter.php(368): CodeIgniter\CodeIgniter->handleRequest(null, Object(Config\Cache), false)
 4 FCPATH\index.php(67): CodeIgniter\CodeIgniter->run()
CRITICAL - 2023-07-14 20:16:49 --> Cannot use object of type stdClass as array
in APPPATH\Controllers\AdmPost.php on line 19.
 1 SYSTEMPATH\CodeIgniter.php(934): App\Controllers\AdmPost->lista_corte()
 2 SYSTEMPATH\CodeIgniter.php(499): CodeIgniter\CodeIgniter->runController(Object(App\Controllers\AdmPost))
 3 SYSTEMPATH\CodeIgniter.php(368): CodeIgniter\CodeIgniter->handleRequest(null, Object(Config\Cache), false)
 4 FCPATH\index.php(67): CodeIgniter\CodeIgniter->run()
CRITICAL - 2023-07-14 20:16:50 --> Cannot use object of type stdClass as array
in APPPATH\Controllers\AdmPost.php on line 19.
 1 SYSTEMPATH\CodeIgniter.php(934): App\Controllers\AdmPost->lista_corte()
 2 SYSTEMPATH\CodeIgniter.php(499): CodeIgniter\CodeIgniter->runController(Object(App\Controllers\AdmPost))
 3 SYSTEMPATH\CodeIgniter.php(368): CodeIgniter\CodeIgniter->handleRequest(null, Object(Config\Cache), false)
 4 FCPATH\index.php(67): CodeIgniter\CodeIgniter->run()
CRITICAL - 2023-07-14 20:16:51 --> Cannot use object of type stdClass as array
in APPPATH\Controllers\AdmPost.php on line 19.
 1 SYSTEMPATH\CodeIgniter.php(934): App\Controllers\AdmPost->lista_corte()
 2 SYSTEMPATH\CodeIgniter.php(499): CodeIgniter\CodeIgniter->runController(Object(App\Controllers\AdmPost))
 3 SYSTEMPATH\CodeIgniter.php(368): CodeIgniter\CodeIgniter->handleRequest(null, Object(Config\Cache), false)
 4 FCPATH\index.php(67): CodeIgniter\CodeIgniter->run()
CRITICAL - 2023-07-14 20:16:52 --> Cannot use object of type stdClass as array
in APPPATH\Controllers\AdmPost.php on line 19.
 1 SYSTEMPATH\CodeIgniter.php(934): App\Controllers\AdmPost->lista_corte()
 2 SYSTEMPATH\CodeIgniter.php(499): CodeIgniter\CodeIgniter->runController(Object(App\Controllers\AdmPost))
 3 SYSTEMPATH\CodeIgniter.php(368): CodeIgniter\CodeIgniter->handleRequest(null, Object(Config\Cache), false)
 4 FCPATH\index.php(67): CodeIgniter\CodeIgniter->run()
CRITICAL - 2023-07-14 20:16:53 --> Cannot use object of type stdClass as array
in APPPATH\Controllers\AdmPost.php on line 19.
 1 SYSTEMPATH\CodeIgniter.php(934): App\Controllers\AdmPost->lista_corte()
 2 SYSTEMPATH\CodeIgniter.php(499): CodeIgniter\CodeIgniter->runController(Object(App\Controllers\AdmPost))
 3 SYSTEMPATH\CodeIgniter.php(368): CodeIgniter\CodeIgniter->handleRequest(null, Object(Config\Cache), false)
 4 FCPATH\index.php(67): CodeIgniter\CodeIgniter->run()
CRITICAL - 2023-07-14 20:16:54 --> Cannot use object of type stdClass as array
in APPPATH\Controllers\AdmPost.php on line 19.
 1 SYSTEMPATH\CodeIgniter.php(934): App\Controllers\AdmPost->lista_corte()
 2 SYSTEMPATH\CodeIgniter.php(499): CodeIgniter\CodeIgniter->runController(Object(App\Controllers\AdmPost))
 3 SYSTEMPATH\CodeIgniter.php(368): CodeIgniter\CodeIgniter->handleRequest(null, Object(Config\Cache), false)
 4 FCPATH\index.php(67): CodeIgniter\CodeIgniter->run()
CRITICAL - 2023-07-14 20:16:55 --> Cannot use object of type stdClass as array
in APPPATH\Controllers\AdmPost.php on line 19.
 1 SYSTEMPATH\CodeIgniter.php(934): App\Controllers\AdmPost->lista_corte()
 2 SYSTEMPATH\CodeIgniter.php(499): CodeIgniter\CodeIgniter->runController(Object(App\Controllers\AdmPost))
 3 SYSTEMPATH\CodeIgniter.php(368): CodeIgniter\CodeIgniter->handleRequest(null, Object(Config\Cache), false)
 4 FCPATH\index.php(67): CodeIgniter\CodeIgniter->run()
CRITICAL - 2023-07-14 20:16:56 --> Cannot use object of type stdClass as array
in APPPATH\Controllers\AdmPost.php on line 19.
 1 SYSTEMPATH\CodeIgniter.php(934): App\Controllers\AdmPost->lista_corte()
 2 SYSTEMPATH\CodeIgniter.php(499): CodeIgniter\CodeIgniter->runController(Object(App\Controllers\AdmPost))
 3 SYSTEMPATH\CodeIgniter.php(368): CodeIgniter\CodeIgniter->handleRequest(null, Object(Config\Cache), false)
 4 FCPATH\index.php(67): CodeIgniter\CodeIgniter->run()
CRITICAL - 2023-07-14 20:16:57 --> Cannot use object of type stdClass as array
in APPPATH\Controllers\AdmPost.php on line 19.
 1 SYSTEMPATH\CodeIgniter.php(934): App\Controllers\AdmPost->lista_corte()
 2 SYSTEMPATH\CodeIgniter.php(499): CodeIgniter\CodeIgniter->runController(Object(App\Controllers\AdmPost))
 3 SYSTEMPATH\CodeIgniter.php(368): CodeIgniter\CodeIgniter->handleRequest(null, Object(Config\Cache), false)
 4 FCPATH\index.php(67): CodeIgniter\CodeIgniter->run()
CRITICAL - 2023-07-14 20:16:58 --> Cannot use object of type stdClass as array
in APPPATH\Controllers\AdmPost.php on line 19.
 1 SYSTEMPATH\CodeIgniter.php(934): App\Controllers\AdmPost->lista_corte()
 2 SYSTEMPATH\CodeIgniter.php(499): CodeIgniter\CodeIgniter->runController(Object(App\Controllers\AdmPost))
 3 SYSTEMPATH\CodeIgniter.php(368): CodeIgniter\CodeIgniter->handleRequest(null, Object(Config\Cache), false)
 4 FCPATH\index.php(67): CodeIgniter\CodeIgniter->run()
CRITICAL - 2023-07-14 20:16:59 --> Cannot use object of type stdClass as array
in APPPATH\Controllers\AdmPost.php on line 19.
 1 SYSTEMPATH\CodeIgniter.php(934): App\Controllers\AdmPost->lista_corte()
 2 SYSTEMPATH\CodeIgniter.php(499): CodeIgniter\CodeIgniter->runController(Object(App\Controllers\AdmPost))
 3 SYSTEMPATH\CodeIgniter.php(368): CodeIgniter\CodeIgniter->handleRequest(null, Object(Config\Cache), false)
 4 FCPATH\index.php(67): CodeIgniter\CodeIgniter->run()
CRITICAL - 2023-07-14 20:17:00 --> Cannot use object of type stdClass as array
in APPPATH\Controllers\AdmPost.php on line 19.
 1 SYSTEMPATH\CodeIgniter.php(934): App\Controllers\AdmPost->lista_corte()
 2 SYSTEMPATH\CodeIgniter.php(499): CodeIgniter\CodeIgniter->runController(Object(App\Controllers\AdmPost))
 3 SYSTEMPATH\CodeIgniter.php(368): CodeIgniter\CodeIgniter->handleRequest(null, Object(Config\Cache), false)
 4 FCPATH\index.php(67): CodeIgniter\CodeIgniter->run()
CRITICAL - 2023-07-14 20:17:01 --> Cannot use object of type stdClass as array
in APPPATH\Controllers\AdmPost.php on line 19.
 1 SYSTEMPATH\CodeIgniter.php(934): App\Controllers\AdmPost->lista_corte()
 2 SYSTEMPATH\CodeIgniter.php(499): CodeIgniter\CodeIgniter->runController(Object(App\Controllers\AdmPost))
 3 SYSTEMPATH\CodeIgniter.php(368): CodeIgniter\CodeIgniter->handleRequest(null, Object(Config\Cache), false)
 4 FCPATH\index.php(67): CodeIgniter\CodeIgniter->run()
CRITICAL - 2023-07-14 20:17:02 --> Cannot use object of type stdClass as array
in APPPATH\Controllers\AdmPost.php on line 19.
 1 SYSTEMPATH\CodeIgniter.php(934): App\Controllers\AdmPost->lista_corte()
 2 SYSTEMPATH\CodeIgniter.php(499): CodeIgniter\CodeIgniter->runController(Object(App\Controllers\AdmPost))
 3 SYSTEMPATH\CodeIgniter.php(368): CodeIgniter\CodeIgniter->handleRequest(null, Object(Config\Cache), false)
 4 FCPATH\index.php(67): CodeIgniter\CodeIgniter->run()
CRITICAL - 2023-07-14 20:17:03 --> Cannot use object of type stdClass as array
in APPPATH\Controllers\AdmPost.php on line 19.
 1 SYSTEMPATH\CodeIgniter.php(934): App\Controllers\AdmPost->lista_corte()
 2 SYSTEMPATH\CodeIgniter.php(499): CodeIgniter\CodeIgniter->runController(Object(App\Controllers\AdmPost))
 3 SYSTEMPATH\CodeIgniter.php(368): CodeIgniter\CodeIgniter->handleRequest(null, Object(Config\Cache), false)
 4 FCPATH\index.php(67): CodeIgniter\CodeIgniter->run()
CRITICAL - 2023-07-14 20:17:04 --> Cannot use object of type stdClass as array
in APPPATH\Controllers\AdmPost.php on line 19.
 1 SYSTEMPATH\CodeIgniter.php(934): App\Controllers\AdmPost->lista_corte()
 2 SYSTEMPATH\CodeIgniter.php(499): CodeIgniter\CodeIgniter->runController(Object(App\Controllers\AdmPost))
 3 SYSTEMPATH\CodeIgniter.php(368): CodeIgniter\CodeIgniter->handleRequest(null, Object(Config\Cache), false)
 4 FCPATH\index.php(67): CodeIgniter\CodeIgniter->run()
CRITICAL - 2023-07-14 20:17:05 --> Cannot use object of type stdClass as array
in APPPATH\Controllers\AdmPost.php on line 19.
 1 SYSTEMPATH\CodeIgniter.php(934): App\Controllers\AdmPost->lista_corte()
 2 SYSTEMPATH\CodeIgniter.php(499): CodeIgniter\CodeIgniter->runController(Object(App\Controllers\AdmPost))
 3 SYSTEMPATH\CodeIgniter.php(368): CodeIgniter\CodeIgniter->handleRequest(null, Object(Config\Cache), false)
 4 FCPATH\index.php(67): CodeIgniter\CodeIgniter->run()
CRITICAL - 2023-07-14 20:17:06 --> Cannot use object of type stdClass as array
in APPPATH\Controllers\AdmPost.php on line 19.
 1 SYSTEMPATH\CodeIgniter.php(934): App\Controllers\AdmPost->lista_corte()
 2 SYSTEMPATH\CodeIgniter.php(499): CodeIgniter\CodeIgniter->runController(Object(App\Controllers\AdmPost))
 3 SYSTEMPATH\CodeIgniter.php(368): CodeIgniter\CodeIgniter->handleRequest(null, Object(Config\Cache), false)
 4 FCPATH\index.php(67): CodeIgniter\CodeIgniter->run()
CRITICAL - 2023-07-14 20:17:07 --> Cannot use object of type stdClass as array
in APPPATH\Controllers\AdmPost.php on line 19.
 1 SYSTEMPATH\CodeIgniter.php(934): App\Controllers\AdmPost->lista_corte()
 2 SYSTEMPATH\CodeIgniter.php(499): CodeIgniter\CodeIgniter->runController(Object(App\Controllers\AdmPost))
 3 SYSTEMPATH\CodeIgniter.php(368): CodeIgniter\CodeIgniter->handleRequest(null, Object(Config\Cache), false)
 4 FCPATH\index.php(67): CodeIgniter\CodeIgniter->run()
CRITICAL - 2023-07-14 20:17:08 --> Cannot use object of type stdClass as array
in APPPATH\Controllers\AdmPost.php on line 19.
 1 SYSTEMPATH\CodeIgniter.php(934): App\Controllers\AdmPost->lista_corte()
 2 SYSTEMPATH\CodeIgniter.php(499): CodeIgniter\CodeIgniter->runController(Object(App\Controllers\AdmPost))
 3 SYSTEMPATH\CodeIgniter.php(368): CodeIgniter\CodeIgniter->handleRequest(null, Object(Config\Cache), false)
 4 FCPATH\index.php(67): CodeIgniter\CodeIgniter->run()
CRITICAL - 2023-07-14 20:17:09 --> Cannot use object of type stdClass as array
in APPPATH\Controllers\AdmPost.php on line 19.
 1 SYSTEMPATH\CodeIgniter.php(934): App\Controllers\AdmPost->lista_corte()
 2 SYSTEMPATH\CodeIgniter.php(499): CodeIgniter\CodeIgniter->runController(Object(App\Controllers\AdmPost))
 3 SYSTEMPATH\CodeIgniter.php(368): CodeIgniter\CodeIgniter->handleRequest(null, Object(Config\Cache), false)
 4 FCPATH\index.php(67): CodeIgniter\CodeIgniter->run()
CRITICAL - 2023-07-14 20:17:10 --> Cannot use object of type stdClass as array
in APPPATH\Controllers\AdmPost.php on line 19.
 1 SYSTEMPATH\CodeIgniter.php(934): App\Controllers\AdmPost->lista_corte()
 2 SYSTEMPATH\CodeIgniter.php(499): CodeIgniter\CodeIgniter->runController(Object(App\Controllers\AdmPost))
 3 SYSTEMPATH\CodeIgniter.php(368): CodeIgniter\CodeIgniter->handleRequest(null, Object(Config\Cache), false)
 4 FCPATH\index.php(67): CodeIgniter\CodeIgniter->run()
CRITICAL - 2023-07-14 20:17:11 --> Cannot use object of type stdClass as array
in APPPATH\Controllers\AdmPost.php on line 19.
 1 SYSTEMPATH\CodeIgniter.php(934): App\Controllers\AdmPost->lista_corte()
 2 SYSTEMPATH\CodeIgniter.php(499): CodeIgniter\CodeIgniter->runController(Object(App\Controllers\AdmPost))
 3 SYSTEMPATH\CodeIgniter.php(368): CodeIgniter\CodeIgniter->handleRequest(null, Object(Config\Cache), false)
 4 FCPATH\index.php(67): CodeIgniter\CodeIgniter->run()
CRITICAL - 2023-07-14 20:17:12 --> Cannot use object of type stdClass as array
in APPPATH\Controllers\AdmPost.php on line 19.
 1 SYSTEMPATH\CodeIgniter.php(934): App\Controllers\AdmPost->lista_corte()
 2 SYSTEMPATH\CodeIgniter.php(499): CodeIgniter\CodeIgniter->runController(Object(App\Controllers\AdmPost))
 3 SYSTEMPATH\CodeIgniter.php(368): CodeIgniter\CodeIgniter->handleRequest(null, Object(Config\Cache), false)
 4 FCPATH\index.php(67): CodeIgniter\CodeIgniter->run()
CRITICAL - 2023-07-14 20:17:13 --> Cannot use object of type stdClass as array
in APPPATH\Controllers\AdmPost.php on line 19.
 1 SYSTEMPATH\CodeIgniter.php(934): App\Controllers\AdmPost->lista_corte()
 2 SYSTEMPATH\CodeIgniter.php(499): CodeIgniter\CodeIgniter->runController(Object(App\Controllers\AdmPost))
 3 SYSTEMPATH\CodeIgniter.php(368): CodeIgniter\CodeIgniter->handleRequest(null, Object(Config\Cache), false)
 4 FCPATH\index.php(67): CodeIgniter\CodeIgniter->run()
CRITICAL - 2023-07-14 20:17:14 --> Cannot use object of type stdClass as array
in APPPATH\Controllers\AdmPost.php on line 19.
 1 SYSTEMPATH\CodeIgniter.php(934): App\Controllers\AdmPost->lista_corte()
 2 SYSTEMPATH\CodeIgniter.php(499): CodeIgniter\CodeIgniter->runController(Object(App\Controllers\AdmPost))
 3 SYSTEMPATH\CodeIgniter.php(368): CodeIgniter\CodeIgniter->handleRequest(null, Object(Config\Cache), false)
 4 FCPATH\index.php(67): CodeIgniter\CodeIgniter->run()
CRITICAL - 2023-07-14 20:17:15 --> Cannot use object of type stdClass as array
in APPPATH\Controllers\AdmPost.php on line 19.
 1 SYSTEMPATH\CodeIgniter.php(934): App\Controllers\AdmPost->lista_corte()
 2 SYSTEMPATH\CodeIgniter.php(499): CodeIgniter\CodeIgniter->runController(Object(App\Controllers\AdmPost))
 3 SYSTEMPATH\CodeIgniter.php(368): CodeIgniter\CodeIgniter->handleRequest(null, Object(Config\Cache), false)
 4 FCPATH\index.php(67): CodeIgniter\CodeIgniter->run()
CRITICAL - 2023-07-14 20:17:16 --> Cannot use object of type stdClass as array
in APPPATH\Controllers\AdmPost.php on line 19.
 1 SYSTEMPATH\CodeIgniter.php(934): App\Controllers\AdmPost->lista_corte()
 2 SYSTEMPATH\CodeIgniter.php(499): CodeIgniter\CodeIgniter->runController(Object(App\Controllers\AdmPost))
 3 SYSTEMPATH\CodeIgniter.php(368): CodeIgniter\CodeIgniter->handleRequest(null, Object(Config\Cache), false)
 4 FCPATH\index.php(67): CodeIgniter\CodeIgniter->run()
CRITICAL - 2023-07-14 20:17:17 --> Cannot use object of type stdClass as array
in APPPATH\Controllers\AdmPost.php on line 19.
 1 SYSTEMPATH\CodeIgniter.php(934): App\Controllers\AdmPost->lista_corte()
 2 SYSTEMPATH\CodeIgniter.php(499): CodeIgniter\CodeIgniter->runController(Object(App\Controllers\AdmPost))
 3 SYSTEMPATH\CodeIgniter.php(368): CodeIgniter\CodeIgniter->handleRequest(null, Object(Config\Cache), false)
 4 FCPATH\index.php(67): CodeIgniter\CodeIgniter->run()
CRITICAL - 2023-07-14 20:17:18 --> Cannot use object of type stdClass as array
in APPPATH\Controllers\AdmPost.php on line 19.
 1 SYSTEMPATH\CodeIgniter.php(934): App\Controllers\AdmPost->lista_corte()
 2 SYSTEMPATH\CodeIgniter.php(499): CodeIgniter\CodeIgniter->runController(Object(App\Controllers\AdmPost))
 3 SYSTEMPATH\CodeIgniter.php(368): CodeIgniter\CodeIgniter->handleRequest(null, Object(Config\Cache), false)
 4 FCPATH\index.php(67): CodeIgniter\CodeIgniter->run()
CRITICAL - 2023-07-14 20:17:19 --> Cannot use object of type stdClass as array
in APPPATH\Controllers\AdmPost.php on line 19.
 1 SYSTEMPATH\CodeIgniter.php(934): App\Controllers\AdmPost->lista_corte()
 2 SYSTEMPATH\CodeIgniter.php(499): CodeIgniter\CodeIgniter->runController(Object(App\Controllers\AdmPost))
 3 SYSTEMPATH\CodeIgniter.php(368): CodeIgniter\CodeIgniter->handleRequest(null, Object(Config\Cache), false)
 4 FCPATH\index.php(67): CodeIgniter\CodeIgniter->run()
CRITICAL - 2023-07-14 20:17:20 --> Cannot use object of type stdClass as array
in APPPATH\Controllers\AdmPost.php on line 19.
 1 SYSTEMPATH\CodeIgniter.php(934): App\Controllers\AdmPost->lista_corte()
 2 SYSTEMPATH\CodeIgniter.php(499): CodeIgniter\CodeIgniter->runController(Object(App\Controllers\AdmPost))
 3 SYSTEMPATH\CodeIgniter.php(368): CodeIgniter\CodeIgniter->handleRequest(null, Object(Config\Cache), false)
 4 FCPATH\index.php(67): CodeIgniter\CodeIgniter->run()
CRITICAL - 2023-07-14 20:17:21 --> Cannot use object of type stdClass as array
in APPPATH\Controllers\AdmPost.php on line 19.
 1 SYSTEMPATH\CodeIgniter.php(934): App\Controllers\AdmPost->lista_corte()
 2 SYSTEMPATH\CodeIgniter.php(499): CodeIgniter\CodeIgniter->runController(Object(App\Controllers\AdmPost))
 3 SYSTEMPATH\CodeIgniter.php(368): CodeIgniter\CodeIgniter->handleRequest(null, Object(Config\Cache), false)
 4 FCPATH\index.php(67): CodeIgniter\CodeIgniter->run()
CRITICAL - 2023-07-14 20:17:22 --> Cannot use object of type stdClass as array
in APPPATH\Controllers\AdmPost.php on line 19.
 1 SYSTEMPATH\CodeIgniter.php(934): App\Controllers\AdmPost->lista_corte()
 2 SYSTEMPATH\CodeIgniter.php(499): CodeIgniter\CodeIgniter->runController(Object(App\Controllers\AdmPost))
 3 SYSTEMPATH\CodeIgniter.php(368): CodeIgniter\CodeIgniter->handleRequest(null, Object(Config\Cache), false)
 4 FCPATH\index.php(67): CodeIgniter\CodeIgniter->run()
CRITICAL - 2023-07-14 20:17:23 --> Cannot use object of type stdClass as array
in APPPATH\Controllers\AdmPost.php on line 19.
 1 SYSTEMPATH\CodeIgniter.php(934): App\Controllers\AdmPost->lista_corte()
 2 SYSTEMPATH\CodeIgniter.php(499): CodeIgniter\CodeIgniter->runController(Object(App\Controllers\AdmPost))
 3 SYSTEMPATH\CodeIgniter.php(368): CodeIgniter\CodeIgniter->handleRequest(null, Object(Config\Cache), false)
 4 FCPATH\index.php(67): CodeIgniter\CodeIgniter->run()
CRITICAL - 2023-07-14 20:17:23 --> Cannot use object of type stdClass as array
in APPPATH\Controllers\AdmPost.php on line 19.
 1 SYSTEMPATH\CodeIgniter.php(934): App\Controllers\AdmPost->lista_corte()
 2 SYSTEMPATH\CodeIgniter.php(499): CodeIgniter\CodeIgniter->runController(Object(App\Controllers\AdmPost))
 3 SYSTEMPATH\CodeIgniter.php(368): CodeIgniter\CodeIgniter->handleRequest(null, Object(Config\Cache), false)
 4 FCPATH\index.php(67): CodeIgniter\CodeIgniter->run()
CRITICAL - 2023-07-14 20:17:24 --> Cannot use object of type stdClass as array
in APPPATH\Controllers\AdmPost.php on line 19.
 1 SYSTEMPATH\CodeIgniter.php(934): App\Controllers\AdmPost->lista_corte()
 2 SYSTEMPATH\CodeIgniter.php(499): CodeIgniter\CodeIgniter->runController(Object(App\Controllers\AdmPost))
 3 SYSTEMPATH\CodeIgniter.php(368): CodeIgniter\CodeIgniter->handleRequest(null, Object(Config\Cache), false)
 4 FCPATH\index.php(67): CodeIgniter\CodeIgniter->run()
CRITICAL - 2023-07-14 20:17:25 --> Cannot use object of type stdClass as array
in APPPATH\Controllers\AdmPost.php on line 19.
 1 SYSTEMPATH\CodeIgniter.php(934): App\Controllers\AdmPost->lista_corte()
 2 SYSTEMPATH\CodeIgniter.php(499): CodeIgniter\CodeIgniter->runController(Object(App\Controllers\AdmPost))
 3 SYSTEMPATH\CodeIgniter.php(368): CodeIgniter\CodeIgniter->handleRequest(null, Object(Config\Cache), false)
 4 FCPATH\index.php(67): CodeIgniter\CodeIgniter->run()
CRITICAL - 2023-07-14 20:17:26 --> Cannot use object of type stdClass as array
in APPPATH\Controllers\AdmPost.php on line 19.
 1 SYSTEMPATH\CodeIgniter.php(934): App\Controllers\AdmPost->lista_corte()
 2 SYSTEMPATH\CodeIgniter.php(499): CodeIgniter\CodeIgniter->runController(Object(App\Controllers\AdmPost))
 3 SYSTEMPATH\CodeIgniter.php(368): CodeIgniter\CodeIgniter->handleRequest(null, Object(Config\Cache), false)
 4 FCPATH\index.php(67): CodeIgniter\CodeIgniter->run()
CRITICAL - 2023-07-14 20:17:27 --> Cannot use object of type stdClass as array
in APPPATH\Controllers\AdmPost.php on line 19.
 1 SYSTEMPATH\CodeIgniter.php(934): App\Controllers\AdmPost->lista_corte()
 2 SYSTEMPATH\CodeIgniter.php(499): CodeIgniter\CodeIgniter->runController(Object(App\Controllers\AdmPost))
 3 SYSTEMPATH\CodeIgniter.php(368): CodeIgniter\CodeIgniter->handleRequest(null, Object(Config\Cache), false)
 4 FCPATH\index.php(67): CodeIgniter\CodeIgniter->run()
CRITICAL - 2023-07-14 20:17:28 --> Cannot use object of type stdClass as array
in APPPATH\Controllers\AdmPost.php on line 19.
 1 SYSTEMPATH\CodeIgniter.php(934): App\Controllers\AdmPost->lista_corte()
 2 SYSTEMPATH\CodeIgniter.php(499): CodeIgniter\CodeIgniter->runController(Object(App\Controllers\AdmPost))
 3 SYSTEMPATH\CodeIgniter.php(368): CodeIgniter\CodeIgniter->handleRequest(null, Object(Config\Cache), false)
 4 FCPATH\index.php(67): CodeIgniter\CodeIgniter->run()
CRITICAL - 2023-07-14 20:17:29 --> Cannot use object of type stdClass as array
in APPPATH\Controllers\AdmPost.php on line 19.
 1 SYSTEMPATH\CodeIgniter.php(934): App\Controllers\AdmPost->lista_corte()
 2 SYSTEMPATH\CodeIgniter.php(499): CodeIgniter\CodeIgniter->runController(Object(App\Controllers\AdmPost))
 3 SYSTEMPATH\CodeIgniter.php(368): CodeIgniter\CodeIgniter->handleRequest(null, Object(Config\Cache), false)
 4 FCPATH\index.php(67): CodeIgniter\CodeIgniter->run()
CRITICAL - 2023-07-14 20:17:30 --> Cannot use object of type stdClass as array
in APPPATH\Controllers\AdmPost.php on line 19.
 1 SYSTEMPATH\CodeIgniter.php(934): App\Controllers\AdmPost->lista_corte()
 2 SYSTEMPATH\CodeIgniter.php(499): CodeIgniter\CodeIgniter->runController(Object(App\Controllers\AdmPost))
 3 SYSTEMPATH\CodeIgniter.php(368): CodeIgniter\CodeIgniter->handleRequest(null, Object(Config\Cache), false)
 4 FCPATH\index.php(67): CodeIgniter\CodeIgniter->run()
CRITICAL - 2023-07-14 20:17:31 --> Cannot use object of type stdClass as array
in APPPATH\Controllers\AdmPost.php on line 19.
 1 SYSTEMPATH\CodeIgniter.php(934): App\Controllers\AdmPost->lista_corte()
 2 SYSTEMPATH\CodeIgniter.php(499): CodeIgniter\CodeIgniter->runController(Object(App\Controllers\AdmPost))
 3 SYSTEMPATH\CodeIgniter.php(368): CodeIgniter\CodeIgniter->handleRequest(null, Object(Config\Cache), false)
 4 FCPATH\index.php(67): CodeIgniter\CodeIgniter->run()
CRITICAL - 2023-07-14 20:17:32 --> Cannot use object of type stdClass as array
in APPPATH\Controllers\AdmPost.php on line 19.
 1 SYSTEMPATH\CodeIgniter.php(934): App\Controllers\AdmPost->lista_corte()
 2 SYSTEMPATH\CodeIgniter.php(499): CodeIgniter\CodeIgniter->runController(Object(App\Controllers\AdmPost))
 3 SYSTEMPATH\CodeIgniter.php(368): CodeIgniter\CodeIgniter->handleRequest(null, Object(Config\Cache), false)
 4 FCPATH\index.php(67): CodeIgniter\CodeIgniter->run()
CRITICAL - 2023-07-14 20:17:33 --> Cannot use object of type stdClass as array
in APPPATH\Controllers\AdmPost.php on line 19.
 1 SYSTEMPATH\CodeIgniter.php(934): App\Controllers\AdmPost->lista_corte()
 2 SYSTEMPATH\CodeIgniter.php(499): CodeIgniter\CodeIgniter->runController(Object(App\Controllers\AdmPost))
 3 SYSTEMPATH\CodeIgniter.php(368): CodeIgniter\CodeIgniter->handleRequest(null, Object(Config\Cache), false)
 4 FCPATH\index.php(67): CodeIgniter\CodeIgniter->run()
CRITICAL - 2023-07-14 20:17:34 --> Cannot use object of type stdClass as array
in APPPATH\Controllers\AdmPost.php on line 19.
 1 SYSTEMPATH\CodeIgniter.php(934): App\Controllers\AdmPost->lista_corte()
 2 SYSTEMPATH\CodeIgniter.php(499): CodeIgniter\CodeIgniter->runController(Object(App\Controllers\AdmPost))
 3 SYSTEMPATH\CodeIgniter.php(368): CodeIgniter\CodeIgniter->handleRequest(null, Object(Config\Cache), false)
 4 FCPATH\index.php(67): CodeIgniter\CodeIgniter->run()
CRITICAL - 2023-07-14 20:17:35 --> Cannot use object of type stdClass as array
in APPPATH\Controllers\AdmPost.php on line 19.
 1 SYSTEMPATH\CodeIgniter.php(934): App\Controllers\AdmPost->lista_corte()
 2 SYSTEMPATH\CodeIgniter.php(499): CodeIgniter\CodeIgniter->runController(Object(App\Controllers\AdmPost))
 3 SYSTEMPATH\CodeIgniter.php(368): CodeIgniter\CodeIgniter->handleRequest(null, Object(Config\Cache), false)
 4 FCPATH\index.php(67): CodeIgniter\CodeIgniter->run()
CRITICAL - 2023-07-14 20:17:36 --> Cannot use object of type stdClass as array
in APPPATH\Controllers\AdmPost.php on line 19.
 1 SYSTEMPATH\CodeIgniter.php(934): App\Controllers\AdmPost->lista_corte()
 2 SYSTEMPATH\CodeIgniter.php(499): CodeIgniter\CodeIgniter->runController(Object(App\Controllers\AdmPost))
 3 SYSTEMPATH\CodeIgniter.php(368): CodeIgniter\CodeIgniter->handleRequest(null, Object(Config\Cache), false)
 4 FCPATH\index.php(67): CodeIgniter\CodeIgniter->run()
CRITICAL - 2023-07-14 20:17:37 --> Cannot use object of type stdClass as array
in APPPATH\Controllers\AdmPost.php on line 19.
 1 SYSTEMPATH\CodeIgniter.php(934): App\Controllers\AdmPost->lista_corte()
 2 SYSTEMPATH\CodeIgniter.php(499): CodeIgniter\CodeIgniter->runController(Object(App\Controllers\AdmPost))
 3 SYSTEMPATH\CodeIgniter.php(368): CodeIgniter\CodeIgniter->handleRequest(null, Object(Config\Cache), false)
 4 FCPATH\index.php(67): CodeIgniter\CodeIgniter->run()
CRITICAL - 2023-07-14 20:17:38 --> Cannot use object of type stdClass as array
in APPPATH\Controllers\AdmPost.php on line 19.
 1 SYSTEMPATH\CodeIgniter.php(934): App\Controllers\AdmPost->lista_corte()
 2 SYSTEMPATH\CodeIgniter.php(499): CodeIgniter\CodeIgniter->runController(Object(App\Controllers\AdmPost))
 3 SYSTEMPATH\CodeIgniter.php(368): CodeIgniter\CodeIgniter->handleRequest(null, Object(Config\Cache), false)
 4 FCPATH\index.php(67): CodeIgniter\CodeIgniter->run()
CRITICAL - 2023-07-14 20:17:39 --> Cannot use object of type stdClass as array
in APPPATH\Controllers\AdmPost.php on line 19.
 1 SYSTEMPATH\CodeIgniter.php(934): App\Controllers\AdmPost->lista_corte()
 2 SYSTEMPATH\CodeIgniter.php(499): CodeIgniter\CodeIgniter->runController(Object(App\Controllers\AdmPost))
 3 SYSTEMPATH\CodeIgniter.php(368): CodeIgniter\CodeIgniter->handleRequest(null, Object(Config\Cache), false)
 4 FCPATH\index.php(67): CodeIgniter\CodeIgniter->run()
CRITICAL - 2023-07-14 20:17:40 --> Cannot use object of type stdClass as array
in APPPATH\Controllers\AdmPost.php on line 19.
 1 SYSTEMPATH\CodeIgniter.php(934): App\Controllers\AdmPost->lista_corte()
 2 SYSTEMPATH\CodeIgniter.php(499): CodeIgniter\CodeIgniter->runController(Object(App\Controllers\AdmPost))
 3 SYSTEMPATH\CodeIgniter.php(368): CodeIgniter\CodeIgniter->handleRequest(null, Object(Config\Cache), false)
 4 FCPATH\index.php(67): CodeIgniter\CodeIgniter->run()
CRITICAL - 2023-07-14 20:17:41 --> Cannot use object of type stdClass as array
in APPPATH\Controllers\AdmPost.php on line 19.
 1 SYSTEMPATH\CodeIgniter.php(934): App\Controllers\AdmPost->lista_corte()
 2 SYSTEMPATH\CodeIgniter.php(499): CodeIgniter\CodeIgniter->runController(Object(App\Controllers\AdmPost))
 3 SYSTEMPATH\CodeIgniter.php(368): CodeIgniter\CodeIgniter->handleRequest(null, Object(Config\Cache), false)
 4 FCPATH\index.php(67): CodeIgniter\CodeIgniter->run()
CRITICAL - 2023-07-14 20:17:42 --> Cannot use object of type stdClass as array
in APPPATH\Controllers\AdmPost.php on line 19.
 1 SYSTEMPATH\CodeIgniter.php(934): App\Controllers\AdmPost->lista_corte()
 2 SYSTEMPATH\CodeIgniter.php(499): CodeIgniter\CodeIgniter->runController(Object(App\Controllers\AdmPost))
 3 SYSTEMPATH\CodeIgniter.php(368): CodeIgniter\CodeIgniter->handleRequest(null, Object(Config\Cache), false)
 4 FCPATH\index.php(67): CodeIgniter\CodeIgniter->run()
CRITICAL - 2023-07-14 20:17:43 --> Cannot use object of type stdClass as array
in APPPATH\Controllers\AdmPost.php on line 19.
 1 SYSTEMPATH\CodeIgniter.php(934): App\Controllers\AdmPost->lista_corte()
 2 SYSTEMPATH\CodeIgniter.php(499): CodeIgniter\CodeIgniter->runController(Object(App\Controllers\AdmPost))
 3 SYSTEMPATH\CodeIgniter.php(368): CodeIgniter\CodeIgniter->handleRequest(null, Object(Config\Cache), false)
 4 FCPATH\index.php(67): CodeIgniter\CodeIgniter->run()
CRITICAL - 2023-07-14 20:17:44 --> Cannot use object of type stdClass as array
in APPPATH\Controllers\AdmPost.php on line 19.
 1 SYSTEMPATH\CodeIgniter.php(934): App\Controllers\AdmPost->lista_corte()
 2 SYSTEMPATH\CodeIgniter.php(499): CodeIgniter\CodeIgniter->runController(Object(App\Controllers\AdmPost))
 3 SYSTEMPATH\CodeIgniter.php(368): CodeIgniter\CodeIgniter->handleRequest(null, Object(Config\Cache), false)
 4 FCPATH\index.php(67): CodeIgniter\CodeIgniter->run()
CRITICAL - 2023-07-14 20:17:45 --> Cannot use object of type stdClass as array
in APPPATH\Controllers\AdmPost.php on line 19.
 1 SYSTEMPATH\CodeIgniter.php(934): App\Controllers\AdmPost->lista_corte()
 2 SYSTEMPATH\CodeIgniter.php(499): CodeIgniter\CodeIgniter->runController(Object(App\Controllers\AdmPost))
 3 SYSTEMPATH\CodeIgniter.php(368): CodeIgniter\CodeIgniter->handleRequest(null, Object(Config\Cache), false)
 4 FCPATH\index.php(67): CodeIgniter\CodeIgniter->run()
CRITICAL - 2023-07-14 20:17:46 --> Cannot use object of type stdClass as array
in APPPATH\Controllers\AdmPost.php on line 19.
 1 SYSTEMPATH\CodeIgniter.php(934): App\Controllers\AdmPost->lista_corte()
 2 SYSTEMPATH\CodeIgniter.php(499): CodeIgniter\CodeIgniter->runController(Object(App\Controllers\AdmPost))
 3 SYSTEMPATH\CodeIgniter.php(368): CodeIgniter\CodeIgniter->handleRequest(null, Object(Config\Cache), false)
 4 FCPATH\index.php(67): CodeIgniter\CodeIgniter->run()
CRITICAL - 2023-07-14 20:17:47 --> Cannot use object of type stdClass as array
in APPPATH\Controllers\AdmPost.php on line 19.
 1 SYSTEMPATH\CodeIgniter.php(934): App\Controllers\AdmPost->lista_corte()
 2 SYSTEMPATH\CodeIgniter.php(499): CodeIgniter\CodeIgniter->runController(Object(App\Controllers\AdmPost))
 3 SYSTEMPATH\CodeIgniter.php(368): CodeIgniter\CodeIgniter->handleRequest(null, Object(Config\Cache), false)
 4 FCPATH\index.php(67): CodeIgniter\CodeIgniter->run()
CRITICAL - 2023-07-14 20:17:48 --> Cannot use object of type stdClass as array
in APPPATH\Controllers\AdmPost.php on line 19.
 1 SYSTEMPATH\CodeIgniter.php(934): App\Controllers\AdmPost->lista_corte()
 2 SYSTEMPATH\CodeIgniter.php(499): CodeIgniter\CodeIgniter->runController(Object(App\Controllers\AdmPost))
 3 SYSTEMPATH\CodeIgniter.php(368): CodeIgniter\CodeIgniter->handleRequest(null, Object(Config\Cache), false)
 4 FCPATH\index.php(67): CodeIgniter\CodeIgniter->run()
CRITICAL - 2023-07-14 20:17:49 --> Cannot use object of type stdClass as array
in APPPATH\Controllers\AdmPost.php on line 19.
 1 SYSTEMPATH\CodeIgniter.php(934): App\Controllers\AdmPost->lista_corte()
 2 SYSTEMPATH\CodeIgniter.php(499): CodeIgniter\CodeIgniter->runController(Object(App\Controllers\AdmPost))
 3 SYSTEMPATH\CodeIgniter.php(368): CodeIgniter\CodeIgniter->handleRequest(null, Object(Config\Cache), false)
 4 FCPATH\index.php(67): CodeIgniter\CodeIgniter->run()
CRITICAL - 2023-07-14 20:17:50 --> Cannot use object of type stdClass as array
in APPPATH\Controllers\AdmPost.php on line 19.
 1 SYSTEMPATH\CodeIgniter.php(934): App\Controllers\AdmPost->lista_corte()
 2 SYSTEMPATH\CodeIgniter.php(499): CodeIgniter\CodeIgniter->runController(Object(App\Controllers\AdmPost))
 3 SYSTEMPATH\CodeIgniter.php(368): CodeIgniter\CodeIgniter->handleRequest(null, Object(Config\Cache), false)
 4 FCPATH\index.php(67): CodeIgniter\CodeIgniter->run()
CRITICAL - 2023-07-14 20:17:51 --> Cannot use object of type stdClass as array
in APPPATH\Controllers\AdmPost.php on line 19.
 1 SYSTEMPATH\CodeIgniter.php(934): App\Controllers\AdmPost->lista_corte()
 2 SYSTEMPATH\CodeIgniter.php(499): CodeIgniter\CodeIgniter->runController(Object(App\Controllers\AdmPost))
 3 SYSTEMPATH\CodeIgniter.php(368): CodeIgniter\CodeIgniter->handleRequest(null, Object(Config\Cache), false)
 4 FCPATH\index.php(67): CodeIgniter\CodeIgniter->run()
CRITICAL - 2023-07-14 20:17:52 --> Cannot use object of type stdClass as array
in APPPATH\Controllers\AdmPost.php on line 19.
 1 SYSTEMPATH\CodeIgniter.php(934): App\Controllers\AdmPost->lista_corte()
 2 SYSTEMPATH\CodeIgniter.php(499): CodeIgniter\CodeIgniter->runController(Object(App\Controllers\AdmPost))
 3 SYSTEMPATH\CodeIgniter.php(368): CodeIgniter\CodeIgniter->handleRequest(null, Object(Config\Cache), false)
 4 FCPATH\index.php(67): CodeIgniter\CodeIgniter->run()
CRITICAL - 2023-07-14 20:17:53 --> Cannot use object of type stdClass as array
in APPPATH\Controllers\AdmPost.php on line 19.
 1 SYSTEMPATH\CodeIgniter.php(934): App\Controllers\AdmPost->lista_corte()
 2 SYSTEMPATH\CodeIgniter.php(499): CodeIgniter\CodeIgniter->runController(Object(App\Controllers\AdmPost))
 3 SYSTEMPATH\CodeIgniter.php(368): CodeIgniter\CodeIgniter->handleRequest(null, Object(Config\Cache), false)
 4 FCPATH\index.php(67): CodeIgniter\CodeIgniter->run()
CRITICAL - 2023-07-14 20:17:54 --> Cannot use object of type stdClass as array
in APPPATH\Controllers\AdmPost.php on line 19.
 1 SYSTEMPATH\CodeIgniter.php(934): App\Controllers\AdmPost->lista_corte()
 2 SYSTEMPATH\CodeIgniter.php(499): CodeIgniter\CodeIgniter->runController(Object(App\Controllers\AdmPost))
 3 SYSTEMPATH\CodeIgniter.php(368): CodeIgniter\CodeIgniter->handleRequest(null, Object(Config\Cache), false)
 4 FCPATH\index.php(67): CodeIgniter\CodeIgniter->run()
CRITICAL - 2023-07-14 20:17:55 --> Cannot use object of type stdClass as array
in APPPATH\Controllers\AdmPost.php on line 19.
 1 SYSTEMPATH\CodeIgniter.php(934): App\Controllers\AdmPost->lista_corte()
 2 SYSTEMPATH\CodeIgniter.php(499): CodeIgniter\CodeIgniter->runController(Object(App\Controllers\AdmPost))
 3 SYSTEMPATH\CodeIgniter.php(368): CodeIgniter\CodeIgniter->handleRequest(null, Object(Config\Cache), false)
 4 FCPATH\index.php(67): CodeIgniter\CodeIgniter->run()
CRITICAL - 2023-07-14 20:17:56 --> Cannot use object of type stdClass as array
in APPPATH\Controllers\AdmPost.php on line 19.
 1 SYSTEMPATH\CodeIgniter.php(934): App\Controllers\AdmPost->lista_corte()
 2 SYSTEMPATH\CodeIgniter.php(499): CodeIgniter\CodeIgniter->runController(Object(App\Controllers\AdmPost))
 3 SYSTEMPATH\CodeIgniter.php(368): CodeIgniter\CodeIgniter->handleRequest(null, Object(Config\Cache), false)
 4 FCPATH\index.php(67): CodeIgniter\CodeIgniter->run()
CRITICAL - 2023-07-14 20:24:26 --> syntax error, unexpected token ")"
in APPPATH\Controllers\AdmPost.php on line 17.
 1 SYSTEMPATH\Autoloader\Autoloader.php(289): CodeIgniter\Autoloader\Autoloader->includeFile('C:\\xampp\\htdocs\\codi\\app\\Controllers\\AdmPost.php')
 2 SYSTEMPATH\Autoloader\Autoloader.php(267): CodeIgniter\Autoloader\Autoloader->loadInNamespace('App\\Controllers\\AdmPost')
 3 [internal function]: CodeIgniter\Autoloader\Autoloader->loadClass('App\\Controllers\\AdmPost')
 4 SYSTEMPATH\CodeIgniter.php(892): class_exists('\\App\\Controllers\\AdmPost', true)
 5 SYSTEMPATH\CodeIgniter.php(486): CodeIgniter\CodeIgniter->startController()
 6 SYSTEMPATH\CodeIgniter.php(368): CodeIgniter\CodeIgniter->handleRequest(null, Object(Config\Cache), false)
 7 FCPATH\index.php(67): CodeIgniter\CodeIgniter->run()
CRITICAL - 2023-07-14 20:24:27 --> syntax error, unexpected token ")"
in APPPATH\Controllers\AdmPost.php on line 17.
 1 SYSTEMPATH\Autoloader\Autoloader.php(289): CodeIgniter\Autoloader\Autoloader->includeFile('C:\\xampp\\htdocs\\codi\\app\\Controllers\\AdmPost.php')
 2 SYSTEMPATH\Autoloader\Autoloader.php(267): CodeIgniter\Autoloader\Autoloader->loadInNamespace('App\\Controllers\\AdmPost')
 3 [internal function]: CodeIgniter\Autoloader\Autoloader->loadClass('App\\Controllers\\AdmPost')
 4 SYSTEMPATH\CodeIgniter.php(892): class_exists('\\App\\Controllers\\AdmPost', true)
 5 SYSTEMPATH\CodeIgniter.php(486): CodeIgniter\CodeIgniter->startController()
 6 SYSTEMPATH\CodeIgniter.php(368): CodeIgniter\CodeIgniter->handleRequest(null, Object(Config\Cache), false)
 7 FCPATH\index.php(67): CodeIgniter\CodeIgniter->run()
CRITICAL - 2023-07-14 20:24:28 --> syntax error, unexpected token ")"
in APPPATH\Controllers\AdmPost.php on line 17.
 1 SYSTEMPATH\Autoloader\Autoloader.php(289): CodeIgniter\Autoloader\Autoloader->includeFile('C:\\xampp\\htdocs\\codi\\app\\Controllers\\AdmPost.php')
 2 SYSTEMPATH\Autoloader\Autoloader.php(267): CodeIgniter\Autoloader\Autoloader->loadInNamespace('App\\Controllers\\AdmPost')
 3 [internal function]: CodeIgniter\Autoloader\Autoloader->loadClass('App\\Controllers\\AdmPost')
 4 SYSTEMPATH\CodeIgniter.php(892): class_exists('\\App\\Controllers\\AdmPost', true)
 5 SYSTEMPATH\CodeIgniter.php(486): CodeIgniter\CodeIgniter->startController()
 6 SYSTEMPATH\CodeIgniter.php(368): CodeIgniter\CodeIgniter->handleRequest(null, Object(Config\Cache), false)
 7 FCPATH\index.php(67): CodeIgniter\CodeIgniter->run()
CRITICAL - 2023-07-14 20:24:29 --> syntax error, unexpected token ")"
in APPPATH\Controllers\AdmPost.php on line 17.
 1 SYSTEMPATH\Autoloader\Autoloader.php(289): CodeIgniter\Autoloader\Autoloader->includeFile('C:\\xampp\\htdocs\\codi\\app\\Controllers\\AdmPost.php')
 2 SYSTEMPATH\Autoloader\Autoloader.php(267): CodeIgniter\Autoloader\Autoloader->loadInNamespace('App\\Controllers\\AdmPost')
 3 [internal function]: CodeIgniter\Autoloader\Autoloader->loadClass('App\\Controllers\\AdmPost')
 4 SYSTEMPATH\CodeIgniter.php(892): class_exists('\\App\\Controllers\\AdmPost', true)
 5 SYSTEMPATH\CodeIgniter.php(486): CodeIgniter\CodeIgniter->startController()
 6 SYSTEMPATH\CodeIgniter.php(368): CodeIgniter\CodeIgniter->handleRequest(null, Object(Config\Cache), false)
 7 FCPATH\index.php(67): CodeIgniter\CodeIgniter->run()
CRITICAL - 2023-07-14 20:24:30 --> syntax error, unexpected token ")"
in APPPATH\Controllers\AdmPost.php on line 17.
 1 SYSTEMPATH\Autoloader\Autoloader.php(289): CodeIgniter\Autoloader\Autoloader->includeFile('C:\\xampp\\htdocs\\codi\\app\\Controllers\\AdmPost.php')
 2 SYSTEMPATH\Autoloader\Autoloader.php(267): CodeIgniter\Autoloader\Autoloader->loadInNamespace('App\\Controllers\\AdmPost')
 3 [internal function]: CodeIgniter\Autoloader\Autoloader->loadClass('App\\Controllers\\AdmPost')
 4 SYSTEMPATH\CodeIgniter.php(892): class_exists('\\App\\Controllers\\AdmPost', true)
 5 SYSTEMPATH\CodeIgniter.php(486): CodeIgniter\CodeIgniter->startController()
 6 SYSTEMPATH\CodeIgniter.php(368): CodeIgniter\CodeIgniter->handleRequest(null, Object(Config\Cache), false)
 7 FCPATH\index.php(67): CodeIgniter\CodeIgniter->run()
CRITICAL - 2023-07-14 20:24:31 --> syntax error, unexpected token ")"
in APPPATH\Controllers\AdmPost.php on line 17.
 1 SYSTEMPATH\Autoloader\Autoloader.php(289): CodeIgniter\Autoloader\Autoloader->includeFile('C:\\xampp\\htdocs\\codi\\app\\Controllers\\AdmPost.php')
 2 SYSTEMPATH\Autoloader\Autoloader.php(267): CodeIgniter\Autoloader\Autoloader->loadInNamespace('App\\Controllers\\AdmPost')
 3 [internal function]: CodeIgniter\Autoloader\Autoloader->loadClass('App\\Controllers\\AdmPost')
 4 SYSTEMPATH\CodeIgniter.php(892): class_exists('\\App\\Controllers\\AdmPost', true)
 5 SYSTEMPATH\CodeIgniter.php(486): CodeIgniter\CodeIgniter->startController()
 6 SYSTEMPATH\CodeIgniter.php(368): CodeIgniter\CodeIgniter->handleRequest(null, Object(Config\Cache), false)
 7 FCPATH\index.php(67): CodeIgniter\CodeIgniter->run()
CRITICAL - 2023-07-14 20:24:32 --> syntax error, unexpected token ")"
in APPPATH\Controllers\AdmPost.php on line 17.
 1 SYSTEMPATH\Autoloader\Autoloader.php(289): CodeIgniter\Autoloader\Autoloader->includeFile('C:\\xampp\\htdocs\\codi\\app\\Controllers\\AdmPost.php')
 2 SYSTEMPATH\Autoloader\Autoloader.php(267): CodeIgniter\Autoloader\Autoloader->loadInNamespace('App\\Controllers\\AdmPost')
 3 [internal function]: CodeIgniter\Autoloader\Autoloader->loadClass('App\\Controllers\\AdmPost')
 4 SYSTEMPATH\CodeIgniter.php(892): class_exists('\\App\\Controllers\\AdmPost', true)
 5 SYSTEMPATH\CodeIgniter.php(486): CodeIgniter\CodeIgniter->startController()
 6 SYSTEMPATH\CodeIgniter.php(368): CodeIgniter\CodeIgniter->handleRequest(null, Object(Config\Cache), false)
 7 FCPATH\index.php(67): CodeIgniter\CodeIgniter->run()
CRITICAL - 2023-07-14 20:24:33 --> syntax error, unexpected token ")"
in APPPATH\Controllers\AdmPost.php on line 17.
 1 SYSTEMPATH\Autoloader\Autoloader.php(289): CodeIgniter\Autoloader\Autoloader->includeFile('C:\\xampp\\htdocs\\codi\\app\\Controllers\\AdmPost.php')
 2 SYSTEMPATH\Autoloader\Autoloader.php(267): CodeIgniter\Autoloader\Autoloader->loadInNamespace('App\\Controllers\\AdmPost')
 3 [internal function]: CodeIgniter\Autoloader\Autoloader->loadClass('App\\Controllers\\AdmPost')
 4 SYSTEMPATH\CodeIgniter.php(892): class_exists('\\App\\Controllers\\AdmPost', true)
 5 SYSTEMPATH\CodeIgniter.php(486): CodeIgniter\CodeIgniter->startController()
 6 SYSTEMPATH\CodeIgniter.php(368): CodeIgniter\CodeIgniter->handleRequest(null, Object(Config\Cache), false)
 7 FCPATH\index.php(67): CodeIgniter\CodeIgniter->run()
CRITICAL - 2023-07-14 20:24:34 --> syntax error, unexpected token ")"
in APPPATH\Controllers\AdmPost.php on line 17.
 1 SYSTEMPATH\Autoloader\Autoloader.php(289): CodeIgniter\Autoloader\Autoloader->includeFile('C:\\xampp\\htdocs\\codi\\app\\Controllers\\AdmPost.php')
 2 SYSTEMPATH\Autoloader\Autoloader.php(267): CodeIgniter\Autoloader\Autoloader->loadInNamespace('App\\Controllers\\AdmPost')
 3 [internal function]: CodeIgniter\Autoloader\Autoloader->loadClass('App\\Controllers\\AdmPost')
 4 SYSTEMPATH\CodeIgniter.php(892): class_exists('\\App\\Controllers\\AdmPost', true)
 5 SYSTEMPATH\CodeIgniter.php(486): CodeIgniter\CodeIgniter->startController()
 6 SYSTEMPATH\CodeIgniter.php(368): CodeIgniter\CodeIgniter->handleRequest(null, Object(Config\Cache), false)
 7 FCPATH\index.php(67): CodeIgniter\CodeIgniter->run()
CRITICAL - 2023-07-14 20:24:35 --> syntax error, unexpected token ")"
in APPPATH\Controllers\AdmPost.php on line 17.
 1 SYSTEMPATH\Autoloader\Autoloader.php(289): CodeIgniter\Autoloader\Autoloader->includeFile('C:\\xampp\\htdocs\\codi\\app\\Controllers\\AdmPost.php')
 2 SYSTEMPATH\Autoloader\Autoloader.php(267): CodeIgniter\Autoloader\Autoloader->loadInNamespace('App\\Controllers\\AdmPost')
 3 [internal function]: CodeIgniter\Autoloader\Autoloader->loadClass('App\\Controllers\\AdmPost')
 4 SYSTEMPATH\CodeIgniter.php(892): class_exists('\\App\\Controllers\\AdmPost', true)
 5 SYSTEMPATH\CodeIgniter.php(486): CodeIgniter\CodeIgniter->startController()
 6 SYSTEMPATH\CodeIgniter.php(368): CodeIgniter\CodeIgniter->handleRequest(null, Object(Config\Cache), false)
 7 FCPATH\index.php(67): CodeIgniter\CodeIgniter->run()
CRITICAL - 2023-07-14 20:24:36 --> syntax error, unexpected token "=="
in APPPATH\Controllers\AdmPost.php on line 17.
 1 SYSTEMPATH\Autoloader\Autoloader.php(289): CodeIgniter\Autoloader\Autoloader->includeFile('C:\\xampp\\htdocs\\codi\\app\\Controllers\\AdmPost.php')
 2 SYSTEMPATH\Autoloader\Autoloader.php(267): CodeIgniter\Autoloader\Autoloader->loadInNamespace('App\\Controllers\\AdmPost')
 3 [internal function]: CodeIgniter\Autoloader\Autoloader->loadClass('App\\Controllers\\AdmPost')
 4 SYSTEMPATH\CodeIgniter.php(892): class_exists('\\App\\Controllers\\AdmPost', true)
 5 SYSTEMPATH\CodeIgniter.php(486): CodeIgniter\CodeIgniter->startController()
 6 SYSTEMPATH\CodeIgniter.php(368): CodeIgniter\CodeIgniter->handleRequest(null, Object(Config\Cache), false)
 7 FCPATH\index.php(67): CodeIgniter\CodeIgniter->run()
CRITICAL - 2023-07-14 20:24:37 --> syntax error, unexpected token "=="
in APPPATH\Controllers\AdmPost.php on line 17.
 1 SYSTEMPATH\Autoloader\Autoloader.php(289): CodeIgniter\Autoloader\Autoloader->includeFile('C:\\xampp\\htdocs\\codi\\app\\Controllers\\AdmPost.php')
 2 SYSTEMPATH\Autoloader\Autoloader.php(267): CodeIgniter\Autoloader\Autoloader->loadInNamespace('App\\Controllers\\AdmPost')
 3 [internal function]: CodeIgniter\Autoloader\Autoloader->loadClass('App\\Controllers\\AdmPost')
 4 SYSTEMPATH\CodeIgniter.php(892): class_exists('\\App\\Controllers\\AdmPost', true)
 5 SYSTEMPATH\CodeIgniter.php(486): CodeIgniter\CodeIgniter->startController()
 6 SYSTEMPATH\CodeIgniter.php(368): CodeIgniter\CodeIgniter->handleRequest(null, Object(Config\Cache), false)
 7 FCPATH\index.php(67): CodeIgniter\CodeIgniter->run()
CRITICAL - 2023-07-14 20:24:38 --> syntax error, unexpected token "=="
in APPPATH\Controllers\AdmPost.php on line 17.
 1 SYSTEMPATH\Autoloader\Autoloader.php(289): CodeIgniter\Autoloader\Autoloader->includeFile('C:\\xampp\\htdocs\\codi\\app\\Controllers\\AdmPost.php')
 2 SYSTEMPATH\Autoloader\Autoloader.php(267): CodeIgniter\Autoloader\Autoloader->loadInNamespace('App\\Controllers\\AdmPost')
 3 [internal function]: CodeIgniter\Autoloader\Autoloader->loadClass('App\\Controllers\\AdmPost')
 4 SYSTEMPATH\CodeIgniter.php(892): class_exists('\\App\\Controllers\\AdmPost', true)
 5 SYSTEMPATH\CodeIgniter.php(486): CodeIgniter\CodeIgniter->startController()
 6 SYSTEMPATH\CodeIgniter.php(368): CodeIgniter\CodeIgniter->handleRequest(null, Object(Config\Cache), false)
 7 FCPATH\index.php(67): CodeIgniter\CodeIgniter->run()
CRITICAL - 2023-07-14 20:24:39 --> syntax error, unexpected token "=="
in APPPATH\Controllers\AdmPost.php on line 17.
 1 SYSTEMPATH\Autoloader\Autoloader.php(289): CodeIgniter\Autoloader\Autoloader->includeFile('C:\\xampp\\htdocs\\codi\\app\\Controllers\\AdmPost.php')
 2 SYSTEMPATH\Autoloader\Autoloader.php(267): CodeIgniter\Autoloader\Autoloader->loadInNamespace('App\\Controllers\\AdmPost')
 3 [internal function]: CodeIgniter\Autoloader\Autoloader->loadClass('App\\Controllers\\AdmPost')
 4 SYSTEMPATH\CodeIgniter.php(892): class_exists('\\App\\Controllers\\AdmPost', true)
 5 SYSTEMPATH\CodeIgniter.php(486): CodeIgniter\CodeIgniter->startController()
 6 SYSTEMPATH\CodeIgniter.php(368): CodeIgniter\CodeIgniter->handleRequest(null, Object(Config\Cache), false)
 7 FCPATH\index.php(67): CodeIgniter\CodeIgniter->run()
CRITICAL - 2023-07-14 20:24:40 --> syntax error, unexpected token "=="
in APPPATH\Controllers\AdmPost.php on line 17.
 1 SYSTEMPATH\Autoloader\Autoloader.php(289): CodeIgniter\Autoloader\Autoloader->includeFile('C:\\xampp\\htdocs\\codi\\app\\Controllers\\AdmPost.php')
 2 SYSTEMPATH\Autoloader\Autoloader.php(267): CodeIgniter\Autoloader\Autoloader->loadInNamespace('App\\Controllers\\AdmPost')
 3 [internal function]: CodeIgniter\Autoloader\Autoloader->loadClass('App\\Controllers\\AdmPost')
 4 SYSTEMPATH\CodeIgniter.php(892): class_exists('\\App\\Controllers\\AdmPost', true)
 5 SYSTEMPATH\CodeIgniter.php(486): CodeIgniter\CodeIgniter->startController()
 6 SYSTEMPATH\CodeIgniter.php(368): CodeIgniter\CodeIgniter->handleRequest(null, Object(Config\Cache), false)
 7 FCPATH\index.php(67): CodeIgniter\CodeIgniter->run()
CRITICAL - 2023-07-14 21:13:03 --> syntax error, unexpected identifier "finalidade"
in APPPATH\Controllers\AdmPost.php on line 18.
 1 SYSTEMPATH\Autoloader\Autoloader.php(289): CodeIgniter\Autoloader\Autoloader->includeFile('C:\\xampp\\htdocs\\codi\\app\\Controllers\\AdmPost.php')
 2 SYSTEMPATH\Autoloader\Autoloader.php(267): CodeIgniter\Autoloader\Autoloader->loadInNamespace('App\\Controllers\\AdmPost')
 3 [internal function]: CodeIgniter\Autoloader\Autoloader->loadClass('App\\Controllers\\AdmPost')
 4 SYSTEMPATH\CodeIgniter.php(892): class_exists('\\App\\Controllers\\AdmPost', true)
 5 SYSTEMPATH\CodeIgniter.php(486): CodeIgniter\CodeIgniter->startController()
 6 SYSTEMPATH\CodeIgniter.php(368): CodeIgniter\CodeIgniter->handleRequest(null, Object(Config\Cache), false)
 7 FCPATH\index.php(67): CodeIgniter\CodeIgniter->run()
CRITICAL - 2023-07-14 21:13:04 --> syntax error, unexpected identifier "finalidade"
in APPPATH\Controllers\AdmPost.php on line 18.
 1 SYSTEMPATH\Autoloader\Autoloader.php(289): CodeIgniter\Autoloader\Autoloader->includeFile('C:\\xampp\\htdocs\\codi\\app\\Controllers\\AdmPost.php')
 2 SYSTEMPATH\Autoloader\Autoloader.php(267): CodeIgniter\Autoloader\Autoloader->loadInNamespace('App\\Controllers\\AdmPost')
 3 [internal function]: CodeIgniter\Autoloader\Autoloader->loadClass('App\\Controllers\\AdmPost')
 4 SYSTEMPATH\CodeIgniter.php(892): class_exists('\\App\\Controllers\\AdmPost', true)
 5 SYSTEMPATH\CodeIgniter.php(486): CodeIgniter\CodeIgniter->startController()
 6 SYSTEMPATH\CodeIgniter.php(368): CodeIgniter\CodeIgniter->handleRequest(null, Object(Config\Cache), false)
 7 FCPATH\index.php(67): CodeIgniter\CodeIgniter->run()
CRITICAL - 2023-07-14 21:13:05 --> syntax error, unexpected identifier "finalidade"
in APPPATH\Controllers\AdmPost.php on line 18.
 1 SYSTEMPATH\Autoloader\Autoloader.php(289): CodeIgniter\Autoloader\Autoloader->includeFile('C:\\xampp\\htdocs\\codi\\app\\Controllers\\AdmPost.php')
 2 SYSTEMPATH\Autoloader\Autoloader.php(267): CodeIgniter\Autoloader\Autoloader->loadInNamespace('App\\Controllers\\AdmPost')
 3 [internal function]: CodeIgniter\Autoloader\Autoloader->loadClass('App\\Controllers\\AdmPost')
 4 SYSTEMPATH\CodeIgniter.php(892): class_exists('\\App\\Controllers\\AdmPost', true)
 5 SYSTEMPATH\CodeIgniter.php(486): CodeIgniter\CodeIgniter->startController()
 6 SYSTEMPATH\CodeIgniter.php(368): CodeIgniter\CodeIgniter->handleRequest(null, Object(Config\Cache), false)
 7 FCPATH\index.php(67): CodeIgniter\CodeIgniter->run()
CRITICAL - 2023-07-14 21:13:06 --> syntax error, unexpected identifier "finalidade"
in APPPATH\Controllers\AdmPost.php on line 18.
 1 SYSTEMPATH\Autoloader\Autoloader.php(289): CodeIgniter\Autoloader\Autoloader->includeFile('C:\\xampp\\htdocs\\codi\\app\\Controllers\\AdmPost.php')
 2 SYSTEMPATH\Autoloader\Autoloader.php(267): CodeIgniter\Autoloader\Autoloader->loadInNamespace('App\\Controllers\\AdmPost')
 3 [internal function]: CodeIgniter\Autoloader\Autoloader->loadClass('App\\Controllers\\AdmPost')
 4 SYSTEMPATH\CodeIgniter.php(892): class_exists('\\App\\Controllers\\AdmPost', true)
 5 SYSTEMPATH\CodeIgniter.php(486): CodeIgniter\CodeIgniter->startController()
 6 SYSTEMPATH\CodeIgniter.php(368): CodeIgniter\CodeIgniter->handleRequest(null, Object(Config\Cache), false)
 7 FCPATH\index.php(67): CodeIgniter\CodeIgniter->run()
CRITICAL - 2023-07-14 21:13:07 --> syntax error, unexpected identifier "finalidade"
in APPPATH\Controllers\AdmPost.php on line 18.
 1 SYSTEMPATH\Autoloader\Autoloader.php(289): CodeIgniter\Autoloader\Autoloader->includeFile('C:\\xampp\\htdocs\\codi\\app\\Controllers\\AdmPost.php')
 2 SYSTEMPATH\Autoloader\Autoloader.php(267): CodeIgniter\Autoloader\Autoloader->loadInNamespace('App\\Controllers\\AdmPost')
 3 [internal function]: CodeIgniter\Autoloader\Autoloader->loadClass('App\\Controllers\\AdmPost')
 4 SYSTEMPATH\CodeIgniter.php(892): class_exists('\\App\\Controllers\\AdmPost', true)
 5 SYSTEMPATH\CodeIgniter.php(486): CodeIgniter\CodeIgniter->startController()
 6 SYSTEMPATH\CodeIgniter.php(368): CodeIgniter\CodeIgniter->handleRequest(null, Object(Config\Cache), false)
 7 FCPATH\index.php(67): CodeIgniter\CodeIgniter->run()
CRITICAL - 2023-07-14 21:13:08 --> syntax error, unexpected identifier "finalidade"
in APPPATH\Controllers\AdmPost.php on line 18.
 1 SYSTEMPATH\Autoloader\Autoloader.php(289): CodeIgniter\Autoloader\Autoloader->includeFile('C:\\xampp\\htdocs\\codi\\app\\Controllers\\AdmPost.php')
 2 SYSTEMPATH\Autoloader\Autoloader.php(267): CodeIgniter\Autoloader\Autoloader->loadInNamespace('App\\Controllers\\AdmPost')
 3 [internal function]: CodeIgniter\Autoloader\Autoloader->loadClass('App\\Controllers\\AdmPost')
 4 SYSTEMPATH\CodeIgniter.php(892): class_exists('\\App\\Controllers\\AdmPost', true)
 5 SYSTEMPATH\CodeIgniter.php(486): CodeIgniter\CodeIgniter->startController()
 6 SYSTEMPATH\CodeIgniter.php(368): CodeIgniter\CodeIgniter->handleRequest(null, Object(Config\Cache), false)
 7 FCPATH\index.php(67): CodeIgniter\CodeIgniter->run()
CRITICAL - 2023-07-14 21:13:09 --> syntax error, unexpected identifier "finalidade"
in APPPATH\Controllers\AdmPost.php on line 18.
 1 SYSTEMPATH\Autoloader\Autoloader.php(289): CodeIgniter\Autoloader\Autoloader->includeFile('C:\\xampp\\htdocs\\codi\\app\\Controllers\\AdmPost.php')
 2 SYSTEMPATH\Autoloader\Autoloader.php(267): CodeIgniter\Autoloader\Autoloader->loadInNamespace('App\\Controllers\\AdmPost')
 3 [internal function]: CodeIgniter\Autoloader\Autoloader->loadClass('App\\Controllers\\AdmPost')
 4 SYSTEMPATH\CodeIgniter.php(892): class_exists('\\App\\Controllers\\AdmPost', true)
 5 SYSTEMPATH\CodeIgniter.php(486): CodeIgniter\CodeIgniter->startController()
 6 SYSTEMPATH\CodeIgniter.php(368): CodeIgniter\CodeIgniter->handleRequest(null, Object(Config\Cache), false)
 7 FCPATH\index.php(67): CodeIgniter\CodeIgniter->run()
CRITICAL - 2023-07-14 21:13:10 --> syntax error, unexpected identifier "finalidade"
in APPPATH\Controllers\AdmPost.php on line 18.
 1 SYSTEMPATH\Autoloader\Autoloader.php(289): CodeIgniter\Autoloader\Autoloader->includeFile('C:\\xampp\\htdocs\\codi\\app\\Controllers\\AdmPost.php')
 2 SYSTEMPATH\Autoloader\Autoloader.php(267): CodeIgniter\Autoloader\Autoloader->loadInNamespace('App\\Controllers\\AdmPost')
 3 [internal function]: CodeIgniter\Autoloader\Autoloader->loadClass('App\\Controllers\\AdmPost')
 4 SYSTEMPATH\CodeIgniter.php(892): class_exists('\\App\\Controllers\\AdmPost', true)
 5 SYSTEMPATH\CodeIgniter.php(486): CodeIgniter\CodeIgniter->startController()
 6 SYSTEMPATH\CodeIgniter.php(368): CodeIgniter\CodeIgniter->handleRequest(null, Object(Config\Cache), false)
 7 FCPATH\index.php(67): CodeIgniter\CodeIgniter->run()
CRITICAL - 2023-07-14 21:13:11 --> syntax error, unexpected identifier "finalidade"
in APPPATH\Controllers\AdmPost.php on line 18.
 1 SYSTEMPATH\Autoloader\Autoloader.php(289): CodeIgniter\Autoloader\Autoloader->includeFile('C:\\xampp\\htdocs\\codi\\app\\Controllers\\AdmPost.php')
 2 SYSTEMPATH\Autoloader\Autoloader.php(267): CodeIgniter\Autoloader\Autoloader->loadInNamespace('App\\Controllers\\AdmPost')
 3 [internal function]: CodeIgniter\Autoloader\Autoloader->loadClass('App\\Controllers\\AdmPost')
 4 SYSTEMPATH\CodeIgniter.php(892): class_exists('\\App\\Controllers\\AdmPost', true)
 5 SYSTEMPATH\CodeIgniter.php(486): CodeIgniter\CodeIgniter->startController()
 6 SYSTEMPATH\CodeIgniter.php(368): CodeIgniter\CodeIgniter->handleRequest(null, Object(Config\Cache), false)
 7 FCPATH\index.php(67): CodeIgniter\CodeIgniter->run()
CRITICAL - 2023-07-14 21:13:12 --> syntax error, unexpected identifier "finalidade"
in APPPATH\Controllers\AdmPost.php on line 19.
 1 SYSTEMPATH\Autoloader\Autoloader.php(289): CodeIgniter\Autoloader\Autoloader->includeFile('C:\\xampp\\htdocs\\codi\\app\\Controllers\\AdmPost.php')
 2 SYSTEMPATH\Autoloader\Autoloader.php(267): CodeIgniter\Autoloader\Autoloader->loadInNamespace('App\\Controllers\\AdmPost')
 3 [internal function]: CodeIgniter\Autoloader\Autoloader->loadClass('App\\Controllers\\AdmPost')
 4 SYSTEMPATH\CodeIgniter.php(892): class_exists('\\App\\Controllers\\AdmPost', true)
 5 SYSTEMPATH\CodeIgniter.php(486): CodeIgniter\CodeIgniter->startController()
 6 SYSTEMPATH\CodeIgniter.php(368): CodeIgniter\CodeIgniter->handleRequest(null, Object(Config\Cache), false)
 7 FCPATH\index.php(67): CodeIgniter\CodeIgniter->run()
CRITICAL - 2023-07-14 21:13:13 --> syntax error, unexpected identifier "finalidade"
in APPPATH\Controllers\AdmPost.php on line 19.
 1 SYSTEMPATH\Autoloader\Autoloader.php(289): CodeIgniter\Autoloader\Autoloader->includeFile('C:\\xampp\\htdocs\\codi\\app\\Controllers\\AdmPost.php')
 2 SYSTEMPATH\Autoloader\Autoloader.php(267): CodeIgniter\Autoloader\Autoloader->loadInNamespace('App\\Controllers\\AdmPost')
 3 [internal function]: CodeIgniter\Autoloader\Autoloader->loadClass('App\\Controllers\\AdmPost')
 4 SYSTEMPATH\CodeIgniter.php(892): class_exists('\\App\\Controllers\\AdmPost', true)
 5 SYSTEMPATH\CodeIgniter.php(486): CodeIgniter\CodeIgniter->startController()
 6 SYSTEMPATH\CodeIgniter.php(368): CodeIgniter\CodeIgniter->handleRequest(null, Object(Config\Cache), false)
 7 FCPATH\index.php(67): CodeIgniter\CodeIgniter->run()
CRITICAL - 2023-07-14 21:13:22 --> syntax error, unexpected identifier "finalidade"
in APPPATH\Controllers\AdmPost.php on line 19.
 1 SYSTEMPATH\Autoloader\Autoloader.php(289): CodeIgniter\Autoloader\Autoloader->includeFile('C:\\xampp\\htdocs\\codi\\app\\Controllers\\AdmPost.php')
 2 SYSTEMPATH\Autoloader\Autoloader.php(267): CodeIgniter\Autoloader\Autoloader->loadInNamespace('App\\Controllers\\AdmPost')
 3 [internal function]: CodeIgniter\Autoloader\Autoloader->loadClass('App\\Controllers\\AdmPost')
 4 SYSTEMPATH\CodeIgniter.php(892): class_exists('\\App\\Controllers\\AdmPost', true)
 5 SYSTEMPATH\CodeIgniter.php(486): CodeIgniter\CodeIgniter->startController()
 6 SYSTEMPATH\CodeIgniter.php(368): CodeIgniter\CodeIgniter->handleRequest(null, Object(Config\Cache), false)
 7 FCPATH\index.php(67): CodeIgniter\CodeIgniter->run()
CRITICAL - 2023-07-14 21:13:23 --> syntax error, unexpected identifier "finalidade"
in APPPATH\Controllers\AdmPost.php on line 19.
 1 SYSTEMPATH\Autoloader\Autoloader.php(289): CodeIgniter\Autoloader\Autoloader->includeFile('C:\\xampp\\htdocs\\codi\\app\\Controllers\\AdmPost.php')
 2 SYSTEMPATH\Autoloader\Autoloader.php(267): CodeIgniter\Autoloader\Autoloader->loadInNamespace('App\\Controllers\\AdmPost')
 3 [internal function]: CodeIgniter\Autoloader\Autoloader->loadClass('App\\Controllers\\AdmPost')
 4 SYSTEMPATH\CodeIgniter.php(892): class_exists('\\App\\Controllers\\AdmPost', true)
 5 SYSTEMPATH\CodeIgniter.php(486): CodeIgniter\CodeIgniter->startController()
 6 SYSTEMPATH\CodeIgniter.php(368): CodeIgniter\CodeIgniter->handleRequest(null, Object(Config\Cache), false)
 7 FCPATH\index.php(67): CodeIgniter\CodeIgniter->run()
CRITICAL - 2023-07-14 21:13:24 --> syntax error, unexpected identifier "finalidade"
in APPPATH\Controllers\AdmPost.php on line 19.
 1 SYSTEMPATH\Autoloader\Autoloader.php(289): CodeIgniter\Autoloader\Autoloader->includeFile('C:\\xampp\\htdocs\\codi\\app\\Controllers\\AdmPost.php')
 2 SYSTEMPATH\Autoloader\Autoloader.php(267): CodeIgniter\Autoloader\Autoloader->loadInNamespace('App\\Controllers\\AdmPost')
 3 [internal function]: CodeIgniter\Autoloader\Autoloader->loadClass('App\\Controllers\\AdmPost')
 4 SYSTEMPATH\CodeIgniter.php(892): class_exists('\\App\\Controllers\\AdmPost', true)
 5 SYSTEMPATH\CodeIgniter.php(486): CodeIgniter\CodeIgniter->startController()
 6 SYSTEMPATH\CodeIgniter.php(368): CodeIgniter\CodeIgniter->handleRequest(null, Object(Config\Cache), false)
 7 FCPATH\index.php(67): CodeIgniter\CodeIgniter->run()
CRITICAL - 2023-07-14 21:13:25 --> syntax error, unexpected identifier "finalidade"
in APPPATH\Controllers\AdmPost.php on line 19.
 1 SYSTEMPATH\Autoloader\Autoloader.php(289): CodeIgniter\Autoloader\Autoloader->includeFile('C:\\xampp\\htdocs\\codi\\app\\Controllers\\AdmPost.php')
 2 SYSTEMPATH\Autoloader\Autoloader.php(267): CodeIgniter\Autoloader\Autoloader->loadInNamespace('App\\Controllers\\AdmPost')
 3 [internal function]: CodeIgniter\Autoloader\Autoloader->loadClass('App\\Controllers\\AdmPost')
 4 SYSTEMPATH\CodeIgniter.php(892): class_exists('\\App\\Controllers\\AdmPost', true)
 5 SYSTEMPATH\CodeIgniter.php(486): CodeIgniter\CodeIgniter->startController()
 6 SYSTEMPATH\CodeIgniter.php(368): CodeIgniter\CodeIgniter->handleRequest(null, Object(Config\Cache), false)
 7 FCPATH\index.php(67): CodeIgniter\CodeIgniter->run()
CRITICAL - 2023-07-14 21:13:26 --> syntax error, unexpected identifier "finalidade"
in APPPATH\Controllers\AdmPost.php on line 19.
 1 SYSTEMPATH\Autoloader\Autoloader.php(289): CodeIgniter\Autoloader\Autoloader->includeFile('C:\\xampp\\htdocs\\codi\\app\\Controllers\\AdmPost.php')
 2 SYSTEMPATH\Autoloader\Autoloader.php(267): CodeIgniter\Autoloader\Autoloader->loadInNamespace('App\\Controllers\\AdmPost')
 3 [internal function]: CodeIgniter\Autoloader\Autoloader->loadClass('App\\Controllers\\AdmPost')
 4 SYSTEMPATH\CodeIgniter.php(892): class_exists('\\App\\Controllers\\AdmPost', true)
 5 SYSTEMPATH\CodeIgniter.php(486): CodeIgniter\CodeIgniter->startController()
 6 SYSTEMPATH\CodeIgniter.php(368): CodeIgniter\CodeIgniter->handleRequest(null, Object(Config\Cache), false)
 7 FCPATH\index.php(67): CodeIgniter\CodeIgniter->run()
CRITICAL - 2023-07-14 21:13:27 --> syntax error, unexpected identifier "finalidade"
in APPPATH\Controllers\AdmPost.php on line 19.
 1 SYSTEMPATH\Autoloader\Autoloader.php(289): CodeIgniter\Autoloader\Autoloader->includeFile('C:\\xampp\\htdocs\\codi\\app\\Controllers\\AdmPost.php')
 2 SYSTEMPATH\Autoloader\Autoloader.php(267): CodeIgniter\Autoloader\Autoloader->loadInNamespace('App\\Controllers\\AdmPost')
 3 [internal function]: CodeIgniter\Autoloader\Autoloader->loadClass('App\\Controllers\\AdmPost')
 4 SYSTEMPATH\CodeIgniter.php(892): class_exists('\\App\\Controllers\\AdmPost', true)
 5 SYSTEMPATH\CodeIgniter.php(486): CodeIgniter\CodeIgniter->startController()
 6 SYSTEMPATH\CodeIgniter.php(368): CodeIgniter\CodeIgniter->handleRequest(null, Object(Config\Cache), false)
 7 FCPATH\index.php(67): CodeIgniter\CodeIgniter->run()
CRITICAL - 2023-07-14 21:13:28 --> syntax error, unexpected identifier "finalidade"
in APPPATH\Controllers\AdmPost.php on line 19.
 1 SYSTEMPATH\Autoloader\Autoloader.php(289): CodeIgniter\Autoloader\Autoloader->includeFile('C:\\xampp\\htdocs\\codi\\app\\Controllers\\AdmPost.php')
 2 SYSTEMPATH\Autoloader\Autoloader.php(267): CodeIgniter\Autoloader\Autoloader->loadInNamespace('App\\Controllers\\AdmPost')
 3 [internal function]: CodeIgniter\Autoloader\Autoloader->loadClass('App\\Controllers\\AdmPost')
 4 SYSTEMPATH\CodeIgniter.php(892): class_exists('\\App\\Controllers\\AdmPost', true)
 5 SYSTEMPATH\CodeIgniter.php(486): CodeIgniter\CodeIgniter->startController()
 6 SYSTEMPATH\CodeIgniter.php(368): CodeIgniter\CodeIgniter->handleRequest(null, Object(Config\Cache), false)
 7 FCPATH\index.php(67): CodeIgniter\CodeIgniter->run()
CRITICAL - 2023-07-14 21:13:29 --> syntax error, unexpected identifier "finalidade"
in APPPATH\Controllers\AdmPost.php on line 19.
 1 SYSTEMPATH\Autoloader\Autoloader.php(289): CodeIgniter\Autoloader\Autoloader->includeFile('C:\\xampp\\htdocs\\codi\\app\\Controllers\\AdmPost.php')
 2 SYSTEMPATH\Autoloader\Autoloader.php(267): CodeIgniter\Autoloader\Autoloader->loadInNamespace('App\\Controllers\\AdmPost')
 3 [internal function]: CodeIgniter\Autoloader\Autoloader->loadClass('App\\Controllers\\AdmPost')
 4 SYSTEMPATH\CodeIgniter.php(892): class_exists('\\App\\Controllers\\AdmPost', true)
 5 SYSTEMPATH\CodeIgniter.php(486): CodeIgniter\CodeIgniter->startController()
 6 SYSTEMPATH\CodeIgniter.php(368): CodeIgniter\CodeIgniter->handleRequest(null, Object(Config\Cache), false)
 7 FCPATH\index.php(67): CodeIgniter\CodeIgniter->run()
CRITICAL - 2023-07-14 21:13:30 --> syntax error, unexpected identifier "finalidade"
in APPPATH\Controllers\AdmPost.php on line 19.
 1 SYSTEMPATH\Autoloader\Autoloader.php(289): CodeIgniter\Autoloader\Autoloader->includeFile('C:\\xampp\\htdocs\\codi\\app\\Controllers\\AdmPost.php')
 2 SYSTEMPATH\Autoloader\Autoloader.php(267): CodeIgniter\Autoloader\Autoloader->loadInNamespace('App\\Controllers\\AdmPost')
 3 [internal function]: CodeIgniter\Autoloader\Autoloader->loadClass('App\\Controllers\\AdmPost')
 4 SYSTEMPATH\CodeIgniter.php(892): class_exists('\\App\\Controllers\\AdmPost', true)
 5 SYSTEMPATH\CodeIgniter.php(486): CodeIgniter\CodeIgniter->startController()
 6 SYSTEMPATH\CodeIgniter.php(368): CodeIgniter\CodeIgniter->handleRequest(null, Object(Config\Cache), false)
 7 FCPATH\index.php(67): CodeIgniter\CodeIgniter->run()
CRITICAL - 2023-07-14 21:13:31 --> syntax error, unexpected identifier "finalidade"
in APPPATH\Controllers\AdmPost.php on line 19.
 1 SYSTEMPATH\Autoloader\Autoloader.php(289): CodeIgniter\Autoloader\Autoloader->includeFile('C:\\xampp\\htdocs\\codi\\app\\Controllers\\AdmPost.php')
 2 SYSTEMPATH\Autoloader\Autoloader.php(267): CodeIgniter\Autoloader\Autoloader->loadInNamespace('App\\Controllers\\AdmPost')
 3 [internal function]: CodeIgniter\Autoloader\Autoloader->loadClass('App\\Controllers\\AdmPost')
 4 SYSTEMPATH\CodeIgniter.php(892): class_exists('\\App\\Controllers\\AdmPost', true)
 5 SYSTEMPATH\CodeIgniter.php(486): CodeIgniter\CodeIgniter->startController()
 6 SYSTEMPATH\CodeIgniter.php(368): CodeIgniter\CodeIgniter->handleRequest(null, Object(Config\Cache), false)
 7 FCPATH\index.php(67): CodeIgniter\CodeIgniter->run()
CRITICAL - 2023-07-14 21:13:32 --> syntax error, unexpected identifier "finalidade"
in APPPATH\Controllers\AdmPost.php on line 19.
 1 SYSTEMPATH\Autoloader\Autoloader.php(289): CodeIgniter\Autoloader\Autoloader->includeFile('C:\\xampp\\htdocs\\codi\\app\\Controllers\\AdmPost.php')
 2 SYSTEMPATH\Autoloader\Autoloader.php(267): CodeIgniter\Autoloader\Autoloader->loadInNamespace('App\\Controllers\\AdmPost')
 3 [internal function]: CodeIgniter\Autoloader\Autoloader->loadClass('App\\Controllers\\AdmPost')
 4 SYSTEMPATH\CodeIgniter.php(892): class_exists('\\App\\Controllers\\AdmPost', true)
 5 SYSTEMPATH\CodeIgniter.php(486): CodeIgniter\CodeIgniter->startController()
 6 SYSTEMPATH\CodeIgniter.php(368): CodeIgniter\CodeIgniter->handleRequest(null, Object(Config\Cache), false)
 7 FCPATH\index.php(67): CodeIgniter\CodeIgniter->run()
CRITICAL - 2023-07-14 21:13:33 --> syntax error, unexpected identifier "finalidade"
in APPPATH\Controllers\AdmPost.php on line 19.
 1 SYSTEMPATH\Autoloader\Autoloader.php(289): CodeIgniter\Autoloader\Autoloader->includeFile('C:\\xampp\\htdocs\\codi\\app\\Controllers\\AdmPost.php')
 2 SYSTEMPATH\Autoloader\Autoloader.php(267): CodeIgniter\Autoloader\Autoloader->loadInNamespace('App\\Controllers\\AdmPost')
 3 [internal function]: CodeIgniter\Autoloader\Autoloader->loadClass('App\\Controllers\\AdmPost')
 4 SYSTEMPATH\CodeIgniter.php(892): class_exists('\\App\\Controllers\\AdmPost', true)
 5 SYSTEMPATH\CodeIgniter.php(486): CodeIgniter\CodeIgniter->startController()
 6 SYSTEMPATH\CodeIgniter.php(368): CodeIgniter\CodeIgniter->handleRequest(null, Object(Config\Cache), false)
 7 FCPATH\index.php(67): CodeIgniter\CodeIgniter->run()
CRITICAL - 2023-07-14 21:13:34 --> syntax error, unexpected identifier "finalidade"
in APPPATH\Controllers\AdmPost.php on line 19.
 1 SYSTEMPATH\Autoloader\Autoloader.php(289): CodeIgniter\Autoloader\Autoloader->includeFile('C:\\xampp\\htdocs\\codi\\app\\Controllers\\AdmPost.php')
 2 SYSTEMPATH\Autoloader\Autoloader.php(267): CodeIgniter\Autoloader\Autoloader->loadInNamespace('App\\Controllers\\AdmPost')
 3 [internal function]: CodeIgniter\Autoloader\Autoloader->loadClass('App\\Controllers\\AdmPost')
 4 SYSTEMPATH\CodeIgniter.php(892): class_exists('\\App\\Controllers\\AdmPost', true)
 5 SYSTEMPATH\CodeIgniter.php(486): CodeIgniter\CodeIgniter->startController()
 6 SYSTEMPATH\CodeIgniter.php(368): CodeIgniter\CodeIgniter->handleRequest(null, Object(Config\Cache), false)
 7 FCPATH\index.php(67): CodeIgniter\CodeIgniter->run()
CRITICAL - 2023-07-14 21:13:35 --> syntax error, unexpected identifier "finalidade"
in APPPATH\Controllers\AdmPost.php on line 19.
 1 SYSTEMPATH\Autoloader\Autoloader.php(289): CodeIgniter\Autoloader\Autoloader->includeFile('C:\\xampp\\htdocs\\codi\\app\\Controllers\\AdmPost.php')
 2 SYSTEMPATH\Autoloader\Autoloader.php(267): CodeIgniter\Autoloader\Autoloader->loadInNamespace('App\\Controllers\\AdmPost')
 3 [internal function]: CodeIgniter\Autoloader\Autoloader->loadClass('App\\Controllers\\AdmPost')
 4 SYSTEMPATH\CodeIgniter.php(892): class_exists('\\App\\Controllers\\AdmPost', true)
 5 SYSTEMPATH\CodeIgniter.php(486): CodeIgniter\CodeIgniter->startController()
 6 SYSTEMPATH\CodeIgniter.php(368): CodeIgniter\CodeIgniter->handleRequest(null, Object(Config\Cache), false)
 7 FCPATH\index.php(67): CodeIgniter\CodeIgniter->run()
CRITICAL - 2023-07-14 21:13:36 --> syntax error, unexpected identifier "finalidade"
in APPPATH\Controllers\AdmPost.php on line 19.
 1 SYSTEMPATH\Autoloader\Autoloader.php(289): CodeIgniter\Autoloader\Autoloader->includeFile('C:\\xampp\\htdocs\\codi\\app\\Controllers\\AdmPost.php')
 2 SYSTEMPATH\Autoloader\Autoloader.php(267): CodeIgniter\Autoloader\Autoloader->loadInNamespace('App\\Controllers\\AdmPost')
 3 [internal function]: CodeIgniter\Autoloader\Autoloader->loadClass('App\\Controllers\\AdmPost')
 4 SYSTEMPATH\CodeIgniter.php(892): class_exists('\\App\\Controllers\\AdmPost', true)
 5 SYSTEMPATH\CodeIgniter.php(486): CodeIgniter\CodeIgniter->startController()
 6 SYSTEMPATH\CodeIgniter.php(368): CodeIgniter\CodeIgniter->handleRequest(null, Object(Config\Cache), false)
 7 FCPATH\index.php(67): CodeIgniter\CodeIgniter->run()
CRITICAL - 2023-07-14 21:13:37 --> syntax error, unexpected variable "$finalidade"
in APPPATH\Controllers\AdmPost.php on line 19.
 1 SYSTEMPATH\Autoloader\Autoloader.php(289): CodeIgniter\Autoloader\Autoloader->includeFile('C:\\xampp\\htdocs\\codi\\app\\Controllers\\AdmPost.php')
 2 SYSTEMPATH\Autoloader\Autoloader.php(267): CodeIgniter\Autoloader\Autoloader->loadInNamespace('App\\Controllers\\AdmPost')
 3 [internal function]: CodeIgniter\Autoloader\Autoloader->loadClass('App\\Controllers\\AdmPost')
 4 SYSTEMPATH\CodeIgniter.php(892): class_exists('\\App\\Controllers\\AdmPost', true)
 5 SYSTEMPATH\CodeIgniter.php(486): CodeIgniter\CodeIgniter->startController()
 6 SYSTEMPATH\CodeIgniter.php(368): CodeIgniter\CodeIgniter->handleRequest(null, Object(Config\Cache), false)
 7 FCPATH\index.php(67): CodeIgniter\CodeIgniter->run()
CRITICAL - 2023-07-14 21:13:38 --> syntax error, unexpected variable "$finalidade"
in APPPATH\Controllers\AdmPost.php on line 19.
 1 SYSTEMPATH\Autoloader\Autoloader.php(289): CodeIgniter\Autoloader\Autoloader->includeFile('C:\\xampp\\htdocs\\codi\\app\\Controllers\\AdmPost.php')
 2 SYSTEMPATH\Autoloader\Autoloader.php(267): CodeIgniter\Autoloader\Autoloader->loadInNamespace('App\\Controllers\\AdmPost')
 3 [internal function]: CodeIgniter\Autoloader\Autoloader->loadClass('App\\Controllers\\AdmPost')
 4 SYSTEMPATH\CodeIgniter.php(892): class_exists('\\App\\Controllers\\AdmPost', true)
 5 SYSTEMPATH\CodeIgniter.php(486): CodeIgniter\CodeIgniter->startController()
 6 SYSTEMPATH\CodeIgniter.php(368): CodeIgniter\CodeIgniter->handleRequest(null, Object(Config\Cache), false)
 7 FCPATH\index.php(67): CodeIgniter\CodeIgniter->run()
CRITICAL - 2023-07-14 21:13:39 --> syntax error, unexpected variable "$finalidade"
in APPPATH\Controllers\AdmPost.php on line 19.
 1 SYSTEMPATH\Autoloader\Autoloader.php(289): CodeIgniter\Autoloader\Autoloader->includeFile('C:\\xampp\\htdocs\\codi\\app\\Controllers\\AdmPost.php')
 2 SYSTEMPATH\Autoloader\Autoloader.php(267): CodeIgniter\Autoloader\Autoloader->loadInNamespace('App\\Controllers\\AdmPost')
 3 [internal function]: CodeIgniter\Autoloader\Autoloader->loadClass('App\\Controllers\\AdmPost')
 4 SYSTEMPATH\CodeIgniter.php(892): class_exists('\\App\\Controllers\\AdmPost', true)
 5 SYSTEMPATH\CodeIgniter.php(486): CodeIgniter\CodeIgniter->startController()
 6 SYSTEMPATH\CodeIgniter.php(368): CodeIgniter\CodeIgniter->handleRequest(null, Object(Config\Cache), false)
 7 FCPATH\index.php(67): CodeIgniter\CodeIgniter->run()
CRITICAL - 2023-07-14 21:13:40 --> syntax error, unexpected variable "$finalidade"
in APPPATH\Controllers\AdmPost.php on line 19.
 1 SYSTEMPATH\Autoloader\Autoloader.php(289): CodeIgniter\Autoloader\Autoloader->includeFile('C:\\xampp\\htdocs\\codi\\app\\Controllers\\AdmPost.php')
 2 SYSTEMPATH\Autoloader\Autoloader.php(267): CodeIgniter\Autoloader\Autoloader->loadInNamespace('App\\Controllers\\AdmPost')
 3 [internal function]: CodeIgniter\Autoloader\Autoloader->loadClass('App\\Controllers\\AdmPost')
 4 SYSTEMPATH\CodeIgniter.php(892): class_exists('\\App\\Controllers\\AdmPost', true)
 5 SYSTEMPATH\CodeIgniter.php(486): CodeIgniter\CodeIgniter->startController()
 6 SYSTEMPATH\CodeIgniter.php(368): CodeIgniter\CodeIgniter->handleRequest(null, Object(Config\Cache), false)
 7 FCPATH\index.php(67): CodeIgniter\CodeIgniter->run()
CRITICAL - 2023-07-14 21:13:41 --> syntax error, unexpected variable "$finalidade"
in APPPATH\Controllers\AdmPost.php on line 19.
 1 SYSTEMPATH\Autoloader\Autoloader.php(289): CodeIgniter\Autoloader\Autoloader->includeFile('C:\\xampp\\htdocs\\codi\\app\\Controllers\\AdmPost.php')
 2 SYSTEMPATH\Autoloader\Autoloader.php(267): CodeIgniter\Autoloader\Autoloader->loadInNamespace('App\\Controllers\\AdmPost')
 3 [internal function]: CodeIgniter\Autoloader\Autoloader->loadClass('App\\Controllers\\AdmPost')
 4 SYSTEMPATH\CodeIgniter.php(892): class_exists('\\App\\Controllers\\AdmPost', true)
 5 SYSTEMPATH\CodeIgniter.php(486): CodeIgniter\CodeIgniter->startController()
 6 SYSTEMPATH\CodeIgniter.php(368): CodeIgniter\CodeIgniter->handleRequest(null, Object(Config\Cache), false)
 7 FCPATH\index.php(67): CodeIgniter\CodeIgniter->run()
CRITICAL - 2023-07-14 21:13:42 --> syntax error, unexpected variable "$finalidade"
in APPPATH\Controllers\AdmPost.php on line 19.
 1 SYSTEMPATH\Autoloader\Autoloader.php(289): CodeIgniter\Autoloader\Autoloader->includeFile('C:\\xampp\\htdocs\\codi\\app\\Controllers\\AdmPost.php')
 2 SYSTEMPATH\Autoloader\Autoloader.php(267): CodeIgniter\Autoloader\Autoloader->loadInNamespace('App\\Controllers\\AdmPost')
 3 [internal function]: CodeIgniter\Autoloader\Autoloader->loadClass('App\\Controllers\\AdmPost')
 4 SYSTEMPATH\CodeIgniter.php(892): class_exists('\\App\\Controllers\\AdmPost', true)
 5 SYSTEMPATH\CodeIgniter.php(486): CodeIgniter\CodeIgniter->startController()
 6 SYSTEMPATH\CodeIgniter.php(368): CodeIgniter\CodeIgniter->handleRequest(null, Object(Config\Cache), false)
 7 FCPATH\index.php(67): CodeIgniter\CodeIgniter->run()
CRITICAL - 2023-07-14 21:13:43 --> syntax error, unexpected variable "$finalidade"
in APPPATH\Controllers\AdmPost.php on line 19.
 1 SYSTEMPATH\Autoloader\Autoloader.php(289): CodeIgniter\Autoloader\Autoloader->includeFile('C:\\xampp\\htdocs\\codi\\app\\Controllers\\AdmPost.php')
 2 SYSTEMPATH\Autoloader\Autoloader.php(267): CodeIgniter\Autoloader\Autoloader->loadInNamespace('App\\Controllers\\AdmPost')
 3 [internal function]: CodeIgniter\Autoloader\Autoloader->loadClass('App\\Controllers\\AdmPost')
 4 SYSTEMPATH\CodeIgniter.php(892): class_exists('\\App\\Controllers\\AdmPost', true)
 5 SYSTEMPATH\CodeIgniter.php(486): CodeIgniter\CodeIgniter->startController()
 6 SYSTEMPATH\CodeIgniter.php(368): CodeIgniter\CodeIgniter->handleRequest(null, Object(Config\Cache), false)
 7 FCPATH\index.php(67): CodeIgniter\CodeIgniter->run()
CRITICAL - 2023-07-14 21:13:44 --> syntax error, unexpected variable "$finalidade"
in APPPATH\Controllers\AdmPost.php on line 19.
 1 SYSTEMPATH\Autoloader\Autoloader.php(289): CodeIgniter\Autoloader\Autoloader->includeFile('C:\\xampp\\htdocs\\codi\\app\\Controllers\\AdmPost.php')
 2 SYSTEMPATH\Autoloader\Autoloader.php(267): CodeIgniter\Autoloader\Autoloader->loadInNamespace('App\\Controllers\\AdmPost')
 3 [internal function]: CodeIgniter\Autoloader\Autoloader->loadClass('App\\Controllers\\AdmPost')
 4 SYSTEMPATH\CodeIgniter.php(892): class_exists('\\App\\Controllers\\AdmPost', true)
 5 SYSTEMPATH\CodeIgniter.php(486): CodeIgniter\CodeIgniter->startController()
 6 SYSTEMPATH\CodeIgniter.php(368): CodeIgniter\CodeIgniter->handleRequest(null, Object(Config\Cache), false)
 7 FCPATH\index.php(67): CodeIgniter\CodeIgniter->run()
CRITICAL - 2023-07-14 21:13:45 --> syntax error, unexpected variable "$finalidade"
in APPPATH\Controllers\AdmPost.php on line 19.
 1 SYSTEMPATH\Autoloader\Autoloader.php(289): CodeIgniter\Autoloader\Autoloader->includeFile('C:\\xampp\\htdocs\\codi\\app\\Controllers\\AdmPost.php')
 2 SYSTEMPATH\Autoloader\Autoloader.php(267): CodeIgniter\Autoloader\Autoloader->loadInNamespace('App\\Controllers\\AdmPost')
 3 [internal function]: CodeIgniter\Autoloader\Autoloader->loadClass('App\\Controllers\\AdmPost')
 4 SYSTEMPATH\CodeIgniter.php(892): class_exists('\\App\\Controllers\\AdmPost', true)
 5 SYSTEMPATH\CodeIgniter.php(486): CodeIgniter\CodeIgniter->startController()
 6 SYSTEMPATH\CodeIgniter.php(368): CodeIgniter\CodeIgniter->handleRequest(null, Object(Config\Cache), false)
 7 FCPATH\index.php(67): CodeIgniter\CodeIgniter->run()
CRITICAL - 2023-07-14 21:13:46 --> syntax error, unexpected variable "$finalidade"
in APPPATH\Controllers\AdmPost.php on line 19.
 1 SYSTEMPATH\Autoloader\Autoloader.php(289): CodeIgniter\Autoloader\Autoloader->includeFile('C:\\xampp\\htdocs\\codi\\app\\Controllers\\AdmPost.php')
 2 SYSTEMPATH\Autoloader\Autoloader.php(267): CodeIgniter\Autoloader\Autoloader->loadInNamespace('App\\Controllers\\AdmPost')
 3 [internal function]: CodeIgniter\Autoloader\Autoloader->loadClass('App\\Controllers\\AdmPost')
 4 SYSTEMPATH\CodeIgniter.php(892): class_exists('\\App\\Controllers\\AdmPost', true)
 5 SYSTEMPATH\CodeIgniter.php(486): CodeIgniter\CodeIgniter->startController()
 6 SYSTEMPATH\CodeIgniter.php(368): CodeIgniter\CodeIgniter->handleRequest(null, Object(Config\Cache), false)
 7 FCPATH\index.php(67): CodeIgniter\CodeIgniter->run()
CRITICAL - 2023-07-14 21:13:47 --> Class "c_array" not found
in APPPATH\Controllers\AdmPost.php on line 17.
 1 SYSTEMPATH\CodeIgniter.php(934): App\Controllers\AdmPost->lista_corte()
 2 SYSTEMPATH\CodeIgniter.php(499): CodeIgniter\CodeIgniter->runController(Object(App\Controllers\AdmPost))
 3 SYSTEMPATH\CodeIgniter.php(368): CodeIgniter\CodeIgniter->handleRequest(null, Object(Config\Cache), false)
 4 FCPATH\index.php(67): CodeIgniter\CodeIgniter->run()
CRITICAL - 2023-07-14 21:13:48 --> Class "c_array" not found
in APPPATH\Controllers\AdmPost.php on line 17.
 1 SYSTEMPATH\CodeIgniter.php(934): App\Controllers\AdmPost->lista_corte()
 2 SYSTEMPATH\CodeIgniter.php(499): CodeIgniter\CodeIgniter->runController(Object(App\Controllers\AdmPost))
 3 SYSTEMPATH\CodeIgniter.php(368): CodeIgniter\CodeIgniter->handleRequest(null, Object(Config\Cache), false)
 4 FCPATH\index.php(67): CodeIgniter\CodeIgniter->run()
CRITICAL - 2023-07-14 21:13:49 --> Class "c_array" not found
in APPPATH\Controllers\AdmPost.php on line 17.
 1 SYSTEMPATH\CodeIgniter.php(934): App\Controllers\AdmPost->lista_corte()
 2 SYSTEMPATH\CodeIgniter.php(499): CodeIgniter\CodeIgniter->runController(Object(App\Controllers\AdmPost))
 3 SYSTEMPATH\CodeIgniter.php(368): CodeIgniter\CodeIgniter->handleRequest(null, Object(Config\Cache), false)
 4 FCPATH\index.php(67): CodeIgniter\CodeIgniter->run()
CRITICAL - 2023-07-14 21:13:50 --> Class "c_array" not found
in APPPATH\Controllers\AdmPost.php on line 17.
 1 SYSTEMPATH\CodeIgniter.php(934): App\Controllers\AdmPost->lista_corte()
 2 SYSTEMPATH\CodeIgniter.php(499): CodeIgniter\CodeIgniter->runController(Object(App\Controllers\AdmPost))
 3 SYSTEMPATH\CodeIgniter.php(368): CodeIgniter\CodeIgniter->handleRequest(null, Object(Config\Cache), false)
 4 FCPATH\index.php(67): CodeIgniter\CodeIgniter->run()
CRITICAL - 2023-07-14 21:13:51 --> Class "c_array" not found
in APPPATH\Controllers\AdmPost.php on line 17.
 1 SYSTEMPATH\CodeIgniter.php(934): App\Controllers\AdmPost->lista_corte()
 2 SYSTEMPATH\CodeIgniter.php(499): CodeIgniter\CodeIgniter->runController(Object(App\Controllers\AdmPost))
 3 SYSTEMPATH\CodeIgniter.php(368): CodeIgniter\CodeIgniter->handleRequest(null, Object(Config\Cache), false)
 4 FCPATH\index.php(67): CodeIgniter\CodeIgniter->run()
CRITICAL - 2023-07-14 21:13:52 --> Class "c_array" not found
in APPPATH\Controllers\AdmPost.php on line 17.
 1 SYSTEMPATH\CodeIgniter.php(934): App\Controllers\AdmPost->lista_corte()
 2 SYSTEMPATH\CodeIgniter.php(499): CodeIgniter\CodeIgniter->runController(Object(App\Controllers\AdmPost))
 3 SYSTEMPATH\CodeIgniter.php(368): CodeIgniter\CodeIgniter->handleRequest(null, Object(Config\Cache), false)
 4 FCPATH\index.php(67): CodeIgniter\CodeIgniter->run()
CRITICAL - 2023-07-14 21:13:53 --> Class "c_array" not found
in APPPATH\Controllers\AdmPost.php on line 17.
 1 SYSTEMPATH\CodeIgniter.php(934): App\Controllers\AdmPost->lista_corte()
 2 SYSTEMPATH\CodeIgniter.php(499): CodeIgniter\CodeIgniter->runController(Object(App\Controllers\AdmPost))
 3 SYSTEMPATH\CodeIgniter.php(368): CodeIgniter\CodeIgniter->handleRequest(null, Object(Config\Cache), false)
 4 FCPATH\index.php(67): CodeIgniter\CodeIgniter->run()
CRITICAL - 2023-07-14 21:13:54 --> Class "c_array" not found
in APPPATH\Controllers\AdmPost.php on line 17.
 1 SYSTEMPATH\CodeIgniter.php(934): App\Controllers\AdmPost->lista_corte()
 2 SYSTEMPATH\CodeIgniter.php(499): CodeIgniter\CodeIgniter->runController(Object(App\Controllers\AdmPost))
 3 SYSTEMPATH\CodeIgniter.php(368): CodeIgniter\CodeIgniter->handleRequest(null, Object(Config\Cache), false)
 4 FCPATH\index.php(67): CodeIgniter\CodeIgniter->run()
CRITICAL - 2023-07-14 21:13:55 --> Class "c_array" not found
in APPPATH\Controllers\AdmPost.php on line 17.
 1 SYSTEMPATH\CodeIgniter.php(934): App\Controllers\AdmPost->lista_corte()
 2 SYSTEMPATH\CodeIgniter.php(499): CodeIgniter\CodeIgniter->runController(Object(App\Controllers\AdmPost))
 3 SYSTEMPATH\CodeIgniter.php(368): CodeIgniter\CodeIgniter->handleRequest(null, Object(Config\Cache), false)
 4 FCPATH\index.php(67): CodeIgniter\CodeIgniter->run()
CRITICAL - 2023-07-14 21:13:56 --> Class "c_array" not found
in APPPATH\Controllers\AdmPost.php on line 17.
 1 SYSTEMPATH\CodeIgniter.php(934): App\Controllers\AdmPost->lista_corte()
 2 SYSTEMPATH\CodeIgniter.php(499): CodeIgniter\CodeIgniter->runController(Object(App\Controllers\AdmPost))
 3 SYSTEMPATH\CodeIgniter.php(368): CodeIgniter\CodeIgniter->handleRequest(null, Object(Config\Cache), false)
 4 FCPATH\index.php(67): CodeIgniter\CodeIgniter->run()
CRITICAL - 2023-07-14 21:13:57 --> Class "c_array" not found
in APPPATH\Controllers\AdmPost.php on line 17.
 1 SYSTEMPATH\CodeIgniter.php(934): App\Controllers\AdmPost->lista_corte()
 2 SYSTEMPATH\CodeIgniter.php(499): CodeIgniter\CodeIgniter->runController(Object(App\Controllers\AdmPost))
 3 SYSTEMPATH\CodeIgniter.php(368): CodeIgniter\CodeIgniter->handleRequest(null, Object(Config\Cache), false)
 4 FCPATH\index.php(67): CodeIgniter\CodeIgniter->run()
CRITICAL - 2023-07-14 21:13:58 --> Class "c_array" not found
in APPPATH\Controllers\AdmPost.php on line 17.
 1 SYSTEMPATH\CodeIgniter.php(934): App\Controllers\AdmPost->lista_corte()
 2 SYSTEMPATH\CodeIgniter.php(499): CodeIgniter\CodeIgniter->runController(Object(App\Controllers\AdmPost))
 3 SYSTEMPATH\CodeIgniter.php(368): CodeIgniter\CodeIgniter->handleRequest(null, Object(Config\Cache), false)
 4 FCPATH\index.php(67): CodeIgniter\CodeIgniter->run()
CRITICAL - 2023-07-14 21:13:59 --> Class "c_array" not found
in APPPATH\Controllers\AdmPost.php on line 17.
 1 SYSTEMPATH\CodeIgniter.php(934): App\Controllers\AdmPost->lista_corte()
 2 SYSTEMPATH\CodeIgniter.php(499): CodeIgniter\CodeIgniter->runController(Object(App\Controllers\AdmPost))
 3 SYSTEMPATH\CodeIgniter.php(368): CodeIgniter\CodeIgniter->handleRequest(null, Object(Config\Cache), false)
 4 FCPATH\index.php(67): CodeIgniter\CodeIgniter->run()
CRITICAL - 2023-07-14 21:14:00 --> Class "c_array" not found
in APPPATH\Controllers\AdmPost.php on line 17.
 1 SYSTEMPATH\CodeIgniter.php(934): App\Controllers\AdmPost->lista_corte()
 2 SYSTEMPATH\CodeIgniter.php(499): CodeIgniter\CodeIgniter->runController(Object(App\Controllers\AdmPost))
 3 SYSTEMPATH\CodeIgniter.php(368): CodeIgniter\CodeIgniter->handleRequest(null, Object(Config\Cache), false)
 4 FCPATH\index.php(67): CodeIgniter\CodeIgniter->run()
CRITICAL - 2023-07-14 21:14:01 --> Class "c_array" not found
in APPPATH\Controllers\AdmPost.php on line 17.
 1 SYSTEMPATH\CodeIgniter.php(934): App\Controllers\AdmPost->lista_corte()
 2 SYSTEMPATH\CodeIgniter.php(499): CodeIgniter\CodeIgniter->runController(Object(App\Controllers\AdmPost))
 3 SYSTEMPATH\CodeIgniter.php(368): CodeIgniter\CodeIgniter->handleRequest(null, Object(Config\Cache), false)
 4 FCPATH\index.php(67): CodeIgniter\CodeIgniter->run()
CRITICAL - 2023-07-14 21:14:02 --> Class "c_array" not found
in APPPATH\Controllers\AdmPost.php on line 17.
 1 SYSTEMPATH\CodeIgniter.php(934): App\Controllers\AdmPost->lista_corte()
 2 SYSTEMPATH\CodeIgniter.php(499): CodeIgniter\CodeIgniter->runController(Object(App\Controllers\AdmPost))
 3 SYSTEMPATH\CodeIgniter.php(368): CodeIgniter\CodeIgniter->handleRequest(null, Object(Config\Cache), false)
 4 FCPATH\index.php(67): CodeIgniter\CodeIgniter->run()
CRITICAL - 2023-07-14 21:14:03 --> Class "c_array" not found
in APPPATH\Controllers\AdmPost.php on line 17.
 1 SYSTEMPATH\CodeIgniter.php(934): App\Controllers\AdmPost->lista_corte()
 2 SYSTEMPATH\CodeIgniter.php(499): CodeIgniter\CodeIgniter->runController(Object(App\Controllers\AdmPost))
 3 SYSTEMPATH\CodeIgniter.php(368): CodeIgniter\CodeIgniter->handleRequest(null, Object(Config\Cache), false)
 4 FCPATH\index.php(67): CodeIgniter\CodeIgniter->run()
CRITICAL - 2023-07-14 21:14:04 --> Class "c_array" not found
in APPPATH\Controllers\AdmPost.php on line 17.
 1 SYSTEMPATH\CodeIgniter.php(934): App\Controllers\AdmPost->lista_corte()
 2 SYSTEMPATH\CodeIgniter.php(499): CodeIgniter\CodeIgniter->runController(Object(App\Controllers\AdmPost))
 3 SYSTEMPATH\CodeIgniter.php(368): CodeIgniter\CodeIgniter->handleRequest(null, Object(Config\Cache), false)
 4 FCPATH\index.php(67): CodeIgniter\CodeIgniter->run()
CRITICAL - 2023-07-14 21:14:05 --> syntax error, unexpected single-quoted string "mpreendimento();"
in APPPATH\Controllers\AdmPost.php on line 24.
 1 SYSTEMPATH\Autoloader\Autoloader.php(289): CodeIgniter\Autoloader\Autoloader->includeFile('C:\\xampp\\htdocs\\codi\\app\\Controllers\\AdmPost.php')
 2 SYSTEMPATH\Autoloader\Autoloader.php(267): CodeIgniter\Autoloader\Autoloader->loadInNamespace('App\\Controllers\\AdmPost')
 3 [internal function]: CodeIgniter\Autoloader\Autoloader->loadClass('App\\Controllers\\AdmPost')
 4 SYSTEMPATH\CodeIgniter.php(892): class_exists('\\App\\Controllers\\AdmPost', true)
 5 SYSTEMPATH\CodeIgniter.php(486): CodeIgniter\CodeIgniter->startController()
 6 SYSTEMPATH\CodeIgniter.php(368): CodeIgniter\CodeIgniter->handleRequest(null, Object(Config\Cache), false)
 7 FCPATH\index.php(67): CodeIgniter\CodeIgniter->run()
CRITICAL - 2023-07-14 21:14:06 --> Class "c_array" not found
in APPPATH\Controllers\AdmPost.php on line 17.
 1 SYSTEMPATH\CodeIgniter.php(934): App\Controllers\AdmPost->lista_corte()
 2 SYSTEMPATH\CodeIgniter.php(499): CodeIgniter\CodeIgniter->runController(Object(App\Controllers\AdmPost))
 3 SYSTEMPATH\CodeIgniter.php(368): CodeIgniter\CodeIgniter->handleRequest(null, Object(Config\Cache), false)
 4 FCPATH\index.php(67): CodeIgniter\CodeIgniter->run()
CRITICAL - 2023-07-14 21:14:07 --> Class "c_array" not found
in APPPATH\Controllers\AdmPost.php on line 17.
 1 SYSTEMPATH\CodeIgniter.php(934): App\Controllers\AdmPost->lista_corte()
 2 SYSTEMPATH\CodeIgniter.php(499): CodeIgniter\CodeIgniter->runController(Object(App\Controllers\AdmPost))
 3 SYSTEMPATH\CodeIgniter.php(368): CodeIgniter\CodeIgniter->handleRequest(null, Object(Config\Cache), false)
 4 FCPATH\index.php(67): CodeIgniter\CodeIgniter->run()
CRITICAL - 2023-07-14 21:14:08 --> Class "c_array" not found
in APPPATH\Controllers\AdmPost.php on line 17.
 1 SYSTEMPATH\CodeIgniter.php(934): App\Controllers\AdmPost->lista_corte()
 2 SYSTEMPATH\CodeIgniter.php(499): CodeIgniter\CodeIgniter->runController(Object(App\Controllers\AdmPost))
 3 SYSTEMPATH\CodeIgniter.php(368): CodeIgniter\CodeIgniter->handleRequest(null, Object(Config\Cache), false)
 4 FCPATH\index.php(67): CodeIgniter\CodeIgniter->run()
CRITICAL - 2023-07-14 21:14:09 --> Class "c_array" not found
in APPPATH\Controllers\AdmPost.php on line 17.
 1 SYSTEMPATH\CodeIgniter.php(934): App\Controllers\AdmPost->lista_corte()
 2 SYSTEMPATH\CodeIgniter.php(499): CodeIgniter\CodeIgniter->runController(Object(App\Controllers\AdmPost))
 3 SYSTEMPATH\CodeIgniter.php(368): CodeIgniter\CodeIgniter->handleRequest(null, Object(Config\Cache), false)
 4 FCPATH\index.php(67): CodeIgniter\CodeIgniter->run()
CRITICAL - 2023-07-14 21:14:10 --> Class "c_array" not found
in APPPATH\Controllers\AdmPost.php on line 17.
 1 SYSTEMPATH\CodeIgniter.php(934): App\Controllers\AdmPost->lista_corte()
 2 SYSTEMPATH\CodeIgniter.php(499): CodeIgniter\CodeIgniter->runController(Object(App\Controllers\AdmPost))
 3 SYSTEMPATH\CodeIgniter.php(368): CodeIgniter\CodeIgniter->handleRequest(null, Object(Config\Cache), false)
 4 FCPATH\index.php(67): CodeIgniter\CodeIgniter->run()
CRITICAL - 2023-07-14 21:14:11 --> Class "c_array" not found
in APPPATH\Controllers\AdmPost.php on line 17.
 1 SYSTEMPATH\CodeIgniter.php(934): App\Controllers\AdmPost->lista_corte()
 2 SYSTEMPATH\CodeIgniter.php(499): CodeIgniter\CodeIgniter->runController(Object(App\Controllers\AdmPost))
 3 SYSTEMPATH\CodeIgniter.php(368): CodeIgniter\CodeIgniter->handleRequest(null, Object(Config\Cache), false)
 4 FCPATH\index.php(67): CodeIgniter\CodeIgniter->run()
CRITICAL - 2023-07-14 21:14:12 --> Class "c_array" not found
in APPPATH\Controllers\AdmPost.php on line 17.
 1 SYSTEMPATH\CodeIgniter.php(934): App\Controllers\AdmPost->lista_corte()
 2 SYSTEMPATH\CodeIgniter.php(499): CodeIgniter\CodeIgniter->runController(Object(App\Controllers\AdmPost))
 3 SYSTEMPATH\CodeIgniter.php(368): CodeIgniter\CodeIgniter->handleRequest(null, Object(Config\Cache), false)
 4 FCPATH\index.php(67): CodeIgniter\CodeIgniter->run()
CRITICAL - 2023-07-14 21:14:13 --> Class "c_array" not found
in APPPATH\Controllers\AdmPost.php on line 17.
 1 SYSTEMPATH\CodeIgniter.php(934): App\Controllers\AdmPost->lista_corte()
 2 SYSTEMPATH\CodeIgniter.php(499): CodeIgniter\CodeIgniter->runController(Object(App\Controllers\AdmPost))
 3 SYSTEMPATH\CodeIgniter.php(368): CodeIgniter\CodeIgniter->handleRequest(null, Object(Config\Cache), false)
 4 FCPATH\index.php(67): CodeIgniter\CodeIgniter->run()
CRITICAL - 2023-07-14 21:14:14 --> Class "c_array" not found
in APPPATH\Controllers\AdmPost.php on line 17.
 1 SYSTEMPATH\CodeIgniter.php(934): App\Controllers\AdmPost->lista_corte()
 2 SYSTEMPATH\CodeIgniter.php(499): CodeIgniter\CodeIgniter->runController(Object(App\Controllers\AdmPost))
 3 SYSTEMPATH\CodeIgniter.php(368): CodeIgniter\CodeIgniter->handleRequest(null, Object(Config\Cache), false)
 4 FCPATH\index.php(67): CodeIgniter\CodeIgniter->run()
CRITICAL - 2023-07-14 21:14:15 --> Class "c_array" not found
in APPPATH\Controllers\AdmPost.php on line 17.
 1 SYSTEMPATH\CodeIgniter.php(934): App\Controllers\AdmPost->lista_corte()
 2 SYSTEMPATH\CodeIgniter.php(499): CodeIgniter\CodeIgniter->runController(Object(App\Controllers\AdmPost))
 3 SYSTEMPATH\CodeIgniter.php(368): CodeIgniter\CodeIgniter->handleRequest(null, Object(Config\Cache), false)
 4 FCPATH\index.php(67): CodeIgniter\CodeIgniter->run()
CRITICAL - 2023-07-14 21:14:16 --> Class "c_array" not found
in APPPATH\Controllers\AdmPost.php on line 17.
 1 SYSTEMPATH\CodeIgniter.php(934): App\Controllers\AdmPost->lista_corte()
 2 SYSTEMPATH\CodeIgniter.php(499): CodeIgniter\CodeIgniter->runController(Object(App\Controllers\AdmPost))
 3 SYSTEMPATH\CodeIgniter.php(368): CodeIgniter\CodeIgniter->handleRequest(null, Object(Config\Cache), false)
 4 FCPATH\index.php(67): CodeIgniter\CodeIgniter->run()
CRITICAL - 2023-07-14 21:14:17 --> Class "c_array" not found
in APPPATH\Controllers\AdmPost.php on line 17.
 1 SYSTEMPATH\CodeIgniter.php(934): App\Controllers\AdmPost->lista_corte()
 2 SYSTEMPATH\CodeIgniter.php(499): CodeIgniter\CodeIgniter->runController(Object(App\Controllers\AdmPost))
 3 SYSTEMPATH\CodeIgniter.php(368): CodeIgniter\CodeIgniter->handleRequest(null, Object(Config\Cache), false)
 4 FCPATH\index.php(67): CodeIgniter\CodeIgniter->run()
CRITICAL - 2023-07-14 21:14:18 --> Class "c_array" not found
in APPPATH\Controllers\AdmPost.php on line 17.
 1 SYSTEMPATH\CodeIgniter.php(934): App\Controllers\AdmPost->lista_corte()
 2 SYSTEMPATH\CodeIgniter.php(499): CodeIgniter\CodeIgniter->runController(Object(App\Controllers\AdmPost))
 3 SYSTEMPATH\CodeIgniter.php(368): CodeIgniter\CodeIgniter->handleRequest(null, Object(Config\Cache), false)
 4 FCPATH\index.php(67): CodeIgniter\CodeIgniter->run()
CRITICAL - 2023-07-14 21:14:19 --> Class "c_array" not found
in APPPATH\Controllers\AdmPost.php on line 17.
 1 SYSTEMPATH\CodeIgniter.php(934): App\Controllers\AdmPost->lista_corte()
 2 SYSTEMPATH\CodeIgniter.php(499): CodeIgniter\CodeIgniter->runController(Object(App\Controllers\AdmPost))
 3 SYSTEMPATH\CodeIgniter.php(368): CodeIgniter\CodeIgniter->handleRequest(null, Object(Config\Cache), false)
 4 FCPATH\index.php(67): CodeIgniter\CodeIgniter->run()
CRITICAL - 2023-07-14 21:14:20 --> Class "c_array" not found
in APPPATH\Controllers\AdmPost.php on line 17.
 1 SYSTEMPATH\CodeIgniter.php(934): App\Controllers\AdmPost->lista_corte()
 2 SYSTEMPATH\CodeIgniter.php(499): CodeIgniter\CodeIgniter->runController(Object(App\Controllers\AdmPost))
 3 SYSTEMPATH\CodeIgniter.php(368): CodeIgniter\CodeIgniter->handleRequest(null, Object(Config\Cache), false)
 4 FCPATH\index.php(67): CodeIgniter\CodeIgniter->run()
CRITICAL - 2023-07-14 21:14:37 --> Class "c_array" not found
in APPPATH\Controllers\AdmPost.php on line 17.
 1 SYSTEMPATH\CodeIgniter.php(934): App\Controllers\AdmPost->lista_corte()
 2 SYSTEMPATH\CodeIgniter.php(499): CodeIgniter\CodeIgniter->runController(Object(App\Controllers\AdmPost))
 3 SYSTEMPATH\CodeIgniter.php(368): CodeIgniter\CodeIgniter->handleRequest(null, Object(Config\Cache), false)
 4 FCPATH\index.php(67): CodeIgniter\CodeIgniter->run()
CRITICAL - 2023-07-14 21:15:37 --> syntax error, unexpected token "."
in APPPATH\Controllers\AdmPost.php on line 31.
 1 SYSTEMPATH\Autoloader\Autoloader.php(289): CodeIgniter\Autoloader\Autoloader->includeFile('C:\\xampp\\htdocs\\codi\\app\\Controllers\\AdmPost.php')
 2 SYSTEMPATH\Autoloader\Autoloader.php(267): CodeIgniter\Autoloader\Autoloader->loadInNamespace('App\\Controllers\\AdmPost')
 3 [internal function]: CodeIgniter\Autoloader\Autoloader->loadClass('App\\Controllers\\AdmPost')
 4 SYSTEMPATH\CodeIgniter.php(892): class_exists('\\App\\Controllers\\AdmPost', true)
 5 SYSTEMPATH\CodeIgniter.php(486): CodeIgniter\CodeIgniter->startController()
 6 SYSTEMPATH\CodeIgniter.php(368): CodeIgniter\CodeIgniter->handleRequest(null, Object(Config\Cache), false)
 7 FCPATH\index.php(67): CodeIgniter\CodeIgniter->run()
CRITICAL - 2023-07-14 21:15:47 --> Class "App\Models\Prioridade" not found
in APPPATH\Controllers\AdmPost.php on line 18.
 1 SYSTEMPATH\CodeIgniter.php(934): App\Controllers\AdmPost->lista_corte()
 2 SYSTEMPATH\CodeIgniter.php(499): CodeIgniter\CodeIgniter->runController(Object(App\Controllers\AdmPost))
 3 SYSTEMPATH\CodeIgniter.php(368): CodeIgniter\CodeIgniter->handleRequest(null, Object(Config\Cache), false)
 4 FCPATH\index.php(67): CodeIgniter\CodeIgniter->run()
CRITICAL - 2023-07-14 21:15:47 --> Class "App\Models\Prioridade" not found
in APPPATH\Controllers\AdmPost.php on line 18.
 1 SYSTEMPATH\CodeIgniter.php(934): App\Controllers\AdmPost->lista_corte()
 2 SYSTEMPATH\CodeIgniter.php(499): CodeIgniter\CodeIgniter->runController(Object(App\Controllers\AdmPost))
 3 SYSTEMPATH\CodeIgniter.php(368): CodeIgniter\CodeIgniter->handleRequest(null, Object(Config\Cache), false)
 4 FCPATH\index.php(67): CodeIgniter\CodeIgniter->run()
CRITICAL - 2023-07-14 21:15:48 --> Class "App\Models\Prioridade" not found
in APPPATH\Controllers\AdmPost.php on line 18.
 1 SYSTEMPATH\CodeIgniter.php(934): App\Controllers\AdmPost->lista_corte()
 2 SYSTEMPATH\CodeIgniter.php(499): CodeIgniter\CodeIgniter->runController(Object(App\Controllers\AdmPost))
 3 SYSTEMPATH\CodeIgniter.php(368): CodeIgniter\CodeIgniter->handleRequest(null, Object(Config\Cache), false)
 4 FCPATH\index.php(67): CodeIgniter\CodeIgniter->run()
CRITICAL - 2023-07-14 21:15:49 --> Class "App\Models\Prioridade" not found
in APPPATH\Controllers\AdmPost.php on line 18.
 1 SYSTEMPATH\CodeIgniter.php(934): App\Controllers\AdmPost->lista_corte()
 2 SYSTEMPATH\CodeIgniter.php(499): CodeIgniter\CodeIgniter->runController(Object(App\Controllers\AdmPost))
 3 SYSTEMPATH\CodeIgniter.php(368): CodeIgniter\CodeIgniter->handleRequest(null, Object(Config\Cache), false)
 4 FCPATH\index.php(67): CodeIgniter\CodeIgniter->run()
CRITICAL - 2023-07-14 21:15:50 --> Class "App\Models\Prioridade" not found
in APPPATH\Controllers\AdmPost.php on line 18.
 1 SYSTEMPATH\CodeIgniter.php(934): App\Controllers\AdmPost->lista_corte()
 2 SYSTEMPATH\CodeIgniter.php(499): CodeIgniter\CodeIgniter->runController(Object(App\Controllers\AdmPost))
 3 SYSTEMPATH\CodeIgniter.php(368): CodeIgniter\CodeIgniter->handleRequest(null, Object(Config\Cache), false)
 4 FCPATH\index.php(67): CodeIgniter\CodeIgniter->run()
CRITICAL - 2023-07-14 21:15:51 --> Class "App\Models\Prioridade" not found
in APPPATH\Controllers\AdmPost.php on line 18.
 1 SYSTEMPATH\CodeIgniter.php(934): App\Controllers\AdmPost->lista_corte()
 2 SYSTEMPATH\CodeIgniter.php(499): CodeIgniter\CodeIgniter->runController(Object(App\Controllers\AdmPost))
 3 SYSTEMPATH\CodeIgniter.php(368): CodeIgniter\CodeIgniter->handleRequest(null, Object(Config\Cache), false)
 4 FCPATH\index.php(67): CodeIgniter\CodeIgniter->run()
CRITICAL - 2023-07-14 21:15:52 --> Class "App\Models\Prioridade" not found
in APPPATH\Controllers\AdmPost.php on line 18.
 1 SYSTEMPATH\CodeIgniter.php(934): App\Controllers\AdmPost->lista_corte()
 2 SYSTEMPATH\CodeIgniter.php(499): CodeIgniter\CodeIgniter->runController(Object(App\Controllers\AdmPost))
 3 SYSTEMPATH\CodeIgniter.php(368): CodeIgniter\CodeIgniter->handleRequest(null, Object(Config\Cache), false)
 4 FCPATH\index.php(67): CodeIgniter\CodeIgniter->run()
CRITICAL - 2023-07-14 21:15:53 --> Class "App\Models\Prioridade" not found
in APPPATH\Controllers\AdmPost.php on line 18.
 1 SYSTEMPATH\CodeIgniter.php(934): App\Controllers\AdmPost->lista_corte()
 2 SYSTEMPATH\CodeIgniter.php(499): CodeIgniter\CodeIgniter->runController(Object(App\Controllers\AdmPost))
 3 SYSTEMPATH\CodeIgniter.php(368): CodeIgniter\CodeIgniter->handleRequest(null, Object(Config\Cache), false)
 4 FCPATH\index.php(67): CodeIgniter\CodeIgniter->run()
CRITICAL - 2023-07-14 21:15:54 --> Class "App\Models\Prioridade" not found
in APPPATH\Controllers\AdmPost.php on line 18.
 1 SYSTEMPATH\CodeIgniter.php(934): App\Controllers\AdmPost->lista_corte()
 2 SYSTEMPATH\CodeIgniter.php(499): CodeIgniter\CodeIgniter->runController(Object(App\Controllers\AdmPost))
 3 SYSTEMPATH\CodeIgniter.php(368): CodeIgniter\CodeIgniter->handleRequest(null, Object(Config\Cache), false)
 4 FCPATH\index.php(67): CodeIgniter\CodeIgniter->run()
CRITICAL - 2023-07-14 21:15:55 --> Class "App\Models\Prioridade" not found
in APPPATH\Controllers\AdmPost.php on line 18.
 1 SYSTEMPATH\CodeIgniter.php(934): App\Controllers\AdmPost->lista_corte()
 2 SYSTEMPATH\CodeIgniter.php(499): CodeIgniter\CodeIgniter->runController(Object(App\Controllers\AdmPost))
 3 SYSTEMPATH\CodeIgniter.php(368): CodeIgniter\CodeIgniter->handleRequest(null, Object(Config\Cache), false)
 4 FCPATH\index.php(67): CodeIgniter\CodeIgniter->run()
CRITICAL - 2023-07-14 21:15:56 --> Class "App\Models\Prioridade" not found
in APPPATH\Controllers\AdmPost.php on line 18.
 1 SYSTEMPATH\CodeIgniter.php(934): App\Controllers\AdmPost->lista_corte()
 2 SYSTEMPATH\CodeIgniter.php(499): CodeIgniter\CodeIgniter->runController(Object(App\Controllers\AdmPost))
 3 SYSTEMPATH\CodeIgniter.php(368): CodeIgniter\CodeIgniter->handleRequest(null, Object(Config\Cache), false)
 4 FCPATH\index.php(67): CodeIgniter\CodeIgniter->run()
CRITICAL - 2023-07-14 21:15:57 --> Class "App\Models\Prioridade" not found
in APPPATH\Controllers\AdmPost.php on line 18.
 1 SYSTEMPATH\CodeIgniter.php(934): App\Controllers\AdmPost->lista_corte()
 2 SYSTEMPATH\CodeIgniter.php(499): CodeIgniter\CodeIgniter->runController(Object(App\Controllers\AdmPost))
 3 SYSTEMPATH\CodeIgniter.php(368): CodeIgniter\CodeIgniter->handleRequest(null, Object(Config\Cache), false)
 4 FCPATH\index.php(67): CodeIgniter\CodeIgniter->run()
CRITICAL - 2023-07-14 21:15:57 --> Class "App\Models\Prioridade" not found
in APPPATH\Controllers\AdmPost.php on line 18.
 1 SYSTEMPATH\CodeIgniter.php(934): App\Controllers\AdmPost->lista_corte()
 2 SYSTEMPATH\CodeIgniter.php(499): CodeIgniter\CodeIgniter->runController(Object(App\Controllers\AdmPost))
 3 SYSTEMPATH\CodeIgniter.php(368): CodeIgniter\CodeIgniter->handleRequest(null, Object(Config\Cache), false)
 4 FCPATH\index.php(67): CodeIgniter\CodeIgniter->run()
CRITICAL - 2023-07-14 21:15:58 --> Class "App\Models\Prioridade" not found
in APPPATH\Controllers\AdmPost.php on line 18.
 1 SYSTEMPATH\CodeIgniter.php(934): App\Controllers\AdmPost->lista_corte()
 2 SYSTEMPATH\CodeIgniter.php(499): CodeIgniter\CodeIgniter->runController(Object(App\Controllers\AdmPost))
 3 SYSTEMPATH\CodeIgniter.php(368): CodeIgniter\CodeIgniter->handleRequest(null, Object(Config\Cache), false)
 4 FCPATH\index.php(67): CodeIgniter\CodeIgniter->run()
CRITICAL - 2023-07-14 21:15:59 --> Class "App\Models\Prioridade" not found
in APPPATH\Controllers\AdmPost.php on line 18.
 1 SYSTEMPATH\CodeIgniter.php(934): App\Controllers\AdmPost->lista_corte()
 2 SYSTEMPATH\CodeIgniter.php(499): CodeIgniter\CodeIgniter->runController(Object(App\Controllers\AdmPost))
 3 SYSTEMPATH\CodeIgniter.php(368): CodeIgniter\CodeIgniter->handleRequest(null, Object(Config\Cache), false)
 4 FCPATH\index.php(67): CodeIgniter\CodeIgniter->run()
CRITICAL - 2023-07-14 21:16:00 --> Class "App\Models\Prioridade" not found
in APPPATH\Controllers\AdmPost.php on line 18.
 1 SYSTEMPATH\CodeIgniter.php(934): App\Controllers\AdmPost->lista_corte()
 2 SYSTEMPATH\CodeIgniter.php(499): CodeIgniter\CodeIgniter->runController(Object(App\Controllers\AdmPost))
 3 SYSTEMPATH\CodeIgniter.php(368): CodeIgniter\CodeIgniter->handleRequest(null, Object(Config\Cache), false)
 4 FCPATH\index.php(67): CodeIgniter\CodeIgniter->run()
CRITICAL - 2023-07-14 21:16:01 --> Class "App\Models\Prioridade" not found
in APPPATH\Controllers\AdmPost.php on line 18.
 1 SYSTEMPATH\CodeIgniter.php(934): App\Controllers\AdmPost->lista_corte()
 2 SYSTEMPATH\CodeIgniter.php(499): CodeIgniter\CodeIgniter->runController(Object(App\Controllers\AdmPost))
 3 SYSTEMPATH\CodeIgniter.php(368): CodeIgniter\CodeIgniter->handleRequest(null, Object(Config\Cache), false)
 4 FCPATH\index.php(67): CodeIgniter\CodeIgniter->run()
CRITICAL - 2023-07-14 21:16:02 --> Class "App\Models\Prioridade" not found
in APPPATH\Controllers\AdmPost.php on line 18.
 1 SYSTEMPATH\CodeIgniter.php(934): App\Controllers\AdmPost->lista_corte()
 2 SYSTEMPATH\CodeIgniter.php(499): CodeIgniter\CodeIgniter->runController(Object(App\Controllers\AdmPost))
 3 SYSTEMPATH\CodeIgniter.php(368): CodeIgniter\CodeIgniter->handleRequest(null, Object(Config\Cache), false)
 4 FCPATH\index.php(67): CodeIgniter\CodeIgniter->run()
CRITICAL - 2023-07-14 21:16:03 --> Class "App\Models\Prioridade" not found
in APPPATH\Controllers\AdmPost.php on line 18.
 1 SYSTEMPATH\CodeIgniter.php(934): App\Controllers\AdmPost->lista_corte()
 2 SYSTEMPATH\CodeIgniter.php(499): CodeIgniter\CodeIgniter->runController(Object(App\Controllers\AdmPost))
 3 SYSTEMPATH\CodeIgniter.php(368): CodeIgniter\CodeIgniter->handleRequest(null, Object(Config\Cache), false)
 4 FCPATH\index.php(67): CodeIgniter\CodeIgniter->run()
CRITICAL - 2023-07-14 21:16:04 --> Class "App\Models\Prioridade" not found
in APPPATH\Controllers\AdmPost.php on line 18.
 1 SYSTEMPATH\CodeIgniter.php(934): App\Controllers\AdmPost->lista_corte()
 2 SYSTEMPATH\CodeIgniter.php(499): CodeIgniter\CodeIgniter->runController(Object(App\Controllers\AdmPost))
 3 SYSTEMPATH\CodeIgniter.php(368): CodeIgniter\CodeIgniter->handleRequest(null, Object(Config\Cache), false)
 4 FCPATH\index.php(67): CodeIgniter\CodeIgniter->run()
CRITICAL - 2023-07-14 21:16:05 --> Class "App\Models\Prioridade" not found
in APPPATH\Controllers\AdmPost.php on line 18.
 1 SYSTEMPATH\CodeIgniter.php(934): App\Controllers\AdmPost->lista_corte()
 2 SYSTEMPATH\CodeIgniter.php(499): CodeIgniter\CodeIgniter->runController(Object(App\Controllers\AdmPost))
 3 SYSTEMPATH\CodeIgniter.php(368): CodeIgniter\CodeIgniter->handleRequest(null, Object(Config\Cache), false)
 4 FCPATH\index.php(67): CodeIgniter\CodeIgniter->run()
CRITICAL - 2023-07-14 21:16:06 --> Class "App\Models\Prioridade" not found
in APPPATH\Controllers\AdmPost.php on line 18.
 1 SYSTEMPATH\CodeIgniter.php(934): App\Controllers\AdmPost->lista_corte()
 2 SYSTEMPATH\CodeIgniter.php(499): CodeIgniter\CodeIgniter->runController(Object(App\Controllers\AdmPost))
 3 SYSTEMPATH\CodeIgniter.php(368): CodeIgniter\CodeIgniter->handleRequest(null, Object(Config\Cache), false)
 4 FCPATH\index.php(67): CodeIgniter\CodeIgniter->run()
CRITICAL - 2023-07-14 21:16:07 --> Class "App\Models\Prioridade" not found
in APPPATH\Controllers\AdmPost.php on line 18.
 1 SYSTEMPATH\CodeIgniter.php(934): App\Controllers\AdmPost->lista_corte()
 2 SYSTEMPATH\CodeIgniter.php(499): CodeIgniter\CodeIgniter->runController(Object(App\Controllers\AdmPost))
 3 SYSTEMPATH\CodeIgniter.php(368): CodeIgniter\CodeIgniter->handleRequest(null, Object(Config\Cache), false)
 4 FCPATH\index.php(67): CodeIgniter\CodeIgniter->run()
CRITICAL - 2023-07-14 21:16:08 --> Class "App\Models\Prioridade" not found
in APPPATH\Controllers\AdmPost.php on line 18.
 1 SYSTEMPATH\CodeIgniter.php(934): App\Controllers\AdmPost->lista_corte()
 2 SYSTEMPATH\CodeIgniter.php(499): CodeIgniter\CodeIgniter->runController(Object(App\Controllers\AdmPost))
 3 SYSTEMPATH\CodeIgniter.php(368): CodeIgniter\CodeIgniter->handleRequest(null, Object(Config\Cache), false)
 4 FCPATH\index.php(67): CodeIgniter\CodeIgniter->run()
CRITICAL - 2023-07-14 21:16:09 --> Class "App\Models\Prioridade" not found
in APPPATH\Controllers\AdmPost.php on line 18.
 1 SYSTEMPATH\CodeIgniter.php(934): App\Controllers\AdmPost->lista_corte()
 2 SYSTEMPATH\CodeIgniter.php(499): CodeIgniter\CodeIgniter->runController(Object(App\Controllers\AdmPost))
 3 SYSTEMPATH\CodeIgniter.php(368): CodeIgniter\CodeIgniter->handleRequest(null, Object(Config\Cache), false)
 4 FCPATH\index.php(67): CodeIgniter\CodeIgniter->run()
CRITICAL - 2023-07-14 21:16:10 --> Class "App\Models\Prioridade" not found
in APPPATH\Controllers\AdmPost.php on line 18.
 1 SYSTEMPATH\CodeIgniter.php(934): App\Controllers\AdmPost->lista_corte()
 2 SYSTEMPATH\CodeIgniter.php(499): CodeIgniter\CodeIgniter->runController(Object(App\Controllers\AdmPost))
 3 SYSTEMPATH\CodeIgniter.php(368): CodeIgniter\CodeIgniter->handleRequest(null, Object(Config\Cache), false)
 4 FCPATH\index.php(67): CodeIgniter\CodeIgniter->run()
CRITICAL - 2023-07-14 21:16:11 --> Class "App\Models\Prioridade" not found
in APPPATH\Controllers\AdmPost.php on line 18.
 1 SYSTEMPATH\CodeIgniter.php(934): App\Controllers\AdmPost->lista_corte()
 2 SYSTEMPATH\CodeIgniter.php(499): CodeIgniter\CodeIgniter->runController(Object(App\Controllers\AdmPost))
 3 SYSTEMPATH\CodeIgniter.php(368): CodeIgniter\CodeIgniter->handleRequest(null, Object(Config\Cache), false)
 4 FCPATH\index.php(67): CodeIgniter\CodeIgniter->run()
CRITICAL - 2023-07-14 21:16:12 --> Class "App\Models\Prioridade" not found
in APPPATH\Controllers\AdmPost.php on line 18.
 1 SYSTEMPATH\CodeIgniter.php(934): App\Controllers\AdmPost->lista_corte()
 2 SYSTEMPATH\CodeIgniter.php(499): CodeIgniter\CodeIgniter->runController(Object(App\Controllers\AdmPost))
 3 SYSTEMPATH\CodeIgniter.php(368): CodeIgniter\CodeIgniter->handleRequest(null, Object(Config\Cache), false)
 4 FCPATH\index.php(67): CodeIgniter\CodeIgniter->run()
CRITICAL - 2023-07-14 21:16:13 --> Class "App\Models\Prioridade" not found
in APPPATH\Controllers\AdmPost.php on line 18.
 1 SYSTEMPATH\CodeIgniter.php(934): App\Controllers\AdmPost->lista_corte()
 2 SYSTEMPATH\CodeIgniter.php(499): CodeIgniter\CodeIgniter->runController(Object(App\Controllers\AdmPost))
 3 SYSTEMPATH\CodeIgniter.php(368): CodeIgniter\CodeIgniter->handleRequest(null, Object(Config\Cache), false)
 4 FCPATH\index.php(67): CodeIgniter\CodeIgniter->run()
CRITICAL - 2023-07-14 21:16:14 --> Class "App\Models\Prioridade" not found
in APPPATH\Controllers\AdmPost.php on line 18.
 1 SYSTEMPATH\CodeIgniter.php(934): App\Controllers\AdmPost->lista_corte()
 2 SYSTEMPATH\CodeIgniter.php(499): CodeIgniter\CodeIgniter->runController(Object(App\Controllers\AdmPost))
 3 SYSTEMPATH\CodeIgniter.php(368): CodeIgniter\CodeIgniter->handleRequest(null, Object(Config\Cache), false)
 4 FCPATH\index.php(67): CodeIgniter\CodeIgniter->run()
CRITICAL - 2023-07-14 21:16:15 --> Class "App\Models\Prioridade" not found
in APPPATH\Controllers\AdmPost.php on line 18.
 1 SYSTEMPATH\CodeIgniter.php(934): App\Controllers\AdmPost->lista_corte()
 2 SYSTEMPATH\CodeIgniter.php(499): CodeIgniter\CodeIgniter->runController(Object(App\Controllers\AdmPost))
 3 SYSTEMPATH\CodeIgniter.php(368): CodeIgniter\CodeIgniter->handleRequest(null, Object(Config\Cache), false)
 4 FCPATH\index.php(67): CodeIgniter\CodeIgniter->run()
CRITICAL - 2023-07-14 21:16:16 --> Class "App\Models\Prioridade" not found
in APPPATH\Controllers\AdmPost.php on line 18.
 1 SYSTEMPATH\CodeIgniter.php(934): App\Controllers\AdmPost->lista_corte()
 2 SYSTEMPATH\CodeIgniter.php(499): CodeIgniter\CodeIgniter->runController(Object(App\Controllers\AdmPost))
 3 SYSTEMPATH\CodeIgniter.php(368): CodeIgniter\CodeIgniter->handleRequest(null, Object(Config\Cache), false)
 4 FCPATH\index.php(67): CodeIgniter\CodeIgniter->run()
CRITICAL - 2023-07-14 21:16:17 --> Class "App\Models\Prioridade" not found
in APPPATH\Controllers\AdmPost.php on line 18.
 1 SYSTEMPATH\CodeIgniter.php(934): App\Controllers\AdmPost->lista_corte()
 2 SYSTEMPATH\CodeIgniter.php(499): CodeIgniter\CodeIgniter->runController(Object(App\Controllers\AdmPost))
 3 SYSTEMPATH\CodeIgniter.php(368): CodeIgniter\CodeIgniter->handleRequest(null, Object(Config\Cache), false)
 4 FCPATH\index.php(67): CodeIgniter\CodeIgniter->run()
CRITICAL - 2023-07-14 21:16:18 --> Class "App\Models\Prioridade" not found
in APPPATH\Controllers\AdmPost.php on line 18.
 1 SYSTEMPATH\CodeIgniter.php(934): App\Controllers\AdmPost->lista_corte()
 2 SYSTEMPATH\CodeIgniter.php(499): CodeIgniter\CodeIgniter->runController(Object(App\Controllers\AdmPost))
 3 SYSTEMPATH\CodeIgniter.php(368): CodeIgniter\CodeIgniter->handleRequest(null, Object(Config\Cache), false)
 4 FCPATH\index.php(67): CodeIgniter\CodeIgniter->run()
CRITICAL - 2023-07-14 21:16:19 --> Class "App\Models\Prioridade" not found
in APPPATH\Controllers\AdmPost.php on line 18.
 1 SYSTEMPATH\CodeIgniter.php(934): App\Controllers\AdmPost->lista_corte()
 2 SYSTEMPATH\CodeIgniter.php(499): CodeIgniter\CodeIgniter->runController(Object(App\Controllers\AdmPost))
 3 SYSTEMPATH\CodeIgniter.php(368): CodeIgniter\CodeIgniter->handleRequest(null, Object(Config\Cache), false)
 4 FCPATH\index.php(67): CodeIgniter\CodeIgniter->run()
CRITICAL - 2023-07-14 21:16:20 --> Class "App\Models\Prioridade" not found
in APPPATH\Controllers\AdmPost.php on line 18.
 1 SYSTEMPATH\CodeIgniter.php(934): App\Controllers\AdmPost->lista_corte()
 2 SYSTEMPATH\CodeIgniter.php(499): CodeIgniter\CodeIgniter->runController(Object(App\Controllers\AdmPost))
 3 SYSTEMPATH\CodeIgniter.php(368): CodeIgniter\CodeIgniter->handleRequest(null, Object(Config\Cache), false)
 4 FCPATH\index.php(67): CodeIgniter\CodeIgniter->run()
CRITICAL - 2023-07-14 21:16:21 --> Class "App\Models\Prioridades" not found
in APPPATH\Controllers\AdmPost.php on line 18.
 1 SYSTEMPATH\CodeIgniter.php(934): App\Controllers\AdmPost->lista_corte()
 2 SYSTEMPATH\CodeIgniter.php(499): CodeIgniter\CodeIgniter->runController(Object(App\Controllers\AdmPost))
 3 SYSTEMPATH\CodeIgniter.php(368): CodeIgniter\CodeIgniter->handleRequest(null, Object(Config\Cache), false)
 4 FCPATH\index.php(67): CodeIgniter\CodeIgniter->run()
CRITICAL - 2023-07-14 21:16:22 --> Class "App\Models\Prioridades" not found
in APPPATH\Controllers\AdmPost.php on line 18.
 1 SYSTEMPATH\CodeIgniter.php(934): App\Controllers\AdmPost->lista_corte()
 2 SYSTEMPATH\CodeIgniter.php(499): CodeIgniter\CodeIgniter->runController(Object(App\Controllers\AdmPost))
 3 SYSTEMPATH\CodeIgniter.php(368): CodeIgniter\CodeIgniter->handleRequest(null, Object(Config\Cache), false)
 4 FCPATH\index.php(67): CodeIgniter\CodeIgniter->run()
CRITICAL - 2023-07-14 21:16:23 --> Class "App\Models\Prioridades" not found
in APPPATH\Controllers\AdmPost.php on line 18.
 1 SYSTEMPATH\CodeIgniter.php(934): App\Controllers\AdmPost->lista_corte()
 2 SYSTEMPATH\CodeIgniter.php(499): CodeIgniter\CodeIgniter->runController(Object(App\Controllers\AdmPost))
 3 SYSTEMPATH\CodeIgniter.php(368): CodeIgniter\CodeIgniter->handleRequest(null, Object(Config\Cache), false)
 4 FCPATH\index.php(67): CodeIgniter\CodeIgniter->run()
CRITICAL - 2023-07-14 21:16:24 --> Class "App\Models\Prioridades" not found
in APPPATH\Controllers\AdmPost.php on line 18.
 1 SYSTEMPATH\CodeIgniter.php(934): App\Controllers\AdmPost->lista_corte()
 2 SYSTEMPATH\CodeIgniter.php(499): CodeIgniter\CodeIgniter->runController(Object(App\Controllers\AdmPost))
 3 SYSTEMPATH\CodeIgniter.php(368): CodeIgniter\CodeIgniter->handleRequest(null, Object(Config\Cache), false)
 4 FCPATH\index.php(67): CodeIgniter\CodeIgniter->run()
CRITICAL - 2023-07-14 21:16:25 --> Class "App\Models\Prioridades" not found
in APPPATH\Controllers\AdmPost.php on line 18.
 1 SYSTEMPATH\CodeIgniter.php(934): App\Controllers\AdmPost->lista_corte()
 2 SYSTEMPATH\CodeIgniter.php(499): CodeIgniter\CodeIgniter->runController(Object(App\Controllers\AdmPost))
 3 SYSTEMPATH\CodeIgniter.php(368): CodeIgniter\CodeIgniter->handleRequest(null, Object(Config\Cache), false)
 4 FCPATH\index.php(67): CodeIgniter\CodeIgniter->run()
CRITICAL - 2023-07-14 21:16:26 --> Class "App\Models\Prioridades" not found
in APPPATH\Controllers\AdmPost.php on line 18.
 1 SYSTEMPATH\CodeIgniter.php(934): App\Controllers\AdmPost->lista_corte()
 2 SYSTEMPATH\CodeIgniter.php(499): CodeIgniter\CodeIgniter->runController(Object(App\Controllers\AdmPost))
 3 SYSTEMPATH\CodeIgniter.php(368): CodeIgniter\CodeIgniter->handleRequest(null, Object(Config\Cache), false)
 4 FCPATH\index.php(67): CodeIgniter\CodeIgniter->run()
CRITICAL - 2023-07-14 21:16:26 --> Class "App\Models\Prioridades" not found
in APPPATH\Controllers\AdmPost.php on line 18.
 1 SYSTEMPATH\CodeIgniter.php(934): App\Controllers\AdmPost->lista_corte()
 2 SYSTEMPATH\CodeIgniter.php(499): CodeIgniter\CodeIgniter->runController(Object(App\Controllers\AdmPost))
 3 SYSTEMPATH\CodeIgniter.php(368): CodeIgniter\CodeIgniter->handleRequest(null, Object(Config\Cache), false)
 4 FCPATH\index.php(67): CodeIgniter\CodeIgniter->run()
CRITICAL - 2023-07-14 21:16:27 --> Class "App\Models\Prioridades" not found
in APPPATH\Controllers\AdmPost.php on line 18.
 1 SYSTEMPATH\CodeIgniter.php(934): App\Controllers\AdmPost->lista_corte()
 2 SYSTEMPATH\CodeIgniter.php(499): CodeIgniter\CodeIgniter->runController(Object(App\Controllers\AdmPost))
 3 SYSTEMPATH\CodeIgniter.php(368): CodeIgniter\CodeIgniter->handleRequest(null, Object(Config\Cache), false)
 4 FCPATH\index.php(67): CodeIgniter\CodeIgniter->run()
CRITICAL - 2023-07-14 21:16:28 --> Class "App\Models\Prioridades" not found
in APPPATH\Controllers\AdmPost.php on line 18.
 1 SYSTEMPATH\CodeIgniter.php(934): App\Controllers\AdmPost->lista_corte()
 2 SYSTEMPATH\CodeIgniter.php(499): CodeIgniter\CodeIgniter->runController(Object(App\Controllers\AdmPost))
 3 SYSTEMPATH\CodeIgniter.php(368): CodeIgniter\CodeIgniter->handleRequest(null, Object(Config\Cache), false)
 4 FCPATH\index.php(67): CodeIgniter\CodeIgniter->run()
CRITICAL - 2023-07-14 21:16:29 --> Class "App\Models\Prioridades" not found
in APPPATH\Controllers\AdmPost.php on line 18.
 1 SYSTEMPATH\CodeIgniter.php(934): App\Controllers\AdmPost->lista_corte()
 2 SYSTEMPATH\CodeIgniter.php(499): CodeIgniter\CodeIgniter->runController(Object(App\Controllers\AdmPost))
 3 SYSTEMPATH\CodeIgniter.php(368): CodeIgniter\CodeIgniter->handleRequest(null, Object(Config\Cache), false)
 4 FCPATH\index.php(67): CodeIgniter\CodeIgniter->run()
CRITICAL - 2023-07-14 21:16:30 --> Class "App\Models\Prioridades" not found
in APPPATH\Controllers\AdmPost.php on line 18.
 1 SYSTEMPATH\CodeIgniter.php(934): App\Controllers\AdmPost->lista_corte()
 2 SYSTEMPATH\CodeIgniter.php(499): CodeIgniter\CodeIgniter->runController(Object(App\Controllers\AdmPost))
 3 SYSTEMPATH\CodeIgniter.php(368): CodeIgniter\CodeIgniter->handleRequest(null, Object(Config\Cache), false)
 4 FCPATH\index.php(67): CodeIgniter\CodeIgniter->run()
CRITICAL - 2023-07-14 21:16:31 --> Class "App\Models\Prioridades" not found
in APPPATH\Controllers\AdmPost.php on line 18.
 1 SYSTEMPATH\CodeIgniter.php(934): App\Controllers\AdmPost->lista_corte()
 2 SYSTEMPATH\CodeIgniter.php(499): CodeIgniter\CodeIgniter->runController(Object(App\Controllers\AdmPost))
 3 SYSTEMPATH\CodeIgniter.php(368): CodeIgniter\CodeIgniter->handleRequest(null, Object(Config\Cache), false)
 4 FCPATH\index.php(67): CodeIgniter\CodeIgniter->run()
CRITICAL - 2023-07-14 21:16:32 --> Class "App\Models\Prioridades" not found
in APPPATH\Controllers\AdmPost.php on line 18.
 1 SYSTEMPATH\CodeIgniter.php(934): App\Controllers\AdmPost->lista_corte()
 2 SYSTEMPATH\CodeIgniter.php(499): CodeIgniter\CodeIgniter->runController(Object(App\Controllers\AdmPost))
 3 SYSTEMPATH\CodeIgniter.php(368): CodeIgniter\CodeIgniter->handleRequest(null, Object(Config\Cache), false)
 4 FCPATH\index.php(67): CodeIgniter\CodeIgniter->run()
CRITICAL - 2023-07-14 21:16:33 --> Class "App\Models\Prioridades" not found
in APPPATH\Controllers\AdmPost.php on line 18.
 1 SYSTEMPATH\CodeIgniter.php(934): App\Controllers\AdmPost->lista_corte()
 2 SYSTEMPATH\CodeIgniter.php(499): CodeIgniter\CodeIgniter->runController(Object(App\Controllers\AdmPost))
 3 SYSTEMPATH\CodeIgniter.php(368): CodeIgniter\CodeIgniter->handleRequest(null, Object(Config\Cache), false)
 4 FCPATH\index.php(67): CodeIgniter\CodeIgniter->run()
CRITICAL - 2023-07-14 21:16:34 --> Class "App\Models\Prioridades" not found
in APPPATH\Controllers\AdmPost.php on line 18.
 1 SYSTEMPATH\CodeIgniter.php(934): App\Controllers\AdmPost->lista_corte()
 2 SYSTEMPATH\CodeIgniter.php(499): CodeIgniter\CodeIgniter->runController(Object(App\Controllers\AdmPost))
 3 SYSTEMPATH\CodeIgniter.php(368): CodeIgniter\CodeIgniter->handleRequest(null, Object(Config\Cache), false)
 4 FCPATH\index.php(67): CodeIgniter\CodeIgniter->run()
CRITICAL - 2023-07-14 21:16:35 --> Class "App\Models\Prioridades" not found
in APPPATH\Controllers\AdmPost.php on line 18.
 1 SYSTEMPATH\CodeIgniter.php(934): App\Controllers\AdmPost->lista_corte()
 2 SYSTEMPATH\CodeIgniter.php(499): CodeIgniter\CodeIgniter->runController(Object(App\Controllers\AdmPost))
 3 SYSTEMPATH\CodeIgniter.php(368): CodeIgniter\CodeIgniter->handleRequest(null, Object(Config\Cache), false)
 4 FCPATH\index.php(67): CodeIgniter\CodeIgniter->run()
CRITICAL - 2023-07-14 21:16:36 --> Class "App\Models\Prioridades" not found
in APPPATH\Controllers\AdmPost.php on line 18.
 1 SYSTEMPATH\CodeIgniter.php(934): App\Controllers\AdmPost->lista_corte()
 2 SYSTEMPATH\CodeIgniter.php(499): CodeIgniter\CodeIgniter->runController(Object(App\Controllers\AdmPost))
 3 SYSTEMPATH\CodeIgniter.php(368): CodeIgniter\CodeIgniter->handleRequest(null, Object(Config\Cache), false)
 4 FCPATH\index.php(67): CodeIgniter\CodeIgniter->run()
CRITICAL - 2023-07-14 21:16:37 --> Class "App\Models\Prioridades" not found
in APPPATH\Controllers\AdmPost.php on line 18.
 1 SYSTEMPATH\CodeIgniter.php(934): App\Controllers\AdmPost->lista_corte()
 2 SYSTEMPATH\CodeIgniter.php(499): CodeIgniter\CodeIgniter->runController(Object(App\Controllers\AdmPost))
 3 SYSTEMPATH\CodeIgniter.php(368): CodeIgniter\CodeIgniter->handleRequest(null, Object(Config\Cache), false)
 4 FCPATH\index.php(67): CodeIgniter\CodeIgniter->run()
CRITICAL - 2023-07-14 21:16:38 --> Class "App\Models\Prioridades" not found
in APPPATH\Controllers\AdmPost.php on line 18.
 1 SYSTEMPATH\CodeIgniter.php(934): App\Controllers\AdmPost->lista_corte()
 2 SYSTEMPATH\CodeIgniter.php(499): CodeIgniter\CodeIgniter->runController(Object(App\Controllers\AdmPost))
 3 SYSTEMPATH\CodeIgniter.php(368): CodeIgniter\CodeIgniter->handleRequest(null, Object(Config\Cache), false)
 4 FCPATH\index.php(67): CodeIgniter\CodeIgniter->run()
CRITICAL - 2023-07-14 21:16:39 --> Class "App\Models\Empreendimento" not found
in APPPATH\Controllers\AdmPost.php on line 21.
 1 SYSTEMPATH\CodeIgniter.php(934): App\Controllers\AdmPost->lista_corte()
 2 SYSTEMPATH\CodeIgniter.php(499): CodeIgniter\CodeIgniter->runController(Object(App\Controllers\AdmPost))
 3 SYSTEMPATH\CodeIgniter.php(368): CodeIgniter\CodeIgniter->handleRequest(null, Object(Config\Cache), false)
 4 FCPATH\index.php(67): CodeIgniter\CodeIgniter->run()
CRITICAL - 2023-07-14 21:16:40 --> Class "App\Models\Empreendimento" not found
in APPPATH\Controllers\AdmPost.php on line 21.
 1 SYSTEMPATH\CodeIgniter.php(934): App\Controllers\AdmPost->lista_corte()
 2 SYSTEMPATH\CodeIgniter.php(499): CodeIgniter\CodeIgniter->runController(Object(App\Controllers\AdmPost))
 3 SYSTEMPATH\CodeIgniter.php(368): CodeIgniter\CodeIgniter->handleRequest(null, Object(Config\Cache), false)
 4 FCPATH\index.php(67): CodeIgniter\CodeIgniter->run()
CRITICAL - 2023-07-14 21:16:41 --> Class "App\Models\Empreendimento" not found
in APPPATH\Controllers\AdmPost.php on line 21.
 1 SYSTEMPATH\CodeIgniter.php(934): App\Controllers\AdmPost->lista_corte()
 2 SYSTEMPATH\CodeIgniter.php(499): CodeIgniter\CodeIgniter->runController(Object(App\Controllers\AdmPost))
 3 SYSTEMPATH\CodeIgniter.php(368): CodeIgniter\CodeIgniter->handleRequest(null, Object(Config\Cache), false)
 4 FCPATH\index.php(67): CodeIgniter\CodeIgniter->run()
CRITICAL - 2023-07-14 21:16:42 --> Class "App\Models\Empreendimento" not found
in APPPATH\Controllers\AdmPost.php on line 21.
 1 SYSTEMPATH\CodeIgniter.php(934): App\Controllers\AdmPost->lista_corte()
 2 SYSTEMPATH\CodeIgniter.php(499): CodeIgniter\CodeIgniter->runController(Object(App\Controllers\AdmPost))
 3 SYSTEMPATH\CodeIgniter.php(368): CodeIgniter\CodeIgniter->handleRequest(null, Object(Config\Cache), false)
 4 FCPATH\index.php(67): CodeIgniter\CodeIgniter->run()
CRITICAL - 2023-07-14 21:16:43 --> Class "App\Models\Empreendimento" not found
in APPPATH\Controllers\AdmPost.php on line 21.
 1 SYSTEMPATH\CodeIgniter.php(934): App\Controllers\AdmPost->lista_corte()
 2 SYSTEMPATH\CodeIgniter.php(499): CodeIgniter\CodeIgniter->runController(Object(App\Controllers\AdmPost))
 3 SYSTEMPATH\CodeIgniter.php(368): CodeIgniter\CodeIgniter->handleRequest(null, Object(Config\Cache), false)
 4 FCPATH\index.php(67): CodeIgniter\CodeIgniter->run()
CRITICAL - 2023-07-14 21:16:44 --> Class "App\Models\Empreendimento" not found
in APPPATH\Controllers\AdmPost.php on line 21.
 1 SYSTEMPATH\CodeIgniter.php(934): App\Controllers\AdmPost->lista_corte()
 2 SYSTEMPATH\CodeIgniter.php(499): CodeIgniter\CodeIgniter->runController(Object(App\Controllers\AdmPost))
 3 SYSTEMPATH\CodeIgniter.php(368): CodeIgniter\CodeIgniter->handleRequest(null, Object(Config\Cache), false)
 4 FCPATH\index.php(67): CodeIgniter\CodeIgniter->run()
CRITICAL - 2023-07-14 21:16:45 --> Class "App\Models\Empreendimento" not found
in APPPATH\Controllers\AdmPost.php on line 21.
 1 SYSTEMPATH\CodeIgniter.php(934): App\Controllers\AdmPost->lista_corte()
 2 SYSTEMPATH\CodeIgniter.php(499): CodeIgniter\CodeIgniter->runController(Object(App\Controllers\AdmPost))
 3 SYSTEMPATH\CodeIgniter.php(368): CodeIgniter\CodeIgniter->handleRequest(null, Object(Config\Cache), false)
 4 FCPATH\index.php(67): CodeIgniter\CodeIgniter->run()
CRITICAL - 2023-07-14 21:16:46 --> Class "App\Models\Empreendimento" not found
in APPPATH\Controllers\AdmPost.php on line 21.
 1 SYSTEMPATH\CodeIgniter.php(934): App\Controllers\AdmPost->lista_corte()
 2 SYSTEMPATH\CodeIgniter.php(499): CodeIgniter\CodeIgniter->runController(Object(App\Controllers\AdmPost))
 3 SYSTEMPATH\CodeIgniter.php(368): CodeIgniter\CodeIgniter->handleRequest(null, Object(Config\Cache), false)
 4 FCPATH\index.php(67): CodeIgniter\CodeIgniter->run()
CRITICAL - 2023-07-14 21:16:47 --> Class "App\Models\Empreendimento" not found
in APPPATH\Controllers\AdmPost.php on line 21.
 1 SYSTEMPATH\CodeIgniter.php(934): App\Controllers\AdmPost->lista_corte()
 2 SYSTEMPATH\CodeIgniter.php(499): CodeIgniter\CodeIgniter->runController(Object(App\Controllers\AdmPost))
 3 SYSTEMPATH\CodeIgniter.php(368): CodeIgniter\CodeIgniter->handleRequest(null, Object(Config\Cache), false)
 4 FCPATH\index.php(67): CodeIgniter\CodeIgniter->run()
CRITICAL - 2023-07-14 21:16:48 --> Class "App\Models\Empreendimento" not found
in APPPATH\Controllers\AdmPost.php on line 21.
 1 SYSTEMPATH\CodeIgniter.php(934): App\Controllers\AdmPost->lista_corte()
 2 SYSTEMPATH\CodeIgniter.php(499): CodeIgniter\CodeIgniter->runController(Object(App\Controllers\AdmPost))
 3 SYSTEMPATH\CodeIgniter.php(368): CodeIgniter\CodeIgniter->handleRequest(null, Object(Config\Cache), false)
 4 FCPATH\index.php(67): CodeIgniter\CodeIgniter->run()
CRITICAL - 2023-07-14 21:16:49 --> Class "App\Models\Empreendimento" not found
in APPPATH\Controllers\AdmPost.php on line 21.
 1 SYSTEMPATH\CodeIgniter.php(934): App\Controllers\AdmPost->lista_corte()
 2 SYSTEMPATH\CodeIgniter.php(499): CodeIgniter\CodeIgniter->runController(Object(App\Controllers\AdmPost))
 3 SYSTEMPATH\CodeIgniter.php(368): CodeIgniter\CodeIgniter->handleRequest(null, Object(Config\Cache), false)
 4 FCPATH\index.php(67): CodeIgniter\CodeIgniter->run()
CRITICAL - 2023-07-14 21:16:50 --> Class "App\Models\Empreendimento" not found
in APPPATH\Controllers\AdmPost.php on line 21.
 1 SYSTEMPATH\CodeIgniter.php(934): App\Controllers\AdmPost->lista_corte()
 2 SYSTEMPATH\CodeIgniter.php(499): CodeIgniter\CodeIgniter->runController(Object(App\Controllers\AdmPost))
 3 SYSTEMPATH\CodeIgniter.php(368): CodeIgniter\CodeIgniter->handleRequest(null, Object(Config\Cache), false)
 4 FCPATH\index.php(67): CodeIgniter\CodeIgniter->run()
CRITICAL - 2023-07-14 21:16:51 --> Class "App\Models\Empreendimento" not found
in APPPATH\Controllers\AdmPost.php on line 21.
 1 SYSTEMPATH\CodeIgniter.php(934): App\Controllers\AdmPost->lista_corte()
 2 SYSTEMPATH\CodeIgniter.php(499): CodeIgniter\CodeIgniter->runController(Object(App\Controllers\AdmPost))
 3 SYSTEMPATH\CodeIgniter.php(368): CodeIgniter\CodeIgniter->handleRequest(null, Object(Config\Cache), false)
 4 FCPATH\index.php(67): CodeIgniter\CodeIgniter->run()
CRITICAL - 2023-07-14 21:16:52 --> Class "App\Models\Empreendimento" not found
in APPPATH\Controllers\AdmPost.php on line 21.
 1 SYSTEMPATH\CodeIgniter.php(934): App\Controllers\AdmPost->lista_corte()
 2 SYSTEMPATH\CodeIgniter.php(499): CodeIgniter\CodeIgniter->runController(Object(App\Controllers\AdmPost))
 3 SYSTEMPATH\CodeIgniter.php(368): CodeIgniter\CodeIgniter->handleRequest(null, Object(Config\Cache), false)
 4 FCPATH\index.php(67): CodeIgniter\CodeIgniter->run()
CRITICAL - 2023-07-14 21:16:53 --> Class "App\Models\Empreendimento" not found
in APPPATH\Controllers\AdmPost.php on line 21.
 1 SYSTEMPATH\CodeIgniter.php(934): App\Controllers\AdmPost->lista_corte()
 2 SYSTEMPATH\CodeIgniter.php(499): CodeIgniter\CodeIgniter->runController(Object(App\Controllers\AdmPost))
 3 SYSTEMPATH\CodeIgniter.php(368): CodeIgniter\CodeIgniter->handleRequest(null, Object(Config\Cache), false)
 4 FCPATH\index.php(67): CodeIgniter\CodeIgniter->run()
CRITICAL - 2023-07-14 21:16:54 --> Class "App\Models\Prioridades" not found
in APPPATH\Controllers\AdmPost.php on line 18.
 1 SYSTEMPATH\CodeIgniter.php(934): App\Controllers\AdmPost->lista_corte()
 2 SYSTEMPATH\CodeIgniter.php(499): CodeIgniter\CodeIgniter->runController(Object(App\Controllers\AdmPost))
 3 SYSTEMPATH\CodeIgniter.php(368): CodeIgniter\CodeIgniter->handleRequest(null, Object(Config\Cache), false)
 4 FCPATH\index.php(67): CodeIgniter\CodeIgniter->run()
CRITICAL - 2023-07-14 21:16:55 --> Class "App\Models\Prioridades" not found
in APPPATH\Controllers\AdmPost.php on line 18.
 1 SYSTEMPATH\CodeIgniter.php(934): App\Controllers\AdmPost->lista_corte()
 2 SYSTEMPATH\CodeIgniter.php(499): CodeIgniter\CodeIgniter->runController(Object(App\Controllers\AdmPost))
 3 SYSTEMPATH\CodeIgniter.php(368): CodeIgniter\CodeIgniter->handleRequest(null, Object(Config\Cache), false)
 4 FCPATH\index.php(67): CodeIgniter\CodeIgniter->run()
CRITICAL - 2023-07-14 21:17:14 --> Class "App\Models\Empreendimento" not found
in APPPATH\Controllers\AdmPost.php on line 21.
 1 SYSTEMPATH\CodeIgniter.php(934): App\Controllers\AdmPost->lista_corte()
 2 SYSTEMPATH\CodeIgniter.php(499): CodeIgniter\CodeIgniter->runController(Object(App\Controllers\AdmPost))
 3 SYSTEMPATH\CodeIgniter.php(368): CodeIgniter\CodeIgniter->handleRequest(null, Object(Config\Cache), false)
 4 FCPATH\index.php(67): CodeIgniter\CodeIgniter->run()
CRITICAL - 2023-07-14 21:17:37 --> Class "App\Models\Empreendimento" not found
in APPPATH\Controllers\AdmPost.php on line 21.
 1 SYSTEMPATH\CodeIgniter.php(934): App\Controllers\AdmPost->lista_corte()
 2 SYSTEMPATH\CodeIgniter.php(499): CodeIgniter\CodeIgniter->runController(Object(App\Controllers\AdmPost))
 3 SYSTEMPATH\CodeIgniter.php(368): CodeIgniter\CodeIgniter->handleRequest(null, Object(Config\Cache), false)
 4 FCPATH\index.php(67): CodeIgniter\CodeIgniter->run()
CRITICAL - 2023-07-14 21:18:37 --> Class "App\Models\Empreendimento" not found
in APPPATH\Controllers\AdmPost.php on line 21.
 1 SYSTEMPATH\CodeIgniter.php(934): App\Controllers\AdmPost->lista_corte()
 2 SYSTEMPATH\CodeIgniter.php(499): CodeIgniter\CodeIgniter->runController(Object(App\Controllers\AdmPost))
 3 SYSTEMPATH\CodeIgniter.php(368): CodeIgniter\CodeIgniter->handleRequest(null, Object(Config\Cache), false)
 4 FCPATH\index.php(67): CodeIgniter\CodeIgniter->run()
CRITICAL - 2023-07-14 21:19:37 --> Class "App\Models\Empreendimento" not found
in APPPATH\Controllers\AdmPost.php on line 21.
 1 SYSTEMPATH\CodeIgniter.php(934): App\Controllers\AdmPost->lista_corte()
 2 SYSTEMPATH\CodeIgniter.php(499): CodeIgniter\CodeIgniter->runController(Object(App\Controllers\AdmPost))
 3 SYSTEMPATH\CodeIgniter.php(368): CodeIgniter\CodeIgniter->handleRequest(null, Object(Config\Cache), false)
 4 FCPATH\index.php(67): CodeIgniter\CodeIgniter->run()
CRITICAL - 2023-07-14 21:20:37 --> Class "App\Models\Empreendimento" not found
in APPPATH\Controllers\AdmPost.php on line 21.
 1 SYSTEMPATH\CodeIgniter.php(934): App\Controllers\AdmPost->lista_corte()
 2 SYSTEMPATH\CodeIgniter.php(499): CodeIgniter\CodeIgniter->runController(Object(App\Controllers\AdmPost))
 3 SYSTEMPATH\CodeIgniter.php(368): CodeIgniter\CodeIgniter->handleRequest(null, Object(Config\Cache), false)
 4 FCPATH\index.php(67): CodeIgniter\CodeIgniter->run()
CRITICAL - 2023-07-14 21:21:37 --> Class "App\Models\Empreendimento" not found
in APPPATH\Controllers\AdmPost.php on line 21.
 1 SYSTEMPATH\CodeIgniter.php(934): App\Controllers\AdmPost->lista_corte()
 2 SYSTEMPATH\CodeIgniter.php(499): CodeIgniter\CodeIgniter->runController(Object(App\Controllers\AdmPost))
 3 SYSTEMPATH\CodeIgniter.php(368): CodeIgniter\CodeIgniter->handleRequest(null, Object(Config\Cache), false)
 4 FCPATH\index.php(67): CodeIgniter\CodeIgniter->run()
CRITICAL - 2023-07-14 21:22:37 --> Class "App\Models\Empreendimento" not found
in APPPATH\Controllers\AdmPost.php on line 21.
 1 SYSTEMPATH\CodeIgniter.php(934): App\Controllers\AdmPost->lista_corte()
 2 SYSTEMPATH\CodeIgniter.php(499): CodeIgniter\CodeIgniter->runController(Object(App\Controllers\AdmPost))
 3 SYSTEMPATH\CodeIgniter.php(368): CodeIgniter\CodeIgniter->handleRequest(null, Object(Config\Cache), false)
 4 FCPATH\index.php(67): CodeIgniter\CodeIgniter->run()
CRITICAL - 2023-07-14 21:23:37 --> Class "App\Models\Empreendimento" not found
in APPPATH\Controllers\AdmPost.php on line 21.
 1 SYSTEMPATH\CodeIgniter.php(934): App\Controllers\AdmPost->lista_corte()
 2 SYSTEMPATH\CodeIgniter.php(499): CodeIgniter\CodeIgniter->runController(Object(App\Controllers\AdmPost))
 3 SYSTEMPATH\CodeIgniter.php(368): CodeIgniter\CodeIgniter->handleRequest(null, Object(Config\Cache), false)
 4 FCPATH\index.php(67): CodeIgniter\CodeIgniter->run()
CRITICAL - 2023-07-14 21:24:37 --> Class "App\Models\Empreendimento" not found
in APPPATH\Controllers\AdmPost.php on line 21.
 1 SYSTEMPATH\CodeIgniter.php(934): App\Controllers\AdmPost->lista_corte()
 2 SYSTEMPATH\CodeIgniter.php(499): CodeIgniter\CodeIgniter->runController(Object(App\Controllers\AdmPost))
 3 SYSTEMPATH\CodeIgniter.php(368): CodeIgniter\CodeIgniter->handleRequest(null, Object(Config\Cache), false)
 4 FCPATH\index.php(67): CodeIgniter\CodeIgniter->run()
CRITICAL - 2023-07-14 21:25:37 --> Class "App\Models\Empreendimento" not found
in APPPATH\Controllers\AdmPost.php on line 21.
 1 SYSTEMPATH\CodeIgniter.php(934): App\Controllers\AdmPost->lista_corte()
 2 SYSTEMPATH\CodeIgniter.php(499): CodeIgniter\CodeIgniter->runController(Object(App\Controllers\AdmPost))
 3 SYSTEMPATH\CodeIgniter.php(368): CodeIgniter\CodeIgniter->handleRequest(null, Object(Config\Cache), false)
 4 FCPATH\index.php(67): CodeIgniter\CodeIgniter->run()
CRITICAL - 2023-07-14 21:26:37 --> Class "App\Models\Empreendimento" not found
in APPPATH\Controllers\AdmPost.php on line 21.
 1 SYSTEMPATH\CodeIgniter.php(934): App\Controllers\AdmPost->lista_corte()
 2 SYSTEMPATH\CodeIgniter.php(499): CodeIgniter\CodeIgniter->runController(Object(App\Controllers\AdmPost))
 3 SYSTEMPATH\CodeIgniter.php(368): CodeIgniter\CodeIgniter->handleRequest(null, Object(Config\Cache), false)
 4 FCPATH\index.php(67): CodeIgniter\CodeIgniter->run()
CRITICAL - 2023-07-14 21:27:37 --> Class "App\Models\Empreendimento" not found
in APPPATH\Controllers\AdmPost.php on line 21.
 1 SYSTEMPATH\CodeIgniter.php(934): App\Controllers\AdmPost->lista_corte()
 2 SYSTEMPATH\CodeIgniter.php(499): CodeIgniter\CodeIgniter->runController(Object(App\Controllers\AdmPost))
 3 SYSTEMPATH\CodeIgniter.php(368): CodeIgniter\CodeIgniter->handleRequest(null, Object(Config\Cache), false)
 4 FCPATH\index.php(67): CodeIgniter\CodeIgniter->run()
CRITICAL - 2023-07-14 21:28:37 --> Class "App\Models\Empreendimento" not found
in APPPATH\Controllers\AdmPost.php on line 21.
 1 SYSTEMPATH\CodeIgniter.php(934): App\Controllers\AdmPost->lista_corte()
 2 SYSTEMPATH\CodeIgniter.php(499): CodeIgniter\CodeIgniter->runController(Object(App\Controllers\AdmPost))
 3 SYSTEMPATH\CodeIgniter.php(368): CodeIgniter\CodeIgniter->handleRequest(null, Object(Config\Cache), false)
 4 FCPATH\index.php(67): CodeIgniter\CodeIgniter->run()
CRITICAL - 2023-07-14 21:36:06 --> Class "App\Models\Empreendimento" not found
in APPPATH\Controllers\AdmPost.php on line 21.
 1 SYSTEMPATH\CodeIgniter.php(934): App\Controllers\AdmPost->lista_corte()
 2 SYSTEMPATH\CodeIgniter.php(499): CodeIgniter\CodeIgniter->runController(Object(App\Controllers\AdmPost))
 3 SYSTEMPATH\CodeIgniter.php(368): CodeIgniter\CodeIgniter->handleRequest(null, Object(Config\Cache), false)
 4 FCPATH\index.php(67): CodeIgniter\CodeIgniter->run()
CRITICAL - 2023-07-14 21:36:07 --> Class "App\Models\Empreendimento" not found
in APPPATH\Controllers\AdmPost.php on line 21.
 1 SYSTEMPATH\CodeIgniter.php(934): App\Controllers\AdmPost->lista_corte()
 2 SYSTEMPATH\CodeIgniter.php(499): CodeIgniter\CodeIgniter->runController(Object(App\Controllers\AdmPost))
 3 SYSTEMPATH\CodeIgniter.php(368): CodeIgniter\CodeIgniter->handleRequest(null, Object(Config\Cache), false)
 4 FCPATH\index.php(67): CodeIgniter\CodeIgniter->run()
CRITICAL - 2023-07-14 21:36:09 --> Class "App\Models\Empreendimento" not found
in APPPATH\Controllers\AdmPost.php on line 21.
 1 SYSTEMPATH\CodeIgniter.php(934): App\Controllers\AdmPost->lista_corte()
 2 SYSTEMPATH\CodeIgniter.php(499): CodeIgniter\CodeIgniter->runController(Object(App\Controllers\AdmPost))
 3 SYSTEMPATH\CodeIgniter.php(368): CodeIgniter\CodeIgniter->handleRequest(null, Object(Config\Cache), false)
 4 FCPATH\index.php(67): CodeIgniter\CodeIgniter->run()
CRITICAL - 2023-07-14 21:36:10 --> Class "App\Models\Empreendimento" not found
in APPPATH\Controllers\AdmPost.php on line 21.
 1 SYSTEMPATH\CodeIgniter.php(934): App\Controllers\AdmPost->lista_corte()
 2 SYSTEMPATH\CodeIgniter.php(499): CodeIgniter\CodeIgniter->runController(Object(App\Controllers\AdmPost))
 3 SYSTEMPATH\CodeIgniter.php(368): CodeIgniter\CodeIgniter->handleRequest(null, Object(Config\Cache), false)
 4 FCPATH\index.php(67): CodeIgniter\CodeIgniter->run()
CRITICAL - 2023-07-14 21:36:11 --> Class "App\Models\Empreendimento" not found
in APPPATH\Controllers\AdmPost.php on line 21.
 1 SYSTEMPATH\CodeIgniter.php(934): App\Controllers\AdmPost->lista_corte()
 2 SYSTEMPATH\CodeIgniter.php(499): CodeIgniter\CodeIgniter->runController(Object(App\Controllers\AdmPost))
 3 SYSTEMPATH\CodeIgniter.php(368): CodeIgniter\CodeIgniter->handleRequest(null, Object(Config\Cache), false)
 4 FCPATH\index.php(67): CodeIgniter\CodeIgniter->run()
CRITICAL - 2023-07-14 21:36:12 --> Class "App\Models\Empreendimento" not found
in APPPATH\Controllers\AdmPost.php on line 21.
 1 SYSTEMPATH\CodeIgniter.php(934): App\Controllers\AdmPost->lista_corte()
 2 SYSTEMPATH\CodeIgniter.php(499): CodeIgniter\CodeIgniter->runController(Object(App\Controllers\AdmPost))
 3 SYSTEMPATH\CodeIgniter.php(368): CodeIgniter\CodeIgniter->handleRequest(null, Object(Config\Cache), false)
 4 FCPATH\index.php(67): CodeIgniter\CodeIgniter->run()
CRITICAL - 2023-07-14 21:36:13 --> Class "App\Models\Empreendimento" not found
in APPPATH\Controllers\AdmPost.php on line 21.
 1 SYSTEMPATH\CodeIgniter.php(934): App\Controllers\AdmPost->lista_corte()
 2 SYSTEMPATH\CodeIgniter.php(499): CodeIgniter\CodeIgniter->runController(Object(App\Controllers\AdmPost))
 3 SYSTEMPATH\CodeIgniter.php(368): CodeIgniter\CodeIgniter->handleRequest(null, Object(Config\Cache), false)
 4 FCPATH\index.php(67): CodeIgniter\CodeIgniter->run()
CRITICAL - 2023-07-14 21:36:14 --> Class "App\Models\Empreendimento" not found
in APPPATH\Controllers\AdmPost.php on line 21.
 1 SYSTEMPATH\CodeIgniter.php(934): App\Controllers\AdmPost->lista_corte()
 2 SYSTEMPATH\CodeIgniter.php(499): CodeIgniter\CodeIgniter->runController(Object(App\Controllers\AdmPost))
 3 SYSTEMPATH\CodeIgniter.php(368): CodeIgniter\CodeIgniter->handleRequest(null, Object(Config\Cache), false)
 4 FCPATH\index.php(67): CodeIgniter\CodeIgniter->run()
CRITICAL - 2023-07-14 21:36:15 --> Class "App\Models\Empreendimento" not found
in APPPATH\Controllers\AdmPost.php on line 21.
 1 SYSTEMPATH\CodeIgniter.php(934): App\Controllers\AdmPost->lista_corte()
 2 SYSTEMPATH\CodeIgniter.php(499): CodeIgniter\CodeIgniter->runController(Object(App\Controllers\AdmPost))
 3 SYSTEMPATH\CodeIgniter.php(368): CodeIgniter\CodeIgniter->handleRequest(null, Object(Config\Cache), false)
 4 FCPATH\index.php(67): CodeIgniter\CodeIgniter->run()
CRITICAL - 2023-07-14 21:36:16 --> Class "App\Models\Empreendimento" not found
in APPPATH\Controllers\AdmPost.php on line 21.
 1 SYSTEMPATH\CodeIgniter.php(934): App\Controllers\AdmPost->lista_corte()
 2 SYSTEMPATH\CodeIgniter.php(499): CodeIgniter\CodeIgniter->runController(Object(App\Controllers\AdmPost))
 3 SYSTEMPATH\CodeIgniter.php(368): CodeIgniter\CodeIgniter->handleRequest(null, Object(Config\Cache), false)
 4 FCPATH\index.php(67): CodeIgniter\CodeIgniter->run()
CRITICAL - 2023-07-14 21:36:17 --> Class "App\Models\Empreendimento" not found
in APPPATH\Controllers\AdmPost.php on line 21.
 1 SYSTEMPATH\CodeIgniter.php(934): App\Controllers\AdmPost->lista_corte()
 2 SYSTEMPATH\CodeIgniter.php(499): CodeIgniter\CodeIgniter->runController(Object(App\Controllers\AdmPost))
 3 SYSTEMPATH\CodeIgniter.php(368): CodeIgniter\CodeIgniter->handleRequest(null, Object(Config\Cache), false)
 4 FCPATH\index.php(67): CodeIgniter\CodeIgniter->run()
CRITICAL - 2023-07-14 21:36:18 --> Class "App\Models\Empreendimento" not found
in APPPATH\Controllers\AdmPost.php on line 21.
 1 SYSTEMPATH\CodeIgniter.php(934): App\Controllers\AdmPost->lista_corte()
 2 SYSTEMPATH\CodeIgniter.php(499): CodeIgniter\CodeIgniter->runController(Object(App\Controllers\AdmPost))
 3 SYSTEMPATH\CodeIgniter.php(368): CodeIgniter\CodeIgniter->handleRequest(null, Object(Config\Cache), false)
 4 FCPATH\index.php(67): CodeIgniter\CodeIgniter->run()
CRITICAL - 2023-07-14 21:36:19 --> Class "App\Models\Empreendimento" not found
in APPPATH\Controllers\AdmPost.php on line 21.
 1 SYSTEMPATH\CodeIgniter.php(934): App\Controllers\AdmPost->lista_corte()
 2 SYSTEMPATH\CodeIgniter.php(499): CodeIgniter\CodeIgniter->runController(Object(App\Controllers\AdmPost))
 3 SYSTEMPATH\CodeIgniter.php(368): CodeIgniter\CodeIgniter->handleRequest(null, Object(Config\Cache), false)
 4 FCPATH\index.php(67): CodeIgniter\CodeIgniter->run()
CRITICAL - 2023-07-14 21:36:20 --> Class "App\Models\Empreendimento" not found
in APPPATH\Controllers\AdmPost.php on line 21.
 1 SYSTEMPATH\CodeIgniter.php(934): App\Controllers\AdmPost->lista_corte()
 2 SYSTEMPATH\CodeIgniter.php(499): CodeIgniter\CodeIgniter->runController(Object(App\Controllers\AdmPost))
 3 SYSTEMPATH\CodeIgniter.php(368): CodeIgniter\CodeIgniter->handleRequest(null, Object(Config\Cache), false)
 4 FCPATH\index.php(67): CodeIgniter\CodeIgniter->run()
CRITICAL - 2023-07-14 21:36:21 --> Class "App\Models\Empreendimento" not found
in APPPATH\Controllers\AdmPost.php on line 21.
 1 SYSTEMPATH\CodeIgniter.php(934): App\Controllers\AdmPost->lista_corte()
 2 SYSTEMPATH\CodeIgniter.php(499): CodeIgniter\CodeIgniter->runController(Object(App\Controllers\AdmPost))
 3 SYSTEMPATH\CodeIgniter.php(368): CodeIgniter\CodeIgniter->handleRequest(null, Object(Config\Cache), false)
 4 FCPATH\index.php(67): CodeIgniter\CodeIgniter->run()
CRITICAL - 2023-07-14 21:36:22 --> Class "App\Models\Empreendimento" not found
in APPPATH\Controllers\AdmPost.php on line 21.
 1 SYSTEMPATH\CodeIgniter.php(934): App\Controllers\AdmPost->lista_corte()
 2 SYSTEMPATH\CodeIgniter.php(499): CodeIgniter\CodeIgniter->runController(Object(App\Controllers\AdmPost))
 3 SYSTEMPATH\CodeIgniter.php(368): CodeIgniter\CodeIgniter->handleRequest(null, Object(Config\Cache), false)
 4 FCPATH\index.php(67): CodeIgniter\CodeIgniter->run()
CRITICAL - 2023-07-14 21:36:23 --> Class "App\Models\Empreendimento" not found
in APPPATH\Controllers\AdmPost.php on line 21.
 1 SYSTEMPATH\CodeIgniter.php(934): App\Controllers\AdmPost->lista_corte()
 2 SYSTEMPATH\CodeIgniter.php(499): CodeIgniter\CodeIgniter->runController(Object(App\Controllers\AdmPost))
 3 SYSTEMPATH\CodeIgniter.php(368): CodeIgniter\CodeIgniter->handleRequest(null, Object(Config\Cache), false)
 4 FCPATH\index.php(67): CodeIgniter\CodeIgniter->run()
CRITICAL - 2023-07-14 21:36:24 --> Class "App\Models\Empreendimento" not found
in APPPATH\Controllers\AdmPost.php on line 21.
 1 SYSTEMPATH\CodeIgniter.php(934): App\Controllers\AdmPost->lista_corte()
 2 SYSTEMPATH\CodeIgniter.php(499): CodeIgniter\CodeIgniter->runController(Object(App\Controllers\AdmPost))
 3 SYSTEMPATH\CodeIgniter.php(368): CodeIgniter\CodeIgniter->handleRequest(null, Object(Config\Cache), false)
 4 FCPATH\index.php(67): CodeIgniter\CodeIgniter->run()
CRITICAL - 2023-07-14 21:36:25 --> Class "App\Models\Empreendimento" not found
in APPPATH\Controllers\AdmPost.php on line 21.
 1 SYSTEMPATH\CodeIgniter.php(934): App\Controllers\AdmPost->lista_corte()
 2 SYSTEMPATH\CodeIgniter.php(499): CodeIgniter\CodeIgniter->runController(Object(App\Controllers\AdmPost))
 3 SYSTEMPATH\CodeIgniter.php(368): CodeIgniter\CodeIgniter->handleRequest(null, Object(Config\Cache), false)
 4 FCPATH\index.php(67): CodeIgniter\CodeIgniter->run()
CRITICAL - 2023-07-14 21:36:26 --> Class "App\Models\Empreendimento" not found
in APPPATH\Controllers\AdmPost.php on line 21.
 1 SYSTEMPATH\CodeIgniter.php(934): App\Controllers\AdmPost->lista_corte()
 2 SYSTEMPATH\CodeIgniter.php(499): CodeIgniter\CodeIgniter->runController(Object(App\Controllers\AdmPost))
 3 SYSTEMPATH\CodeIgniter.php(368): CodeIgniter\CodeIgniter->handleRequest(null, Object(Config\Cache), false)
 4 FCPATH\index.php(67): CodeIgniter\CodeIgniter->run()
CRITICAL - 2023-07-14 21:36:27 --> Class "App\Models\Empreendimento" not found
in APPPATH\Controllers\AdmPost.php on line 21.
 1 SYSTEMPATH\CodeIgniter.php(934): App\Controllers\AdmPost->lista_corte()
 2 SYSTEMPATH\CodeIgniter.php(499): CodeIgniter\CodeIgniter->runController(Object(App\Controllers\AdmPost))
 3 SYSTEMPATH\CodeIgniter.php(368): CodeIgniter\CodeIgniter->handleRequest(null, Object(Config\Cache), false)
 4 FCPATH\index.php(67): CodeIgniter\CodeIgniter->run()
CRITICAL - 2023-07-14 21:36:28 --> Class "App\Models\Empreendimento" not found
in APPPATH\Controllers\AdmPost.php on line 21.
 1 SYSTEMPATH\CodeIgniter.php(934): App\Controllers\AdmPost->lista_corte()
 2 SYSTEMPATH\CodeIgniter.php(499): CodeIgniter\CodeIgniter->runController(Object(App\Controllers\AdmPost))
 3 SYSTEMPATH\CodeIgniter.php(368): CodeIgniter\CodeIgniter->handleRequest(null, Object(Config\Cache), false)
 4 FCPATH\index.php(67): CodeIgniter\CodeIgniter->run()
CRITICAL - 2023-07-14 21:36:29 --> Class "App\Models\Empreendimento" not found
in APPPATH\Controllers\AdmPost.php on line 21.
 1 SYSTEMPATH\CodeIgniter.php(934): App\Controllers\AdmPost->lista_corte()
 2 SYSTEMPATH\CodeIgniter.php(499): CodeIgniter\CodeIgniter->runController(Object(App\Controllers\AdmPost))
 3 SYSTEMPATH\CodeIgniter.php(368): CodeIgniter\CodeIgniter->handleRequest(null, Object(Config\Cache), false)
 4 FCPATH\index.php(67): CodeIgniter\CodeIgniter->run()
CRITICAL - 2023-07-14 21:36:30 --> Class "App\Models\Empreendimento" not found
in APPPATH\Controllers\AdmPost.php on line 21.
 1 SYSTEMPATH\CodeIgniter.php(934): App\Controllers\AdmPost->lista_corte()
 2 SYSTEMPATH\CodeIgniter.php(499): CodeIgniter\CodeIgniter->runController(Object(App\Controllers\AdmPost))
 3 SYSTEMPATH\CodeIgniter.php(368): CodeIgniter\CodeIgniter->handleRequest(null, Object(Config\Cache), false)
 4 FCPATH\index.php(67): CodeIgniter\CodeIgniter->run()
CRITICAL - 2023-07-14 21:36:31 --> Class "App\Models\Empreendimento" not found
in APPPATH\Controllers\AdmPost.php on line 21.
 1 SYSTEMPATH\CodeIgniter.php(934): App\Controllers\AdmPost->lista_corte()
 2 SYSTEMPATH\CodeIgniter.php(499): CodeIgniter\CodeIgniter->runController(Object(App\Controllers\AdmPost))
 3 SYSTEMPATH\CodeIgniter.php(368): CodeIgniter\CodeIgniter->handleRequest(null, Object(Config\Cache), false)
 4 FCPATH\index.php(67): CodeIgniter\CodeIgniter->run()
CRITICAL - 2023-07-14 21:36:32 --> Class "App\Models\Empreendimento" not found
in APPPATH\Controllers\AdmPost.php on line 21.
 1 SYSTEMPATH\CodeIgniter.php(934): App\Controllers\AdmPost->lista_corte()
 2 SYSTEMPATH\CodeIgniter.php(499): CodeIgniter\CodeIgniter->runController(Object(App\Controllers\AdmPost))
 3 SYSTEMPATH\CodeIgniter.php(368): CodeIgniter\CodeIgniter->handleRequest(null, Object(Config\Cache), false)
 4 FCPATH\index.php(67): CodeIgniter\CodeIgniter->run()
CRITICAL - 2023-07-14 21:36:33 --> Class "App\Models\Empreendimento" not found
in APPPATH\Controllers\AdmPost.php on line 21.
 1 SYSTEMPATH\CodeIgniter.php(934): App\Controllers\AdmPost->lista_corte()
 2 SYSTEMPATH\CodeIgniter.php(499): CodeIgniter\CodeIgniter->runController(Object(App\Controllers\AdmPost))
 3 SYSTEMPATH\CodeIgniter.php(368): CodeIgniter\CodeIgniter->handleRequest(null, Object(Config\Cache), false)
 4 FCPATH\index.php(67): CodeIgniter\CodeIgniter->run()
CRITICAL - 2023-07-14 21:36:34 --> Class "App\Models\Empreendimento" not found
in APPPATH\Controllers\AdmPost.php on line 21.
 1 SYSTEMPATH\CodeIgniter.php(934): App\Controllers\AdmPost->lista_corte()
 2 SYSTEMPATH\CodeIgniter.php(499): CodeIgniter\CodeIgniter->runController(Object(App\Controllers\AdmPost))
 3 SYSTEMPATH\CodeIgniter.php(368): CodeIgniter\CodeIgniter->handleRequest(null, Object(Config\Cache), false)
 4 FCPATH\index.php(67): CodeIgniter\CodeIgniter->run()
CRITICAL - 2023-07-14 21:36:35 --> Class "App\Models\Empreendimento" not found
in APPPATH\Controllers\AdmPost.php on line 21.
 1 SYSTEMPATH\CodeIgniter.php(934): App\Controllers\AdmPost->lista_corte()
 2 SYSTEMPATH\CodeIgniter.php(499): CodeIgniter\CodeIgniter->runController(Object(App\Controllers\AdmPost))
 3 SYSTEMPATH\CodeIgniter.php(368): CodeIgniter\CodeIgniter->handleRequest(null, Object(Config\Cache), false)
 4 FCPATH\index.php(67): CodeIgniter\CodeIgniter->run()
CRITICAL - 2023-07-14 21:36:36 --> Class "App\Models\Empreendimento" not found
in APPPATH\Controllers\AdmPost.php on line 21.
 1 SYSTEMPATH\CodeIgniter.php(934): App\Controllers\AdmPost->lista_corte()
 2 SYSTEMPATH\CodeIgniter.php(499): CodeIgniter\CodeIgniter->runController(Object(App\Controllers\AdmPost))
 3 SYSTEMPATH\CodeIgniter.php(368): CodeIgniter\CodeIgniter->handleRequest(null, Object(Config\Cache), false)
 4 FCPATH\index.php(67): CodeIgniter\CodeIgniter->run()
CRITICAL - 2023-07-14 21:36:37 --> Class "App\Models\Empreendimento" not found
in APPPATH\Controllers\AdmPost.php on line 21.
 1 SYSTEMPATH\CodeIgniter.php(934): App\Controllers\AdmPost->lista_corte()
 2 SYSTEMPATH\CodeIgniter.php(499): CodeIgniter\CodeIgniter->runController(Object(App\Controllers\AdmPost))
 3 SYSTEMPATH\CodeIgniter.php(368): CodeIgniter\CodeIgniter->handleRequest(null, Object(Config\Cache), false)
 4 FCPATH\index.php(67): CodeIgniter\CodeIgniter->run()
CRITICAL - 2023-07-14 21:36:38 --> Class "App\Models\Empreendimento" not found
in APPPATH\Controllers\AdmPost.php on line 21.
 1 SYSTEMPATH\CodeIgniter.php(934): App\Controllers\AdmPost->lista_corte()
 2 SYSTEMPATH\CodeIgniter.php(499): CodeIgniter\CodeIgniter->runController(Object(App\Controllers\AdmPost))
 3 SYSTEMPATH\CodeIgniter.php(368): CodeIgniter\CodeIgniter->handleRequest(null, Object(Config\Cache), false)
 4 FCPATH\index.php(67): CodeIgniter\CodeIgniter->run()
CRITICAL - 2023-07-14 21:36:39 --> Class "App\Models\Empreendimento" not found
in APPPATH\Controllers\AdmPost.php on line 21.
 1 SYSTEMPATH\CodeIgniter.php(934): App\Controllers\AdmPost->lista_corte()
 2 SYSTEMPATH\CodeIgniter.php(499): CodeIgniter\CodeIgniter->runController(Object(App\Controllers\AdmPost))
 3 SYSTEMPATH\CodeIgniter.php(368): CodeIgniter\CodeIgniter->handleRequest(null, Object(Config\Cache), false)
 4 FCPATH\index.php(67): CodeIgniter\CodeIgniter->run()
CRITICAL - 2023-07-14 21:36:40 --> Class "App\Models\Empreendimento" not found
in APPPATH\Controllers\AdmPost.php on line 21.
 1 SYSTEMPATH\CodeIgniter.php(934): App\Controllers\AdmPost->lista_corte()
 2 SYSTEMPATH\CodeIgniter.php(499): CodeIgniter\CodeIgniter->runController(Object(App\Controllers\AdmPost))
 3 SYSTEMPATH\CodeIgniter.php(368): CodeIgniter\CodeIgniter->handleRequest(null, Object(Config\Cache), false)
 4 FCPATH\index.php(67): CodeIgniter\CodeIgniter->run()
CRITICAL - 2023-07-14 21:36:41 --> Class "App\Models\Empreendimento" not found
in APPPATH\Controllers\AdmPost.php on line 21.
 1 SYSTEMPATH\CodeIgniter.php(934): App\Controllers\AdmPost->lista_corte()
 2 SYSTEMPATH\CodeIgniter.php(499): CodeIgniter\CodeIgniter->runController(Object(App\Controllers\AdmPost))
 3 SYSTEMPATH\CodeIgniter.php(368): CodeIgniter\CodeIgniter->handleRequest(null, Object(Config\Cache), false)
 4 FCPATH\index.php(67): CodeIgniter\CodeIgniter->run()
CRITICAL - 2023-07-14 21:36:42 --> Class "App\Models\Empreendimento" not found
in APPPATH\Controllers\AdmPost.php on line 21.
 1 SYSTEMPATH\CodeIgniter.php(934): App\Controllers\AdmPost->lista_corte()
 2 SYSTEMPATH\CodeIgniter.php(499): CodeIgniter\CodeIgniter->runController(Object(App\Controllers\AdmPost))
 3 SYSTEMPATH\CodeIgniter.php(368): CodeIgniter\CodeIgniter->handleRequest(null, Object(Config\Cache), false)
 4 FCPATH\index.php(67): CodeIgniter\CodeIgniter->run()
CRITICAL - 2023-07-14 21:36:43 --> Class "App\Models\Empreendimento" not found
in APPPATH\Controllers\AdmPost.php on line 21.
 1 SYSTEMPATH\CodeIgniter.php(934): App\Controllers\AdmPost->lista_corte()
 2 SYSTEMPATH\CodeIgniter.php(499): CodeIgniter\CodeIgniter->runController(Object(App\Controllers\AdmPost))
 3 SYSTEMPATH\CodeIgniter.php(368): CodeIgniter\CodeIgniter->handleRequest(null, Object(Config\Cache), false)
 4 FCPATH\index.php(67): CodeIgniter\CodeIgniter->run()
CRITICAL - 2023-07-14 21:36:44 --> Class "App\Models\Empreendimento" not found
in APPPATH\Controllers\AdmPost.php on line 21.
 1 SYSTEMPATH\CodeIgniter.php(934): App\Controllers\AdmPost->lista_corte()
 2 SYSTEMPATH\CodeIgniter.php(499): CodeIgniter\CodeIgniter->runController(Object(App\Controllers\AdmPost))
 3 SYSTEMPATH\CodeIgniter.php(368): CodeIgniter\CodeIgniter->handleRequest(null, Object(Config\Cache), false)
 4 FCPATH\index.php(67): CodeIgniter\CodeIgniter->run()
CRITICAL - 2023-07-14 21:36:45 --> Class "App\Models\Empreendimento" not found
in APPPATH\Controllers\AdmPost.php on line 21.
 1 SYSTEMPATH\CodeIgniter.php(934): App\Controllers\AdmPost->lista_corte()
 2 SYSTEMPATH\CodeIgniter.php(499): CodeIgniter\CodeIgniter->runController(Object(App\Controllers\AdmPost))
 3 SYSTEMPATH\CodeIgniter.php(368): CodeIgniter\CodeIgniter->handleRequest(null, Object(Config\Cache), false)
 4 FCPATH\index.php(67): CodeIgniter\CodeIgniter->run()
CRITICAL - 2023-07-14 21:36:46 --> Class "App\Models\Empreendimento" not found
in APPPATH\Controllers\AdmPost.php on line 21.
 1 SYSTEMPATH\CodeIgniter.php(934): App\Controllers\AdmPost->lista_corte()
 2 SYSTEMPATH\CodeIgniter.php(499): CodeIgniter\CodeIgniter->runController(Object(App\Controllers\AdmPost))
 3 SYSTEMPATH\CodeIgniter.php(368): CodeIgniter\CodeIgniter->handleRequest(null, Object(Config\Cache), false)
 4 FCPATH\index.php(67): CodeIgniter\CodeIgniter->run()
CRITICAL - 2023-07-14 21:36:47 --> Class "App\Models\Empreendimento" not found
in APPPATH\Controllers\AdmPost.php on line 21.
 1 SYSTEMPATH\CodeIgniter.php(934): App\Controllers\AdmPost->lista_corte()
 2 SYSTEMPATH\CodeIgniter.php(499): CodeIgniter\CodeIgniter->runController(Object(App\Controllers\AdmPost))
 3 SYSTEMPATH\CodeIgniter.php(368): CodeIgniter\CodeIgniter->handleRequest(null, Object(Config\Cache), false)
 4 FCPATH\index.php(67): CodeIgniter\CodeIgniter->run()
CRITICAL - 2023-07-14 21:36:48 --> Class "App\Models\Empreendimento" not found
in APPPATH\Controllers\AdmPost.php on line 21.
 1 SYSTEMPATH\CodeIgniter.php(934): App\Controllers\AdmPost->lista_corte()
 2 SYSTEMPATH\CodeIgniter.php(499): CodeIgniter\CodeIgniter->runController(Object(App\Controllers\AdmPost))
 3 SYSTEMPATH\CodeIgniter.php(368): CodeIgniter\CodeIgniter->handleRequest(null, Object(Config\Cache), false)
 4 FCPATH\index.php(67): CodeIgniter\CodeIgniter->run()
CRITICAL - 2023-07-14 21:36:49 --> Class "App\Models\Empreendimento" not found
in APPPATH\Controllers\AdmPost.php on line 21.
 1 SYSTEMPATH\CodeIgniter.php(934): App\Controllers\AdmPost->lista_corte()
 2 SYSTEMPATH\CodeIgniter.php(499): CodeIgniter\CodeIgniter->runController(Object(App\Controllers\AdmPost))
 3 SYSTEMPATH\CodeIgniter.php(368): CodeIgniter\CodeIgniter->handleRequest(null, Object(Config\Cache), false)
 4 FCPATH\index.php(67): CodeIgniter\CodeIgniter->run()
CRITICAL - 2023-07-14 21:36:50 --> Class "App\Models\Empreendimento" not found
in APPPATH\Controllers\AdmPost.php on line 21.
 1 SYSTEMPATH\CodeIgniter.php(934): App\Controllers\AdmPost->lista_corte()
 2 SYSTEMPATH\CodeIgniter.php(499): CodeIgniter\CodeIgniter->runController(Object(App\Controllers\AdmPost))
 3 SYSTEMPATH\CodeIgniter.php(368): CodeIgniter\CodeIgniter->handleRequest(null, Object(Config\Cache), false)
 4 FCPATH\index.php(67): CodeIgniter\CodeIgniter->run()
CRITICAL - 2023-07-14 21:36:51 --> Class "App\Models\Empreendimento" not found
in APPPATH\Controllers\AdmPost.php on line 21.
 1 SYSTEMPATH\CodeIgniter.php(934): App\Controllers\AdmPost->lista_corte()
 2 SYSTEMPATH\CodeIgniter.php(499): CodeIgniter\CodeIgniter->runController(Object(App\Controllers\AdmPost))
 3 SYSTEMPATH\CodeIgniter.php(368): CodeIgniter\CodeIgniter->handleRequest(null, Object(Config\Cache), false)
 4 FCPATH\index.php(67): CodeIgniter\CodeIgniter->run()
CRITICAL - 2023-07-14 21:36:52 --> Class "App\Models\Empreendimento" not found
in APPPATH\Controllers\AdmPost.php on line 21.
 1 SYSTEMPATH\CodeIgniter.php(934): App\Controllers\AdmPost->lista_corte()
 2 SYSTEMPATH\CodeIgniter.php(499): CodeIgniter\CodeIgniter->runController(Object(App\Controllers\AdmPost))
 3 SYSTEMPATH\CodeIgniter.php(368): CodeIgniter\CodeIgniter->handleRequest(null, Object(Config\Cache), false)
 4 FCPATH\index.php(67): CodeIgniter\CodeIgniter->run()
CRITICAL - 2023-07-14 21:36:53 --> Class "App\Models\Empreendimento" not found
in APPPATH\Controllers\AdmPost.php on line 21.
 1 SYSTEMPATH\CodeIgniter.php(934): App\Controllers\AdmPost->lista_corte()
 2 SYSTEMPATH\CodeIgniter.php(499): CodeIgniter\CodeIgniter->runController(Object(App\Controllers\AdmPost))
 3 SYSTEMPATH\CodeIgniter.php(368): CodeIgniter\CodeIgniter->handleRequest(null, Object(Config\Cache), false)
 4 FCPATH\index.php(67): CodeIgniter\CodeIgniter->run()
CRITICAL - 2023-07-14 21:36:54 --> Class "App\Models\Empreendimento" not found
in APPPATH\Controllers\AdmPost.php on line 21.
 1 SYSTEMPATH\CodeIgniter.php(934): App\Controllers\AdmPost->lista_corte()
 2 SYSTEMPATH\CodeIgniter.php(499): CodeIgniter\CodeIgniter->runController(Object(App\Controllers\AdmPost))
 3 SYSTEMPATH\CodeIgniter.php(368): CodeIgniter\CodeIgniter->handleRequest(null, Object(Config\Cache), false)
 4 FCPATH\index.php(67): CodeIgniter\CodeIgniter->run()
CRITICAL - 2023-07-14 21:36:55 --> Class "App\Models\Empreendimento" not found
in APPPATH\Controllers\AdmPost.php on line 21.
 1 SYSTEMPATH\CodeIgniter.php(934): App\Controllers\AdmPost->lista_corte()
 2 SYSTEMPATH\CodeIgniter.php(499): CodeIgniter\CodeIgniter->runController(Object(App\Controllers\AdmPost))
 3 SYSTEMPATH\CodeIgniter.php(368): CodeIgniter\CodeIgniter->handleRequest(null, Object(Config\Cache), false)
 4 FCPATH\index.php(67): CodeIgniter\CodeIgniter->run()
CRITICAL - 2023-07-14 21:36:56 --> Class "App\Models\Empreendimento" not found
in APPPATH\Controllers\AdmPost.php on line 21.
 1 SYSTEMPATH\CodeIgniter.php(934): App\Controllers\AdmPost->lista_corte()
 2 SYSTEMPATH\CodeIgniter.php(499): CodeIgniter\CodeIgniter->runController(Object(App\Controllers\AdmPost))
 3 SYSTEMPATH\CodeIgniter.php(368): CodeIgniter\CodeIgniter->handleRequest(null, Object(Config\Cache), false)
 4 FCPATH\index.php(67): CodeIgniter\CodeIgniter->run()
CRITICAL - 2023-07-14 21:36:57 --> Class "App\Models\Empreendimento" not found
in APPPATH\Controllers\AdmPost.php on line 21.
 1 SYSTEMPATH\CodeIgniter.php(934): App\Controllers\AdmPost->lista_corte()
 2 SYSTEMPATH\CodeIgniter.php(499): CodeIgniter\CodeIgniter->runController(Object(App\Controllers\AdmPost))
 3 SYSTEMPATH\CodeIgniter.php(368): CodeIgniter\CodeIgniter->handleRequest(null, Object(Config\Cache), false)
 4 FCPATH\index.php(67): CodeIgniter\CodeIgniter->run()
CRITICAL - 2023-07-14 21:36:58 --> Class "App\Models\Empreendimento" not found
in APPPATH\Controllers\AdmPost.php on line 21.
 1 SYSTEMPATH\CodeIgniter.php(934): App\Controllers\AdmPost->lista_corte()
 2 SYSTEMPATH\CodeIgniter.php(499): CodeIgniter\CodeIgniter->runController(Object(App\Controllers\AdmPost))
 3 SYSTEMPATH\CodeIgniter.php(368): CodeIgniter\CodeIgniter->handleRequest(null, Object(Config\Cache), false)
 4 FCPATH\index.php(67): CodeIgniter\CodeIgniter->run()
CRITICAL - 2023-07-14 21:36:59 --> Class "App\Models\Empreendimento" not found
in APPPATH\Controllers\AdmPost.php on line 21.
 1 SYSTEMPATH\CodeIgniter.php(934): App\Controllers\AdmPost->lista_corte()
 2 SYSTEMPATH\CodeIgniter.php(499): CodeIgniter\CodeIgniter->runController(Object(App\Controllers\AdmPost))
 3 SYSTEMPATH\CodeIgniter.php(368): CodeIgniter\CodeIgniter->handleRequest(null, Object(Config\Cache), false)
 4 FCPATH\index.php(67): CodeIgniter\CodeIgniter->run()
CRITICAL - 2023-07-14 21:37:00 --> Class "App\Models\Empreendimento" not found
in APPPATH\Controllers\AdmPost.php on line 21.
 1 SYSTEMPATH\CodeIgniter.php(934): App\Controllers\AdmPost->lista_corte()
 2 SYSTEMPATH\CodeIgniter.php(499): CodeIgniter\CodeIgniter->runController(Object(App\Controllers\AdmPost))
 3 SYSTEMPATH\CodeIgniter.php(368): CodeIgniter\CodeIgniter->handleRequest(null, Object(Config\Cache), false)
 4 FCPATH\index.php(67): CodeIgniter\CodeIgniter->run()
CRITICAL - 2023-07-14 21:37:01 --> Class "App\Models\Empreendimento" not found
in APPPATH\Controllers\AdmPost.php on line 21.
 1 SYSTEMPATH\CodeIgniter.php(934): App\Controllers\AdmPost->lista_corte()
 2 SYSTEMPATH\CodeIgniter.php(499): CodeIgniter\CodeIgniter->runController(Object(App\Controllers\AdmPost))
 3 SYSTEMPATH\CodeIgniter.php(368): CodeIgniter\CodeIgniter->handleRequest(null, Object(Config\Cache), false)
 4 FCPATH\index.php(67): CodeIgniter\CodeIgniter->run()
CRITICAL - 2023-07-14 21:37:02 --> Class "App\Models\Empreendimento" not found
in APPPATH\Controllers\AdmPost.php on line 21.
 1 SYSTEMPATH\CodeIgniter.php(934): App\Controllers\AdmPost->lista_corte()
 2 SYSTEMPATH\CodeIgniter.php(499): CodeIgniter\CodeIgniter->runController(Object(App\Controllers\AdmPost))
 3 SYSTEMPATH\CodeIgniter.php(368): CodeIgniter\CodeIgniter->handleRequest(null, Object(Config\Cache), false)
 4 FCPATH\index.php(67): CodeIgniter\CodeIgniter->run()
CRITICAL - 2023-07-14 21:37:03 --> Class "App\Models\Empreendimento" not found
in APPPATH\Controllers\AdmPost.php on line 21.
 1 SYSTEMPATH\CodeIgniter.php(934): App\Controllers\AdmPost->lista_corte()
 2 SYSTEMPATH\CodeIgniter.php(499): CodeIgniter\CodeIgniter->runController(Object(App\Controllers\AdmPost))
 3 SYSTEMPATH\CodeIgniter.php(368): CodeIgniter\CodeIgniter->handleRequest(null, Object(Config\Cache), false)
 4 FCPATH\index.php(67): CodeIgniter\CodeIgniter->run()
CRITICAL - 2023-07-14 21:37:04 --> Class "App\Models\Empreendimento" not found
in APPPATH\Controllers\AdmPost.php on line 21.
 1 SYSTEMPATH\CodeIgniter.php(934): App\Controllers\AdmPost->lista_corte()
 2 SYSTEMPATH\CodeIgniter.php(499): CodeIgniter\CodeIgniter->runController(Object(App\Controllers\AdmPost))
 3 SYSTEMPATH\CodeIgniter.php(368): CodeIgniter\CodeIgniter->handleRequest(null, Object(Config\Cache), false)
 4 FCPATH\index.php(67): CodeIgniter\CodeIgniter->run()
CRITICAL - 2023-07-14 21:37:05 --> Class "App\Models\Empreendimento" not found
in APPPATH\Controllers\AdmPost.php on line 21.
 1 SYSTEMPATH\CodeIgniter.php(934): App\Controllers\AdmPost->lista_corte()
 2 SYSTEMPATH\CodeIgniter.php(499): CodeIgniter\CodeIgniter->runController(Object(App\Controllers\AdmPost))
 3 SYSTEMPATH\CodeIgniter.php(368): CodeIgniter\CodeIgniter->handleRequest(null, Object(Config\Cache), false)
 4 FCPATH\index.php(67): CodeIgniter\CodeIgniter->run()
CRITICAL - 2023-07-14 21:37:06 --> Class "App\Models\Empreendimento" not found
in APPPATH\Controllers\AdmPost.php on line 21.
 1 SYSTEMPATH\CodeIgniter.php(934): App\Controllers\AdmPost->lista_corte()
 2 SYSTEMPATH\CodeIgniter.php(499): CodeIgniter\CodeIgniter->runController(Object(App\Controllers\AdmPost))
 3 SYSTEMPATH\CodeIgniter.php(368): CodeIgniter\CodeIgniter->handleRequest(null, Object(Config\Cache), false)
 4 FCPATH\index.php(67): CodeIgniter\CodeIgniter->run()
CRITICAL - 2023-07-14 21:37:07 --> Class "App\Models\Empreendimento" not found
in APPPATH\Controllers\AdmPost.php on line 21.
 1 SYSTEMPATH\CodeIgniter.php(934): App\Controllers\AdmPost->lista_corte()
 2 SYSTEMPATH\CodeIgniter.php(499): CodeIgniter\CodeIgniter->runController(Object(App\Controllers\AdmPost))
 3 SYSTEMPATH\CodeIgniter.php(368): CodeIgniter\CodeIgniter->handleRequest(null, Object(Config\Cache), false)
 4 FCPATH\index.php(67): CodeIgniter\CodeIgniter->run()
CRITICAL - 2023-07-14 21:37:37 --> Class "App\Models\Empreendimento" not found
in APPPATH\Controllers\AdmPost.php on line 21.
 1 SYSTEMPATH\CodeIgniter.php(934): App\Controllers\AdmPost->lista_corte()
 2 SYSTEMPATH\CodeIgniter.php(499): CodeIgniter\CodeIgniter->runController(Object(App\Controllers\AdmPost))
 3 SYSTEMPATH\CodeIgniter.php(368): CodeIgniter\CodeIgniter->handleRequest(null, Object(Config\Cache), false)
 4 FCPATH\index.php(67): CodeIgniter\CodeIgniter->run()
CRITICAL - 2023-07-14 21:38:37 --> Class "App\Models\Empreendimento" not found
in APPPATH\Controllers\AdmPost.php on line 21.
 1 SYSTEMPATH\CodeIgniter.php(934): App\Controllers\AdmPost->lista_corte()
 2 SYSTEMPATH\CodeIgniter.php(499): CodeIgniter\CodeIgniter->runController(Object(App\Controllers\AdmPost))
 3 SYSTEMPATH\CodeIgniter.php(368): CodeIgniter\CodeIgniter->handleRequest(null, Object(Config\Cache), false)
 4 FCPATH\index.php(67): CodeIgniter\CodeIgniter->run()
CRITICAL - 2023-07-14 21:39:37 --> Class "App\Models\Empreendimento" not found
in APPPATH\Controllers\AdmPost.php on line 21.
 1 SYSTEMPATH\CodeIgniter.php(934): App\Controllers\AdmPost->lista_corte()
 2 SYSTEMPATH\CodeIgniter.php(499): CodeIgniter\CodeIgniter->runController(Object(App\Controllers\AdmPost))
 3 SYSTEMPATH\CodeIgniter.php(368): CodeIgniter\CodeIgniter->handleRequest(null, Object(Config\Cache), false)
 4 FCPATH\index.php(67): CodeIgniter\CodeIgniter->run()
CRITICAL - 2023-07-14 21:40:37 --> Class "App\Models\Empreendimento" not found
in APPPATH\Controllers\AdmPost.php on line 21.
 1 SYSTEMPATH\CodeIgniter.php(934): App\Controllers\AdmPost->lista_corte()
 2 SYSTEMPATH\CodeIgniter.php(499): CodeIgniter\CodeIgniter->runController(Object(App\Controllers\AdmPost))
 3 SYSTEMPATH\CodeIgniter.php(368): CodeIgniter\CodeIgniter->handleRequest(null, Object(Config\Cache), false)
 4 FCPATH\index.php(67): CodeIgniter\CodeIgniter->run()
CRITICAL - 2023-07-14 21:41:37 --> Class "App\Models\Empreendimento" not found
in APPPATH\Controllers\AdmPost.php on line 21.
 1 SYSTEMPATH\CodeIgniter.php(934): App\Controllers\AdmPost->lista_corte()
 2 SYSTEMPATH\CodeIgniter.php(499): CodeIgniter\CodeIgniter->runController(Object(App\Controllers\AdmPost))
 3 SYSTEMPATH\CodeIgniter.php(368): CodeIgniter\CodeIgniter->handleRequest(null, Object(Config\Cache), false)
 4 FCPATH\index.php(67): CodeIgniter\CodeIgniter->run()
CRITICAL - 2023-07-14 21:42:37 --> Class "App\Models\Empreendimento" not found
in APPPATH\Controllers\AdmPost.php on line 21.
 1 SYSTEMPATH\CodeIgniter.php(934): App\Controllers\AdmPost->lista_corte()
 2 SYSTEMPATH\CodeIgniter.php(499): CodeIgniter\CodeIgniter->runController(Object(App\Controllers\AdmPost))
 3 SYSTEMPATH\CodeIgniter.php(368): CodeIgniter\CodeIgniter->handleRequest(null, Object(Config\Cache), false)
 4 FCPATH\index.php(67): CodeIgniter\CodeIgniter->run()
CRITICAL - 2023-07-14 21:43:37 --> Class "App\Models\Empreendimento" not found
in APPPATH\Controllers\AdmPost.php on line 21.
 1 SYSTEMPATH\CodeIgniter.php(934): App\Controllers\AdmPost->lista_corte()
 2 SYSTEMPATH\CodeIgniter.php(499): CodeIgniter\CodeIgniter->runController(Object(App\Controllers\AdmPost))
 3 SYSTEMPATH\CodeIgniter.php(368): CodeIgniter\CodeIgniter->handleRequest(null, Object(Config\Cache), false)
 4 FCPATH\index.php(67): CodeIgniter\CodeIgniter->run()
CRITICAL - 2023-07-14 21:44:37 --> Class "App\Models\Empreendimento" not found
in APPPATH\Controllers\AdmPost.php on line 21.
 1 SYSTEMPATH\CodeIgniter.php(934): App\Controllers\AdmPost->lista_corte()
 2 SYSTEMPATH\CodeIgniter.php(499): CodeIgniter\CodeIgniter->runController(Object(App\Controllers\AdmPost))
 3 SYSTEMPATH\CodeIgniter.php(368): CodeIgniter\CodeIgniter->handleRequest(null, Object(Config\Cache), false)
 4 FCPATH\index.php(67): CodeIgniter\CodeIgniter->run()
CRITICAL - 2023-07-14 21:45:37 --> Class "App\Models\Empreendimento" not found
in APPPATH\Controllers\AdmPost.php on line 21.
 1 SYSTEMPATH\CodeIgniter.php(934): App\Controllers\AdmPost->lista_corte()
 2 SYSTEMPATH\CodeIgniter.php(499): CodeIgniter\CodeIgniter->runController(Object(App\Controllers\AdmPost))
 3 SYSTEMPATH\CodeIgniter.php(368): CodeIgniter\CodeIgniter->handleRequest(null, Object(Config\Cache), false)
 4 FCPATH\index.php(67): CodeIgniter\CodeIgniter->run()
CRITICAL - 2023-07-14 23:15:20 --> Class "App\Models\Empreendimento" not found
in APPPATH\Controllers\AdmPost.php on line 20.
 1 SYSTEMPATH\CodeIgniter.php(934): App\Controllers\AdmPost->lista_corte()
 2 SYSTEMPATH\CodeIgniter.php(499): CodeIgniter\CodeIgniter->runController(Object(App\Controllers\AdmPost))
 3 SYSTEMPATH\CodeIgniter.php(368): CodeIgniter\CodeIgniter->handleRequest(null, Object(Config\Cache), false)
 4 FCPATH\index.php(67): CodeIgniter\CodeIgniter->run()
CRITICAL - 2023-07-14 23:15:47 --> Class "App\Models\Empreendimento" not found
in APPPATH\Controllers\AdmPost.php on line 20.
 1 SYSTEMPATH\CodeIgniter.php(934): App\Controllers\AdmPost->lista_corte()
 2 SYSTEMPATH\CodeIgniter.php(499): CodeIgniter\CodeIgniter->runController(Object(App\Controllers\AdmPost))
 3 SYSTEMPATH\CodeIgniter.php(368): CodeIgniter\CodeIgniter->handleRequest(null, Object(Config\Cache), false)
 4 FCPATH\index.php(67): CodeIgniter\CodeIgniter->run()
CRITICAL - 2023-07-14 23:16:24 --> Class "c_array" not found
in APPPATH\Controllers\AdmPost.php on line 30.
 1 SYSTEMPATH\CodeIgniter.php(934): App\Controllers\AdmPost->lista_corte()
 2 SYSTEMPATH\CodeIgniter.php(499): CodeIgniter\CodeIgniter->runController(Object(App\Controllers\AdmPost))
 3 SYSTEMPATH\CodeIgniter.php(368): CodeIgniter\CodeIgniter->handleRequest(null, Object(Config\Cache), false)
 4 FCPATH\index.php(67): CodeIgniter\CodeIgniter->run()
CRITICAL - 2023-07-14 23:17:26 --> Class "App\Controllers\Ferramentas\comandos\c_array" not found
in APPPATH\Controllers\AdmPost.php on line 30.
 1 SYSTEMPATH\CodeIgniter.php(934): App\Controllers\AdmPost->lista_corte()
 2 SYSTEMPATH\CodeIgniter.php(499): CodeIgniter\CodeIgniter->runController(Object(App\Controllers\AdmPost))
 3 SYSTEMPATH\CodeIgniter.php(368): CodeIgniter\CodeIgniter->handleRequest(null, Object(Config\Cache), false)
 4 FCPATH\index.php(67): CodeIgniter\CodeIgniter->run()
CRITICAL - 2023-07-14 23:19:41 --> Class "App\Controllers\c_array" not found
in APPPATH\Controllers\AdmPost.php on line 30.
 1 SYSTEMPATH\CodeIgniter.php(934): App\Controllers\AdmPost->lista_corte()
 2 SYSTEMPATH\CodeIgniter.php(499): CodeIgniter\CodeIgniter->runController(Object(App\Controllers\AdmPost))
 3 SYSTEMPATH\CodeIgniter.php(368): CodeIgniter\CodeIgniter->handleRequest(null, Object(Config\Cache), false)
 4 FCPATH\index.php(67): CodeIgniter\CodeIgniter->run()
CRITICAL - 2023-07-14 23:21:02 --> Class "App\Controllers\C_array" not found
in APPPATH\Controllers\AdmPost.php on line 30.
 1 SYSTEMPATH\CodeIgniter.php(934): App\Controllers\AdmPost->lista_corte()
 2 SYSTEMPATH\CodeIgniter.php(499): CodeIgniter\CodeIgniter->runController(Object(App\Controllers\AdmPost))
 3 SYSTEMPATH\CodeIgniter.php(368): CodeIgniter\CodeIgniter->handleRequest(null, Object(Config\Cache), false)
 4 FCPATH\index.php(67): CodeIgniter\CodeIgniter->run()
CRITICAL - 2023-07-14 23:21:30 --> Class "App\Controllers\C_array" not found
in APPPATH\Controllers\AdmPost.php on line 30.
 1 SYSTEMPATH\CodeIgniter.php(934): App\Controllers\AdmPost->lista_corte()
 2 SYSTEMPATH\CodeIgniter.php(499): CodeIgniter\CodeIgniter->runController(Object(App\Controllers\AdmPost))
 3 SYSTEMPATH\CodeIgniter.php(368): CodeIgniter\CodeIgniter->handleRequest(null, Object(Config\Cache), false)
 4 FCPATH\index.php(67): CodeIgniter\CodeIgniter->run()
CRITICAL - 2023-07-14 23:21:42 --> Class "App\Controllers\C_array" not found
in APPPATH\Controllers\AdmPost.php on line 30.
 1 SYSTEMPATH\CodeIgniter.php(934): App\Controllers\AdmPost->lista_corte()
 2 SYSTEMPATH\CodeIgniter.php(499): CodeIgniter\CodeIgniter->runController(Object(App\Controllers\AdmPost))
 3 SYSTEMPATH\CodeIgniter.php(368): CodeIgniter\CodeIgniter->handleRequest(null, Object(Config\Cache), false)
 4 FCPATH\index.php(67): CodeIgniter\CodeIgniter->run()
CRITICAL - 2023-07-14 23:22:38 --> Class "App\Controllers\C_array" not found
in APPPATH\Controllers\AdmPost.php on line 30.
 1 SYSTEMPATH\CodeIgniter.php(934): App\Controllers\AdmPost->lista_corte()
 2 SYSTEMPATH\CodeIgniter.php(499): CodeIgniter\CodeIgniter->runController(Object(App\Controllers\AdmPost))
 3 SYSTEMPATH\CodeIgniter.php(368): CodeIgniter\CodeIgniter->handleRequest(null, Object(Config\Cache), false)
 4 FCPATH\index.php(67): CodeIgniter\CodeIgniter->run()
CRITICAL - 2023-07-14 23:23:09 --> Array to string conversion
in APPPATH\Controllers\AdmPost.php on line 30.
 1 APPPATH\Controllers\AdmPost.php(30): CodeIgniter\Debug\Exceptions->errorHandler(2, 'Array to string conversion', 'C:\\xampp\\htdocs\\codi\\app\\Controllers\\AdmPost.php', 30)
 2 SYSTEMPATH\CodeIgniter.php(934): App\Controllers\AdmPost->lista_corte()
 3 SYSTEMPATH\CodeIgniter.php(499): CodeIgniter\CodeIgniter->runController(Object(App\Controllers\AdmPost))
 4 SYSTEMPATH\CodeIgniter.php(368): CodeIgniter\CodeIgniter->handleRequest(null, Object(Config\Cache), false)
 5 FCPATH\index.php(67): CodeIgniter\CodeIgniter->run()
CRITICAL - 2023-07-14 23:26:03 --> syntax error, unexpected variable "$value"
in APPPATH\Controllers\AdmPost.php on line 33.
 1 SYSTEMPATH\Autoloader\Autoloader.php(289): CodeIgniter\Autoloader\Autoloader->includeFile('C:\\xampp\\htdocs\\codi\\app\\Controllers\\AdmPost.php')
 2 SYSTEMPATH\Autoloader\Autoloader.php(267): CodeIgniter\Autoloader\Autoloader->loadInNamespace('App\\Controllers\\AdmPost')
 3 [internal function]: CodeIgniter\Autoloader\Autoloader->loadClass('App\\Controllers\\AdmPost')
 4 SYSTEMPATH\CodeIgniter.php(892): class_exists('\\App\\Controllers\\AdmPost', true)
 5 SYSTEMPATH\CodeIgniter.php(486): CodeIgniter\CodeIgniter->startController()
 6 SYSTEMPATH\CodeIgniter.php(368): CodeIgniter\CodeIgniter->handleRequest(null, Object(Config\Cache), false)
 7 FCPATH\index.php(67): CodeIgniter\CodeIgniter->run()
CRITICAL - 2023-07-14 23:26:04 --> syntax error, unexpected variable "$value"
in APPPATH\Controllers\AdmPost.php on line 33.
 1 SYSTEMPATH\Autoloader\Autoloader.php(289): CodeIgniter\Autoloader\Autoloader->includeFile('C:\\xampp\\htdocs\\codi\\app\\Controllers\\AdmPost.php')
 2 SYSTEMPATH\Autoloader\Autoloader.php(267): CodeIgniter\Autoloader\Autoloader->loadInNamespace('App\\Controllers\\AdmPost')
 3 [internal function]: CodeIgniter\Autoloader\Autoloader->loadClass('App\\Controllers\\AdmPost')
 4 SYSTEMPATH\CodeIgniter.php(892): class_exists('\\App\\Controllers\\AdmPost', true)
 5 SYSTEMPATH\CodeIgniter.php(486): CodeIgniter\CodeIgniter->startController()
 6 SYSTEMPATH\CodeIgniter.php(368): CodeIgniter\CodeIgniter->handleRequest(null, Object(Config\Cache), false)
 7 FCPATH\index.php(67): CodeIgniter\CodeIgniter->run()
CRITICAL - 2023-07-14 23:26:05 --> syntax error, unexpected variable "$value"
in APPPATH\Controllers\AdmPost.php on line 33.
 1 SYSTEMPATH\Autoloader\Autoloader.php(289): CodeIgniter\Autoloader\Autoloader->includeFile('C:\\xampp\\htdocs\\codi\\app\\Controllers\\AdmPost.php')
 2 SYSTEMPATH\Autoloader\Autoloader.php(267): CodeIgniter\Autoloader\Autoloader->loadInNamespace('App\\Controllers\\AdmPost')
 3 [internal function]: CodeIgniter\Autoloader\Autoloader->loadClass('App\\Controllers\\AdmPost')
 4 SYSTEMPATH\CodeIgniter.php(892): class_exists('\\App\\Controllers\\AdmPost', true)
 5 SYSTEMPATH\CodeIgniter.php(486): CodeIgniter\CodeIgniter->startController()
 6 SYSTEMPATH\CodeIgniter.php(368): CodeIgniter\CodeIgniter->handleRequest(null, Object(Config\Cache), false)
 7 FCPATH\index.php(67): CodeIgniter\CodeIgniter->run()
CRITICAL - 2023-07-14 23:26:06 --> syntax error, unexpected variable "$value"
in APPPATH\Controllers\AdmPost.php on line 33.
 1 SYSTEMPATH\Autoloader\Autoloader.php(289): CodeIgniter\Autoloader\Autoloader->includeFile('C:\\xampp\\htdocs\\codi\\app\\Controllers\\AdmPost.php')
 2 SYSTEMPATH\Autoloader\Autoloader.php(267): CodeIgniter\Autoloader\Autoloader->loadInNamespace('App\\Controllers\\AdmPost')
 3 [internal function]: CodeIgniter\Autoloader\Autoloader->loadClass('App\\Controllers\\AdmPost')
 4 SYSTEMPATH\CodeIgniter.php(892): class_exists('\\App\\Controllers\\AdmPost', true)
 5 SYSTEMPATH\CodeIgniter.php(486): CodeIgniter\CodeIgniter->startController()
 6 SYSTEMPATH\CodeIgniter.php(368): CodeIgniter\CodeIgniter->handleRequest(null, Object(Config\Cache), false)
 7 FCPATH\index.php(67): CodeIgniter\CodeIgniter->run()
CRITICAL - 2023-07-14 23:26:49 --> Undefined variable $empreendimento_data
in APPPATH\Controllers\AdmPost.php on line 35.
 1 APPPATH\Controllers\AdmPost.php(35): CodeIgniter\Debug\Exceptions->errorHandler(2, 'Undefined variable $empreendimento_data', 'C:\\xampp\\htdocs\\codi\\app\\Controllers\\AdmPost.php', 35)
 2 SYSTEMPATH\CodeIgniter.php(934): App\Controllers\AdmPost->lista_corte()
 3 SYSTEMPATH\CodeIgniter.php(499): CodeIgniter\CodeIgniter->runController(Object(App\Controllers\AdmPost))
 4 SYSTEMPATH\CodeIgniter.php(368): CodeIgniter\CodeIgniter->handleRequest(null, Object(Config\Cache), false)
 5 FCPATH\index.php(67): CodeIgniter\CodeIgniter->run()
CRITICAL - 2023-07-14 23:26:50 --> Undefined variable $empreendimento_data
in APPPATH\Controllers\AdmPost.php on line 35.
 1 APPPATH\Controllers\AdmPost.php(35): CodeIgniter\Debug\Exceptions->errorHandler(2, 'Undefined variable $empreendimento_data', 'C:\\xampp\\htdocs\\codi\\app\\Controllers\\AdmPost.php', 35)
 2 SYSTEMPATH\CodeIgniter.php(934): App\Controllers\AdmPost->lista_corte()
 3 SYSTEMPATH\CodeIgniter.php(499): CodeIgniter\CodeIgniter->runController(Object(App\Controllers\AdmPost))
 4 SYSTEMPATH\CodeIgniter.php(368): CodeIgniter\CodeIgniter->handleRequest(null, Object(Config\Cache), false)
 5 FCPATH\index.php(67): CodeIgniter\CodeIgniter->run()
CRITICAL - 2023-07-14 23:26:51 --> Undefined variable $empreendimento_data
in APPPATH\Controllers\AdmPost.php on line 35.
 1 APPPATH\Controllers\AdmPost.php(35): CodeIgniter\Debug\Exceptions->errorHandler(2, 'Undefined variable $empreendimento_data', 'C:\\xampp\\htdocs\\codi\\app\\Controllers\\AdmPost.php', 35)
 2 SYSTEMPATH\CodeIgniter.php(934): App\Controllers\AdmPost->lista_corte()
 3 SYSTEMPATH\CodeIgniter.php(499): CodeIgniter\CodeIgniter->runController(Object(App\Controllers\AdmPost))
 4 SYSTEMPATH\CodeIgniter.php(368): CodeIgniter\CodeIgniter->handleRequest(null, Object(Config\Cache), false)
 5 FCPATH\index.php(67): CodeIgniter\CodeIgniter->run()
CRITICAL - 2023-07-14 23:26:52 --> Undefined variable $empreendimento_data
in APPPATH\Controllers\AdmPost.php on line 35.
 1 APPPATH\Controllers\AdmPost.php(35): CodeIgniter\Debug\Exceptions->errorHandler(2, 'Undefined variable $empreendimento_data', 'C:\\xampp\\htdocs\\codi\\app\\Controllers\\AdmPost.php', 35)
 2 SYSTEMPATH\CodeIgniter.php(934): App\Controllers\AdmPost->lista_corte()
 3 SYSTEMPATH\CodeIgniter.php(499): CodeIgniter\CodeIgniter->runController(Object(App\Controllers\AdmPost))
 4 SYSTEMPATH\CodeIgniter.php(368): CodeIgniter\CodeIgniter->handleRequest(null, Object(Config\Cache), false)
 5 FCPATH\index.php(67): CodeIgniter\CodeIgniter->run()
CRITICAL - 2023-07-14 23:26:53 --> Undefined variable $empreendimento_data
in APPPATH\Controllers\AdmPost.php on line 36.
 1 APPPATH\Controllers\AdmPost.php(36): CodeIgniter\Debug\Exceptions->errorHandler(2, 'Undefined variable $empreendimento_data', 'C:\\xampp\\htdocs\\codi\\app\\Controllers\\AdmPost.php', 36)
 2 SYSTEMPATH\CodeIgniter.php(934): App\Controllers\AdmPost->lista_corte()
 3 SYSTEMPATH\CodeIgniter.php(499): CodeIgniter\CodeIgniter->runController(Object(App\Controllers\AdmPost))
 4 SYSTEMPATH\CodeIgniter.php(368): CodeIgniter\CodeIgniter->handleRequest(null, Object(Config\Cache), false)
 5 FCPATH\index.php(67): CodeIgniter\CodeIgniter->run()
CRITICAL - 2023-07-14 23:26:54 --> Undefined variable $empreendimento_data
in APPPATH\Controllers\AdmPost.php on line 36.
 1 APPPATH\Controllers\AdmPost.php(36): CodeIgniter\Debug\Exceptions->errorHandler(2, 'Undefined variable $empreendimento_data', 'C:\\xampp\\htdocs\\codi\\app\\Controllers\\AdmPost.php', 36)
 2 SYSTEMPATH\CodeIgniter.php(934): App\Controllers\AdmPost->lista_corte()
 3 SYSTEMPATH\CodeIgniter.php(499): CodeIgniter\CodeIgniter->runController(Object(App\Controllers\AdmPost))
 4 SYSTEMPATH\CodeIgniter.php(368): CodeIgniter\CodeIgniter->handleRequest(null, Object(Config\Cache), false)
 5 FCPATH\index.php(67): CodeIgniter\CodeIgniter->run()
CRITICAL - 2023-07-14 23:26:55 --> Undefined variable $empreendimento_data
in APPPATH\Controllers\AdmPost.php on line 36.
 1 APPPATH\Controllers\AdmPost.php(36): CodeIgniter\Debug\Exceptions->errorHandler(2, 'Undefined variable $empreendimento_data', 'C:\\xampp\\htdocs\\codi\\app\\Controllers\\AdmPost.php', 36)
 2 SYSTEMPATH\CodeIgniter.php(934): App\Controllers\AdmPost->lista_corte()
 3 SYSTEMPATH\CodeIgniter.php(499): CodeIgniter\CodeIgniter->runController(Object(App\Controllers\AdmPost))
 4 SYSTEMPATH\CodeIgniter.php(368): CodeIgniter\CodeIgniter->handleRequest(null, Object(Config\Cache), false)
 5 FCPATH\index.php(67): CodeIgniter\CodeIgniter->run()
CRITICAL - 2023-07-14 23:27:42 --> syntax error, unexpected variable "$lista"
in APPPATH\Controllers\AdmPost.php on line 27.
 1 SYSTEMPATH\Autoloader\Autoloader.php(289): CodeIgniter\Autoloader\Autoloader->includeFile('C:\\xampp\\htdocs\\codi\\app\\Controllers\\AdmPost.php')
 2 SYSTEMPATH\Autoloader\Autoloader.php(267): CodeIgniter\Autoloader\Autoloader->loadInNamespace('App\\Controllers\\AdmPost')
 3 [internal function]: CodeIgniter\Autoloader\Autoloader->loadClass('App\\Controllers\\AdmPost')
 4 SYSTEMPATH\CodeIgniter.php(892): class_exists('\\App\\Controllers\\AdmPost', true)
 5 SYSTEMPATH\CodeIgniter.php(486): CodeIgniter\CodeIgniter->startController()
 6 SYSTEMPATH\CodeIgniter.php(368): CodeIgniter\CodeIgniter->handleRequest(null, Object(Config\Cache), false)
 7 FCPATH\index.php(67): CodeIgniter\CodeIgniter->run()
CRITICAL - 2023-07-14 23:27:43 --> Call to a member function find() on string
in APPPATH\Controllers\AdmPost.php on line 28.
 1 SYSTEMPATH\CodeIgniter.php(934): App\Controllers\AdmPost->lista_corte()
 2 SYSTEMPATH\CodeIgniter.php(499): CodeIgniter\CodeIgniter->runController(Object(App\Controllers\AdmPost))
 3 SYSTEMPATH\CodeIgniter.php(368): CodeIgniter\CodeIgniter->handleRequest(null, Object(Config\Cache), false)
 4 FCPATH\index.php(67): CodeIgniter\CodeIgniter->run()
CRITICAL - 2023-07-14 23:27:44 --> Call to a member function find() on string
in APPPATH\Controllers\AdmPost.php on line 28.
 1 SYSTEMPATH\CodeIgniter.php(934): App\Controllers\AdmPost->lista_corte()
 2 SYSTEMPATH\CodeIgniter.php(499): CodeIgniter\CodeIgniter->runController(Object(App\Controllers\AdmPost))
 3 SYSTEMPATH\CodeIgniter.php(368): CodeIgniter\CodeIgniter->handleRequest(null, Object(Config\Cache), false)
 4 FCPATH\index.php(67): CodeIgniter\CodeIgniter->run()
CRITICAL - 2023-07-14 23:27:45 --> syntax error, unexpected variable "$lista"
in APPPATH\Controllers\AdmPost.php on line 27.
 1 SYSTEMPATH\Autoloader\Autoloader.php(289): CodeIgniter\Autoloader\Autoloader->includeFile('C:\\xampp\\htdocs\\codi\\app\\Controllers\\AdmPost.php')
 2 SYSTEMPATH\Autoloader\Autoloader.php(267): CodeIgniter\Autoloader\Autoloader->loadInNamespace('App\\Controllers\\AdmPost')
 3 [internal function]: CodeIgniter\Autoloader\Autoloader->loadClass('App\\Controllers\\AdmPost')
 4 SYSTEMPATH\CodeIgniter.php(892): class_exists('\\App\\Controllers\\AdmPost', true)
 5 SYSTEMPATH\CodeIgniter.php(486): CodeIgniter\CodeIgniter->startController()
 6 SYSTEMPATH\CodeIgniter.php(368): CodeIgniter\CodeIgniter->handleRequest(null, Object(Config\Cache), false)
 7 FCPATH\index.php(67): CodeIgniter\CodeIgniter->run()
CRITICAL - 2023-07-14 23:27:46 --> syntax error, unexpected variable "$lista"
in APPPATH\Controllers\AdmPost.php on line 27.
 1 SYSTEMPATH\Autoloader\Autoloader.php(289): CodeIgniter\Autoloader\Autoloader->includeFile('C:\\xampp\\htdocs\\codi\\app\\Controllers\\AdmPost.php')
 2 SYSTEMPATH\Autoloader\Autoloader.php(267): CodeIgniter\Autoloader\Autoloader->loadInNamespace('App\\Controllers\\AdmPost')
 3 [internal function]: CodeIgniter\Autoloader\Autoloader->loadClass('App\\Controllers\\AdmPost')
 4 SYSTEMPATH\CodeIgniter.php(892): class_exists('\\App\\Controllers\\AdmPost', true)
 5 SYSTEMPATH\CodeIgniter.php(486): CodeIgniter\CodeIgniter->startController()
 6 SYSTEMPATH\CodeIgniter.php(368): CodeIgniter\CodeIgniter->handleRequest(null, Object(Config\Cache), false)
 7 FCPATH\index.php(67): CodeIgniter\CodeIgniter->run()
CRITICAL - 2023-07-14 23:27:47 --> syntax error, unexpected variable "$lista"
in APPPATH\Controllers\AdmPost.php on line 27.
 1 SYSTEMPATH\Autoloader\Autoloader.php(289): CodeIgniter\Autoloader\Autoloader->includeFile('C:\\xampp\\htdocs\\codi\\app\\Controllers\\AdmPost.php')
 2 SYSTEMPATH\Autoloader\Autoloader.php(267): CodeIgniter\Autoloader\Autoloader->loadInNamespace('App\\Controllers\\AdmPost')
 3 [internal function]: CodeIgniter\Autoloader\Autoloader->loadClass('App\\Controllers\\AdmPost')
 4 SYSTEMPATH\CodeIgniter.php(892): class_exists('\\App\\Controllers\\AdmPost', true)
 5 SYSTEMPATH\CodeIgniter.php(486): CodeIgniter\CodeIgniter->startController()
 6 SYSTEMPATH\CodeIgniter.php(368): CodeIgniter\CodeIgniter->handleRequest(null, Object(Config\Cache), false)
 7 FCPATH\index.php(67): CodeIgniter\CodeIgniter->run()
CRITICAL - 2023-07-14 23:27:48 --> syntax error, unexpected variable "$lista"
in APPPATH\Controllers\AdmPost.php on line 27.
 1 SYSTEMPATH\Autoloader\Autoloader.php(289): CodeIgniter\Autoloader\Autoloader->includeFile('C:\\xampp\\htdocs\\codi\\app\\Controllers\\AdmPost.php')
 2 SYSTEMPATH\Autoloader\Autoloader.php(267): CodeIgniter\Autoloader\Autoloader->loadInNamespace('App\\Controllers\\AdmPost')
 3 [internal function]: CodeIgniter\Autoloader\Autoloader->loadClass('App\\Controllers\\AdmPost')
 4 SYSTEMPATH\CodeIgniter.php(892): class_exists('\\App\\Controllers\\AdmPost', true)
 5 SYSTEMPATH\CodeIgniter.php(486): CodeIgniter\CodeIgniter->startController()
 6 SYSTEMPATH\CodeIgniter.php(368): CodeIgniter\CodeIgniter->handleRequest(null, Object(Config\Cache), false)
 7 FCPATH\index.php(67): CodeIgniter\CodeIgniter->run()
CRITICAL - 2023-07-14 23:27:49 --> syntax error, unexpected variable "$lista"
in APPPATH\Controllers\AdmPost.php on line 27.
 1 SYSTEMPATH\Autoloader\Autoloader.php(289): CodeIgniter\Autoloader\Autoloader->includeFile('C:\\xampp\\htdocs\\codi\\app\\Controllers\\AdmPost.php')
 2 SYSTEMPATH\Autoloader\Autoloader.php(267): CodeIgniter\Autoloader\Autoloader->loadInNamespace('App\\Controllers\\AdmPost')
 3 [internal function]: CodeIgniter\Autoloader\Autoloader->loadClass('App\\Controllers\\AdmPost')
 4 SYSTEMPATH\CodeIgniter.php(892): class_exists('\\App\\Controllers\\AdmPost', true)
 5 SYSTEMPATH\CodeIgniter.php(486): CodeIgniter\CodeIgniter->startController()
 6 SYSTEMPATH\CodeIgniter.php(368): CodeIgniter\CodeIgniter->handleRequest(null, Object(Config\Cache), false)
 7 FCPATH\index.php(67): CodeIgniter\CodeIgniter->run()
CRITICAL - 2023-07-14 23:27:50 --> syntax error, unexpected variable "$lista"
in APPPATH\Controllers\AdmPost.php on line 27.
 1 SYSTEMPATH\Autoloader\Autoloader.php(289): CodeIgniter\Autoloader\Autoloader->includeFile('C:\\xampp\\htdocs\\codi\\app\\Controllers\\AdmPost.php')
 2 SYSTEMPATH\Autoloader\Autoloader.php(267): CodeIgniter\Autoloader\Autoloader->loadInNamespace('App\\Controllers\\AdmPost')
 3 [internal function]: CodeIgniter\Autoloader\Autoloader->loadClass('App\\Controllers\\AdmPost')
 4 SYSTEMPATH\CodeIgniter.php(892): class_exists('\\App\\Controllers\\AdmPost', true)
 5 SYSTEMPATH\CodeIgniter.php(486): CodeIgniter\CodeIgniter->startController()
 6 SYSTEMPATH\CodeIgniter.php(368): CodeIgniter\CodeIgniter->handleRequest(null, Object(Config\Cache), false)
 7 FCPATH\index.php(67): CodeIgniter\CodeIgniter->run()
CRITICAL - 2023-07-14 23:27:51 --> syntax error, unexpected variable "$lista"
in APPPATH\Controllers\AdmPost.php on line 27.
 1 SYSTEMPATH\Autoloader\Autoloader.php(289): CodeIgniter\Autoloader\Autoloader->includeFile('C:\\xampp\\htdocs\\codi\\app\\Controllers\\AdmPost.php')
 2 SYSTEMPATH\Autoloader\Autoloader.php(267): CodeIgniter\Autoloader\Autoloader->loadInNamespace('App\\Controllers\\AdmPost')
 3 [internal function]: CodeIgniter\Autoloader\Autoloader->loadClass('App\\Controllers\\AdmPost')
 4 SYSTEMPATH\CodeIgniter.php(892): class_exists('\\App\\Controllers\\AdmPost', true)
 5 SYSTEMPATH\CodeIgniter.php(486): CodeIgniter\CodeIgniter->startController()
 6 SYSTEMPATH\CodeIgniter.php(368): CodeIgniter\CodeIgniter->handleRequest(null, Object(Config\Cache), false)
 7 FCPATH\index.php(67): CodeIgniter\CodeIgniter->run()
CRITICAL - 2023-07-14 23:27:52 --> syntax error, unexpected variable "$lista"
in APPPATH\Controllers\AdmPost.php on line 27.
 1 SYSTEMPATH\Autoloader\Autoloader.php(289): CodeIgniter\Autoloader\Autoloader->includeFile('C:\\xampp\\htdocs\\codi\\app\\Controllers\\AdmPost.php')
 2 SYSTEMPATH\Autoloader\Autoloader.php(267): CodeIgniter\Autoloader\Autoloader->loadInNamespace('App\\Controllers\\AdmPost')
 3 [internal function]: CodeIgniter\Autoloader\Autoloader->loadClass('App\\Controllers\\AdmPost')
 4 SYSTEMPATH\CodeIgniter.php(892): class_exists('\\App\\Controllers\\AdmPost', true)
 5 SYSTEMPATH\CodeIgniter.php(486): CodeIgniter\CodeIgniter->startController()
 6 SYSTEMPATH\CodeIgniter.php(368): CodeIgniter\CodeIgniter->handleRequest(null, Object(Config\Cache), false)
 7 FCPATH\index.php(67): CodeIgniter\CodeIgniter->run()
CRITICAL - 2023-07-14 23:27:53 --> syntax error, unexpected variable "$lista"
in APPPATH\Controllers\AdmPost.php on line 27.
 1 SYSTEMPATH\Autoloader\Autoloader.php(289): CodeIgniter\Autoloader\Autoloader->includeFile('C:\\xampp\\htdocs\\codi\\app\\Controllers\\AdmPost.php')
 2 SYSTEMPATH\Autoloader\Autoloader.php(267): CodeIgniter\Autoloader\Autoloader->loadInNamespace('App\\Controllers\\AdmPost')
 3 [internal function]: CodeIgniter\Autoloader\Autoloader->loadClass('App\\Controllers\\AdmPost')
 4 SYSTEMPATH\CodeIgniter.php(892): class_exists('\\App\\Controllers\\AdmPost', true)
 5 SYSTEMPATH\CodeIgniter.php(486): CodeIgniter\CodeIgniter->startController()
 6 SYSTEMPATH\CodeIgniter.php(368): CodeIgniter\CodeIgniter->handleRequest(null, Object(Config\Cache), false)
 7 FCPATH\index.php(67): CodeIgniter\CodeIgniter->run()
CRITICAL - 2023-07-14 23:27:54 --> syntax error, unexpected variable "$lista"
in APPPATH\Controllers\AdmPost.php on line 27.
 1 SYSTEMPATH\Autoloader\Autoloader.php(289): CodeIgniter\Autoloader\Autoloader->includeFile('C:\\xampp\\htdocs\\codi\\app\\Controllers\\AdmPost.php')
 2 SYSTEMPATH\Autoloader\Autoloader.php(267): CodeIgniter\Autoloader\Autoloader->loadInNamespace('App\\Controllers\\AdmPost')
 3 [internal function]: CodeIgniter\Autoloader\Autoloader->loadClass('App\\Controllers\\AdmPost')
 4 SYSTEMPATH\CodeIgniter.php(892): class_exists('\\App\\Controllers\\AdmPost', true)
 5 SYSTEMPATH\CodeIgniter.php(486): CodeIgniter\CodeIgniter->startController()
 6 SYSTEMPATH\CodeIgniter.php(368): CodeIgniter\CodeIgniter->handleRequest(null, Object(Config\Cache), false)
 7 FCPATH\index.php(67): CodeIgniter\CodeIgniter->run()
CRITICAL - 2023-07-14 23:27:55 --> syntax error, unexpected variable "$lista"
in APPPATH\Controllers\AdmPost.php on line 27.
 1 SYSTEMPATH\Autoloader\Autoloader.php(289): CodeIgniter\Autoloader\Autoloader->includeFile('C:\\xampp\\htdocs\\codi\\app\\Controllers\\AdmPost.php')
 2 SYSTEMPATH\Autoloader\Autoloader.php(267): CodeIgniter\Autoloader\Autoloader->loadInNamespace('App\\Controllers\\AdmPost')
 3 [internal function]: CodeIgniter\Autoloader\Autoloader->loadClass('App\\Controllers\\AdmPost')
 4 SYSTEMPATH\CodeIgniter.php(892): class_exists('\\App\\Controllers\\AdmPost', true)
 5 SYSTEMPATH\CodeIgniter.php(486): CodeIgniter\CodeIgniter->startController()
 6 SYSTEMPATH\CodeIgniter.php(368): CodeIgniter\CodeIgniter->handleRequest(null, Object(Config\Cache), false)
 7 FCPATH\index.php(67): CodeIgniter\CodeIgniter->run()
CRITICAL - 2023-07-14 23:27:56 --> Call to a member function find() on array
in APPPATH\Controllers\AdmPost.php on line 28.
 1 SYSTEMPATH\CodeIgniter.php(934): App\Controllers\AdmPost->lista_corte()
 2 SYSTEMPATH\CodeIgniter.php(499): CodeIgniter\CodeIgniter->runController(Object(App\Controllers\AdmPost))
 3 SYSTEMPATH\CodeIgniter.php(368): CodeIgniter\CodeIgniter->handleRequest(null, Object(Config\Cache), false)
 4 FCPATH\index.php(67): CodeIgniter\CodeIgniter->run()
CRITICAL - 2023-07-14 23:27:57 --> Call to a member function find() on array
in APPPATH\Controllers\AdmPost.php on line 28.
 1 SYSTEMPATH\CodeIgniter.php(934): App\Controllers\AdmPost->lista_corte()
 2 SYSTEMPATH\CodeIgniter.php(499): CodeIgniter\CodeIgniter->runController(Object(App\Controllers\AdmPost))
 3 SYSTEMPATH\CodeIgniter.php(368): CodeIgniter\CodeIgniter->handleRequest(null, Object(Config\Cache), false)
 4 FCPATH\index.php(67): CodeIgniter\CodeIgniter->run()
CRITICAL - 2023-07-14 23:27:58 --> Call to a member function find() on array
in APPPATH\Controllers\AdmPost.php on line 28.
 1 SYSTEMPATH\CodeIgniter.php(934): App\Controllers\AdmPost->lista_corte()
 2 SYSTEMPATH\CodeIgniter.php(499): CodeIgniter\CodeIgniter->runController(Object(App\Controllers\AdmPost))
 3 SYSTEMPATH\CodeIgniter.php(368): CodeIgniter\CodeIgniter->handleRequest(null, Object(Config\Cache), false)
 4 FCPATH\index.php(67): CodeIgniter\CodeIgniter->run()
CRITICAL - 2023-07-14 23:27:59 --> Call to a member function find() on array
in APPPATH\Controllers\AdmPost.php on line 28.
 1 SYSTEMPATH\CodeIgniter.php(934): App\Controllers\AdmPost->lista_corte()
 2 SYSTEMPATH\CodeIgniter.php(499): CodeIgniter\CodeIgniter->runController(Object(App\Controllers\AdmPost))
 3 SYSTEMPATH\CodeIgniter.php(368): CodeIgniter\CodeIgniter->handleRequest(null, Object(Config\Cache), false)
 4 FCPATH\index.php(67): CodeIgniter\CodeIgniter->run()
CRITICAL - 2023-07-14 23:28:08 --> syntax error, unexpected variable "$lista"
in APPPATH\Controllers\AdmPost.php on line 27.
 1 SYSTEMPATH\Autoloader\Autoloader.php(289): CodeIgniter\Autoloader\Autoloader->includeFile('C:\\xampp\\htdocs\\codi\\app\\Controllers\\AdmPost.php')
 2 SYSTEMPATH\Autoloader\Autoloader.php(267): CodeIgniter\Autoloader\Autoloader->loadInNamespace('App\\Controllers\\AdmPost')
 3 [internal function]: CodeIgniter\Autoloader\Autoloader->loadClass('App\\Controllers\\AdmPost')
 4 SYSTEMPATH\CodeIgniter.php(892): class_exists('\\App\\Controllers\\AdmPost', true)
 5 SYSTEMPATH\CodeIgniter.php(486): CodeIgniter\CodeIgniter->startController()
 6 SYSTEMPATH\CodeIgniter.php(368): CodeIgniter\CodeIgniter->handleRequest(null, Object(Config\Cache), false)
 7 FCPATH\index.php(67): CodeIgniter\CodeIgniter->run()
CRITICAL - 2023-07-14 23:28:09 --> syntax error, unexpected variable "$lista"
in APPPATH\Controllers\AdmPost.php on line 27.
 1 SYSTEMPATH\Autoloader\Autoloader.php(289): CodeIgniter\Autoloader\Autoloader->includeFile('C:\\xampp\\htdocs\\codi\\app\\Controllers\\AdmPost.php')
 2 SYSTEMPATH\Autoloader\Autoloader.php(267): CodeIgniter\Autoloader\Autoloader->loadInNamespace('App\\Controllers\\AdmPost')
 3 [internal function]: CodeIgniter\Autoloader\Autoloader->loadClass('App\\Controllers\\AdmPost')
 4 SYSTEMPATH\CodeIgniter.php(892): class_exists('\\App\\Controllers\\AdmPost', true)
 5 SYSTEMPATH\CodeIgniter.php(486): CodeIgniter\CodeIgniter->startController()
 6 SYSTEMPATH\CodeIgniter.php(368): CodeIgniter\CodeIgniter->handleRequest(null, Object(Config\Cache), false)
 7 FCPATH\index.php(67): CodeIgniter\CodeIgniter->run()
CRITICAL - 2023-07-14 23:28:10 --> syntax error, unexpected variable "$lista"
in APPPATH\Controllers\AdmPost.php on line 27.
 1 SYSTEMPATH\Autoloader\Autoloader.php(289): CodeIgniter\Autoloader\Autoloader->includeFile('C:\\xampp\\htdocs\\codi\\app\\Controllers\\AdmPost.php')
 2 SYSTEMPATH\Autoloader\Autoloader.php(267): CodeIgniter\Autoloader\Autoloader->loadInNamespace('App\\Controllers\\AdmPost')
 3 [internal function]: CodeIgniter\Autoloader\Autoloader->loadClass('App\\Controllers\\AdmPost')
 4 SYSTEMPATH\CodeIgniter.php(892): class_exists('\\App\\Controllers\\AdmPost', true)
 5 SYSTEMPATH\CodeIgniter.php(486): CodeIgniter\CodeIgniter->startController()
 6 SYSTEMPATH\CodeIgniter.php(368): CodeIgniter\CodeIgniter->handleRequest(null, Object(Config\Cache), false)
 7 FCPATH\index.php(67): CodeIgniter\CodeIgniter->run()
CRITICAL - 2023-07-14 23:28:45 --> syntax error, unexpected token "."
in APPPATH\Controllers\AdmPost.php on line 34.
 1 SYSTEMPATH\Autoloader\Autoloader.php(289): CodeIgniter\Autoloader\Autoloader->includeFile('C:\\xampp\\htdocs\\codi\\app\\Controllers\\AdmPost.php')
 2 SYSTEMPATH\Autoloader\Autoloader.php(267): CodeIgniter\Autoloader\Autoloader->loadInNamespace('App\\Controllers\\AdmPost')
 3 [internal function]: CodeIgniter\Autoloader\Autoloader->loadClass('App\\Controllers\\AdmPost')
 4 SYSTEMPATH\CodeIgniter.php(892): class_exists('\\App\\Controllers\\AdmPost', true)
 5 SYSTEMPATH\CodeIgniter.php(486): CodeIgniter\CodeIgniter->startController()
 6 SYSTEMPATH\CodeIgniter.php(368): CodeIgniter\CodeIgniter->handleRequest(null, Object(Config\Cache), false)
 7 FCPATH\index.php(67): CodeIgniter\CodeIgniter->run()
CRITICAL - 2023-07-14 23:28:46 --> syntax error, unexpected token "."
in APPPATH\Controllers\AdmPost.php on line 34.
 1 SYSTEMPATH\Autoloader\Autoloader.php(289): CodeIgniter\Autoloader\Autoloader->includeFile('C:\\xampp\\htdocs\\codi\\app\\Controllers\\AdmPost.php')
 2 SYSTEMPATH\Autoloader\Autoloader.php(267): CodeIgniter\Autoloader\Autoloader->loadInNamespace('App\\Controllers\\AdmPost')
 3 [internal function]: CodeIgniter\Autoloader\Autoloader->loadClass('App\\Controllers\\AdmPost')
 4 SYSTEMPATH\CodeIgniter.php(892): class_exists('\\App\\Controllers\\AdmPost', true)
 5 SYSTEMPATH\CodeIgniter.php(486): CodeIgniter\CodeIgniter->startController()
 6 SYSTEMPATH\CodeIgniter.php(368): CodeIgniter\CodeIgniter->handleRequest(null, Object(Config\Cache), false)
 7 FCPATH\index.php(67): CodeIgniter\CodeIgniter->run()
CRITICAL - 2023-07-14 23:28:47 --> syntax error, unexpected token "."
in APPPATH\Controllers\AdmPost.php on line 34.
 1 SYSTEMPATH\Autoloader\Autoloader.php(289): CodeIgniter\Autoloader\Autoloader->includeFile('C:\\xampp\\htdocs\\codi\\app\\Controllers\\AdmPost.php')
 2 SYSTEMPATH\Autoloader\Autoloader.php(267): CodeIgniter\Autoloader\Autoloader->loadInNamespace('App\\Controllers\\AdmPost')
 3 [internal function]: CodeIgniter\Autoloader\Autoloader->loadClass('App\\Controllers\\AdmPost')
 4 SYSTEMPATH\CodeIgniter.php(892): class_exists('\\App\\Controllers\\AdmPost', true)
 5 SYSTEMPATH\CodeIgniter.php(486): CodeIgniter\CodeIgniter->startController()
 6 SYSTEMPATH\CodeIgniter.php(368): CodeIgniter\CodeIgniter->handleRequest(null, Object(Config\Cache), false)
 7 FCPATH\index.php(67): CodeIgniter\CodeIgniter->run()
CRITICAL - 2023-07-14 23:28:48 --> syntax error, unexpected token "."
in APPPATH\Controllers\AdmPost.php on line 34.
 1 SYSTEMPATH\Autoloader\Autoloader.php(289): CodeIgniter\Autoloader\Autoloader->includeFile('C:\\xampp\\htdocs\\codi\\app\\Controllers\\AdmPost.php')
 2 SYSTEMPATH\Autoloader\Autoloader.php(267): CodeIgniter\Autoloader\Autoloader->loadInNamespace('App\\Controllers\\AdmPost')
 3 [internal function]: CodeIgniter\Autoloader\Autoloader->loadClass('App\\Controllers\\AdmPost')
 4 SYSTEMPATH\CodeIgniter.php(892): class_exists('\\App\\Controllers\\AdmPost', true)
 5 SYSTEMPATH\CodeIgniter.php(486): CodeIgniter\CodeIgniter->startController()
 6 SYSTEMPATH\CodeIgniter.php(368): CodeIgniter\CodeIgniter->handleRequest(null, Object(Config\Cache), false)
 7 FCPATH\index.php(67): CodeIgniter\CodeIgniter->run()
CRITICAL - 2023-07-14 23:28:49 --> syntax error, unexpected token "."
in APPPATH\Controllers\AdmPost.php on line 34.
 1 SYSTEMPATH\Autoloader\Autoloader.php(289): CodeIgniter\Autoloader\Autoloader->includeFile('C:\\xampp\\htdocs\\codi\\app\\Controllers\\AdmPost.php')
 2 SYSTEMPATH\Autoloader\Autoloader.php(267): CodeIgniter\Autoloader\Autoloader->loadInNamespace('App\\Controllers\\AdmPost')
 3 [internal function]: CodeIgniter\Autoloader\Autoloader->loadClass('App\\Controllers\\AdmPost')
 4 SYSTEMPATH\CodeIgniter.php(892): class_exists('\\App\\Controllers\\AdmPost', true)
 5 SYSTEMPATH\CodeIgniter.php(486): CodeIgniter\CodeIgniter->startController()
 6 SYSTEMPATH\CodeIgniter.php(368): CodeIgniter\CodeIgniter->handleRequest(null, Object(Config\Cache), false)
 7 FCPATH\index.php(67): CodeIgniter\CodeIgniter->run()
CRITICAL - 2023-07-14 23:28:50 --> syntax error, unexpected token "."
in APPPATH\Controllers\AdmPost.php on line 34.
 1 SYSTEMPATH\Autoloader\Autoloader.php(289): CodeIgniter\Autoloader\Autoloader->includeFile('C:\\xampp\\htdocs\\codi\\app\\Controllers\\AdmPost.php')
 2 SYSTEMPATH\Autoloader\Autoloader.php(267): CodeIgniter\Autoloader\Autoloader->loadInNamespace('App\\Controllers\\AdmPost')
 3 [internal function]: CodeIgniter\Autoloader\Autoloader->loadClass('App\\Controllers\\AdmPost')
 4 SYSTEMPATH\CodeIgniter.php(892): class_exists('\\App\\Controllers\\AdmPost', true)
 5 SYSTEMPATH\CodeIgniter.php(486): CodeIgniter\CodeIgniter->startController()
 6 SYSTEMPATH\CodeIgniter.php(368): CodeIgniter\CodeIgniter->handleRequest(null, Object(Config\Cache), false)
 7 FCPATH\index.php(67): CodeIgniter\CodeIgniter->run()
CRITICAL - 2023-07-14 23:28:51 --> syntax error, unexpected token "."
in APPPATH\Controllers\AdmPost.php on line 34.
 1 SYSTEMPATH\Autoloader\Autoloader.php(289): CodeIgniter\Autoloader\Autoloader->includeFile('C:\\xampp\\htdocs\\codi\\app\\Controllers\\AdmPost.php')
 2 SYSTEMPATH\Autoloader\Autoloader.php(267): CodeIgniter\Autoloader\Autoloader->loadInNamespace('App\\Controllers\\AdmPost')
 3 [internal function]: CodeIgniter\Autoloader\Autoloader->loadClass('App\\Controllers\\AdmPost')
 4 SYSTEMPATH\CodeIgniter.php(892): class_exists('\\App\\Controllers\\AdmPost', true)
 5 SYSTEMPATH\CodeIgniter.php(486): CodeIgniter\CodeIgniter->startController()
 6 SYSTEMPATH\CodeIgniter.php(368): CodeIgniter\CodeIgniter->handleRequest(null, Object(Config\Cache), false)
 7 FCPATH\index.php(67): CodeIgniter\CodeIgniter->run()
CRITICAL - 2023-07-14 23:28:52 --> syntax error, unexpected token "."
in APPPATH\Controllers\AdmPost.php on line 34.
 1 SYSTEMPATH\Autoloader\Autoloader.php(289): CodeIgniter\Autoloader\Autoloader->includeFile('C:\\xampp\\htdocs\\codi\\app\\Controllers\\AdmPost.php')
 2 SYSTEMPATH\Autoloader\Autoloader.php(267): CodeIgniter\Autoloader\Autoloader->loadInNamespace('App\\Controllers\\AdmPost')
 3 [internal function]: CodeIgniter\Autoloader\Autoloader->loadClass('App\\Controllers\\AdmPost')
 4 SYSTEMPATH\CodeIgniter.php(892): class_exists('\\App\\Controllers\\AdmPost', true)
 5 SYSTEMPATH\CodeIgniter.php(486): CodeIgniter\CodeIgniter->startController()
 6 SYSTEMPATH\CodeIgniter.php(368): CodeIgniter\CodeIgniter->handleRequest(null, Object(Config\Cache), false)
 7 FCPATH\index.php(67): CodeIgniter\CodeIgniter->run()
CRITICAL - 2023-07-14 23:29:05 --> syntax error, unexpected variable "$lista"
in APPPATH\Controllers\AdmPost.php on line 31.
 1 SYSTEMPATH\Autoloader\Autoloader.php(289): CodeIgniter\Autoloader\Autoloader->includeFile('C:\\xampp\\htdocs\\codi\\app\\Controllers\\AdmPost.php')
 2 SYSTEMPATH\Autoloader\Autoloader.php(267): CodeIgniter\Autoloader\Autoloader->loadInNamespace('App\\Controllers\\AdmPost')
 3 [internal function]: CodeIgniter\Autoloader\Autoloader->loadClass('App\\Controllers\\AdmPost')
 4 SYSTEMPATH\CodeIgniter.php(892): class_exists('\\App\\Controllers\\AdmPost', true)
 5 SYSTEMPATH\CodeIgniter.php(486): CodeIgniter\CodeIgniter->startController()
 6 SYSTEMPATH\CodeIgniter.php(368): CodeIgniter\CodeIgniter->handleRequest(null, Object(Config\Cache), false)
 7 FCPATH\index.php(67): CodeIgniter\CodeIgniter->run()
CRITICAL - 2023-07-14 23:29:06 --> syntax error, unexpected variable "$lista"
in APPPATH\Controllers\AdmPost.php on line 31.
 1 SYSTEMPATH\Autoloader\Autoloader.php(289): CodeIgniter\Autoloader\Autoloader->includeFile('C:\\xampp\\htdocs\\codi\\app\\Controllers\\AdmPost.php')
 2 SYSTEMPATH\Autoloader\Autoloader.php(267): CodeIgniter\Autoloader\Autoloader->loadInNamespace('App\\Controllers\\AdmPost')
 3 [internal function]: CodeIgniter\Autoloader\Autoloader->loadClass('App\\Controllers\\AdmPost')
 4 SYSTEMPATH\CodeIgniter.php(892): class_exists('\\App\\Controllers\\AdmPost', true)
 5 SYSTEMPATH\CodeIgniter.php(486): CodeIgniter\CodeIgniter->startController()
 6 SYSTEMPATH\CodeIgniter.php(368): CodeIgniter\CodeIgniter->handleRequest(null, Object(Config\Cache), false)
 7 FCPATH\index.php(67): CodeIgniter\CodeIgniter->run()
CRITICAL - 2023-07-14 23:29:07 --> syntax error, unexpected variable "$lista"
in APPPATH\Controllers\AdmPost.php on line 31.
 1 SYSTEMPATH\Autoloader\Autoloader.php(289): CodeIgniter\Autoloader\Autoloader->includeFile('C:\\xampp\\htdocs\\codi\\app\\Controllers\\AdmPost.php')
 2 SYSTEMPATH\Autoloader\Autoloader.php(267): CodeIgniter\Autoloader\Autoloader->loadInNamespace('App\\Controllers\\AdmPost')
 3 [internal function]: CodeIgniter\Autoloader\Autoloader->loadClass('App\\Controllers\\AdmPost')
 4 SYSTEMPATH\CodeIgniter.php(892): class_exists('\\App\\Controllers\\AdmPost', true)
 5 SYSTEMPATH\CodeIgniter.php(486): CodeIgniter\CodeIgniter->startController()
 6 SYSTEMPATH\CodeIgniter.php(368): CodeIgniter\CodeIgniter->handleRequest(null, Object(Config\Cache), false)
 7 FCPATH\index.php(67): CodeIgniter\CodeIgniter->run()
CRITICAL - 2023-07-14 23:29:08 --> syntax error, unexpected variable "$lista"
in APPPATH\Controllers\AdmPost.php on line 31.
 1 SYSTEMPATH\Autoloader\Autoloader.php(289): CodeIgniter\Autoloader\Autoloader->includeFile('C:\\xampp\\htdocs\\codi\\app\\Controllers\\AdmPost.php')
 2 SYSTEMPATH\Autoloader\Autoloader.php(267): CodeIgniter\Autoloader\Autoloader->loadInNamespace('App\\Controllers\\AdmPost')
 3 [internal function]: CodeIgniter\Autoloader\Autoloader->loadClass('App\\Controllers\\AdmPost')
 4 SYSTEMPATH\CodeIgniter.php(892): class_exists('\\App\\Controllers\\AdmPost', true)
 5 SYSTEMPATH\CodeIgniter.php(486): CodeIgniter\CodeIgniter->startController()
 6 SYSTEMPATH\CodeIgniter.php(368): CodeIgniter\CodeIgniter->handleRequest(null, Object(Config\Cache), false)
 7 FCPATH\index.php(67): CodeIgniter\CodeIgniter->run()
CRITICAL - 2023-07-14 23:29:09 --> syntax error, unexpected variable "$lista"
in APPPATH\Controllers\AdmPost.php on line 31.
 1 SYSTEMPATH\Autoloader\Autoloader.php(289): CodeIgniter\Autoloader\Autoloader->includeFile('C:\\xampp\\htdocs\\codi\\app\\Controllers\\AdmPost.php')
 2 SYSTEMPATH\Autoloader\Autoloader.php(267): CodeIgniter\Autoloader\Autoloader->loadInNamespace('App\\Controllers\\AdmPost')
 3 [internal function]: CodeIgniter\Autoloader\Autoloader->loadClass('App\\Controllers\\AdmPost')
 4 SYSTEMPATH\CodeIgniter.php(892): class_exists('\\App\\Controllers\\AdmPost', true)
 5 SYSTEMPATH\CodeIgniter.php(486): CodeIgniter\CodeIgniter->startController()
 6 SYSTEMPATH\CodeIgniter.php(368): CodeIgniter\CodeIgniter->handleRequest(null, Object(Config\Cache), false)
 7 FCPATH\index.php(67): CodeIgniter\CodeIgniter->run()
CRITICAL - 2023-07-14 23:29:10 --> syntax error, unexpected variable "$lista"
in APPPATH\Controllers\AdmPost.php on line 31.
 1 SYSTEMPATH\Autoloader\Autoloader.php(289): CodeIgniter\Autoloader\Autoloader->includeFile('C:\\xampp\\htdocs\\codi\\app\\Controllers\\AdmPost.php')
 2 SYSTEMPATH\Autoloader\Autoloader.php(267): CodeIgniter\Autoloader\Autoloader->loadInNamespace('App\\Controllers\\AdmPost')
 3 [internal function]: CodeIgniter\Autoloader\Autoloader->loadClass('App\\Controllers\\AdmPost')
 4 SYSTEMPATH\CodeIgniter.php(892): class_exists('\\App\\Controllers\\AdmPost', true)
 5 SYSTEMPATH\CodeIgniter.php(486): CodeIgniter\CodeIgniter->startController()
 6 SYSTEMPATH\CodeIgniter.php(368): CodeIgniter\CodeIgniter->handleRequest(null, Object(Config\Cache), false)
 7 FCPATH\index.php(67): CodeIgniter\CodeIgniter->run()
CRITICAL - 2023-07-14 23:29:11 --> syntax error, unexpected variable "$lista"
in APPPATH\Controllers\AdmPost.php on line 31.
 1 SYSTEMPATH\Autoloader\Autoloader.php(289): CodeIgniter\Autoloader\Autoloader->includeFile('C:\\xampp\\htdocs\\codi\\app\\Controllers\\AdmPost.php')
 2 SYSTEMPATH\Autoloader\Autoloader.php(267): CodeIgniter\Autoloader\Autoloader->loadInNamespace('App\\Controllers\\AdmPost')
 3 [internal function]: CodeIgniter\Autoloader\Autoloader->loadClass('App\\Controllers\\AdmPost')
 4 SYSTEMPATH\CodeIgniter.php(892): class_exists('\\App\\Controllers\\AdmPost', true)
 5 SYSTEMPATH\CodeIgniter.php(486): CodeIgniter\CodeIgniter->startController()
 6 SYSTEMPATH\CodeIgniter.php(368): CodeIgniter\CodeIgniter->handleRequest(null, Object(Config\Cache), false)
 7 FCPATH\index.php(67): CodeIgniter\CodeIgniter->run()
CRITICAL - 2023-07-14 23:29:12 --> syntax error, unexpected variable "$lista"
in APPPATH\Controllers\AdmPost.php on line 31.
 1 SYSTEMPATH\Autoloader\Autoloader.php(289): CodeIgniter\Autoloader\Autoloader->includeFile('C:\\xampp\\htdocs\\codi\\app\\Controllers\\AdmPost.php')
 2 SYSTEMPATH\Autoloader\Autoloader.php(267): CodeIgniter\Autoloader\Autoloader->loadInNamespace('App\\Controllers\\AdmPost')
 3 [internal function]: CodeIgniter\Autoloader\Autoloader->loadClass('App\\Controllers\\AdmPost')
 4 SYSTEMPATH\CodeIgniter.php(892): class_exists('\\App\\Controllers\\AdmPost', true)
 5 SYSTEMPATH\CodeIgniter.php(486): CodeIgniter\CodeIgniter->startController()
 6 SYSTEMPATH\CodeIgniter.php(368): CodeIgniter\CodeIgniter->handleRequest(null, Object(Config\Cache), false)
 7 FCPATH\index.php(67): CodeIgniter\CodeIgniter->run()
CRITICAL - 2023-07-14 23:29:13 --> syntax error, unexpected variable "$lista"
in APPPATH\Controllers\AdmPost.php on line 31.
 1 SYSTEMPATH\Autoloader\Autoloader.php(289): CodeIgniter\Autoloader\Autoloader->includeFile('C:\\xampp\\htdocs\\codi\\app\\Controllers\\AdmPost.php')
 2 SYSTEMPATH\Autoloader\Autoloader.php(267): CodeIgniter\Autoloader\Autoloader->loadInNamespace('App\\Controllers\\AdmPost')
 3 [internal function]: CodeIgniter\Autoloader\Autoloader->loadClass('App\\Controllers\\AdmPost')
 4 SYSTEMPATH\CodeIgniter.php(892): class_exists('\\App\\Controllers\\AdmPost', true)
 5 SYSTEMPATH\CodeIgniter.php(486): CodeIgniter\CodeIgniter->startController()
 6 SYSTEMPATH\CodeIgniter.php(368): CodeIgniter\CodeIgniter->handleRequest(null, Object(Config\Cache), false)
 7 FCPATH\index.php(67): CodeIgniter\CodeIgniter->run()
CRITICAL - 2023-07-14 23:29:14 --> syntax error, unexpected variable "$lista"
in APPPATH\Controllers\AdmPost.php on line 31.
 1 SYSTEMPATH\Autoloader\Autoloader.php(289): CodeIgniter\Autoloader\Autoloader->includeFile('C:\\xampp\\htdocs\\codi\\app\\Controllers\\AdmPost.php')
 2 SYSTEMPATH\Autoloader\Autoloader.php(267): CodeIgniter\Autoloader\Autoloader->loadInNamespace('App\\Controllers\\AdmPost')
 3 [internal function]: CodeIgniter\Autoloader\Autoloader->loadClass('App\\Controllers\\AdmPost')
 4 SYSTEMPATH\CodeIgniter.php(892): class_exists('\\App\\Controllers\\AdmPost', true)
 5 SYSTEMPATH\CodeIgniter.php(486): CodeIgniter\CodeIgniter->startController()
 6 SYSTEMPATH\CodeIgniter.php(368): CodeIgniter\CodeIgniter->handleRequest(null, Object(Config\Cache), false)
 7 FCPATH\index.php(67): CodeIgniter\CodeIgniter->run()
CRITICAL - 2023-07-14 23:29:15 --> syntax error, unexpected variable "$lista"
in APPPATH\Controllers\AdmPost.php on line 31.
 1 SYSTEMPATH\Autoloader\Autoloader.php(289): CodeIgniter\Autoloader\Autoloader->includeFile('C:\\xampp\\htdocs\\codi\\app\\Controllers\\AdmPost.php')
 2 SYSTEMPATH\Autoloader\Autoloader.php(267): CodeIgniter\Autoloader\Autoloader->loadInNamespace('App\\Controllers\\AdmPost')
 3 [internal function]: CodeIgniter\Autoloader\Autoloader->loadClass('App\\Controllers\\AdmPost')
 4 SYSTEMPATH\CodeIgniter.php(892): class_exists('\\App\\Controllers\\AdmPost', true)
 5 SYSTEMPATH\CodeIgniter.php(486): CodeIgniter\CodeIgniter->startController()
 6 SYSTEMPATH\CodeIgniter.php(368): CodeIgniter\CodeIgniter->handleRequest(null, Object(Config\Cache), false)
 7 FCPATH\index.php(67): CodeIgniter\CodeIgniter->run()
CRITICAL - 2023-07-14 23:29:16 --> syntax error, unexpected variable "$lista"
in APPPATH\Controllers\AdmPost.php on line 31.
 1 SYSTEMPATH\Autoloader\Autoloader.php(289): CodeIgniter\Autoloader\Autoloader->includeFile('C:\\xampp\\htdocs\\codi\\app\\Controllers\\AdmPost.php')
 2 SYSTEMPATH\Autoloader\Autoloader.php(267): CodeIgniter\Autoloader\Autoloader->loadInNamespace('App\\Controllers\\AdmPost')
 3 [internal function]: CodeIgniter\Autoloader\Autoloader->loadClass('App\\Controllers\\AdmPost')
 4 SYSTEMPATH\CodeIgniter.php(892): class_exists('\\App\\Controllers\\AdmPost', true)
 5 SYSTEMPATH\CodeIgniter.php(486): CodeIgniter\CodeIgniter->startController()
 6 SYSTEMPATH\CodeIgniter.php(368): CodeIgniter\CodeIgniter->handleRequest(null, Object(Config\Cache), false)
 7 FCPATH\index.php(67): CodeIgniter\CodeIgniter->run()
CRITICAL - 2023-07-14 23:29:17 --> syntax error, unexpected variable "$lista"
in APPPATH\Controllers\AdmPost.php on line 31.
 1 SYSTEMPATH\Autoloader\Autoloader.php(289): CodeIgniter\Autoloader\Autoloader->includeFile('C:\\xampp\\htdocs\\codi\\app\\Controllers\\AdmPost.php')
 2 SYSTEMPATH\Autoloader\Autoloader.php(267): CodeIgniter\Autoloader\Autoloader->loadInNamespace('App\\Controllers\\AdmPost')
 3 [internal function]: CodeIgniter\Autoloader\Autoloader->loadClass('App\\Controllers\\AdmPost')
 4 SYSTEMPATH\CodeIgniter.php(892): class_exists('\\App\\Controllers\\AdmPost', true)
 5 SYSTEMPATH\CodeIgniter.php(486): CodeIgniter\CodeIgniter->startController()
 6 SYSTEMPATH\CodeIgniter.php(368): CodeIgniter\CodeIgniter->handleRequest(null, Object(Config\Cache), false)
 7 FCPATH\index.php(67): CodeIgniter\CodeIgniter->run()
CRITICAL - 2023-07-14 23:36:37 --> syntax error, unexpected variable "$prioridade_data"
in APPPATH\Controllers\AdmPost.php on line 61.
 1 SYSTEMPATH\Autoloader\Autoloader.php(289): CodeIgniter\Autoloader\Autoloader->includeFile('C:\\xampp\\htdocs\\codi\\app\\Controllers\\AdmPost.php')
 2 SYSTEMPATH\Autoloader\Autoloader.php(267): CodeIgniter\Autoloader\Autoloader->loadInNamespace('App\\Controllers\\AdmPost')
 3 [internal function]: CodeIgniter\Autoloader\Autoloader->loadClass('App\\Controllers\\AdmPost')
 4 SYSTEMPATH\CodeIgniter.php(892): class_exists('\\App\\Controllers\\AdmPost', true)
 5 SYSTEMPATH\CodeIgniter.php(486): CodeIgniter\CodeIgniter->startController()
 6 SYSTEMPATH\CodeIgniter.php(368): CodeIgniter\CodeIgniter->handleRequest(null, Object(Config\Cache), false)
 7 FCPATH\index.php(67): CodeIgniter\CodeIgniter->run()
CRITICAL - 2023-07-14 23:37:37 --> syntax error, unexpected variable "$lista", expecting ")"
in APPPATH\Controllers\AdmPost.php on line 68.
 1 SYSTEMPATH\Autoloader\Autoloader.php(289): CodeIgniter\Autoloader\Autoloader->includeFile('C:\\xampp\\htdocs\\codi\\app\\Controllers\\AdmPost.php')
 2 SYSTEMPATH\Autoloader\Autoloader.php(267): CodeIgniter\Autoloader\Autoloader->loadInNamespace('App\\Controllers\\AdmPost')
 3 [internal function]: CodeIgniter\Autoloader\Autoloader->loadClass('App\\Controllers\\AdmPost')
 4 SYSTEMPATH\CodeIgniter.php(892): class_exists('\\App\\Controllers\\AdmPost', true)
 5 SYSTEMPATH\CodeIgniter.php(486): CodeIgniter\CodeIgniter->startController()
 6 SYSTEMPATH\CodeIgniter.php(368): CodeIgniter\CodeIgniter->handleRequest(null, Object(Config\Cache), false)
 7 FCPATH\index.php(67): CodeIgniter\CodeIgniter->run()
CRITICAL - 2023-07-14 23:38:37 --> syntax error, unexpected variable "$lista"
in APPPATH\Controllers\AdmPost.php on line 69.
 1 SYSTEMPATH\Autoloader\Autoloader.php(289): CodeIgniter\Autoloader\Autoloader->includeFile('C:\\xampp\\htdocs\\codi\\app\\Controllers\\AdmPost.php')
 2 SYSTEMPATH\Autoloader\Autoloader.php(267): CodeIgniter\Autoloader\Autoloader->loadInNamespace('App\\Controllers\\AdmPost')
 3 [internal function]: CodeIgniter\Autoloader\Autoloader->loadClass('App\\Controllers\\AdmPost')
 4 SYSTEMPATH\CodeIgniter.php(892): class_exists('\\App\\Controllers\\AdmPost', true)
 5 SYSTEMPATH\CodeIgniter.php(486): CodeIgniter\CodeIgniter->startController()
 6 SYSTEMPATH\CodeIgniter.php(368): CodeIgniter\CodeIgniter->handleRequest(null, Object(Config\Cache), false)
 7 FCPATH\index.php(67): CodeIgniter\CodeIgniter->run()
CRITICAL - 2023-07-14 23:53:54 --> Undefined array key "nome"
in APPPATH\Controllers\AdmPost.php on line 78.
 1 APPPATH\Controllers\AdmPost.php(78): CodeIgniter\Debug\Exceptions->errorHandler(2, 'Undefined array key "nome"', 'C:\\xampp\\htdocs\\codi\\app\\Controllers\\AdmPost.php', 78)
 2 SYSTEMPATH\CodeIgniter.php(934): App\Controllers\AdmPost->desenho_meus()
 3 SYSTEMPATH\CodeIgniter.php(499): CodeIgniter\CodeIgniter->runController(Object(App\Controllers\AdmPost))
 4 SYSTEMPATH\CodeIgniter.php(368): CodeIgniter\CodeIgniter->handleRequest(null, Object(Config\Cache), false)
 5 FCPATH\index.php(67): CodeIgniter\CodeIgniter->run()
CRITICAL - 2023-07-14 23:53:55 --> Undefined array key "nome"
in APPPATH\Controllers\AdmPost.php on line 78.
 1 APPPATH\Controllers\AdmPost.php(78): CodeIgniter\Debug\Exceptions->errorHandler(2, 'Undefined array key "nome"', 'C:\\xampp\\htdocs\\codi\\app\\Controllers\\AdmPost.php', 78)
 2 SYSTEMPATH\CodeIgniter.php(934): App\Controllers\AdmPost->desenho_meus()
 3 SYSTEMPATH\CodeIgniter.php(499): CodeIgniter\CodeIgniter->runController(Object(App\Controllers\AdmPost))
 4 SYSTEMPATH\CodeIgniter.php(368): CodeIgniter\CodeIgniter->handleRequest(null, Object(Config\Cache), false)
 5 FCPATH\index.php(67): CodeIgniter\CodeIgniter->run()
CRITICAL - 2023-07-14 23:53:56 --> Undefined array key "nome"
in APPPATH\Controllers\AdmPost.php on line 78.
 1 APPPATH\Controllers\AdmPost.php(78): CodeIgniter\Debug\Exceptions->errorHandler(2, 'Undefined array key "nome"', 'C:\\xampp\\htdocs\\codi\\app\\Controllers\\AdmPost.php', 78)
 2 SYSTEMPATH\CodeIgniter.php(934): App\Controllers\AdmPost->desenho_meus()
 3 SYSTEMPATH\CodeIgniter.php(499): CodeIgniter\CodeIgniter->runController(Object(App\Controllers\AdmPost))
 4 SYSTEMPATH\CodeIgniter.php(368): CodeIgniter\CodeIgniter->handleRequest(null, Object(Config\Cache), false)
 5 FCPATH\index.php(67): CodeIgniter\CodeIgniter->run()
CRITICAL - 2023-07-14 23:53:57 --> Undefined array key "nome"
in APPPATH\Controllers\AdmPost.php on line 78.
 1 APPPATH\Controllers\AdmPost.php(78): CodeIgniter\Debug\Exceptions->errorHandler(2, 'Undefined array key "nome"', 'C:\\xampp\\htdocs\\codi\\app\\Controllers\\AdmPost.php', 78)
 2 SYSTEMPATH\CodeIgniter.php(934): App\Controllers\AdmPost->desenho_meus()
 3 SYSTEMPATH\CodeIgniter.php(499): CodeIgniter\CodeIgniter->runController(Object(App\Controllers\AdmPost))
 4 SYSTEMPATH\CodeIgniter.php(368): CodeIgniter\CodeIgniter->handleRequest(null, Object(Config\Cache), false)
 5 FCPATH\index.php(67): CodeIgniter\CodeIgniter->run()
CRITICAL - 2023-07-14 23:53:58 --> Undefined array key "nome"
in APPPATH\Controllers\AdmPost.php on line 78.
 1 APPPATH\Controllers\AdmPost.php(78): CodeIgniter\Debug\Exceptions->errorHandler(2, 'Undefined array key "nome"', 'C:\\xampp\\htdocs\\codi\\app\\Controllers\\AdmPost.php', 78)
 2 SYSTEMPATH\CodeIgniter.php(934): App\Controllers\AdmPost->desenho_meus()
 3 SYSTEMPATH\CodeIgniter.php(499): CodeIgniter\CodeIgniter->runController(Object(App\Controllers\AdmPost))
 4 SYSTEMPATH\CodeIgniter.php(368): CodeIgniter\CodeIgniter->handleRequest(null, Object(Config\Cache), false)
 5 FCPATH\index.php(67): CodeIgniter\CodeIgniter->run()
CRITICAL - 2023-07-14 23:53:59 --> Undefined array key "nome"
in APPPATH\Controllers\AdmPost.php on line 78.
 1 APPPATH\Controllers\AdmPost.php(78): CodeIgniter\Debug\Exceptions->errorHandler(2, 'Undefined array key "nome"', 'C:\\xampp\\htdocs\\codi\\app\\Controllers\\AdmPost.php', 78)
 2 SYSTEMPATH\CodeIgniter.php(934): App\Controllers\AdmPost->desenho_meus()
 3 SYSTEMPATH\CodeIgniter.php(499): CodeIgniter\CodeIgniter->runController(Object(App\Controllers\AdmPost))
 4 SYSTEMPATH\CodeIgniter.php(368): CodeIgniter\CodeIgniter->handleRequest(null, Object(Config\Cache), false)
 5 FCPATH\index.php(67): CodeIgniter\CodeIgniter->run()
CRITICAL - 2023-07-14 23:54:00 --> Undefined array key "nome"
in APPPATH\Controllers\AdmPost.php on line 78.
 1 APPPATH\Controllers\AdmPost.php(78): CodeIgniter\Debug\Exceptions->errorHandler(2, 'Undefined array key "nome"', 'C:\\xampp\\htdocs\\codi\\app\\Controllers\\AdmPost.php', 78)
 2 SYSTEMPATH\CodeIgniter.php(934): App\Controllers\AdmPost->desenho_meus()
 3 SYSTEMPATH\CodeIgniter.php(499): CodeIgniter\CodeIgniter->runController(Object(App\Controllers\AdmPost))
 4 SYSTEMPATH\CodeIgniter.php(368): CodeIgniter\CodeIgniter->handleRequest(null, Object(Config\Cache), false)
 5 FCPATH\index.php(67): CodeIgniter\CodeIgniter->run()
CRITICAL - 2023-07-14 23:54:02 --> Undefined array key "nome"
in APPPATH\Controllers\AdmPost.php on line 78.
 1 APPPATH\Controllers\AdmPost.php(78): CodeIgniter\Debug\Exceptions->errorHandler(2, 'Undefined array key "nome"', 'C:\\xampp\\htdocs\\codi\\app\\Controllers\\AdmPost.php', 78)
 2 SYSTEMPATH\CodeIgniter.php(934): App\Controllers\AdmPost->desenho_meus()
 3 SYSTEMPATH\CodeIgniter.php(499): CodeIgniter\CodeIgniter->runController(Object(App\Controllers\AdmPost))
 4 SYSTEMPATH\CodeIgniter.php(368): CodeIgniter\CodeIgniter->handleRequest(null, Object(Config\Cache), false)
 5 FCPATH\index.php(67): CodeIgniter\CodeIgniter->run()
CRITICAL - 2023-07-14 23:54:03 --> Undefined array key "nome"
in APPPATH\Controllers\AdmPost.php on line 78.
 1 APPPATH\Controllers\AdmPost.php(78): CodeIgniter\Debug\Exceptions->errorHandler(2, 'Undefined array key "nome"', 'C:\\xampp\\htdocs\\codi\\app\\Controllers\\AdmPost.php', 78)
 2 SYSTEMPATH\CodeIgniter.php(934): App\Controllers\AdmPost->desenho_meus()
 3 SYSTEMPATH\CodeIgniter.php(499): CodeIgniter\CodeIgniter->runController(Object(App\Controllers\AdmPost))
 4 SYSTEMPATH\CodeIgniter.php(368): CodeIgniter\CodeIgniter->handleRequest(null, Object(Config\Cache), false)
 5 FCPATH\index.php(67): CodeIgniter\CodeIgniter->run()
CRITICAL - 2023-07-14 23:54:04 --> Undefined array key "nome"
in APPPATH\Controllers\AdmPost.php on line 78.
 1 APPPATH\Controllers\AdmPost.php(78): CodeIgniter\Debug\Exceptions->errorHandler(2, 'Undefined array key "nome"', 'C:\\xampp\\htdocs\\codi\\app\\Controllers\\AdmPost.php', 78)
 2 SYSTEMPATH\CodeIgniter.php(934): App\Controllers\AdmPost->desenho_meus()
 3 SYSTEMPATH\CodeIgniter.php(499): CodeIgniter\CodeIgniter->runController(Object(App\Controllers\AdmPost))
 4 SYSTEMPATH\CodeIgniter.php(368): CodeIgniter\CodeIgniter->handleRequest(null, Object(Config\Cache), false)
 5 FCPATH\index.php(67): CodeIgniter\CodeIgniter->run()
CRITICAL - 2023-07-14 23:54:05 --> Undefined array key "nome"
in APPPATH\Controllers\AdmPost.php on line 78.
 1 APPPATH\Controllers\AdmPost.php(78): CodeIgniter\Debug\Exceptions->errorHandler(2, 'Undefined array key "nome"', 'C:\\xampp\\htdocs\\codi\\app\\Controllers\\AdmPost.php', 78)
 2 SYSTEMPATH\CodeIgniter.php(934): App\Controllers\AdmPost->desenho_meus()
 3 SYSTEMPATH\CodeIgniter.php(499): CodeIgniter\CodeIgniter->runController(Object(App\Controllers\AdmPost))
 4 SYSTEMPATH\CodeIgniter.php(368): CodeIgniter\CodeIgniter->handleRequest(null, Object(Config\Cache), false)
 5 FCPATH\index.php(67): CodeIgniter\CodeIgniter->run()
CRITICAL - 2023-07-14 23:54:06 --> Undefined array key "nome"
in APPPATH\Controllers\AdmPost.php on line 78.
 1 APPPATH\Controllers\AdmPost.php(78): CodeIgniter\Debug\Exceptions->errorHandler(2, 'Undefined array key "nome"', 'C:\\xampp\\htdocs\\codi\\app\\Controllers\\AdmPost.php', 78)
 2 SYSTEMPATH\CodeIgniter.php(934): App\Controllers\AdmPost->desenho_meus()
 3 SYSTEMPATH\CodeIgniter.php(499): CodeIgniter\CodeIgniter->runController(Object(App\Controllers\AdmPost))
 4 SYSTEMPATH\CodeIgniter.php(368): CodeIgniter\CodeIgniter->handleRequest(null, Object(Config\Cache), false)
 5 FCPATH\index.php(67): CodeIgniter\CodeIgniter->run()
CRITICAL - 2023-07-14 23:54:07 --> Undefined array key "nome"
in APPPATH\Controllers\AdmPost.php on line 78.
 1 APPPATH\Controllers\AdmPost.php(78): CodeIgniter\Debug\Exceptions->errorHandler(2, 'Undefined array key "nome"', 'C:\\xampp\\htdocs\\codi\\app\\Controllers\\AdmPost.php', 78)
 2 SYSTEMPATH\CodeIgniter.php(934): App\Controllers\AdmPost->desenho_meus()
 3 SYSTEMPATH\CodeIgniter.php(499): CodeIgniter\CodeIgniter->runController(Object(App\Controllers\AdmPost))
 4 SYSTEMPATH\CodeIgniter.php(368): CodeIgniter\CodeIgniter->handleRequest(null, Object(Config\Cache), false)
 5 FCPATH\index.php(67): CodeIgniter\CodeIgniter->run()
CRITICAL - 2023-07-14 23:54:08 --> Undefined array key "nome"
in APPPATH\Controllers\AdmPost.php on line 78.
 1 APPPATH\Controllers\AdmPost.php(78): CodeIgniter\Debug\Exceptions->errorHandler(2, 'Undefined array key "nome"', 'C:\\xampp\\htdocs\\codi\\app\\Controllers\\AdmPost.php', 78)
 2 SYSTEMPATH\CodeIgniter.php(934): App\Controllers\AdmPost->desenho_meus()
 3 SYSTEMPATH\CodeIgniter.php(499): CodeIgniter\CodeIgniter->runController(Object(App\Controllers\AdmPost))
 4 SYSTEMPATH\CodeIgniter.php(368): CodeIgniter\CodeIgniter->handleRequest(null, Object(Config\Cache), false)
 5 FCPATH\index.php(67): CodeIgniter\CodeIgniter->run()
CRITICAL - 2023-07-14 23:54:09 --> Undefined array key "nome"
in APPPATH\Controllers\AdmPost.php on line 78.
 1 APPPATH\Controllers\AdmPost.php(78): CodeIgniter\Debug\Exceptions->errorHandler(2, 'Undefined array key "nome"', 'C:\\xampp\\htdocs\\codi\\app\\Controllers\\AdmPost.php', 78)
 2 SYSTEMPATH\CodeIgniter.php(934): App\Controllers\AdmPost->desenho_meus()
 3 SYSTEMPATH\CodeIgniter.php(499): CodeIgniter\CodeIgniter->runController(Object(App\Controllers\AdmPost))
 4 SYSTEMPATH\CodeIgniter.php(368): CodeIgniter\CodeIgniter->handleRequest(null, Object(Config\Cache), false)
 5 FCPATH\index.php(67): CodeIgniter\CodeIgniter->run()
CRITICAL - 2023-07-14 23:54:10 --> Undefined array key "nome"
in APPPATH\Controllers\AdmPost.php on line 78.
 1 APPPATH\Controllers\AdmPost.php(78): CodeIgniter\Debug\Exceptions->errorHandler(2, 'Undefined array key "nome"', 'C:\\xampp\\htdocs\\codi\\app\\Controllers\\AdmPost.php', 78)
 2 SYSTEMPATH\CodeIgniter.php(934): App\Controllers\AdmPost->desenho_meus()
 3 SYSTEMPATH\CodeIgniter.php(499): CodeIgniter\CodeIgniter->runController(Object(App\Controllers\AdmPost))
 4 SYSTEMPATH\CodeIgniter.php(368): CodeIgniter\CodeIgniter->handleRequest(null, Object(Config\Cache), false)
 5 FCPATH\index.php(67): CodeIgniter\CodeIgniter->run()
CRITICAL - 2023-07-14 23:54:11 --> Undefined array key "nome"
in APPPATH\Controllers\AdmPost.php on line 78.
 1 APPPATH\Controllers\AdmPost.php(78): CodeIgniter\Debug\Exceptions->errorHandler(2, 'Undefined array key "nome"', 'C:\\xampp\\htdocs\\codi\\app\\Controllers\\AdmPost.php', 78)
 2 SYSTEMPATH\CodeIgniter.php(934): App\Controllers\AdmPost->desenho_meus()
 3 SYSTEMPATH\CodeIgniter.php(499): CodeIgniter\CodeIgniter->runController(Object(App\Controllers\AdmPost))
 4 SYSTEMPATH\CodeIgniter.php(368): CodeIgniter\CodeIgniter->handleRequest(null, Object(Config\Cache), false)
 5 FCPATH\index.php(67): CodeIgniter\CodeIgniter->run()
CRITICAL - 2023-07-14 23:54:12 --> Undefined array key "nome"
in APPPATH\Controllers\AdmPost.php on line 78.
 1 APPPATH\Controllers\AdmPost.php(78): CodeIgniter\Debug\Exceptions->errorHandler(2, 'Undefined array key "nome"', 'C:\\xampp\\htdocs\\codi\\app\\Controllers\\AdmPost.php', 78)
 2 SYSTEMPATH\CodeIgniter.php(934): App\Controllers\AdmPost->desenho_meus()
 3 SYSTEMPATH\CodeIgniter.php(499): CodeIgniter\CodeIgniter->runController(Object(App\Controllers\AdmPost))
 4 SYSTEMPATH\CodeIgniter.php(368): CodeIgniter\CodeIgniter->handleRequest(null, Object(Config\Cache), false)
 5 FCPATH\index.php(67): CodeIgniter\CodeIgniter->run()
CRITICAL - 2023-07-14 23:54:13 --> Undefined array key "nome"
in APPPATH\Controllers\AdmPost.php on line 78.
 1 APPPATH\Controllers\AdmPost.php(78): CodeIgniter\Debug\Exceptions->errorHandler(2, 'Undefined array key "nome"', 'C:\\xampp\\htdocs\\codi\\app\\Controllers\\AdmPost.php', 78)
 2 SYSTEMPATH\CodeIgniter.php(934): App\Controllers\AdmPost->desenho_meus()
 3 SYSTEMPATH\CodeIgniter.php(499): CodeIgniter\CodeIgniter->runController(Object(App\Controllers\AdmPost))
 4 SYSTEMPATH\CodeIgniter.php(368): CodeIgniter\CodeIgniter->handleRequest(null, Object(Config\Cache), false)
 5 FCPATH\index.php(67): CodeIgniter\CodeIgniter->run()
CRITICAL - 2023-07-14 23:54:14 --> Undefined array key "nome"
in APPPATH\Controllers\AdmPost.php on line 78.
 1 APPPATH\Controllers\AdmPost.php(78): CodeIgniter\Debug\Exceptions->errorHandler(2, 'Undefined array key "nome"', 'C:\\xampp\\htdocs\\codi\\app\\Controllers\\AdmPost.php', 78)
 2 SYSTEMPATH\CodeIgniter.php(934): App\Controllers\AdmPost->desenho_meus()
 3 SYSTEMPATH\CodeIgniter.php(499): CodeIgniter\CodeIgniter->runController(Object(App\Controllers\AdmPost))
 4 SYSTEMPATH\CodeIgniter.php(368): CodeIgniter\CodeIgniter->handleRequest(null, Object(Config\Cache), false)
 5 FCPATH\index.php(67): CodeIgniter\CodeIgniter->run()
CRITICAL - 2023-07-14 23:54:15 --> Undefined array key "nome"
in APPPATH\Controllers\AdmPost.php on line 78.
 1 APPPATH\Controllers\AdmPost.php(78): CodeIgniter\Debug\Exceptions->errorHandler(2, 'Undefined array key "nome"', 'C:\\xampp\\htdocs\\codi\\app\\Controllers\\AdmPost.php', 78)
 2 SYSTEMPATH\CodeIgniter.php(934): App\Controllers\AdmPost->desenho_meus()
 3 SYSTEMPATH\CodeIgniter.php(499): CodeIgniter\CodeIgniter->runController(Object(App\Controllers\AdmPost))
 4 SYSTEMPATH\CodeIgniter.php(368): CodeIgniter\CodeIgniter->handleRequest(null, Object(Config\Cache), false)
 5 FCPATH\index.php(67): CodeIgniter\CodeIgniter->run()
CRITICAL - 2023-07-14 23:54:16 --> Undefined array key "nome"
in APPPATH\Controllers\AdmPost.php on line 78.
 1 APPPATH\Controllers\AdmPost.php(78): CodeIgniter\Debug\Exceptions->errorHandler(2, 'Undefined array key "nome"', 'C:\\xampp\\htdocs\\codi\\app\\Controllers\\AdmPost.php', 78)
 2 SYSTEMPATH\CodeIgniter.php(934): App\Controllers\AdmPost->desenho_meus()
 3 SYSTEMPATH\CodeIgniter.php(499): CodeIgniter\CodeIgniter->runController(Object(App\Controllers\AdmPost))
 4 SYSTEMPATH\CodeIgniter.php(368): CodeIgniter\CodeIgniter->handleRequest(null, Object(Config\Cache), false)
 5 FCPATH\index.php(67): CodeIgniter\CodeIgniter->run()
CRITICAL - 2023-07-14 23:54:17 --> Undefined array key "nome"
in APPPATH\Controllers\AdmPost.php on line 78.
 1 APPPATH\Controllers\AdmPost.php(78): CodeIgniter\Debug\Exceptions->errorHandler(2, 'Undefined array key "nome"', 'C:\\xampp\\htdocs\\codi\\app\\Controllers\\AdmPost.php', 78)
 2 SYSTEMPATH\CodeIgniter.php(934): App\Controllers\AdmPost->desenho_meus()
 3 SYSTEMPATH\CodeIgniter.php(499): CodeIgniter\CodeIgniter->runController(Object(App\Controllers\AdmPost))
 4 SYSTEMPATH\CodeIgniter.php(368): CodeIgniter\CodeIgniter->handleRequest(null, Object(Config\Cache), false)
 5 FCPATH\index.php(67): CodeIgniter\CodeIgniter->run()
CRITICAL - 2023-07-14 23:54:18 --> Undefined array key "nome"
in APPPATH\Controllers\AdmPost.php on line 78.
 1 APPPATH\Controllers\AdmPost.php(78): CodeIgniter\Debug\Exceptions->errorHandler(2, 'Undefined array key "nome"', 'C:\\xampp\\htdocs\\codi\\app\\Controllers\\AdmPost.php', 78)
 2 SYSTEMPATH\CodeIgniter.php(934): App\Controllers\AdmPost->desenho_meus()
 3 SYSTEMPATH\CodeIgniter.php(499): CodeIgniter\CodeIgniter->runController(Object(App\Controllers\AdmPost))
 4 SYSTEMPATH\CodeIgniter.php(368): CodeIgniter\CodeIgniter->handleRequest(null, Object(Config\Cache), false)
 5 FCPATH\index.php(67): CodeIgniter\CodeIgniter->run()
CRITICAL - 2023-07-14 23:54:19 --> Undefined array key "nome"
in APPPATH\Controllers\AdmPost.php on line 78.
 1 APPPATH\Controllers\AdmPost.php(78): CodeIgniter\Debug\Exceptions->errorHandler(2, 'Undefined array key "nome"', 'C:\\xampp\\htdocs\\codi\\app\\Controllers\\AdmPost.php', 78)
 2 SYSTEMPATH\CodeIgniter.php(934): App\Controllers\AdmPost->desenho_meus()
 3 SYSTEMPATH\CodeIgniter.php(499): CodeIgniter\CodeIgniter->runController(Object(App\Controllers\AdmPost))
 4 SYSTEMPATH\CodeIgniter.php(368): CodeIgniter\CodeIgniter->handleRequest(null, Object(Config\Cache), false)
 5 FCPATH\index.php(67): CodeIgniter\CodeIgniter->run()
CRITICAL - 2023-07-14 23:54:20 --> Undefined array key "nome"
in APPPATH\Controllers\AdmPost.php on line 78.
 1 APPPATH\Controllers\AdmPost.php(78): CodeIgniter\Debug\Exceptions->errorHandler(2, 'Undefined array key "nome"', 'C:\\xampp\\htdocs\\codi\\app\\Controllers\\AdmPost.php', 78)
 2 SYSTEMPATH\CodeIgniter.php(934): App\Controllers\AdmPost->desenho_meus()
 3 SYSTEMPATH\CodeIgniter.php(499): CodeIgniter\CodeIgniter->runController(Object(App\Controllers\AdmPost))
 4 SYSTEMPATH\CodeIgniter.php(368): CodeIgniter\CodeIgniter->handleRequest(null, Object(Config\Cache), false)
 5 FCPATH\index.php(67): CodeIgniter\CodeIgniter->run()
CRITICAL - 2023-07-14 23:54:21 --> Undefined array key "nome"
in APPPATH\Controllers\AdmPost.php on line 78.
 1 APPPATH\Controllers\AdmPost.php(78): CodeIgniter\Debug\Exceptions->errorHandler(2, 'Undefined array key "nome"', 'C:\\xampp\\htdocs\\codi\\app\\Controllers\\AdmPost.php', 78)
 2 SYSTEMPATH\CodeIgniter.php(934): App\Controllers\AdmPost->desenho_meus()
 3 SYSTEMPATH\CodeIgniter.php(499): CodeIgniter\CodeIgniter->runController(Object(App\Controllers\AdmPost))
 4 SYSTEMPATH\CodeIgniter.php(368): CodeIgniter\CodeIgniter->handleRequest(null, Object(Config\Cache), false)
 5 FCPATH\index.php(67): CodeIgniter\CodeIgniter->run()
CRITICAL - 2023-07-14 23:54:21 --> Undefined array key "nome"
in APPPATH\Controllers\AdmPost.php on line 78.
 1 APPPATH\Controllers\AdmPost.php(78): CodeIgniter\Debug\Exceptions->errorHandler(2, 'Undefined array key "nome"', 'C:\\xampp\\htdocs\\codi\\app\\Controllers\\AdmPost.php', 78)
 2 SYSTEMPATH\CodeIgniter.php(934): App\Controllers\AdmPost->desenho_meus()
 3 SYSTEMPATH\CodeIgniter.php(499): CodeIgniter\CodeIgniter->runController(Object(App\Controllers\AdmPost))
 4 SYSTEMPATH\CodeIgniter.php(368): CodeIgniter\CodeIgniter->handleRequest(null, Object(Config\Cache), false)
 5 FCPATH\index.php(67): CodeIgniter\CodeIgniter->run()
CRITICAL - 2023-07-14 23:54:22 --> Undefined array key "nome"
in APPPATH\Controllers\AdmPost.php on line 78.
 1 APPPATH\Controllers\AdmPost.php(78): CodeIgniter\Debug\Exceptions->errorHandler(2, 'Undefined array key "nome"', 'C:\\xampp\\htdocs\\codi\\app\\Controllers\\AdmPost.php', 78)
 2 SYSTEMPATH\CodeIgniter.php(934): App\Controllers\AdmPost->desenho_meus()
 3 SYSTEMPATH\CodeIgniter.php(499): CodeIgniter\CodeIgniter->runController(Object(App\Controllers\AdmPost))
 4 SYSTEMPATH\CodeIgniter.php(368): CodeIgniter\CodeIgniter->handleRequest(null, Object(Config\Cache), false)
 5 FCPATH\index.php(67): CodeIgniter\CodeIgniter->run()
CRITICAL - 2023-07-14 23:54:23 --> Undefined array key "nome"
in APPPATH\Controllers\AdmPost.php on line 78.
 1 APPPATH\Controllers\AdmPost.php(78): CodeIgniter\Debug\Exceptions->errorHandler(2, 'Undefined array key "nome"', 'C:\\xampp\\htdocs\\codi\\app\\Controllers\\AdmPost.php', 78)
 2 SYSTEMPATH\CodeIgniter.php(934): App\Controllers\AdmPost->desenho_meus()
 3 SYSTEMPATH\CodeIgniter.php(499): CodeIgniter\CodeIgniter->runController(Object(App\Controllers\AdmPost))
 4 SYSTEMPATH\CodeIgniter.php(368): CodeIgniter\CodeIgniter->handleRequest(null, Object(Config\Cache), false)
 5 FCPATH\index.php(67): CodeIgniter\CodeIgniter->run()
CRITICAL - 2023-07-14 23:54:24 --> Undefined array key "nome"
in APPPATH\Controllers\AdmPost.php on line 78.
 1 APPPATH\Controllers\AdmPost.php(78): CodeIgniter\Debug\Exceptions->errorHandler(2, 'Undefined array key "nome"', 'C:\\xampp\\htdocs\\codi\\app\\Controllers\\AdmPost.php', 78)
 2 SYSTEMPATH\CodeIgniter.php(934): App\Controllers\AdmPost->desenho_meus()
 3 SYSTEMPATH\CodeIgniter.php(499): CodeIgniter\CodeIgniter->runController(Object(App\Controllers\AdmPost))
 4 SYSTEMPATH\CodeIgniter.php(368): CodeIgniter\CodeIgniter->handleRequest(null, Object(Config\Cache), false)
 5 FCPATH\index.php(67): CodeIgniter\CodeIgniter->run()
CRITICAL - 2023-07-14 23:54:25 --> Undefined array key "nome"
in APPPATH\Controllers\AdmPost.php on line 78.
 1 APPPATH\Controllers\AdmPost.php(78): CodeIgniter\Debug\Exceptions->errorHandler(2, 'Undefined array key "nome"', 'C:\\xampp\\htdocs\\codi\\app\\Controllers\\AdmPost.php', 78)
 2 SYSTEMPATH\CodeIgniter.php(934): App\Controllers\AdmPost->desenho_meus()
 3 SYSTEMPATH\CodeIgniter.php(499): CodeIgniter\CodeIgniter->runController(Object(App\Controllers\AdmPost))
 4 SYSTEMPATH\CodeIgniter.php(368): CodeIgniter\CodeIgniter->handleRequest(null, Object(Config\Cache), false)
 5 FCPATH\index.php(67): CodeIgniter\CodeIgniter->run()
CRITICAL - 2023-07-14 23:54:26 --> Undefined array key "nome"
in APPPATH\Controllers\AdmPost.php on line 78.
 1 APPPATH\Controllers\AdmPost.php(78): CodeIgniter\Debug\Exceptions->errorHandler(2, 'Undefined array key "nome"', 'C:\\xampp\\htdocs\\codi\\app\\Controllers\\AdmPost.php', 78)
 2 SYSTEMPATH\CodeIgniter.php(934): App\Controllers\AdmPost->desenho_meus()
 3 SYSTEMPATH\CodeIgniter.php(499): CodeIgniter\CodeIgniter->runController(Object(App\Controllers\AdmPost))
 4 SYSTEMPATH\CodeIgniter.php(368): CodeIgniter\CodeIgniter->handleRequest(null, Object(Config\Cache), false)
 5 FCPATH\index.php(67): CodeIgniter\CodeIgniter->run()
CRITICAL - 2023-07-14 23:54:27 --> Undefined array key "nome"
in APPPATH\Controllers\AdmPost.php on line 78.
 1 APPPATH\Controllers\AdmPost.php(78): CodeIgniter\Debug\Exceptions->errorHandler(2, 'Undefined array key "nome"', 'C:\\xampp\\htdocs\\codi\\app\\Controllers\\AdmPost.php', 78)
 2 SYSTEMPATH\CodeIgniter.php(934): App\Controllers\AdmPost->desenho_meus()
 3 SYSTEMPATH\CodeIgniter.php(499): CodeIgniter\CodeIgniter->runController(Object(App\Controllers\AdmPost))
 4 SYSTEMPATH\CodeIgniter.php(368): CodeIgniter\CodeIgniter->handleRequest(null, Object(Config\Cache), false)
 5 FCPATH\index.php(67): CodeIgniter\CodeIgniter->run()
CRITICAL - 2023-07-14 23:54:28 --> Undefined array key "nome"
in APPPATH\Controllers\AdmPost.php on line 78.
 1 APPPATH\Controllers\AdmPost.php(78): CodeIgniter\Debug\Exceptions->errorHandler(2, 'Undefined array key "nome"', 'C:\\xampp\\htdocs\\codi\\app\\Controllers\\AdmPost.php', 78)
 2 SYSTEMPATH\CodeIgniter.php(934): App\Controllers\AdmPost->desenho_meus()
 3 SYSTEMPATH\CodeIgniter.php(499): CodeIgniter\CodeIgniter->runController(Object(App\Controllers\AdmPost))
 4 SYSTEMPATH\CodeIgniter.php(368): CodeIgniter\CodeIgniter->handleRequest(null, Object(Config\Cache), false)
 5 FCPATH\index.php(67): CodeIgniter\CodeIgniter->run()
CRITICAL - 2023-07-14 23:54:29 --> Undefined array key "nome"
in APPPATH\Controllers\AdmPost.php on line 78.
 1 APPPATH\Controllers\AdmPost.php(78): CodeIgniter\Debug\Exceptions->errorHandler(2, 'Undefined array key "nome"', 'C:\\xampp\\htdocs\\codi\\app\\Controllers\\AdmPost.php', 78)
 2 SYSTEMPATH\CodeIgniter.php(934): App\Controllers\AdmPost->desenho_meus()
 3 SYSTEMPATH\CodeIgniter.php(499): CodeIgniter\CodeIgniter->runController(Object(App\Controllers\AdmPost))
 4 SYSTEMPATH\CodeIgniter.php(368): CodeIgniter\CodeIgniter->handleRequest(null, Object(Config\Cache), false)
 5 FCPATH\index.php(67): CodeIgniter\CodeIgniter->run()
CRITICAL - 2023-07-14 23:54:30 --> Undefined array key "nome"
in APPPATH\Controllers\AdmPost.php on line 78.
 1 APPPATH\Controllers\AdmPost.php(78): CodeIgniter\Debug\Exceptions->errorHandler(2, 'Undefined array key "nome"', 'C:\\xampp\\htdocs\\codi\\app\\Controllers\\AdmPost.php', 78)
 2 SYSTEMPATH\CodeIgniter.php(934): App\Controllers\AdmPost->desenho_meus()
 3 SYSTEMPATH\CodeIgniter.php(499): CodeIgniter\CodeIgniter->runController(Object(App\Controllers\AdmPost))
 4 SYSTEMPATH\CodeIgniter.php(368): CodeIgniter\CodeIgniter->handleRequest(null, Object(Config\Cache), false)
 5 FCPATH\index.php(67): CodeIgniter\CodeIgniter->run()
CRITICAL - 2023-07-14 23:54:31 --> Undefined array key "nome"
in APPPATH\Controllers\AdmPost.php on line 78.
 1 APPPATH\Controllers\AdmPost.php(78): CodeIgniter\Debug\Exceptions->errorHandler(2, 'Undefined array key "nome"', 'C:\\xampp\\htdocs\\codi\\app\\Controllers\\AdmPost.php', 78)
 2 SYSTEMPATH\CodeIgniter.php(934): App\Controllers\AdmPost->desenho_meus()
 3 SYSTEMPATH\CodeIgniter.php(499): CodeIgniter\CodeIgniter->runController(Object(App\Controllers\AdmPost))
 4 SYSTEMPATH\CodeIgniter.php(368): CodeIgniter\CodeIgniter->handleRequest(null, Object(Config\Cache), false)
 5 FCPATH\index.php(67): CodeIgniter\CodeIgniter->run()
CRITICAL - 2023-07-14 23:54:32 --> Undefined array key "nome"
in APPPATH\Controllers\AdmPost.php on line 78.
 1 APPPATH\Controllers\AdmPost.php(78): CodeIgniter\Debug\Exceptions->errorHandler(2, 'Undefined array key "nome"', 'C:\\xampp\\htdocs\\codi\\app\\Controllers\\AdmPost.php', 78)
 2 SYSTEMPATH\CodeIgniter.php(934): App\Controllers\AdmPost->desenho_meus()
 3 SYSTEMPATH\CodeIgniter.php(499): CodeIgniter\CodeIgniter->runController(Object(App\Controllers\AdmPost))
 4 SYSTEMPATH\CodeIgniter.php(368): CodeIgniter\CodeIgniter->handleRequest(null, Object(Config\Cache), false)
 5 FCPATH\index.php(67): CodeIgniter\CodeIgniter->run()
CRITICAL - 2023-07-14 23:54:33 --> Undefined array key "nome"
in APPPATH\Controllers\AdmPost.php on line 78.
 1 APPPATH\Controllers\AdmPost.php(78): CodeIgniter\Debug\Exceptions->errorHandler(2, 'Undefined array key "nome"', 'C:\\xampp\\htdocs\\codi\\app\\Controllers\\AdmPost.php', 78)
 2 SYSTEMPATH\CodeIgniter.php(934): App\Controllers\AdmPost->desenho_meus()
 3 SYSTEMPATH\CodeIgniter.php(499): CodeIgniter\CodeIgniter->runController(Object(App\Controllers\AdmPost))
 4 SYSTEMPATH\CodeIgniter.php(368): CodeIgniter\CodeIgniter->handleRequest(null, Object(Config\Cache), false)
 5 FCPATH\index.php(67): CodeIgniter\CodeIgniter->run()
CRITICAL - 2023-07-14 23:54:34 --> Undefined array key "nome"
in APPPATH\Controllers\AdmPost.php on line 78.
 1 APPPATH\Controllers\AdmPost.php(78): CodeIgniter\Debug\Exceptions->errorHandler(2, 'Undefined array key "nome"', 'C:\\xampp\\htdocs\\codi\\app\\Controllers\\AdmPost.php', 78)
 2 SYSTEMPATH\CodeIgniter.php(934): App\Controllers\AdmPost->desenho_meus()
 3 SYSTEMPATH\CodeIgniter.php(499): CodeIgniter\CodeIgniter->runController(Object(App\Controllers\AdmPost))
 4 SYSTEMPATH\CodeIgniter.php(368): CodeIgniter\CodeIgniter->handleRequest(null, Object(Config\Cache), false)
 5 FCPATH\index.php(67): CodeIgniter\CodeIgniter->run()
CRITICAL - 2023-07-14 23:54:35 --> Undefined array key "nome"
in APPPATH\Controllers\AdmPost.php on line 78.
 1 APPPATH\Controllers\AdmPost.php(78): CodeIgniter\Debug\Exceptions->errorHandler(2, 'Undefined array key "nome"', 'C:\\xampp\\htdocs\\codi\\app\\Controllers\\AdmPost.php', 78)
 2 SYSTEMPATH\CodeIgniter.php(934): App\Controllers\AdmPost->desenho_meus()
 3 SYSTEMPATH\CodeIgniter.php(499): CodeIgniter\CodeIgniter->runController(Object(App\Controllers\AdmPost))
 4 SYSTEMPATH\CodeIgniter.php(368): CodeIgniter\CodeIgniter->handleRequest(null, Object(Config\Cache), false)
 5 FCPATH\index.php(67): CodeIgniter\CodeIgniter->run()
CRITICAL - 2023-07-14 23:54:36 --> Undefined array key "nome"
in APPPATH\Controllers\AdmPost.php on line 78.
 1 APPPATH\Controllers\AdmPost.php(78): CodeIgniter\Debug\Exceptions->errorHandler(2, 'Undefined array key "nome"', 'C:\\xampp\\htdocs\\codi\\app\\Controllers\\AdmPost.php', 78)
 2 SYSTEMPATH\CodeIgniter.php(934): App\Controllers\AdmPost->desenho_meus()
 3 SYSTEMPATH\CodeIgniter.php(499): CodeIgniter\CodeIgniter->runController(Object(App\Controllers\AdmPost))
 4 SYSTEMPATH\CodeIgniter.php(368): CodeIgniter\CodeIgniter->handleRequest(null, Object(Config\Cache), false)
 5 FCPATH\index.php(67): CodeIgniter\CodeIgniter->run()
CRITICAL - 2023-07-14 23:54:37 --> Undefined array key "nome"
in APPPATH\Controllers\AdmPost.php on line 78.
 1 APPPATH\Controllers\AdmPost.php(78): CodeIgniter\Debug\Exceptions->errorHandler(2, 'Undefined array key "nome"', 'C:\\xampp\\htdocs\\codi\\app\\Controllers\\AdmPost.php', 78)
 2 SYSTEMPATH\CodeIgniter.php(934): App\Controllers\AdmPost->desenho_meus()
 3 SYSTEMPATH\CodeIgniter.php(499): CodeIgniter\CodeIgniter->runController(Object(App\Controllers\AdmPost))
 4 SYSTEMPATH\CodeIgniter.php(368): CodeIgniter\CodeIgniter->handleRequest(null, Object(Config\Cache), false)
 5 FCPATH\index.php(67): CodeIgniter\CodeIgniter->run()
CRITICAL - 2023-07-14 23:54:38 --> Undefined array key "nome"
in APPPATH\Controllers\AdmPost.php on line 78.
 1 APPPATH\Controllers\AdmPost.php(78): CodeIgniter\Debug\Exceptions->errorHandler(2, 'Undefined array key "nome"', 'C:\\xampp\\htdocs\\codi\\app\\Controllers\\AdmPost.php', 78)
 2 SYSTEMPATH\CodeIgniter.php(934): App\Controllers\AdmPost->desenho_meus()
 3 SYSTEMPATH\CodeIgniter.php(499): CodeIgniter\CodeIgniter->runController(Object(App\Controllers\AdmPost))
 4 SYSTEMPATH\CodeIgniter.php(368): CodeIgniter\CodeIgniter->handleRequest(null, Object(Config\Cache), false)
 5 FCPATH\index.php(67): CodeIgniter\CodeIgniter->run()
CRITICAL - 2023-07-14 23:54:39 --> Undefined array key "nome"
in APPPATH\Controllers\AdmPost.php on line 78.
 1 APPPATH\Controllers\AdmPost.php(78): CodeIgniter\Debug\Exceptions->errorHandler(2, 'Undefined array key "nome"', 'C:\\xampp\\htdocs\\codi\\app\\Controllers\\AdmPost.php', 78)
 2 SYSTEMPATH\CodeIgniter.php(934): App\Controllers\AdmPost->desenho_meus()
 3 SYSTEMPATH\CodeIgniter.php(499): CodeIgniter\CodeIgniter->runController(Object(App\Controllers\AdmPost))
 4 SYSTEMPATH\CodeIgniter.php(368): CodeIgniter\CodeIgniter->handleRequest(null, Object(Config\Cache), false)
 5 FCPATH\index.php(67): CodeIgniter\CodeIgniter->run()
CRITICAL - 2023-07-14 23:54:40 --> Undefined array key "nome"
in APPPATH\Controllers\AdmPost.php on line 78.
 1 APPPATH\Controllers\AdmPost.php(78): CodeIgniter\Debug\Exceptions->errorHandler(2, 'Undefined array key "nome"', 'C:\\xampp\\htdocs\\codi\\app\\Controllers\\AdmPost.php', 78)
 2 SYSTEMPATH\CodeIgniter.php(934): App\Controllers\AdmPost->desenho_meus()
 3 SYSTEMPATH\CodeIgniter.php(499): CodeIgniter\CodeIgniter->runController(Object(App\Controllers\AdmPost))
 4 SYSTEMPATH\CodeIgniter.php(368): CodeIgniter\CodeIgniter->handleRequest(null, Object(Config\Cache), false)
 5 FCPATH\index.php(67): CodeIgniter\CodeIgniter->run()
CRITICAL - 2023-07-14 23:54:41 --> Undefined array key "nome"
in APPPATH\Controllers\AdmPost.php on line 78.
 1 APPPATH\Controllers\AdmPost.php(78): CodeIgniter\Debug\Exceptions->errorHandler(2, 'Undefined array key "nome"', 'C:\\xampp\\htdocs\\codi\\app\\Controllers\\AdmPost.php', 78)
 2 SYSTEMPATH\CodeIgniter.php(934): App\Controllers\AdmPost->desenho_meus()
 3 SYSTEMPATH\CodeIgniter.php(499): CodeIgniter\CodeIgniter->runController(Object(App\Controllers\AdmPost))
 4 SYSTEMPATH\CodeIgniter.php(368): CodeIgniter\CodeIgniter->handleRequest(null, Object(Config\Cache), false)
 5 FCPATH\index.php(67): CodeIgniter\CodeIgniter->run()
CRITICAL - 2023-07-14 23:54:42 --> Undefined array key "nome"
in APPPATH\Controllers\AdmPost.php on line 78.
 1 APPPATH\Controllers\AdmPost.php(78): CodeIgniter\Debug\Exceptions->errorHandler(2, 'Undefined array key "nome"', 'C:\\xampp\\htdocs\\codi\\app\\Controllers\\AdmPost.php', 78)
 2 SYSTEMPATH\CodeIgniter.php(934): App\Controllers\AdmPost->desenho_meus()
 3 SYSTEMPATH\CodeIgniter.php(499): CodeIgniter\CodeIgniter->runController(Object(App\Controllers\AdmPost))
 4 SYSTEMPATH\CodeIgniter.php(368): CodeIgniter\CodeIgniter->handleRequest(null, Object(Config\Cache), false)
 5 FCPATH\index.php(67): CodeIgniter\CodeIgniter->run()
CRITICAL - 2023-07-14 23:54:43 --> Undefined array key "nome"
in APPPATH\Controllers\AdmPost.php on line 78.
 1 APPPATH\Controllers\AdmPost.php(78): CodeIgniter\Debug\Exceptions->errorHandler(2, 'Undefined array key "nome"', 'C:\\xampp\\htdocs\\codi\\app\\Controllers\\AdmPost.php', 78)
 2 SYSTEMPATH\CodeIgniter.php(934): App\Controllers\AdmPost->desenho_meus()
 3 SYSTEMPATH\CodeIgniter.php(499): CodeIgniter\CodeIgniter->runController(Object(App\Controllers\AdmPost))
 4 SYSTEMPATH\CodeIgniter.php(368): CodeIgniter\CodeIgniter->handleRequest(null, Object(Config\Cache), false)
 5 FCPATH\index.php(67): CodeIgniter\CodeIgniter->run()
CRITICAL - 2023-07-14 23:54:44 --> Undefined array key "nome"
in APPPATH\Controllers\AdmPost.php on line 78.
 1 APPPATH\Controllers\AdmPost.php(78): CodeIgniter\Debug\Exceptions->errorHandler(2, 'Undefined array key "nome"', 'C:\\xampp\\htdocs\\codi\\app\\Controllers\\AdmPost.php', 78)
 2 SYSTEMPATH\CodeIgniter.php(934): App\Controllers\AdmPost->desenho_meus()
 3 SYSTEMPATH\CodeIgniter.php(499): CodeIgniter\CodeIgniter->runController(Object(App\Controllers\AdmPost))
 4 SYSTEMPATH\CodeIgniter.php(368): CodeIgniter\CodeIgniter->handleRequest(null, Object(Config\Cache), false)
 5 FCPATH\index.php(67): CodeIgniter\CodeIgniter->run()
CRITICAL - 2023-07-14 23:54:45 --> Undefined array key "nome"
in APPPATH\Controllers\AdmPost.php on line 78.
 1 APPPATH\Controllers\AdmPost.php(78): CodeIgniter\Debug\Exceptions->errorHandler(2, 'Undefined array key "nome"', 'C:\\xampp\\htdocs\\codi\\app\\Controllers\\AdmPost.php', 78)
 2 SYSTEMPATH\CodeIgniter.php(934): App\Controllers\AdmPost->desenho_meus()
 3 SYSTEMPATH\CodeIgniter.php(499): CodeIgniter\CodeIgniter->runController(Object(App\Controllers\AdmPost))
 4 SYSTEMPATH\CodeIgniter.php(368): CodeIgniter\CodeIgniter->handleRequest(null, Object(Config\Cache), false)
 5 FCPATH\index.php(67): CodeIgniter\CodeIgniter->run()
CRITICAL - 2023-07-14 23:54:46 --> Undefined array key "nome"
in APPPATH\Controllers\AdmPost.php on line 78.
 1 APPPATH\Controllers\AdmPost.php(78): CodeIgniter\Debug\Exceptions->errorHandler(2, 'Undefined array key "nome"', 'C:\\xampp\\htdocs\\codi\\app\\Controllers\\AdmPost.php', 78)
 2 SYSTEMPATH\CodeIgniter.php(934): App\Controllers\AdmPost->desenho_meus()
 3 SYSTEMPATH\CodeIgniter.php(499): CodeIgniter\CodeIgniter->runController(Object(App\Controllers\AdmPost))
 4 SYSTEMPATH\CodeIgniter.php(368): CodeIgniter\CodeIgniter->handleRequest(null, Object(Config\Cache), false)
 5 FCPATH\index.php(67): CodeIgniter\CodeIgniter->run()
CRITICAL - 2023-07-14 23:54:47 --> Undefined array key "nome"
in APPPATH\Controllers\AdmPost.php on line 78.
 1 APPPATH\Controllers\AdmPost.php(78): CodeIgniter\Debug\Exceptions->errorHandler(2, 'Undefined array key "nome"', 'C:\\xampp\\htdocs\\codi\\app\\Controllers\\AdmPost.php', 78)
 2 SYSTEMPATH\CodeIgniter.php(934): App\Controllers\AdmPost->desenho_meus()
 3 SYSTEMPATH\CodeIgniter.php(499): CodeIgniter\CodeIgniter->runController(Object(App\Controllers\AdmPost))
 4 SYSTEMPATH\CodeIgniter.php(368): CodeIgniter\CodeIgniter->handleRequest(null, Object(Config\Cache), false)
 5 FCPATH\index.php(67): CodeIgniter\CodeIgniter->run()
CRITICAL - 2023-07-14 23:54:48 --> Undefined array key "nome"
in APPPATH\Controllers\AdmPost.php on line 78.
 1 APPPATH\Controllers\AdmPost.php(78): CodeIgniter\Debug\Exceptions->errorHandler(2, 'Undefined array key "nome"', 'C:\\xampp\\htdocs\\codi\\app\\Controllers\\AdmPost.php', 78)
 2 SYSTEMPATH\CodeIgniter.php(934): App\Controllers\AdmPost->desenho_meus()
 3 SYSTEMPATH\CodeIgniter.php(499): CodeIgniter\CodeIgniter->runController(Object(App\Controllers\AdmPost))
 4 SYSTEMPATH\CodeIgniter.php(368): CodeIgniter\CodeIgniter->handleRequest(null, Object(Config\Cache), false)
 5 FCPATH\index.php(67): CodeIgniter\CodeIgniter->run()
CRITICAL - 2023-07-14 23:54:49 --> Undefined array key "nome"
in APPPATH\Controllers\AdmPost.php on line 78.
 1 APPPATH\Controllers\AdmPost.php(78): CodeIgniter\Debug\Exceptions->errorHandler(2, 'Undefined array key "nome"', 'C:\\xampp\\htdocs\\codi\\app\\Controllers\\AdmPost.php', 78)
 2 SYSTEMPATH\CodeIgniter.php(934): App\Controllers\AdmPost->desenho_meus()
 3 SYSTEMPATH\CodeIgniter.php(499): CodeIgniter\CodeIgniter->runController(Object(App\Controllers\AdmPost))
 4 SYSTEMPATH\CodeIgniter.php(368): CodeIgniter\CodeIgniter->handleRequest(null, Object(Config\Cache), false)
 5 FCPATH\index.php(67): CodeIgniter\CodeIgniter->run()
CRITICAL - 2023-07-14 23:54:50 --> Undefined array key "nome"
in APPPATH\Controllers\AdmPost.php on line 78.
 1 APPPATH\Controllers\AdmPost.php(78): CodeIgniter\Debug\Exceptions->errorHandler(2, 'Undefined array key "nome"', 'C:\\xampp\\htdocs\\codi\\app\\Controllers\\AdmPost.php', 78)
 2 SYSTEMPATH\CodeIgniter.php(934): App\Controllers\AdmPost->desenho_meus()
 3 SYSTEMPATH\CodeIgniter.php(499): CodeIgniter\CodeIgniter->runController(Object(App\Controllers\AdmPost))
 4 SYSTEMPATH\CodeIgniter.php(368): CodeIgniter\CodeIgniter->handleRequest(null, Object(Config\Cache), false)
 5 FCPATH\index.php(67): CodeIgniter\CodeIgniter->run()
CRITICAL - 2023-07-14 23:54:51 --> Undefined array key "nome"
in APPPATH\Controllers\AdmPost.php on line 78.
 1 APPPATH\Controllers\AdmPost.php(78): CodeIgniter\Debug\Exceptions->errorHandler(2, 'Undefined array key "nome"', 'C:\\xampp\\htdocs\\codi\\app\\Controllers\\AdmPost.php', 78)
 2 SYSTEMPATH\CodeIgniter.php(934): App\Controllers\AdmPost->desenho_meus()
 3 SYSTEMPATH\CodeIgniter.php(499): CodeIgniter\CodeIgniter->runController(Object(App\Controllers\AdmPost))
 4 SYSTEMPATH\CodeIgniter.php(368): CodeIgniter\CodeIgniter->handleRequest(null, Object(Config\Cache), false)
 5 FCPATH\index.php(67): CodeIgniter\CodeIgniter->run()
CRITICAL - 2023-07-14 23:54:52 --> Undefined array key "nome"
in APPPATH\Controllers\AdmPost.php on line 78.
 1 APPPATH\Controllers\AdmPost.php(78): CodeIgniter\Debug\Exceptions->errorHandler(2, 'Undefined array key "nome"', 'C:\\xampp\\htdocs\\codi\\app\\Controllers\\AdmPost.php', 78)
 2 SYSTEMPATH\CodeIgniter.php(934): App\Controllers\AdmPost->desenho_meus()
 3 SYSTEMPATH\CodeIgniter.php(499): CodeIgniter\CodeIgniter->runController(Object(App\Controllers\AdmPost))
 4 SYSTEMPATH\CodeIgniter.php(368): CodeIgniter\CodeIgniter->handleRequest(null, Object(Config\Cache), false)
 5 FCPATH\index.php(67): CodeIgniter\CodeIgniter->run()
CRITICAL - 2023-07-14 23:54:53 --> Undefined array key "nome"
in APPPATH\Controllers\AdmPost.php on line 78.
 1 APPPATH\Controllers\AdmPost.php(78): CodeIgniter\Debug\Exceptions->errorHandler(2, 'Undefined array key "nome"', 'C:\\xampp\\htdocs\\codi\\app\\Controllers\\AdmPost.php', 78)
 2 SYSTEMPATH\CodeIgniter.php(934): App\Controllers\AdmPost->desenho_meus()
 3 SYSTEMPATH\CodeIgniter.php(499): CodeIgniter\CodeIgniter->runController(Object(App\Controllers\AdmPost))
 4 SYSTEMPATH\CodeIgniter.php(368): CodeIgniter\CodeIgniter->handleRequest(null, Object(Config\Cache), false)
 5 FCPATH\index.php(67): CodeIgniter\CodeIgniter->run()
CRITICAL - 2023-07-14 23:54:54 --> Undefined array key "nome"
in APPPATH\Controllers\AdmPost.php on line 78.
 1 APPPATH\Controllers\AdmPost.php(78): CodeIgniter\Debug\Exceptions->errorHandler(2, 'Undefined array key "nome"', 'C:\\xampp\\htdocs\\codi\\app\\Controllers\\AdmPost.php', 78)
 2 SYSTEMPATH\CodeIgniter.php(934): App\Controllers\AdmPost->desenho_meus()
 3 SYSTEMPATH\CodeIgniter.php(499): CodeIgniter\CodeIgniter->runController(Object(App\Controllers\AdmPost))
 4 SYSTEMPATH\CodeIgniter.php(368): CodeIgniter\CodeIgniter->handleRequest(null, Object(Config\Cache), false)
 5 FCPATH\index.php(67): CodeIgniter\CodeIgniter->run()
CRITICAL - 2023-07-14 23:54:55 --> Undefined array key "nome"
in APPPATH\Controllers\AdmPost.php on line 78.
 1 APPPATH\Controllers\AdmPost.php(78): CodeIgniter\Debug\Exceptions->errorHandler(2, 'Undefined array key "nome"', 'C:\\xampp\\htdocs\\codi\\app\\Controllers\\AdmPost.php', 78)
 2 SYSTEMPATH\CodeIgniter.php(934): App\Controllers\AdmPost->desenho_meus()
 3 SYSTEMPATH\CodeIgniter.php(499): CodeIgniter\CodeIgniter->runController(Object(App\Controllers\AdmPost))
 4 SYSTEMPATH\CodeIgniter.php(368): CodeIgniter\CodeIgniter->handleRequest(null, Object(Config\Cache), false)
 5 FCPATH\index.php(67): CodeIgniter\CodeIgniter->run()
CRITICAL - 2023-07-14 23:54:56 --> Undefined array key "nome"
in APPPATH\Controllers\AdmPost.php on line 78.
 1 APPPATH\Controllers\AdmPost.php(78): CodeIgniter\Debug\Exceptions->errorHandler(2, 'Undefined array key "nome"', 'C:\\xampp\\htdocs\\codi\\app\\Controllers\\AdmPost.php', 78)
 2 SYSTEMPATH\CodeIgniter.php(934): App\Controllers\AdmPost->desenho_meus()
 3 SYSTEMPATH\CodeIgniter.php(499): CodeIgniter\CodeIgniter->runController(Object(App\Controllers\AdmPost))
 4 SYSTEMPATH\CodeIgniter.php(368): CodeIgniter\CodeIgniter->handleRequest(null, Object(Config\Cache), false)
 5 FCPATH\index.php(67): CodeIgniter\CodeIgniter->run()
CRITICAL - 2023-07-14 23:54:57 --> Undefined array key "nome"
in APPPATH\Controllers\AdmPost.php on line 78.
 1 APPPATH\Controllers\AdmPost.php(78): CodeIgniter\Debug\Exceptions->errorHandler(2, 'Undefined array key "nome"', 'C:\\xampp\\htdocs\\codi\\app\\Controllers\\AdmPost.php', 78)
 2 SYSTEMPATH\CodeIgniter.php(934): App\Controllers\AdmPost->desenho_meus()
 3 SYSTEMPATH\CodeIgniter.php(499): CodeIgniter\CodeIgniter->runController(Object(App\Controllers\AdmPost))
 4 SYSTEMPATH\CodeIgniter.php(368): CodeIgniter\CodeIgniter->handleRequest(null, Object(Config\Cache), false)
 5 FCPATH\index.php(67): CodeIgniter\CodeIgniter->run()
CRITICAL - 2023-07-14 23:54:58 --> Undefined array key "nome"
in APPPATH\Controllers\AdmPost.php on line 78.
 1 APPPATH\Controllers\AdmPost.php(78): CodeIgniter\Debug\Exceptions->errorHandler(2, 'Undefined array key "nome"', 'C:\\xampp\\htdocs\\codi\\app\\Controllers\\AdmPost.php', 78)
 2 SYSTEMPATH\CodeIgniter.php(934): App\Controllers\AdmPost->desenho_meus()
 3 SYSTEMPATH\CodeIgniter.php(499): CodeIgniter\CodeIgniter->runController(Object(App\Controllers\AdmPost))
 4 SYSTEMPATH\CodeIgniter.php(368): CodeIgniter\CodeIgniter->handleRequest(null, Object(Config\Cache), false)
 5 FCPATH\index.php(67): CodeIgniter\CodeIgniter->run()
CRITICAL - 2023-07-14 23:54:59 --> Undefined array key "nome"
in APPPATH\Controllers\AdmPost.php on line 78.
 1 APPPATH\Controllers\AdmPost.php(78): CodeIgniter\Debug\Exceptions->errorHandler(2, 'Undefined array key "nome"', 'C:\\xampp\\htdocs\\codi\\app\\Controllers\\AdmPost.php', 78)
 2 SYSTEMPATH\CodeIgniter.php(934): App\Controllers\AdmPost->desenho_meus()
 3 SYSTEMPATH\CodeIgniter.php(499): CodeIgniter\CodeIgniter->runController(Object(App\Controllers\AdmPost))
 4 SYSTEMPATH\CodeIgniter.php(368): CodeIgniter\CodeIgniter->handleRequest(null, Object(Config\Cache), false)
 5 FCPATH\index.php(67): CodeIgniter\CodeIgniter->run()
CRITICAL - 2023-07-14 23:55:00 --> Undefined array key "nome"
in APPPATH\Controllers\AdmPost.php on line 78.
 1 APPPATH\Controllers\AdmPost.php(78): CodeIgniter\Debug\Exceptions->errorHandler(2, 'Undefined array key "nome"', 'C:\\xampp\\htdocs\\codi\\app\\Controllers\\AdmPost.php', 78)
 2 SYSTEMPATH\CodeIgniter.php(934): App\Controllers\AdmPost->desenho_meus()
 3 SYSTEMPATH\CodeIgniter.php(499): CodeIgniter\CodeIgniter->runController(Object(App\Controllers\AdmPost))
 4 SYSTEMPATH\CodeIgniter.php(368): CodeIgniter\CodeIgniter->handleRequest(null, Object(Config\Cache), false)
 5 FCPATH\index.php(67): CodeIgniter\CodeIgniter->run()
CRITICAL - 2023-07-14 23:55:37 --> syntax error, unexpected variable "$lista"
in APPPATH\Controllers\AdmPost.php on line 69.
 1 SYSTEMPATH\Autoloader\Autoloader.php(289): CodeIgniter\Autoloader\Autoloader->includeFile('C:\\xampp\\htdocs\\codi\\app\\Controllers\\AdmPost.php')
 2 SYSTEMPATH\Autoloader\Autoloader.php(267): CodeIgniter\Autoloader\Autoloader->loadInNamespace('App\\Controllers\\AdmPost')
 3 [internal function]: CodeIgniter\Autoloader\Autoloader->loadClass('App\\Controllers\\AdmPost')
 4 SYSTEMPATH\CodeIgniter.php(892): class_exists('\\App\\Controllers\\AdmPost', true)
 5 SYSTEMPATH\CodeIgniter.php(486): CodeIgniter\CodeIgniter->startController()
 6 SYSTEMPATH\CodeIgniter.php(368): CodeIgniter\CodeIgniter->handleRequest(null, Object(Config\Cache), false)
 7 FCPATH\index.php(67): CodeIgniter\CodeIgniter->run()
CRITICAL - 2023-07-14 23:56:05 --> App\Controllers\Ferramentas::array_index(): Argument #2 ($index) must be of type array, string given, called in C:\xampp\htdocs\codi\app\Controllers\AdmPost.php on line 78
in APPPATH\Controllers\Ferramentas.php on line 43.
 1 APPPATH\Controllers\AdmPost.php(78): App\Controllers\Ferramentas::array_index([...], 'nome')
 2 SYSTEMPATH\CodeIgniter.php(934): App\Controllers\AdmPost->desenho_meus()
 3 SYSTEMPATH\CodeIgniter.php(499): CodeIgniter\CodeIgniter->runController(Object(App\Controllers\AdmPost))
 4 SYSTEMPATH\CodeIgniter.php(368): CodeIgniter\CodeIgniter->handleRequest(null, Object(Config\Cache), false)
 5 FCPATH\index.php(67): CodeIgniter\CodeIgniter->run()
