CRITICAL - 2023-10-26 22:29:43 --> The framework needs the following extension(s) installed and loaded: intl.
in SYSTEMPATH\CodeIgniter.php on line 226.
 1 SYSTEMPATH\CodeIgniter.php(226): CodeIgniter\Exceptions\FrameworkException::forMissingExtension('intl')
 2 SYSTEMPATH\CodeIgniter.php(190): CodeIgniter\CodeIgniter->resolvePlatformExtensions()
 3 FCPATH\index.php(55): CodeIgniter\CodeIgniter->initialize()
CRITICAL - 2023-10-26 22:29:56 --> The framework needs the following extension(s) installed and loaded: intl.
in SYSTEMPATH\CodeIgniter.php on line 226.
 1 SYSTEMPATH\CodeIgniter.php(226): CodeIgniter\Exceptions\FrameworkException::forMissingExtension('intl')
 2 SYSTEMPATH\CodeIgniter.php(190): CodeIgniter\CodeIgniter->resolvePlatformExtensions()
 3 FCPATH\index.php(55): CodeIgniter\CodeIgniter->initialize()
CRITICAL - 2023-10-26 22:31:33 --> The framework needs the following extension(s) installed and loaded: intl.
in SYSTEMPATH\CodeIgniter.php on line 226.
 1 SYSTEMPATH\CodeIgniter.php(226): CodeIgniter\Exceptions\FrameworkException::forMissingExtension('intl')
 2 SYSTEMPATH\CodeIgniter.php(190): CodeIgniter\CodeIgniter->resolvePlatformExtensions()
 3 FCPATH\index.php(55): CodeIgniter\CodeIgniter->initialize()
CRITICAL - 2023-10-26 22:31:35 --> The framework needs the following extension(s) installed and loaded: intl.
in SYSTEMPATH\CodeIgniter.php on line 226.
 1 SYSTEMPATH\CodeIgniter.php(226): CodeIgniter\Exceptions\FrameworkException::forMissingExtension('intl')
 2 SYSTEMPATH\CodeIgniter.php(190): CodeIgniter\CodeIgniter->resolvePlatformExtensions()
 3 FCPATH\index.php(55): CodeIgniter\CodeIgniter->initialize()
CRITICAL - 2023-10-26 22:31:39 --> The framework needs the following extension(s) installed and loaded: intl.
in SYSTEMPATH\CodeIgniter.php on line 226.
 1 SYSTEMPATH\CodeIgniter.php(226): CodeIgniter\Exceptions\FrameworkException::forMissingExtension('intl')
 2 SYSTEMPATH\CodeIgniter.php(190): CodeIgniter\CodeIgniter->resolvePlatformExtensions()
 3 FCPATH\index.php(55): CodeIgniter\CodeIgniter->initialize()
CRITICAL - 2023-10-26 22:32:32 --> The framework needs the following extension(s) installed and loaded: intl.
in SYSTEMPATH\CodeIgniter.php on line 226.
 1 SYSTEMPATH\CodeIgniter.php(226): CodeIgniter\Exceptions\FrameworkException::forMissingExtension('intl')
 2 SYSTEMPATH\CodeIgniter.php(190): CodeIgniter\CodeIgniter->resolvePlatformExtensions()
 3 FCPATH\index.php(55): CodeIgniter\CodeIgniter->initialize()
CRITICAL - 2023-10-26 22:36:43 --> The framework needs the following extension(s) installed and loaded: intl.
in SYSTEMPATH\CodeIgniter.php on line 226.
 1 SYSTEMPATH\CodeIgniter.php(226): CodeIgniter\Exceptions\FrameworkException::forMissingExtension('intl')
 2 SYSTEMPATH\CodeIgniter.php(190): CodeIgniter\CodeIgniter->resolvePlatformExtensions()
 3 FCPATH\index.php(55): CodeIgniter\CodeIgniter->initialize()
ERROR - 2023-10-26 20:37:26 --> mysqli_sql_exception: Table 'wl.tag' doesn't exist in C:\xampp\htdocs\codi\system\Database\MySQLi\Connection.php:295
Stack trace:
#0 C:\xampp\htdocs\codi\system\Database\MySQLi\Connection.php(295): mysqli->query('SELECT *\nFROM `...', 0)
#1 C:\xampp\htdocs\codi\system\Database\BaseConnection.php(692): CodeIgniter\Database\MySQLi\Connection->execute('SELECT *\nFROM `...')
#2 C:\xampp\htdocs\codi\system\Database\BaseConnection.php(606): CodeIgniter\Database\BaseConnection->simpleQuery('SELECT *\nFROM `...')
#3 C:\xampp\htdocs\codi\system\Database\BaseBuilder.php(1616): CodeIgniter\Database\BaseConnection->query('SELECT *\nFROM `...', Array, false)
#4 C:\xampp\htdocs\codi\system\Model.php(203): CodeIgniter\Database\BaseBuilder->get()
#5 C:\xampp\htdocs\codi\system\BaseModel.php(557): CodeIgniter\Model->doFind(false, NULL)
#6 C:\xampp\htdocs\codi\app\Controllers\DesenhistaPost.php(1161): CodeIgniter\BaseModel->find()
#7 C:\xampp\htdocs\codi\system\CodeIgniter.php(934): App\Controllers\DesenhistaPost->desenho_tag_lista()
#8 C:\xampp\htdocs\codi\system\CodeIgniter.php(499): CodeIgniter\CodeIgniter->runController(Object(App\Controllers\DesenhistaPost))
#9 C:\xampp\htdocs\codi\system\CodeIgniter.php(368): CodeIgniter\CodeIgniter->handleRequest(NULL, Object(Config\Cache), false)
#10 C:\xampp\htdocs\codi\public\index.php(67): CodeIgniter\CodeIgniter->run()
#11 {main}
CRITICAL - 2023-10-26 20:37:26 --> Table 'wl.tag' doesn't exist
in SYSTEMPATH\Database\MySQLi\Connection.php on line 295.
 1 SYSTEMPATH\Database\MySQLi\Connection.php(295): mysqli->query('SELECT *
FROM `tag`', 0)
 2 SYSTEMPATH\Database\BaseConnection.php(692): CodeIgniter\Database\MySQLi\Connection->execute('SELECT *
FROM `tag`')
 3 SYSTEMPATH\Database\BaseConnection.php(606): CodeIgniter\Database\BaseConnection->simpleQuery('SELECT *
FROM `tag`')
 4 SYSTEMPATH\Database\BaseBuilder.php(1616): CodeIgniter\Database\BaseConnection->query('SELECT *
FROM `tag`', [], false)
 5 SYSTEMPATH\Model.php(203): CodeIgniter\Database\BaseBuilder->get()
 6 SYSTEMPATH\BaseModel.php(557): CodeIgniter\Model->doFind(false, null)
 7 APPPATH\Controllers\DesenhistaPost.php(1161): CodeIgniter\BaseModel->find()
 8 SYSTEMPATH\CodeIgniter.php(934): App\Controllers\DesenhistaPost->desenho_tag_lista()
 9 SYSTEMPATH\CodeIgniter.php(499): CodeIgniter\CodeIgniter->runController(Object(App\Controllers\DesenhistaPost))
10 SYSTEMPATH\CodeIgniter.php(368): CodeIgniter\CodeIgniter->handleRequest(null, Object(Config\Cache), false)
11 FCPATH\index.php(67): CodeIgniter\CodeIgniter->run()
ERROR - 2023-10-26 20:37:26 --> mysqli_sql_exception: Table 'wl.tag' doesn't exist in C:\xampp\htdocs\codi\system\Database\MySQLi\Connection.php:295
Stack trace:
#0 C:\xampp\htdocs\codi\system\Database\MySQLi\Connection.php(295): mysqli->query('SELECT *\nFROM `...', 0)
#1 C:\xampp\htdocs\codi\system\Database\BaseConnection.php(692): CodeIgniter\Database\MySQLi\Connection->execute('SELECT *\nFROM `...')
#2 C:\xampp\htdocs\codi\system\Database\BaseConnection.php(606): CodeIgniter\Database\BaseConnection->simpleQuery('SELECT *\nFROM `...')
#3 C:\xampp\htdocs\codi\system\Database\BaseBuilder.php(1616): CodeIgniter\Database\BaseConnection->query('SELECT *\nFROM `...', Array, false)
#4 C:\xampp\htdocs\codi\system\Model.php(203): CodeIgniter\Database\BaseBuilder->get()
#5 C:\xampp\htdocs\codi\system\BaseModel.php(557): CodeIgniter\Model->doFind(false, NULL)
#6 C:\xampp\htdocs\codi\app\Controllers\DesenhistaPost.php(1161): CodeIgniter\BaseModel->find()
#7 C:\xampp\htdocs\codi\system\CodeIgniter.php(934): App\Controllers\DesenhistaPost->desenho_tag_lista()
#8 C:\xampp\htdocs\codi\system\CodeIgniter.php(499): CodeIgniter\CodeIgniter->runController(Object(App\Controllers\DesenhistaPost))
#9 C:\xampp\htdocs\codi\system\CodeIgniter.php(368): CodeIgniter\CodeIgniter->handleRequest(NULL, Object(Config\Cache), false)
#10 C:\xampp\htdocs\codi\public\index.php(67): CodeIgniter\CodeIgniter->run()
#11 {main}
CRITICAL - 2023-10-26 20:37:26 --> Table 'wl.tag' doesn't exist
in SYSTEMPATH\Database\MySQLi\Connection.php on line 295.
 1 SYSTEMPATH\Database\MySQLi\Connection.php(295): mysqli->query('SELECT *
FROM `tag`', 0)
 2 SYSTEMPATH\Database\BaseConnection.php(692): CodeIgniter\Database\MySQLi\Connection->execute('SELECT *
FROM `tag`')
 3 SYSTEMPATH\Database\BaseConnection.php(606): CodeIgniter\Database\BaseConnection->simpleQuery('SELECT *
FROM `tag`')
 4 SYSTEMPATH\Database\BaseBuilder.php(1616): CodeIgniter\Database\BaseConnection->query('SELECT *
FROM `tag`', [], false)
 5 SYSTEMPATH\Model.php(203): CodeIgniter\Database\BaseBuilder->get()
 6 SYSTEMPATH\BaseModel.php(557): CodeIgniter\Model->doFind(false, null)
 7 APPPATH\Controllers\DesenhistaPost.php(1161): CodeIgniter\BaseModel->find()
 8 SYSTEMPATH\CodeIgniter.php(934): App\Controllers\DesenhistaPost->desenho_tag_lista()
 9 SYSTEMPATH\CodeIgniter.php(499): CodeIgniter\CodeIgniter->runController(Object(App\Controllers\DesenhistaPost))
10 SYSTEMPATH\CodeIgniter.php(368): CodeIgniter\CodeIgniter->handleRequest(null, Object(Config\Cache), false)
11 FCPATH\index.php(67): CodeIgniter\CodeIgniter->run()
ERROR - 2023-10-26 20:37:27 --> mysqli_sql_exception: Table 'wl.tag' doesn't exist in C:\xampp\htdocs\codi\system\Database\MySQLi\Connection.php:295
Stack trace:
#0 C:\xampp\htdocs\codi\system\Database\MySQLi\Connection.php(295): mysqli->query('SELECT *\nFROM `...', 0)
#1 C:\xampp\htdocs\codi\system\Database\BaseConnection.php(692): CodeIgniter\Database\MySQLi\Connection->execute('SELECT *\nFROM `...')
#2 C:\xampp\htdocs\codi\system\Database\BaseConnection.php(606): CodeIgniter\Database\BaseConnection->simpleQuery('SELECT *\nFROM `...')
#3 C:\xampp\htdocs\codi\system\Database\BaseBuilder.php(1616): CodeIgniter\Database\BaseConnection->query('SELECT *\nFROM `...', Array, false)
#4 C:\xampp\htdocs\codi\system\Model.php(203): CodeIgniter\Database\BaseBuilder->get()
#5 C:\xampp\htdocs\codi\system\BaseModel.php(557): CodeIgniter\Model->doFind(false, NULL)
#6 C:\xampp\htdocs\codi\app\Controllers\DesenhistaPost.php(1161): CodeIgniter\BaseModel->find()
#7 C:\xampp\htdocs\codi\system\CodeIgniter.php(934): App\Controllers\DesenhistaPost->desenho_tag_lista()
#8 C:\xampp\htdocs\codi\system\CodeIgniter.php(499): CodeIgniter\CodeIgniter->runController(Object(App\Controllers\DesenhistaPost))
#9 C:\xampp\htdocs\codi\system\CodeIgniter.php(368): CodeIgniter\CodeIgniter->handleRequest(NULL, Object(Config\Cache), false)
#10 C:\xampp\htdocs\codi\public\index.php(67): CodeIgniter\CodeIgniter->run()
#11 {main}
CRITICAL - 2023-10-26 20:37:27 --> Table 'wl.tag' doesn't exist
in SYSTEMPATH\Database\MySQLi\Connection.php on line 295.
 1 SYSTEMPATH\Database\MySQLi\Connection.php(295): mysqli->query('SELECT *
FROM `tag`', 0)
 2 SYSTEMPATH\Database\BaseConnection.php(692): CodeIgniter\Database\MySQLi\Connection->execute('SELECT *
FROM `tag`')
 3 SYSTEMPATH\Database\BaseConnection.php(606): CodeIgniter\Database\BaseConnection->simpleQuery('SELECT *
FROM `tag`')
 4 SYSTEMPATH\Database\BaseBuilder.php(1616): CodeIgniter\Database\BaseConnection->query('SELECT *
FROM `tag`', [], false)
 5 SYSTEMPATH\Model.php(203): CodeIgniter\Database\BaseBuilder->get()
 6 SYSTEMPATH\BaseModel.php(557): CodeIgniter\Model->doFind(false, null)
 7 APPPATH\Controllers\DesenhistaPost.php(1161): CodeIgniter\BaseModel->find()
 8 SYSTEMPATH\CodeIgniter.php(934): App\Controllers\DesenhistaPost->desenho_tag_lista()
 9 SYSTEMPATH\CodeIgniter.php(499): CodeIgniter\CodeIgniter->runController(Object(App\Controllers\DesenhistaPost))
10 SYSTEMPATH\CodeIgniter.php(368): CodeIgniter\CodeIgniter->handleRequest(null, Object(Config\Cache), false)
11 FCPATH\index.php(67): CodeIgniter\CodeIgniter->run()
ERROR - 2023-10-26 20:37:27 --> mysqli_sql_exception: Table 'wl.tag' doesn't exist in C:\xampp\htdocs\codi\system\Database\MySQLi\Connection.php:295
Stack trace:
#0 C:\xampp\htdocs\codi\system\Database\MySQLi\Connection.php(295): mysqli->query('SELECT *\nFROM `...', 0)
#1 C:\xampp\htdocs\codi\system\Database\BaseConnection.php(692): CodeIgniter\Database\MySQLi\Connection->execute('SELECT *\nFROM `...')
#2 C:\xampp\htdocs\codi\system\Database\BaseConnection.php(606): CodeIgniter\Database\BaseConnection->simpleQuery('SELECT *\nFROM `...')
#3 C:\xampp\htdocs\codi\system\Database\BaseBuilder.php(1616): CodeIgniter\Database\BaseConnection->query('SELECT *\nFROM `...', Array, false)
#4 C:\xampp\htdocs\codi\system\Model.php(203): CodeIgniter\Database\BaseBuilder->get()
#5 C:\xampp\htdocs\codi\system\BaseModel.php(557): CodeIgniter\Model->doFind(false, NULL)
#6 C:\xampp\htdocs\codi\app\Controllers\DesenhistaPost.php(1161): CodeIgniter\BaseModel->find()
#7 C:\xampp\htdocs\codi\system\CodeIgniter.php(934): App\Controllers\DesenhistaPost->desenho_tag_lista()
#8 C:\xampp\htdocs\codi\system\CodeIgniter.php(499): CodeIgniter\CodeIgniter->runController(Object(App\Controllers\DesenhistaPost))
#9 C:\xampp\htdocs\codi\system\CodeIgniter.php(368): CodeIgniter\CodeIgniter->handleRequest(NULL, Object(Config\Cache), false)
#10 C:\xampp\htdocs\codi\public\index.php(67): CodeIgniter\CodeIgniter->run()
#11 {main}
CRITICAL - 2023-10-26 20:37:27 --> Table 'wl.tag' doesn't exist
in SYSTEMPATH\Database\MySQLi\Connection.php on line 295.
 1 SYSTEMPATH\Database\MySQLi\Connection.php(295): mysqli->query('SELECT *
FROM `tag`', 0)
 2 SYSTEMPATH\Database\BaseConnection.php(692): CodeIgniter\Database\MySQLi\Connection->execute('SELECT *
FROM `tag`')
 3 SYSTEMPATH\Database\BaseConnection.php(606): CodeIgniter\Database\BaseConnection->simpleQuery('SELECT *
FROM `tag`')
 4 SYSTEMPATH\Database\BaseBuilder.php(1616): CodeIgniter\Database\BaseConnection->query('SELECT *
FROM `tag`', [], false)
 5 SYSTEMPATH\Model.php(203): CodeIgniter\Database\BaseBuilder->get()
 6 SYSTEMPATH\BaseModel.php(557): CodeIgniter\Model->doFind(false, null)
 7 APPPATH\Controllers\DesenhistaPost.php(1161): CodeIgniter\BaseModel->find()
 8 SYSTEMPATH\CodeIgniter.php(934): App\Controllers\DesenhistaPost->desenho_tag_lista()
 9 SYSTEMPATH\CodeIgniter.php(499): CodeIgniter\CodeIgniter->runController(Object(App\Controllers\DesenhistaPost))
10 SYSTEMPATH\CodeIgniter.php(368): CodeIgniter\CodeIgniter->handleRequest(null, Object(Config\Cache), false)
11 FCPATH\index.php(67): CodeIgniter\CodeIgniter->run()
ERROR - 2023-10-26 20:37:28 --> mysqli_sql_exception: Table 'wl.tag' doesn't exist in C:\xampp\htdocs\codi\system\Database\MySQLi\Connection.php:295
Stack trace:
#0 C:\xampp\htdocs\codi\system\Database\MySQLi\Connection.php(295): mysqli->query('SELECT *\nFROM `...', 0)
#1 C:\xampp\htdocs\codi\system\Database\BaseConnection.php(692): CodeIgniter\Database\MySQLi\Connection->execute('SELECT *\nFROM `...')
#2 C:\xampp\htdocs\codi\system\Database\BaseConnection.php(606): CodeIgniter\Database\BaseConnection->simpleQuery('SELECT *\nFROM `...')
#3 C:\xampp\htdocs\codi\system\Database\BaseBuilder.php(1616): CodeIgniter\Database\BaseConnection->query('SELECT *\nFROM `...', Array, false)
#4 C:\xampp\htdocs\codi\system\Model.php(203): CodeIgniter\Database\BaseBuilder->get()
#5 C:\xampp\htdocs\codi\system\BaseModel.php(557): CodeIgniter\Model->doFind(false, NULL)
#6 C:\xampp\htdocs\codi\app\Controllers\DesenhistaPost.php(1161): CodeIgniter\BaseModel->find()
#7 C:\xampp\htdocs\codi\system\CodeIgniter.php(934): App\Controllers\DesenhistaPost->desenho_tag_lista()
#8 C:\xampp\htdocs\codi\system\CodeIgniter.php(499): CodeIgniter\CodeIgniter->runController(Object(App\Controllers\DesenhistaPost))
#9 C:\xampp\htdocs\codi\system\CodeIgniter.php(368): CodeIgniter\CodeIgniter->handleRequest(NULL, Object(Config\Cache), false)
#10 C:\xampp\htdocs\codi\public\index.php(67): CodeIgniter\CodeIgniter->run()
#11 {main}
CRITICAL - 2023-10-26 20:37:28 --> Table 'wl.tag' doesn't exist
in SYSTEMPATH\Database\MySQLi\Connection.php on line 295.
 1 SYSTEMPATH\Database\MySQLi\Connection.php(295): mysqli->query('SELECT *
FROM `tag`', 0)
 2 SYSTEMPATH\Database\BaseConnection.php(692): CodeIgniter\Database\MySQLi\Connection->execute('SELECT *
FROM `tag`')
 3 SYSTEMPATH\Database\BaseConnection.php(606): CodeIgniter\Database\BaseConnection->simpleQuery('SELECT *
FROM `tag`')
 4 SYSTEMPATH\Database\BaseBuilder.php(1616): CodeIgniter\Database\BaseConnection->query('SELECT *
FROM `tag`', [], false)
 5 SYSTEMPATH\Model.php(203): CodeIgniter\Database\BaseBuilder->get()
 6 SYSTEMPATH\BaseModel.php(557): CodeIgniter\Model->doFind(false, null)
 7 APPPATH\Controllers\DesenhistaPost.php(1161): CodeIgniter\BaseModel->find()
 8 SYSTEMPATH\CodeIgniter.php(934): App\Controllers\DesenhistaPost->desenho_tag_lista()
 9 SYSTEMPATH\CodeIgniter.php(499): CodeIgniter\CodeIgniter->runController(Object(App\Controllers\DesenhistaPost))
10 SYSTEMPATH\CodeIgniter.php(368): CodeIgniter\CodeIgniter->handleRequest(null, Object(Config\Cache), false)
11 FCPATH\index.php(67): CodeIgniter\CodeIgniter->run()
ERROR - 2023-10-26 20:37:28 --> mysqli_sql_exception: Table 'wl.tag' doesn't exist in C:\xampp\htdocs\codi\system\Database\MySQLi\Connection.php:295
Stack trace:
#0 C:\xampp\htdocs\codi\system\Database\MySQLi\Connection.php(295): mysqli->query('SELECT *\nFROM `...', 0)
#1 C:\xampp\htdocs\codi\system\Database\BaseConnection.php(692): CodeIgniter\Database\MySQLi\Connection->execute('SELECT *\nFROM `...')
#2 C:\xampp\htdocs\codi\system\Database\BaseConnection.php(606): CodeIgniter\Database\BaseConnection->simpleQuery('SELECT *\nFROM `...')
#3 C:\xampp\htdocs\codi\system\Database\BaseBuilder.php(1616): CodeIgniter\Database\BaseConnection->query('SELECT *\nFROM `...', Array, false)
#4 C:\xampp\htdocs\codi\system\Model.php(203): CodeIgniter\Database\BaseBuilder->get()
#5 C:\xampp\htdocs\codi\system\BaseModel.php(557): CodeIgniter\Model->doFind(false, NULL)
#6 C:\xampp\htdocs\codi\app\Controllers\DesenhistaPost.php(1161): CodeIgniter\BaseModel->find()
#7 C:\xampp\htdocs\codi\system\CodeIgniter.php(934): App\Controllers\DesenhistaPost->desenho_tag_lista()
#8 C:\xampp\htdocs\codi\system\CodeIgniter.php(499): CodeIgniter\CodeIgniter->runController(Object(App\Controllers\DesenhistaPost))
#9 C:\xampp\htdocs\codi\system\CodeIgniter.php(368): CodeIgniter\CodeIgniter->handleRequest(NULL, Object(Config\Cache), false)
#10 C:\xampp\htdocs\codi\public\index.php(67): CodeIgniter\CodeIgniter->run()
#11 {main}
CRITICAL - 2023-10-26 20:37:28 --> Table 'wl.tag' doesn't exist
in SYSTEMPATH\Database\MySQLi\Connection.php on line 295.
 1 SYSTEMPATH\Database\MySQLi\Connection.php(295): mysqli->query('SELECT *
FROM `tag`', 0)
 2 SYSTEMPATH\Database\BaseConnection.php(692): CodeIgniter\Database\MySQLi\Connection->execute('SELECT *
FROM `tag`')
 3 SYSTEMPATH\Database\BaseConnection.php(606): CodeIgniter\Database\BaseConnection->simpleQuery('SELECT *
FROM `tag`')
 4 SYSTEMPATH\Database\BaseBuilder.php(1616): CodeIgniter\Database\BaseConnection->query('SELECT *
FROM `tag`', [], false)
 5 SYSTEMPATH\Model.php(203): CodeIgniter\Database\BaseBuilder->get()
 6 SYSTEMPATH\BaseModel.php(557): CodeIgniter\Model->doFind(false, null)
 7 APPPATH\Controllers\DesenhistaPost.php(1161): CodeIgniter\BaseModel->find()
 8 SYSTEMPATH\CodeIgniter.php(934): App\Controllers\DesenhistaPost->desenho_tag_lista()
 9 SYSTEMPATH\CodeIgniter.php(499): CodeIgniter\CodeIgniter->runController(Object(App\Controllers\DesenhistaPost))
10 SYSTEMPATH\CodeIgniter.php(368): CodeIgniter\CodeIgniter->handleRequest(null, Object(Config\Cache), false)
11 FCPATH\index.php(67): CodeIgniter\CodeIgniter->run()
ERROR - 2023-10-26 20:37:29 --> mysqli_sql_exception: Table 'wl.tag' doesn't exist in C:\xampp\htdocs\codi\system\Database\MySQLi\Connection.php:295
Stack trace:
#0 C:\xampp\htdocs\codi\system\Database\MySQLi\Connection.php(295): mysqli->query('SELECT *\nFROM `...', 0)
#1 C:\xampp\htdocs\codi\system\Database\BaseConnection.php(692): CodeIgniter\Database\MySQLi\Connection->execute('SELECT *\nFROM `...')
#2 C:\xampp\htdocs\codi\system\Database\BaseConnection.php(606): CodeIgniter\Database\BaseConnection->simpleQuery('SELECT *\nFROM `...')
#3 C:\xampp\htdocs\codi\system\Database\BaseBuilder.php(1616): CodeIgniter\Database\BaseConnection->query('SELECT *\nFROM `...', Array, false)
#4 C:\xampp\htdocs\codi\system\Model.php(203): CodeIgniter\Database\BaseBuilder->get()
#5 C:\xampp\htdocs\codi\system\BaseModel.php(557): CodeIgniter\Model->doFind(false, NULL)
#6 C:\xampp\htdocs\codi\app\Controllers\DesenhistaPost.php(1161): CodeIgniter\BaseModel->find()
#7 C:\xampp\htdocs\codi\system\CodeIgniter.php(934): App\Controllers\DesenhistaPost->desenho_tag_lista()
#8 C:\xampp\htdocs\codi\system\CodeIgniter.php(499): CodeIgniter\CodeIgniter->runController(Object(App\Controllers\DesenhistaPost))
#9 C:\xampp\htdocs\codi\system\CodeIgniter.php(368): CodeIgniter\CodeIgniter->handleRequest(NULL, Object(Config\Cache), false)
#10 C:\xampp\htdocs\codi\public\index.php(67): CodeIgniter\CodeIgniter->run()
#11 {main}
CRITICAL - 2023-10-26 20:37:29 --> Table 'wl.tag' doesn't exist
in SYSTEMPATH\Database\MySQLi\Connection.php on line 295.
 1 SYSTEMPATH\Database\MySQLi\Connection.php(295): mysqli->query('SELECT *
FROM `tag`', 0)
 2 SYSTEMPATH\Database\BaseConnection.php(692): CodeIgniter\Database\MySQLi\Connection->execute('SELECT *
FROM `tag`')
 3 SYSTEMPATH\Database\BaseConnection.php(606): CodeIgniter\Database\BaseConnection->simpleQuery('SELECT *
FROM `tag`')
 4 SYSTEMPATH\Database\BaseBuilder.php(1616): CodeIgniter\Database\BaseConnection->query('SELECT *
FROM `tag`', [], false)
 5 SYSTEMPATH\Model.php(203): CodeIgniter\Database\BaseBuilder->get()
 6 SYSTEMPATH\BaseModel.php(557): CodeIgniter\Model->doFind(false, null)
 7 APPPATH\Controllers\DesenhistaPost.php(1161): CodeIgniter\BaseModel->find()
 8 SYSTEMPATH\CodeIgniter.php(934): App\Controllers\DesenhistaPost->desenho_tag_lista()
 9 SYSTEMPATH\CodeIgniter.php(499): CodeIgniter\CodeIgniter->runController(Object(App\Controllers\DesenhistaPost))
10 SYSTEMPATH\CodeIgniter.php(368): CodeIgniter\CodeIgniter->handleRequest(null, Object(Config\Cache), false)
11 FCPATH\index.php(67): CodeIgniter\CodeIgniter->run()
ERROR - 2023-10-26 20:37:29 --> mysqli_sql_exception: Table 'wl.tag' doesn't exist in C:\xampp\htdocs\codi\system\Database\MySQLi\Connection.php:295
Stack trace:
#0 C:\xampp\htdocs\codi\system\Database\MySQLi\Connection.php(295): mysqli->query('SELECT *\nFROM `...', 0)
#1 C:\xampp\htdocs\codi\system\Database\BaseConnection.php(692): CodeIgniter\Database\MySQLi\Connection->execute('SELECT *\nFROM `...')
#2 C:\xampp\htdocs\codi\system\Database\BaseConnection.php(606): CodeIgniter\Database\BaseConnection->simpleQuery('SELECT *\nFROM `...')
#3 C:\xampp\htdocs\codi\system\Database\BaseBuilder.php(1616): CodeIgniter\Database\BaseConnection->query('SELECT *\nFROM `...', Array, false)
#4 C:\xampp\htdocs\codi\system\Model.php(203): CodeIgniter\Database\BaseBuilder->get()
#5 C:\xampp\htdocs\codi\system\BaseModel.php(557): CodeIgniter\Model->doFind(false, NULL)
#6 C:\xampp\htdocs\codi\app\Controllers\DesenhistaPost.php(1161): CodeIgniter\BaseModel->find()
#7 C:\xampp\htdocs\codi\system\CodeIgniter.php(934): App\Controllers\DesenhistaPost->desenho_tag_lista()
#8 C:\xampp\htdocs\codi\system\CodeIgniter.php(499): CodeIgniter\CodeIgniter->runController(Object(App\Controllers\DesenhistaPost))
#9 C:\xampp\htdocs\codi\system\CodeIgniter.php(368): CodeIgniter\CodeIgniter->handleRequest(NULL, Object(Config\Cache), false)
#10 C:\xampp\htdocs\codi\public\index.php(67): CodeIgniter\CodeIgniter->run()
#11 {main}
CRITICAL - 2023-10-26 20:37:29 --> Table 'wl.tag' doesn't exist
in SYSTEMPATH\Database\MySQLi\Connection.php on line 295.
 1 SYSTEMPATH\Database\MySQLi\Connection.php(295): mysqli->query('SELECT *
FROM `tag`', 0)
 2 SYSTEMPATH\Database\BaseConnection.php(692): CodeIgniter\Database\MySQLi\Connection->execute('SELECT *
FROM `tag`')
 3 SYSTEMPATH\Database\BaseConnection.php(606): CodeIgniter\Database\BaseConnection->simpleQuery('SELECT *
FROM `tag`')
 4 SYSTEMPATH\Database\BaseBuilder.php(1616): CodeIgniter\Database\BaseConnection->query('SELECT *
FROM `tag`', [], false)
 5 SYSTEMPATH\Model.php(203): CodeIgniter\Database\BaseBuilder->get()
 6 SYSTEMPATH\BaseModel.php(557): CodeIgniter\Model->doFind(false, null)
 7 APPPATH\Controllers\DesenhistaPost.php(1161): CodeIgniter\BaseModel->find()
 8 SYSTEMPATH\CodeIgniter.php(934): App\Controllers\DesenhistaPost->desenho_tag_lista()
 9 SYSTEMPATH\CodeIgniter.php(499): CodeIgniter\CodeIgniter->runController(Object(App\Controllers\DesenhistaPost))
10 SYSTEMPATH\CodeIgniter.php(368): CodeIgniter\CodeIgniter->handleRequest(null, Object(Config\Cache), false)
11 FCPATH\index.php(67): CodeIgniter\CodeIgniter->run()
ERROR - 2023-10-26 20:37:30 --> mysqli_sql_exception: Table 'wl.tag' doesn't exist in C:\xampp\htdocs\codi\system\Database\MySQLi\Connection.php:295
Stack trace:
#0 C:\xampp\htdocs\codi\system\Database\MySQLi\Connection.php(295): mysqli->query('SELECT *\nFROM `...', 0)
#1 C:\xampp\htdocs\codi\system\Database\BaseConnection.php(692): CodeIgniter\Database\MySQLi\Connection->execute('SELECT *\nFROM `...')
#2 C:\xampp\htdocs\codi\system\Database\BaseConnection.php(606): CodeIgniter\Database\BaseConnection->simpleQuery('SELECT *\nFROM `...')
#3 C:\xampp\htdocs\codi\system\Database\BaseBuilder.php(1616): CodeIgniter\Database\BaseConnection->query('SELECT *\nFROM `...', Array, false)
#4 C:\xampp\htdocs\codi\system\Model.php(203): CodeIgniter\Database\BaseBuilder->get()
#5 C:\xampp\htdocs\codi\system\BaseModel.php(557): CodeIgniter\Model->doFind(false, NULL)
#6 C:\xampp\htdocs\codi\app\Controllers\DesenhistaPost.php(1161): CodeIgniter\BaseModel->find()
#7 C:\xampp\htdocs\codi\system\CodeIgniter.php(934): App\Controllers\DesenhistaPost->desenho_tag_lista()
#8 C:\xampp\htdocs\codi\system\CodeIgniter.php(499): CodeIgniter\CodeIgniter->runController(Object(App\Controllers\DesenhistaPost))
#9 C:\xampp\htdocs\codi\system\CodeIgniter.php(368): CodeIgniter\CodeIgniter->handleRequest(NULL, Object(Config\Cache), false)
#10 C:\xampp\htdocs\codi\public\index.php(67): CodeIgniter\CodeIgniter->run()
#11 {main}
CRITICAL - 2023-10-26 20:37:30 --> Table 'wl.tag' doesn't exist
in SYSTEMPATH\Database\MySQLi\Connection.php on line 295.
 1 SYSTEMPATH\Database\MySQLi\Connection.php(295): mysqli->query('SELECT *
FROM `tag`', 0)
 2 SYSTEMPATH\Database\BaseConnection.php(692): CodeIgniter\Database\MySQLi\Connection->execute('SELECT *
FROM `tag`')
 3 SYSTEMPATH\Database\BaseConnection.php(606): CodeIgniter\Database\BaseConnection->simpleQuery('SELECT *
FROM `tag`')
 4 SYSTEMPATH\Database\BaseBuilder.php(1616): CodeIgniter\Database\BaseConnection->query('SELECT *
FROM `tag`', [], false)
 5 SYSTEMPATH\Model.php(203): CodeIgniter\Database\BaseBuilder->get()
 6 SYSTEMPATH\BaseModel.php(557): CodeIgniter\Model->doFind(false, null)
 7 APPPATH\Controllers\DesenhistaPost.php(1161): CodeIgniter\BaseModel->find()
 8 SYSTEMPATH\CodeIgniter.php(934): App\Controllers\DesenhistaPost->desenho_tag_lista()
 9 SYSTEMPATH\CodeIgniter.php(499): CodeIgniter\CodeIgniter->runController(Object(App\Controllers\DesenhistaPost))
10 SYSTEMPATH\CodeIgniter.php(368): CodeIgniter\CodeIgniter->handleRequest(null, Object(Config\Cache), false)
11 FCPATH\index.php(67): CodeIgniter\CodeIgniter->run()
ERROR - 2023-10-26 20:37:30 --> mysqli_sql_exception: Table 'wl.tag' doesn't exist in C:\xampp\htdocs\codi\system\Database\MySQLi\Connection.php:295
Stack trace:
#0 C:\xampp\htdocs\codi\system\Database\MySQLi\Connection.php(295): mysqli->query('SELECT *\nFROM `...', 0)
#1 C:\xampp\htdocs\codi\system\Database\BaseConnection.php(692): CodeIgniter\Database\MySQLi\Connection->execute('SELECT *\nFROM `...')
#2 C:\xampp\htdocs\codi\system\Database\BaseConnection.php(606): CodeIgniter\Database\BaseConnection->simpleQuery('SELECT *\nFROM `...')
#3 C:\xampp\htdocs\codi\system\Database\BaseBuilder.php(1616): CodeIgniter\Database\BaseConnection->query('SELECT *\nFROM `...', Array, false)
#4 C:\xampp\htdocs\codi\system\Model.php(203): CodeIgniter\Database\BaseBuilder->get()
#5 C:\xampp\htdocs\codi\system\BaseModel.php(557): CodeIgniter\Model->doFind(false, NULL)
#6 C:\xampp\htdocs\codi\app\Controllers\DesenhistaPost.php(1161): CodeIgniter\BaseModel->find()
#7 C:\xampp\htdocs\codi\system\CodeIgniter.php(934): App\Controllers\DesenhistaPost->desenho_tag_lista()
#8 C:\xampp\htdocs\codi\system\CodeIgniter.php(499): CodeIgniter\CodeIgniter->runController(Object(App\Controllers\DesenhistaPost))
#9 C:\xampp\htdocs\codi\system\CodeIgniter.php(368): CodeIgniter\CodeIgniter->handleRequest(NULL, Object(Config\Cache), false)
#10 C:\xampp\htdocs\codi\public\index.php(67): CodeIgniter\CodeIgniter->run()
#11 {main}
CRITICAL - 2023-10-26 20:37:30 --> Table 'wl.tag' doesn't exist
in SYSTEMPATH\Database\MySQLi\Connection.php on line 295.
 1 SYSTEMPATH\Database\MySQLi\Connection.php(295): mysqli->query('SELECT *
FROM `tag`', 0)
 2 SYSTEMPATH\Database\BaseConnection.php(692): CodeIgniter\Database\MySQLi\Connection->execute('SELECT *
FROM `tag`')
 3 SYSTEMPATH\Database\BaseConnection.php(606): CodeIgniter\Database\BaseConnection->simpleQuery('SELECT *
FROM `tag`')
 4 SYSTEMPATH\Database\BaseBuilder.php(1616): CodeIgniter\Database\BaseConnection->query('SELECT *
FROM `tag`', [], false)
 5 SYSTEMPATH\Model.php(203): CodeIgniter\Database\BaseBuilder->get()
 6 SYSTEMPATH\BaseModel.php(557): CodeIgniter\Model->doFind(false, null)
 7 APPPATH\Controllers\DesenhistaPost.php(1161): CodeIgniter\BaseModel->find()
 8 SYSTEMPATH\CodeIgniter.php(934): App\Controllers\DesenhistaPost->desenho_tag_lista()
 9 SYSTEMPATH\CodeIgniter.php(499): CodeIgniter\CodeIgniter->runController(Object(App\Controllers\DesenhistaPost))
10 SYSTEMPATH\CodeIgniter.php(368): CodeIgniter\CodeIgniter->handleRequest(null, Object(Config\Cache), false)
11 FCPATH\index.php(67): CodeIgniter\CodeIgniter->run()
ERROR - 2023-10-26 20:37:31 --> mysqli_sql_exception: Table 'wl.tag' doesn't exist in C:\xampp\htdocs\codi\system\Database\MySQLi\Connection.php:295
Stack trace:
#0 C:\xampp\htdocs\codi\system\Database\MySQLi\Connection.php(295): mysqli->query('SELECT *\nFROM `...', 0)
#1 C:\xampp\htdocs\codi\system\Database\BaseConnection.php(692): CodeIgniter\Database\MySQLi\Connection->execute('SELECT *\nFROM `...')
#2 C:\xampp\htdocs\codi\system\Database\BaseConnection.php(606): CodeIgniter\Database\BaseConnection->simpleQuery('SELECT *\nFROM `...')
#3 C:\xampp\htdocs\codi\system\Database\BaseBuilder.php(1616): CodeIgniter\Database\BaseConnection->query('SELECT *\nFROM `...', Array, false)
#4 C:\xampp\htdocs\codi\system\Model.php(203): CodeIgniter\Database\BaseBuilder->get()
#5 C:\xampp\htdocs\codi\system\BaseModel.php(557): CodeIgniter\Model->doFind(false, NULL)
#6 C:\xampp\htdocs\codi\app\Controllers\DesenhistaPost.php(1161): CodeIgniter\BaseModel->find()
#7 C:\xampp\htdocs\codi\system\CodeIgniter.php(934): App\Controllers\DesenhistaPost->desenho_tag_lista()
#8 C:\xampp\htdocs\codi\system\CodeIgniter.php(499): CodeIgniter\CodeIgniter->runController(Object(App\Controllers\DesenhistaPost))
#9 C:\xampp\htdocs\codi\system\CodeIgniter.php(368): CodeIgniter\CodeIgniter->handleRequest(NULL, Object(Config\Cache), false)
#10 C:\xampp\htdocs\codi\public\index.php(67): CodeIgniter\CodeIgniter->run()
#11 {main}
CRITICAL - 2023-10-26 20:37:31 --> Table 'wl.tag' doesn't exist
in SYSTEMPATH\Database\MySQLi\Connection.php on line 295.
 1 SYSTEMPATH\Database\MySQLi\Connection.php(295): mysqli->query('SELECT *
FROM `tag`', 0)
 2 SYSTEMPATH\Database\BaseConnection.php(692): CodeIgniter\Database\MySQLi\Connection->execute('SELECT *
FROM `tag`')
 3 SYSTEMPATH\Database\BaseConnection.php(606): CodeIgniter\Database\BaseConnection->simpleQuery('SELECT *
FROM `tag`')
 4 SYSTEMPATH\Database\BaseBuilder.php(1616): CodeIgniter\Database\BaseConnection->query('SELECT *
FROM `tag`', [], false)
 5 SYSTEMPATH\Model.php(203): CodeIgniter\Database\BaseBuilder->get()
 6 SYSTEMPATH\BaseModel.php(557): CodeIgniter\Model->doFind(false, null)
 7 APPPATH\Controllers\DesenhistaPost.php(1161): CodeIgniter\BaseModel->find()
 8 SYSTEMPATH\CodeIgniter.php(934): App\Controllers\DesenhistaPost->desenho_tag_lista()
 9 SYSTEMPATH\CodeIgniter.php(499): CodeIgniter\CodeIgniter->runController(Object(App\Controllers\DesenhistaPost))
10 SYSTEMPATH\CodeIgniter.php(368): CodeIgniter\CodeIgniter->handleRequest(null, Object(Config\Cache), false)
11 FCPATH\index.php(67): CodeIgniter\CodeIgniter->run()
ERROR - 2023-10-26 20:37:31 --> mysqli_sql_exception: Table 'wl.tag' doesn't exist in C:\xampp\htdocs\codi\system\Database\MySQLi\Connection.php:295
Stack trace:
#0 C:\xampp\htdocs\codi\system\Database\MySQLi\Connection.php(295): mysqli->query('SELECT *\nFROM `...', 0)
#1 C:\xampp\htdocs\codi\system\Database\BaseConnection.php(692): CodeIgniter\Database\MySQLi\Connection->execute('SELECT *\nFROM `...')
#2 C:\xampp\htdocs\codi\system\Database\BaseConnection.php(606): CodeIgniter\Database\BaseConnection->simpleQuery('SELECT *\nFROM `...')
#3 C:\xampp\htdocs\codi\system\Database\BaseBuilder.php(1616): CodeIgniter\Database\BaseConnection->query('SELECT *\nFROM `...', Array, false)
#4 C:\xampp\htdocs\codi\system\Model.php(203): CodeIgniter\Database\BaseBuilder->get()
#5 C:\xampp\htdocs\codi\system\BaseModel.php(557): CodeIgniter\Model->doFind(false, NULL)
#6 C:\xampp\htdocs\codi\app\Controllers\DesenhistaPost.php(1161): CodeIgniter\BaseModel->find()
#7 C:\xampp\htdocs\codi\system\CodeIgniter.php(934): App\Controllers\DesenhistaPost->desenho_tag_lista()
#8 C:\xampp\htdocs\codi\system\CodeIgniter.php(499): CodeIgniter\CodeIgniter->runController(Object(App\Controllers\DesenhistaPost))
#9 C:\xampp\htdocs\codi\system\CodeIgniter.php(368): CodeIgniter\CodeIgniter->handleRequest(NULL, Object(Config\Cache), false)
#10 C:\xampp\htdocs\codi\public\index.php(67): CodeIgniter\CodeIgniter->run()
#11 {main}
CRITICAL - 2023-10-26 20:37:31 --> Table 'wl.tag' doesn't exist
in SYSTEMPATH\Database\MySQLi\Connection.php on line 295.
 1 SYSTEMPATH\Database\MySQLi\Connection.php(295): mysqli->query('SELECT *
FROM `tag`', 0)
 2 SYSTEMPATH\Database\BaseConnection.php(692): CodeIgniter\Database\MySQLi\Connection->execute('SELECT *
FROM `tag`')
 3 SYSTEMPATH\Database\BaseConnection.php(606): CodeIgniter\Database\BaseConnection->simpleQuery('SELECT *
FROM `tag`')
 4 SYSTEMPATH\Database\BaseBuilder.php(1616): CodeIgniter\Database\BaseConnection->query('SELECT *
FROM `tag`', [], false)
 5 SYSTEMPATH\Model.php(203): CodeIgniter\Database\BaseBuilder->get()
 6 SYSTEMPATH\BaseModel.php(557): CodeIgniter\Model->doFind(false, null)
 7 APPPATH\Controllers\DesenhistaPost.php(1161): CodeIgniter\BaseModel->find()
 8 SYSTEMPATH\CodeIgniter.php(934): App\Controllers\DesenhistaPost->desenho_tag_lista()
 9 SYSTEMPATH\CodeIgniter.php(499): CodeIgniter\CodeIgniter->runController(Object(App\Controllers\DesenhistaPost))
10 SYSTEMPATH\CodeIgniter.php(368): CodeIgniter\CodeIgniter->handleRequest(null, Object(Config\Cache), false)
11 FCPATH\index.php(67): CodeIgniter\CodeIgniter->run()
ERROR - 2023-10-26 20:37:32 --> mysqli_sql_exception: Table 'wl.tag' doesn't exist in C:\xampp\htdocs\codi\system\Database\MySQLi\Connection.php:295
Stack trace:
#0 C:\xampp\htdocs\codi\system\Database\MySQLi\Connection.php(295): mysqli->query('SELECT *\nFROM `...', 0)
#1 C:\xampp\htdocs\codi\system\Database\BaseConnection.php(692): CodeIgniter\Database\MySQLi\Connection->execute('SELECT *\nFROM `...')
#2 C:\xampp\htdocs\codi\system\Database\BaseConnection.php(606): CodeIgniter\Database\BaseConnection->simpleQuery('SELECT *\nFROM `...')
#3 C:\xampp\htdocs\codi\system\Database\BaseBuilder.php(1616): CodeIgniter\Database\BaseConnection->query('SELECT *\nFROM `...', Array, false)
#4 C:\xampp\htdocs\codi\system\Model.php(203): CodeIgniter\Database\BaseBuilder->get()
#5 C:\xampp\htdocs\codi\system\BaseModel.php(557): CodeIgniter\Model->doFind(false, NULL)
#6 C:\xampp\htdocs\codi\app\Controllers\DesenhistaPost.php(1161): CodeIgniter\BaseModel->find()
#7 C:\xampp\htdocs\codi\system\CodeIgniter.php(934): App\Controllers\DesenhistaPost->desenho_tag_lista()
#8 C:\xampp\htdocs\codi\system\CodeIgniter.php(499): CodeIgniter\CodeIgniter->runController(Object(App\Controllers\DesenhistaPost))
#9 C:\xampp\htdocs\codi\system\CodeIgniter.php(368): CodeIgniter\CodeIgniter->handleRequest(NULL, Object(Config\Cache), false)
#10 C:\xampp\htdocs\codi\public\index.php(67): CodeIgniter\CodeIgniter->run()
#11 {main}
CRITICAL - 2023-10-26 20:37:32 --> Table 'wl.tag' doesn't exist
in SYSTEMPATH\Database\MySQLi\Connection.php on line 295.
 1 SYSTEMPATH\Database\MySQLi\Connection.php(295): mysqli->query('SELECT *
FROM `tag`', 0)
 2 SYSTEMPATH\Database\BaseConnection.php(692): CodeIgniter\Database\MySQLi\Connection->execute('SELECT *
FROM `tag`')
 3 SYSTEMPATH\Database\BaseConnection.php(606): CodeIgniter\Database\BaseConnection->simpleQuery('SELECT *
FROM `tag`')
 4 SYSTEMPATH\Database\BaseBuilder.php(1616): CodeIgniter\Database\BaseConnection->query('SELECT *
FROM `tag`', [], false)
 5 SYSTEMPATH\Model.php(203): CodeIgniter\Database\BaseBuilder->get()
 6 SYSTEMPATH\BaseModel.php(557): CodeIgniter\Model->doFind(false, null)
 7 APPPATH\Controllers\DesenhistaPost.php(1161): CodeIgniter\BaseModel->find()
 8 SYSTEMPATH\CodeIgniter.php(934): App\Controllers\DesenhistaPost->desenho_tag_lista()
 9 SYSTEMPATH\CodeIgniter.php(499): CodeIgniter\CodeIgniter->runController(Object(App\Controllers\DesenhistaPost))
10 SYSTEMPATH\CodeIgniter.php(368): CodeIgniter\CodeIgniter->handleRequest(null, Object(Config\Cache), false)
11 FCPATH\index.php(67): CodeIgniter\CodeIgniter->run()
ERROR - 2023-10-26 20:37:32 --> mysqli_sql_exception: Table 'wl.tag' doesn't exist in C:\xampp\htdocs\codi\system\Database\MySQLi\Connection.php:295
Stack trace:
#0 C:\xampp\htdocs\codi\system\Database\MySQLi\Connection.php(295): mysqli->query('SELECT *\nFROM `...', 0)
#1 C:\xampp\htdocs\codi\system\Database\BaseConnection.php(692): CodeIgniter\Database\MySQLi\Connection->execute('SELECT *\nFROM `...')
#2 C:\xampp\htdocs\codi\system\Database\BaseConnection.php(606): CodeIgniter\Database\BaseConnection->simpleQuery('SELECT *\nFROM `...')
#3 C:\xampp\htdocs\codi\system\Database\BaseBuilder.php(1616): CodeIgniter\Database\BaseConnection->query('SELECT *\nFROM `...', Array, false)
#4 C:\xampp\htdocs\codi\system\Model.php(203): CodeIgniter\Database\BaseBuilder->get()
#5 C:\xampp\htdocs\codi\system\BaseModel.php(557): CodeIgniter\Model->doFind(false, NULL)
#6 C:\xampp\htdocs\codi\app\Controllers\DesenhistaPost.php(1161): CodeIgniter\BaseModel->find()
#7 C:\xampp\htdocs\codi\system\CodeIgniter.php(934): App\Controllers\DesenhistaPost->desenho_tag_lista()
#8 C:\xampp\htdocs\codi\system\CodeIgniter.php(499): CodeIgniter\CodeIgniter->runController(Object(App\Controllers\DesenhistaPost))
#9 C:\xampp\htdocs\codi\system\CodeIgniter.php(368): CodeIgniter\CodeIgniter->handleRequest(NULL, Object(Config\Cache), false)
#10 C:\xampp\htdocs\codi\public\index.php(67): CodeIgniter\CodeIgniter->run()
#11 {main}
CRITICAL - 2023-10-26 20:37:32 --> Table 'wl.tag' doesn't exist
in SYSTEMPATH\Database\MySQLi\Connection.php on line 295.
 1 SYSTEMPATH\Database\MySQLi\Connection.php(295): mysqli->query('SELECT *
FROM `tag`', 0)
 2 SYSTEMPATH\Database\BaseConnection.php(692): CodeIgniter\Database\MySQLi\Connection->execute('SELECT *
FROM `tag`')
 3 SYSTEMPATH\Database\BaseConnection.php(606): CodeIgniter\Database\BaseConnection->simpleQuery('SELECT *
FROM `tag`')
 4 SYSTEMPATH\Database\BaseBuilder.php(1616): CodeIgniter\Database\BaseConnection->query('SELECT *
FROM `tag`', [], false)
 5 SYSTEMPATH\Model.php(203): CodeIgniter\Database\BaseBuilder->get()
 6 SYSTEMPATH\BaseModel.php(557): CodeIgniter\Model->doFind(false, null)
 7 APPPATH\Controllers\DesenhistaPost.php(1161): CodeIgniter\BaseModel->find()
 8 SYSTEMPATH\CodeIgniter.php(934): App\Controllers\DesenhistaPost->desenho_tag_lista()
 9 SYSTEMPATH\CodeIgniter.php(499): CodeIgniter\CodeIgniter->runController(Object(App\Controllers\DesenhistaPost))
10 SYSTEMPATH\CodeIgniter.php(368): CodeIgniter\CodeIgniter->handleRequest(null, Object(Config\Cache), false)
11 FCPATH\index.php(67): CodeIgniter\CodeIgniter->run()
ERROR - 2023-10-26 20:37:33 --> mysqli_sql_exception: Table 'wl.tag' doesn't exist in C:\xampp\htdocs\codi\system\Database\MySQLi\Connection.php:295
Stack trace:
#0 C:\xampp\htdocs\codi\system\Database\MySQLi\Connection.php(295): mysqli->query('SELECT *\nFROM `...', 0)
#1 C:\xampp\htdocs\codi\system\Database\BaseConnection.php(692): CodeIgniter\Database\MySQLi\Connection->execute('SELECT *\nFROM `...')
#2 C:\xampp\htdocs\codi\system\Database\BaseConnection.php(606): CodeIgniter\Database\BaseConnection->simpleQuery('SELECT *\nFROM `...')
#3 C:\xampp\htdocs\codi\system\Database\BaseBuilder.php(1616): CodeIgniter\Database\BaseConnection->query('SELECT *\nFROM `...', Array, false)
#4 C:\xampp\htdocs\codi\system\Model.php(203): CodeIgniter\Database\BaseBuilder->get()
#5 C:\xampp\htdocs\codi\system\BaseModel.php(557): CodeIgniter\Model->doFind(false, NULL)
#6 C:\xampp\htdocs\codi\app\Controllers\DesenhistaPost.php(1161): CodeIgniter\BaseModel->find()
#7 C:\xampp\htdocs\codi\system\CodeIgniter.php(934): App\Controllers\DesenhistaPost->desenho_tag_lista()
#8 C:\xampp\htdocs\codi\system\CodeIgniter.php(499): CodeIgniter\CodeIgniter->runController(Object(App\Controllers\DesenhistaPost))
#9 C:\xampp\htdocs\codi\system\CodeIgniter.php(368): CodeIgniter\CodeIgniter->handleRequest(NULL, Object(Config\Cache), false)
#10 C:\xampp\htdocs\codi\public\index.php(67): CodeIgniter\CodeIgniter->run()
#11 {main}
CRITICAL - 2023-10-26 20:37:33 --> Table 'wl.tag' doesn't exist
in SYSTEMPATH\Database\MySQLi\Connection.php on line 295.
 1 SYSTEMPATH\Database\MySQLi\Connection.php(295): mysqli->query('SELECT *
FROM `tag`', 0)
 2 SYSTEMPATH\Database\BaseConnection.php(692): CodeIgniter\Database\MySQLi\Connection->execute('SELECT *
FROM `tag`')
 3 SYSTEMPATH\Database\BaseConnection.php(606): CodeIgniter\Database\BaseConnection->simpleQuery('SELECT *
FROM `tag`')
 4 SYSTEMPATH\Database\BaseBuilder.php(1616): CodeIgniter\Database\BaseConnection->query('SELECT *
FROM `tag`', [], false)
 5 SYSTEMPATH\Model.php(203): CodeIgniter\Database\BaseBuilder->get()
 6 SYSTEMPATH\BaseModel.php(557): CodeIgniter\Model->doFind(false, null)
 7 APPPATH\Controllers\DesenhistaPost.php(1161): CodeIgniter\BaseModel->find()
 8 SYSTEMPATH\CodeIgniter.php(934): App\Controllers\DesenhistaPost->desenho_tag_lista()
 9 SYSTEMPATH\CodeIgniter.php(499): CodeIgniter\CodeIgniter->runController(Object(App\Controllers\DesenhistaPost))
10 SYSTEMPATH\CodeIgniter.php(368): CodeIgniter\CodeIgniter->handleRequest(null, Object(Config\Cache), false)
11 FCPATH\index.php(67): CodeIgniter\CodeIgniter->run()
ERROR - 2023-10-26 20:37:33 --> mysqli_sql_exception: Table 'wl.tag' doesn't exist in C:\xampp\htdocs\codi\system\Database\MySQLi\Connection.php:295
Stack trace:
#0 C:\xampp\htdocs\codi\system\Database\MySQLi\Connection.php(295): mysqli->query('SELECT *\nFROM `...', 0)
#1 C:\xampp\htdocs\codi\system\Database\BaseConnection.php(692): CodeIgniter\Database\MySQLi\Connection->execute('SELECT *\nFROM `...')
#2 C:\xampp\htdocs\codi\system\Database\BaseConnection.php(606): CodeIgniter\Database\BaseConnection->simpleQuery('SELECT *\nFROM `...')
#3 C:\xampp\htdocs\codi\system\Database\BaseBuilder.php(1616): CodeIgniter\Database\BaseConnection->query('SELECT *\nFROM `...', Array, false)
#4 C:\xampp\htdocs\codi\system\Model.php(203): CodeIgniter\Database\BaseBuilder->get()
#5 C:\xampp\htdocs\codi\system\BaseModel.php(557): CodeIgniter\Model->doFind(false, NULL)
#6 C:\xampp\htdocs\codi\app\Controllers\DesenhistaPost.php(1161): CodeIgniter\BaseModel->find()
#7 C:\xampp\htdocs\codi\system\CodeIgniter.php(934): App\Controllers\DesenhistaPost->desenho_tag_lista()
#8 C:\xampp\htdocs\codi\system\CodeIgniter.php(499): CodeIgniter\CodeIgniter->runController(Object(App\Controllers\DesenhistaPost))
#9 C:\xampp\htdocs\codi\system\CodeIgniter.php(368): CodeIgniter\CodeIgniter->handleRequest(NULL, Object(Config\Cache), false)
#10 C:\xampp\htdocs\codi\public\index.php(67): CodeIgniter\CodeIgniter->run()
#11 {main}
CRITICAL - 2023-10-26 20:37:33 --> Table 'wl.tag' doesn't exist
in SYSTEMPATH\Database\MySQLi\Connection.php on line 295.
 1 SYSTEMPATH\Database\MySQLi\Connection.php(295): mysqli->query('SELECT *
FROM `tag`', 0)
 2 SYSTEMPATH\Database\BaseConnection.php(692): CodeIgniter\Database\MySQLi\Connection->execute('SELECT *
FROM `tag`')
 3 SYSTEMPATH\Database\BaseConnection.php(606): CodeIgniter\Database\BaseConnection->simpleQuery('SELECT *
FROM `tag`')
 4 SYSTEMPATH\Database\BaseBuilder.php(1616): CodeIgniter\Database\BaseConnection->query('SELECT *
FROM `tag`', [], false)
 5 SYSTEMPATH\Model.php(203): CodeIgniter\Database\BaseBuilder->get()
 6 SYSTEMPATH\BaseModel.php(557): CodeIgniter\Model->doFind(false, null)
 7 APPPATH\Controllers\DesenhistaPost.php(1161): CodeIgniter\BaseModel->find()
 8 SYSTEMPATH\CodeIgniter.php(934): App\Controllers\DesenhistaPost->desenho_tag_lista()
 9 SYSTEMPATH\CodeIgniter.php(499): CodeIgniter\CodeIgniter->runController(Object(App\Controllers\DesenhistaPost))
10 SYSTEMPATH\CodeIgniter.php(368): CodeIgniter\CodeIgniter->handleRequest(null, Object(Config\Cache), false)
11 FCPATH\index.php(67): CodeIgniter\CodeIgniter->run()
ERROR - 2023-10-26 20:37:34 --> mysqli_sql_exception: Table 'wl.tag' doesn't exist in C:\xampp\htdocs\codi\system\Database\MySQLi\Connection.php:295
Stack trace:
#0 C:\xampp\htdocs\codi\system\Database\MySQLi\Connection.php(295): mysqli->query('SELECT *\nFROM `...', 0)
#1 C:\xampp\htdocs\codi\system\Database\BaseConnection.php(692): CodeIgniter\Database\MySQLi\Connection->execute('SELECT *\nFROM `...')
#2 C:\xampp\htdocs\codi\system\Database\BaseConnection.php(606): CodeIgniter\Database\BaseConnection->simpleQuery('SELECT *\nFROM `...')
#3 C:\xampp\htdocs\codi\system\Database\BaseBuilder.php(1616): CodeIgniter\Database\BaseConnection->query('SELECT *\nFROM `...', Array, false)
#4 C:\xampp\htdocs\codi\system\Model.php(203): CodeIgniter\Database\BaseBuilder->get()
#5 C:\xampp\htdocs\codi\system\BaseModel.php(557): CodeIgniter\Model->doFind(false, NULL)
#6 C:\xampp\htdocs\codi\app\Controllers\DesenhistaPost.php(1161): CodeIgniter\BaseModel->find()
#7 C:\xampp\htdocs\codi\system\CodeIgniter.php(934): App\Controllers\DesenhistaPost->desenho_tag_lista()
#8 C:\xampp\htdocs\codi\system\CodeIgniter.php(499): CodeIgniter\CodeIgniter->runController(Object(App\Controllers\DesenhistaPost))
#9 C:\xampp\htdocs\codi\system\CodeIgniter.php(368): CodeIgniter\CodeIgniter->handleRequest(NULL, Object(Config\Cache), false)
#10 C:\xampp\htdocs\codi\public\index.php(67): CodeIgniter\CodeIgniter->run()
#11 {main}
CRITICAL - 2023-10-26 20:37:34 --> Table 'wl.tag' doesn't exist
in SYSTEMPATH\Database\MySQLi\Connection.php on line 295.
 1 SYSTEMPATH\Database\MySQLi\Connection.php(295): mysqli->query('SELECT *
FROM `tag`', 0)
 2 SYSTEMPATH\Database\BaseConnection.php(692): CodeIgniter\Database\MySQLi\Connection->execute('SELECT *
FROM `tag`')
 3 SYSTEMPATH\Database\BaseConnection.php(606): CodeIgniter\Database\BaseConnection->simpleQuery('SELECT *
FROM `tag`')
 4 SYSTEMPATH\Database\BaseBuilder.php(1616): CodeIgniter\Database\BaseConnection->query('SELECT *
FROM `tag`', [], false)
 5 SYSTEMPATH\Model.php(203): CodeIgniter\Database\BaseBuilder->get()
 6 SYSTEMPATH\BaseModel.php(557): CodeIgniter\Model->doFind(false, null)
 7 APPPATH\Controllers\DesenhistaPost.php(1161): CodeIgniter\BaseModel->find()
 8 SYSTEMPATH\CodeIgniter.php(934): App\Controllers\DesenhistaPost->desenho_tag_lista()
 9 SYSTEMPATH\CodeIgniter.php(499): CodeIgniter\CodeIgniter->runController(Object(App\Controllers\DesenhistaPost))
10 SYSTEMPATH\CodeIgniter.php(368): CodeIgniter\CodeIgniter->handleRequest(null, Object(Config\Cache), false)
11 FCPATH\index.php(67): CodeIgniter\CodeIgniter->run()
ERROR - 2023-10-26 20:37:34 --> mysqli_sql_exception: Table 'wl.tag' doesn't exist in C:\xampp\htdocs\codi\system\Database\MySQLi\Connection.php:295
Stack trace:
#0 C:\xampp\htdocs\codi\system\Database\MySQLi\Connection.php(295): mysqli->query('SELECT *\nFROM `...', 0)
#1 C:\xampp\htdocs\codi\system\Database\BaseConnection.php(692): CodeIgniter\Database\MySQLi\Connection->execute('SELECT *\nFROM `...')
#2 C:\xampp\htdocs\codi\system\Database\BaseConnection.php(606): CodeIgniter\Database\BaseConnection->simpleQuery('SELECT *\nFROM `...')
#3 C:\xampp\htdocs\codi\system\Database\BaseBuilder.php(1616): CodeIgniter\Database\BaseConnection->query('SELECT *\nFROM `...', Array, false)
#4 C:\xampp\htdocs\codi\system\Model.php(203): CodeIgniter\Database\BaseBuilder->get()
#5 C:\xampp\htdocs\codi\system\BaseModel.php(557): CodeIgniter\Model->doFind(false, NULL)
#6 C:\xampp\htdocs\codi\app\Controllers\DesenhistaPost.php(1161): CodeIgniter\BaseModel->find()
#7 C:\xampp\htdocs\codi\system\CodeIgniter.php(934): App\Controllers\DesenhistaPost->desenho_tag_lista()
#8 C:\xampp\htdocs\codi\system\CodeIgniter.php(499): CodeIgniter\CodeIgniter->runController(Object(App\Controllers\DesenhistaPost))
#9 C:\xampp\htdocs\codi\system\CodeIgniter.php(368): CodeIgniter\CodeIgniter->handleRequest(NULL, Object(Config\Cache), false)
#10 C:\xampp\htdocs\codi\public\index.php(67): CodeIgniter\CodeIgniter->run()
#11 {main}
CRITICAL - 2023-10-26 20:37:34 --> Table 'wl.tag' doesn't exist
in SYSTEMPATH\Database\MySQLi\Connection.php on line 295.
 1 SYSTEMPATH\Database\MySQLi\Connection.php(295): mysqli->query('SELECT *
FROM `tag`', 0)
 2 SYSTEMPATH\Database\BaseConnection.php(692): CodeIgniter\Database\MySQLi\Connection->execute('SELECT *
FROM `tag`')
 3 SYSTEMPATH\Database\BaseConnection.php(606): CodeIgniter\Database\BaseConnection->simpleQuery('SELECT *
FROM `tag`')
 4 SYSTEMPATH\Database\BaseBuilder.php(1616): CodeIgniter\Database\BaseConnection->query('SELECT *
FROM `tag`', [], false)
 5 SYSTEMPATH\Model.php(203): CodeIgniter\Database\BaseBuilder->get()
 6 SYSTEMPATH\BaseModel.php(557): CodeIgniter\Model->doFind(false, null)
 7 APPPATH\Controllers\DesenhistaPost.php(1161): CodeIgniter\BaseModel->find()
 8 SYSTEMPATH\CodeIgniter.php(934): App\Controllers\DesenhistaPost->desenho_tag_lista()
 9 SYSTEMPATH\CodeIgniter.php(499): CodeIgniter\CodeIgniter->runController(Object(App\Controllers\DesenhistaPost))
10 SYSTEMPATH\CodeIgniter.php(368): CodeIgniter\CodeIgniter->handleRequest(null, Object(Config\Cache), false)
11 FCPATH\index.php(67): CodeIgniter\CodeIgniter->run()
ERROR - 2023-10-26 20:37:35 --> mysqli_sql_exception: Table 'wl.tag' doesn't exist in C:\xampp\htdocs\codi\system\Database\MySQLi\Connection.php:295
Stack trace:
#0 C:\xampp\htdocs\codi\system\Database\MySQLi\Connection.php(295): mysqli->query('SELECT *\nFROM `...', 0)
#1 C:\xampp\htdocs\codi\system\Database\BaseConnection.php(692): CodeIgniter\Database\MySQLi\Connection->execute('SELECT *\nFROM `...')
#2 C:\xampp\htdocs\codi\system\Database\BaseConnection.php(606): CodeIgniter\Database\BaseConnection->simpleQuery('SELECT *\nFROM `...')
#3 C:\xampp\htdocs\codi\system\Database\BaseBuilder.php(1616): CodeIgniter\Database\BaseConnection->query('SELECT *\nFROM `...', Array, false)
#4 C:\xampp\htdocs\codi\system\Model.php(203): CodeIgniter\Database\BaseBuilder->get()
#5 C:\xampp\htdocs\codi\system\BaseModel.php(557): CodeIgniter\Model->doFind(false, NULL)
#6 C:\xampp\htdocs\codi\app\Controllers\DesenhistaPost.php(1161): CodeIgniter\BaseModel->find()
#7 C:\xampp\htdocs\codi\system\CodeIgniter.php(934): App\Controllers\DesenhistaPost->desenho_tag_lista()
#8 C:\xampp\htdocs\codi\system\CodeIgniter.php(499): CodeIgniter\CodeIgniter->runController(Object(App\Controllers\DesenhistaPost))
#9 C:\xampp\htdocs\codi\system\CodeIgniter.php(368): CodeIgniter\CodeIgniter->handleRequest(NULL, Object(Config\Cache), false)
#10 C:\xampp\htdocs\codi\public\index.php(67): CodeIgniter\CodeIgniter->run()
#11 {main}
CRITICAL - 2023-10-26 20:37:35 --> Table 'wl.tag' doesn't exist
in SYSTEMPATH\Database\MySQLi\Connection.php on line 295.
 1 SYSTEMPATH\Database\MySQLi\Connection.php(295): mysqli->query('SELECT *
FROM `tag`', 0)
 2 SYSTEMPATH\Database\BaseConnection.php(692): CodeIgniter\Database\MySQLi\Connection->execute('SELECT *
FROM `tag`')
 3 SYSTEMPATH\Database\BaseConnection.php(606): CodeIgniter\Database\BaseConnection->simpleQuery('SELECT *
FROM `tag`')
 4 SYSTEMPATH\Database\BaseBuilder.php(1616): CodeIgniter\Database\BaseConnection->query('SELECT *
FROM `tag`', [], false)
 5 SYSTEMPATH\Model.php(203): CodeIgniter\Database\BaseBuilder->get()
 6 SYSTEMPATH\BaseModel.php(557): CodeIgniter\Model->doFind(false, null)
 7 APPPATH\Controllers\DesenhistaPost.php(1161): CodeIgniter\BaseModel->find()
 8 SYSTEMPATH\CodeIgniter.php(934): App\Controllers\DesenhistaPost->desenho_tag_lista()
 9 SYSTEMPATH\CodeIgniter.php(499): CodeIgniter\CodeIgniter->runController(Object(App\Controllers\DesenhistaPost))
10 SYSTEMPATH\CodeIgniter.php(368): CodeIgniter\CodeIgniter->handleRequest(null, Object(Config\Cache), false)
11 FCPATH\index.php(67): CodeIgniter\CodeIgniter->run()
ERROR - 2023-10-26 20:37:35 --> mysqli_sql_exception: Table 'wl.tag' doesn't exist in C:\xampp\htdocs\codi\system\Database\MySQLi\Connection.php:295
Stack trace:
#0 C:\xampp\htdocs\codi\system\Database\MySQLi\Connection.php(295): mysqli->query('SELECT *\nFROM `...', 0)
#1 C:\xampp\htdocs\codi\system\Database\BaseConnection.php(692): CodeIgniter\Database\MySQLi\Connection->execute('SELECT *\nFROM `...')
#2 C:\xampp\htdocs\codi\system\Database\BaseConnection.php(606): CodeIgniter\Database\BaseConnection->simpleQuery('SELECT *\nFROM `...')
#3 C:\xampp\htdocs\codi\system\Database\BaseBuilder.php(1616): CodeIgniter\Database\BaseConnection->query('SELECT *\nFROM `...', Array, false)
#4 C:\xampp\htdocs\codi\system\Model.php(203): CodeIgniter\Database\BaseBuilder->get()
#5 C:\xampp\htdocs\codi\system\BaseModel.php(557): CodeIgniter\Model->doFind(false, NULL)
#6 C:\xampp\htdocs\codi\app\Controllers\DesenhistaPost.php(1161): CodeIgniter\BaseModel->find()
#7 C:\xampp\htdocs\codi\system\CodeIgniter.php(934): App\Controllers\DesenhistaPost->desenho_tag_lista()
#8 C:\xampp\htdocs\codi\system\CodeIgniter.php(499): CodeIgniter\CodeIgniter->runController(Object(App\Controllers\DesenhistaPost))
#9 C:\xampp\htdocs\codi\system\CodeIgniter.php(368): CodeIgniter\CodeIgniter->handleRequest(NULL, Object(Config\Cache), false)
#10 C:\xampp\htdocs\codi\public\index.php(67): CodeIgniter\CodeIgniter->run()
#11 {main}
CRITICAL - 2023-10-26 20:37:35 --> Table 'wl.tag' doesn't exist
in SYSTEMPATH\Database\MySQLi\Connection.php on line 295.
 1 SYSTEMPATH\Database\MySQLi\Connection.php(295): mysqli->query('SELECT *
FROM `tag`', 0)
 2 SYSTEMPATH\Database\BaseConnection.php(692): CodeIgniter\Database\MySQLi\Connection->execute('SELECT *
FROM `tag`')
 3 SYSTEMPATH\Database\BaseConnection.php(606): CodeIgniter\Database\BaseConnection->simpleQuery('SELECT *
FROM `tag`')
 4 SYSTEMPATH\Database\BaseBuilder.php(1616): CodeIgniter\Database\BaseConnection->query('SELECT *
FROM `tag`', [], false)
 5 SYSTEMPATH\Model.php(203): CodeIgniter\Database\BaseBuilder->get()
 6 SYSTEMPATH\BaseModel.php(557): CodeIgniter\Model->doFind(false, null)
 7 APPPATH\Controllers\DesenhistaPost.php(1161): CodeIgniter\BaseModel->find()
 8 SYSTEMPATH\CodeIgniter.php(934): App\Controllers\DesenhistaPost->desenho_tag_lista()
 9 SYSTEMPATH\CodeIgniter.php(499): CodeIgniter\CodeIgniter->runController(Object(App\Controllers\DesenhistaPost))
10 SYSTEMPATH\CodeIgniter.php(368): CodeIgniter\CodeIgniter->handleRequest(null, Object(Config\Cache), false)
11 FCPATH\index.php(67): CodeIgniter\CodeIgniter->run()
ERROR - 2023-10-26 20:37:36 --> mysqli_sql_exception: Table 'wl.tag' doesn't exist in C:\xampp\htdocs\codi\system\Database\MySQLi\Connection.php:295
Stack trace:
#0 C:\xampp\htdocs\codi\system\Database\MySQLi\Connection.php(295): mysqli->query('SELECT *\nFROM `...', 0)
#1 C:\xampp\htdocs\codi\system\Database\BaseConnection.php(692): CodeIgniter\Database\MySQLi\Connection->execute('SELECT *\nFROM `...')
#2 C:\xampp\htdocs\codi\system\Database\BaseConnection.php(606): CodeIgniter\Database\BaseConnection->simpleQuery('SELECT *\nFROM `...')
#3 C:\xampp\htdocs\codi\system\Database\BaseBuilder.php(1616): CodeIgniter\Database\BaseConnection->query('SELECT *\nFROM `...', Array, false)
#4 C:\xampp\htdocs\codi\system\Model.php(203): CodeIgniter\Database\BaseBuilder->get()
#5 C:\xampp\htdocs\codi\system\BaseModel.php(557): CodeIgniter\Model->doFind(false, NULL)
#6 C:\xampp\htdocs\codi\app\Controllers\DesenhistaPost.php(1161): CodeIgniter\BaseModel->find()
#7 C:\xampp\htdocs\codi\system\CodeIgniter.php(934): App\Controllers\DesenhistaPost->desenho_tag_lista()
#8 C:\xampp\htdocs\codi\system\CodeIgniter.php(499): CodeIgniter\CodeIgniter->runController(Object(App\Controllers\DesenhistaPost))
#9 C:\xampp\htdocs\codi\system\CodeIgniter.php(368): CodeIgniter\CodeIgniter->handleRequest(NULL, Object(Config\Cache), false)
#10 C:\xampp\htdocs\codi\public\index.php(67): CodeIgniter\CodeIgniter->run()
#11 {main}
CRITICAL - 2023-10-26 20:37:36 --> Table 'wl.tag' doesn't exist
in SYSTEMPATH\Database\MySQLi\Connection.php on line 295.
 1 SYSTEMPATH\Database\MySQLi\Connection.php(295): mysqli->query('SELECT *
FROM `tag`', 0)
 2 SYSTEMPATH\Database\BaseConnection.php(692): CodeIgniter\Database\MySQLi\Connection->execute('SELECT *
FROM `tag`')
 3 SYSTEMPATH\Database\BaseConnection.php(606): CodeIgniter\Database\BaseConnection->simpleQuery('SELECT *
FROM `tag`')
 4 SYSTEMPATH\Database\BaseBuilder.php(1616): CodeIgniter\Database\BaseConnection->query('SELECT *
FROM `tag`', [], false)
 5 SYSTEMPATH\Model.php(203): CodeIgniter\Database\BaseBuilder->get()
 6 SYSTEMPATH\BaseModel.php(557): CodeIgniter\Model->doFind(false, null)
 7 APPPATH\Controllers\DesenhistaPost.php(1161): CodeIgniter\BaseModel->find()
 8 SYSTEMPATH\CodeIgniter.php(934): App\Controllers\DesenhistaPost->desenho_tag_lista()
 9 SYSTEMPATH\CodeIgniter.php(499): CodeIgniter\CodeIgniter->runController(Object(App\Controllers\DesenhistaPost))
10 SYSTEMPATH\CodeIgniter.php(368): CodeIgniter\CodeIgniter->handleRequest(null, Object(Config\Cache), false)
11 FCPATH\index.php(67): CodeIgniter\CodeIgniter->run()
ERROR - 2023-10-26 20:37:36 --> mysqli_sql_exception: Table 'wl.tag' doesn't exist in C:\xampp\htdocs\codi\system\Database\MySQLi\Connection.php:295
Stack trace:
#0 C:\xampp\htdocs\codi\system\Database\MySQLi\Connection.php(295): mysqli->query('SELECT *\nFROM `...', 0)
#1 C:\xampp\htdocs\codi\system\Database\BaseConnection.php(692): CodeIgniter\Database\MySQLi\Connection->execute('SELECT *\nFROM `...')
#2 C:\xampp\htdocs\codi\system\Database\BaseConnection.php(606): CodeIgniter\Database\BaseConnection->simpleQuery('SELECT *\nFROM `...')
#3 C:\xampp\htdocs\codi\system\Database\BaseBuilder.php(1616): CodeIgniter\Database\BaseConnection->query('SELECT *\nFROM `...', Array, false)
#4 C:\xampp\htdocs\codi\system\Model.php(203): CodeIgniter\Database\BaseBuilder->get()
#5 C:\xampp\htdocs\codi\system\BaseModel.php(557): CodeIgniter\Model->doFind(false, NULL)
#6 C:\xampp\htdocs\codi\app\Controllers\DesenhistaPost.php(1161): CodeIgniter\BaseModel->find()
#7 C:\xampp\htdocs\codi\system\CodeIgniter.php(934): App\Controllers\DesenhistaPost->desenho_tag_lista()
#8 C:\xampp\htdocs\codi\system\CodeIgniter.php(499): CodeIgniter\CodeIgniter->runController(Object(App\Controllers\DesenhistaPost))
#9 C:\xampp\htdocs\codi\system\CodeIgniter.php(368): CodeIgniter\CodeIgniter->handleRequest(NULL, Object(Config\Cache), false)
#10 C:\xampp\htdocs\codi\public\index.php(67): CodeIgniter\CodeIgniter->run()
#11 {main}
CRITICAL - 2023-10-26 20:37:36 --> Table 'wl.tag' doesn't exist
in SYSTEMPATH\Database\MySQLi\Connection.php on line 295.
 1 SYSTEMPATH\Database\MySQLi\Connection.php(295): mysqli->query('SELECT *
FROM `tag`', 0)
 2 SYSTEMPATH\Database\BaseConnection.php(692): CodeIgniter\Database\MySQLi\Connection->execute('SELECT *
FROM `tag`')
 3 SYSTEMPATH\Database\BaseConnection.php(606): CodeIgniter\Database\BaseConnection->simpleQuery('SELECT *
FROM `tag`')
 4 SYSTEMPATH\Database\BaseBuilder.php(1616): CodeIgniter\Database\BaseConnection->query('SELECT *
FROM `tag`', [], false)
 5 SYSTEMPATH\Model.php(203): CodeIgniter\Database\BaseBuilder->get()
 6 SYSTEMPATH\BaseModel.php(557): CodeIgniter\Model->doFind(false, null)
 7 APPPATH\Controllers\DesenhistaPost.php(1161): CodeIgniter\BaseModel->find()
 8 SYSTEMPATH\CodeIgniter.php(934): App\Controllers\DesenhistaPost->desenho_tag_lista()
 9 SYSTEMPATH\CodeIgniter.php(499): CodeIgniter\CodeIgniter->runController(Object(App\Controllers\DesenhistaPost))
10 SYSTEMPATH\CodeIgniter.php(368): CodeIgniter\CodeIgniter->handleRequest(null, Object(Config\Cache), false)
11 FCPATH\index.php(67): CodeIgniter\CodeIgniter->run()
ERROR - 2023-10-26 20:37:37 --> mysqli_sql_exception: Table 'wl.tag' doesn't exist in C:\xampp\htdocs\codi\system\Database\MySQLi\Connection.php:295
Stack trace:
#0 C:\xampp\htdocs\codi\system\Database\MySQLi\Connection.php(295): mysqli->query('SELECT *\nFROM `...', 0)
#1 C:\xampp\htdocs\codi\system\Database\BaseConnection.php(692): CodeIgniter\Database\MySQLi\Connection->execute('SELECT *\nFROM `...')
#2 C:\xampp\htdocs\codi\system\Database\BaseConnection.php(606): CodeIgniter\Database\BaseConnection->simpleQuery('SELECT *\nFROM `...')
#3 C:\xampp\htdocs\codi\system\Database\BaseBuilder.php(1616): CodeIgniter\Database\BaseConnection->query('SELECT *\nFROM `...', Array, false)
#4 C:\xampp\htdocs\codi\system\Model.php(203): CodeIgniter\Database\BaseBuilder->get()
#5 C:\xampp\htdocs\codi\system\BaseModel.php(557): CodeIgniter\Model->doFind(false, NULL)
#6 C:\xampp\htdocs\codi\app\Controllers\DesenhistaPost.php(1161): CodeIgniter\BaseModel->find()
#7 C:\xampp\htdocs\codi\system\CodeIgniter.php(934): App\Controllers\DesenhistaPost->desenho_tag_lista()
#8 C:\xampp\htdocs\codi\system\CodeIgniter.php(499): CodeIgniter\CodeIgniter->runController(Object(App\Controllers\DesenhistaPost))
#9 C:\xampp\htdocs\codi\system\CodeIgniter.php(368): CodeIgniter\CodeIgniter->handleRequest(NULL, Object(Config\Cache), false)
#10 C:\xampp\htdocs\codi\public\index.php(67): CodeIgniter\CodeIgniter->run()
#11 {main}
CRITICAL - 2023-10-26 20:37:37 --> Table 'wl.tag' doesn't exist
in SYSTEMPATH\Database\MySQLi\Connection.php on line 295.
 1 SYSTEMPATH\Database\MySQLi\Connection.php(295): mysqli->query('SELECT *
FROM `tag`', 0)
 2 SYSTEMPATH\Database\BaseConnection.php(692): CodeIgniter\Database\MySQLi\Connection->execute('SELECT *
FROM `tag`')
 3 SYSTEMPATH\Database\BaseConnection.php(606): CodeIgniter\Database\BaseConnection->simpleQuery('SELECT *
FROM `tag`')
 4 SYSTEMPATH\Database\BaseBuilder.php(1616): CodeIgniter\Database\BaseConnection->query('SELECT *
FROM `tag`', [], false)
 5 SYSTEMPATH\Model.php(203): CodeIgniter\Database\BaseBuilder->get()
 6 SYSTEMPATH\BaseModel.php(557): CodeIgniter\Model->doFind(false, null)
 7 APPPATH\Controllers\DesenhistaPost.php(1161): CodeIgniter\BaseModel->find()
 8 SYSTEMPATH\CodeIgniter.php(934): App\Controllers\DesenhistaPost->desenho_tag_lista()
 9 SYSTEMPATH\CodeIgniter.php(499): CodeIgniter\CodeIgniter->runController(Object(App\Controllers\DesenhistaPost))
10 SYSTEMPATH\CodeIgniter.php(368): CodeIgniter\CodeIgniter->handleRequest(null, Object(Config\Cache), false)
11 FCPATH\index.php(67): CodeIgniter\CodeIgniter->run()
ERROR - 2023-10-26 20:37:37 --> mysqli_sql_exception: Table 'wl.tag' doesn't exist in C:\xampp\htdocs\codi\system\Database\MySQLi\Connection.php:295
Stack trace:
#0 C:\xampp\htdocs\codi\system\Database\MySQLi\Connection.php(295): mysqli->query('SELECT *\nFROM `...', 0)
#1 C:\xampp\htdocs\codi\system\Database\BaseConnection.php(692): CodeIgniter\Database\MySQLi\Connection->execute('SELECT *\nFROM `...')
#2 C:\xampp\htdocs\codi\system\Database\BaseConnection.php(606): CodeIgniter\Database\BaseConnection->simpleQuery('SELECT *\nFROM `...')
#3 C:\xampp\htdocs\codi\system\Database\BaseBuilder.php(1616): CodeIgniter\Database\BaseConnection->query('SELECT *\nFROM `...', Array, false)
#4 C:\xampp\htdocs\codi\system\Model.php(203): CodeIgniter\Database\BaseBuilder->get()
#5 C:\xampp\htdocs\codi\system\BaseModel.php(557): CodeIgniter\Model->doFind(false, NULL)
#6 C:\xampp\htdocs\codi\app\Controllers\DesenhistaPost.php(1161): CodeIgniter\BaseModel->find()
#7 C:\xampp\htdocs\codi\system\CodeIgniter.php(934): App\Controllers\DesenhistaPost->desenho_tag_lista()
#8 C:\xampp\htdocs\codi\system\CodeIgniter.php(499): CodeIgniter\CodeIgniter->runController(Object(App\Controllers\DesenhistaPost))
#9 C:\xampp\htdocs\codi\system\CodeIgniter.php(368): CodeIgniter\CodeIgniter->handleRequest(NULL, Object(Config\Cache), false)
#10 C:\xampp\htdocs\codi\public\index.php(67): CodeIgniter\CodeIgniter->run()
#11 {main}
CRITICAL - 2023-10-26 20:37:37 --> Table 'wl.tag' doesn't exist
in SYSTEMPATH\Database\MySQLi\Connection.php on line 295.
 1 SYSTEMPATH\Database\MySQLi\Connection.php(295): mysqli->query('SELECT *
FROM `tag`', 0)
 2 SYSTEMPATH\Database\BaseConnection.php(692): CodeIgniter\Database\MySQLi\Connection->execute('SELECT *
FROM `tag`')
 3 SYSTEMPATH\Database\BaseConnection.php(606): CodeIgniter\Database\BaseConnection->simpleQuery('SELECT *
FROM `tag`')
 4 SYSTEMPATH\Database\BaseBuilder.php(1616): CodeIgniter\Database\BaseConnection->query('SELECT *
FROM `tag`', [], false)
 5 SYSTEMPATH\Model.php(203): CodeIgniter\Database\BaseBuilder->get()
 6 SYSTEMPATH\BaseModel.php(557): CodeIgniter\Model->doFind(false, null)
 7 APPPATH\Controllers\DesenhistaPost.php(1161): CodeIgniter\BaseModel->find()
 8 SYSTEMPATH\CodeIgniter.php(934): App\Controllers\DesenhistaPost->desenho_tag_lista()
 9 SYSTEMPATH\CodeIgniter.php(499): CodeIgniter\CodeIgniter->runController(Object(App\Controllers\DesenhistaPost))
10 SYSTEMPATH\CodeIgniter.php(368): CodeIgniter\CodeIgniter->handleRequest(null, Object(Config\Cache), false)
11 FCPATH\index.php(67): CodeIgniter\CodeIgniter->run()
ERROR - 2023-10-26 20:37:38 --> mysqli_sql_exception: Table 'wl.tag' doesn't exist in C:\xampp\htdocs\codi\system\Database\MySQLi\Connection.php:295
Stack trace:
#0 C:\xampp\htdocs\codi\system\Database\MySQLi\Connection.php(295): mysqli->query('SELECT *\nFROM `...', 0)
#1 C:\xampp\htdocs\codi\system\Database\BaseConnection.php(692): CodeIgniter\Database\MySQLi\Connection->execute('SELECT *\nFROM `...')
#2 C:\xampp\htdocs\codi\system\Database\BaseConnection.php(606): CodeIgniter\Database\BaseConnection->simpleQuery('SELECT *\nFROM `...')
#3 C:\xampp\htdocs\codi\system\Database\BaseBuilder.php(1616): CodeIgniter\Database\BaseConnection->query('SELECT *\nFROM `...', Array, false)
#4 C:\xampp\htdocs\codi\system\Model.php(203): CodeIgniter\Database\BaseBuilder->get()
#5 C:\xampp\htdocs\codi\system\BaseModel.php(557): CodeIgniter\Model->doFind(false, NULL)
#6 C:\xampp\htdocs\codi\app\Controllers\DesenhistaPost.php(1161): CodeIgniter\BaseModel->find()
#7 C:\xampp\htdocs\codi\system\CodeIgniter.php(934): App\Controllers\DesenhistaPost->desenho_tag_lista()
#8 C:\xampp\htdocs\codi\system\CodeIgniter.php(499): CodeIgniter\CodeIgniter->runController(Object(App\Controllers\DesenhistaPost))
#9 C:\xampp\htdocs\codi\system\CodeIgniter.php(368): CodeIgniter\CodeIgniter->handleRequest(NULL, Object(Config\Cache), false)
#10 C:\xampp\htdocs\codi\public\index.php(67): CodeIgniter\CodeIgniter->run()
#11 {main}
CRITICAL - 2023-10-26 20:37:38 --> Table 'wl.tag' doesn't exist
in SYSTEMPATH\Database\MySQLi\Connection.php on line 295.
 1 SYSTEMPATH\Database\MySQLi\Connection.php(295): mysqli->query('SELECT *
FROM `tag`', 0)
 2 SYSTEMPATH\Database\BaseConnection.php(692): CodeIgniter\Database\MySQLi\Connection->execute('SELECT *
FROM `tag`')
 3 SYSTEMPATH\Database\BaseConnection.php(606): CodeIgniter\Database\BaseConnection->simpleQuery('SELECT *
FROM `tag`')
 4 SYSTEMPATH\Database\BaseBuilder.php(1616): CodeIgniter\Database\BaseConnection->query('SELECT *
FROM `tag`', [], false)
 5 SYSTEMPATH\Model.php(203): CodeIgniter\Database\BaseBuilder->get()
 6 SYSTEMPATH\BaseModel.php(557): CodeIgniter\Model->doFind(false, null)
 7 APPPATH\Controllers\DesenhistaPost.php(1161): CodeIgniter\BaseModel->find()
 8 SYSTEMPATH\CodeIgniter.php(934): App\Controllers\DesenhistaPost->desenho_tag_lista()
 9 SYSTEMPATH\CodeIgniter.php(499): CodeIgniter\CodeIgniter->runController(Object(App\Controllers\DesenhistaPost))
10 SYSTEMPATH\CodeIgniter.php(368): CodeIgniter\CodeIgniter->handleRequest(null, Object(Config\Cache), false)
11 FCPATH\index.php(67): CodeIgniter\CodeIgniter->run()
ERROR - 2023-10-26 20:37:38 --> mysqli_sql_exception: Table 'wl.tag' doesn't exist in C:\xampp\htdocs\codi\system\Database\MySQLi\Connection.php:295
Stack trace:
#0 C:\xampp\htdocs\codi\system\Database\MySQLi\Connection.php(295): mysqli->query('SELECT *\nFROM `...', 0)
#1 C:\xampp\htdocs\codi\system\Database\BaseConnection.php(692): CodeIgniter\Database\MySQLi\Connection->execute('SELECT *\nFROM `...')
#2 C:\xampp\htdocs\codi\system\Database\BaseConnection.php(606): CodeIgniter\Database\BaseConnection->simpleQuery('SELECT *\nFROM `...')
#3 C:\xampp\htdocs\codi\system\Database\BaseBuilder.php(1616): CodeIgniter\Database\BaseConnection->query('SELECT *\nFROM `...', Array, false)
#4 C:\xampp\htdocs\codi\system\Model.php(203): CodeIgniter\Database\BaseBuilder->get()
#5 C:\xampp\htdocs\codi\system\BaseModel.php(557): CodeIgniter\Model->doFind(false, NULL)
#6 C:\xampp\htdocs\codi\app\Controllers\DesenhistaPost.php(1161): CodeIgniter\BaseModel->find()
#7 C:\xampp\htdocs\codi\system\CodeIgniter.php(934): App\Controllers\DesenhistaPost->desenho_tag_lista()
#8 C:\xampp\htdocs\codi\system\CodeIgniter.php(499): CodeIgniter\CodeIgniter->runController(Object(App\Controllers\DesenhistaPost))
#9 C:\xampp\htdocs\codi\system\CodeIgniter.php(368): CodeIgniter\CodeIgniter->handleRequest(NULL, Object(Config\Cache), false)
#10 C:\xampp\htdocs\codi\public\index.php(67): CodeIgniter\CodeIgniter->run()
#11 {main}
CRITICAL - 2023-10-26 20:37:38 --> Table 'wl.tag' doesn't exist
in SYSTEMPATH\Database\MySQLi\Connection.php on line 295.
 1 SYSTEMPATH\Database\MySQLi\Connection.php(295): mysqli->query('SELECT *
FROM `tag`', 0)
 2 SYSTEMPATH\Database\BaseConnection.php(692): CodeIgniter\Database\MySQLi\Connection->execute('SELECT *
FROM `tag`')
 3 SYSTEMPATH\Database\BaseConnection.php(606): CodeIgniter\Database\BaseConnection->simpleQuery('SELECT *
FROM `tag`')
 4 SYSTEMPATH\Database\BaseBuilder.php(1616): CodeIgniter\Database\BaseConnection->query('SELECT *
FROM `tag`', [], false)
 5 SYSTEMPATH\Model.php(203): CodeIgniter\Database\BaseBuilder->get()
 6 SYSTEMPATH\BaseModel.php(557): CodeIgniter\Model->doFind(false, null)
 7 APPPATH\Controllers\DesenhistaPost.php(1161): CodeIgniter\BaseModel->find()
 8 SYSTEMPATH\CodeIgniter.php(934): App\Controllers\DesenhistaPost->desenho_tag_lista()
 9 SYSTEMPATH\CodeIgniter.php(499): CodeIgniter\CodeIgniter->runController(Object(App\Controllers\DesenhistaPost))
10 SYSTEMPATH\CodeIgniter.php(368): CodeIgniter\CodeIgniter->handleRequest(null, Object(Config\Cache), false)
11 FCPATH\index.php(67): CodeIgniter\CodeIgniter->run()
ERROR - 2023-10-26 20:37:39 --> mysqli_sql_exception: Table 'wl.tag' doesn't exist in C:\xampp\htdocs\codi\system\Database\MySQLi\Connection.php:295
Stack trace:
#0 C:\xampp\htdocs\codi\system\Database\MySQLi\Connection.php(295): mysqli->query('SELECT *\nFROM `...', 0)
#1 C:\xampp\htdocs\codi\system\Database\BaseConnection.php(692): CodeIgniter\Database\MySQLi\Connection->execute('SELECT *\nFROM `...')
#2 C:\xampp\htdocs\codi\system\Database\BaseConnection.php(606): CodeIgniter\Database\BaseConnection->simpleQuery('SELECT *\nFROM `...')
#3 C:\xampp\htdocs\codi\system\Database\BaseBuilder.php(1616): CodeIgniter\Database\BaseConnection->query('SELECT *\nFROM `...', Array, false)
#4 C:\xampp\htdocs\codi\system\Model.php(203): CodeIgniter\Database\BaseBuilder->get()
#5 C:\xampp\htdocs\codi\system\BaseModel.php(557): CodeIgniter\Model->doFind(false, NULL)
#6 C:\xampp\htdocs\codi\app\Controllers\DesenhistaPost.php(1161): CodeIgniter\BaseModel->find()
#7 C:\xampp\htdocs\codi\system\CodeIgniter.php(934): App\Controllers\DesenhistaPost->desenho_tag_lista()
#8 C:\xampp\htdocs\codi\system\CodeIgniter.php(499): CodeIgniter\CodeIgniter->runController(Object(App\Controllers\DesenhistaPost))
#9 C:\xampp\htdocs\codi\system\CodeIgniter.php(368): CodeIgniter\CodeIgniter->handleRequest(NULL, Object(Config\Cache), false)
#10 C:\xampp\htdocs\codi\public\index.php(67): CodeIgniter\CodeIgniter->run()
#11 {main}
CRITICAL - 2023-10-26 20:37:39 --> Table 'wl.tag' doesn't exist
in SYSTEMPATH\Database\MySQLi\Connection.php on line 295.
 1 SYSTEMPATH\Database\MySQLi\Connection.php(295): mysqli->query('SELECT *
FROM `tag`', 0)
 2 SYSTEMPATH\Database\BaseConnection.php(692): CodeIgniter\Database\MySQLi\Connection->execute('SELECT *
FROM `tag`')
 3 SYSTEMPATH\Database\BaseConnection.php(606): CodeIgniter\Database\BaseConnection->simpleQuery('SELECT *
FROM `tag`')
 4 SYSTEMPATH\Database\BaseBuilder.php(1616): CodeIgniter\Database\BaseConnection->query('SELECT *
FROM `tag`', [], false)
 5 SYSTEMPATH\Model.php(203): CodeIgniter\Database\BaseBuilder->get()
 6 SYSTEMPATH\BaseModel.php(557): CodeIgniter\Model->doFind(false, null)
 7 APPPATH\Controllers\DesenhistaPost.php(1161): CodeIgniter\BaseModel->find()
 8 SYSTEMPATH\CodeIgniter.php(934): App\Controllers\DesenhistaPost->desenho_tag_lista()
 9 SYSTEMPATH\CodeIgniter.php(499): CodeIgniter\CodeIgniter->runController(Object(App\Controllers\DesenhistaPost))
10 SYSTEMPATH\CodeIgniter.php(368): CodeIgniter\CodeIgniter->handleRequest(null, Object(Config\Cache), false)
11 FCPATH\index.php(67): CodeIgniter\CodeIgniter->run()
ERROR - 2023-10-26 20:37:39 --> mysqli_sql_exception: Table 'wl.tag' doesn't exist in C:\xampp\htdocs\codi\system\Database\MySQLi\Connection.php:295
Stack trace:
#0 C:\xampp\htdocs\codi\system\Database\MySQLi\Connection.php(295): mysqli->query('SELECT *\nFROM `...', 0)
#1 C:\xampp\htdocs\codi\system\Database\BaseConnection.php(692): CodeIgniter\Database\MySQLi\Connection->execute('SELECT *\nFROM `...')
#2 C:\xampp\htdocs\codi\system\Database\BaseConnection.php(606): CodeIgniter\Database\BaseConnection->simpleQuery('SELECT *\nFROM `...')
#3 C:\xampp\htdocs\codi\system\Database\BaseBuilder.php(1616): CodeIgniter\Database\BaseConnection->query('SELECT *\nFROM `...', Array, false)
#4 C:\xampp\htdocs\codi\system\Model.php(203): CodeIgniter\Database\BaseBuilder->get()
#5 C:\xampp\htdocs\codi\system\BaseModel.php(557): CodeIgniter\Model->doFind(false, NULL)
#6 C:\xampp\htdocs\codi\app\Controllers\DesenhistaPost.php(1161): CodeIgniter\BaseModel->find()
#7 C:\xampp\htdocs\codi\system\CodeIgniter.php(934): App\Controllers\DesenhistaPost->desenho_tag_lista()
#8 C:\xampp\htdocs\codi\system\CodeIgniter.php(499): CodeIgniter\CodeIgniter->runController(Object(App\Controllers\DesenhistaPost))
#9 C:\xampp\htdocs\codi\system\CodeIgniter.php(368): CodeIgniter\CodeIgniter->handleRequest(NULL, Object(Config\Cache), false)
#10 C:\xampp\htdocs\codi\public\index.php(67): CodeIgniter\CodeIgniter->run()
#11 {main}
CRITICAL - 2023-10-26 20:37:39 --> Table 'wl.tag' doesn't exist
in SYSTEMPATH\Database\MySQLi\Connection.php on line 295.
 1 SYSTEMPATH\Database\MySQLi\Connection.php(295): mysqli->query('SELECT *
FROM `tag`', 0)
 2 SYSTEMPATH\Database\BaseConnection.php(692): CodeIgniter\Database\MySQLi\Connection->execute('SELECT *
FROM `tag`')
 3 SYSTEMPATH\Database\BaseConnection.php(606): CodeIgniter\Database\BaseConnection->simpleQuery('SELECT *
FROM `tag`')
 4 SYSTEMPATH\Database\BaseBuilder.php(1616): CodeIgniter\Database\BaseConnection->query('SELECT *
FROM `tag`', [], false)
 5 SYSTEMPATH\Model.php(203): CodeIgniter\Database\BaseBuilder->get()
 6 SYSTEMPATH\BaseModel.php(557): CodeIgniter\Model->doFind(false, null)
 7 APPPATH\Controllers\DesenhistaPost.php(1161): CodeIgniter\BaseModel->find()
 8 SYSTEMPATH\CodeIgniter.php(934): App\Controllers\DesenhistaPost->desenho_tag_lista()
 9 SYSTEMPATH\CodeIgniter.php(499): CodeIgniter\CodeIgniter->runController(Object(App\Controllers\DesenhistaPost))
10 SYSTEMPATH\CodeIgniter.php(368): CodeIgniter\CodeIgniter->handleRequest(null, Object(Config\Cache), false)
11 FCPATH\index.php(67): CodeIgniter\CodeIgniter->run()
ERROR - 2023-10-26 20:37:40 --> mysqli_sql_exception: Table 'wl.tag' doesn't exist in C:\xampp\htdocs\codi\system\Database\MySQLi\Connection.php:295
Stack trace:
#0 C:\xampp\htdocs\codi\system\Database\MySQLi\Connection.php(295): mysqli->query('SELECT *\nFROM `...', 0)
#1 C:\xampp\htdocs\codi\system\Database\BaseConnection.php(692): CodeIgniter\Database\MySQLi\Connection->execute('SELECT *\nFROM `...')
#2 C:\xampp\htdocs\codi\system\Database\BaseConnection.php(606): CodeIgniter\Database\BaseConnection->simpleQuery('SELECT *\nFROM `...')
#3 C:\xampp\htdocs\codi\system\Database\BaseBuilder.php(1616): CodeIgniter\Database\BaseConnection->query('SELECT *\nFROM `...', Array, false)
#4 C:\xampp\htdocs\codi\system\Model.php(203): CodeIgniter\Database\BaseBuilder->get()
#5 C:\xampp\htdocs\codi\system\BaseModel.php(557): CodeIgniter\Model->doFind(false, NULL)
#6 C:\xampp\htdocs\codi\app\Controllers\DesenhistaPost.php(1161): CodeIgniter\BaseModel->find()
#7 C:\xampp\htdocs\codi\system\CodeIgniter.php(934): App\Controllers\DesenhistaPost->desenho_tag_lista()
#8 C:\xampp\htdocs\codi\system\CodeIgniter.php(499): CodeIgniter\CodeIgniter->runController(Object(App\Controllers\DesenhistaPost))
#9 C:\xampp\htdocs\codi\system\CodeIgniter.php(368): CodeIgniter\CodeIgniter->handleRequest(NULL, Object(Config\Cache), false)
#10 C:\xampp\htdocs\codi\public\index.php(67): CodeIgniter\CodeIgniter->run()
#11 {main}
CRITICAL - 2023-10-26 20:37:40 --> Table 'wl.tag' doesn't exist
in SYSTEMPATH\Database\MySQLi\Connection.php on line 295.
 1 SYSTEMPATH\Database\MySQLi\Connection.php(295): mysqli->query('SELECT *
FROM `tag`', 0)
 2 SYSTEMPATH\Database\BaseConnection.php(692): CodeIgniter\Database\MySQLi\Connection->execute('SELECT *
FROM `tag`')
 3 SYSTEMPATH\Database\BaseConnection.php(606): CodeIgniter\Database\BaseConnection->simpleQuery('SELECT *
FROM `tag`')
 4 SYSTEMPATH\Database\BaseBuilder.php(1616): CodeIgniter\Database\BaseConnection->query('SELECT *
FROM `tag`', [], false)
 5 SYSTEMPATH\Model.php(203): CodeIgniter\Database\BaseBuilder->get()
 6 SYSTEMPATH\BaseModel.php(557): CodeIgniter\Model->doFind(false, null)
 7 APPPATH\Controllers\DesenhistaPost.php(1161): CodeIgniter\BaseModel->find()
 8 SYSTEMPATH\CodeIgniter.php(934): App\Controllers\DesenhistaPost->desenho_tag_lista()
 9 SYSTEMPATH\CodeIgniter.php(499): CodeIgniter\CodeIgniter->runController(Object(App\Controllers\DesenhistaPost))
10 SYSTEMPATH\CodeIgniter.php(368): CodeIgniter\CodeIgniter->handleRequest(null, Object(Config\Cache), false)
11 FCPATH\index.php(67): CodeIgniter\CodeIgniter->run()
ERROR - 2023-10-26 20:37:40 --> mysqli_sql_exception: Table 'wl.tag' doesn't exist in C:\xampp\htdocs\codi\system\Database\MySQLi\Connection.php:295
Stack trace:
#0 C:\xampp\htdocs\codi\system\Database\MySQLi\Connection.php(295): mysqli->query('SELECT *\nFROM `...', 0)
#1 C:\xampp\htdocs\codi\system\Database\BaseConnection.php(692): CodeIgniter\Database\MySQLi\Connection->execute('SELECT *\nFROM `...')
#2 C:\xampp\htdocs\codi\system\Database\BaseConnection.php(606): CodeIgniter\Database\BaseConnection->simpleQuery('SELECT *\nFROM `...')
#3 C:\xampp\htdocs\codi\system\Database\BaseBuilder.php(1616): CodeIgniter\Database\BaseConnection->query('SELECT *\nFROM `...', Array, false)
#4 C:\xampp\htdocs\codi\system\Model.php(203): CodeIgniter\Database\BaseBuilder->get()
#5 C:\xampp\htdocs\codi\system\BaseModel.php(557): CodeIgniter\Model->doFind(false, NULL)
#6 C:\xampp\htdocs\codi\app\Controllers\DesenhistaPost.php(1161): CodeIgniter\BaseModel->find()
#7 C:\xampp\htdocs\codi\system\CodeIgniter.php(934): App\Controllers\DesenhistaPost->desenho_tag_lista()
#8 C:\xampp\htdocs\codi\system\CodeIgniter.php(499): CodeIgniter\CodeIgniter->runController(Object(App\Controllers\DesenhistaPost))
#9 C:\xampp\htdocs\codi\system\CodeIgniter.php(368): CodeIgniter\CodeIgniter->handleRequest(NULL, Object(Config\Cache), false)
#10 C:\xampp\htdocs\codi\public\index.php(67): CodeIgniter\CodeIgniter->run()
#11 {main}
CRITICAL - 2023-10-26 20:37:40 --> Table 'wl.tag' doesn't exist
in SYSTEMPATH\Database\MySQLi\Connection.php on line 295.
 1 SYSTEMPATH\Database\MySQLi\Connection.php(295): mysqli->query('SELECT *
FROM `tag`', 0)
 2 SYSTEMPATH\Database\BaseConnection.php(692): CodeIgniter\Database\MySQLi\Connection->execute('SELECT *
FROM `tag`')
 3 SYSTEMPATH\Database\BaseConnection.php(606): CodeIgniter\Database\BaseConnection->simpleQuery('SELECT *
FROM `tag`')
 4 SYSTEMPATH\Database\BaseBuilder.php(1616): CodeIgniter\Database\BaseConnection->query('SELECT *
FROM `tag`', [], false)
 5 SYSTEMPATH\Model.php(203): CodeIgniter\Database\BaseBuilder->get()
 6 SYSTEMPATH\BaseModel.php(557): CodeIgniter\Model->doFind(false, null)
 7 APPPATH\Controllers\DesenhistaPost.php(1161): CodeIgniter\BaseModel->find()
 8 SYSTEMPATH\CodeIgniter.php(934): App\Controllers\DesenhistaPost->desenho_tag_lista()
 9 SYSTEMPATH\CodeIgniter.php(499): CodeIgniter\CodeIgniter->runController(Object(App\Controllers\DesenhistaPost))
10 SYSTEMPATH\CodeIgniter.php(368): CodeIgniter\CodeIgniter->handleRequest(null, Object(Config\Cache), false)
11 FCPATH\index.php(67): CodeIgniter\CodeIgniter->run()
ERROR - 2023-10-26 20:37:41 --> mysqli_sql_exception: Table 'wl.tag' doesn't exist in C:\xampp\htdocs\codi\system\Database\MySQLi\Connection.php:295
Stack trace:
#0 C:\xampp\htdocs\codi\system\Database\MySQLi\Connection.php(295): mysqli->query('SELECT *\nFROM `...', 0)
#1 C:\xampp\htdocs\codi\system\Database\BaseConnection.php(692): CodeIgniter\Database\MySQLi\Connection->execute('SELECT *\nFROM `...')
#2 C:\xampp\htdocs\codi\system\Database\BaseConnection.php(606): CodeIgniter\Database\BaseConnection->simpleQuery('SELECT *\nFROM `...')
#3 C:\xampp\htdocs\codi\system\Database\BaseBuilder.php(1616): CodeIgniter\Database\BaseConnection->query('SELECT *\nFROM `...', Array, false)
#4 C:\xampp\htdocs\codi\system\Model.php(203): CodeIgniter\Database\BaseBuilder->get()
#5 C:\xampp\htdocs\codi\system\BaseModel.php(557): CodeIgniter\Model->doFind(false, NULL)
#6 C:\xampp\htdocs\codi\app\Controllers\DesenhistaPost.php(1161): CodeIgniter\BaseModel->find()
#7 C:\xampp\htdocs\codi\system\CodeIgniter.php(934): App\Controllers\DesenhistaPost->desenho_tag_lista()
#8 C:\xampp\htdocs\codi\system\CodeIgniter.php(499): CodeIgniter\CodeIgniter->runController(Object(App\Controllers\DesenhistaPost))
#9 C:\xampp\htdocs\codi\system\CodeIgniter.php(368): CodeIgniter\CodeIgniter->handleRequest(NULL, Object(Config\Cache), false)
#10 C:\xampp\htdocs\codi\public\index.php(67): CodeIgniter\CodeIgniter->run()
#11 {main}
CRITICAL - 2023-10-26 20:37:41 --> Table 'wl.tag' doesn't exist
in SYSTEMPATH\Database\MySQLi\Connection.php on line 295.
 1 SYSTEMPATH\Database\MySQLi\Connection.php(295): mysqli->query('SELECT *
FROM `tag`', 0)
 2 SYSTEMPATH\Database\BaseConnection.php(692): CodeIgniter\Database\MySQLi\Connection->execute('SELECT *
FROM `tag`')
 3 SYSTEMPATH\Database\BaseConnection.php(606): CodeIgniter\Database\BaseConnection->simpleQuery('SELECT *
FROM `tag`')
 4 SYSTEMPATH\Database\BaseBuilder.php(1616): CodeIgniter\Database\BaseConnection->query('SELECT *
FROM `tag`', [], false)
 5 SYSTEMPATH\Model.php(203): CodeIgniter\Database\BaseBuilder->get()
 6 SYSTEMPATH\BaseModel.php(557): CodeIgniter\Model->doFind(false, null)
 7 APPPATH\Controllers\DesenhistaPost.php(1161): CodeIgniter\BaseModel->find()
 8 SYSTEMPATH\CodeIgniter.php(934): App\Controllers\DesenhistaPost->desenho_tag_lista()
 9 SYSTEMPATH\CodeIgniter.php(499): CodeIgniter\CodeIgniter->runController(Object(App\Controllers\DesenhistaPost))
10 SYSTEMPATH\CodeIgniter.php(368): CodeIgniter\CodeIgniter->handleRequest(null, Object(Config\Cache), false)
11 FCPATH\index.php(67): CodeIgniter\CodeIgniter->run()
ERROR - 2023-10-26 20:37:41 --> mysqli_sql_exception: Table 'wl.tag' doesn't exist in C:\xampp\htdocs\codi\system\Database\MySQLi\Connection.php:295
Stack trace:
#0 C:\xampp\htdocs\codi\system\Database\MySQLi\Connection.php(295): mysqli->query('SELECT *\nFROM `...', 0)
#1 C:\xampp\htdocs\codi\system\Database\BaseConnection.php(692): CodeIgniter\Database\MySQLi\Connection->execute('SELECT *\nFROM `...')
#2 C:\xampp\htdocs\codi\system\Database\BaseConnection.php(606): CodeIgniter\Database\BaseConnection->simpleQuery('SELECT *\nFROM `...')
#3 C:\xampp\htdocs\codi\system\Database\BaseBuilder.php(1616): CodeIgniter\Database\BaseConnection->query('SELECT *\nFROM `...', Array, false)
#4 C:\xampp\htdocs\codi\system\Model.php(203): CodeIgniter\Database\BaseBuilder->get()
#5 C:\xampp\htdocs\codi\system\BaseModel.php(557): CodeIgniter\Model->doFind(false, NULL)
#6 C:\xampp\htdocs\codi\app\Controllers\DesenhistaPost.php(1161): CodeIgniter\BaseModel->find()
#7 C:\xampp\htdocs\codi\system\CodeIgniter.php(934): App\Controllers\DesenhistaPost->desenho_tag_lista()
#8 C:\xampp\htdocs\codi\system\CodeIgniter.php(499): CodeIgniter\CodeIgniter->runController(Object(App\Controllers\DesenhistaPost))
#9 C:\xampp\htdocs\codi\system\CodeIgniter.php(368): CodeIgniter\CodeIgniter->handleRequest(NULL, Object(Config\Cache), false)
#10 C:\xampp\htdocs\codi\public\index.php(67): CodeIgniter\CodeIgniter->run()
#11 {main}
CRITICAL - 2023-10-26 20:37:41 --> Table 'wl.tag' doesn't exist
in SYSTEMPATH\Database\MySQLi\Connection.php on line 295.
 1 SYSTEMPATH\Database\MySQLi\Connection.php(295): mysqli->query('SELECT *
FROM `tag`', 0)
 2 SYSTEMPATH\Database\BaseConnection.php(692): CodeIgniter\Database\MySQLi\Connection->execute('SELECT *
FROM `tag`')
 3 SYSTEMPATH\Database\BaseConnection.php(606): CodeIgniter\Database\BaseConnection->simpleQuery('SELECT *
FROM `tag`')
 4 SYSTEMPATH\Database\BaseBuilder.php(1616): CodeIgniter\Database\BaseConnection->query('SELECT *
FROM `tag`', [], false)
 5 SYSTEMPATH\Model.php(203): CodeIgniter\Database\BaseBuilder->get()
 6 SYSTEMPATH\BaseModel.php(557): CodeIgniter\Model->doFind(false, null)
 7 APPPATH\Controllers\DesenhistaPost.php(1161): CodeIgniter\BaseModel->find()
 8 SYSTEMPATH\CodeIgniter.php(934): App\Controllers\DesenhistaPost->desenho_tag_lista()
 9 SYSTEMPATH\CodeIgniter.php(499): CodeIgniter\CodeIgniter->runController(Object(App\Controllers\DesenhistaPost))
10 SYSTEMPATH\CodeIgniter.php(368): CodeIgniter\CodeIgniter->handleRequest(null, Object(Config\Cache), false)
11 FCPATH\index.php(67): CodeIgniter\CodeIgniter->run()
ERROR - 2023-10-26 20:37:42 --> mysqli_sql_exception: Table 'wl.tag' doesn't exist in C:\xampp\htdocs\codi\system\Database\MySQLi\Connection.php:295
Stack trace:
#0 C:\xampp\htdocs\codi\system\Database\MySQLi\Connection.php(295): mysqli->query('SELECT *\nFROM `...', 0)
#1 C:\xampp\htdocs\codi\system\Database\BaseConnection.php(692): CodeIgniter\Database\MySQLi\Connection->execute('SELECT *\nFROM `...')
#2 C:\xampp\htdocs\codi\system\Database\BaseConnection.php(606): CodeIgniter\Database\BaseConnection->simpleQuery('SELECT *\nFROM `...')
#3 C:\xampp\htdocs\codi\system\Database\BaseBuilder.php(1616): CodeIgniter\Database\BaseConnection->query('SELECT *\nFROM `...', Array, false)
#4 C:\xampp\htdocs\codi\system\Model.php(203): CodeIgniter\Database\BaseBuilder->get()
#5 C:\xampp\htdocs\codi\system\BaseModel.php(557): CodeIgniter\Model->doFind(false, NULL)
#6 C:\xampp\htdocs\codi\app\Controllers\DesenhistaPost.php(1161): CodeIgniter\BaseModel->find()
#7 C:\xampp\htdocs\codi\system\CodeIgniter.php(934): App\Controllers\DesenhistaPost->desenho_tag_lista()
#8 C:\xampp\htdocs\codi\system\CodeIgniter.php(499): CodeIgniter\CodeIgniter->runController(Object(App\Controllers\DesenhistaPost))
#9 C:\xampp\htdocs\codi\system\CodeIgniter.php(368): CodeIgniter\CodeIgniter->handleRequest(NULL, Object(Config\Cache), false)
#10 C:\xampp\htdocs\codi\public\index.php(67): CodeIgniter\CodeIgniter->run()
#11 {main}
CRITICAL - 2023-10-26 20:37:42 --> Table 'wl.tag' doesn't exist
in SYSTEMPATH\Database\MySQLi\Connection.php on line 295.
 1 SYSTEMPATH\Database\MySQLi\Connection.php(295): mysqli->query('SELECT *
FROM `tag`', 0)
 2 SYSTEMPATH\Database\BaseConnection.php(692): CodeIgniter\Database\MySQLi\Connection->execute('SELECT *
FROM `tag`')
 3 SYSTEMPATH\Database\BaseConnection.php(606): CodeIgniter\Database\BaseConnection->simpleQuery('SELECT *
FROM `tag`')
 4 SYSTEMPATH\Database\BaseBuilder.php(1616): CodeIgniter\Database\BaseConnection->query('SELECT *
FROM `tag`', [], false)
 5 SYSTEMPATH\Model.php(203): CodeIgniter\Database\BaseBuilder->get()
 6 SYSTEMPATH\BaseModel.php(557): CodeIgniter\Model->doFind(false, null)
 7 APPPATH\Controllers\DesenhistaPost.php(1161): CodeIgniter\BaseModel->find()
 8 SYSTEMPATH\CodeIgniter.php(934): App\Controllers\DesenhistaPost->desenho_tag_lista()
 9 SYSTEMPATH\CodeIgniter.php(499): CodeIgniter\CodeIgniter->runController(Object(App\Controllers\DesenhistaPost))
10 SYSTEMPATH\CodeIgniter.php(368): CodeIgniter\CodeIgniter->handleRequest(null, Object(Config\Cache), false)
11 FCPATH\index.php(67): CodeIgniter\CodeIgniter->run()
ERROR - 2023-10-26 20:37:42 --> mysqli_sql_exception: Table 'wl.tag' doesn't exist in C:\xampp\htdocs\codi\system\Database\MySQLi\Connection.php:295
Stack trace:
#0 C:\xampp\htdocs\codi\system\Database\MySQLi\Connection.php(295): mysqli->query('SELECT *\nFROM `...', 0)
#1 C:\xampp\htdocs\codi\system\Database\BaseConnection.php(692): CodeIgniter\Database\MySQLi\Connection->execute('SELECT *\nFROM `...')
#2 C:\xampp\htdocs\codi\system\Database\BaseConnection.php(606): CodeIgniter\Database\BaseConnection->simpleQuery('SELECT *\nFROM `...')
#3 C:\xampp\htdocs\codi\system\Database\BaseBuilder.php(1616): CodeIgniter\Database\BaseConnection->query('SELECT *\nFROM `...', Array, false)
#4 C:\xampp\htdocs\codi\system\Model.php(203): CodeIgniter\Database\BaseBuilder->get()
#5 C:\xampp\htdocs\codi\system\BaseModel.php(557): CodeIgniter\Model->doFind(false, NULL)
#6 C:\xampp\htdocs\codi\app\Controllers\DesenhistaPost.php(1161): CodeIgniter\BaseModel->find()
#7 C:\xampp\htdocs\codi\system\CodeIgniter.php(934): App\Controllers\DesenhistaPost->desenho_tag_lista()
#8 C:\xampp\htdocs\codi\system\CodeIgniter.php(499): CodeIgniter\CodeIgniter->runController(Object(App\Controllers\DesenhistaPost))
#9 C:\xampp\htdocs\codi\system\CodeIgniter.php(368): CodeIgniter\CodeIgniter->handleRequest(NULL, Object(Config\Cache), false)
#10 C:\xampp\htdocs\codi\public\index.php(67): CodeIgniter\CodeIgniter->run()
#11 {main}
CRITICAL - 2023-10-26 20:37:42 --> Table 'wl.tag' doesn't exist
in SYSTEMPATH\Database\MySQLi\Connection.php on line 295.
 1 SYSTEMPATH\Database\MySQLi\Connection.php(295): mysqli->query('SELECT *
FROM `tag`', 0)
 2 SYSTEMPATH\Database\BaseConnection.php(692): CodeIgniter\Database\MySQLi\Connection->execute('SELECT *
FROM `tag`')
 3 SYSTEMPATH\Database\BaseConnection.php(606): CodeIgniter\Database\BaseConnection->simpleQuery('SELECT *
FROM `tag`')
 4 SYSTEMPATH\Database\BaseBuilder.php(1616): CodeIgniter\Database\BaseConnection->query('SELECT *
FROM `tag`', [], false)
 5 SYSTEMPATH\Model.php(203): CodeIgniter\Database\BaseBuilder->get()
 6 SYSTEMPATH\BaseModel.php(557): CodeIgniter\Model->doFind(false, null)
 7 APPPATH\Controllers\DesenhistaPost.php(1161): CodeIgniter\BaseModel->find()
 8 SYSTEMPATH\CodeIgniter.php(934): App\Controllers\DesenhistaPost->desenho_tag_lista()
 9 SYSTEMPATH\CodeIgniter.php(499): CodeIgniter\CodeIgniter->runController(Object(App\Controllers\DesenhistaPost))
10 SYSTEMPATH\CodeIgniter.php(368): CodeIgniter\CodeIgniter->handleRequest(null, Object(Config\Cache), false)
11 FCPATH\index.php(67): CodeIgniter\CodeIgniter->run()
ERROR - 2023-10-26 20:37:43 --> mysqli_sql_exception: Table 'wl.tag' doesn't exist in C:\xampp\htdocs\codi\system\Database\MySQLi\Connection.php:295
Stack trace:
#0 C:\xampp\htdocs\codi\system\Database\MySQLi\Connection.php(295): mysqli->query('SELECT *\nFROM `...', 0)
#1 C:\xampp\htdocs\codi\system\Database\BaseConnection.php(692): CodeIgniter\Database\MySQLi\Connection->execute('SELECT *\nFROM `...')
#2 C:\xampp\htdocs\codi\system\Database\BaseConnection.php(606): CodeIgniter\Database\BaseConnection->simpleQuery('SELECT *\nFROM `...')
#3 C:\xampp\htdocs\codi\system\Database\BaseBuilder.php(1616): CodeIgniter\Database\BaseConnection->query('SELECT *\nFROM `...', Array, false)
#4 C:\xampp\htdocs\codi\system\Model.php(203): CodeIgniter\Database\BaseBuilder->get()
#5 C:\xampp\htdocs\codi\system\BaseModel.php(557): CodeIgniter\Model->doFind(false, NULL)
#6 C:\xampp\htdocs\codi\app\Controllers\DesenhistaPost.php(1161): CodeIgniter\BaseModel->find()
#7 C:\xampp\htdocs\codi\system\CodeIgniter.php(934): App\Controllers\DesenhistaPost->desenho_tag_lista()
#8 C:\xampp\htdocs\codi\system\CodeIgniter.php(499): CodeIgniter\CodeIgniter->runController(Object(App\Controllers\DesenhistaPost))
#9 C:\xampp\htdocs\codi\system\CodeIgniter.php(368): CodeIgniter\CodeIgniter->handleRequest(NULL, Object(Config\Cache), false)
#10 C:\xampp\htdocs\codi\public\index.php(67): CodeIgniter\CodeIgniter->run()
#11 {main}
CRITICAL - 2023-10-26 20:37:43 --> Table 'wl.tag' doesn't exist
in SYSTEMPATH\Database\MySQLi\Connection.php on line 295.
 1 SYSTEMPATH\Database\MySQLi\Connection.php(295): mysqli->query('SELECT *
FROM `tag`', 0)
 2 SYSTEMPATH\Database\BaseConnection.php(692): CodeIgniter\Database\MySQLi\Connection->execute('SELECT *
FROM `tag`')
 3 SYSTEMPATH\Database\BaseConnection.php(606): CodeIgniter\Database\BaseConnection->simpleQuery('SELECT *
FROM `tag`')
 4 SYSTEMPATH\Database\BaseBuilder.php(1616): CodeIgniter\Database\BaseConnection->query('SELECT *
FROM `tag`', [], false)
 5 SYSTEMPATH\Model.php(203): CodeIgniter\Database\BaseBuilder->get()
 6 SYSTEMPATH\BaseModel.php(557): CodeIgniter\Model->doFind(false, null)
 7 APPPATH\Controllers\DesenhistaPost.php(1161): CodeIgniter\BaseModel->find()
 8 SYSTEMPATH\CodeIgniter.php(934): App\Controllers\DesenhistaPost->desenho_tag_lista()
 9 SYSTEMPATH\CodeIgniter.php(499): CodeIgniter\CodeIgniter->runController(Object(App\Controllers\DesenhistaPost))
10 SYSTEMPATH\CodeIgniter.php(368): CodeIgniter\CodeIgniter->handleRequest(null, Object(Config\Cache), false)
11 FCPATH\index.php(67): CodeIgniter\CodeIgniter->run()
ERROR - 2023-10-26 20:37:43 --> mysqli_sql_exception: Table 'wl.tag' doesn't exist in C:\xampp\htdocs\codi\system\Database\MySQLi\Connection.php:295
Stack trace:
#0 C:\xampp\htdocs\codi\system\Database\MySQLi\Connection.php(295): mysqli->query('SELECT *\nFROM `...', 0)
#1 C:\xampp\htdocs\codi\system\Database\BaseConnection.php(692): CodeIgniter\Database\MySQLi\Connection->execute('SELECT *\nFROM `...')
#2 C:\xampp\htdocs\codi\system\Database\BaseConnection.php(606): CodeIgniter\Database\BaseConnection->simpleQuery('SELECT *\nFROM `...')
#3 C:\xampp\htdocs\codi\system\Database\BaseBuilder.php(1616): CodeIgniter\Database\BaseConnection->query('SELECT *\nFROM `...', Array, false)
#4 C:\xampp\htdocs\codi\system\Model.php(203): CodeIgniter\Database\BaseBuilder->get()
#5 C:\xampp\htdocs\codi\system\BaseModel.php(557): CodeIgniter\Model->doFind(false, NULL)
#6 C:\xampp\htdocs\codi\app\Controllers\DesenhistaPost.php(1161): CodeIgniter\BaseModel->find()
#7 C:\xampp\htdocs\codi\system\CodeIgniter.php(934): App\Controllers\DesenhistaPost->desenho_tag_lista()
#8 C:\xampp\htdocs\codi\system\CodeIgniter.php(499): CodeIgniter\CodeIgniter->runController(Object(App\Controllers\DesenhistaPost))
#9 C:\xampp\htdocs\codi\system\CodeIgniter.php(368): CodeIgniter\CodeIgniter->handleRequest(NULL, Object(Config\Cache), false)
#10 C:\xampp\htdocs\codi\public\index.php(67): CodeIgniter\CodeIgniter->run()
#11 {main}
CRITICAL - 2023-10-26 20:37:43 --> Table 'wl.tag' doesn't exist
in SYSTEMPATH\Database\MySQLi\Connection.php on line 295.
 1 SYSTEMPATH\Database\MySQLi\Connection.php(295): mysqli->query('SELECT *
FROM `tag`', 0)
 2 SYSTEMPATH\Database\BaseConnection.php(692): CodeIgniter\Database\MySQLi\Connection->execute('SELECT *
FROM `tag`')
 3 SYSTEMPATH\Database\BaseConnection.php(606): CodeIgniter\Database\BaseConnection->simpleQuery('SELECT *
FROM `tag`')
 4 SYSTEMPATH\Database\BaseBuilder.php(1616): CodeIgniter\Database\BaseConnection->query('SELECT *
FROM `tag`', [], false)
 5 SYSTEMPATH\Model.php(203): CodeIgniter\Database\BaseBuilder->get()
 6 SYSTEMPATH\BaseModel.php(557): CodeIgniter\Model->doFind(false, null)
 7 APPPATH\Controllers\DesenhistaPost.php(1161): CodeIgniter\BaseModel->find()
 8 SYSTEMPATH\CodeIgniter.php(934): App\Controllers\DesenhistaPost->desenho_tag_lista()
 9 SYSTEMPATH\CodeIgniter.php(499): CodeIgniter\CodeIgniter->runController(Object(App\Controllers\DesenhistaPost))
10 SYSTEMPATH\CodeIgniter.php(368): CodeIgniter\CodeIgniter->handleRequest(null, Object(Config\Cache), false)
11 FCPATH\index.php(67): CodeIgniter\CodeIgniter->run()
ERROR - 2023-10-26 20:37:44 --> mysqli_sql_exception: Table 'wl.tag' doesn't exist in C:\xampp\htdocs\codi\system\Database\MySQLi\Connection.php:295
Stack trace:
#0 C:\xampp\htdocs\codi\system\Database\MySQLi\Connection.php(295): mysqli->query('SELECT *\nFROM `...', 0)
#1 C:\xampp\htdocs\codi\system\Database\BaseConnection.php(692): CodeIgniter\Database\MySQLi\Connection->execute('SELECT *\nFROM `...')
#2 C:\xampp\htdocs\codi\system\Database\BaseConnection.php(606): CodeIgniter\Database\BaseConnection->simpleQuery('SELECT *\nFROM `...')
#3 C:\xampp\htdocs\codi\system\Database\BaseBuilder.php(1616): CodeIgniter\Database\BaseConnection->query('SELECT *\nFROM `...', Array, false)
#4 C:\xampp\htdocs\codi\system\Model.php(203): CodeIgniter\Database\BaseBuilder->get()
#5 C:\xampp\htdocs\codi\system\BaseModel.php(557): CodeIgniter\Model->doFind(false, NULL)
#6 C:\xampp\htdocs\codi\app\Controllers\DesenhistaPost.php(1161): CodeIgniter\BaseModel->find()
#7 C:\xampp\htdocs\codi\system\CodeIgniter.php(934): App\Controllers\DesenhistaPost->desenho_tag_lista()
#8 C:\xampp\htdocs\codi\system\CodeIgniter.php(499): CodeIgniter\CodeIgniter->runController(Object(App\Controllers\DesenhistaPost))
#9 C:\xampp\htdocs\codi\system\CodeIgniter.php(368): CodeIgniter\CodeIgniter->handleRequest(NULL, Object(Config\Cache), false)
#10 C:\xampp\htdocs\codi\public\index.php(67): CodeIgniter\CodeIgniter->run()
#11 {main}
CRITICAL - 2023-10-26 20:37:44 --> Table 'wl.tag' doesn't exist
in SYSTEMPATH\Database\MySQLi\Connection.php on line 295.
 1 SYSTEMPATH\Database\MySQLi\Connection.php(295): mysqli->query('SELECT *
FROM `tag`', 0)
 2 SYSTEMPATH\Database\BaseConnection.php(692): CodeIgniter\Database\MySQLi\Connection->execute('SELECT *
FROM `tag`')
 3 SYSTEMPATH\Database\BaseConnection.php(606): CodeIgniter\Database\BaseConnection->simpleQuery('SELECT *
FROM `tag`')
 4 SYSTEMPATH\Database\BaseBuilder.php(1616): CodeIgniter\Database\BaseConnection->query('SELECT *
FROM `tag`', [], false)
 5 SYSTEMPATH\Model.php(203): CodeIgniter\Database\BaseBuilder->get()
 6 SYSTEMPATH\BaseModel.php(557): CodeIgniter\Model->doFind(false, null)
 7 APPPATH\Controllers\DesenhistaPost.php(1161): CodeIgniter\BaseModel->find()
 8 SYSTEMPATH\CodeIgniter.php(934): App\Controllers\DesenhistaPost->desenho_tag_lista()
 9 SYSTEMPATH\CodeIgniter.php(499): CodeIgniter\CodeIgniter->runController(Object(App\Controllers\DesenhistaPost))
10 SYSTEMPATH\CodeIgniter.php(368): CodeIgniter\CodeIgniter->handleRequest(null, Object(Config\Cache), false)
11 FCPATH\index.php(67): CodeIgniter\CodeIgniter->run()
ERROR - 2023-10-26 20:37:44 --> mysqli_sql_exception: Table 'wl.tag' doesn't exist in C:\xampp\htdocs\codi\system\Database\MySQLi\Connection.php:295
Stack trace:
#0 C:\xampp\htdocs\codi\system\Database\MySQLi\Connection.php(295): mysqli->query('SELECT *\nFROM `...', 0)
#1 C:\xampp\htdocs\codi\system\Database\BaseConnection.php(692): CodeIgniter\Database\MySQLi\Connection->execute('SELECT *\nFROM `...')
#2 C:\xampp\htdocs\codi\system\Database\BaseConnection.php(606): CodeIgniter\Database\BaseConnection->simpleQuery('SELECT *\nFROM `...')
#3 C:\xampp\htdocs\codi\system\Database\BaseBuilder.php(1616): CodeIgniter\Database\BaseConnection->query('SELECT *\nFROM `...', Array, false)
#4 C:\xampp\htdocs\codi\system\Model.php(203): CodeIgniter\Database\BaseBuilder->get()
#5 C:\xampp\htdocs\codi\system\BaseModel.php(557): CodeIgniter\Model->doFind(false, NULL)
#6 C:\xampp\htdocs\codi\app\Controllers\DesenhistaPost.php(1161): CodeIgniter\BaseModel->find()
#7 C:\xampp\htdocs\codi\system\CodeIgniter.php(934): App\Controllers\DesenhistaPost->desenho_tag_lista()
#8 C:\xampp\htdocs\codi\system\CodeIgniter.php(499): CodeIgniter\CodeIgniter->runController(Object(App\Controllers\DesenhistaPost))
#9 C:\xampp\htdocs\codi\system\CodeIgniter.php(368): CodeIgniter\CodeIgniter->handleRequest(NULL, Object(Config\Cache), false)
#10 C:\xampp\htdocs\codi\public\index.php(67): CodeIgniter\CodeIgniter->run()
#11 {main}
CRITICAL - 2023-10-26 20:37:44 --> Table 'wl.tag' doesn't exist
in SYSTEMPATH\Database\MySQLi\Connection.php on line 295.
 1 SYSTEMPATH\Database\MySQLi\Connection.php(295): mysqli->query('SELECT *
FROM `tag`', 0)
 2 SYSTEMPATH\Database\BaseConnection.php(692): CodeIgniter\Database\MySQLi\Connection->execute('SELECT *
FROM `tag`')
 3 SYSTEMPATH\Database\BaseConnection.php(606): CodeIgniter\Database\BaseConnection->simpleQuery('SELECT *
FROM `tag`')
 4 SYSTEMPATH\Database\BaseBuilder.php(1616): CodeIgniter\Database\BaseConnection->query('SELECT *
FROM `tag`', [], false)
 5 SYSTEMPATH\Model.php(203): CodeIgniter\Database\BaseBuilder->get()
 6 SYSTEMPATH\BaseModel.php(557): CodeIgniter\Model->doFind(false, null)
 7 APPPATH\Controllers\DesenhistaPost.php(1161): CodeIgniter\BaseModel->find()
 8 SYSTEMPATH\CodeIgniter.php(934): App\Controllers\DesenhistaPost->desenho_tag_lista()
 9 SYSTEMPATH\CodeIgniter.php(499): CodeIgniter\CodeIgniter->runController(Object(App\Controllers\DesenhistaPost))
10 SYSTEMPATH\CodeIgniter.php(368): CodeIgniter\CodeIgniter->handleRequest(null, Object(Config\Cache), false)
11 FCPATH\index.php(67): CodeIgniter\CodeIgniter->run()
ERROR - 2023-10-26 21:49:29 --> mysqli_sql_exception: Table 'wl.tag' doesn't exist in C:\xampp\htdocs\codi\system\Database\MySQLi\Connection.php:295
Stack trace:
#0 C:\xampp\htdocs\codi\system\Database\MySQLi\Connection.php(295): mysqli->query('SELECT *\nFROM `...', 0)
#1 C:\xampp\htdocs\codi\system\Database\BaseConnection.php(692): CodeIgniter\Database\MySQLi\Connection->execute('SELECT *\nFROM `...')
#2 C:\xampp\htdocs\codi\system\Database\BaseConnection.php(606): CodeIgniter\Database\BaseConnection->simpleQuery('SELECT *\nFROM `...')
#3 C:\xampp\htdocs\codi\system\Database\BaseBuilder.php(1616): CodeIgniter\Database\BaseConnection->query('SELECT *\nFROM `...', Array, false)
#4 C:\xampp\htdocs\codi\system\Model.php(203): CodeIgniter\Database\BaseBuilder->get()
#5 C:\xampp\htdocs\codi\system\BaseModel.php(557): CodeIgniter\Model->doFind(false, NULL)
#6 C:\xampp\htdocs\codi\app\Controllers\DesenhistaPost.php(1161): CodeIgniter\BaseModel->find()
#7 C:\xampp\htdocs\codi\system\CodeIgniter.php(934): App\Controllers\DesenhistaPost->desenho_tag_lista()
#8 C:\xampp\htdocs\codi\system\CodeIgniter.php(499): CodeIgniter\CodeIgniter->runController(Object(App\Controllers\DesenhistaPost))
#9 C:\xampp\htdocs\codi\system\CodeIgniter.php(368): CodeIgniter\CodeIgniter->handleRequest(NULL, Object(Config\Cache), false)
#10 C:\xampp\htdocs\codi\public\index.php(67): CodeIgniter\CodeIgniter->run()
#11 {main}
CRITICAL - 2023-10-26 21:49:29 --> Table 'wl.tag' doesn't exist
in SYSTEMPATH\Database\MySQLi\Connection.php on line 295.
 1 SYSTEMPATH\Database\MySQLi\Connection.php(295): mysqli->query('SELECT *
FROM `tag`', 0)
 2 SYSTEMPATH\Database\BaseConnection.php(692): CodeIgniter\Database\MySQLi\Connection->execute('SELECT *
FROM `tag`')
 3 SYSTEMPATH\Database\BaseConnection.php(606): CodeIgniter\Database\BaseConnection->simpleQuery('SELECT *
FROM `tag`')
 4 SYSTEMPATH\Database\BaseBuilder.php(1616): CodeIgniter\Database\BaseConnection->query('SELECT *
FROM `tag`', [], false)
 5 SYSTEMPATH\Model.php(203): CodeIgniter\Database\BaseBuilder->get()
 6 SYSTEMPATH\BaseModel.php(557): CodeIgniter\Model->doFind(false, null)
 7 APPPATH\Controllers\DesenhistaPost.php(1161): CodeIgniter\BaseModel->find()
 8 SYSTEMPATH\CodeIgniter.php(934): App\Controllers\DesenhistaPost->desenho_tag_lista()
 9 SYSTEMPATH\CodeIgniter.php(499): CodeIgniter\CodeIgniter->runController(Object(App\Controllers\DesenhistaPost))
10 SYSTEMPATH\CodeIgniter.php(368): CodeIgniter\CodeIgniter->handleRequest(null, Object(Config\Cache), false)
11 FCPATH\index.php(67): CodeIgniter\CodeIgniter->run()
ERROR - 2023-10-26 21:49:29 --> mysqli_sql_exception: Table 'wl.tag' doesn't exist in C:\xampp\htdocs\codi\system\Database\MySQLi\Connection.php:295
Stack trace:
#0 C:\xampp\htdocs\codi\system\Database\MySQLi\Connection.php(295): mysqli->query('SELECT *\nFROM `...', 0)
#1 C:\xampp\htdocs\codi\system\Database\BaseConnection.php(692): CodeIgniter\Database\MySQLi\Connection->execute('SELECT *\nFROM `...')
#2 C:\xampp\htdocs\codi\system\Database\BaseConnection.php(606): CodeIgniter\Database\BaseConnection->simpleQuery('SELECT *\nFROM `...')
#3 C:\xampp\htdocs\codi\system\Database\BaseBuilder.php(1616): CodeIgniter\Database\BaseConnection->query('SELECT *\nFROM `...', Array, false)
#4 C:\xampp\htdocs\codi\system\Model.php(203): CodeIgniter\Database\BaseBuilder->get()
#5 C:\xampp\htdocs\codi\system\BaseModel.php(557): CodeIgniter\Model->doFind(false, NULL)
#6 C:\xampp\htdocs\codi\app\Controllers\DesenhistaPost.php(1161): CodeIgniter\BaseModel->find()
#7 C:\xampp\htdocs\codi\system\CodeIgniter.php(934): App\Controllers\DesenhistaPost->desenho_tag_lista()
#8 C:\xampp\htdocs\codi\system\CodeIgniter.php(499): CodeIgniter\CodeIgniter->runController(Object(App\Controllers\DesenhistaPost))
#9 C:\xampp\htdocs\codi\system\CodeIgniter.php(368): CodeIgniter\CodeIgniter->handleRequest(NULL, Object(Config\Cache), false)
#10 C:\xampp\htdocs\codi\public\index.php(67): CodeIgniter\CodeIgniter->run()
#11 {main}
CRITICAL - 2023-10-26 21:49:29 --> Table 'wl.tag' doesn't exist
in SYSTEMPATH\Database\MySQLi\Connection.php on line 295.
 1 SYSTEMPATH\Database\MySQLi\Connection.php(295): mysqli->query('SELECT *
FROM `tag`', 0)
 2 SYSTEMPATH\Database\BaseConnection.php(692): CodeIgniter\Database\MySQLi\Connection->execute('SELECT *
FROM `tag`')
 3 SYSTEMPATH\Database\BaseConnection.php(606): CodeIgniter\Database\BaseConnection->simpleQuery('SELECT *
FROM `tag`')
 4 SYSTEMPATH\Database\BaseBuilder.php(1616): CodeIgniter\Database\BaseConnection->query('SELECT *
FROM `tag`', [], false)
 5 SYSTEMPATH\Model.php(203): CodeIgniter\Database\BaseBuilder->get()
 6 SYSTEMPATH\BaseModel.php(557): CodeIgniter\Model->doFind(false, null)
 7 APPPATH\Controllers\DesenhistaPost.php(1161): CodeIgniter\BaseModel->find()
 8 SYSTEMPATH\CodeIgniter.php(934): App\Controllers\DesenhistaPost->desenho_tag_lista()
 9 SYSTEMPATH\CodeIgniter.php(499): CodeIgniter\CodeIgniter->runController(Object(App\Controllers\DesenhistaPost))
10 SYSTEMPATH\CodeIgniter.php(368): CodeIgniter\CodeIgniter->handleRequest(null, Object(Config\Cache), false)
11 FCPATH\index.php(67): CodeIgniter\CodeIgniter->run()
ERROR - 2023-10-26 21:49:30 --> mysqli_sql_exception: Table 'wl.tag' doesn't exist in C:\xampp\htdocs\codi\system\Database\MySQLi\Connection.php:295
Stack trace:
#0 C:\xampp\htdocs\codi\system\Database\MySQLi\Connection.php(295): mysqli->query('SELECT *\nFROM `...', 0)
#1 C:\xampp\htdocs\codi\system\Database\BaseConnection.php(692): CodeIgniter\Database\MySQLi\Connection->execute('SELECT *\nFROM `...')
#2 C:\xampp\htdocs\codi\system\Database\BaseConnection.php(606): CodeIgniter\Database\BaseConnection->simpleQuery('SELECT *\nFROM `...')
#3 C:\xampp\htdocs\codi\system\Database\BaseBuilder.php(1616): CodeIgniter\Database\BaseConnection->query('SELECT *\nFROM `...', Array, false)
#4 C:\xampp\htdocs\codi\system\Model.php(203): CodeIgniter\Database\BaseBuilder->get()
#5 C:\xampp\htdocs\codi\system\BaseModel.php(557): CodeIgniter\Model->doFind(false, NULL)
#6 C:\xampp\htdocs\codi\app\Controllers\DesenhistaPost.php(1161): CodeIgniter\BaseModel->find()
#7 C:\xampp\htdocs\codi\system\CodeIgniter.php(934): App\Controllers\DesenhistaPost->desenho_tag_lista()
#8 C:\xampp\htdocs\codi\system\CodeIgniter.php(499): CodeIgniter\CodeIgniter->runController(Object(App\Controllers\DesenhistaPost))
#9 C:\xampp\htdocs\codi\system\CodeIgniter.php(368): CodeIgniter\CodeIgniter->handleRequest(NULL, Object(Config\Cache), false)
#10 C:\xampp\htdocs\codi\public\index.php(67): CodeIgniter\CodeIgniter->run()
#11 {main}
CRITICAL - 2023-10-26 21:49:30 --> Table 'wl.tag' doesn't exist
in SYSTEMPATH\Database\MySQLi\Connection.php on line 295.
 1 SYSTEMPATH\Database\MySQLi\Connection.php(295): mysqli->query('SELECT *
FROM `tag`', 0)
 2 SYSTEMPATH\Database\BaseConnection.php(692): CodeIgniter\Database\MySQLi\Connection->execute('SELECT *
FROM `tag`')
 3 SYSTEMPATH\Database\BaseConnection.php(606): CodeIgniter\Database\BaseConnection->simpleQuery('SELECT *
FROM `tag`')
 4 SYSTEMPATH\Database\BaseBuilder.php(1616): CodeIgniter\Database\BaseConnection->query('SELECT *
FROM `tag`', [], false)
 5 SYSTEMPATH\Model.php(203): CodeIgniter\Database\BaseBuilder->get()
 6 SYSTEMPATH\BaseModel.php(557): CodeIgniter\Model->doFind(false, null)
 7 APPPATH\Controllers\DesenhistaPost.php(1161): CodeIgniter\BaseModel->find()
 8 SYSTEMPATH\CodeIgniter.php(934): App\Controllers\DesenhistaPost->desenho_tag_lista()
 9 SYSTEMPATH\CodeIgniter.php(499): CodeIgniter\CodeIgniter->runController(Object(App\Controllers\DesenhistaPost))
10 SYSTEMPATH\CodeIgniter.php(368): CodeIgniter\CodeIgniter->handleRequest(null, Object(Config\Cache), false)
11 FCPATH\index.php(67): CodeIgniter\CodeIgniter->run()
ERROR - 2023-10-26 21:49:30 --> mysqli_sql_exception: Table 'wl.tag' doesn't exist in C:\xampp\htdocs\codi\system\Database\MySQLi\Connection.php:295
Stack trace:
#0 C:\xampp\htdocs\codi\system\Database\MySQLi\Connection.php(295): mysqli->query('SELECT *\nFROM `...', 0)
#1 C:\xampp\htdocs\codi\system\Database\BaseConnection.php(692): CodeIgniter\Database\MySQLi\Connection->execute('SELECT *\nFROM `...')
#2 C:\xampp\htdocs\codi\system\Database\BaseConnection.php(606): CodeIgniter\Database\BaseConnection->simpleQuery('SELECT *\nFROM `...')
#3 C:\xampp\htdocs\codi\system\Database\BaseBuilder.php(1616): CodeIgniter\Database\BaseConnection->query('SELECT *\nFROM `...', Array, false)
#4 C:\xampp\htdocs\codi\system\Model.php(203): CodeIgniter\Database\BaseBuilder->get()
#5 C:\xampp\htdocs\codi\system\BaseModel.php(557): CodeIgniter\Model->doFind(false, NULL)
#6 C:\xampp\htdocs\codi\app\Controllers\DesenhistaPost.php(1161): CodeIgniter\BaseModel->find()
#7 C:\xampp\htdocs\codi\system\CodeIgniter.php(934): App\Controllers\DesenhistaPost->desenho_tag_lista()
#8 C:\xampp\htdocs\codi\system\CodeIgniter.php(499): CodeIgniter\CodeIgniter->runController(Object(App\Controllers\DesenhistaPost))
#9 C:\xampp\htdocs\codi\system\CodeIgniter.php(368): CodeIgniter\CodeIgniter->handleRequest(NULL, Object(Config\Cache), false)
#10 C:\xampp\htdocs\codi\public\index.php(67): CodeIgniter\CodeIgniter->run()
#11 {main}
CRITICAL - 2023-10-26 21:49:30 --> Table 'wl.tag' doesn't exist
in SYSTEMPATH\Database\MySQLi\Connection.php on line 295.
 1 SYSTEMPATH\Database\MySQLi\Connection.php(295): mysqli->query('SELECT *
FROM `tag`', 0)
 2 SYSTEMPATH\Database\BaseConnection.php(692): CodeIgniter\Database\MySQLi\Connection->execute('SELECT *
FROM `tag`')
 3 SYSTEMPATH\Database\BaseConnection.php(606): CodeIgniter\Database\BaseConnection->simpleQuery('SELECT *
FROM `tag`')
 4 SYSTEMPATH\Database\BaseBuilder.php(1616): CodeIgniter\Database\BaseConnection->query('SELECT *
FROM `tag`', [], false)
 5 SYSTEMPATH\Model.php(203): CodeIgniter\Database\BaseBuilder->get()
 6 SYSTEMPATH\BaseModel.php(557): CodeIgniter\Model->doFind(false, null)
 7 APPPATH\Controllers\DesenhistaPost.php(1161): CodeIgniter\BaseModel->find()
 8 SYSTEMPATH\CodeIgniter.php(934): App\Controllers\DesenhistaPost->desenho_tag_lista()
 9 SYSTEMPATH\CodeIgniter.php(499): CodeIgniter\CodeIgniter->runController(Object(App\Controllers\DesenhistaPost))
10 SYSTEMPATH\CodeIgniter.php(368): CodeIgniter\CodeIgniter->handleRequest(null, Object(Config\Cache), false)
11 FCPATH\index.php(67): CodeIgniter\CodeIgniter->run()
ERROR - 2023-10-26 21:49:31 --> mysqli_sql_exception: Table 'wl.tag' doesn't exist in C:\xampp\htdocs\codi\system\Database\MySQLi\Connection.php:295
Stack trace:
#0 C:\xampp\htdocs\codi\system\Database\MySQLi\Connection.php(295): mysqli->query('SELECT *\nFROM `...', 0)
#1 C:\xampp\htdocs\codi\system\Database\BaseConnection.php(692): CodeIgniter\Database\MySQLi\Connection->execute('SELECT *\nFROM `...')
#2 C:\xampp\htdocs\codi\system\Database\BaseConnection.php(606): CodeIgniter\Database\BaseConnection->simpleQuery('SELECT *\nFROM `...')
#3 C:\xampp\htdocs\codi\system\Database\BaseBuilder.php(1616): CodeIgniter\Database\BaseConnection->query('SELECT *\nFROM `...', Array, false)
#4 C:\xampp\htdocs\codi\system\Model.php(203): CodeIgniter\Database\BaseBuilder->get()
#5 C:\xampp\htdocs\codi\system\BaseModel.php(557): CodeIgniter\Model->doFind(false, NULL)
#6 C:\xampp\htdocs\codi\app\Controllers\DesenhistaPost.php(1161): CodeIgniter\BaseModel->find()
#7 C:\xampp\htdocs\codi\system\CodeIgniter.php(934): App\Controllers\DesenhistaPost->desenho_tag_lista()
#8 C:\xampp\htdocs\codi\system\CodeIgniter.php(499): CodeIgniter\CodeIgniter->runController(Object(App\Controllers\DesenhistaPost))
#9 C:\xampp\htdocs\codi\system\CodeIgniter.php(368): CodeIgniter\CodeIgniter->handleRequest(NULL, Object(Config\Cache), false)
#10 C:\xampp\htdocs\codi\public\index.php(67): CodeIgniter\CodeIgniter->run()
#11 {main}
CRITICAL - 2023-10-26 21:49:31 --> Table 'wl.tag' doesn't exist
in SYSTEMPATH\Database\MySQLi\Connection.php on line 295.
 1 SYSTEMPATH\Database\MySQLi\Connection.php(295): mysqli->query('SELECT *
FROM `tag`', 0)
 2 SYSTEMPATH\Database\BaseConnection.php(692): CodeIgniter\Database\MySQLi\Connection->execute('SELECT *
FROM `tag`')
 3 SYSTEMPATH\Database\BaseConnection.php(606): CodeIgniter\Database\BaseConnection->simpleQuery('SELECT *
FROM `tag`')
 4 SYSTEMPATH\Database\BaseBuilder.php(1616): CodeIgniter\Database\BaseConnection->query('SELECT *
FROM `tag`', [], false)
 5 SYSTEMPATH\Model.php(203): CodeIgniter\Database\BaseBuilder->get()
 6 SYSTEMPATH\BaseModel.php(557): CodeIgniter\Model->doFind(false, null)
 7 APPPATH\Controllers\DesenhistaPost.php(1161): CodeIgniter\BaseModel->find()
 8 SYSTEMPATH\CodeIgniter.php(934): App\Controllers\DesenhistaPost->desenho_tag_lista()
 9 SYSTEMPATH\CodeIgniter.php(499): CodeIgniter\CodeIgniter->runController(Object(App\Controllers\DesenhistaPost))
10 SYSTEMPATH\CodeIgniter.php(368): CodeIgniter\CodeIgniter->handleRequest(null, Object(Config\Cache), false)
11 FCPATH\index.php(67): CodeIgniter\CodeIgniter->run()
ERROR - 2023-10-26 21:49:31 --> mysqli_sql_exception: Table 'wl.tag' doesn't exist in C:\xampp\htdocs\codi\system\Database\MySQLi\Connection.php:295
Stack trace:
#0 C:\xampp\htdocs\codi\system\Database\MySQLi\Connection.php(295): mysqli->query('SELECT *\nFROM `...', 0)
#1 C:\xampp\htdocs\codi\system\Database\BaseConnection.php(692): CodeIgniter\Database\MySQLi\Connection->execute('SELECT *\nFROM `...')
#2 C:\xampp\htdocs\codi\system\Database\BaseConnection.php(606): CodeIgniter\Database\BaseConnection->simpleQuery('SELECT *\nFROM `...')
#3 C:\xampp\htdocs\codi\system\Database\BaseBuilder.php(1616): CodeIgniter\Database\BaseConnection->query('SELECT *\nFROM `...', Array, false)
#4 C:\xampp\htdocs\codi\system\Model.php(203): CodeIgniter\Database\BaseBuilder->get()
#5 C:\xampp\htdocs\codi\system\BaseModel.php(557): CodeIgniter\Model->doFind(false, NULL)
#6 C:\xampp\htdocs\codi\app\Controllers\DesenhistaPost.php(1161): CodeIgniter\BaseModel->find()
#7 C:\xampp\htdocs\codi\system\CodeIgniter.php(934): App\Controllers\DesenhistaPost->desenho_tag_lista()
#8 C:\xampp\htdocs\codi\system\CodeIgniter.php(499): CodeIgniter\CodeIgniter->runController(Object(App\Controllers\DesenhistaPost))
#9 C:\xampp\htdocs\codi\system\CodeIgniter.php(368): CodeIgniter\CodeIgniter->handleRequest(NULL, Object(Config\Cache), false)
#10 C:\xampp\htdocs\codi\public\index.php(67): CodeIgniter\CodeIgniter->run()
#11 {main}
CRITICAL - 2023-10-26 21:49:31 --> Table 'wl.tag' doesn't exist
in SYSTEMPATH\Database\MySQLi\Connection.php on line 295.
 1 SYSTEMPATH\Database\MySQLi\Connection.php(295): mysqli->query('SELECT *
FROM `tag`', 0)
 2 SYSTEMPATH\Database\BaseConnection.php(692): CodeIgniter\Database\MySQLi\Connection->execute('SELECT *
FROM `tag`')
 3 SYSTEMPATH\Database\BaseConnection.php(606): CodeIgniter\Database\BaseConnection->simpleQuery('SELECT *
FROM `tag`')
 4 SYSTEMPATH\Database\BaseBuilder.php(1616): CodeIgniter\Database\BaseConnection->query('SELECT *
FROM `tag`', [], false)
 5 SYSTEMPATH\Model.php(203): CodeIgniter\Database\BaseBuilder->get()
 6 SYSTEMPATH\BaseModel.php(557): CodeIgniter\Model->doFind(false, null)
 7 APPPATH\Controllers\DesenhistaPost.php(1161): CodeIgniter\BaseModel->find()
 8 SYSTEMPATH\CodeIgniter.php(934): App\Controllers\DesenhistaPost->desenho_tag_lista()
 9 SYSTEMPATH\CodeIgniter.php(499): CodeIgniter\CodeIgniter->runController(Object(App\Controllers\DesenhistaPost))
10 SYSTEMPATH\CodeIgniter.php(368): CodeIgniter\CodeIgniter->handleRequest(null, Object(Config\Cache), false)
11 FCPATH\index.php(67): CodeIgniter\CodeIgniter->run()
ERROR - 2023-10-26 21:49:32 --> mysqli_sql_exception: Table 'wl.tag' doesn't exist in C:\xampp\htdocs\codi\system\Database\MySQLi\Connection.php:295
Stack trace:
#0 C:\xampp\htdocs\codi\system\Database\MySQLi\Connection.php(295): mysqli->query('SELECT *\nFROM `...', 0)
#1 C:\xampp\htdocs\codi\system\Database\BaseConnection.php(692): CodeIgniter\Database\MySQLi\Connection->execute('SELECT *\nFROM `...')
#2 C:\xampp\htdocs\codi\system\Database\BaseConnection.php(606): CodeIgniter\Database\BaseConnection->simpleQuery('SELECT *\nFROM `...')
#3 C:\xampp\htdocs\codi\system\Database\BaseBuilder.php(1616): CodeIgniter\Database\BaseConnection->query('SELECT *\nFROM `...', Array, false)
#4 C:\xampp\htdocs\codi\system\Model.php(203): CodeIgniter\Database\BaseBuilder->get()
#5 C:\xampp\htdocs\codi\system\BaseModel.php(557): CodeIgniter\Model->doFind(false, NULL)
#6 C:\xampp\htdocs\codi\app\Controllers\DesenhistaPost.php(1161): CodeIgniter\BaseModel->find()
#7 C:\xampp\htdocs\codi\system\CodeIgniter.php(934): App\Controllers\DesenhistaPost->desenho_tag_lista()
#8 C:\xampp\htdocs\codi\system\CodeIgniter.php(499): CodeIgniter\CodeIgniter->runController(Object(App\Controllers\DesenhistaPost))
#9 C:\xampp\htdocs\codi\system\CodeIgniter.php(368): CodeIgniter\CodeIgniter->handleRequest(NULL, Object(Config\Cache), false)
#10 C:\xampp\htdocs\codi\public\index.php(67): CodeIgniter\CodeIgniter->run()
#11 {main}
CRITICAL - 2023-10-26 21:49:32 --> Table 'wl.tag' doesn't exist
in SYSTEMPATH\Database\MySQLi\Connection.php on line 295.
 1 SYSTEMPATH\Database\MySQLi\Connection.php(295): mysqli->query('SELECT *
FROM `tag`', 0)
 2 SYSTEMPATH\Database\BaseConnection.php(692): CodeIgniter\Database\MySQLi\Connection->execute('SELECT *
FROM `tag`')
 3 SYSTEMPATH\Database\BaseConnection.php(606): CodeIgniter\Database\BaseConnection->simpleQuery('SELECT *
FROM `tag`')
 4 SYSTEMPATH\Database\BaseBuilder.php(1616): CodeIgniter\Database\BaseConnection->query('SELECT *
FROM `tag`', [], false)
 5 SYSTEMPATH\Model.php(203): CodeIgniter\Database\BaseBuilder->get()
 6 SYSTEMPATH\BaseModel.php(557): CodeIgniter\Model->doFind(false, null)
 7 APPPATH\Controllers\DesenhistaPost.php(1161): CodeIgniter\BaseModel->find()
 8 SYSTEMPATH\CodeIgniter.php(934): App\Controllers\DesenhistaPost->desenho_tag_lista()
 9 SYSTEMPATH\CodeIgniter.php(499): CodeIgniter\CodeIgniter->runController(Object(App\Controllers\DesenhistaPost))
10 SYSTEMPATH\CodeIgniter.php(368): CodeIgniter\CodeIgniter->handleRequest(null, Object(Config\Cache), false)
11 FCPATH\index.php(67): CodeIgniter\CodeIgniter->run()
ERROR - 2023-10-26 21:49:32 --> mysqli_sql_exception: Table 'wl.tag' doesn't exist in C:\xampp\htdocs\codi\system\Database\MySQLi\Connection.php:295
Stack trace:
#0 C:\xampp\htdocs\codi\system\Database\MySQLi\Connection.php(295): mysqli->query('SELECT *\nFROM `...', 0)
#1 C:\xampp\htdocs\codi\system\Database\BaseConnection.php(692): CodeIgniter\Database\MySQLi\Connection->execute('SELECT *\nFROM `...')
#2 C:\xampp\htdocs\codi\system\Database\BaseConnection.php(606): CodeIgniter\Database\BaseConnection->simpleQuery('SELECT *\nFROM `...')
#3 C:\xampp\htdocs\codi\system\Database\BaseBuilder.php(1616): CodeIgniter\Database\BaseConnection->query('SELECT *\nFROM `...', Array, false)
#4 C:\xampp\htdocs\codi\system\Model.php(203): CodeIgniter\Database\BaseBuilder->get()
#5 C:\xampp\htdocs\codi\system\BaseModel.php(557): CodeIgniter\Model->doFind(false, NULL)
#6 C:\xampp\htdocs\codi\app\Controllers\DesenhistaPost.php(1161): CodeIgniter\BaseModel->find()
#7 C:\xampp\htdocs\codi\system\CodeIgniter.php(934): App\Controllers\DesenhistaPost->desenho_tag_lista()
#8 C:\xampp\htdocs\codi\system\CodeIgniter.php(499): CodeIgniter\CodeIgniter->runController(Object(App\Controllers\DesenhistaPost))
#9 C:\xampp\htdocs\codi\system\CodeIgniter.php(368): CodeIgniter\CodeIgniter->handleRequest(NULL, Object(Config\Cache), false)
#10 C:\xampp\htdocs\codi\public\index.php(67): CodeIgniter\CodeIgniter->run()
#11 {main}
CRITICAL - 2023-10-26 21:49:32 --> Table 'wl.tag' doesn't exist
in SYSTEMPATH\Database\MySQLi\Connection.php on line 295.
 1 SYSTEMPATH\Database\MySQLi\Connection.php(295): mysqli->query('SELECT *
FROM `tag`', 0)
 2 SYSTEMPATH\Database\BaseConnection.php(692): CodeIgniter\Database\MySQLi\Connection->execute('SELECT *
FROM `tag`')
 3 SYSTEMPATH\Database\BaseConnection.php(606): CodeIgniter\Database\BaseConnection->simpleQuery('SELECT *
FROM `tag`')
 4 SYSTEMPATH\Database\BaseBuilder.php(1616): CodeIgniter\Database\BaseConnection->query('SELECT *
FROM `tag`', [], false)
 5 SYSTEMPATH\Model.php(203): CodeIgniter\Database\BaseBuilder->get()
 6 SYSTEMPATH\BaseModel.php(557): CodeIgniter\Model->doFind(false, null)
 7 APPPATH\Controllers\DesenhistaPost.php(1161): CodeIgniter\BaseModel->find()
 8 SYSTEMPATH\CodeIgniter.php(934): App\Controllers\DesenhistaPost->desenho_tag_lista()
 9 SYSTEMPATH\CodeIgniter.php(499): CodeIgniter\CodeIgniter->runController(Object(App\Controllers\DesenhistaPost))
10 SYSTEMPATH\CodeIgniter.php(368): CodeIgniter\CodeIgniter->handleRequest(null, Object(Config\Cache), false)
11 FCPATH\index.php(67): CodeIgniter\CodeIgniter->run()
ERROR - 2023-10-26 21:49:33 --> mysqli_sql_exception: Table 'wl.tag' doesn't exist in C:\xampp\htdocs\codi\system\Database\MySQLi\Connection.php:295
Stack trace:
#0 C:\xampp\htdocs\codi\system\Database\MySQLi\Connection.php(295): mysqli->query('SELECT *\nFROM `...', 0)
#1 C:\xampp\htdocs\codi\system\Database\BaseConnection.php(692): CodeIgniter\Database\MySQLi\Connection->execute('SELECT *\nFROM `...')
#2 C:\xampp\htdocs\codi\system\Database\BaseConnection.php(606): CodeIgniter\Database\BaseConnection->simpleQuery('SELECT *\nFROM `...')
#3 C:\xampp\htdocs\codi\system\Database\BaseBuilder.php(1616): CodeIgniter\Database\BaseConnection->query('SELECT *\nFROM `...', Array, false)
#4 C:\xampp\htdocs\codi\system\Model.php(203): CodeIgniter\Database\BaseBuilder->get()
#5 C:\xampp\htdocs\codi\system\BaseModel.php(557): CodeIgniter\Model->doFind(false, NULL)
#6 C:\xampp\htdocs\codi\app\Controllers\DesenhistaPost.php(1161): CodeIgniter\BaseModel->find()
#7 C:\xampp\htdocs\codi\system\CodeIgniter.php(934): App\Controllers\DesenhistaPost->desenho_tag_lista()
#8 C:\xampp\htdocs\codi\system\CodeIgniter.php(499): CodeIgniter\CodeIgniter->runController(Object(App\Controllers\DesenhistaPost))
#9 C:\xampp\htdocs\codi\system\CodeIgniter.php(368): CodeIgniter\CodeIgniter->handleRequest(NULL, Object(Config\Cache), false)
#10 C:\xampp\htdocs\codi\public\index.php(67): CodeIgniter\CodeIgniter->run()
#11 {main}
CRITICAL - 2023-10-26 21:49:33 --> Table 'wl.tag' doesn't exist
in SYSTEMPATH\Database\MySQLi\Connection.php on line 295.
 1 SYSTEMPATH\Database\MySQLi\Connection.php(295): mysqli->query('SELECT *
FROM `tag`', 0)
 2 SYSTEMPATH\Database\BaseConnection.php(692): CodeIgniter\Database\MySQLi\Connection->execute('SELECT *
FROM `tag`')
 3 SYSTEMPATH\Database\BaseConnection.php(606): CodeIgniter\Database\BaseConnection->simpleQuery('SELECT *
FROM `tag`')
 4 SYSTEMPATH\Database\BaseBuilder.php(1616): CodeIgniter\Database\BaseConnection->query('SELECT *
FROM `tag`', [], false)
 5 SYSTEMPATH\Model.php(203): CodeIgniter\Database\BaseBuilder->get()
 6 SYSTEMPATH\BaseModel.php(557): CodeIgniter\Model->doFind(false, null)
 7 APPPATH\Controllers\DesenhistaPost.php(1161): CodeIgniter\BaseModel->find()
 8 SYSTEMPATH\CodeIgniter.php(934): App\Controllers\DesenhistaPost->desenho_tag_lista()
 9 SYSTEMPATH\CodeIgniter.php(499): CodeIgniter\CodeIgniter->runController(Object(App\Controllers\DesenhistaPost))
10 SYSTEMPATH\CodeIgniter.php(368): CodeIgniter\CodeIgniter->handleRequest(null, Object(Config\Cache), false)
11 FCPATH\index.php(67): CodeIgniter\CodeIgniter->run()
ERROR - 2023-10-26 21:49:33 --> mysqli_sql_exception: Table 'wl.tag' doesn't exist in C:\xampp\htdocs\codi\system\Database\MySQLi\Connection.php:295
Stack trace:
#0 C:\xampp\htdocs\codi\system\Database\MySQLi\Connection.php(295): mysqli->query('SELECT *\nFROM `...', 0)
#1 C:\xampp\htdocs\codi\system\Database\BaseConnection.php(692): CodeIgniter\Database\MySQLi\Connection->execute('SELECT *\nFROM `...')
#2 C:\xampp\htdocs\codi\system\Database\BaseConnection.php(606): CodeIgniter\Database\BaseConnection->simpleQuery('SELECT *\nFROM `...')
#3 C:\xampp\htdocs\codi\system\Database\BaseBuilder.php(1616): CodeIgniter\Database\BaseConnection->query('SELECT *\nFROM `...', Array, false)
#4 C:\xampp\htdocs\codi\system\Model.php(203): CodeIgniter\Database\BaseBuilder->get()
#5 C:\xampp\htdocs\codi\system\BaseModel.php(557): CodeIgniter\Model->doFind(false, NULL)
#6 C:\xampp\htdocs\codi\app\Controllers\DesenhistaPost.php(1161): CodeIgniter\BaseModel->find()
#7 C:\xampp\htdocs\codi\system\CodeIgniter.php(934): App\Controllers\DesenhistaPost->desenho_tag_lista()
#8 C:\xampp\htdocs\codi\system\CodeIgniter.php(499): CodeIgniter\CodeIgniter->runController(Object(App\Controllers\DesenhistaPost))
#9 C:\xampp\htdocs\codi\system\CodeIgniter.php(368): CodeIgniter\CodeIgniter->handleRequest(NULL, Object(Config\Cache), false)
#10 C:\xampp\htdocs\codi\public\index.php(67): CodeIgniter\CodeIgniter->run()
#11 {main}
CRITICAL - 2023-10-26 21:49:33 --> Table 'wl.tag' doesn't exist
in SYSTEMPATH\Database\MySQLi\Connection.php on line 295.
 1 SYSTEMPATH\Database\MySQLi\Connection.php(295): mysqli->query('SELECT *
FROM `tag`', 0)
 2 SYSTEMPATH\Database\BaseConnection.php(692): CodeIgniter\Database\MySQLi\Connection->execute('SELECT *
FROM `tag`')
 3 SYSTEMPATH\Database\BaseConnection.php(606): CodeIgniter\Database\BaseConnection->simpleQuery('SELECT *
FROM `tag`')
 4 SYSTEMPATH\Database\BaseBuilder.php(1616): CodeIgniter\Database\BaseConnection->query('SELECT *
FROM `tag`', [], false)
 5 SYSTEMPATH\Model.php(203): CodeIgniter\Database\BaseBuilder->get()
 6 SYSTEMPATH\BaseModel.php(557): CodeIgniter\Model->doFind(false, null)
 7 APPPATH\Controllers\DesenhistaPost.php(1161): CodeIgniter\BaseModel->find()
 8 SYSTEMPATH\CodeIgniter.php(934): App\Controllers\DesenhistaPost->desenho_tag_lista()
 9 SYSTEMPATH\CodeIgniter.php(499): CodeIgniter\CodeIgniter->runController(Object(App\Controllers\DesenhistaPost))
10 SYSTEMPATH\CodeIgniter.php(368): CodeIgniter\CodeIgniter->handleRequest(null, Object(Config\Cache), false)
11 FCPATH\index.php(67): CodeIgniter\CodeIgniter->run()
ERROR - 2023-10-26 21:49:34 --> mysqli_sql_exception: Table 'wl.tag' doesn't exist in C:\xampp\htdocs\codi\system\Database\MySQLi\Connection.php:295
Stack trace:
#0 C:\xampp\htdocs\codi\system\Database\MySQLi\Connection.php(295): mysqli->query('SELECT *\nFROM `...', 0)
#1 C:\xampp\htdocs\codi\system\Database\BaseConnection.php(692): CodeIgniter\Database\MySQLi\Connection->execute('SELECT *\nFROM `...')
#2 C:\xampp\htdocs\codi\system\Database\BaseConnection.php(606): CodeIgniter\Database\BaseConnection->simpleQuery('SELECT *\nFROM `...')
#3 C:\xampp\htdocs\codi\system\Database\BaseBuilder.php(1616): CodeIgniter\Database\BaseConnection->query('SELECT *\nFROM `...', Array, false)
#4 C:\xampp\htdocs\codi\system\Model.php(203): CodeIgniter\Database\BaseBuilder->get()
#5 C:\xampp\htdocs\codi\system\BaseModel.php(557): CodeIgniter\Model->doFind(false, NULL)
#6 C:\xampp\htdocs\codi\app\Controllers\DesenhistaPost.php(1161): CodeIgniter\BaseModel->find()
#7 C:\xampp\htdocs\codi\system\CodeIgniter.php(934): App\Controllers\DesenhistaPost->desenho_tag_lista()
#8 C:\xampp\htdocs\codi\system\CodeIgniter.php(499): CodeIgniter\CodeIgniter->runController(Object(App\Controllers\DesenhistaPost))
#9 C:\xampp\htdocs\codi\system\CodeIgniter.php(368): CodeIgniter\CodeIgniter->handleRequest(NULL, Object(Config\Cache), false)
#10 C:\xampp\htdocs\codi\public\index.php(67): CodeIgniter\CodeIgniter->run()
#11 {main}
CRITICAL - 2023-10-26 21:49:34 --> Table 'wl.tag' doesn't exist
in SYSTEMPATH\Database\MySQLi\Connection.php on line 295.
 1 SYSTEMPATH\Database\MySQLi\Connection.php(295): mysqli->query('SELECT *
FROM `tag`', 0)
 2 SYSTEMPATH\Database\BaseConnection.php(692): CodeIgniter\Database\MySQLi\Connection->execute('SELECT *
FROM `tag`')
 3 SYSTEMPATH\Database\BaseConnection.php(606): CodeIgniter\Database\BaseConnection->simpleQuery('SELECT *
FROM `tag`')
 4 SYSTEMPATH\Database\BaseBuilder.php(1616): CodeIgniter\Database\BaseConnection->query('SELECT *
FROM `tag`', [], false)
 5 SYSTEMPATH\Model.php(203): CodeIgniter\Database\BaseBuilder->get()
 6 SYSTEMPATH\BaseModel.php(557): CodeIgniter\Model->doFind(false, null)
 7 APPPATH\Controllers\DesenhistaPost.php(1161): CodeIgniter\BaseModel->find()
 8 SYSTEMPATH\CodeIgniter.php(934): App\Controllers\DesenhistaPost->desenho_tag_lista()
 9 SYSTEMPATH\CodeIgniter.php(499): CodeIgniter\CodeIgniter->runController(Object(App\Controllers\DesenhistaPost))
10 SYSTEMPATH\CodeIgniter.php(368): CodeIgniter\CodeIgniter->handleRequest(null, Object(Config\Cache), false)
11 FCPATH\index.php(67): CodeIgniter\CodeIgniter->run()
ERROR - 2023-10-26 21:49:34 --> mysqli_sql_exception: Table 'wl.tag' doesn't exist in C:\xampp\htdocs\codi\system\Database\MySQLi\Connection.php:295
Stack trace:
#0 C:\xampp\htdocs\codi\system\Database\MySQLi\Connection.php(295): mysqli->query('SELECT *\nFROM `...', 0)
#1 C:\xampp\htdocs\codi\system\Database\BaseConnection.php(692): CodeIgniter\Database\MySQLi\Connection->execute('SELECT *\nFROM `...')
#2 C:\xampp\htdocs\codi\system\Database\BaseConnection.php(606): CodeIgniter\Database\BaseConnection->simpleQuery('SELECT *\nFROM `...')
#3 C:\xampp\htdocs\codi\system\Database\BaseBuilder.php(1616): CodeIgniter\Database\BaseConnection->query('SELECT *\nFROM `...', Array, false)
#4 C:\xampp\htdocs\codi\system\Model.php(203): CodeIgniter\Database\BaseBuilder->get()
#5 C:\xampp\htdocs\codi\system\BaseModel.php(557): CodeIgniter\Model->doFind(false, NULL)
#6 C:\xampp\htdocs\codi\app\Controllers\DesenhistaPost.php(1161): CodeIgniter\BaseModel->find()
#7 C:\xampp\htdocs\codi\system\CodeIgniter.php(934): App\Controllers\DesenhistaPost->desenho_tag_lista()
#8 C:\xampp\htdocs\codi\system\CodeIgniter.php(499): CodeIgniter\CodeIgniter->runController(Object(App\Controllers\DesenhistaPost))
#9 C:\xampp\htdocs\codi\system\CodeIgniter.php(368): CodeIgniter\CodeIgniter->handleRequest(NULL, Object(Config\Cache), false)
#10 C:\xampp\htdocs\codi\public\index.php(67): CodeIgniter\CodeIgniter->run()
#11 {main}
CRITICAL - 2023-10-26 21:49:34 --> Table 'wl.tag' doesn't exist
in SYSTEMPATH\Database\MySQLi\Connection.php on line 295.
 1 SYSTEMPATH\Database\MySQLi\Connection.php(295): mysqli->query('SELECT *
FROM `tag`', 0)
 2 SYSTEMPATH\Database\BaseConnection.php(692): CodeIgniter\Database\MySQLi\Connection->execute('SELECT *
FROM `tag`')
 3 SYSTEMPATH\Database\BaseConnection.php(606): CodeIgniter\Database\BaseConnection->simpleQuery('SELECT *
FROM `tag`')
 4 SYSTEMPATH\Database\BaseBuilder.php(1616): CodeIgniter\Database\BaseConnection->query('SELECT *
FROM `tag`', [], false)
 5 SYSTEMPATH\Model.php(203): CodeIgniter\Database\BaseBuilder->get()
 6 SYSTEMPATH\BaseModel.php(557): CodeIgniter\Model->doFind(false, null)
 7 APPPATH\Controllers\DesenhistaPost.php(1161): CodeIgniter\BaseModel->find()
 8 SYSTEMPATH\CodeIgniter.php(934): App\Controllers\DesenhistaPost->desenho_tag_lista()
 9 SYSTEMPATH\CodeIgniter.php(499): CodeIgniter\CodeIgniter->runController(Object(App\Controllers\DesenhistaPost))
10 SYSTEMPATH\CodeIgniter.php(368): CodeIgniter\CodeIgniter->handleRequest(null, Object(Config\Cache), false)
11 FCPATH\index.php(67): CodeIgniter\CodeIgniter->run()
ERROR - 2023-10-26 21:49:40 --> mysqli_sql_exception: Table 'wl.tag' doesn't exist in C:\xampp\htdocs\codi\system\Database\MySQLi\Connection.php:295
Stack trace:
#0 C:\xampp\htdocs\codi\system\Database\MySQLi\Connection.php(295): mysqli->query('SELECT *\nFROM `...', 0)
#1 C:\xampp\htdocs\codi\system\Database\BaseConnection.php(692): CodeIgniter\Database\MySQLi\Connection->execute('SELECT *\nFROM `...')
#2 C:\xampp\htdocs\codi\system\Database\BaseConnection.php(606): CodeIgniter\Database\BaseConnection->simpleQuery('SELECT *\nFROM `...')
#3 C:\xampp\htdocs\codi\system\Database\BaseBuilder.php(1616): CodeIgniter\Database\BaseConnection->query('SELECT *\nFROM `...', Array, false)
#4 C:\xampp\htdocs\codi\system\Model.php(203): CodeIgniter\Database\BaseBuilder->get()
#5 C:\xampp\htdocs\codi\system\BaseModel.php(557): CodeIgniter\Model->doFind(false, NULL)
#6 C:\xampp\htdocs\codi\app\Controllers\DesenhistaPost.php(1161): CodeIgniter\BaseModel->find()
#7 C:\xampp\htdocs\codi\system\CodeIgniter.php(934): App\Controllers\DesenhistaPost->desenho_tag_lista()
#8 C:\xampp\htdocs\codi\system\CodeIgniter.php(499): CodeIgniter\CodeIgniter->runController(Object(App\Controllers\DesenhistaPost))
#9 C:\xampp\htdocs\codi\system\CodeIgniter.php(368): CodeIgniter\CodeIgniter->handleRequest(NULL, Object(Config\Cache), false)
#10 C:\xampp\htdocs\codi\public\index.php(67): CodeIgniter\CodeIgniter->run()
#11 {main}
CRITICAL - 2023-10-26 21:49:40 --> Table 'wl.tag' doesn't exist
in SYSTEMPATH\Database\MySQLi\Connection.php on line 295.
 1 SYSTEMPATH\Database\MySQLi\Connection.php(295): mysqli->query('SELECT *
FROM `tag`', 0)
 2 SYSTEMPATH\Database\BaseConnection.php(692): CodeIgniter\Database\MySQLi\Connection->execute('SELECT *
FROM `tag`')
 3 SYSTEMPATH\Database\BaseConnection.php(606): CodeIgniter\Database\BaseConnection->simpleQuery('SELECT *
FROM `tag`')
 4 SYSTEMPATH\Database\BaseBuilder.php(1616): CodeIgniter\Database\BaseConnection->query('SELECT *
FROM `tag`', [], false)
 5 SYSTEMPATH\Model.php(203): CodeIgniter\Database\BaseBuilder->get()
 6 SYSTEMPATH\BaseModel.php(557): CodeIgniter\Model->doFind(false, null)
 7 APPPATH\Controllers\DesenhistaPost.php(1161): CodeIgniter\BaseModel->find()
 8 SYSTEMPATH\CodeIgniter.php(934): App\Controllers\DesenhistaPost->desenho_tag_lista()
 9 SYSTEMPATH\CodeIgniter.php(499): CodeIgniter\CodeIgniter->runController(Object(App\Controllers\DesenhistaPost))
10 SYSTEMPATH\CodeIgniter.php(368): CodeIgniter\CodeIgniter->handleRequest(null, Object(Config\Cache), false)
11 FCPATH\index.php(67): CodeIgniter\CodeIgniter->run()
ERROR - 2023-10-26 21:49:40 --> mysqli_sql_exception: Table 'wl.tag' doesn't exist in C:\xampp\htdocs\codi\system\Database\MySQLi\Connection.php:295
Stack trace:
#0 C:\xampp\htdocs\codi\system\Database\MySQLi\Connection.php(295): mysqli->query('SELECT *\nFROM `...', 0)
#1 C:\xampp\htdocs\codi\system\Database\BaseConnection.php(692): CodeIgniter\Database\MySQLi\Connection->execute('SELECT *\nFROM `...')
#2 C:\xampp\htdocs\codi\system\Database\BaseConnection.php(606): CodeIgniter\Database\BaseConnection->simpleQuery('SELECT *\nFROM `...')
#3 C:\xampp\htdocs\codi\system\Database\BaseBuilder.php(1616): CodeIgniter\Database\BaseConnection->query('SELECT *\nFROM `...', Array, false)
#4 C:\xampp\htdocs\codi\system\Model.php(203): CodeIgniter\Database\BaseBuilder->get()
#5 C:\xampp\htdocs\codi\system\BaseModel.php(557): CodeIgniter\Model->doFind(false, NULL)
#6 C:\xampp\htdocs\codi\app\Controllers\DesenhistaPost.php(1161): CodeIgniter\BaseModel->find()
#7 C:\xampp\htdocs\codi\system\CodeIgniter.php(934): App\Controllers\DesenhistaPost->desenho_tag_lista()
#8 C:\xampp\htdocs\codi\system\CodeIgniter.php(499): CodeIgniter\CodeIgniter->runController(Object(App\Controllers\DesenhistaPost))
#9 C:\xampp\htdocs\codi\system\CodeIgniter.php(368): CodeIgniter\CodeIgniter->handleRequest(NULL, Object(Config\Cache), false)
#10 C:\xampp\htdocs\codi\public\index.php(67): CodeIgniter\CodeIgniter->run()
#11 {main}
CRITICAL - 2023-10-26 21:49:40 --> Table 'wl.tag' doesn't exist
in SYSTEMPATH\Database\MySQLi\Connection.php on line 295.
 1 SYSTEMPATH\Database\MySQLi\Connection.php(295): mysqli->query('SELECT *
FROM `tag`', 0)
 2 SYSTEMPATH\Database\BaseConnection.php(692): CodeIgniter\Database\MySQLi\Connection->execute('SELECT *
FROM `tag`')
 3 SYSTEMPATH\Database\BaseConnection.php(606): CodeIgniter\Database\BaseConnection->simpleQuery('SELECT *
FROM `tag`')
 4 SYSTEMPATH\Database\BaseBuilder.php(1616): CodeIgniter\Database\BaseConnection->query('SELECT *
FROM `tag`', [], false)
 5 SYSTEMPATH\Model.php(203): CodeIgniter\Database\BaseBuilder->get()
 6 SYSTEMPATH\BaseModel.php(557): CodeIgniter\Model->doFind(false, null)
 7 APPPATH\Controllers\DesenhistaPost.php(1161): CodeIgniter\BaseModel->find()
 8 SYSTEMPATH\CodeIgniter.php(934): App\Controllers\DesenhistaPost->desenho_tag_lista()
 9 SYSTEMPATH\CodeIgniter.php(499): CodeIgniter\CodeIgniter->runController(Object(App\Controllers\DesenhistaPost))
10 SYSTEMPATH\CodeIgniter.php(368): CodeIgniter\CodeIgniter->handleRequest(null, Object(Config\Cache), false)
11 FCPATH\index.php(67): CodeIgniter\CodeIgniter->run()
ERROR - 2023-10-26 21:49:41 --> mysqli_sql_exception: Table 'wl.tag' doesn't exist in C:\xampp\htdocs\codi\system\Database\MySQLi\Connection.php:295
Stack trace:
#0 C:\xampp\htdocs\codi\system\Database\MySQLi\Connection.php(295): mysqli->query('SELECT *\nFROM `...', 0)
#1 C:\xampp\htdocs\codi\system\Database\BaseConnection.php(692): CodeIgniter\Database\MySQLi\Connection->execute('SELECT *\nFROM `...')
#2 C:\xampp\htdocs\codi\system\Database\BaseConnection.php(606): CodeIgniter\Database\BaseConnection->simpleQuery('SELECT *\nFROM `...')
#3 C:\xampp\htdocs\codi\system\Database\BaseBuilder.php(1616): CodeIgniter\Database\BaseConnection->query('SELECT *\nFROM `...', Array, false)
#4 C:\xampp\htdocs\codi\system\Model.php(203): CodeIgniter\Database\BaseBuilder->get()
#5 C:\xampp\htdocs\codi\system\BaseModel.php(557): CodeIgniter\Model->doFind(false, NULL)
#6 C:\xampp\htdocs\codi\app\Controllers\DesenhistaPost.php(1161): CodeIgniter\BaseModel->find()
#7 C:\xampp\htdocs\codi\system\CodeIgniter.php(934): App\Controllers\DesenhistaPost->desenho_tag_lista()
#8 C:\xampp\htdocs\codi\system\CodeIgniter.php(499): CodeIgniter\CodeIgniter->runController(Object(App\Controllers\DesenhistaPost))
#9 C:\xampp\htdocs\codi\system\CodeIgniter.php(368): CodeIgniter\CodeIgniter->handleRequest(NULL, Object(Config\Cache), false)
#10 C:\xampp\htdocs\codi\public\index.php(67): CodeIgniter\CodeIgniter->run()
#11 {main}
CRITICAL - 2023-10-26 21:49:41 --> Table 'wl.tag' doesn't exist
in SYSTEMPATH\Database\MySQLi\Connection.php on line 295.
 1 SYSTEMPATH\Database\MySQLi\Connection.php(295): mysqli->query('SELECT *
FROM `tag`', 0)
 2 SYSTEMPATH\Database\BaseConnection.php(692): CodeIgniter\Database\MySQLi\Connection->execute('SELECT *
FROM `tag`')
 3 SYSTEMPATH\Database\BaseConnection.php(606): CodeIgniter\Database\BaseConnection->simpleQuery('SELECT *
FROM `tag`')
 4 SYSTEMPATH\Database\BaseBuilder.php(1616): CodeIgniter\Database\BaseConnection->query('SELECT *
FROM `tag`', [], false)
 5 SYSTEMPATH\Model.php(203): CodeIgniter\Database\BaseBuilder->get()
 6 SYSTEMPATH\BaseModel.php(557): CodeIgniter\Model->doFind(false, null)
 7 APPPATH\Controllers\DesenhistaPost.php(1161): CodeIgniter\BaseModel->find()
 8 SYSTEMPATH\CodeIgniter.php(934): App\Controllers\DesenhistaPost->desenho_tag_lista()
 9 SYSTEMPATH\CodeIgniter.php(499): CodeIgniter\CodeIgniter->runController(Object(App\Controllers\DesenhistaPost))
10 SYSTEMPATH\CodeIgniter.php(368): CodeIgniter\CodeIgniter->handleRequest(null, Object(Config\Cache), false)
11 FCPATH\index.php(67): CodeIgniter\CodeIgniter->run()
ERROR - 2023-10-26 21:49:41 --> mysqli_sql_exception: Table 'wl.tag' doesn't exist in C:\xampp\htdocs\codi\system\Database\MySQLi\Connection.php:295
Stack trace:
#0 C:\xampp\htdocs\codi\system\Database\MySQLi\Connection.php(295): mysqli->query('SELECT *\nFROM `...', 0)
#1 C:\xampp\htdocs\codi\system\Database\BaseConnection.php(692): CodeIgniter\Database\MySQLi\Connection->execute('SELECT *\nFROM `...')
#2 C:\xampp\htdocs\codi\system\Database\BaseConnection.php(606): CodeIgniter\Database\BaseConnection->simpleQuery('SELECT *\nFROM `...')
#3 C:\xampp\htdocs\codi\system\Database\BaseBuilder.php(1616): CodeIgniter\Database\BaseConnection->query('SELECT *\nFROM `...', Array, false)
#4 C:\xampp\htdocs\codi\system\Model.php(203): CodeIgniter\Database\BaseBuilder->get()
#5 C:\xampp\htdocs\codi\system\BaseModel.php(557): CodeIgniter\Model->doFind(false, NULL)
#6 C:\xampp\htdocs\codi\app\Controllers\DesenhistaPost.php(1161): CodeIgniter\BaseModel->find()
#7 C:\xampp\htdocs\codi\system\CodeIgniter.php(934): App\Controllers\DesenhistaPost->desenho_tag_lista()
#8 C:\xampp\htdocs\codi\system\CodeIgniter.php(499): CodeIgniter\CodeIgniter->runController(Object(App\Controllers\DesenhistaPost))
#9 C:\xampp\htdocs\codi\system\CodeIgniter.php(368): CodeIgniter\CodeIgniter->handleRequest(NULL, Object(Config\Cache), false)
#10 C:\xampp\htdocs\codi\public\index.php(67): CodeIgniter\CodeIgniter->run()
#11 {main}
CRITICAL - 2023-10-26 21:49:41 --> Table 'wl.tag' doesn't exist
in SYSTEMPATH\Database\MySQLi\Connection.php on line 295.
 1 SYSTEMPATH\Database\MySQLi\Connection.php(295): mysqli->query('SELECT *
FROM `tag`', 0)
 2 SYSTEMPATH\Database\BaseConnection.php(692): CodeIgniter\Database\MySQLi\Connection->execute('SELECT *
FROM `tag`')
 3 SYSTEMPATH\Database\BaseConnection.php(606): CodeIgniter\Database\BaseConnection->simpleQuery('SELECT *
FROM `tag`')
 4 SYSTEMPATH\Database\BaseBuilder.php(1616): CodeIgniter\Database\BaseConnection->query('SELECT *
FROM `tag`', [], false)
 5 SYSTEMPATH\Model.php(203): CodeIgniter\Database\BaseBuilder->get()
 6 SYSTEMPATH\BaseModel.php(557): CodeIgniter\Model->doFind(false, null)
 7 APPPATH\Controllers\DesenhistaPost.php(1161): CodeIgniter\BaseModel->find()
 8 SYSTEMPATH\CodeIgniter.php(934): App\Controllers\DesenhistaPost->desenho_tag_lista()
 9 SYSTEMPATH\CodeIgniter.php(499): CodeIgniter\CodeIgniter->runController(Object(App\Controllers\DesenhistaPost))
10 SYSTEMPATH\CodeIgniter.php(368): CodeIgniter\CodeIgniter->handleRequest(null, Object(Config\Cache), false)
11 FCPATH\index.php(67): CodeIgniter\CodeIgniter->run()
ERROR - 2023-10-26 21:49:42 --> mysqli_sql_exception: Table 'wl.tag' doesn't exist in C:\xampp\htdocs\codi\system\Database\MySQLi\Connection.php:295
Stack trace:
#0 C:\xampp\htdocs\codi\system\Database\MySQLi\Connection.php(295): mysqli->query('SELECT *\nFROM `...', 0)
#1 C:\xampp\htdocs\codi\system\Database\BaseConnection.php(692): CodeIgniter\Database\MySQLi\Connection->execute('SELECT *\nFROM `...')
#2 C:\xampp\htdocs\codi\system\Database\BaseConnection.php(606): CodeIgniter\Database\BaseConnection->simpleQuery('SELECT *\nFROM `...')
#3 C:\xampp\htdocs\codi\system\Database\BaseBuilder.php(1616): CodeIgniter\Database\BaseConnection->query('SELECT *\nFROM `...', Array, false)
#4 C:\xampp\htdocs\codi\system\Model.php(203): CodeIgniter\Database\BaseBuilder->get()
#5 C:\xampp\htdocs\codi\system\BaseModel.php(557): CodeIgniter\Model->doFind(false, NULL)
#6 C:\xampp\htdocs\codi\app\Controllers\DesenhistaPost.php(1161): CodeIgniter\BaseModel->find()
#7 C:\xampp\htdocs\codi\system\CodeIgniter.php(934): App\Controllers\DesenhistaPost->desenho_tag_lista()
#8 C:\xampp\htdocs\codi\system\CodeIgniter.php(499): CodeIgniter\CodeIgniter->runController(Object(App\Controllers\DesenhistaPost))
#9 C:\xampp\htdocs\codi\system\CodeIgniter.php(368): CodeIgniter\CodeIgniter->handleRequest(NULL, Object(Config\Cache), false)
#10 C:\xampp\htdocs\codi\public\index.php(67): CodeIgniter\CodeIgniter->run()
#11 {main}
CRITICAL - 2023-10-26 21:49:42 --> Table 'wl.tag' doesn't exist
in SYSTEMPATH\Database\MySQLi\Connection.php on line 295.
 1 SYSTEMPATH\Database\MySQLi\Connection.php(295): mysqli->query('SELECT *
FROM `tag`', 0)
 2 SYSTEMPATH\Database\BaseConnection.php(692): CodeIgniter\Database\MySQLi\Connection->execute('SELECT *
FROM `tag`')
 3 SYSTEMPATH\Database\BaseConnection.php(606): CodeIgniter\Database\BaseConnection->simpleQuery('SELECT *
FROM `tag`')
 4 SYSTEMPATH\Database\BaseBuilder.php(1616): CodeIgniter\Database\BaseConnection->query('SELECT *
FROM `tag`', [], false)
 5 SYSTEMPATH\Model.php(203): CodeIgniter\Database\BaseBuilder->get()
 6 SYSTEMPATH\BaseModel.php(557): CodeIgniter\Model->doFind(false, null)
 7 APPPATH\Controllers\DesenhistaPost.php(1161): CodeIgniter\BaseModel->find()
 8 SYSTEMPATH\CodeIgniter.php(934): App\Controllers\DesenhistaPost->desenho_tag_lista()
 9 SYSTEMPATH\CodeIgniter.php(499): CodeIgniter\CodeIgniter->runController(Object(App\Controllers\DesenhistaPost))
10 SYSTEMPATH\CodeIgniter.php(368): CodeIgniter\CodeIgniter->handleRequest(null, Object(Config\Cache), false)
11 FCPATH\index.php(67): CodeIgniter\CodeIgniter->run()
ERROR - 2023-10-26 21:49:42 --> mysqli_sql_exception: Table 'wl.tag' doesn't exist in C:\xampp\htdocs\codi\system\Database\MySQLi\Connection.php:295
Stack trace:
#0 C:\xampp\htdocs\codi\system\Database\MySQLi\Connection.php(295): mysqli->query('SELECT *\nFROM `...', 0)
#1 C:\xampp\htdocs\codi\system\Database\BaseConnection.php(692): CodeIgniter\Database\MySQLi\Connection->execute('SELECT *\nFROM `...')
#2 C:\xampp\htdocs\codi\system\Database\BaseConnection.php(606): CodeIgniter\Database\BaseConnection->simpleQuery('SELECT *\nFROM `...')
#3 C:\xampp\htdocs\codi\system\Database\BaseBuilder.php(1616): CodeIgniter\Database\BaseConnection->query('SELECT *\nFROM `...', Array, false)
#4 C:\xampp\htdocs\codi\system\Model.php(203): CodeIgniter\Database\BaseBuilder->get()
#5 C:\xampp\htdocs\codi\system\BaseModel.php(557): CodeIgniter\Model->doFind(false, NULL)
#6 C:\xampp\htdocs\codi\app\Controllers\DesenhistaPost.php(1161): CodeIgniter\BaseModel->find()
#7 C:\xampp\htdocs\codi\system\CodeIgniter.php(934): App\Controllers\DesenhistaPost->desenho_tag_lista()
#8 C:\xampp\htdocs\codi\system\CodeIgniter.php(499): CodeIgniter\CodeIgniter->runController(Object(App\Controllers\DesenhistaPost))
#9 C:\xampp\htdocs\codi\system\CodeIgniter.php(368): CodeIgniter\CodeIgniter->handleRequest(NULL, Object(Config\Cache), false)
#10 C:\xampp\htdocs\codi\public\index.php(67): CodeIgniter\CodeIgniter->run()
#11 {main}
CRITICAL - 2023-10-26 21:49:42 --> Table 'wl.tag' doesn't exist
in SYSTEMPATH\Database\MySQLi\Connection.php on line 295.
 1 SYSTEMPATH\Database\MySQLi\Connection.php(295): mysqli->query('SELECT *
FROM `tag`', 0)
 2 SYSTEMPATH\Database\BaseConnection.php(692): CodeIgniter\Database\MySQLi\Connection->execute('SELECT *
FROM `tag`')
 3 SYSTEMPATH\Database\BaseConnection.php(606): CodeIgniter\Database\BaseConnection->simpleQuery('SELECT *
FROM `tag`')
 4 SYSTEMPATH\Database\BaseBuilder.php(1616): CodeIgniter\Database\BaseConnection->query('SELECT *
FROM `tag`', [], false)
 5 SYSTEMPATH\Model.php(203): CodeIgniter\Database\BaseBuilder->get()
 6 SYSTEMPATH\BaseModel.php(557): CodeIgniter\Model->doFind(false, null)
 7 APPPATH\Controllers\DesenhistaPost.php(1161): CodeIgniter\BaseModel->find()
 8 SYSTEMPATH\CodeIgniter.php(934): App\Controllers\DesenhistaPost->desenho_tag_lista()
 9 SYSTEMPATH\CodeIgniter.php(499): CodeIgniter\CodeIgniter->runController(Object(App\Controllers\DesenhistaPost))
10 SYSTEMPATH\CodeIgniter.php(368): CodeIgniter\CodeIgniter->handleRequest(null, Object(Config\Cache), false)
11 FCPATH\index.php(67): CodeIgniter\CodeIgniter->run()
ERROR - 2023-10-26 21:49:43 --> mysqli_sql_exception: Table 'wl.tag' doesn't exist in C:\xampp\htdocs\codi\system\Database\MySQLi\Connection.php:295
Stack trace:
#0 C:\xampp\htdocs\codi\system\Database\MySQLi\Connection.php(295): mysqli->query('SELECT *\nFROM `...', 0)
#1 C:\xampp\htdocs\codi\system\Database\BaseConnection.php(692): CodeIgniter\Database\MySQLi\Connection->execute('SELECT *\nFROM `...')
#2 C:\xampp\htdocs\codi\system\Database\BaseConnection.php(606): CodeIgniter\Database\BaseConnection->simpleQuery('SELECT *\nFROM `...')
#3 C:\xampp\htdocs\codi\system\Database\BaseBuilder.php(1616): CodeIgniter\Database\BaseConnection->query('SELECT *\nFROM `...', Array, false)
#4 C:\xampp\htdocs\codi\system\Model.php(203): CodeIgniter\Database\BaseBuilder->get()
#5 C:\xampp\htdocs\codi\system\BaseModel.php(557): CodeIgniter\Model->doFind(false, NULL)
#6 C:\xampp\htdocs\codi\app\Controllers\DesenhistaPost.php(1161): CodeIgniter\BaseModel->find()
#7 C:\xampp\htdocs\codi\system\CodeIgniter.php(934): App\Controllers\DesenhistaPost->desenho_tag_lista()
#8 C:\xampp\htdocs\codi\system\CodeIgniter.php(499): CodeIgniter\CodeIgniter->runController(Object(App\Controllers\DesenhistaPost))
#9 C:\xampp\htdocs\codi\system\CodeIgniter.php(368): CodeIgniter\CodeIgniter->handleRequest(NULL, Object(Config\Cache), false)
#10 C:\xampp\htdocs\codi\public\index.php(67): CodeIgniter\CodeIgniter->run()
#11 {main}
CRITICAL - 2023-10-26 21:49:43 --> Table 'wl.tag' doesn't exist
in SYSTEMPATH\Database\MySQLi\Connection.php on line 295.
 1 SYSTEMPATH\Database\MySQLi\Connection.php(295): mysqli->query('SELECT *
FROM `tag`', 0)
 2 SYSTEMPATH\Database\BaseConnection.php(692): CodeIgniter\Database\MySQLi\Connection->execute('SELECT *
FROM `tag`')
 3 SYSTEMPATH\Database\BaseConnection.php(606): CodeIgniter\Database\BaseConnection->simpleQuery('SELECT *
FROM `tag`')
 4 SYSTEMPATH\Database\BaseBuilder.php(1616): CodeIgniter\Database\BaseConnection->query('SELECT *
FROM `tag`', [], false)
 5 SYSTEMPATH\Model.php(203): CodeIgniter\Database\BaseBuilder->get()
 6 SYSTEMPATH\BaseModel.php(557): CodeIgniter\Model->doFind(false, null)
 7 APPPATH\Controllers\DesenhistaPost.php(1161): CodeIgniter\BaseModel->find()
 8 SYSTEMPATH\CodeIgniter.php(934): App\Controllers\DesenhistaPost->desenho_tag_lista()
 9 SYSTEMPATH\CodeIgniter.php(499): CodeIgniter\CodeIgniter->runController(Object(App\Controllers\DesenhistaPost))
10 SYSTEMPATH\CodeIgniter.php(368): CodeIgniter\CodeIgniter->handleRequest(null, Object(Config\Cache), false)
11 FCPATH\index.php(67): CodeIgniter\CodeIgniter->run()
ERROR - 2023-10-26 21:49:43 --> mysqli_sql_exception: Table 'wl.tag' doesn't exist in C:\xampp\htdocs\codi\system\Database\MySQLi\Connection.php:295
Stack trace:
#0 C:\xampp\htdocs\codi\system\Database\MySQLi\Connection.php(295): mysqli->query('SELECT *\nFROM `...', 0)
#1 C:\xampp\htdocs\codi\system\Database\BaseConnection.php(692): CodeIgniter\Database\MySQLi\Connection->execute('SELECT *\nFROM `...')
#2 C:\xampp\htdocs\codi\system\Database\BaseConnection.php(606): CodeIgniter\Database\BaseConnection->simpleQuery('SELECT *\nFROM `...')
#3 C:\xampp\htdocs\codi\system\Database\BaseBuilder.php(1616): CodeIgniter\Database\BaseConnection->query('SELECT *\nFROM `...', Array, false)
#4 C:\xampp\htdocs\codi\system\Model.php(203): CodeIgniter\Database\BaseBuilder->get()
#5 C:\xampp\htdocs\codi\system\BaseModel.php(557): CodeIgniter\Model->doFind(false, NULL)
#6 C:\xampp\htdocs\codi\app\Controllers\DesenhistaPost.php(1161): CodeIgniter\BaseModel->find()
#7 C:\xampp\htdocs\codi\system\CodeIgniter.php(934): App\Controllers\DesenhistaPost->desenho_tag_lista()
#8 C:\xampp\htdocs\codi\system\CodeIgniter.php(499): CodeIgniter\CodeIgniter->runController(Object(App\Controllers\DesenhistaPost))
#9 C:\xampp\htdocs\codi\system\CodeIgniter.php(368): CodeIgniter\CodeIgniter->handleRequest(NULL, Object(Config\Cache), false)
#10 C:\xampp\htdocs\codi\public\index.php(67): CodeIgniter\CodeIgniter->run()
#11 {main}
CRITICAL - 2023-10-26 21:49:43 --> Table 'wl.tag' doesn't exist
in SYSTEMPATH\Database\MySQLi\Connection.php on line 295.
 1 SYSTEMPATH\Database\MySQLi\Connection.php(295): mysqli->query('SELECT *
FROM `tag`', 0)
 2 SYSTEMPATH\Database\BaseConnection.php(692): CodeIgniter\Database\MySQLi\Connection->execute('SELECT *
FROM `tag`')
 3 SYSTEMPATH\Database\BaseConnection.php(606): CodeIgniter\Database\BaseConnection->simpleQuery('SELECT *
FROM `tag`')
 4 SYSTEMPATH\Database\BaseBuilder.php(1616): CodeIgniter\Database\BaseConnection->query('SELECT *
FROM `tag`', [], false)
 5 SYSTEMPATH\Model.php(203): CodeIgniter\Database\BaseBuilder->get()
 6 SYSTEMPATH\BaseModel.php(557): CodeIgniter\Model->doFind(false, null)
 7 APPPATH\Controllers\DesenhistaPost.php(1161): CodeIgniter\BaseModel->find()
 8 SYSTEMPATH\CodeIgniter.php(934): App\Controllers\DesenhistaPost->desenho_tag_lista()
 9 SYSTEMPATH\CodeIgniter.php(499): CodeIgniter\CodeIgniter->runController(Object(App\Controllers\DesenhistaPost))
10 SYSTEMPATH\CodeIgniter.php(368): CodeIgniter\CodeIgniter->handleRequest(null, Object(Config\Cache), false)
11 FCPATH\index.php(67): CodeIgniter\CodeIgniter->run()
ERROR - 2023-10-26 21:49:44 --> mysqli_sql_exception: Table 'wl.tag' doesn't exist in C:\xampp\htdocs\codi\system\Database\MySQLi\Connection.php:295
Stack trace:
#0 C:\xampp\htdocs\codi\system\Database\MySQLi\Connection.php(295): mysqli->query('SELECT *\nFROM `...', 0)
#1 C:\xampp\htdocs\codi\system\Database\BaseConnection.php(692): CodeIgniter\Database\MySQLi\Connection->execute('SELECT *\nFROM `...')
#2 C:\xampp\htdocs\codi\system\Database\BaseConnection.php(606): CodeIgniter\Database\BaseConnection->simpleQuery('SELECT *\nFROM `...')
#3 C:\xampp\htdocs\codi\system\Database\BaseBuilder.php(1616): CodeIgniter\Database\BaseConnection->query('SELECT *\nFROM `...', Array, false)
#4 C:\xampp\htdocs\codi\system\Model.php(203): CodeIgniter\Database\BaseBuilder->get()
#5 C:\xampp\htdocs\codi\system\BaseModel.php(557): CodeIgniter\Model->doFind(false, NULL)
#6 C:\xampp\htdocs\codi\app\Controllers\DesenhistaPost.php(1161): CodeIgniter\BaseModel->find()
#7 C:\xampp\htdocs\codi\system\CodeIgniter.php(934): App\Controllers\DesenhistaPost->desenho_tag_lista()
#8 C:\xampp\htdocs\codi\system\CodeIgniter.php(499): CodeIgniter\CodeIgniter->runController(Object(App\Controllers\DesenhistaPost))
#9 C:\xampp\htdocs\codi\system\CodeIgniter.php(368): CodeIgniter\CodeIgniter->handleRequest(NULL, Object(Config\Cache), false)
#10 C:\xampp\htdocs\codi\public\index.php(67): CodeIgniter\CodeIgniter->run()
#11 {main}
CRITICAL - 2023-10-26 21:49:44 --> Table 'wl.tag' doesn't exist
in SYSTEMPATH\Database\MySQLi\Connection.php on line 295.
 1 SYSTEMPATH\Database\MySQLi\Connection.php(295): mysqli->query('SELECT *
FROM `tag`', 0)
 2 SYSTEMPATH\Database\BaseConnection.php(692): CodeIgniter\Database\MySQLi\Connection->execute('SELECT *
FROM `tag`')
 3 SYSTEMPATH\Database\BaseConnection.php(606): CodeIgniter\Database\BaseConnection->simpleQuery('SELECT *
FROM `tag`')
 4 SYSTEMPATH\Database\BaseBuilder.php(1616): CodeIgniter\Database\BaseConnection->query('SELECT *
FROM `tag`', [], false)
 5 SYSTEMPATH\Model.php(203): CodeIgniter\Database\BaseBuilder->get()
 6 SYSTEMPATH\BaseModel.php(557): CodeIgniter\Model->doFind(false, null)
 7 APPPATH\Controllers\DesenhistaPost.php(1161): CodeIgniter\BaseModel->find()
 8 SYSTEMPATH\CodeIgniter.php(934): App\Controllers\DesenhistaPost->desenho_tag_lista()
 9 SYSTEMPATH\CodeIgniter.php(499): CodeIgniter\CodeIgniter->runController(Object(App\Controllers\DesenhistaPost))
10 SYSTEMPATH\CodeIgniter.php(368): CodeIgniter\CodeIgniter->handleRequest(null, Object(Config\Cache), false)
11 FCPATH\index.php(67): CodeIgniter\CodeIgniter->run()
ERROR - 2023-10-26 21:49:44 --> mysqli_sql_exception: Table 'wl.tag' doesn't exist in C:\xampp\htdocs\codi\system\Database\MySQLi\Connection.php:295
Stack trace:
#0 C:\xampp\htdocs\codi\system\Database\MySQLi\Connection.php(295): mysqli->query('SELECT *\nFROM `...', 0)
#1 C:\xampp\htdocs\codi\system\Database\BaseConnection.php(692): CodeIgniter\Database\MySQLi\Connection->execute('SELECT *\nFROM `...')
#2 C:\xampp\htdocs\codi\system\Database\BaseConnection.php(606): CodeIgniter\Database\BaseConnection->simpleQuery('SELECT *\nFROM `...')
#3 C:\xampp\htdocs\codi\system\Database\BaseBuilder.php(1616): CodeIgniter\Database\BaseConnection->query('SELECT *\nFROM `...', Array, false)
#4 C:\xampp\htdocs\codi\system\Model.php(203): CodeIgniter\Database\BaseBuilder->get()
#5 C:\xampp\htdocs\codi\system\BaseModel.php(557): CodeIgniter\Model->doFind(false, NULL)
#6 C:\xampp\htdocs\codi\app\Controllers\DesenhistaPost.php(1161): CodeIgniter\BaseModel->find()
#7 C:\xampp\htdocs\codi\system\CodeIgniter.php(934): App\Controllers\DesenhistaPost->desenho_tag_lista()
#8 C:\xampp\htdocs\codi\system\CodeIgniter.php(499): CodeIgniter\CodeIgniter->runController(Object(App\Controllers\DesenhistaPost))
#9 C:\xampp\htdocs\codi\system\CodeIgniter.php(368): CodeIgniter\CodeIgniter->handleRequest(NULL, Object(Config\Cache), false)
#10 C:\xampp\htdocs\codi\public\index.php(67): CodeIgniter\CodeIgniter->run()
#11 {main}
CRITICAL - 2023-10-26 21:49:44 --> Table 'wl.tag' doesn't exist
in SYSTEMPATH\Database\MySQLi\Connection.php on line 295.
 1 SYSTEMPATH\Database\MySQLi\Connection.php(295): mysqli->query('SELECT *
FROM `tag`', 0)
 2 SYSTEMPATH\Database\BaseConnection.php(692): CodeIgniter\Database\MySQLi\Connection->execute('SELECT *
FROM `tag`')
 3 SYSTEMPATH\Database\BaseConnection.php(606): CodeIgniter\Database\BaseConnection->simpleQuery('SELECT *
FROM `tag`')
 4 SYSTEMPATH\Database\BaseBuilder.php(1616): CodeIgniter\Database\BaseConnection->query('SELECT *
FROM `tag`', [], false)
 5 SYSTEMPATH\Model.php(203): CodeIgniter\Database\BaseBuilder->get()
 6 SYSTEMPATH\BaseModel.php(557): CodeIgniter\Model->doFind(false, null)
 7 APPPATH\Controllers\DesenhistaPost.php(1161): CodeIgniter\BaseModel->find()
 8 SYSTEMPATH\CodeIgniter.php(934): App\Controllers\DesenhistaPost->desenho_tag_lista()
 9 SYSTEMPATH\CodeIgniter.php(499): CodeIgniter\CodeIgniter->runController(Object(App\Controllers\DesenhistaPost))
10 SYSTEMPATH\CodeIgniter.php(368): CodeIgniter\CodeIgniter->handleRequest(null, Object(Config\Cache), false)
11 FCPATH\index.php(67): CodeIgniter\CodeIgniter->run()
ERROR - 2023-10-26 21:49:45 --> mysqli_sql_exception: Table 'wl.tag' doesn't exist in C:\xampp\htdocs\codi\system\Database\MySQLi\Connection.php:295
Stack trace:
#0 C:\xampp\htdocs\codi\system\Database\MySQLi\Connection.php(295): mysqli->query('SELECT *\nFROM `...', 0)
#1 C:\xampp\htdocs\codi\system\Database\BaseConnection.php(692): CodeIgniter\Database\MySQLi\Connection->execute('SELECT *\nFROM `...')
#2 C:\xampp\htdocs\codi\system\Database\BaseConnection.php(606): CodeIgniter\Database\BaseConnection->simpleQuery('SELECT *\nFROM `...')
#3 C:\xampp\htdocs\codi\system\Database\BaseBuilder.php(1616): CodeIgniter\Database\BaseConnection->query('SELECT *\nFROM `...', Array, false)
#4 C:\xampp\htdocs\codi\system\Model.php(203): CodeIgniter\Database\BaseBuilder->get()
#5 C:\xampp\htdocs\codi\system\BaseModel.php(557): CodeIgniter\Model->doFind(false, NULL)
#6 C:\xampp\htdocs\codi\app\Controllers\DesenhistaPost.php(1161): CodeIgniter\BaseModel->find()
#7 C:\xampp\htdocs\codi\system\CodeIgniter.php(934): App\Controllers\DesenhistaPost->desenho_tag_lista()
#8 C:\xampp\htdocs\codi\system\CodeIgniter.php(499): CodeIgniter\CodeIgniter->runController(Object(App\Controllers\DesenhistaPost))
#9 C:\xampp\htdocs\codi\system\CodeIgniter.php(368): CodeIgniter\CodeIgniter->handleRequest(NULL, Object(Config\Cache), false)
#10 C:\xampp\htdocs\codi\public\index.php(67): CodeIgniter\CodeIgniter->run()
#11 {main}
CRITICAL - 2023-10-26 21:49:45 --> Table 'wl.tag' doesn't exist
in SYSTEMPATH\Database\MySQLi\Connection.php on line 295.
 1 SYSTEMPATH\Database\MySQLi\Connection.php(295): mysqli->query('SELECT *
FROM `tag`', 0)
 2 SYSTEMPATH\Database\BaseConnection.php(692): CodeIgniter\Database\MySQLi\Connection->execute('SELECT *
FROM `tag`')
 3 SYSTEMPATH\Database\BaseConnection.php(606): CodeIgniter\Database\BaseConnection->simpleQuery('SELECT *
FROM `tag`')
 4 SYSTEMPATH\Database\BaseBuilder.php(1616): CodeIgniter\Database\BaseConnection->query('SELECT *
FROM `tag`', [], false)
 5 SYSTEMPATH\Model.php(203): CodeIgniter\Database\BaseBuilder->get()
 6 SYSTEMPATH\BaseModel.php(557): CodeIgniter\Model->doFind(false, null)
 7 APPPATH\Controllers\DesenhistaPost.php(1161): CodeIgniter\BaseModel->find()
 8 SYSTEMPATH\CodeIgniter.php(934): App\Controllers\DesenhistaPost->desenho_tag_lista()
 9 SYSTEMPATH\CodeIgniter.php(499): CodeIgniter\CodeIgniter->runController(Object(App\Controllers\DesenhistaPost))
10 SYSTEMPATH\CodeIgniter.php(368): CodeIgniter\CodeIgniter->handleRequest(null, Object(Config\Cache), false)
11 FCPATH\index.php(67): CodeIgniter\CodeIgniter->run()
ERROR - 2023-10-26 21:49:45 --> mysqli_sql_exception: Table 'wl.tag' doesn't exist in C:\xampp\htdocs\codi\system\Database\MySQLi\Connection.php:295
Stack trace:
#0 C:\xampp\htdocs\codi\system\Database\MySQLi\Connection.php(295): mysqli->query('SELECT *\nFROM `...', 0)
#1 C:\xampp\htdocs\codi\system\Database\BaseConnection.php(692): CodeIgniter\Database\MySQLi\Connection->execute('SELECT *\nFROM `...')
#2 C:\xampp\htdocs\codi\system\Database\BaseConnection.php(606): CodeIgniter\Database\BaseConnection->simpleQuery('SELECT *\nFROM `...')
#3 C:\xampp\htdocs\codi\system\Database\BaseBuilder.php(1616): CodeIgniter\Database\BaseConnection->query('SELECT *\nFROM `...', Array, false)
#4 C:\xampp\htdocs\codi\system\Model.php(203): CodeIgniter\Database\BaseBuilder->get()
#5 C:\xampp\htdocs\codi\system\BaseModel.php(557): CodeIgniter\Model->doFind(false, NULL)
#6 C:\xampp\htdocs\codi\app\Controllers\DesenhistaPost.php(1161): CodeIgniter\BaseModel->find()
#7 C:\xampp\htdocs\codi\system\CodeIgniter.php(934): App\Controllers\DesenhistaPost->desenho_tag_lista()
#8 C:\xampp\htdocs\codi\system\CodeIgniter.php(499): CodeIgniter\CodeIgniter->runController(Object(App\Controllers\DesenhistaPost))
#9 C:\xampp\htdocs\codi\system\CodeIgniter.php(368): CodeIgniter\CodeIgniter->handleRequest(NULL, Object(Config\Cache), false)
#10 C:\xampp\htdocs\codi\public\index.php(67): CodeIgniter\CodeIgniter->run()
#11 {main}
CRITICAL - 2023-10-26 21:49:45 --> Table 'wl.tag' doesn't exist
in SYSTEMPATH\Database\MySQLi\Connection.php on line 295.
 1 SYSTEMPATH\Database\MySQLi\Connection.php(295): mysqli->query('SELECT *
FROM `tag`', 0)
 2 SYSTEMPATH\Database\BaseConnection.php(692): CodeIgniter\Database\MySQLi\Connection->execute('SELECT *
FROM `tag`')
 3 SYSTEMPATH\Database\BaseConnection.php(606): CodeIgniter\Database\BaseConnection->simpleQuery('SELECT *
FROM `tag`')
 4 SYSTEMPATH\Database\BaseBuilder.php(1616): CodeIgniter\Database\BaseConnection->query('SELECT *
FROM `tag`', [], false)
 5 SYSTEMPATH\Model.php(203): CodeIgniter\Database\BaseBuilder->get()
 6 SYSTEMPATH\BaseModel.php(557): CodeIgniter\Model->doFind(false, null)
 7 APPPATH\Controllers\DesenhistaPost.php(1161): CodeIgniter\BaseModel->find()
 8 SYSTEMPATH\CodeIgniter.php(934): App\Controllers\DesenhistaPost->desenho_tag_lista()
 9 SYSTEMPATH\CodeIgniter.php(499): CodeIgniter\CodeIgniter->runController(Object(App\Controllers\DesenhistaPost))
10 SYSTEMPATH\CodeIgniter.php(368): CodeIgniter\CodeIgniter->handleRequest(null, Object(Config\Cache), false)
11 FCPATH\index.php(67): CodeIgniter\CodeIgniter->run()
ERROR - 2023-10-26 21:49:46 --> mysqli_sql_exception: Table 'wl.tag' doesn't exist in C:\xampp\htdocs\codi\system\Database\MySQLi\Connection.php:295
Stack trace:
#0 C:\xampp\htdocs\codi\system\Database\MySQLi\Connection.php(295): mysqli->query('SELECT *\nFROM `...', 0)
#1 C:\xampp\htdocs\codi\system\Database\BaseConnection.php(692): CodeIgniter\Database\MySQLi\Connection->execute('SELECT *\nFROM `...')
#2 C:\xampp\htdocs\codi\system\Database\BaseConnection.php(606): CodeIgniter\Database\BaseConnection->simpleQuery('SELECT *\nFROM `...')
#3 C:\xampp\htdocs\codi\system\Database\BaseBuilder.php(1616): CodeIgniter\Database\BaseConnection->query('SELECT *\nFROM `...', Array, false)
#4 C:\xampp\htdocs\codi\system\Model.php(203): CodeIgniter\Database\BaseBuilder->get()
#5 C:\xampp\htdocs\codi\system\BaseModel.php(557): CodeIgniter\Model->doFind(false, NULL)
#6 C:\xampp\htdocs\codi\app\Controllers\DesenhistaPost.php(1161): CodeIgniter\BaseModel->find()
#7 C:\xampp\htdocs\codi\system\CodeIgniter.php(934): App\Controllers\DesenhistaPost->desenho_tag_lista()
#8 C:\xampp\htdocs\codi\system\CodeIgniter.php(499): CodeIgniter\CodeIgniter->runController(Object(App\Controllers\DesenhistaPost))
#9 C:\xampp\htdocs\codi\system\CodeIgniter.php(368): CodeIgniter\CodeIgniter->handleRequest(NULL, Object(Config\Cache), false)
#10 C:\xampp\htdocs\codi\public\index.php(67): CodeIgniter\CodeIgniter->run()
#11 {main}
CRITICAL - 2023-10-26 21:49:46 --> Table 'wl.tag' doesn't exist
in SYSTEMPATH\Database\MySQLi\Connection.php on line 295.
 1 SYSTEMPATH\Database\MySQLi\Connection.php(295): mysqli->query('SELECT *
FROM `tag`', 0)
 2 SYSTEMPATH\Database\BaseConnection.php(692): CodeIgniter\Database\MySQLi\Connection->execute('SELECT *
FROM `tag`')
 3 SYSTEMPATH\Database\BaseConnection.php(606): CodeIgniter\Database\BaseConnection->simpleQuery('SELECT *
FROM `tag`')
 4 SYSTEMPATH\Database\BaseBuilder.php(1616): CodeIgniter\Database\BaseConnection->query('SELECT *
FROM `tag`', [], false)
 5 SYSTEMPATH\Model.php(203): CodeIgniter\Database\BaseBuilder->get()
 6 SYSTEMPATH\BaseModel.php(557): CodeIgniter\Model->doFind(false, null)
 7 APPPATH\Controllers\DesenhistaPost.php(1161): CodeIgniter\BaseModel->find()
 8 SYSTEMPATH\CodeIgniter.php(934): App\Controllers\DesenhistaPost->desenho_tag_lista()
 9 SYSTEMPATH\CodeIgniter.php(499): CodeIgniter\CodeIgniter->runController(Object(App\Controllers\DesenhistaPost))
10 SYSTEMPATH\CodeIgniter.php(368): CodeIgniter\CodeIgniter->handleRequest(null, Object(Config\Cache), false)
11 FCPATH\index.php(67): CodeIgniter\CodeIgniter->run()
ERROR - 2023-10-26 21:49:46 --> mysqli_sql_exception: Table 'wl.tag' doesn't exist in C:\xampp\htdocs\codi\system\Database\MySQLi\Connection.php:295
Stack trace:
#0 C:\xampp\htdocs\codi\system\Database\MySQLi\Connection.php(295): mysqli->query('SELECT *\nFROM `...', 0)
#1 C:\xampp\htdocs\codi\system\Database\BaseConnection.php(692): CodeIgniter\Database\MySQLi\Connection->execute('SELECT *\nFROM `...')
#2 C:\xampp\htdocs\codi\system\Database\BaseConnection.php(606): CodeIgniter\Database\BaseConnection->simpleQuery('SELECT *\nFROM `...')
#3 C:\xampp\htdocs\codi\system\Database\BaseBuilder.php(1616): CodeIgniter\Database\BaseConnection->query('SELECT *\nFROM `...', Array, false)
#4 C:\xampp\htdocs\codi\system\Model.php(203): CodeIgniter\Database\BaseBuilder->get()
#5 C:\xampp\htdocs\codi\system\BaseModel.php(557): CodeIgniter\Model->doFind(false, NULL)
#6 C:\xampp\htdocs\codi\app\Controllers\DesenhistaPost.php(1161): CodeIgniter\BaseModel->find()
#7 C:\xampp\htdocs\codi\system\CodeIgniter.php(934): App\Controllers\DesenhistaPost->desenho_tag_lista()
#8 C:\xampp\htdocs\codi\system\CodeIgniter.php(499): CodeIgniter\CodeIgniter->runController(Object(App\Controllers\DesenhistaPost))
#9 C:\xampp\htdocs\codi\system\CodeIgniter.php(368): CodeIgniter\CodeIgniter->handleRequest(NULL, Object(Config\Cache), false)
#10 C:\xampp\htdocs\codi\public\index.php(67): CodeIgniter\CodeIgniter->run()
#11 {main}
CRITICAL - 2023-10-26 21:49:46 --> Table 'wl.tag' doesn't exist
in SYSTEMPATH\Database\MySQLi\Connection.php on line 295.
 1 SYSTEMPATH\Database\MySQLi\Connection.php(295): mysqli->query('SELECT *
FROM `tag`', 0)
 2 SYSTEMPATH\Database\BaseConnection.php(692): CodeIgniter\Database\MySQLi\Connection->execute('SELECT *
FROM `tag`')
 3 SYSTEMPATH\Database\BaseConnection.php(606): CodeIgniter\Database\BaseConnection->simpleQuery('SELECT *
FROM `tag`')
 4 SYSTEMPATH\Database\BaseBuilder.php(1616): CodeIgniter\Database\BaseConnection->query('SELECT *
FROM `tag`', [], false)
 5 SYSTEMPATH\Model.php(203): CodeIgniter\Database\BaseBuilder->get()
 6 SYSTEMPATH\BaseModel.php(557): CodeIgniter\Model->doFind(false, null)
 7 APPPATH\Controllers\DesenhistaPost.php(1161): CodeIgniter\BaseModel->find()
 8 SYSTEMPATH\CodeIgniter.php(934): App\Controllers\DesenhistaPost->desenho_tag_lista()
 9 SYSTEMPATH\CodeIgniter.php(499): CodeIgniter\CodeIgniter->runController(Object(App\Controllers\DesenhistaPost))
10 SYSTEMPATH\CodeIgniter.php(368): CodeIgniter\CodeIgniter->handleRequest(null, Object(Config\Cache), false)
11 FCPATH\index.php(67): CodeIgniter\CodeIgniter->run()
ERROR - 2023-10-26 21:49:47 --> mysqli_sql_exception: Table 'wl.tag' doesn't exist in C:\xampp\htdocs\codi\system\Database\MySQLi\Connection.php:295
Stack trace:
#0 C:\xampp\htdocs\codi\system\Database\MySQLi\Connection.php(295): mysqli->query('SELECT *\nFROM `...', 0)
#1 C:\xampp\htdocs\codi\system\Database\BaseConnection.php(692): CodeIgniter\Database\MySQLi\Connection->execute('SELECT *\nFROM `...')
#2 C:\xampp\htdocs\codi\system\Database\BaseConnection.php(606): CodeIgniter\Database\BaseConnection->simpleQuery('SELECT *\nFROM `...')
#3 C:\xampp\htdocs\codi\system\Database\BaseBuilder.php(1616): CodeIgniter\Database\BaseConnection->query('SELECT *\nFROM `...', Array, false)
#4 C:\xampp\htdocs\codi\system\Model.php(203): CodeIgniter\Database\BaseBuilder->get()
#5 C:\xampp\htdocs\codi\system\BaseModel.php(557): CodeIgniter\Model->doFind(false, NULL)
#6 C:\xampp\htdocs\codi\app\Controllers\DesenhistaPost.php(1161): CodeIgniter\BaseModel->find()
#7 C:\xampp\htdocs\codi\system\CodeIgniter.php(934): App\Controllers\DesenhistaPost->desenho_tag_lista()
#8 C:\xampp\htdocs\codi\system\CodeIgniter.php(499): CodeIgniter\CodeIgniter->runController(Object(App\Controllers\DesenhistaPost))
#9 C:\xampp\htdocs\codi\system\CodeIgniter.php(368): CodeIgniter\CodeIgniter->handleRequest(NULL, Object(Config\Cache), false)
#10 C:\xampp\htdocs\codi\public\index.php(67): CodeIgniter\CodeIgniter->run()
#11 {main}
CRITICAL - 2023-10-26 21:49:47 --> Table 'wl.tag' doesn't exist
in SYSTEMPATH\Database\MySQLi\Connection.php on line 295.
 1 SYSTEMPATH\Database\MySQLi\Connection.php(295): mysqli->query('SELECT *
FROM `tag`', 0)
 2 SYSTEMPATH\Database\BaseConnection.php(692): CodeIgniter\Database\MySQLi\Connection->execute('SELECT *
FROM `tag`')
 3 SYSTEMPATH\Database\BaseConnection.php(606): CodeIgniter\Database\BaseConnection->simpleQuery('SELECT *
FROM `tag`')
 4 SYSTEMPATH\Database\BaseBuilder.php(1616): CodeIgniter\Database\BaseConnection->query('SELECT *
FROM `tag`', [], false)
 5 SYSTEMPATH\Model.php(203): CodeIgniter\Database\BaseBuilder->get()
 6 SYSTEMPATH\BaseModel.php(557): CodeIgniter\Model->doFind(false, null)
 7 APPPATH\Controllers\DesenhistaPost.php(1161): CodeIgniter\BaseModel->find()
 8 SYSTEMPATH\CodeIgniter.php(934): App\Controllers\DesenhistaPost->desenho_tag_lista()
 9 SYSTEMPATH\CodeIgniter.php(499): CodeIgniter\CodeIgniter->runController(Object(App\Controllers\DesenhistaPost))
10 SYSTEMPATH\CodeIgniter.php(368): CodeIgniter\CodeIgniter->handleRequest(null, Object(Config\Cache), false)
11 FCPATH\index.php(67): CodeIgniter\CodeIgniter->run()
ERROR - 2023-10-26 21:49:47 --> mysqli_sql_exception: Table 'wl.tag' doesn't exist in C:\xampp\htdocs\codi\system\Database\MySQLi\Connection.php:295
Stack trace:
#0 C:\xampp\htdocs\codi\system\Database\MySQLi\Connection.php(295): mysqli->query('SELECT *\nFROM `...', 0)
#1 C:\xampp\htdocs\codi\system\Database\BaseConnection.php(692): CodeIgniter\Database\MySQLi\Connection->execute('SELECT *\nFROM `...')
#2 C:\xampp\htdocs\codi\system\Database\BaseConnection.php(606): CodeIgniter\Database\BaseConnection->simpleQuery('SELECT *\nFROM `...')
#3 C:\xampp\htdocs\codi\system\Database\BaseBuilder.php(1616): CodeIgniter\Database\BaseConnection->query('SELECT *\nFROM `...', Array, false)
#4 C:\xampp\htdocs\codi\system\Model.php(203): CodeIgniter\Database\BaseBuilder->get()
#5 C:\xampp\htdocs\codi\system\BaseModel.php(557): CodeIgniter\Model->doFind(false, NULL)
#6 C:\xampp\htdocs\codi\app\Controllers\DesenhistaPost.php(1161): CodeIgniter\BaseModel->find()
#7 C:\xampp\htdocs\codi\system\CodeIgniter.php(934): App\Controllers\DesenhistaPost->desenho_tag_lista()
#8 C:\xampp\htdocs\codi\system\CodeIgniter.php(499): CodeIgniter\CodeIgniter->runController(Object(App\Controllers\DesenhistaPost))
#9 C:\xampp\htdocs\codi\system\CodeIgniter.php(368): CodeIgniter\CodeIgniter->handleRequest(NULL, Object(Config\Cache), false)
#10 C:\xampp\htdocs\codi\public\index.php(67): CodeIgniter\CodeIgniter->run()
#11 {main}
CRITICAL - 2023-10-26 21:49:47 --> Table 'wl.tag' doesn't exist
in SYSTEMPATH\Database\MySQLi\Connection.php on line 295.
 1 SYSTEMPATH\Database\MySQLi\Connection.php(295): mysqli->query('SELECT *
FROM `tag`', 0)
 2 SYSTEMPATH\Database\BaseConnection.php(692): CodeIgniter\Database\MySQLi\Connection->execute('SELECT *
FROM `tag`')
 3 SYSTEMPATH\Database\BaseConnection.php(606): CodeIgniter\Database\BaseConnection->simpleQuery('SELECT *
FROM `tag`')
 4 SYSTEMPATH\Database\BaseBuilder.php(1616): CodeIgniter\Database\BaseConnection->query('SELECT *
FROM `tag`', [], false)
 5 SYSTEMPATH\Model.php(203): CodeIgniter\Database\BaseBuilder->get()
 6 SYSTEMPATH\BaseModel.php(557): CodeIgniter\Model->doFind(false, null)
 7 APPPATH\Controllers\DesenhistaPost.php(1161): CodeIgniter\BaseModel->find()
 8 SYSTEMPATH\CodeIgniter.php(934): App\Controllers\DesenhistaPost->desenho_tag_lista()
 9 SYSTEMPATH\CodeIgniter.php(499): CodeIgniter\CodeIgniter->runController(Object(App\Controllers\DesenhistaPost))
10 SYSTEMPATH\CodeIgniter.php(368): CodeIgniter\CodeIgniter->handleRequest(null, Object(Config\Cache), false)
11 FCPATH\index.php(67): CodeIgniter\CodeIgniter->run()
ERROR - 2023-10-26 21:49:48 --> mysqli_sql_exception: Table 'wl.tag' doesn't exist in C:\xampp\htdocs\codi\system\Database\MySQLi\Connection.php:295
Stack trace:
#0 C:\xampp\htdocs\codi\system\Database\MySQLi\Connection.php(295): mysqli->query('SELECT *\nFROM `...', 0)
#1 C:\xampp\htdocs\codi\system\Database\BaseConnection.php(692): CodeIgniter\Database\MySQLi\Connection->execute('SELECT *\nFROM `...')
#2 C:\xampp\htdocs\codi\system\Database\BaseConnection.php(606): CodeIgniter\Database\BaseConnection->simpleQuery('SELECT *\nFROM `...')
#3 C:\xampp\htdocs\codi\system\Database\BaseBuilder.php(1616): CodeIgniter\Database\BaseConnection->query('SELECT *\nFROM `...', Array, false)
#4 C:\xampp\htdocs\codi\system\Model.php(203): CodeIgniter\Database\BaseBuilder->get()
#5 C:\xampp\htdocs\codi\system\BaseModel.php(557): CodeIgniter\Model->doFind(false, NULL)
#6 C:\xampp\htdocs\codi\app\Controllers\DesenhistaPost.php(1161): CodeIgniter\BaseModel->find()
#7 C:\xampp\htdocs\codi\system\CodeIgniter.php(934): App\Controllers\DesenhistaPost->desenho_tag_lista()
#8 C:\xampp\htdocs\codi\system\CodeIgniter.php(499): CodeIgniter\CodeIgniter->runController(Object(App\Controllers\DesenhistaPost))
#9 C:\xampp\htdocs\codi\system\CodeIgniter.php(368): CodeIgniter\CodeIgniter->handleRequest(NULL, Object(Config\Cache), false)
#10 C:\xampp\htdocs\codi\public\index.php(67): CodeIgniter\CodeIgniter->run()
#11 {main}
CRITICAL - 2023-10-26 21:49:48 --> Table 'wl.tag' doesn't exist
in SYSTEMPATH\Database\MySQLi\Connection.php on line 295.
 1 SYSTEMPATH\Database\MySQLi\Connection.php(295): mysqli->query('SELECT *
FROM `tag`', 0)
 2 SYSTEMPATH\Database\BaseConnection.php(692): CodeIgniter\Database\MySQLi\Connection->execute('SELECT *
FROM `tag`')
 3 SYSTEMPATH\Database\BaseConnection.php(606): CodeIgniter\Database\BaseConnection->simpleQuery('SELECT *
FROM `tag`')
 4 SYSTEMPATH\Database\BaseBuilder.php(1616): CodeIgniter\Database\BaseConnection->query('SELECT *
FROM `tag`', [], false)
 5 SYSTEMPATH\Model.php(203): CodeIgniter\Database\BaseBuilder->get()
 6 SYSTEMPATH\BaseModel.php(557): CodeIgniter\Model->doFind(false, null)
 7 APPPATH\Controllers\DesenhistaPost.php(1161): CodeIgniter\BaseModel->find()
 8 SYSTEMPATH\CodeIgniter.php(934): App\Controllers\DesenhistaPost->desenho_tag_lista()
 9 SYSTEMPATH\CodeIgniter.php(499): CodeIgniter\CodeIgniter->runController(Object(App\Controllers\DesenhistaPost))
10 SYSTEMPATH\CodeIgniter.php(368): CodeIgniter\CodeIgniter->handleRequest(null, Object(Config\Cache), false)
11 FCPATH\index.php(67): CodeIgniter\CodeIgniter->run()
ERROR - 2023-10-26 21:49:48 --> mysqli_sql_exception: Table 'wl.tag' doesn't exist in C:\xampp\htdocs\codi\system\Database\MySQLi\Connection.php:295
Stack trace:
#0 C:\xampp\htdocs\codi\system\Database\MySQLi\Connection.php(295): mysqli->query('SELECT *\nFROM `...', 0)
#1 C:\xampp\htdocs\codi\system\Database\BaseConnection.php(692): CodeIgniter\Database\MySQLi\Connection->execute('SELECT *\nFROM `...')
#2 C:\xampp\htdocs\codi\system\Database\BaseConnection.php(606): CodeIgniter\Database\BaseConnection->simpleQuery('SELECT *\nFROM `...')
#3 C:\xampp\htdocs\codi\system\Database\BaseBuilder.php(1616): CodeIgniter\Database\BaseConnection->query('SELECT *\nFROM `...', Array, false)
#4 C:\xampp\htdocs\codi\system\Model.php(203): CodeIgniter\Database\BaseBuilder->get()
#5 C:\xampp\htdocs\codi\system\BaseModel.php(557): CodeIgniter\Model->doFind(false, NULL)
#6 C:\xampp\htdocs\codi\app\Controllers\DesenhistaPost.php(1161): CodeIgniter\BaseModel->find()
#7 C:\xampp\htdocs\codi\system\CodeIgniter.php(934): App\Controllers\DesenhistaPost->desenho_tag_lista()
#8 C:\xampp\htdocs\codi\system\CodeIgniter.php(499): CodeIgniter\CodeIgniter->runController(Object(App\Controllers\DesenhistaPost))
#9 C:\xampp\htdocs\codi\system\CodeIgniter.php(368): CodeIgniter\CodeIgniter->handleRequest(NULL, Object(Config\Cache), false)
#10 C:\xampp\htdocs\codi\public\index.php(67): CodeIgniter\CodeIgniter->run()
#11 {main}
CRITICAL - 2023-10-26 21:49:48 --> Table 'wl.tag' doesn't exist
in SYSTEMPATH\Database\MySQLi\Connection.php on line 295.
 1 SYSTEMPATH\Database\MySQLi\Connection.php(295): mysqli->query('SELECT *
FROM `tag`', 0)
 2 SYSTEMPATH\Database\BaseConnection.php(692): CodeIgniter\Database\MySQLi\Connection->execute('SELECT *
FROM `tag`')
 3 SYSTEMPATH\Database\BaseConnection.php(606): CodeIgniter\Database\BaseConnection->simpleQuery('SELECT *
FROM `tag`')
 4 SYSTEMPATH\Database\BaseBuilder.php(1616): CodeIgniter\Database\BaseConnection->query('SELECT *
FROM `tag`', [], false)
 5 SYSTEMPATH\Model.php(203): CodeIgniter\Database\BaseBuilder->get()
 6 SYSTEMPATH\BaseModel.php(557): CodeIgniter\Model->doFind(false, null)
 7 APPPATH\Controllers\DesenhistaPost.php(1161): CodeIgniter\BaseModel->find()
 8 SYSTEMPATH\CodeIgniter.php(934): App\Controllers\DesenhistaPost->desenho_tag_lista()
 9 SYSTEMPATH\CodeIgniter.php(499): CodeIgniter\CodeIgniter->runController(Object(App\Controllers\DesenhistaPost))
10 SYSTEMPATH\CodeIgniter.php(368): CodeIgniter\CodeIgniter->handleRequest(null, Object(Config\Cache), false)
11 FCPATH\index.php(67): CodeIgniter\CodeIgniter->run()
ERROR - 2023-10-26 21:49:49 --> mysqli_sql_exception: Table 'wl.tag' doesn't exist in C:\xampp\htdocs\codi\system\Database\MySQLi\Connection.php:295
Stack trace:
#0 C:\xampp\htdocs\codi\system\Database\MySQLi\Connection.php(295): mysqli->query('SELECT *\nFROM `...', 0)
#1 C:\xampp\htdocs\codi\system\Database\BaseConnection.php(692): CodeIgniter\Database\MySQLi\Connection->execute('SELECT *\nFROM `...')
#2 C:\xampp\htdocs\codi\system\Database\BaseConnection.php(606): CodeIgniter\Database\BaseConnection->simpleQuery('SELECT *\nFROM `...')
#3 C:\xampp\htdocs\codi\system\Database\BaseBuilder.php(1616): CodeIgniter\Database\BaseConnection->query('SELECT *\nFROM `...', Array, false)
#4 C:\xampp\htdocs\codi\system\Model.php(203): CodeIgniter\Database\BaseBuilder->get()
#5 C:\xampp\htdocs\codi\system\BaseModel.php(557): CodeIgniter\Model->doFind(false, NULL)
#6 C:\xampp\htdocs\codi\app\Controllers\DesenhistaPost.php(1161): CodeIgniter\BaseModel->find()
#7 C:\xampp\htdocs\codi\system\CodeIgniter.php(934): App\Controllers\DesenhistaPost->desenho_tag_lista()
#8 C:\xampp\htdocs\codi\system\CodeIgniter.php(499): CodeIgniter\CodeIgniter->runController(Object(App\Controllers\DesenhistaPost))
#9 C:\xampp\htdocs\codi\system\CodeIgniter.php(368): CodeIgniter\CodeIgniter->handleRequest(NULL, Object(Config\Cache), false)
#10 C:\xampp\htdocs\codi\public\index.php(67): CodeIgniter\CodeIgniter->run()
#11 {main}
CRITICAL - 2023-10-26 21:49:49 --> Table 'wl.tag' doesn't exist
in SYSTEMPATH\Database\MySQLi\Connection.php on line 295.
 1 SYSTEMPATH\Database\MySQLi\Connection.php(295): mysqli->query('SELECT *
FROM `tag`', 0)
 2 SYSTEMPATH\Database\BaseConnection.php(692): CodeIgniter\Database\MySQLi\Connection->execute('SELECT *
FROM `tag`')
 3 SYSTEMPATH\Database\BaseConnection.php(606): CodeIgniter\Database\BaseConnection->simpleQuery('SELECT *
FROM `tag`')
 4 SYSTEMPATH\Database\BaseBuilder.php(1616): CodeIgniter\Database\BaseConnection->query('SELECT *
FROM `tag`', [], false)
 5 SYSTEMPATH\Model.php(203): CodeIgniter\Database\BaseBuilder->get()
 6 SYSTEMPATH\BaseModel.php(557): CodeIgniter\Model->doFind(false, null)
 7 APPPATH\Controllers\DesenhistaPost.php(1161): CodeIgniter\BaseModel->find()
 8 SYSTEMPATH\CodeIgniter.php(934): App\Controllers\DesenhistaPost->desenho_tag_lista()
 9 SYSTEMPATH\CodeIgniter.php(499): CodeIgniter\CodeIgniter->runController(Object(App\Controllers\DesenhistaPost))
10 SYSTEMPATH\CodeIgniter.php(368): CodeIgniter\CodeIgniter->handleRequest(null, Object(Config\Cache), false)
11 FCPATH\index.php(67): CodeIgniter\CodeIgniter->run()
ERROR - 2023-10-26 21:49:49 --> mysqli_sql_exception: Table 'wl.tag' doesn't exist in C:\xampp\htdocs\codi\system\Database\MySQLi\Connection.php:295
Stack trace:
#0 C:\xampp\htdocs\codi\system\Database\MySQLi\Connection.php(295): mysqli->query('SELECT *\nFROM `...', 0)
#1 C:\xampp\htdocs\codi\system\Database\BaseConnection.php(692): CodeIgniter\Database\MySQLi\Connection->execute('SELECT *\nFROM `...')
#2 C:\xampp\htdocs\codi\system\Database\BaseConnection.php(606): CodeIgniter\Database\BaseConnection->simpleQuery('SELECT *\nFROM `...')
#3 C:\xampp\htdocs\codi\system\Database\BaseBuilder.php(1616): CodeIgniter\Database\BaseConnection->query('SELECT *\nFROM `...', Array, false)
#4 C:\xampp\htdocs\codi\system\Model.php(203): CodeIgniter\Database\BaseBuilder->get()
#5 C:\xampp\htdocs\codi\system\BaseModel.php(557): CodeIgniter\Model->doFind(false, NULL)
#6 C:\xampp\htdocs\codi\app\Controllers\DesenhistaPost.php(1161): CodeIgniter\BaseModel->find()
#7 C:\xampp\htdocs\codi\system\CodeIgniter.php(934): App\Controllers\DesenhistaPost->desenho_tag_lista()
#8 C:\xampp\htdocs\codi\system\CodeIgniter.php(499): CodeIgniter\CodeIgniter->runController(Object(App\Controllers\DesenhistaPost))
#9 C:\xampp\htdocs\codi\system\CodeIgniter.php(368): CodeIgniter\CodeIgniter->handleRequest(NULL, Object(Config\Cache), false)
#10 C:\xampp\htdocs\codi\public\index.php(67): CodeIgniter\CodeIgniter->run()
#11 {main}
CRITICAL - 2023-10-26 21:49:49 --> Table 'wl.tag' doesn't exist
in SYSTEMPATH\Database\MySQLi\Connection.php on line 295.
 1 SYSTEMPATH\Database\MySQLi\Connection.php(295): mysqli->query('SELECT *
FROM `tag`', 0)
 2 SYSTEMPATH\Database\BaseConnection.php(692): CodeIgniter\Database\MySQLi\Connection->execute('SELECT *
FROM `tag`')
 3 SYSTEMPATH\Database\BaseConnection.php(606): CodeIgniter\Database\BaseConnection->simpleQuery('SELECT *
FROM `tag`')
 4 SYSTEMPATH\Database\BaseBuilder.php(1616): CodeIgniter\Database\BaseConnection->query('SELECT *
FROM `tag`', [], false)
 5 SYSTEMPATH\Model.php(203): CodeIgniter\Database\BaseBuilder->get()
 6 SYSTEMPATH\BaseModel.php(557): CodeIgniter\Model->doFind(false, null)
 7 APPPATH\Controllers\DesenhistaPost.php(1161): CodeIgniter\BaseModel->find()
 8 SYSTEMPATH\CodeIgniter.php(934): App\Controllers\DesenhistaPost->desenho_tag_lista()
 9 SYSTEMPATH\CodeIgniter.php(499): CodeIgniter\CodeIgniter->runController(Object(App\Controllers\DesenhistaPost))
10 SYSTEMPATH\CodeIgniter.php(368): CodeIgniter\CodeIgniter->handleRequest(null, Object(Config\Cache), false)
11 FCPATH\index.php(67): CodeIgniter\CodeIgniter->run()
ERROR - 2023-10-26 21:49:50 --> mysqli_sql_exception: Table 'wl.tag' doesn't exist in C:\xampp\htdocs\codi\system\Database\MySQLi\Connection.php:295
Stack trace:
#0 C:\xampp\htdocs\codi\system\Database\MySQLi\Connection.php(295): mysqli->query('SELECT *\nFROM `...', 0)
#1 C:\xampp\htdocs\codi\system\Database\BaseConnection.php(692): CodeIgniter\Database\MySQLi\Connection->execute('SELECT *\nFROM `...')
#2 C:\xampp\htdocs\codi\system\Database\BaseConnection.php(606): CodeIgniter\Database\BaseConnection->simpleQuery('SELECT *\nFROM `...')
#3 C:\xampp\htdocs\codi\system\Database\BaseBuilder.php(1616): CodeIgniter\Database\BaseConnection->query('SELECT *\nFROM `...', Array, false)
#4 C:\xampp\htdocs\codi\system\Model.php(203): CodeIgniter\Database\BaseBuilder->get()
#5 C:\xampp\htdocs\codi\system\BaseModel.php(557): CodeIgniter\Model->doFind(false, NULL)
#6 C:\xampp\htdocs\codi\app\Controllers\DesenhistaPost.php(1161): CodeIgniter\BaseModel->find()
#7 C:\xampp\htdocs\codi\system\CodeIgniter.php(934): App\Controllers\DesenhistaPost->desenho_tag_lista()
#8 C:\xampp\htdocs\codi\system\CodeIgniter.php(499): CodeIgniter\CodeIgniter->runController(Object(App\Controllers\DesenhistaPost))
#9 C:\xampp\htdocs\codi\system\CodeIgniter.php(368): CodeIgniter\CodeIgniter->handleRequest(NULL, Object(Config\Cache), false)
#10 C:\xampp\htdocs\codi\public\index.php(67): CodeIgniter\CodeIgniter->run()
#11 {main}
CRITICAL - 2023-10-26 21:49:50 --> Table 'wl.tag' doesn't exist
in SYSTEMPATH\Database\MySQLi\Connection.php on line 295.
 1 SYSTEMPATH\Database\MySQLi\Connection.php(295): mysqli->query('SELECT *
FROM `tag`', 0)
 2 SYSTEMPATH\Database\BaseConnection.php(692): CodeIgniter\Database\MySQLi\Connection->execute('SELECT *
FROM `tag`')
 3 SYSTEMPATH\Database\BaseConnection.php(606): CodeIgniter\Database\BaseConnection->simpleQuery('SELECT *
FROM `tag`')
 4 SYSTEMPATH\Database\BaseBuilder.php(1616): CodeIgniter\Database\BaseConnection->query('SELECT *
FROM `tag`', [], false)
 5 SYSTEMPATH\Model.php(203): CodeIgniter\Database\BaseBuilder->get()
 6 SYSTEMPATH\BaseModel.php(557): CodeIgniter\Model->doFind(false, null)
 7 APPPATH\Controllers\DesenhistaPost.php(1161): CodeIgniter\BaseModel->find()
 8 SYSTEMPATH\CodeIgniter.php(934): App\Controllers\DesenhistaPost->desenho_tag_lista()
 9 SYSTEMPATH\CodeIgniter.php(499): CodeIgniter\CodeIgniter->runController(Object(App\Controllers\DesenhistaPost))
10 SYSTEMPATH\CodeIgniter.php(368): CodeIgniter\CodeIgniter->handleRequest(null, Object(Config\Cache), false)
11 FCPATH\index.php(67): CodeIgniter\CodeIgniter->run()
ERROR - 2023-10-26 21:49:50 --> mysqli_sql_exception: Table 'wl.tag' doesn't exist in C:\xampp\htdocs\codi\system\Database\MySQLi\Connection.php:295
Stack trace:
#0 C:\xampp\htdocs\codi\system\Database\MySQLi\Connection.php(295): mysqli->query('SELECT *\nFROM `...', 0)
#1 C:\xampp\htdocs\codi\system\Database\BaseConnection.php(692): CodeIgniter\Database\MySQLi\Connection->execute('SELECT *\nFROM `...')
#2 C:\xampp\htdocs\codi\system\Database\BaseConnection.php(606): CodeIgniter\Database\BaseConnection->simpleQuery('SELECT *\nFROM `...')
#3 C:\xampp\htdocs\codi\system\Database\BaseBuilder.php(1616): CodeIgniter\Database\BaseConnection->query('SELECT *\nFROM `...', Array, false)
#4 C:\xampp\htdocs\codi\system\Model.php(203): CodeIgniter\Database\BaseBuilder->get()
#5 C:\xampp\htdocs\codi\system\BaseModel.php(557): CodeIgniter\Model->doFind(false, NULL)
#6 C:\xampp\htdocs\codi\app\Controllers\DesenhistaPost.php(1161): CodeIgniter\BaseModel->find()
#7 C:\xampp\htdocs\codi\system\CodeIgniter.php(934): App\Controllers\DesenhistaPost->desenho_tag_lista()
#8 C:\xampp\htdocs\codi\system\CodeIgniter.php(499): CodeIgniter\CodeIgniter->runController(Object(App\Controllers\DesenhistaPost))
#9 C:\xampp\htdocs\codi\system\CodeIgniter.php(368): CodeIgniter\CodeIgniter->handleRequest(NULL, Object(Config\Cache), false)
#10 C:\xampp\htdocs\codi\public\index.php(67): CodeIgniter\CodeIgniter->run()
#11 {main}
CRITICAL - 2023-10-26 21:49:50 --> Table 'wl.tag' doesn't exist
in SYSTEMPATH\Database\MySQLi\Connection.php on line 295.
 1 SYSTEMPATH\Database\MySQLi\Connection.php(295): mysqli->query('SELECT *
FROM `tag`', 0)
 2 SYSTEMPATH\Database\BaseConnection.php(692): CodeIgniter\Database\MySQLi\Connection->execute('SELECT *
FROM `tag`')
 3 SYSTEMPATH\Database\BaseConnection.php(606): CodeIgniter\Database\BaseConnection->simpleQuery('SELECT *
FROM `tag`')
 4 SYSTEMPATH\Database\BaseBuilder.php(1616): CodeIgniter\Database\BaseConnection->query('SELECT *
FROM `tag`', [], false)
 5 SYSTEMPATH\Model.php(203): CodeIgniter\Database\BaseBuilder->get()
 6 SYSTEMPATH\BaseModel.php(557): CodeIgniter\Model->doFind(false, null)
 7 APPPATH\Controllers\DesenhistaPost.php(1161): CodeIgniter\BaseModel->find()
 8 SYSTEMPATH\CodeIgniter.php(934): App\Controllers\DesenhistaPost->desenho_tag_lista()
 9 SYSTEMPATH\CodeIgniter.php(499): CodeIgniter\CodeIgniter->runController(Object(App\Controllers\DesenhistaPost))
10 SYSTEMPATH\CodeIgniter.php(368): CodeIgniter\CodeIgniter->handleRequest(null, Object(Config\Cache), false)
11 FCPATH\index.php(67): CodeIgniter\CodeIgniter->run()
ERROR - 2023-10-26 21:49:51 --> mysqli_sql_exception: Table 'wl.tag' doesn't exist in C:\xampp\htdocs\codi\system\Database\MySQLi\Connection.php:295
Stack trace:
#0 C:\xampp\htdocs\codi\system\Database\MySQLi\Connection.php(295): mysqli->query('SELECT *\nFROM `...', 0)
#1 C:\xampp\htdocs\codi\system\Database\BaseConnection.php(692): CodeIgniter\Database\MySQLi\Connection->execute('SELECT *\nFROM `...')
#2 C:\xampp\htdocs\codi\system\Database\BaseConnection.php(606): CodeIgniter\Database\BaseConnection->simpleQuery('SELECT *\nFROM `...')
#3 C:\xampp\htdocs\codi\system\Database\BaseBuilder.php(1616): CodeIgniter\Database\BaseConnection->query('SELECT *\nFROM `...', Array, false)
#4 C:\xampp\htdocs\codi\system\Model.php(203): CodeIgniter\Database\BaseBuilder->get()
#5 C:\xampp\htdocs\codi\system\BaseModel.php(557): CodeIgniter\Model->doFind(false, NULL)
#6 C:\xampp\htdocs\codi\app\Controllers\DesenhistaPost.php(1161): CodeIgniter\BaseModel->find()
#7 C:\xampp\htdocs\codi\system\CodeIgniter.php(934): App\Controllers\DesenhistaPost->desenho_tag_lista()
#8 C:\xampp\htdocs\codi\system\CodeIgniter.php(499): CodeIgniter\CodeIgniter->runController(Object(App\Controllers\DesenhistaPost))
#9 C:\xampp\htdocs\codi\system\CodeIgniter.php(368): CodeIgniter\CodeIgniter->handleRequest(NULL, Object(Config\Cache), false)
#10 C:\xampp\htdocs\codi\public\index.php(67): CodeIgniter\CodeIgniter->run()
#11 {main}
CRITICAL - 2023-10-26 21:49:51 --> Table 'wl.tag' doesn't exist
in SYSTEMPATH\Database\MySQLi\Connection.php on line 295.
 1 SYSTEMPATH\Database\MySQLi\Connection.php(295): mysqli->query('SELECT *
FROM `tag`', 0)
 2 SYSTEMPATH\Database\BaseConnection.php(692): CodeIgniter\Database\MySQLi\Connection->execute('SELECT *
FROM `tag`')
 3 SYSTEMPATH\Database\BaseConnection.php(606): CodeIgniter\Database\BaseConnection->simpleQuery('SELECT *
FROM `tag`')
 4 SYSTEMPATH\Database\BaseBuilder.php(1616): CodeIgniter\Database\BaseConnection->query('SELECT *
FROM `tag`', [], false)
 5 SYSTEMPATH\Model.php(203): CodeIgniter\Database\BaseBuilder->get()
 6 SYSTEMPATH\BaseModel.php(557): CodeIgniter\Model->doFind(false, null)
 7 APPPATH\Controllers\DesenhistaPost.php(1161): CodeIgniter\BaseModel->find()
 8 SYSTEMPATH\CodeIgniter.php(934): App\Controllers\DesenhistaPost->desenho_tag_lista()
 9 SYSTEMPATH\CodeIgniter.php(499): CodeIgniter\CodeIgniter->runController(Object(App\Controllers\DesenhistaPost))
10 SYSTEMPATH\CodeIgniter.php(368): CodeIgniter\CodeIgniter->handleRequest(null, Object(Config\Cache), false)
11 FCPATH\index.php(67): CodeIgniter\CodeIgniter->run()
ERROR - 2023-10-26 21:49:51 --> mysqli_sql_exception: Table 'wl.tag' doesn't exist in C:\xampp\htdocs\codi\system\Database\MySQLi\Connection.php:295
Stack trace:
#0 C:\xampp\htdocs\codi\system\Database\MySQLi\Connection.php(295): mysqli->query('SELECT *\nFROM `...', 0)
#1 C:\xampp\htdocs\codi\system\Database\BaseConnection.php(692): CodeIgniter\Database\MySQLi\Connection->execute('SELECT *\nFROM `...')
#2 C:\xampp\htdocs\codi\system\Database\BaseConnection.php(606): CodeIgniter\Database\BaseConnection->simpleQuery('SELECT *\nFROM `...')
#3 C:\xampp\htdocs\codi\system\Database\BaseBuilder.php(1616): CodeIgniter\Database\BaseConnection->query('SELECT *\nFROM `...', Array, false)
#4 C:\xampp\htdocs\codi\system\Model.php(203): CodeIgniter\Database\BaseBuilder->get()
#5 C:\xampp\htdocs\codi\system\BaseModel.php(557): CodeIgniter\Model->doFind(false, NULL)
#6 C:\xampp\htdocs\codi\app\Controllers\DesenhistaPost.php(1161): CodeIgniter\BaseModel->find()
#7 C:\xampp\htdocs\codi\system\CodeIgniter.php(934): App\Controllers\DesenhistaPost->desenho_tag_lista()
#8 C:\xampp\htdocs\codi\system\CodeIgniter.php(499): CodeIgniter\CodeIgniter->runController(Object(App\Controllers\DesenhistaPost))
#9 C:\xampp\htdocs\codi\system\CodeIgniter.php(368): CodeIgniter\CodeIgniter->handleRequest(NULL, Object(Config\Cache), false)
#10 C:\xampp\htdocs\codi\public\index.php(67): CodeIgniter\CodeIgniter->run()
#11 {main}
CRITICAL - 2023-10-26 21:49:51 --> Table 'wl.tag' doesn't exist
in SYSTEMPATH\Database\MySQLi\Connection.php on line 295.
 1 SYSTEMPATH\Database\MySQLi\Connection.php(295): mysqli->query('SELECT *
FROM `tag`', 0)
 2 SYSTEMPATH\Database\BaseConnection.php(692): CodeIgniter\Database\MySQLi\Connection->execute('SELECT *
FROM `tag`')
 3 SYSTEMPATH\Database\BaseConnection.php(606): CodeIgniter\Database\BaseConnection->simpleQuery('SELECT *
FROM `tag`')
 4 SYSTEMPATH\Database\BaseBuilder.php(1616): CodeIgniter\Database\BaseConnection->query('SELECT *
FROM `tag`', [], false)
 5 SYSTEMPATH\Model.php(203): CodeIgniter\Database\BaseBuilder->get()
 6 SYSTEMPATH\BaseModel.php(557): CodeIgniter\Model->doFind(false, null)
 7 APPPATH\Controllers\DesenhistaPost.php(1161): CodeIgniter\BaseModel->find()
 8 SYSTEMPATH\CodeIgniter.php(934): App\Controllers\DesenhistaPost->desenho_tag_lista()
 9 SYSTEMPATH\CodeIgniter.php(499): CodeIgniter\CodeIgniter->runController(Object(App\Controllers\DesenhistaPost))
10 SYSTEMPATH\CodeIgniter.php(368): CodeIgniter\CodeIgniter->handleRequest(null, Object(Config\Cache), false)
11 FCPATH\index.php(67): CodeIgniter\CodeIgniter->run()
ERROR - 2023-10-26 21:49:52 --> mysqli_sql_exception: Table 'wl.tag' doesn't exist in C:\xampp\htdocs\codi\system\Database\MySQLi\Connection.php:295
Stack trace:
#0 C:\xampp\htdocs\codi\system\Database\MySQLi\Connection.php(295): mysqli->query('SELECT *\nFROM `...', 0)
#1 C:\xampp\htdocs\codi\system\Database\BaseConnection.php(692): CodeIgniter\Database\MySQLi\Connection->execute('SELECT *\nFROM `...')
#2 C:\xampp\htdocs\codi\system\Database\BaseConnection.php(606): CodeIgniter\Database\BaseConnection->simpleQuery('SELECT *\nFROM `...')
#3 C:\xampp\htdocs\codi\system\Database\BaseBuilder.php(1616): CodeIgniter\Database\BaseConnection->query('SELECT *\nFROM `...', Array, false)
#4 C:\xampp\htdocs\codi\system\Model.php(203): CodeIgniter\Database\BaseBuilder->get()
#5 C:\xampp\htdocs\codi\system\BaseModel.php(557): CodeIgniter\Model->doFind(false, NULL)
#6 C:\xampp\htdocs\codi\app\Controllers\DesenhistaPost.php(1161): CodeIgniter\BaseModel->find()
#7 C:\xampp\htdocs\codi\system\CodeIgniter.php(934): App\Controllers\DesenhistaPost->desenho_tag_lista()
#8 C:\xampp\htdocs\codi\system\CodeIgniter.php(499): CodeIgniter\CodeIgniter->runController(Object(App\Controllers\DesenhistaPost))
#9 C:\xampp\htdocs\codi\system\CodeIgniter.php(368): CodeIgniter\CodeIgniter->handleRequest(NULL, Object(Config\Cache), false)
#10 C:\xampp\htdocs\codi\public\index.php(67): CodeIgniter\CodeIgniter->run()
#11 {main}
CRITICAL - 2023-10-26 21:49:52 --> Table 'wl.tag' doesn't exist
in SYSTEMPATH\Database\MySQLi\Connection.php on line 295.
 1 SYSTEMPATH\Database\MySQLi\Connection.php(295): mysqli->query('SELECT *
FROM `tag`', 0)
 2 SYSTEMPATH\Database\BaseConnection.php(692): CodeIgniter\Database\MySQLi\Connection->execute('SELECT *
FROM `tag`')
 3 SYSTEMPATH\Database\BaseConnection.php(606): CodeIgniter\Database\BaseConnection->simpleQuery('SELECT *
FROM `tag`')
 4 SYSTEMPATH\Database\BaseBuilder.php(1616): CodeIgniter\Database\BaseConnection->query('SELECT *
FROM `tag`', [], false)
 5 SYSTEMPATH\Model.php(203): CodeIgniter\Database\BaseBuilder->get()
 6 SYSTEMPATH\BaseModel.php(557): CodeIgniter\Model->doFind(false, null)
 7 APPPATH\Controllers\DesenhistaPost.php(1161): CodeIgniter\BaseModel->find()
 8 SYSTEMPATH\CodeIgniter.php(934): App\Controllers\DesenhistaPost->desenho_tag_lista()
 9 SYSTEMPATH\CodeIgniter.php(499): CodeIgniter\CodeIgniter->runController(Object(App\Controllers\DesenhistaPost))
10 SYSTEMPATH\CodeIgniter.php(368): CodeIgniter\CodeIgniter->handleRequest(null, Object(Config\Cache), false)
11 FCPATH\index.php(67): CodeIgniter\CodeIgniter->run()
ERROR - 2023-10-26 21:49:52 --> mysqli_sql_exception: Table 'wl.tag' doesn't exist in C:\xampp\htdocs\codi\system\Database\MySQLi\Connection.php:295
Stack trace:
#0 C:\xampp\htdocs\codi\system\Database\MySQLi\Connection.php(295): mysqli->query('SELECT *\nFROM `...', 0)
#1 C:\xampp\htdocs\codi\system\Database\BaseConnection.php(692): CodeIgniter\Database\MySQLi\Connection->execute('SELECT *\nFROM `...')
#2 C:\xampp\htdocs\codi\system\Database\BaseConnection.php(606): CodeIgniter\Database\BaseConnection->simpleQuery('SELECT *\nFROM `...')
#3 C:\xampp\htdocs\codi\system\Database\BaseBuilder.php(1616): CodeIgniter\Database\BaseConnection->query('SELECT *\nFROM `...', Array, false)
#4 C:\xampp\htdocs\codi\system\Model.php(203): CodeIgniter\Database\BaseBuilder->get()
#5 C:\xampp\htdocs\codi\system\BaseModel.php(557): CodeIgniter\Model->doFind(false, NULL)
#6 C:\xampp\htdocs\codi\app\Controllers\DesenhistaPost.php(1161): CodeIgniter\BaseModel->find()
#7 C:\xampp\htdocs\codi\system\CodeIgniter.php(934): App\Controllers\DesenhistaPost->desenho_tag_lista()
#8 C:\xampp\htdocs\codi\system\CodeIgniter.php(499): CodeIgniter\CodeIgniter->runController(Object(App\Controllers\DesenhistaPost))
#9 C:\xampp\htdocs\codi\system\CodeIgniter.php(368): CodeIgniter\CodeIgniter->handleRequest(NULL, Object(Config\Cache), false)
#10 C:\xampp\htdocs\codi\public\index.php(67): CodeIgniter\CodeIgniter->run()
#11 {main}
CRITICAL - 2023-10-26 21:49:52 --> Table 'wl.tag' doesn't exist
in SYSTEMPATH\Database\MySQLi\Connection.php on line 295.
 1 SYSTEMPATH\Database\MySQLi\Connection.php(295): mysqli->query('SELECT *
FROM `tag`', 0)
 2 SYSTEMPATH\Database\BaseConnection.php(692): CodeIgniter\Database\MySQLi\Connection->execute('SELECT *
FROM `tag`')
 3 SYSTEMPATH\Database\BaseConnection.php(606): CodeIgniter\Database\BaseConnection->simpleQuery('SELECT *
FROM `tag`')
 4 SYSTEMPATH\Database\BaseBuilder.php(1616): CodeIgniter\Database\BaseConnection->query('SELECT *
FROM `tag`', [], false)
 5 SYSTEMPATH\Model.php(203): CodeIgniter\Database\BaseBuilder->get()
 6 SYSTEMPATH\BaseModel.php(557): CodeIgniter\Model->doFind(false, null)
 7 APPPATH\Controllers\DesenhistaPost.php(1161): CodeIgniter\BaseModel->find()
 8 SYSTEMPATH\CodeIgniter.php(934): App\Controllers\DesenhistaPost->desenho_tag_lista()
 9 SYSTEMPATH\CodeIgniter.php(499): CodeIgniter\CodeIgniter->runController(Object(App\Controllers\DesenhistaPost))
10 SYSTEMPATH\CodeIgniter.php(368): CodeIgniter\CodeIgniter->handleRequest(null, Object(Config\Cache), false)
11 FCPATH\index.php(67): CodeIgniter\CodeIgniter->run()
ERROR - 2023-10-26 21:49:53 --> mysqli_sql_exception: Table 'wl.tag' doesn't exist in C:\xampp\htdocs\codi\system\Database\MySQLi\Connection.php:295
Stack trace:
#0 C:\xampp\htdocs\codi\system\Database\MySQLi\Connection.php(295): mysqli->query('SELECT *\nFROM `...', 0)
#1 C:\xampp\htdocs\codi\system\Database\BaseConnection.php(692): CodeIgniter\Database\MySQLi\Connection->execute('SELECT *\nFROM `...')
#2 C:\xampp\htdocs\codi\system\Database\BaseConnection.php(606): CodeIgniter\Database\BaseConnection->simpleQuery('SELECT *\nFROM `...')
#3 C:\xampp\htdocs\codi\system\Database\BaseBuilder.php(1616): CodeIgniter\Database\BaseConnection->query('SELECT *\nFROM `...', Array, false)
#4 C:\xampp\htdocs\codi\system\Model.php(203): CodeIgniter\Database\BaseBuilder->get()
#5 C:\xampp\htdocs\codi\system\BaseModel.php(557): CodeIgniter\Model->doFind(false, NULL)
#6 C:\xampp\htdocs\codi\app\Controllers\DesenhistaPost.php(1161): CodeIgniter\BaseModel->find()
#7 C:\xampp\htdocs\codi\system\CodeIgniter.php(934): App\Controllers\DesenhistaPost->desenho_tag_lista()
#8 C:\xampp\htdocs\codi\system\CodeIgniter.php(499): CodeIgniter\CodeIgniter->runController(Object(App\Controllers\DesenhistaPost))
#9 C:\xampp\htdocs\codi\system\CodeIgniter.php(368): CodeIgniter\CodeIgniter->handleRequest(NULL, Object(Config\Cache), false)
#10 C:\xampp\htdocs\codi\public\index.php(67): CodeIgniter\CodeIgniter->run()
#11 {main}
CRITICAL - 2023-10-26 21:49:53 --> Table 'wl.tag' doesn't exist
in SYSTEMPATH\Database\MySQLi\Connection.php on line 295.
 1 SYSTEMPATH\Database\MySQLi\Connection.php(295): mysqli->query('SELECT *
FROM `tag`', 0)
 2 SYSTEMPATH\Database\BaseConnection.php(692): CodeIgniter\Database\MySQLi\Connection->execute('SELECT *
FROM `tag`')
 3 SYSTEMPATH\Database\BaseConnection.php(606): CodeIgniter\Database\BaseConnection->simpleQuery('SELECT *
FROM `tag`')
 4 SYSTEMPATH\Database\BaseBuilder.php(1616): CodeIgniter\Database\BaseConnection->query('SELECT *
FROM `tag`', [], false)
 5 SYSTEMPATH\Model.php(203): CodeIgniter\Database\BaseBuilder->get()
 6 SYSTEMPATH\BaseModel.php(557): CodeIgniter\Model->doFind(false, null)
 7 APPPATH\Controllers\DesenhistaPost.php(1161): CodeIgniter\BaseModel->find()
 8 SYSTEMPATH\CodeIgniter.php(934): App\Controllers\DesenhistaPost->desenho_tag_lista()
 9 SYSTEMPATH\CodeIgniter.php(499): CodeIgniter\CodeIgniter->runController(Object(App\Controllers\DesenhistaPost))
10 SYSTEMPATH\CodeIgniter.php(368): CodeIgniter\CodeIgniter->handleRequest(null, Object(Config\Cache), false)
11 FCPATH\index.php(67): CodeIgniter\CodeIgniter->run()
ERROR - 2023-10-26 21:49:53 --> mysqli_sql_exception: Table 'wl.tag' doesn't exist in C:\xampp\htdocs\codi\system\Database\MySQLi\Connection.php:295
Stack trace:
#0 C:\xampp\htdocs\codi\system\Database\MySQLi\Connection.php(295): mysqli->query('SELECT *\nFROM `...', 0)
#1 C:\xampp\htdocs\codi\system\Database\BaseConnection.php(692): CodeIgniter\Database\MySQLi\Connection->execute('SELECT *\nFROM `...')
#2 C:\xampp\htdocs\codi\system\Database\BaseConnection.php(606): CodeIgniter\Database\BaseConnection->simpleQuery('SELECT *\nFROM `...')
#3 C:\xampp\htdocs\codi\system\Database\BaseBuilder.php(1616): CodeIgniter\Database\BaseConnection->query('SELECT *\nFROM `...', Array, false)
#4 C:\xampp\htdocs\codi\system\Model.php(203): CodeIgniter\Database\BaseBuilder->get()
#5 C:\xampp\htdocs\codi\system\BaseModel.php(557): CodeIgniter\Model->doFind(false, NULL)
#6 C:\xampp\htdocs\codi\app\Controllers\DesenhistaPost.php(1161): CodeIgniter\BaseModel->find()
#7 C:\xampp\htdocs\codi\system\CodeIgniter.php(934): App\Controllers\DesenhistaPost->desenho_tag_lista()
#8 C:\xampp\htdocs\codi\system\CodeIgniter.php(499): CodeIgniter\CodeIgniter->runController(Object(App\Controllers\DesenhistaPost))
#9 C:\xampp\htdocs\codi\system\CodeIgniter.php(368): CodeIgniter\CodeIgniter->handleRequest(NULL, Object(Config\Cache), false)
#10 C:\xampp\htdocs\codi\public\index.php(67): CodeIgniter\CodeIgniter->run()
#11 {main}
CRITICAL - 2023-10-26 21:49:53 --> Table 'wl.tag' doesn't exist
in SYSTEMPATH\Database\MySQLi\Connection.php on line 295.
 1 SYSTEMPATH\Database\MySQLi\Connection.php(295): mysqli->query('SELECT *
FROM `tag`', 0)
 2 SYSTEMPATH\Database\BaseConnection.php(692): CodeIgniter\Database\MySQLi\Connection->execute('SELECT *
FROM `tag`')
 3 SYSTEMPATH\Database\BaseConnection.php(606): CodeIgniter\Database\BaseConnection->simpleQuery('SELECT *
FROM `tag`')
 4 SYSTEMPATH\Database\BaseBuilder.php(1616): CodeIgniter\Database\BaseConnection->query('SELECT *
FROM `tag`', [], false)
 5 SYSTEMPATH\Model.php(203): CodeIgniter\Database\BaseBuilder->get()
 6 SYSTEMPATH\BaseModel.php(557): CodeIgniter\Model->doFind(false, null)
 7 APPPATH\Controllers\DesenhistaPost.php(1161): CodeIgniter\BaseModel->find()
 8 SYSTEMPATH\CodeIgniter.php(934): App\Controllers\DesenhistaPost->desenho_tag_lista()
 9 SYSTEMPATH\CodeIgniter.php(499): CodeIgniter\CodeIgniter->runController(Object(App\Controllers\DesenhistaPost))
10 SYSTEMPATH\CodeIgniter.php(368): CodeIgniter\CodeIgniter->handleRequest(null, Object(Config\Cache), false)
11 FCPATH\index.php(67): CodeIgniter\CodeIgniter->run()
ERROR - 2023-10-26 21:49:54 --> mysqli_sql_exception: Table 'wl.tag' doesn't exist in C:\xampp\htdocs\codi\system\Database\MySQLi\Connection.php:295
Stack trace:
#0 C:\xampp\htdocs\codi\system\Database\MySQLi\Connection.php(295): mysqli->query('SELECT *\nFROM `...', 0)
#1 C:\xampp\htdocs\codi\system\Database\BaseConnection.php(692): CodeIgniter\Database\MySQLi\Connection->execute('SELECT *\nFROM `...')
#2 C:\xampp\htdocs\codi\system\Database\BaseConnection.php(606): CodeIgniter\Database\BaseConnection->simpleQuery('SELECT *\nFROM `...')
#3 C:\xampp\htdocs\codi\system\Database\BaseBuilder.php(1616): CodeIgniter\Database\BaseConnection->query('SELECT *\nFROM `...', Array, false)
#4 C:\xampp\htdocs\codi\system\Model.php(203): CodeIgniter\Database\BaseBuilder->get()
#5 C:\xampp\htdocs\codi\system\BaseModel.php(557): CodeIgniter\Model->doFind(false, NULL)
#6 C:\xampp\htdocs\codi\app\Controllers\DesenhistaPost.php(1161): CodeIgniter\BaseModel->find()
#7 C:\xampp\htdocs\codi\system\CodeIgniter.php(934): App\Controllers\DesenhistaPost->desenho_tag_lista()
#8 C:\xampp\htdocs\codi\system\CodeIgniter.php(499): CodeIgniter\CodeIgniter->runController(Object(App\Controllers\DesenhistaPost))
#9 C:\xampp\htdocs\codi\system\CodeIgniter.php(368): CodeIgniter\CodeIgniter->handleRequest(NULL, Object(Config\Cache), false)
#10 C:\xampp\htdocs\codi\public\index.php(67): CodeIgniter\CodeIgniter->run()
#11 {main}
CRITICAL - 2023-10-26 21:49:54 --> Table 'wl.tag' doesn't exist
in SYSTEMPATH\Database\MySQLi\Connection.php on line 295.
 1 SYSTEMPATH\Database\MySQLi\Connection.php(295): mysqli->query('SELECT *
FROM `tag`', 0)
 2 SYSTEMPATH\Database\BaseConnection.php(692): CodeIgniter\Database\MySQLi\Connection->execute('SELECT *
FROM `tag`')
 3 SYSTEMPATH\Database\BaseConnection.php(606): CodeIgniter\Database\BaseConnection->simpleQuery('SELECT *
FROM `tag`')
 4 SYSTEMPATH\Database\BaseBuilder.php(1616): CodeIgniter\Database\BaseConnection->query('SELECT *
FROM `tag`', [], false)
 5 SYSTEMPATH\Model.php(203): CodeIgniter\Database\BaseBuilder->get()
 6 SYSTEMPATH\BaseModel.php(557): CodeIgniter\Model->doFind(false, null)
 7 APPPATH\Controllers\DesenhistaPost.php(1161): CodeIgniter\BaseModel->find()
 8 SYSTEMPATH\CodeIgniter.php(934): App\Controllers\DesenhistaPost->desenho_tag_lista()
 9 SYSTEMPATH\CodeIgniter.php(499): CodeIgniter\CodeIgniter->runController(Object(App\Controllers\DesenhistaPost))
10 SYSTEMPATH\CodeIgniter.php(368): CodeIgniter\CodeIgniter->handleRequest(null, Object(Config\Cache), false)
11 FCPATH\index.php(67): CodeIgniter\CodeIgniter->run()
ERROR - 2023-10-26 21:49:54 --> mysqli_sql_exception: Table 'wl.tag' doesn't exist in C:\xampp\htdocs\codi\system\Database\MySQLi\Connection.php:295
Stack trace:
#0 C:\xampp\htdocs\codi\system\Database\MySQLi\Connection.php(295): mysqli->query('SELECT *\nFROM `...', 0)
#1 C:\xampp\htdocs\codi\system\Database\BaseConnection.php(692): CodeIgniter\Database\MySQLi\Connection->execute('SELECT *\nFROM `...')
#2 C:\xampp\htdocs\codi\system\Database\BaseConnection.php(606): CodeIgniter\Database\BaseConnection->simpleQuery('SELECT *\nFROM `...')
#3 C:\xampp\htdocs\codi\system\Database\BaseBuilder.php(1616): CodeIgniter\Database\BaseConnection->query('SELECT *\nFROM `...', Array, false)
#4 C:\xampp\htdocs\codi\system\Model.php(203): CodeIgniter\Database\BaseBuilder->get()
#5 C:\xampp\htdocs\codi\system\BaseModel.php(557): CodeIgniter\Model->doFind(false, NULL)
#6 C:\xampp\htdocs\codi\app\Controllers\DesenhistaPost.php(1161): CodeIgniter\BaseModel->find()
#7 C:\xampp\htdocs\codi\system\CodeIgniter.php(934): App\Controllers\DesenhistaPost->desenho_tag_lista()
#8 C:\xampp\htdocs\codi\system\CodeIgniter.php(499): CodeIgniter\CodeIgniter->runController(Object(App\Controllers\DesenhistaPost))
#9 C:\xampp\htdocs\codi\system\CodeIgniter.php(368): CodeIgniter\CodeIgniter->handleRequest(NULL, Object(Config\Cache), false)
#10 C:\xampp\htdocs\codi\public\index.php(67): CodeIgniter\CodeIgniter->run()
#11 {main}
CRITICAL - 2023-10-26 21:49:54 --> Table 'wl.tag' doesn't exist
in SYSTEMPATH\Database\MySQLi\Connection.php on line 295.
 1 SYSTEMPATH\Database\MySQLi\Connection.php(295): mysqli->query('SELECT *
FROM `tag`', 0)
 2 SYSTEMPATH\Database\BaseConnection.php(692): CodeIgniter\Database\MySQLi\Connection->execute('SELECT *
FROM `tag`')
 3 SYSTEMPATH\Database\BaseConnection.php(606): CodeIgniter\Database\BaseConnection->simpleQuery('SELECT *
FROM `tag`')
 4 SYSTEMPATH\Database\BaseBuilder.php(1616): CodeIgniter\Database\BaseConnection->query('SELECT *
FROM `tag`', [], false)
 5 SYSTEMPATH\Model.php(203): CodeIgniter\Database\BaseBuilder->get()
 6 SYSTEMPATH\BaseModel.php(557): CodeIgniter\Model->doFind(false, null)
 7 APPPATH\Controllers\DesenhistaPost.php(1161): CodeIgniter\BaseModel->find()
 8 SYSTEMPATH\CodeIgniter.php(934): App\Controllers\DesenhistaPost->desenho_tag_lista()
 9 SYSTEMPATH\CodeIgniter.php(499): CodeIgniter\CodeIgniter->runController(Object(App\Controllers\DesenhistaPost))
10 SYSTEMPATH\CodeIgniter.php(368): CodeIgniter\CodeIgniter->handleRequest(null, Object(Config\Cache), false)
11 FCPATH\index.php(67): CodeIgniter\CodeIgniter->run()
ERROR - 2023-10-26 21:49:55 --> mysqli_sql_exception: Table 'wl.tag' doesn't exist in C:\xampp\htdocs\codi\system\Database\MySQLi\Connection.php:295
Stack trace:
#0 C:\xampp\htdocs\codi\system\Database\MySQLi\Connection.php(295): mysqli->query('SELECT *\nFROM `...', 0)
#1 C:\xampp\htdocs\codi\system\Database\BaseConnection.php(692): CodeIgniter\Database\MySQLi\Connection->execute('SELECT *\nFROM `...')
#2 C:\xampp\htdocs\codi\system\Database\BaseConnection.php(606): CodeIgniter\Database\BaseConnection->simpleQuery('SELECT *\nFROM `...')
#3 C:\xampp\htdocs\codi\system\Database\BaseBuilder.php(1616): CodeIgniter\Database\BaseConnection->query('SELECT *\nFROM `...', Array, false)
#4 C:\xampp\htdocs\codi\system\Model.php(203): CodeIgniter\Database\BaseBuilder->get()
#5 C:\xampp\htdocs\codi\system\BaseModel.php(557): CodeIgniter\Model->doFind(false, NULL)
#6 C:\xampp\htdocs\codi\app\Controllers\DesenhistaPost.php(1161): CodeIgniter\BaseModel->find()
#7 C:\xampp\htdocs\codi\system\CodeIgniter.php(934): App\Controllers\DesenhistaPost->desenho_tag_lista()
#8 C:\xampp\htdocs\codi\system\CodeIgniter.php(499): CodeIgniter\CodeIgniter->runController(Object(App\Controllers\DesenhistaPost))
#9 C:\xampp\htdocs\codi\system\CodeIgniter.php(368): CodeIgniter\CodeIgniter->handleRequest(NULL, Object(Config\Cache), false)
#10 C:\xampp\htdocs\codi\public\index.php(67): CodeIgniter\CodeIgniter->run()
#11 {main}
CRITICAL - 2023-10-26 21:49:55 --> Table 'wl.tag' doesn't exist
in SYSTEMPATH\Database\MySQLi\Connection.php on line 295.
 1 SYSTEMPATH\Database\MySQLi\Connection.php(295): mysqli->query('SELECT *
FROM `tag`', 0)
 2 SYSTEMPATH\Database\BaseConnection.php(692): CodeIgniter\Database\MySQLi\Connection->execute('SELECT *
FROM `tag`')
 3 SYSTEMPATH\Database\BaseConnection.php(606): CodeIgniter\Database\BaseConnection->simpleQuery('SELECT *
FROM `tag`')
 4 SYSTEMPATH\Database\BaseBuilder.php(1616): CodeIgniter\Database\BaseConnection->query('SELECT *
FROM `tag`', [], false)
 5 SYSTEMPATH\Model.php(203): CodeIgniter\Database\BaseBuilder->get()
 6 SYSTEMPATH\BaseModel.php(557): CodeIgniter\Model->doFind(false, null)
 7 APPPATH\Controllers\DesenhistaPost.php(1161): CodeIgniter\BaseModel->find()
 8 SYSTEMPATH\CodeIgniter.php(934): App\Controllers\DesenhistaPost->desenho_tag_lista()
 9 SYSTEMPATH\CodeIgniter.php(499): CodeIgniter\CodeIgniter->runController(Object(App\Controllers\DesenhistaPost))
10 SYSTEMPATH\CodeIgniter.php(368): CodeIgniter\CodeIgniter->handleRequest(null, Object(Config\Cache), false)
11 FCPATH\index.php(67): CodeIgniter\CodeIgniter->run()
ERROR - 2023-10-26 21:49:55 --> mysqli_sql_exception: Table 'wl.tag' doesn't exist in C:\xampp\htdocs\codi\system\Database\MySQLi\Connection.php:295
Stack trace:
#0 C:\xampp\htdocs\codi\system\Database\MySQLi\Connection.php(295): mysqli->query('SELECT *\nFROM `...', 0)
#1 C:\xampp\htdocs\codi\system\Database\BaseConnection.php(692): CodeIgniter\Database\MySQLi\Connection->execute('SELECT *\nFROM `...')
#2 C:\xampp\htdocs\codi\system\Database\BaseConnection.php(606): CodeIgniter\Database\BaseConnection->simpleQuery('SELECT *\nFROM `...')
#3 C:\xampp\htdocs\codi\system\Database\BaseBuilder.php(1616): CodeIgniter\Database\BaseConnection->query('SELECT *\nFROM `...', Array, false)
#4 C:\xampp\htdocs\codi\system\Model.php(203): CodeIgniter\Database\BaseBuilder->get()
#5 C:\xampp\htdocs\codi\system\BaseModel.php(557): CodeIgniter\Model->doFind(false, NULL)
#6 C:\xampp\htdocs\codi\app\Controllers\DesenhistaPost.php(1161): CodeIgniter\BaseModel->find()
#7 C:\xampp\htdocs\codi\system\CodeIgniter.php(934): App\Controllers\DesenhistaPost->desenho_tag_lista()
#8 C:\xampp\htdocs\codi\system\CodeIgniter.php(499): CodeIgniter\CodeIgniter->runController(Object(App\Controllers\DesenhistaPost))
#9 C:\xampp\htdocs\codi\system\CodeIgniter.php(368): CodeIgniter\CodeIgniter->handleRequest(NULL, Object(Config\Cache), false)
#10 C:\xampp\htdocs\codi\public\index.php(67): CodeIgniter\CodeIgniter->run()
#11 {main}
CRITICAL - 2023-10-26 21:49:55 --> Table 'wl.tag' doesn't exist
in SYSTEMPATH\Database\MySQLi\Connection.php on line 295.
 1 SYSTEMPATH\Database\MySQLi\Connection.php(295): mysqli->query('SELECT *
FROM `tag`', 0)
 2 SYSTEMPATH\Database\BaseConnection.php(692): CodeIgniter\Database\MySQLi\Connection->execute('SELECT *
FROM `tag`')
 3 SYSTEMPATH\Database\BaseConnection.php(606): CodeIgniter\Database\BaseConnection->simpleQuery('SELECT *
FROM `tag`')
 4 SYSTEMPATH\Database\BaseBuilder.php(1616): CodeIgniter\Database\BaseConnection->query('SELECT *
FROM `tag`', [], false)
 5 SYSTEMPATH\Model.php(203): CodeIgniter\Database\BaseBuilder->get()
 6 SYSTEMPATH\BaseModel.php(557): CodeIgniter\Model->doFind(false, null)
 7 APPPATH\Controllers\DesenhistaPost.php(1161): CodeIgniter\BaseModel->find()
 8 SYSTEMPATH\CodeIgniter.php(934): App\Controllers\DesenhistaPost->desenho_tag_lista()
 9 SYSTEMPATH\CodeIgniter.php(499): CodeIgniter\CodeIgniter->runController(Object(App\Controllers\DesenhistaPost))
10 SYSTEMPATH\CodeIgniter.php(368): CodeIgniter\CodeIgniter->handleRequest(null, Object(Config\Cache), false)
11 FCPATH\index.php(67): CodeIgniter\CodeIgniter->run()
ERROR - 2023-10-26 21:49:56 --> mysqli_sql_exception: Table 'wl.tag' doesn't exist in C:\xampp\htdocs\codi\system\Database\MySQLi\Connection.php:295
Stack trace:
#0 C:\xampp\htdocs\codi\system\Database\MySQLi\Connection.php(295): mysqli->query('SELECT *\nFROM `...', 0)
#1 C:\xampp\htdocs\codi\system\Database\BaseConnection.php(692): CodeIgniter\Database\MySQLi\Connection->execute('SELECT *\nFROM `...')
#2 C:\xampp\htdocs\codi\system\Database\BaseConnection.php(606): CodeIgniter\Database\BaseConnection->simpleQuery('SELECT *\nFROM `...')
#3 C:\xampp\htdocs\codi\system\Database\BaseBuilder.php(1616): CodeIgniter\Database\BaseConnection->query('SELECT *\nFROM `...', Array, false)
#4 C:\xampp\htdocs\codi\system\Model.php(203): CodeIgniter\Database\BaseBuilder->get()
#5 C:\xampp\htdocs\codi\system\BaseModel.php(557): CodeIgniter\Model->doFind(false, NULL)
#6 C:\xampp\htdocs\codi\app\Controllers\DesenhistaPost.php(1161): CodeIgniter\BaseModel->find()
#7 C:\xampp\htdocs\codi\system\CodeIgniter.php(934): App\Controllers\DesenhistaPost->desenho_tag_lista()
#8 C:\xampp\htdocs\codi\system\CodeIgniter.php(499): CodeIgniter\CodeIgniter->runController(Object(App\Controllers\DesenhistaPost))
#9 C:\xampp\htdocs\codi\system\CodeIgniter.php(368): CodeIgniter\CodeIgniter->handleRequest(NULL, Object(Config\Cache), false)
#10 C:\xampp\htdocs\codi\public\index.php(67): CodeIgniter\CodeIgniter->run()
#11 {main}
CRITICAL - 2023-10-26 21:49:56 --> Table 'wl.tag' doesn't exist
in SYSTEMPATH\Database\MySQLi\Connection.php on line 295.
 1 SYSTEMPATH\Database\MySQLi\Connection.php(295): mysqli->query('SELECT *
FROM `tag`', 0)
 2 SYSTEMPATH\Database\BaseConnection.php(692): CodeIgniter\Database\MySQLi\Connection->execute('SELECT *
FROM `tag`')
 3 SYSTEMPATH\Database\BaseConnection.php(606): CodeIgniter\Database\BaseConnection->simpleQuery('SELECT *
FROM `tag`')
 4 SYSTEMPATH\Database\BaseBuilder.php(1616): CodeIgniter\Database\BaseConnection->query('SELECT *
FROM `tag`', [], false)
 5 SYSTEMPATH\Model.php(203): CodeIgniter\Database\BaseBuilder->get()
 6 SYSTEMPATH\BaseModel.php(557): CodeIgniter\Model->doFind(false, null)
 7 APPPATH\Controllers\DesenhistaPost.php(1161): CodeIgniter\BaseModel->find()
 8 SYSTEMPATH\CodeIgniter.php(934): App\Controllers\DesenhistaPost->desenho_tag_lista()
 9 SYSTEMPATH\CodeIgniter.php(499): CodeIgniter\CodeIgniter->runController(Object(App\Controllers\DesenhistaPost))
10 SYSTEMPATH\CodeIgniter.php(368): CodeIgniter\CodeIgniter->handleRequest(null, Object(Config\Cache), false)
11 FCPATH\index.php(67): CodeIgniter\CodeIgniter->run()
ERROR - 2023-10-26 21:49:56 --> mysqli_sql_exception: Table 'wl.tag' doesn't exist in C:\xampp\htdocs\codi\system\Database\MySQLi\Connection.php:295
Stack trace:
#0 C:\xampp\htdocs\codi\system\Database\MySQLi\Connection.php(295): mysqli->query('SELECT *\nFROM `...', 0)
#1 C:\xampp\htdocs\codi\system\Database\BaseConnection.php(692): CodeIgniter\Database\MySQLi\Connection->execute('SELECT *\nFROM `...')
#2 C:\xampp\htdocs\codi\system\Database\BaseConnection.php(606): CodeIgniter\Database\BaseConnection->simpleQuery('SELECT *\nFROM `...')
#3 C:\xampp\htdocs\codi\system\Database\BaseBuilder.php(1616): CodeIgniter\Database\BaseConnection->query('SELECT *\nFROM `...', Array, false)
#4 C:\xampp\htdocs\codi\system\Model.php(203): CodeIgniter\Database\BaseBuilder->get()
#5 C:\xampp\htdocs\codi\system\BaseModel.php(557): CodeIgniter\Model->doFind(false, NULL)
#6 C:\xampp\htdocs\codi\app\Controllers\DesenhistaPost.php(1161): CodeIgniter\BaseModel->find()
#7 C:\xampp\htdocs\codi\system\CodeIgniter.php(934): App\Controllers\DesenhistaPost->desenho_tag_lista()
#8 C:\xampp\htdocs\codi\system\CodeIgniter.php(499): CodeIgniter\CodeIgniter->runController(Object(App\Controllers\DesenhistaPost))
#9 C:\xampp\htdocs\codi\system\CodeIgniter.php(368): CodeIgniter\CodeIgniter->handleRequest(NULL, Object(Config\Cache), false)
#10 C:\xampp\htdocs\codi\public\index.php(67): CodeIgniter\CodeIgniter->run()
#11 {main}
CRITICAL - 2023-10-26 21:49:56 --> Table 'wl.tag' doesn't exist
in SYSTEMPATH\Database\MySQLi\Connection.php on line 295.
 1 SYSTEMPATH\Database\MySQLi\Connection.php(295): mysqli->query('SELECT *
FROM `tag`', 0)
 2 SYSTEMPATH\Database\BaseConnection.php(692): CodeIgniter\Database\MySQLi\Connection->execute('SELECT *
FROM `tag`')
 3 SYSTEMPATH\Database\BaseConnection.php(606): CodeIgniter\Database\BaseConnection->simpleQuery('SELECT *
FROM `tag`')
 4 SYSTEMPATH\Database\BaseBuilder.php(1616): CodeIgniter\Database\BaseConnection->query('SELECT *
FROM `tag`', [], false)
 5 SYSTEMPATH\Model.php(203): CodeIgniter\Database\BaseBuilder->get()
 6 SYSTEMPATH\BaseModel.php(557): CodeIgniter\Model->doFind(false, null)
 7 APPPATH\Controllers\DesenhistaPost.php(1161): CodeIgniter\BaseModel->find()
 8 SYSTEMPATH\CodeIgniter.php(934): App\Controllers\DesenhistaPost->desenho_tag_lista()
 9 SYSTEMPATH\CodeIgniter.php(499): CodeIgniter\CodeIgniter->runController(Object(App\Controllers\DesenhistaPost))
10 SYSTEMPATH\CodeIgniter.php(368): CodeIgniter\CodeIgniter->handleRequest(null, Object(Config\Cache), false)
11 FCPATH\index.php(67): CodeIgniter\CodeIgniter->run()
ERROR - 2023-10-26 21:49:57 --> mysqli_sql_exception: Table 'wl.tag' doesn't exist in C:\xampp\htdocs\codi\system\Database\MySQLi\Connection.php:295
Stack trace:
#0 C:\xampp\htdocs\codi\system\Database\MySQLi\Connection.php(295): mysqli->query('SELECT *\nFROM `...', 0)
#1 C:\xampp\htdocs\codi\system\Database\BaseConnection.php(692): CodeIgniter\Database\MySQLi\Connection->execute('SELECT *\nFROM `...')
#2 C:\xampp\htdocs\codi\system\Database\BaseConnection.php(606): CodeIgniter\Database\BaseConnection->simpleQuery('SELECT *\nFROM `...')
#3 C:\xampp\htdocs\codi\system\Database\BaseBuilder.php(1616): CodeIgniter\Database\BaseConnection->query('SELECT *\nFROM `...', Array, false)
#4 C:\xampp\htdocs\codi\system\Model.php(203): CodeIgniter\Database\BaseBuilder->get()
#5 C:\xampp\htdocs\codi\system\BaseModel.php(557): CodeIgniter\Model->doFind(false, NULL)
#6 C:\xampp\htdocs\codi\app\Controllers\DesenhistaPost.php(1161): CodeIgniter\BaseModel->find()
#7 C:\xampp\htdocs\codi\system\CodeIgniter.php(934): App\Controllers\DesenhistaPost->desenho_tag_lista()
#8 C:\xampp\htdocs\codi\system\CodeIgniter.php(499): CodeIgniter\CodeIgniter->runController(Object(App\Controllers\DesenhistaPost))
#9 C:\xampp\htdocs\codi\system\CodeIgniter.php(368): CodeIgniter\CodeIgniter->handleRequest(NULL, Object(Config\Cache), false)
#10 C:\xampp\htdocs\codi\public\index.php(67): CodeIgniter\CodeIgniter->run()
#11 {main}
CRITICAL - 2023-10-26 21:49:57 --> Table 'wl.tag' doesn't exist
in SYSTEMPATH\Database\MySQLi\Connection.php on line 295.
 1 SYSTEMPATH\Database\MySQLi\Connection.php(295): mysqli->query('SELECT *
FROM `tag`', 0)
 2 SYSTEMPATH\Database\BaseConnection.php(692): CodeIgniter\Database\MySQLi\Connection->execute('SELECT *
FROM `tag`')
 3 SYSTEMPATH\Database\BaseConnection.php(606): CodeIgniter\Database\BaseConnection->simpleQuery('SELECT *
FROM `tag`')
 4 SYSTEMPATH\Database\BaseBuilder.php(1616): CodeIgniter\Database\BaseConnection->query('SELECT *
FROM `tag`', [], false)
 5 SYSTEMPATH\Model.php(203): CodeIgniter\Database\BaseBuilder->get()
 6 SYSTEMPATH\BaseModel.php(557): CodeIgniter\Model->doFind(false, null)
 7 APPPATH\Controllers\DesenhistaPost.php(1161): CodeIgniter\BaseModel->find()
 8 SYSTEMPATH\CodeIgniter.php(934): App\Controllers\DesenhistaPost->desenho_tag_lista()
 9 SYSTEMPATH\CodeIgniter.php(499): CodeIgniter\CodeIgniter->runController(Object(App\Controllers\DesenhistaPost))
10 SYSTEMPATH\CodeIgniter.php(368): CodeIgniter\CodeIgniter->handleRequest(null, Object(Config\Cache), false)
11 FCPATH\index.php(67): CodeIgniter\CodeIgniter->run()
ERROR - 2023-10-26 21:49:57 --> mysqli_sql_exception: Table 'wl.tag' doesn't exist in C:\xampp\htdocs\codi\system\Database\MySQLi\Connection.php:295
Stack trace:
#0 C:\xampp\htdocs\codi\system\Database\MySQLi\Connection.php(295): mysqli->query('SELECT *\nFROM `...', 0)
#1 C:\xampp\htdocs\codi\system\Database\BaseConnection.php(692): CodeIgniter\Database\MySQLi\Connection->execute('SELECT *\nFROM `...')
#2 C:\xampp\htdocs\codi\system\Database\BaseConnection.php(606): CodeIgniter\Database\BaseConnection->simpleQuery('SELECT *\nFROM `...')
#3 C:\xampp\htdocs\codi\system\Database\BaseBuilder.php(1616): CodeIgniter\Database\BaseConnection->query('SELECT *\nFROM `...', Array, false)
#4 C:\xampp\htdocs\codi\system\Model.php(203): CodeIgniter\Database\BaseBuilder->get()
#5 C:\xampp\htdocs\codi\system\BaseModel.php(557): CodeIgniter\Model->doFind(false, NULL)
#6 C:\xampp\htdocs\codi\app\Controllers\DesenhistaPost.php(1161): CodeIgniter\BaseModel->find()
#7 C:\xampp\htdocs\codi\system\CodeIgniter.php(934): App\Controllers\DesenhistaPost->desenho_tag_lista()
#8 C:\xampp\htdocs\codi\system\CodeIgniter.php(499): CodeIgniter\CodeIgniter->runController(Object(App\Controllers\DesenhistaPost))
#9 C:\xampp\htdocs\codi\system\CodeIgniter.php(368): CodeIgniter\CodeIgniter->handleRequest(NULL, Object(Config\Cache), false)
#10 C:\xampp\htdocs\codi\public\index.php(67): CodeIgniter\CodeIgniter->run()
#11 {main}
CRITICAL - 2023-10-26 21:49:57 --> Table 'wl.tag' doesn't exist
in SYSTEMPATH\Database\MySQLi\Connection.php on line 295.
 1 SYSTEMPATH\Database\MySQLi\Connection.php(295): mysqli->query('SELECT *
FROM `tag`', 0)
 2 SYSTEMPATH\Database\BaseConnection.php(692): CodeIgniter\Database\MySQLi\Connection->execute('SELECT *
FROM `tag`')
 3 SYSTEMPATH\Database\BaseConnection.php(606): CodeIgniter\Database\BaseConnection->simpleQuery('SELECT *
FROM `tag`')
 4 SYSTEMPATH\Database\BaseBuilder.php(1616): CodeIgniter\Database\BaseConnection->query('SELECT *
FROM `tag`', [], false)
 5 SYSTEMPATH\Model.php(203): CodeIgniter\Database\BaseBuilder->get()
 6 SYSTEMPATH\BaseModel.php(557): CodeIgniter\Model->doFind(false, null)
 7 APPPATH\Controllers\DesenhistaPost.php(1161): CodeIgniter\BaseModel->find()
 8 SYSTEMPATH\CodeIgniter.php(934): App\Controllers\DesenhistaPost->desenho_tag_lista()
 9 SYSTEMPATH\CodeIgniter.php(499): CodeIgniter\CodeIgniter->runController(Object(App\Controllers\DesenhistaPost))
10 SYSTEMPATH\CodeIgniter.php(368): CodeIgniter\CodeIgniter->handleRequest(null, Object(Config\Cache), false)
11 FCPATH\index.php(67): CodeIgniter\CodeIgniter->run()
ERROR - 2023-10-26 21:49:58 --> mysqli_sql_exception: Table 'wl.tag' doesn't exist in C:\xampp\htdocs\codi\system\Database\MySQLi\Connection.php:295
Stack trace:
#0 C:\xampp\htdocs\codi\system\Database\MySQLi\Connection.php(295): mysqli->query('SELECT *\nFROM `...', 0)
#1 C:\xampp\htdocs\codi\system\Database\BaseConnection.php(692): CodeIgniter\Database\MySQLi\Connection->execute('SELECT *\nFROM `...')
#2 C:\xampp\htdocs\codi\system\Database\BaseConnection.php(606): CodeIgniter\Database\BaseConnection->simpleQuery('SELECT *\nFROM `...')
#3 C:\xampp\htdocs\codi\system\Database\BaseBuilder.php(1616): CodeIgniter\Database\BaseConnection->query('SELECT *\nFROM `...', Array, false)
#4 C:\xampp\htdocs\codi\system\Model.php(203): CodeIgniter\Database\BaseBuilder->get()
#5 C:\xampp\htdocs\codi\system\BaseModel.php(557): CodeIgniter\Model->doFind(false, NULL)
#6 C:\xampp\htdocs\codi\app\Controllers\DesenhistaPost.php(1161): CodeIgniter\BaseModel->find()
#7 C:\xampp\htdocs\codi\system\CodeIgniter.php(934): App\Controllers\DesenhistaPost->desenho_tag_lista()
#8 C:\xampp\htdocs\codi\system\CodeIgniter.php(499): CodeIgniter\CodeIgniter->runController(Object(App\Controllers\DesenhistaPost))
#9 C:\xampp\htdocs\codi\system\CodeIgniter.php(368): CodeIgniter\CodeIgniter->handleRequest(NULL, Object(Config\Cache), false)
#10 C:\xampp\htdocs\codi\public\index.php(67): CodeIgniter\CodeIgniter->run()
#11 {main}
CRITICAL - 2023-10-26 21:49:58 --> Table 'wl.tag' doesn't exist
in SYSTEMPATH\Database\MySQLi\Connection.php on line 295.
 1 SYSTEMPATH\Database\MySQLi\Connection.php(295): mysqli->query('SELECT *
FROM `tag`', 0)
 2 SYSTEMPATH\Database\BaseConnection.php(692): CodeIgniter\Database\MySQLi\Connection->execute('SELECT *
FROM `tag`')
 3 SYSTEMPATH\Database\BaseConnection.php(606): CodeIgniter\Database\BaseConnection->simpleQuery('SELECT *
FROM `tag`')
 4 SYSTEMPATH\Database\BaseBuilder.php(1616): CodeIgniter\Database\BaseConnection->query('SELECT *
FROM `tag`', [], false)
 5 SYSTEMPATH\Model.php(203): CodeIgniter\Database\BaseBuilder->get()
 6 SYSTEMPATH\BaseModel.php(557): CodeIgniter\Model->doFind(false, null)
 7 APPPATH\Controllers\DesenhistaPost.php(1161): CodeIgniter\BaseModel->find()
 8 SYSTEMPATH\CodeIgniter.php(934): App\Controllers\DesenhistaPost->desenho_tag_lista()
 9 SYSTEMPATH\CodeIgniter.php(499): CodeIgniter\CodeIgniter->runController(Object(App\Controllers\DesenhistaPost))
10 SYSTEMPATH\CodeIgniter.php(368): CodeIgniter\CodeIgniter->handleRequest(null, Object(Config\Cache), false)
11 FCPATH\index.php(67): CodeIgniter\CodeIgniter->run()
ERROR - 2023-10-26 21:49:58 --> mysqli_sql_exception: Table 'wl.tag' doesn't exist in C:\xampp\htdocs\codi\system\Database\MySQLi\Connection.php:295
Stack trace:
#0 C:\xampp\htdocs\codi\system\Database\MySQLi\Connection.php(295): mysqli->query('SELECT *\nFROM `...', 0)
#1 C:\xampp\htdocs\codi\system\Database\BaseConnection.php(692): CodeIgniter\Database\MySQLi\Connection->execute('SELECT *\nFROM `...')
#2 C:\xampp\htdocs\codi\system\Database\BaseConnection.php(606): CodeIgniter\Database\BaseConnection->simpleQuery('SELECT *\nFROM `...')
#3 C:\xampp\htdocs\codi\system\Database\BaseBuilder.php(1616): CodeIgniter\Database\BaseConnection->query('SELECT *\nFROM `...', Array, false)
#4 C:\xampp\htdocs\codi\system\Model.php(203): CodeIgniter\Database\BaseBuilder->get()
#5 C:\xampp\htdocs\codi\system\BaseModel.php(557): CodeIgniter\Model->doFind(false, NULL)
#6 C:\xampp\htdocs\codi\app\Controllers\DesenhistaPost.php(1161): CodeIgniter\BaseModel->find()
#7 C:\xampp\htdocs\codi\system\CodeIgniter.php(934): App\Controllers\DesenhistaPost->desenho_tag_lista()
#8 C:\xampp\htdocs\codi\system\CodeIgniter.php(499): CodeIgniter\CodeIgniter->runController(Object(App\Controllers\DesenhistaPost))
#9 C:\xampp\htdocs\codi\system\CodeIgniter.php(368): CodeIgniter\CodeIgniter->handleRequest(NULL, Object(Config\Cache), false)
#10 C:\xampp\htdocs\codi\public\index.php(67): CodeIgniter\CodeIgniter->run()
#11 {main}
CRITICAL - 2023-10-26 21:49:58 --> Table 'wl.tag' doesn't exist
in SYSTEMPATH\Database\MySQLi\Connection.php on line 295.
 1 SYSTEMPATH\Database\MySQLi\Connection.php(295): mysqli->query('SELECT *
FROM `tag`', 0)
 2 SYSTEMPATH\Database\BaseConnection.php(692): CodeIgniter\Database\MySQLi\Connection->execute('SELECT *
FROM `tag`')
 3 SYSTEMPATH\Database\BaseConnection.php(606): CodeIgniter\Database\BaseConnection->simpleQuery('SELECT *
FROM `tag`')
 4 SYSTEMPATH\Database\BaseBuilder.php(1616): CodeIgniter\Database\BaseConnection->query('SELECT *
FROM `tag`', [], false)
 5 SYSTEMPATH\Model.php(203): CodeIgniter\Database\BaseBuilder->get()
 6 SYSTEMPATH\BaseModel.php(557): CodeIgniter\Model->doFind(false, null)
 7 APPPATH\Controllers\DesenhistaPost.php(1161): CodeIgniter\BaseModel->find()
 8 SYSTEMPATH\CodeIgniter.php(934): App\Controllers\DesenhistaPost->desenho_tag_lista()
 9 SYSTEMPATH\CodeIgniter.php(499): CodeIgniter\CodeIgniter->runController(Object(App\Controllers\DesenhistaPost))
10 SYSTEMPATH\CodeIgniter.php(368): CodeIgniter\CodeIgniter->handleRequest(null, Object(Config\Cache), false)
11 FCPATH\index.php(67): CodeIgniter\CodeIgniter->run()
ERROR - 2023-10-26 21:49:59 --> mysqli_sql_exception: Table 'wl.tag' doesn't exist in C:\xampp\htdocs\codi\system\Database\MySQLi\Connection.php:295
Stack trace:
#0 C:\xampp\htdocs\codi\system\Database\MySQLi\Connection.php(295): mysqli->query('SELECT *\nFROM `...', 0)
#1 C:\xampp\htdocs\codi\system\Database\BaseConnection.php(692): CodeIgniter\Database\MySQLi\Connection->execute('SELECT *\nFROM `...')
#2 C:\xampp\htdocs\codi\system\Database\BaseConnection.php(606): CodeIgniter\Database\BaseConnection->simpleQuery('SELECT *\nFROM `...')
#3 C:\xampp\htdocs\codi\system\Database\BaseBuilder.php(1616): CodeIgniter\Database\BaseConnection->query('SELECT *\nFROM `...', Array, false)
#4 C:\xampp\htdocs\codi\system\Model.php(203): CodeIgniter\Database\BaseBuilder->get()
#5 C:\xampp\htdocs\codi\system\BaseModel.php(557): CodeIgniter\Model->doFind(false, NULL)
#6 C:\xampp\htdocs\codi\app\Controllers\DesenhistaPost.php(1161): CodeIgniter\BaseModel->find()
#7 C:\xampp\htdocs\codi\system\CodeIgniter.php(934): App\Controllers\DesenhistaPost->desenho_tag_lista()
#8 C:\xampp\htdocs\codi\system\CodeIgniter.php(499): CodeIgniter\CodeIgniter->runController(Object(App\Controllers\DesenhistaPost))
#9 C:\xampp\htdocs\codi\system\CodeIgniter.php(368): CodeIgniter\CodeIgniter->handleRequest(NULL, Object(Config\Cache), false)
#10 C:\xampp\htdocs\codi\public\index.php(67): CodeIgniter\CodeIgniter->run()
#11 {main}
CRITICAL - 2023-10-26 21:49:59 --> Table 'wl.tag' doesn't exist
in SYSTEMPATH\Database\MySQLi\Connection.php on line 295.
 1 SYSTEMPATH\Database\MySQLi\Connection.php(295): mysqli->query('SELECT *
FROM `tag`', 0)
 2 SYSTEMPATH\Database\BaseConnection.php(692): CodeIgniter\Database\MySQLi\Connection->execute('SELECT *
FROM `tag`')
 3 SYSTEMPATH\Database\BaseConnection.php(606): CodeIgniter\Database\BaseConnection->simpleQuery('SELECT *
FROM `tag`')
 4 SYSTEMPATH\Database\BaseBuilder.php(1616): CodeIgniter\Database\BaseConnection->query('SELECT *
FROM `tag`', [], false)
 5 SYSTEMPATH\Model.php(203): CodeIgniter\Database\BaseBuilder->get()
 6 SYSTEMPATH\BaseModel.php(557): CodeIgniter\Model->doFind(false, null)
 7 APPPATH\Controllers\DesenhistaPost.php(1161): CodeIgniter\BaseModel->find()
 8 SYSTEMPATH\CodeIgniter.php(934): App\Controllers\DesenhistaPost->desenho_tag_lista()
 9 SYSTEMPATH\CodeIgniter.php(499): CodeIgniter\CodeIgniter->runController(Object(App\Controllers\DesenhistaPost))
10 SYSTEMPATH\CodeIgniter.php(368): CodeIgniter\CodeIgniter->handleRequest(null, Object(Config\Cache), false)
11 FCPATH\index.php(67): CodeIgniter\CodeIgniter->run()
ERROR - 2023-10-26 21:49:59 --> mysqli_sql_exception: Table 'wl.tag' doesn't exist in C:\xampp\htdocs\codi\system\Database\MySQLi\Connection.php:295
Stack trace:
#0 C:\xampp\htdocs\codi\system\Database\MySQLi\Connection.php(295): mysqli->query('SELECT *\nFROM `...', 0)
#1 C:\xampp\htdocs\codi\system\Database\BaseConnection.php(692): CodeIgniter\Database\MySQLi\Connection->execute('SELECT *\nFROM `...')
#2 C:\xampp\htdocs\codi\system\Database\BaseConnection.php(606): CodeIgniter\Database\BaseConnection->simpleQuery('SELECT *\nFROM `...')
#3 C:\xampp\htdocs\codi\system\Database\BaseBuilder.php(1616): CodeIgniter\Database\BaseConnection->query('SELECT *\nFROM `...', Array, false)
#4 C:\xampp\htdocs\codi\system\Model.php(203): CodeIgniter\Database\BaseBuilder->get()
#5 C:\xampp\htdocs\codi\system\BaseModel.php(557): CodeIgniter\Model->doFind(false, NULL)
#6 C:\xampp\htdocs\codi\app\Controllers\DesenhistaPost.php(1161): CodeIgniter\BaseModel->find()
#7 C:\xampp\htdocs\codi\system\CodeIgniter.php(934): App\Controllers\DesenhistaPost->desenho_tag_lista()
#8 C:\xampp\htdocs\codi\system\CodeIgniter.php(499): CodeIgniter\CodeIgniter->runController(Object(App\Controllers\DesenhistaPost))
#9 C:\xampp\htdocs\codi\system\CodeIgniter.php(368): CodeIgniter\CodeIgniter->handleRequest(NULL, Object(Config\Cache), false)
#10 C:\xampp\htdocs\codi\public\index.php(67): CodeIgniter\CodeIgniter->run()
#11 {main}
CRITICAL - 2023-10-26 21:49:59 --> Table 'wl.tag' doesn't exist
in SYSTEMPATH\Database\MySQLi\Connection.php on line 295.
 1 SYSTEMPATH\Database\MySQLi\Connection.php(295): mysqli->query('SELECT *
FROM `tag`', 0)
 2 SYSTEMPATH\Database\BaseConnection.php(692): CodeIgniter\Database\MySQLi\Connection->execute('SELECT *
FROM `tag`')
 3 SYSTEMPATH\Database\BaseConnection.php(606): CodeIgniter\Database\BaseConnection->simpleQuery('SELECT *
FROM `tag`')
 4 SYSTEMPATH\Database\BaseBuilder.php(1616): CodeIgniter\Database\BaseConnection->query('SELECT *
FROM `tag`', [], false)
 5 SYSTEMPATH\Model.php(203): CodeIgniter\Database\BaseBuilder->get()
 6 SYSTEMPATH\BaseModel.php(557): CodeIgniter\Model->doFind(false, null)
 7 APPPATH\Controllers\DesenhistaPost.php(1161): CodeIgniter\BaseModel->find()
 8 SYSTEMPATH\CodeIgniter.php(934): App\Controllers\DesenhistaPost->desenho_tag_lista()
 9 SYSTEMPATH\CodeIgniter.php(499): CodeIgniter\CodeIgniter->runController(Object(App\Controllers\DesenhistaPost))
10 SYSTEMPATH\CodeIgniter.php(368): CodeIgniter\CodeIgniter->handleRequest(null, Object(Config\Cache), false)
11 FCPATH\index.php(67): CodeIgniter\CodeIgniter->run()
ERROR - 2023-10-26 21:50:01 --> mysqli_sql_exception: Table 'wl.tag' doesn't exist in C:\xampp\htdocs\codi\system\Database\MySQLi\Connection.php:295
Stack trace:
#0 C:\xampp\htdocs\codi\system\Database\MySQLi\Connection.php(295): mysqli->query('SELECT *\nFROM `...', 0)
#1 C:\xampp\htdocs\codi\system\Database\BaseConnection.php(692): CodeIgniter\Database\MySQLi\Connection->execute('SELECT *\nFROM `...')
#2 C:\xampp\htdocs\codi\system\Database\BaseConnection.php(606): CodeIgniter\Database\BaseConnection->simpleQuery('SELECT *\nFROM `...')
#3 C:\xampp\htdocs\codi\system\Database\BaseBuilder.php(1616): CodeIgniter\Database\BaseConnection->query('SELECT *\nFROM `...', Array, false)
#4 C:\xampp\htdocs\codi\system\Model.php(203): CodeIgniter\Database\BaseBuilder->get()
#5 C:\xampp\htdocs\codi\system\BaseModel.php(557): CodeIgniter\Model->doFind(false, NULL)
#6 C:\xampp\htdocs\codi\app\Controllers\DesenhistaPost.php(1161): CodeIgniter\BaseModel->find()
#7 C:\xampp\htdocs\codi\system\CodeIgniter.php(934): App\Controllers\DesenhistaPost->desenho_tag_lista()
#8 C:\xampp\htdocs\codi\system\CodeIgniter.php(499): CodeIgniter\CodeIgniter->runController(Object(App\Controllers\DesenhistaPost))
#9 C:\xampp\htdocs\codi\system\CodeIgniter.php(368): CodeIgniter\CodeIgniter->handleRequest(NULL, Object(Config\Cache), false)
#10 C:\xampp\htdocs\codi\public\index.php(67): CodeIgniter\CodeIgniter->run()
#11 {main}
CRITICAL - 2023-10-26 21:50:01 --> Table 'wl.tag' doesn't exist
in SYSTEMPATH\Database\MySQLi\Connection.php on line 295.
 1 SYSTEMPATH\Database\MySQLi\Connection.php(295): mysqli->query('SELECT *
FROM `tag`', 0)
 2 SYSTEMPATH\Database\BaseConnection.php(692): CodeIgniter\Database\MySQLi\Connection->execute('SELECT *
FROM `tag`')
 3 SYSTEMPATH\Database\BaseConnection.php(606): CodeIgniter\Database\BaseConnection->simpleQuery('SELECT *
FROM `tag`')
 4 SYSTEMPATH\Database\BaseBuilder.php(1616): CodeIgniter\Database\BaseConnection->query('SELECT *
FROM `tag`', [], false)
 5 SYSTEMPATH\Model.php(203): CodeIgniter\Database\BaseBuilder->get()
 6 SYSTEMPATH\BaseModel.php(557): CodeIgniter\Model->doFind(false, null)
 7 APPPATH\Controllers\DesenhistaPost.php(1161): CodeIgniter\BaseModel->find()
 8 SYSTEMPATH\CodeIgniter.php(934): App\Controllers\DesenhistaPost->desenho_tag_lista()
 9 SYSTEMPATH\CodeIgniter.php(499): CodeIgniter\CodeIgniter->runController(Object(App\Controllers\DesenhistaPost))
10 SYSTEMPATH\CodeIgniter.php(368): CodeIgniter\CodeIgniter->handleRequest(null, Object(Config\Cache), false)
11 FCPATH\index.php(67): CodeIgniter\CodeIgniter->run()
ERROR - 2023-10-26 21:50:01 --> mysqli_sql_exception: Table 'wl.tag' doesn't exist in C:\xampp\htdocs\codi\system\Database\MySQLi\Connection.php:295
Stack trace:
#0 C:\xampp\htdocs\codi\system\Database\MySQLi\Connection.php(295): mysqli->query('SELECT *\nFROM `...', 0)
#1 C:\xampp\htdocs\codi\system\Database\BaseConnection.php(692): CodeIgniter\Database\MySQLi\Connection->execute('SELECT *\nFROM `...')
#2 C:\xampp\htdocs\codi\system\Database\BaseConnection.php(606): CodeIgniter\Database\BaseConnection->simpleQuery('SELECT *\nFROM `...')
#3 C:\xampp\htdocs\codi\system\Database\BaseBuilder.php(1616): CodeIgniter\Database\BaseConnection->query('SELECT *\nFROM `...', Array, false)
#4 C:\xampp\htdocs\codi\system\Model.php(203): CodeIgniter\Database\BaseBuilder->get()
#5 C:\xampp\htdocs\codi\system\BaseModel.php(557): CodeIgniter\Model->doFind(false, NULL)
#6 C:\xampp\htdocs\codi\app\Controllers\DesenhistaPost.php(1161): CodeIgniter\BaseModel->find()
#7 C:\xampp\htdocs\codi\system\CodeIgniter.php(934): App\Controllers\DesenhistaPost->desenho_tag_lista()
#8 C:\xampp\htdocs\codi\system\CodeIgniter.php(499): CodeIgniter\CodeIgniter->runController(Object(App\Controllers\DesenhistaPost))
#9 C:\xampp\htdocs\codi\system\CodeIgniter.php(368): CodeIgniter\CodeIgniter->handleRequest(NULL, Object(Config\Cache), false)
#10 C:\xampp\htdocs\codi\public\index.php(67): CodeIgniter\CodeIgniter->run()
#11 {main}
CRITICAL - 2023-10-26 21:50:01 --> Table 'wl.tag' doesn't exist
in SYSTEMPATH\Database\MySQLi\Connection.php on line 295.
 1 SYSTEMPATH\Database\MySQLi\Connection.php(295): mysqli->query('SELECT *
FROM `tag`', 0)
 2 SYSTEMPATH\Database\BaseConnection.php(692): CodeIgniter\Database\MySQLi\Connection->execute('SELECT *
FROM `tag`')
 3 SYSTEMPATH\Database\BaseConnection.php(606): CodeIgniter\Database\BaseConnection->simpleQuery('SELECT *
FROM `tag`')
 4 SYSTEMPATH\Database\BaseBuilder.php(1616): CodeIgniter\Database\BaseConnection->query('SELECT *
FROM `tag`', [], false)
 5 SYSTEMPATH\Model.php(203): CodeIgniter\Database\BaseBuilder->get()
 6 SYSTEMPATH\BaseModel.php(557): CodeIgniter\Model->doFind(false, null)
 7 APPPATH\Controllers\DesenhistaPost.php(1161): CodeIgniter\BaseModel->find()
 8 SYSTEMPATH\CodeIgniter.php(934): App\Controllers\DesenhistaPost->desenho_tag_lista()
 9 SYSTEMPATH\CodeIgniter.php(499): CodeIgniter\CodeIgniter->runController(Object(App\Controllers\DesenhistaPost))
10 SYSTEMPATH\CodeIgniter.php(368): CodeIgniter\CodeIgniter->handleRequest(null, Object(Config\Cache), false)
11 FCPATH\index.php(67): CodeIgniter\CodeIgniter->run()
ERROR - 2023-10-26 21:50:02 --> mysqli_sql_exception: Table 'wl.tag' doesn't exist in C:\xampp\htdocs\codi\system\Database\MySQLi\Connection.php:295
Stack trace:
#0 C:\xampp\htdocs\codi\system\Database\MySQLi\Connection.php(295): mysqli->query('SELECT *\nFROM `...', 0)
#1 C:\xampp\htdocs\codi\system\Database\BaseConnection.php(692): CodeIgniter\Database\MySQLi\Connection->execute('SELECT *\nFROM `...')
#2 C:\xampp\htdocs\codi\system\Database\BaseConnection.php(606): CodeIgniter\Database\BaseConnection->simpleQuery('SELECT *\nFROM `...')
#3 C:\xampp\htdocs\codi\system\Database\BaseBuilder.php(1616): CodeIgniter\Database\BaseConnection->query('SELECT *\nFROM `...', Array, false)
#4 C:\xampp\htdocs\codi\system\Model.php(203): CodeIgniter\Database\BaseBuilder->get()
#5 C:\xampp\htdocs\codi\system\BaseModel.php(557): CodeIgniter\Model->doFind(false, NULL)
#6 C:\xampp\htdocs\codi\app\Controllers\DesenhistaPost.php(1161): CodeIgniter\BaseModel->find()
#7 C:\xampp\htdocs\codi\system\CodeIgniter.php(934): App\Controllers\DesenhistaPost->desenho_tag_lista()
#8 C:\xampp\htdocs\codi\system\CodeIgniter.php(499): CodeIgniter\CodeIgniter->runController(Object(App\Controllers\DesenhistaPost))
#9 C:\xampp\htdocs\codi\system\CodeIgniter.php(368): CodeIgniter\CodeIgniter->handleRequest(NULL, Object(Config\Cache), false)
#10 C:\xampp\htdocs\codi\public\index.php(67): CodeIgniter\CodeIgniter->run()
#11 {main}
CRITICAL - 2023-10-26 21:50:02 --> Table 'wl.tag' doesn't exist
in SYSTEMPATH\Database\MySQLi\Connection.php on line 295.
 1 SYSTEMPATH\Database\MySQLi\Connection.php(295): mysqli->query('SELECT *
FROM `tag`', 0)
 2 SYSTEMPATH\Database\BaseConnection.php(692): CodeIgniter\Database\MySQLi\Connection->execute('SELECT *
FROM `tag`')
 3 SYSTEMPATH\Database\BaseConnection.php(606): CodeIgniter\Database\BaseConnection->simpleQuery('SELECT *
FROM `tag`')
 4 SYSTEMPATH\Database\BaseBuilder.php(1616): CodeIgniter\Database\BaseConnection->query('SELECT *
FROM `tag`', [], false)
 5 SYSTEMPATH\Model.php(203): CodeIgniter\Database\BaseBuilder->get()
 6 SYSTEMPATH\BaseModel.php(557): CodeIgniter\Model->doFind(false, null)
 7 APPPATH\Controllers\DesenhistaPost.php(1161): CodeIgniter\BaseModel->find()
 8 SYSTEMPATH\CodeIgniter.php(934): App\Controllers\DesenhistaPost->desenho_tag_lista()
 9 SYSTEMPATH\CodeIgniter.php(499): CodeIgniter\CodeIgniter->runController(Object(App\Controllers\DesenhistaPost))
10 SYSTEMPATH\CodeIgniter.php(368): CodeIgniter\CodeIgniter->handleRequest(null, Object(Config\Cache), false)
11 FCPATH\index.php(67): CodeIgniter\CodeIgniter->run()
ERROR - 2023-10-26 21:50:02 --> mysqli_sql_exception: Table 'wl.tag' doesn't exist in C:\xampp\htdocs\codi\system\Database\MySQLi\Connection.php:295
Stack trace:
#0 C:\xampp\htdocs\codi\system\Database\MySQLi\Connection.php(295): mysqli->query('SELECT *\nFROM `...', 0)
#1 C:\xampp\htdocs\codi\system\Database\BaseConnection.php(692): CodeIgniter\Database\MySQLi\Connection->execute('SELECT *\nFROM `...')
#2 C:\xampp\htdocs\codi\system\Database\BaseConnection.php(606): CodeIgniter\Database\BaseConnection->simpleQuery('SELECT *\nFROM `...')
#3 C:\xampp\htdocs\codi\system\Database\BaseBuilder.php(1616): CodeIgniter\Database\BaseConnection->query('SELECT *\nFROM `...', Array, false)
#4 C:\xampp\htdocs\codi\system\Model.php(203): CodeIgniter\Database\BaseBuilder->get()
#5 C:\xampp\htdocs\codi\system\BaseModel.php(557): CodeIgniter\Model->doFind(false, NULL)
#6 C:\xampp\htdocs\codi\app\Controllers\DesenhistaPost.php(1161): CodeIgniter\BaseModel->find()
#7 C:\xampp\htdocs\codi\system\CodeIgniter.php(934): App\Controllers\DesenhistaPost->desenho_tag_lista()
#8 C:\xampp\htdocs\codi\system\CodeIgniter.php(499): CodeIgniter\CodeIgniter->runController(Object(App\Controllers\DesenhistaPost))
#9 C:\xampp\htdocs\codi\system\CodeIgniter.php(368): CodeIgniter\CodeIgniter->handleRequest(NULL, Object(Config\Cache), false)
#10 C:\xampp\htdocs\codi\public\index.php(67): CodeIgniter\CodeIgniter->run()
#11 {main}
CRITICAL - 2023-10-26 21:50:02 --> Table 'wl.tag' doesn't exist
in SYSTEMPATH\Database\MySQLi\Connection.php on line 295.
 1 SYSTEMPATH\Database\MySQLi\Connection.php(295): mysqli->query('SELECT *
FROM `tag`', 0)
 2 SYSTEMPATH\Database\BaseConnection.php(692): CodeIgniter\Database\MySQLi\Connection->execute('SELECT *
FROM `tag`')
 3 SYSTEMPATH\Database\BaseConnection.php(606): CodeIgniter\Database\BaseConnection->simpleQuery('SELECT *
FROM `tag`')
 4 SYSTEMPATH\Database\BaseBuilder.php(1616): CodeIgniter\Database\BaseConnection->query('SELECT *
FROM `tag`', [], false)
 5 SYSTEMPATH\Model.php(203): CodeIgniter\Database\BaseBuilder->get()
 6 SYSTEMPATH\BaseModel.php(557): CodeIgniter\Model->doFind(false, null)
 7 APPPATH\Controllers\DesenhistaPost.php(1161): CodeIgniter\BaseModel->find()
 8 SYSTEMPATH\CodeIgniter.php(934): App\Controllers\DesenhistaPost->desenho_tag_lista()
 9 SYSTEMPATH\CodeIgniter.php(499): CodeIgniter\CodeIgniter->runController(Object(App\Controllers\DesenhistaPost))
10 SYSTEMPATH\CodeIgniter.php(368): CodeIgniter\CodeIgniter->handleRequest(null, Object(Config\Cache), false)
11 FCPATH\index.php(67): CodeIgniter\CodeIgniter->run()
ERROR - 2023-10-26 21:50:03 --> mysqli_sql_exception: Table 'wl.tag' doesn't exist in C:\xampp\htdocs\codi\system\Database\MySQLi\Connection.php:295
Stack trace:
#0 C:\xampp\htdocs\codi\system\Database\MySQLi\Connection.php(295): mysqli->query('SELECT *\nFROM `...', 0)
#1 C:\xampp\htdocs\codi\system\Database\BaseConnection.php(692): CodeIgniter\Database\MySQLi\Connection->execute('SELECT *\nFROM `...')
#2 C:\xampp\htdocs\codi\system\Database\BaseConnection.php(606): CodeIgniter\Database\BaseConnection->simpleQuery('SELECT *\nFROM `...')
#3 C:\xampp\htdocs\codi\system\Database\BaseBuilder.php(1616): CodeIgniter\Database\BaseConnection->query('SELECT *\nFROM `...', Array, false)
#4 C:\xampp\htdocs\codi\system\Model.php(203): CodeIgniter\Database\BaseBuilder->get()
#5 C:\xampp\htdocs\codi\system\BaseModel.php(557): CodeIgniter\Model->doFind(false, NULL)
#6 C:\xampp\htdocs\codi\app\Controllers\DesenhistaPost.php(1161): CodeIgniter\BaseModel->find()
#7 C:\xampp\htdocs\codi\system\CodeIgniter.php(934): App\Controllers\DesenhistaPost->desenho_tag_lista()
#8 C:\xampp\htdocs\codi\system\CodeIgniter.php(499): CodeIgniter\CodeIgniter->runController(Object(App\Controllers\DesenhistaPost))
#9 C:\xampp\htdocs\codi\system\CodeIgniter.php(368): CodeIgniter\CodeIgniter->handleRequest(NULL, Object(Config\Cache), false)
#10 C:\xampp\htdocs\codi\public\index.php(67): CodeIgniter\CodeIgniter->run()
#11 {main}
CRITICAL - 2023-10-26 21:50:03 --> Table 'wl.tag' doesn't exist
in SYSTEMPATH\Database\MySQLi\Connection.php on line 295.
 1 SYSTEMPATH\Database\MySQLi\Connection.php(295): mysqli->query('SELECT *
FROM `tag`', 0)
 2 SYSTEMPATH\Database\BaseConnection.php(692): CodeIgniter\Database\MySQLi\Connection->execute('SELECT *
FROM `tag`')
 3 SYSTEMPATH\Database\BaseConnection.php(606): CodeIgniter\Database\BaseConnection->simpleQuery('SELECT *
FROM `tag`')
 4 SYSTEMPATH\Database\BaseBuilder.php(1616): CodeIgniter\Database\BaseConnection->query('SELECT *
FROM `tag`', [], false)
 5 SYSTEMPATH\Model.php(203): CodeIgniter\Database\BaseBuilder->get()
 6 SYSTEMPATH\BaseModel.php(557): CodeIgniter\Model->doFind(false, null)
 7 APPPATH\Controllers\DesenhistaPost.php(1161): CodeIgniter\BaseModel->find()
 8 SYSTEMPATH\CodeIgniter.php(934): App\Controllers\DesenhistaPost->desenho_tag_lista()
 9 SYSTEMPATH\CodeIgniter.php(499): CodeIgniter\CodeIgniter->runController(Object(App\Controllers\DesenhistaPost))
10 SYSTEMPATH\CodeIgniter.php(368): CodeIgniter\CodeIgniter->handleRequest(null, Object(Config\Cache), false)
11 FCPATH\index.php(67): CodeIgniter\CodeIgniter->run()
ERROR - 2023-10-26 21:50:03 --> mysqli_sql_exception: Table 'wl.tag' doesn't exist in C:\xampp\htdocs\codi\system\Database\MySQLi\Connection.php:295
Stack trace:
#0 C:\xampp\htdocs\codi\system\Database\MySQLi\Connection.php(295): mysqli->query('SELECT *\nFROM `...', 0)
#1 C:\xampp\htdocs\codi\system\Database\BaseConnection.php(692): CodeIgniter\Database\MySQLi\Connection->execute('SELECT *\nFROM `...')
#2 C:\xampp\htdocs\codi\system\Database\BaseConnection.php(606): CodeIgniter\Database\BaseConnection->simpleQuery('SELECT *\nFROM `...')
#3 C:\xampp\htdocs\codi\system\Database\BaseBuilder.php(1616): CodeIgniter\Database\BaseConnection->query('SELECT *\nFROM `...', Array, false)
#4 C:\xampp\htdocs\codi\system\Model.php(203): CodeIgniter\Database\BaseBuilder->get()
#5 C:\xampp\htdocs\codi\system\BaseModel.php(557): CodeIgniter\Model->doFind(false, NULL)
#6 C:\xampp\htdocs\codi\app\Controllers\DesenhistaPost.php(1161): CodeIgniter\BaseModel->find()
#7 C:\xampp\htdocs\codi\system\CodeIgniter.php(934): App\Controllers\DesenhistaPost->desenho_tag_lista()
#8 C:\xampp\htdocs\codi\system\CodeIgniter.php(499): CodeIgniter\CodeIgniter->runController(Object(App\Controllers\DesenhistaPost))
#9 C:\xampp\htdocs\codi\system\CodeIgniter.php(368): CodeIgniter\CodeIgniter->handleRequest(NULL, Object(Config\Cache), false)
#10 C:\xampp\htdocs\codi\public\index.php(67): CodeIgniter\CodeIgniter->run()
#11 {main}
CRITICAL - 2023-10-26 21:50:03 --> Table 'wl.tag' doesn't exist
in SYSTEMPATH\Database\MySQLi\Connection.php on line 295.
 1 SYSTEMPATH\Database\MySQLi\Connection.php(295): mysqli->query('SELECT *
FROM `tag`', 0)
 2 SYSTEMPATH\Database\BaseConnection.php(692): CodeIgniter\Database\MySQLi\Connection->execute('SELECT *
FROM `tag`')
 3 SYSTEMPATH\Database\BaseConnection.php(606): CodeIgniter\Database\BaseConnection->simpleQuery('SELECT *
FROM `tag`')
 4 SYSTEMPATH\Database\BaseBuilder.php(1616): CodeIgniter\Database\BaseConnection->query('SELECT *
FROM `tag`', [], false)
 5 SYSTEMPATH\Model.php(203): CodeIgniter\Database\BaseBuilder->get()
 6 SYSTEMPATH\BaseModel.php(557): CodeIgniter\Model->doFind(false, null)
 7 APPPATH\Controllers\DesenhistaPost.php(1161): CodeIgniter\BaseModel->find()
 8 SYSTEMPATH\CodeIgniter.php(934): App\Controllers\DesenhistaPost->desenho_tag_lista()
 9 SYSTEMPATH\CodeIgniter.php(499): CodeIgniter\CodeIgniter->runController(Object(App\Controllers\DesenhistaPost))
10 SYSTEMPATH\CodeIgniter.php(368): CodeIgniter\CodeIgniter->handleRequest(null, Object(Config\Cache), false)
11 FCPATH\index.php(67): CodeIgniter\CodeIgniter->run()
ERROR - 2023-10-26 21:50:04 --> mysqli_sql_exception: Table 'wl.tag' doesn't exist in C:\xampp\htdocs\codi\system\Database\MySQLi\Connection.php:295
Stack trace:
#0 C:\xampp\htdocs\codi\system\Database\MySQLi\Connection.php(295): mysqli->query('SELECT *\nFROM `...', 0)
#1 C:\xampp\htdocs\codi\system\Database\BaseConnection.php(692): CodeIgniter\Database\MySQLi\Connection->execute('SELECT *\nFROM `...')
#2 C:\xampp\htdocs\codi\system\Database\BaseConnection.php(606): CodeIgniter\Database\BaseConnection->simpleQuery('SELECT *\nFROM `...')
#3 C:\xampp\htdocs\codi\system\Database\BaseBuilder.php(1616): CodeIgniter\Database\BaseConnection->query('SELECT *\nFROM `...', Array, false)
#4 C:\xampp\htdocs\codi\system\Model.php(203): CodeIgniter\Database\BaseBuilder->get()
#5 C:\xampp\htdocs\codi\system\BaseModel.php(557): CodeIgniter\Model->doFind(false, NULL)
#6 C:\xampp\htdocs\codi\app\Controllers\DesenhistaPost.php(1161): CodeIgniter\BaseModel->find()
#7 C:\xampp\htdocs\codi\system\CodeIgniter.php(934): App\Controllers\DesenhistaPost->desenho_tag_lista()
#8 C:\xampp\htdocs\codi\system\CodeIgniter.php(499): CodeIgniter\CodeIgniter->runController(Object(App\Controllers\DesenhistaPost))
#9 C:\xampp\htdocs\codi\system\CodeIgniter.php(368): CodeIgniter\CodeIgniter->handleRequest(NULL, Object(Config\Cache), false)
#10 C:\xampp\htdocs\codi\public\index.php(67): CodeIgniter\CodeIgniter->run()
#11 {main}
CRITICAL - 2023-10-26 21:50:04 --> Table 'wl.tag' doesn't exist
in SYSTEMPATH\Database\MySQLi\Connection.php on line 295.
 1 SYSTEMPATH\Database\MySQLi\Connection.php(295): mysqli->query('SELECT *
FROM `tag`', 0)
 2 SYSTEMPATH\Database\BaseConnection.php(692): CodeIgniter\Database\MySQLi\Connection->execute('SELECT *
FROM `tag`')
 3 SYSTEMPATH\Database\BaseConnection.php(606): CodeIgniter\Database\BaseConnection->simpleQuery('SELECT *
FROM `tag`')
 4 SYSTEMPATH\Database\BaseBuilder.php(1616): CodeIgniter\Database\BaseConnection->query('SELECT *
FROM `tag`', [], false)
 5 SYSTEMPATH\Model.php(203): CodeIgniter\Database\BaseBuilder->get()
 6 SYSTEMPATH\BaseModel.php(557): CodeIgniter\Model->doFind(false, null)
 7 APPPATH\Controllers\DesenhistaPost.php(1161): CodeIgniter\BaseModel->find()
 8 SYSTEMPATH\CodeIgniter.php(934): App\Controllers\DesenhistaPost->desenho_tag_lista()
 9 SYSTEMPATH\CodeIgniter.php(499): CodeIgniter\CodeIgniter->runController(Object(App\Controllers\DesenhistaPost))
10 SYSTEMPATH\CodeIgniter.php(368): CodeIgniter\CodeIgniter->handleRequest(null, Object(Config\Cache), false)
11 FCPATH\index.php(67): CodeIgniter\CodeIgniter->run()
ERROR - 2023-10-26 21:50:04 --> mysqli_sql_exception: Table 'wl.tag' doesn't exist in C:\xampp\htdocs\codi\system\Database\MySQLi\Connection.php:295
Stack trace:
#0 C:\xampp\htdocs\codi\system\Database\MySQLi\Connection.php(295): mysqli->query('SELECT *\nFROM `...', 0)
#1 C:\xampp\htdocs\codi\system\Database\BaseConnection.php(692): CodeIgniter\Database\MySQLi\Connection->execute('SELECT *\nFROM `...')
#2 C:\xampp\htdocs\codi\system\Database\BaseConnection.php(606): CodeIgniter\Database\BaseConnection->simpleQuery('SELECT *\nFROM `...')
#3 C:\xampp\htdocs\codi\system\Database\BaseBuilder.php(1616): CodeIgniter\Database\BaseConnection->query('SELECT *\nFROM `...', Array, false)
#4 C:\xampp\htdocs\codi\system\Model.php(203): CodeIgniter\Database\BaseBuilder->get()
#5 C:\xampp\htdocs\codi\system\BaseModel.php(557): CodeIgniter\Model->doFind(false, NULL)
#6 C:\xampp\htdocs\codi\app\Controllers\DesenhistaPost.php(1161): CodeIgniter\BaseModel->find()
#7 C:\xampp\htdocs\codi\system\CodeIgniter.php(934): App\Controllers\DesenhistaPost->desenho_tag_lista()
#8 C:\xampp\htdocs\codi\system\CodeIgniter.php(499): CodeIgniter\CodeIgniter->runController(Object(App\Controllers\DesenhistaPost))
#9 C:\xampp\htdocs\codi\system\CodeIgniter.php(368): CodeIgniter\CodeIgniter->handleRequest(NULL, Object(Config\Cache), false)
#10 C:\xampp\htdocs\codi\public\index.php(67): CodeIgniter\CodeIgniter->run()
#11 {main}
CRITICAL - 2023-10-26 21:50:04 --> Table 'wl.tag' doesn't exist
in SYSTEMPATH\Database\MySQLi\Connection.php on line 295.
 1 SYSTEMPATH\Database\MySQLi\Connection.php(295): mysqli->query('SELECT *
FROM `tag`', 0)
 2 SYSTEMPATH\Database\BaseConnection.php(692): CodeIgniter\Database\MySQLi\Connection->execute('SELECT *
FROM `tag`')
 3 SYSTEMPATH\Database\BaseConnection.php(606): CodeIgniter\Database\BaseConnection->simpleQuery('SELECT *
FROM `tag`')
 4 SYSTEMPATH\Database\BaseBuilder.php(1616): CodeIgniter\Database\BaseConnection->query('SELECT *
FROM `tag`', [], false)
 5 SYSTEMPATH\Model.php(203): CodeIgniter\Database\BaseBuilder->get()
 6 SYSTEMPATH\BaseModel.php(557): CodeIgniter\Model->doFind(false, null)
 7 APPPATH\Controllers\DesenhistaPost.php(1161): CodeIgniter\BaseModel->find()
 8 SYSTEMPATH\CodeIgniter.php(934): App\Controllers\DesenhistaPost->desenho_tag_lista()
 9 SYSTEMPATH\CodeIgniter.php(499): CodeIgniter\CodeIgniter->runController(Object(App\Controllers\DesenhistaPost))
10 SYSTEMPATH\CodeIgniter.php(368): CodeIgniter\CodeIgniter->handleRequest(null, Object(Config\Cache), false)
11 FCPATH\index.php(67): CodeIgniter\CodeIgniter->run()
ERROR - 2023-10-26 21:50:05 --> mysqli_sql_exception: Table 'wl.tag' doesn't exist in C:\xampp\htdocs\codi\system\Database\MySQLi\Connection.php:295
Stack trace:
#0 C:\xampp\htdocs\codi\system\Database\MySQLi\Connection.php(295): mysqli->query('SELECT *\nFROM `...', 0)
#1 C:\xampp\htdocs\codi\system\Database\BaseConnection.php(692): CodeIgniter\Database\MySQLi\Connection->execute('SELECT *\nFROM `...')
#2 C:\xampp\htdocs\codi\system\Database\BaseConnection.php(606): CodeIgniter\Database\BaseConnection->simpleQuery('SELECT *\nFROM `...')
#3 C:\xampp\htdocs\codi\system\Database\BaseBuilder.php(1616): CodeIgniter\Database\BaseConnection->query('SELECT *\nFROM `...', Array, false)
#4 C:\xampp\htdocs\codi\system\Model.php(203): CodeIgniter\Database\BaseBuilder->get()
#5 C:\xampp\htdocs\codi\system\BaseModel.php(557): CodeIgniter\Model->doFind(false, NULL)
#6 C:\xampp\htdocs\codi\app\Controllers\DesenhistaPost.php(1161): CodeIgniter\BaseModel->find()
#7 C:\xampp\htdocs\codi\system\CodeIgniter.php(934): App\Controllers\DesenhistaPost->desenho_tag_lista()
#8 C:\xampp\htdocs\codi\system\CodeIgniter.php(499): CodeIgniter\CodeIgniter->runController(Object(App\Controllers\DesenhistaPost))
#9 C:\xampp\htdocs\codi\system\CodeIgniter.php(368): CodeIgniter\CodeIgniter->handleRequest(NULL, Object(Config\Cache), false)
#10 C:\xampp\htdocs\codi\public\index.php(67): CodeIgniter\CodeIgniter->run()
#11 {main}
CRITICAL - 2023-10-26 21:50:05 --> Table 'wl.tag' doesn't exist
in SYSTEMPATH\Database\MySQLi\Connection.php on line 295.
 1 SYSTEMPATH\Database\MySQLi\Connection.php(295): mysqli->query('SELECT *
FROM `tag`', 0)
 2 SYSTEMPATH\Database\BaseConnection.php(692): CodeIgniter\Database\MySQLi\Connection->execute('SELECT *
FROM `tag`')
 3 SYSTEMPATH\Database\BaseConnection.php(606): CodeIgniter\Database\BaseConnection->simpleQuery('SELECT *
FROM `tag`')
 4 SYSTEMPATH\Database\BaseBuilder.php(1616): CodeIgniter\Database\BaseConnection->query('SELECT *
FROM `tag`', [], false)
 5 SYSTEMPATH\Model.php(203): CodeIgniter\Database\BaseBuilder->get()
 6 SYSTEMPATH\BaseModel.php(557): CodeIgniter\Model->doFind(false, null)
 7 APPPATH\Controllers\DesenhistaPost.php(1161): CodeIgniter\BaseModel->find()
 8 SYSTEMPATH\CodeIgniter.php(934): App\Controllers\DesenhistaPost->desenho_tag_lista()
 9 SYSTEMPATH\CodeIgniter.php(499): CodeIgniter\CodeIgniter->runController(Object(App\Controllers\DesenhistaPost))
10 SYSTEMPATH\CodeIgniter.php(368): CodeIgniter\CodeIgniter->handleRequest(null, Object(Config\Cache), false)
11 FCPATH\index.php(67): CodeIgniter\CodeIgniter->run()
ERROR - 2023-10-26 21:50:05 --> mysqli_sql_exception: Table 'wl.tag' doesn't exist in C:\xampp\htdocs\codi\system\Database\MySQLi\Connection.php:295
Stack trace:
#0 C:\xampp\htdocs\codi\system\Database\MySQLi\Connection.php(295): mysqli->query('SELECT *\nFROM `...', 0)
#1 C:\xampp\htdocs\codi\system\Database\BaseConnection.php(692): CodeIgniter\Database\MySQLi\Connection->execute('SELECT *\nFROM `...')
#2 C:\xampp\htdocs\codi\system\Database\BaseConnection.php(606): CodeIgniter\Database\BaseConnection->simpleQuery('SELECT *\nFROM `...')
#3 C:\xampp\htdocs\codi\system\Database\BaseBuilder.php(1616): CodeIgniter\Database\BaseConnection->query('SELECT *\nFROM `...', Array, false)
#4 C:\xampp\htdocs\codi\system\Model.php(203): CodeIgniter\Database\BaseBuilder->get()
#5 C:\xampp\htdocs\codi\system\BaseModel.php(557): CodeIgniter\Model->doFind(false, NULL)
#6 C:\xampp\htdocs\codi\app\Controllers\DesenhistaPost.php(1161): CodeIgniter\BaseModel->find()
#7 C:\xampp\htdocs\codi\system\CodeIgniter.php(934): App\Controllers\DesenhistaPost->desenho_tag_lista()
#8 C:\xampp\htdocs\codi\system\CodeIgniter.php(499): CodeIgniter\CodeIgniter->runController(Object(App\Controllers\DesenhistaPost))
#9 C:\xampp\htdocs\codi\system\CodeIgniter.php(368): CodeIgniter\CodeIgniter->handleRequest(NULL, Object(Config\Cache), false)
#10 C:\xampp\htdocs\codi\public\index.php(67): CodeIgniter\CodeIgniter->run()
#11 {main}
CRITICAL - 2023-10-26 21:50:05 --> Table 'wl.tag' doesn't exist
in SYSTEMPATH\Database\MySQLi\Connection.php on line 295.
 1 SYSTEMPATH\Database\MySQLi\Connection.php(295): mysqli->query('SELECT *
FROM `tag`', 0)
 2 SYSTEMPATH\Database\BaseConnection.php(692): CodeIgniter\Database\MySQLi\Connection->execute('SELECT *
FROM `tag`')
 3 SYSTEMPATH\Database\BaseConnection.php(606): CodeIgniter\Database\BaseConnection->simpleQuery('SELECT *
FROM `tag`')
 4 SYSTEMPATH\Database\BaseBuilder.php(1616): CodeIgniter\Database\BaseConnection->query('SELECT *
FROM `tag`', [], false)
 5 SYSTEMPATH\Model.php(203): CodeIgniter\Database\BaseBuilder->get()
 6 SYSTEMPATH\BaseModel.php(557): CodeIgniter\Model->doFind(false, null)
 7 APPPATH\Controllers\DesenhistaPost.php(1161): CodeIgniter\BaseModel->find()
 8 SYSTEMPATH\CodeIgniter.php(934): App\Controllers\DesenhistaPost->desenho_tag_lista()
 9 SYSTEMPATH\CodeIgniter.php(499): CodeIgniter\CodeIgniter->runController(Object(App\Controllers\DesenhistaPost))
10 SYSTEMPATH\CodeIgniter.php(368): CodeIgniter\CodeIgniter->handleRequest(null, Object(Config\Cache), false)
11 FCPATH\index.php(67): CodeIgniter\CodeIgniter->run()
ERROR - 2023-10-26 21:50:06 --> mysqli_sql_exception: Table 'wl.tag' doesn't exist in C:\xampp\htdocs\codi\system\Database\MySQLi\Connection.php:295
Stack trace:
#0 C:\xampp\htdocs\codi\system\Database\MySQLi\Connection.php(295): mysqli->query('SELECT *\nFROM `...', 0)
#1 C:\xampp\htdocs\codi\system\Database\BaseConnection.php(692): CodeIgniter\Database\MySQLi\Connection->execute('SELECT *\nFROM `...')
#2 C:\xampp\htdocs\codi\system\Database\BaseConnection.php(606): CodeIgniter\Database\BaseConnection->simpleQuery('SELECT *\nFROM `...')
#3 C:\xampp\htdocs\codi\system\Database\BaseBuilder.php(1616): CodeIgniter\Database\BaseConnection->query('SELECT *\nFROM `...', Array, false)
#4 C:\xampp\htdocs\codi\system\Model.php(203): CodeIgniter\Database\BaseBuilder->get()
#5 C:\xampp\htdocs\codi\system\BaseModel.php(557): CodeIgniter\Model->doFind(false, NULL)
#6 C:\xampp\htdocs\codi\app\Controllers\DesenhistaPost.php(1161): CodeIgniter\BaseModel->find()
#7 C:\xampp\htdocs\codi\system\CodeIgniter.php(934): App\Controllers\DesenhistaPost->desenho_tag_lista()
#8 C:\xampp\htdocs\codi\system\CodeIgniter.php(499): CodeIgniter\CodeIgniter->runController(Object(App\Controllers\DesenhistaPost))
#9 C:\xampp\htdocs\codi\system\CodeIgniter.php(368): CodeIgniter\CodeIgniter->handleRequest(NULL, Object(Config\Cache), false)
#10 C:\xampp\htdocs\codi\public\index.php(67): CodeIgniter\CodeIgniter->run()
#11 {main}
CRITICAL - 2023-10-26 21:50:06 --> Table 'wl.tag' doesn't exist
in SYSTEMPATH\Database\MySQLi\Connection.php on line 295.
 1 SYSTEMPATH\Database\MySQLi\Connection.php(295): mysqli->query('SELECT *
FROM `tag`', 0)
 2 SYSTEMPATH\Database\BaseConnection.php(692): CodeIgniter\Database\MySQLi\Connection->execute('SELECT *
FROM `tag`')
 3 SYSTEMPATH\Database\BaseConnection.php(606): CodeIgniter\Database\BaseConnection->simpleQuery('SELECT *
FROM `tag`')
 4 SYSTEMPATH\Database\BaseBuilder.php(1616): CodeIgniter\Database\BaseConnection->query('SELECT *
FROM `tag`', [], false)
 5 SYSTEMPATH\Model.php(203): CodeIgniter\Database\BaseBuilder->get()
 6 SYSTEMPATH\BaseModel.php(557): CodeIgniter\Model->doFind(false, null)
 7 APPPATH\Controllers\DesenhistaPost.php(1161): CodeIgniter\BaseModel->find()
 8 SYSTEMPATH\CodeIgniter.php(934): App\Controllers\DesenhistaPost->desenho_tag_lista()
 9 SYSTEMPATH\CodeIgniter.php(499): CodeIgniter\CodeIgniter->runController(Object(App\Controllers\DesenhistaPost))
10 SYSTEMPATH\CodeIgniter.php(368): CodeIgniter\CodeIgniter->handleRequest(null, Object(Config\Cache), false)
11 FCPATH\index.php(67): CodeIgniter\CodeIgniter->run()
ERROR - 2023-10-26 21:50:06 --> mysqli_sql_exception: Table 'wl.tag' doesn't exist in C:\xampp\htdocs\codi\system\Database\MySQLi\Connection.php:295
Stack trace:
#0 C:\xampp\htdocs\codi\system\Database\MySQLi\Connection.php(295): mysqli->query('SELECT *\nFROM `...', 0)
#1 C:\xampp\htdocs\codi\system\Database\BaseConnection.php(692): CodeIgniter\Database\MySQLi\Connection->execute('SELECT *\nFROM `...')
#2 C:\xampp\htdocs\codi\system\Database\BaseConnection.php(606): CodeIgniter\Database\BaseConnection->simpleQuery('SELECT *\nFROM `...')
#3 C:\xampp\htdocs\codi\system\Database\BaseBuilder.php(1616): CodeIgniter\Database\BaseConnection->query('SELECT *\nFROM `...', Array, false)
#4 C:\xampp\htdocs\codi\system\Model.php(203): CodeIgniter\Database\BaseBuilder->get()
#5 C:\xampp\htdocs\codi\system\BaseModel.php(557): CodeIgniter\Model->doFind(false, NULL)
#6 C:\xampp\htdocs\codi\app\Controllers\DesenhistaPost.php(1161): CodeIgniter\BaseModel->find()
#7 C:\xampp\htdocs\codi\system\CodeIgniter.php(934): App\Controllers\DesenhistaPost->desenho_tag_lista()
#8 C:\xampp\htdocs\codi\system\CodeIgniter.php(499): CodeIgniter\CodeIgniter->runController(Object(App\Controllers\DesenhistaPost))
#9 C:\xampp\htdocs\codi\system\CodeIgniter.php(368): CodeIgniter\CodeIgniter->handleRequest(NULL, Object(Config\Cache), false)
#10 C:\xampp\htdocs\codi\public\index.php(67): CodeIgniter\CodeIgniter->run()
#11 {main}
CRITICAL - 2023-10-26 21:50:06 --> Table 'wl.tag' doesn't exist
in SYSTEMPATH\Database\MySQLi\Connection.php on line 295.
 1 SYSTEMPATH\Database\MySQLi\Connection.php(295): mysqli->query('SELECT *
FROM `tag`', 0)
 2 SYSTEMPATH\Database\BaseConnection.php(692): CodeIgniter\Database\MySQLi\Connection->execute('SELECT *
FROM `tag`')
 3 SYSTEMPATH\Database\BaseConnection.php(606): CodeIgniter\Database\BaseConnection->simpleQuery('SELECT *
FROM `tag`')
 4 SYSTEMPATH\Database\BaseBuilder.php(1616): CodeIgniter\Database\BaseConnection->query('SELECT *
FROM `tag`', [], false)
 5 SYSTEMPATH\Model.php(203): CodeIgniter\Database\BaseBuilder->get()
 6 SYSTEMPATH\BaseModel.php(557): CodeIgniter\Model->doFind(false, null)
 7 APPPATH\Controllers\DesenhistaPost.php(1161): CodeIgniter\BaseModel->find()
 8 SYSTEMPATH\CodeIgniter.php(934): App\Controllers\DesenhistaPost->desenho_tag_lista()
 9 SYSTEMPATH\CodeIgniter.php(499): CodeIgniter\CodeIgniter->runController(Object(App\Controllers\DesenhistaPost))
10 SYSTEMPATH\CodeIgniter.php(368): CodeIgniter\CodeIgniter->handleRequest(null, Object(Config\Cache), false)
11 FCPATH\index.php(67): CodeIgniter\CodeIgniter->run()
ERROR - 2023-10-26 21:50:07 --> mysqli_sql_exception: Table 'wl.tag' doesn't exist in C:\xampp\htdocs\codi\system\Database\MySQLi\Connection.php:295
Stack trace:
#0 C:\xampp\htdocs\codi\system\Database\MySQLi\Connection.php(295): mysqli->query('SELECT *\nFROM `...', 0)
#1 C:\xampp\htdocs\codi\system\Database\BaseConnection.php(692): CodeIgniter\Database\MySQLi\Connection->execute('SELECT *\nFROM `...')
#2 C:\xampp\htdocs\codi\system\Database\BaseConnection.php(606): CodeIgniter\Database\BaseConnection->simpleQuery('SELECT *\nFROM `...')
#3 C:\xampp\htdocs\codi\system\Database\BaseBuilder.php(1616): CodeIgniter\Database\BaseConnection->query('SELECT *\nFROM `...', Array, false)
#4 C:\xampp\htdocs\codi\system\Model.php(203): CodeIgniter\Database\BaseBuilder->get()
#5 C:\xampp\htdocs\codi\system\BaseModel.php(557): CodeIgniter\Model->doFind(false, NULL)
#6 C:\xampp\htdocs\codi\app\Controllers\DesenhistaPost.php(1161): CodeIgniter\BaseModel->find()
#7 C:\xampp\htdocs\codi\system\CodeIgniter.php(934): App\Controllers\DesenhistaPost->desenho_tag_lista()
#8 C:\xampp\htdocs\codi\system\CodeIgniter.php(499): CodeIgniter\CodeIgniter->runController(Object(App\Controllers\DesenhistaPost))
#9 C:\xampp\htdocs\codi\system\CodeIgniter.php(368): CodeIgniter\CodeIgniter->handleRequest(NULL, Object(Config\Cache), false)
#10 C:\xampp\htdocs\codi\public\index.php(67): CodeIgniter\CodeIgniter->run()
#11 {main}
CRITICAL - 2023-10-26 21:50:07 --> Table 'wl.tag' doesn't exist
in SYSTEMPATH\Database\MySQLi\Connection.php on line 295.
 1 SYSTEMPATH\Database\MySQLi\Connection.php(295): mysqli->query('SELECT *
FROM `tag`', 0)
 2 SYSTEMPATH\Database\BaseConnection.php(692): CodeIgniter\Database\MySQLi\Connection->execute('SELECT *
FROM `tag`')
 3 SYSTEMPATH\Database\BaseConnection.php(606): CodeIgniter\Database\BaseConnection->simpleQuery('SELECT *
FROM `tag`')
 4 SYSTEMPATH\Database\BaseBuilder.php(1616): CodeIgniter\Database\BaseConnection->query('SELECT *
FROM `tag`', [], false)
 5 SYSTEMPATH\Model.php(203): CodeIgniter\Database\BaseBuilder->get()
 6 SYSTEMPATH\BaseModel.php(557): CodeIgniter\Model->doFind(false, null)
 7 APPPATH\Controllers\DesenhistaPost.php(1161): CodeIgniter\BaseModel->find()
 8 SYSTEMPATH\CodeIgniter.php(934): App\Controllers\DesenhistaPost->desenho_tag_lista()
 9 SYSTEMPATH\CodeIgniter.php(499): CodeIgniter\CodeIgniter->runController(Object(App\Controllers\DesenhistaPost))
10 SYSTEMPATH\CodeIgniter.php(368): CodeIgniter\CodeIgniter->handleRequest(null, Object(Config\Cache), false)
11 FCPATH\index.php(67): CodeIgniter\CodeIgniter->run()
ERROR - 2023-10-26 21:50:07 --> mysqli_sql_exception: Table 'wl.tag' doesn't exist in C:\xampp\htdocs\codi\system\Database\MySQLi\Connection.php:295
Stack trace:
#0 C:\xampp\htdocs\codi\system\Database\MySQLi\Connection.php(295): mysqli->query('SELECT *\nFROM `...', 0)
#1 C:\xampp\htdocs\codi\system\Database\BaseConnection.php(692): CodeIgniter\Database\MySQLi\Connection->execute('SELECT *\nFROM `...')
#2 C:\xampp\htdocs\codi\system\Database\BaseConnection.php(606): CodeIgniter\Database\BaseConnection->simpleQuery('SELECT *\nFROM `...')
#3 C:\xampp\htdocs\codi\system\Database\BaseBuilder.php(1616): CodeIgniter\Database\BaseConnection->query('SELECT *\nFROM `...', Array, false)
#4 C:\xampp\htdocs\codi\system\Model.php(203): CodeIgniter\Database\BaseBuilder->get()
#5 C:\xampp\htdocs\codi\system\BaseModel.php(557): CodeIgniter\Model->doFind(false, NULL)
#6 C:\xampp\htdocs\codi\app\Controllers\DesenhistaPost.php(1161): CodeIgniter\BaseModel->find()
#7 C:\xampp\htdocs\codi\system\CodeIgniter.php(934): App\Controllers\DesenhistaPost->desenho_tag_lista()
#8 C:\xampp\htdocs\codi\system\CodeIgniter.php(499): CodeIgniter\CodeIgniter->runController(Object(App\Controllers\DesenhistaPost))
#9 C:\xampp\htdocs\codi\system\CodeIgniter.php(368): CodeIgniter\CodeIgniter->handleRequest(NULL, Object(Config\Cache), false)
#10 C:\xampp\htdocs\codi\public\index.php(67): CodeIgniter\CodeIgniter->run()
#11 {main}
CRITICAL - 2023-10-26 21:50:07 --> Table 'wl.tag' doesn't exist
in SYSTEMPATH\Database\MySQLi\Connection.php on line 295.
 1 SYSTEMPATH\Database\MySQLi\Connection.php(295): mysqli->query('SELECT *
FROM `tag`', 0)
 2 SYSTEMPATH\Database\BaseConnection.php(692): CodeIgniter\Database\MySQLi\Connection->execute('SELECT *
FROM `tag`')
 3 SYSTEMPATH\Database\BaseConnection.php(606): CodeIgniter\Database\BaseConnection->simpleQuery('SELECT *
FROM `tag`')
 4 SYSTEMPATH\Database\BaseBuilder.php(1616): CodeIgniter\Database\BaseConnection->query('SELECT *
FROM `tag`', [], false)
 5 SYSTEMPATH\Model.php(203): CodeIgniter\Database\BaseBuilder->get()
 6 SYSTEMPATH\BaseModel.php(557): CodeIgniter\Model->doFind(false, null)
 7 APPPATH\Controllers\DesenhistaPost.php(1161): CodeIgniter\BaseModel->find()
 8 SYSTEMPATH\CodeIgniter.php(934): App\Controllers\DesenhistaPost->desenho_tag_lista()
 9 SYSTEMPATH\CodeIgniter.php(499): CodeIgniter\CodeIgniter->runController(Object(App\Controllers\DesenhistaPost))
10 SYSTEMPATH\CodeIgniter.php(368): CodeIgniter\CodeIgniter->handleRequest(null, Object(Config\Cache), false)
11 FCPATH\index.php(67): CodeIgniter\CodeIgniter->run()
ERROR - 2023-10-26 21:50:08 --> mysqli_sql_exception: Table 'wl.tag' doesn't exist in C:\xampp\htdocs\codi\system\Database\MySQLi\Connection.php:295
Stack trace:
#0 C:\xampp\htdocs\codi\system\Database\MySQLi\Connection.php(295): mysqli->query('SELECT *\nFROM `...', 0)
#1 C:\xampp\htdocs\codi\system\Database\BaseConnection.php(692): CodeIgniter\Database\MySQLi\Connection->execute('SELECT *\nFROM `...')
#2 C:\xampp\htdocs\codi\system\Database\BaseConnection.php(606): CodeIgniter\Database\BaseConnection->simpleQuery('SELECT *\nFROM `...')
#3 C:\xampp\htdocs\codi\system\Database\BaseBuilder.php(1616): CodeIgniter\Database\BaseConnection->query('SELECT *\nFROM `...', Array, false)
#4 C:\xampp\htdocs\codi\system\Model.php(203): CodeIgniter\Database\BaseBuilder->get()
#5 C:\xampp\htdocs\codi\system\BaseModel.php(557): CodeIgniter\Model->doFind(false, NULL)
#6 C:\xampp\htdocs\codi\app\Controllers\DesenhistaPost.php(1161): CodeIgniter\BaseModel->find()
#7 C:\xampp\htdocs\codi\system\CodeIgniter.php(934): App\Controllers\DesenhistaPost->desenho_tag_lista()
#8 C:\xampp\htdocs\codi\system\CodeIgniter.php(499): CodeIgniter\CodeIgniter->runController(Object(App\Controllers\DesenhistaPost))
#9 C:\xampp\htdocs\codi\system\CodeIgniter.php(368): CodeIgniter\CodeIgniter->handleRequest(NULL, Object(Config\Cache), false)
#10 C:\xampp\htdocs\codi\public\index.php(67): CodeIgniter\CodeIgniter->run()
#11 {main}
CRITICAL - 2023-10-26 21:50:08 --> Table 'wl.tag' doesn't exist
in SYSTEMPATH\Database\MySQLi\Connection.php on line 295.
 1 SYSTEMPATH\Database\MySQLi\Connection.php(295): mysqli->query('SELECT *
FROM `tag`', 0)
 2 SYSTEMPATH\Database\BaseConnection.php(692): CodeIgniter\Database\MySQLi\Connection->execute('SELECT *
FROM `tag`')
 3 SYSTEMPATH\Database\BaseConnection.php(606): CodeIgniter\Database\BaseConnection->simpleQuery('SELECT *
FROM `tag`')
 4 SYSTEMPATH\Database\BaseBuilder.php(1616): CodeIgniter\Database\BaseConnection->query('SELECT *
FROM `tag`', [], false)
 5 SYSTEMPATH\Model.php(203): CodeIgniter\Database\BaseBuilder->get()
 6 SYSTEMPATH\BaseModel.php(557): CodeIgniter\Model->doFind(false, null)
 7 APPPATH\Controllers\DesenhistaPost.php(1161): CodeIgniter\BaseModel->find()
 8 SYSTEMPATH\CodeIgniter.php(934): App\Controllers\DesenhistaPost->desenho_tag_lista()
 9 SYSTEMPATH\CodeIgniter.php(499): CodeIgniter\CodeIgniter->runController(Object(App\Controllers\DesenhistaPost))
10 SYSTEMPATH\CodeIgniter.php(368): CodeIgniter\CodeIgniter->handleRequest(null, Object(Config\Cache), false)
11 FCPATH\index.php(67): CodeIgniter\CodeIgniter->run()
ERROR - 2023-10-26 21:50:08 --> mysqli_sql_exception: Table 'wl.tag' doesn't exist in C:\xampp\htdocs\codi\system\Database\MySQLi\Connection.php:295
Stack trace:
#0 C:\xampp\htdocs\codi\system\Database\MySQLi\Connection.php(295): mysqli->query('SELECT *\nFROM `...', 0)
#1 C:\xampp\htdocs\codi\system\Database\BaseConnection.php(692): CodeIgniter\Database\MySQLi\Connection->execute('SELECT *\nFROM `...')
#2 C:\xampp\htdocs\codi\system\Database\BaseConnection.php(606): CodeIgniter\Database\BaseConnection->simpleQuery('SELECT *\nFROM `...')
#3 C:\xampp\htdocs\codi\system\Database\BaseBuilder.php(1616): CodeIgniter\Database\BaseConnection->query('SELECT *\nFROM `...', Array, false)
#4 C:\xampp\htdocs\codi\system\Model.php(203): CodeIgniter\Database\BaseBuilder->get()
#5 C:\xampp\htdocs\codi\system\BaseModel.php(557): CodeIgniter\Model->doFind(false, NULL)
#6 C:\xampp\htdocs\codi\app\Controllers\DesenhistaPost.php(1161): CodeIgniter\BaseModel->find()
#7 C:\xampp\htdocs\codi\system\CodeIgniter.php(934): App\Controllers\DesenhistaPost->desenho_tag_lista()
#8 C:\xampp\htdocs\codi\system\CodeIgniter.php(499): CodeIgniter\CodeIgniter->runController(Object(App\Controllers\DesenhistaPost))
#9 C:\xampp\htdocs\codi\system\CodeIgniter.php(368): CodeIgniter\CodeIgniter->handleRequest(NULL, Object(Config\Cache), false)
#10 C:\xampp\htdocs\codi\public\index.php(67): CodeIgniter\CodeIgniter->run()
#11 {main}
CRITICAL - 2023-10-26 21:50:08 --> Table 'wl.tag' doesn't exist
in SYSTEMPATH\Database\MySQLi\Connection.php on line 295.
 1 SYSTEMPATH\Database\MySQLi\Connection.php(295): mysqli->query('SELECT *
FROM `tag`', 0)
 2 SYSTEMPATH\Database\BaseConnection.php(692): CodeIgniter\Database\MySQLi\Connection->execute('SELECT *
FROM `tag`')
 3 SYSTEMPATH\Database\BaseConnection.php(606): CodeIgniter\Database\BaseConnection->simpleQuery('SELECT *
FROM `tag`')
 4 SYSTEMPATH\Database\BaseBuilder.php(1616): CodeIgniter\Database\BaseConnection->query('SELECT *
FROM `tag`', [], false)
 5 SYSTEMPATH\Model.php(203): CodeIgniter\Database\BaseBuilder->get()
 6 SYSTEMPATH\BaseModel.php(557): CodeIgniter\Model->doFind(false, null)
 7 APPPATH\Controllers\DesenhistaPost.php(1161): CodeIgniter\BaseModel->find()
 8 SYSTEMPATH\CodeIgniter.php(934): App\Controllers\DesenhistaPost->desenho_tag_lista()
 9 SYSTEMPATH\CodeIgniter.php(499): CodeIgniter\CodeIgniter->runController(Object(App\Controllers\DesenhistaPost))
10 SYSTEMPATH\CodeIgniter.php(368): CodeIgniter\CodeIgniter->handleRequest(null, Object(Config\Cache), false)
11 FCPATH\index.php(67): CodeIgniter\CodeIgniter->run()
ERROR - 2023-10-26 21:50:09 --> mysqli_sql_exception: Table 'wl.tag' doesn't exist in C:\xampp\htdocs\codi\system\Database\MySQLi\Connection.php:295
Stack trace:
#0 C:\xampp\htdocs\codi\system\Database\MySQLi\Connection.php(295): mysqli->query('SELECT *\nFROM `...', 0)
#1 C:\xampp\htdocs\codi\system\Database\BaseConnection.php(692): CodeIgniter\Database\MySQLi\Connection->execute('SELECT *\nFROM `...')
#2 C:\xampp\htdocs\codi\system\Database\BaseConnection.php(606): CodeIgniter\Database\BaseConnection->simpleQuery('SELECT *\nFROM `...')
#3 C:\xampp\htdocs\codi\system\Database\BaseBuilder.php(1616): CodeIgniter\Database\BaseConnection->query('SELECT *\nFROM `...', Array, false)
#4 C:\xampp\htdocs\codi\system\Model.php(203): CodeIgniter\Database\BaseBuilder->get()
#5 C:\xampp\htdocs\codi\system\BaseModel.php(557): CodeIgniter\Model->doFind(false, NULL)
#6 C:\xampp\htdocs\codi\app\Controllers\DesenhistaPost.php(1161): CodeIgniter\BaseModel->find()
#7 C:\xampp\htdocs\codi\system\CodeIgniter.php(934): App\Controllers\DesenhistaPost->desenho_tag_lista()
#8 C:\xampp\htdocs\codi\system\CodeIgniter.php(499): CodeIgniter\CodeIgniter->runController(Object(App\Controllers\DesenhistaPost))
#9 C:\xampp\htdocs\codi\system\CodeIgniter.php(368): CodeIgniter\CodeIgniter->handleRequest(NULL, Object(Config\Cache), false)
#10 C:\xampp\htdocs\codi\public\index.php(67): CodeIgniter\CodeIgniter->run()
#11 {main}
CRITICAL - 2023-10-26 21:50:09 --> Table 'wl.tag' doesn't exist
in SYSTEMPATH\Database\MySQLi\Connection.php on line 295.
 1 SYSTEMPATH\Database\MySQLi\Connection.php(295): mysqli->query('SELECT *
FROM `tag`', 0)
 2 SYSTEMPATH\Database\BaseConnection.php(692): CodeIgniter\Database\MySQLi\Connection->execute('SELECT *
FROM `tag`')
 3 SYSTEMPATH\Database\BaseConnection.php(606): CodeIgniter\Database\BaseConnection->simpleQuery('SELECT *
FROM `tag`')
 4 SYSTEMPATH\Database\BaseBuilder.php(1616): CodeIgniter\Database\BaseConnection->query('SELECT *
FROM `tag`', [], false)
 5 SYSTEMPATH\Model.php(203): CodeIgniter\Database\BaseBuilder->get()
 6 SYSTEMPATH\BaseModel.php(557): CodeIgniter\Model->doFind(false, null)
 7 APPPATH\Controllers\DesenhistaPost.php(1161): CodeIgniter\BaseModel->find()
 8 SYSTEMPATH\CodeIgniter.php(934): App\Controllers\DesenhistaPost->desenho_tag_lista()
 9 SYSTEMPATH\CodeIgniter.php(499): CodeIgniter\CodeIgniter->runController(Object(App\Controllers\DesenhistaPost))
10 SYSTEMPATH\CodeIgniter.php(368): CodeIgniter\CodeIgniter->handleRequest(null, Object(Config\Cache), false)
11 FCPATH\index.php(67): CodeIgniter\CodeIgniter->run()
ERROR - 2023-10-26 21:50:09 --> mysqli_sql_exception: Table 'wl.tag' doesn't exist in C:\xampp\htdocs\codi\system\Database\MySQLi\Connection.php:295
Stack trace:
#0 C:\xampp\htdocs\codi\system\Database\MySQLi\Connection.php(295): mysqli->query('SELECT *\nFROM `...', 0)
#1 C:\xampp\htdocs\codi\system\Database\BaseConnection.php(692): CodeIgniter\Database\MySQLi\Connection->execute('SELECT *\nFROM `...')
#2 C:\xampp\htdocs\codi\system\Database\BaseConnection.php(606): CodeIgniter\Database\BaseConnection->simpleQuery('SELECT *\nFROM `...')
#3 C:\xampp\htdocs\codi\system\Database\BaseBuilder.php(1616): CodeIgniter\Database\BaseConnection->query('SELECT *\nFROM `...', Array, false)
#4 C:\xampp\htdocs\codi\system\Model.php(203): CodeIgniter\Database\BaseBuilder->get()
#5 C:\xampp\htdocs\codi\system\BaseModel.php(557): CodeIgniter\Model->doFind(false, NULL)
#6 C:\xampp\htdocs\codi\app\Controllers\DesenhistaPost.php(1161): CodeIgniter\BaseModel->find()
#7 C:\xampp\htdocs\codi\system\CodeIgniter.php(934): App\Controllers\DesenhistaPost->desenho_tag_lista()
#8 C:\xampp\htdocs\codi\system\CodeIgniter.php(499): CodeIgniter\CodeIgniter->runController(Object(App\Controllers\DesenhistaPost))
#9 C:\xampp\htdocs\codi\system\CodeIgniter.php(368): CodeIgniter\CodeIgniter->handleRequest(NULL, Object(Config\Cache), false)
#10 C:\xampp\htdocs\codi\public\index.php(67): CodeIgniter\CodeIgniter->run()
#11 {main}
CRITICAL - 2023-10-26 21:50:09 --> Table 'wl.tag' doesn't exist
in SYSTEMPATH\Database\MySQLi\Connection.php on line 295.
 1 SYSTEMPATH\Database\MySQLi\Connection.php(295): mysqli->query('SELECT *
FROM `tag`', 0)
 2 SYSTEMPATH\Database\BaseConnection.php(692): CodeIgniter\Database\MySQLi\Connection->execute('SELECT *
FROM `tag`')
 3 SYSTEMPATH\Database\BaseConnection.php(606): CodeIgniter\Database\BaseConnection->simpleQuery('SELECT *
FROM `tag`')
 4 SYSTEMPATH\Database\BaseBuilder.php(1616): CodeIgniter\Database\BaseConnection->query('SELECT *
FROM `tag`', [], false)
 5 SYSTEMPATH\Model.php(203): CodeIgniter\Database\BaseBuilder->get()
 6 SYSTEMPATH\BaseModel.php(557): CodeIgniter\Model->doFind(false, null)
 7 APPPATH\Controllers\DesenhistaPost.php(1161): CodeIgniter\BaseModel->find()
 8 SYSTEMPATH\CodeIgniter.php(934): App\Controllers\DesenhistaPost->desenho_tag_lista()
 9 SYSTEMPATH\CodeIgniter.php(499): CodeIgniter\CodeIgniter->runController(Object(App\Controllers\DesenhistaPost))
10 SYSTEMPATH\CodeIgniter.php(368): CodeIgniter\CodeIgniter->handleRequest(null, Object(Config\Cache), false)
11 FCPATH\index.php(67): CodeIgniter\CodeIgniter->run()
ERROR - 2023-10-26 21:50:10 --> mysqli_sql_exception: Table 'wl.tag' doesn't exist in C:\xampp\htdocs\codi\system\Database\MySQLi\Connection.php:295
Stack trace:
#0 C:\xampp\htdocs\codi\system\Database\MySQLi\Connection.php(295): mysqli->query('SELECT *\nFROM `...', 0)
#1 C:\xampp\htdocs\codi\system\Database\BaseConnection.php(692): CodeIgniter\Database\MySQLi\Connection->execute('SELECT *\nFROM `...')
#2 C:\xampp\htdocs\codi\system\Database\BaseConnection.php(606): CodeIgniter\Database\BaseConnection->simpleQuery('SELECT *\nFROM `...')
#3 C:\xampp\htdocs\codi\system\Database\BaseBuilder.php(1616): CodeIgniter\Database\BaseConnection->query('SELECT *\nFROM `...', Array, false)
#4 C:\xampp\htdocs\codi\system\Model.php(203): CodeIgniter\Database\BaseBuilder->get()
#5 C:\xampp\htdocs\codi\system\BaseModel.php(557): CodeIgniter\Model->doFind(false, NULL)
#6 C:\xampp\htdocs\codi\app\Controllers\DesenhistaPost.php(1161): CodeIgniter\BaseModel->find()
#7 C:\xampp\htdocs\codi\system\CodeIgniter.php(934): App\Controllers\DesenhistaPost->desenho_tag_lista()
#8 C:\xampp\htdocs\codi\system\CodeIgniter.php(499): CodeIgniter\CodeIgniter->runController(Object(App\Controllers\DesenhistaPost))
#9 C:\xampp\htdocs\codi\system\CodeIgniter.php(368): CodeIgniter\CodeIgniter->handleRequest(NULL, Object(Config\Cache), false)
#10 C:\xampp\htdocs\codi\public\index.php(67): CodeIgniter\CodeIgniter->run()
#11 {main}
CRITICAL - 2023-10-26 21:50:10 --> Table 'wl.tag' doesn't exist
in SYSTEMPATH\Database\MySQLi\Connection.php on line 295.
 1 SYSTEMPATH\Database\MySQLi\Connection.php(295): mysqli->query('SELECT *
FROM `tag`', 0)
 2 SYSTEMPATH\Database\BaseConnection.php(692): CodeIgniter\Database\MySQLi\Connection->execute('SELECT *
FROM `tag`')
 3 SYSTEMPATH\Database\BaseConnection.php(606): CodeIgniter\Database\BaseConnection->simpleQuery('SELECT *
FROM `tag`')
 4 SYSTEMPATH\Database\BaseBuilder.php(1616): CodeIgniter\Database\BaseConnection->query('SELECT *
FROM `tag`', [], false)
 5 SYSTEMPATH\Model.php(203): CodeIgniter\Database\BaseBuilder->get()
 6 SYSTEMPATH\BaseModel.php(557): CodeIgniter\Model->doFind(false, null)
 7 APPPATH\Controllers\DesenhistaPost.php(1161): CodeIgniter\BaseModel->find()
 8 SYSTEMPATH\CodeIgniter.php(934): App\Controllers\DesenhistaPost->desenho_tag_lista()
 9 SYSTEMPATH\CodeIgniter.php(499): CodeIgniter\CodeIgniter->runController(Object(App\Controllers\DesenhistaPost))
10 SYSTEMPATH\CodeIgniter.php(368): CodeIgniter\CodeIgniter->handleRequest(null, Object(Config\Cache), false)
11 FCPATH\index.php(67): CodeIgniter\CodeIgniter->run()
ERROR - 2023-10-26 21:50:10 --> mysqli_sql_exception: Table 'wl.tag' doesn't exist in C:\xampp\htdocs\codi\system\Database\MySQLi\Connection.php:295
Stack trace:
#0 C:\xampp\htdocs\codi\system\Database\MySQLi\Connection.php(295): mysqli->query('SELECT *\nFROM `...', 0)
#1 C:\xampp\htdocs\codi\system\Database\BaseConnection.php(692): CodeIgniter\Database\MySQLi\Connection->execute('SELECT *\nFROM `...')
#2 C:\xampp\htdocs\codi\system\Database\BaseConnection.php(606): CodeIgniter\Database\BaseConnection->simpleQuery('SELECT *\nFROM `...')
#3 C:\xampp\htdocs\codi\system\Database\BaseBuilder.php(1616): CodeIgniter\Database\BaseConnection->query('SELECT *\nFROM `...', Array, false)
#4 C:\xampp\htdocs\codi\system\Model.php(203): CodeIgniter\Database\BaseBuilder->get()
#5 C:\xampp\htdocs\codi\system\BaseModel.php(557): CodeIgniter\Model->doFind(false, NULL)
#6 C:\xampp\htdocs\codi\app\Controllers\DesenhistaPost.php(1161): CodeIgniter\BaseModel->find()
#7 C:\xampp\htdocs\codi\system\CodeIgniter.php(934): App\Controllers\DesenhistaPost->desenho_tag_lista()
#8 C:\xampp\htdocs\codi\system\CodeIgniter.php(499): CodeIgniter\CodeIgniter->runController(Object(App\Controllers\DesenhistaPost))
#9 C:\xampp\htdocs\codi\system\CodeIgniter.php(368): CodeIgniter\CodeIgniter->handleRequest(NULL, Object(Config\Cache), false)
#10 C:\xampp\htdocs\codi\public\index.php(67): CodeIgniter\CodeIgniter->run()
#11 {main}
CRITICAL - 2023-10-26 21:50:10 --> Table 'wl.tag' doesn't exist
in SYSTEMPATH\Database\MySQLi\Connection.php on line 295.
 1 SYSTEMPATH\Database\MySQLi\Connection.php(295): mysqli->query('SELECT *
FROM `tag`', 0)
 2 SYSTEMPATH\Database\BaseConnection.php(692): CodeIgniter\Database\MySQLi\Connection->execute('SELECT *
FROM `tag`')
 3 SYSTEMPATH\Database\BaseConnection.php(606): CodeIgniter\Database\BaseConnection->simpleQuery('SELECT *
FROM `tag`')
 4 SYSTEMPATH\Database\BaseBuilder.php(1616): CodeIgniter\Database\BaseConnection->query('SELECT *
FROM `tag`', [], false)
 5 SYSTEMPATH\Model.php(203): CodeIgniter\Database\BaseBuilder->get()
 6 SYSTEMPATH\BaseModel.php(557): CodeIgniter\Model->doFind(false, null)
 7 APPPATH\Controllers\DesenhistaPost.php(1161): CodeIgniter\BaseModel->find()
 8 SYSTEMPATH\CodeIgniter.php(934): App\Controllers\DesenhistaPost->desenho_tag_lista()
 9 SYSTEMPATH\CodeIgniter.php(499): CodeIgniter\CodeIgniter->runController(Object(App\Controllers\DesenhistaPost))
10 SYSTEMPATH\CodeIgniter.php(368): CodeIgniter\CodeIgniter->handleRequest(null, Object(Config\Cache), false)
11 FCPATH\index.php(67): CodeIgniter\CodeIgniter->run()
ERROR - 2023-10-26 21:50:11 --> mysqli_sql_exception: Table 'wl.tag' doesn't exist in C:\xampp\htdocs\codi\system\Database\MySQLi\Connection.php:295
Stack trace:
#0 C:\xampp\htdocs\codi\system\Database\MySQLi\Connection.php(295): mysqli->query('SELECT *\nFROM `...', 0)
#1 C:\xampp\htdocs\codi\system\Database\BaseConnection.php(692): CodeIgniter\Database\MySQLi\Connection->execute('SELECT *\nFROM `...')
#2 C:\xampp\htdocs\codi\system\Database\BaseConnection.php(606): CodeIgniter\Database\BaseConnection->simpleQuery('SELECT *\nFROM `...')
#3 C:\xampp\htdocs\codi\system\Database\BaseBuilder.php(1616): CodeIgniter\Database\BaseConnection->query('SELECT *\nFROM `...', Array, false)
#4 C:\xampp\htdocs\codi\system\Model.php(203): CodeIgniter\Database\BaseBuilder->get()
#5 C:\xampp\htdocs\codi\system\BaseModel.php(557): CodeIgniter\Model->doFind(false, NULL)
#6 C:\xampp\htdocs\codi\app\Controllers\DesenhistaPost.php(1161): CodeIgniter\BaseModel->find()
#7 C:\xampp\htdocs\codi\system\CodeIgniter.php(934): App\Controllers\DesenhistaPost->desenho_tag_lista()
#8 C:\xampp\htdocs\codi\system\CodeIgniter.php(499): CodeIgniter\CodeIgniter->runController(Object(App\Controllers\DesenhistaPost))
#9 C:\xampp\htdocs\codi\system\CodeIgniter.php(368): CodeIgniter\CodeIgniter->handleRequest(NULL, Object(Config\Cache), false)
#10 C:\xampp\htdocs\codi\public\index.php(67): CodeIgniter\CodeIgniter->run()
#11 {main}
CRITICAL - 2023-10-26 21:50:11 --> Table 'wl.tag' doesn't exist
in SYSTEMPATH\Database\MySQLi\Connection.php on line 295.
 1 SYSTEMPATH\Database\MySQLi\Connection.php(295): mysqli->query('SELECT *
FROM `tag`', 0)
 2 SYSTEMPATH\Database\BaseConnection.php(692): CodeIgniter\Database\MySQLi\Connection->execute('SELECT *
FROM `tag`')
 3 SYSTEMPATH\Database\BaseConnection.php(606): CodeIgniter\Database\BaseConnection->simpleQuery('SELECT *
FROM `tag`')
 4 SYSTEMPATH\Database\BaseBuilder.php(1616): CodeIgniter\Database\BaseConnection->query('SELECT *
FROM `tag`', [], false)
 5 SYSTEMPATH\Model.php(203): CodeIgniter\Database\BaseBuilder->get()
 6 SYSTEMPATH\BaseModel.php(557): CodeIgniter\Model->doFind(false, null)
 7 APPPATH\Controllers\DesenhistaPost.php(1161): CodeIgniter\BaseModel->find()
 8 SYSTEMPATH\CodeIgniter.php(934): App\Controllers\DesenhistaPost->desenho_tag_lista()
 9 SYSTEMPATH\CodeIgniter.php(499): CodeIgniter\CodeIgniter->runController(Object(App\Controllers\DesenhistaPost))
10 SYSTEMPATH\CodeIgniter.php(368): CodeIgniter\CodeIgniter->handleRequest(null, Object(Config\Cache), false)
11 FCPATH\index.php(67): CodeIgniter\CodeIgniter->run()
ERROR - 2023-10-26 21:50:11 --> mysqli_sql_exception: Table 'wl.tag' doesn't exist in C:\xampp\htdocs\codi\system\Database\MySQLi\Connection.php:295
Stack trace:
#0 C:\xampp\htdocs\codi\system\Database\MySQLi\Connection.php(295): mysqli->query('SELECT *\nFROM `...', 0)
#1 C:\xampp\htdocs\codi\system\Database\BaseConnection.php(692): CodeIgniter\Database\MySQLi\Connection->execute('SELECT *\nFROM `...')
#2 C:\xampp\htdocs\codi\system\Database\BaseConnection.php(606): CodeIgniter\Database\BaseConnection->simpleQuery('SELECT *\nFROM `...')
#3 C:\xampp\htdocs\codi\system\Database\BaseBuilder.php(1616): CodeIgniter\Database\BaseConnection->query('SELECT *\nFROM `...', Array, false)
#4 C:\xampp\htdocs\codi\system\Model.php(203): CodeIgniter\Database\BaseBuilder->get()
#5 C:\xampp\htdocs\codi\system\BaseModel.php(557): CodeIgniter\Model->doFind(false, NULL)
#6 C:\xampp\htdocs\codi\app\Controllers\DesenhistaPost.php(1161): CodeIgniter\BaseModel->find()
#7 C:\xampp\htdocs\codi\system\CodeIgniter.php(934): App\Controllers\DesenhistaPost->desenho_tag_lista()
#8 C:\xampp\htdocs\codi\system\CodeIgniter.php(499): CodeIgniter\CodeIgniter->runController(Object(App\Controllers\DesenhistaPost))
#9 C:\xampp\htdocs\codi\system\CodeIgniter.php(368): CodeIgniter\CodeIgniter->handleRequest(NULL, Object(Config\Cache), false)
#10 C:\xampp\htdocs\codi\public\index.php(67): CodeIgniter\CodeIgniter->run()
#11 {main}
CRITICAL - 2023-10-26 21:50:11 --> Table 'wl.tag' doesn't exist
in SYSTEMPATH\Database\MySQLi\Connection.php on line 295.
 1 SYSTEMPATH\Database\MySQLi\Connection.php(295): mysqli->query('SELECT *
FROM `tag`', 0)
 2 SYSTEMPATH\Database\BaseConnection.php(692): CodeIgniter\Database\MySQLi\Connection->execute('SELECT *
FROM `tag`')
 3 SYSTEMPATH\Database\BaseConnection.php(606): CodeIgniter\Database\BaseConnection->simpleQuery('SELECT *
FROM `tag`')
 4 SYSTEMPATH\Database\BaseBuilder.php(1616): CodeIgniter\Database\BaseConnection->query('SELECT *
FROM `tag`', [], false)
 5 SYSTEMPATH\Model.php(203): CodeIgniter\Database\BaseBuilder->get()
 6 SYSTEMPATH\BaseModel.php(557): CodeIgniter\Model->doFind(false, null)
 7 APPPATH\Controllers\DesenhistaPost.php(1161): CodeIgniter\BaseModel->find()
 8 SYSTEMPATH\CodeIgniter.php(934): App\Controllers\DesenhistaPost->desenho_tag_lista()
 9 SYSTEMPATH\CodeIgniter.php(499): CodeIgniter\CodeIgniter->runController(Object(App\Controllers\DesenhistaPost))
10 SYSTEMPATH\CodeIgniter.php(368): CodeIgniter\CodeIgniter->handleRequest(null, Object(Config\Cache), false)
11 FCPATH\index.php(67): CodeIgniter\CodeIgniter->run()
ERROR - 2023-10-26 21:50:12 --> mysqli_sql_exception: Table 'wl.tag' doesn't exist in C:\xampp\htdocs\codi\system\Database\MySQLi\Connection.php:295
Stack trace:
#0 C:\xampp\htdocs\codi\system\Database\MySQLi\Connection.php(295): mysqli->query('SELECT *\nFROM `...', 0)
#1 C:\xampp\htdocs\codi\system\Database\BaseConnection.php(692): CodeIgniter\Database\MySQLi\Connection->execute('SELECT *\nFROM `...')
#2 C:\xampp\htdocs\codi\system\Database\BaseConnection.php(606): CodeIgniter\Database\BaseConnection->simpleQuery('SELECT *\nFROM `...')
#3 C:\xampp\htdocs\codi\system\Database\BaseBuilder.php(1616): CodeIgniter\Database\BaseConnection->query('SELECT *\nFROM `...', Array, false)
#4 C:\xampp\htdocs\codi\system\Model.php(203): CodeIgniter\Database\BaseBuilder->get()
#5 C:\xampp\htdocs\codi\system\BaseModel.php(557): CodeIgniter\Model->doFind(false, NULL)
#6 C:\xampp\htdocs\codi\app\Controllers\DesenhistaPost.php(1161): CodeIgniter\BaseModel->find()
#7 C:\xampp\htdocs\codi\system\CodeIgniter.php(934): App\Controllers\DesenhistaPost->desenho_tag_lista()
#8 C:\xampp\htdocs\codi\system\CodeIgniter.php(499): CodeIgniter\CodeIgniter->runController(Object(App\Controllers\DesenhistaPost))
#9 C:\xampp\htdocs\codi\system\CodeIgniter.php(368): CodeIgniter\CodeIgniter->handleRequest(NULL, Object(Config\Cache), false)
#10 C:\xampp\htdocs\codi\public\index.php(67): CodeIgniter\CodeIgniter->run()
#11 {main}
CRITICAL - 2023-10-26 21:50:12 --> Table 'wl.tag' doesn't exist
in SYSTEMPATH\Database\MySQLi\Connection.php on line 295.
 1 SYSTEMPATH\Database\MySQLi\Connection.php(295): mysqli->query('SELECT *
FROM `tag`', 0)
 2 SYSTEMPATH\Database\BaseConnection.php(692): CodeIgniter\Database\MySQLi\Connection->execute('SELECT *
FROM `tag`')
 3 SYSTEMPATH\Database\BaseConnection.php(606): CodeIgniter\Database\BaseConnection->simpleQuery('SELECT *
FROM `tag`')
 4 SYSTEMPATH\Database\BaseBuilder.php(1616): CodeIgniter\Database\BaseConnection->query('SELECT *
FROM `tag`', [], false)
 5 SYSTEMPATH\Model.php(203): CodeIgniter\Database\BaseBuilder->get()
 6 SYSTEMPATH\BaseModel.php(557): CodeIgniter\Model->doFind(false, null)
 7 APPPATH\Controllers\DesenhistaPost.php(1161): CodeIgniter\BaseModel->find()
 8 SYSTEMPATH\CodeIgniter.php(934): App\Controllers\DesenhistaPost->desenho_tag_lista()
 9 SYSTEMPATH\CodeIgniter.php(499): CodeIgniter\CodeIgniter->runController(Object(App\Controllers\DesenhistaPost))
10 SYSTEMPATH\CodeIgniter.php(368): CodeIgniter\CodeIgniter->handleRequest(null, Object(Config\Cache), false)
11 FCPATH\index.php(67): CodeIgniter\CodeIgniter->run()
ERROR - 2023-10-26 21:50:12 --> mysqli_sql_exception: Table 'wl.tag' doesn't exist in C:\xampp\htdocs\codi\system\Database\MySQLi\Connection.php:295
Stack trace:
#0 C:\xampp\htdocs\codi\system\Database\MySQLi\Connection.php(295): mysqli->query('SELECT *\nFROM `...', 0)
#1 C:\xampp\htdocs\codi\system\Database\BaseConnection.php(692): CodeIgniter\Database\MySQLi\Connection->execute('SELECT *\nFROM `...')
#2 C:\xampp\htdocs\codi\system\Database\BaseConnection.php(606): CodeIgniter\Database\BaseConnection->simpleQuery('SELECT *\nFROM `...')
#3 C:\xampp\htdocs\codi\system\Database\BaseBuilder.php(1616): CodeIgniter\Database\BaseConnection->query('SELECT *\nFROM `...', Array, false)
#4 C:\xampp\htdocs\codi\system\Model.php(203): CodeIgniter\Database\BaseBuilder->get()
#5 C:\xampp\htdocs\codi\system\BaseModel.php(557): CodeIgniter\Model->doFind(false, NULL)
#6 C:\xampp\htdocs\codi\app\Controllers\DesenhistaPost.php(1161): CodeIgniter\BaseModel->find()
#7 C:\xampp\htdocs\codi\system\CodeIgniter.php(934): App\Controllers\DesenhistaPost->desenho_tag_lista()
#8 C:\xampp\htdocs\codi\system\CodeIgniter.php(499): CodeIgniter\CodeIgniter->runController(Object(App\Controllers\DesenhistaPost))
#9 C:\xampp\htdocs\codi\system\CodeIgniter.php(368): CodeIgniter\CodeIgniter->handleRequest(NULL, Object(Config\Cache), false)
#10 C:\xampp\htdocs\codi\public\index.php(67): CodeIgniter\CodeIgniter->run()
#11 {main}
CRITICAL - 2023-10-26 21:50:12 --> Table 'wl.tag' doesn't exist
in SYSTEMPATH\Database\MySQLi\Connection.php on line 295.
 1 SYSTEMPATH\Database\MySQLi\Connection.php(295): mysqli->query('SELECT *
FROM `tag`', 0)
 2 SYSTEMPATH\Database\BaseConnection.php(692): CodeIgniter\Database\MySQLi\Connection->execute('SELECT *
FROM `tag`')
 3 SYSTEMPATH\Database\BaseConnection.php(606): CodeIgniter\Database\BaseConnection->simpleQuery('SELECT *
FROM `tag`')
 4 SYSTEMPATH\Database\BaseBuilder.php(1616): CodeIgniter\Database\BaseConnection->query('SELECT *
FROM `tag`', [], false)
 5 SYSTEMPATH\Model.php(203): CodeIgniter\Database\BaseBuilder->get()
 6 SYSTEMPATH\BaseModel.php(557): CodeIgniter\Model->doFind(false, null)
 7 APPPATH\Controllers\DesenhistaPost.php(1161): CodeIgniter\BaseModel->find()
 8 SYSTEMPATH\CodeIgniter.php(934): App\Controllers\DesenhistaPost->desenho_tag_lista()
 9 SYSTEMPATH\CodeIgniter.php(499): CodeIgniter\CodeIgniter->runController(Object(App\Controllers\DesenhistaPost))
10 SYSTEMPATH\CodeIgniter.php(368): CodeIgniter\CodeIgniter->handleRequest(null, Object(Config\Cache), false)
11 FCPATH\index.php(67): CodeIgniter\CodeIgniter->run()
ERROR - 2023-10-26 21:50:13 --> mysqli_sql_exception: Table 'wl.tag' doesn't exist in C:\xampp\htdocs\codi\system\Database\MySQLi\Connection.php:295
Stack trace:
#0 C:\xampp\htdocs\codi\system\Database\MySQLi\Connection.php(295): mysqli->query('SELECT *\nFROM `...', 0)
#1 C:\xampp\htdocs\codi\system\Database\BaseConnection.php(692): CodeIgniter\Database\MySQLi\Connection->execute('SELECT *\nFROM `...')
#2 C:\xampp\htdocs\codi\system\Database\BaseConnection.php(606): CodeIgniter\Database\BaseConnection->simpleQuery('SELECT *\nFROM `...')
#3 C:\xampp\htdocs\codi\system\Database\BaseBuilder.php(1616): CodeIgniter\Database\BaseConnection->query('SELECT *\nFROM `...', Array, false)
#4 C:\xampp\htdocs\codi\system\Model.php(203): CodeIgniter\Database\BaseBuilder->get()
#5 C:\xampp\htdocs\codi\system\BaseModel.php(557): CodeIgniter\Model->doFind(false, NULL)
#6 C:\xampp\htdocs\codi\app\Controllers\DesenhistaPost.php(1161): CodeIgniter\BaseModel->find()
#7 C:\xampp\htdocs\codi\system\CodeIgniter.php(934): App\Controllers\DesenhistaPost->desenho_tag_lista()
#8 C:\xampp\htdocs\codi\system\CodeIgniter.php(499): CodeIgniter\CodeIgniter->runController(Object(App\Controllers\DesenhistaPost))
#9 C:\xampp\htdocs\codi\system\CodeIgniter.php(368): CodeIgniter\CodeIgniter->handleRequest(NULL, Object(Config\Cache), false)
#10 C:\xampp\htdocs\codi\public\index.php(67): CodeIgniter\CodeIgniter->run()
#11 {main}
CRITICAL - 2023-10-26 21:50:13 --> Table 'wl.tag' doesn't exist
in SYSTEMPATH\Database\MySQLi\Connection.php on line 295.
 1 SYSTEMPATH\Database\MySQLi\Connection.php(295): mysqli->query('SELECT *
FROM `tag`', 0)
 2 SYSTEMPATH\Database\BaseConnection.php(692): CodeIgniter\Database\MySQLi\Connection->execute('SELECT *
FROM `tag`')
 3 SYSTEMPATH\Database\BaseConnection.php(606): CodeIgniter\Database\BaseConnection->simpleQuery('SELECT *
FROM `tag`')
 4 SYSTEMPATH\Database\BaseBuilder.php(1616): CodeIgniter\Database\BaseConnection->query('SELECT *
FROM `tag`', [], false)
 5 SYSTEMPATH\Model.php(203): CodeIgniter\Database\BaseBuilder->get()
 6 SYSTEMPATH\BaseModel.php(557): CodeIgniter\Model->doFind(false, null)
 7 APPPATH\Controllers\DesenhistaPost.php(1161): CodeIgniter\BaseModel->find()
 8 SYSTEMPATH\CodeIgniter.php(934): App\Controllers\DesenhistaPost->desenho_tag_lista()
 9 SYSTEMPATH\CodeIgniter.php(499): CodeIgniter\CodeIgniter->runController(Object(App\Controllers\DesenhistaPost))
10 SYSTEMPATH\CodeIgniter.php(368): CodeIgniter\CodeIgniter->handleRequest(null, Object(Config\Cache), false)
11 FCPATH\index.php(67): CodeIgniter\CodeIgniter->run()
ERROR - 2023-10-26 21:50:13 --> mysqli_sql_exception: Table 'wl.tag' doesn't exist in C:\xampp\htdocs\codi\system\Database\MySQLi\Connection.php:295
Stack trace:
#0 C:\xampp\htdocs\codi\system\Database\MySQLi\Connection.php(295): mysqli->query('SELECT *\nFROM `...', 0)
#1 C:\xampp\htdocs\codi\system\Database\BaseConnection.php(692): CodeIgniter\Database\MySQLi\Connection->execute('SELECT *\nFROM `...')
#2 C:\xampp\htdocs\codi\system\Database\BaseConnection.php(606): CodeIgniter\Database\BaseConnection->simpleQuery('SELECT *\nFROM `...')
#3 C:\xampp\htdocs\codi\system\Database\BaseBuilder.php(1616): CodeIgniter\Database\BaseConnection->query('SELECT *\nFROM `...', Array, false)
#4 C:\xampp\htdocs\codi\system\Model.php(203): CodeIgniter\Database\BaseBuilder->get()
#5 C:\xampp\htdocs\codi\system\BaseModel.php(557): CodeIgniter\Model->doFind(false, NULL)
#6 C:\xampp\htdocs\codi\app\Controllers\DesenhistaPost.php(1161): CodeIgniter\BaseModel->find()
#7 C:\xampp\htdocs\codi\system\CodeIgniter.php(934): App\Controllers\DesenhistaPost->desenho_tag_lista()
#8 C:\xampp\htdocs\codi\system\CodeIgniter.php(499): CodeIgniter\CodeIgniter->runController(Object(App\Controllers\DesenhistaPost))
#9 C:\xampp\htdocs\codi\system\CodeIgniter.php(368): CodeIgniter\CodeIgniter->handleRequest(NULL, Object(Config\Cache), false)
#10 C:\xampp\htdocs\codi\public\index.php(67): CodeIgniter\CodeIgniter->run()
#11 {main}
CRITICAL - 2023-10-26 21:50:13 --> Table 'wl.tag' doesn't exist
in SYSTEMPATH\Database\MySQLi\Connection.php on line 295.
 1 SYSTEMPATH\Database\MySQLi\Connection.php(295): mysqli->query('SELECT *
FROM `tag`', 0)
 2 SYSTEMPATH\Database\BaseConnection.php(692): CodeIgniter\Database\MySQLi\Connection->execute('SELECT *
FROM `tag`')
 3 SYSTEMPATH\Database\BaseConnection.php(606): CodeIgniter\Database\BaseConnection->simpleQuery('SELECT *
FROM `tag`')
 4 SYSTEMPATH\Database\BaseBuilder.php(1616): CodeIgniter\Database\BaseConnection->query('SELECT *
FROM `tag`', [], false)
 5 SYSTEMPATH\Model.php(203): CodeIgniter\Database\BaseBuilder->get()
 6 SYSTEMPATH\BaseModel.php(557): CodeIgniter\Model->doFind(false, null)
 7 APPPATH\Controllers\DesenhistaPost.php(1161): CodeIgniter\BaseModel->find()
 8 SYSTEMPATH\CodeIgniter.php(934): App\Controllers\DesenhistaPost->desenho_tag_lista()
 9 SYSTEMPATH\CodeIgniter.php(499): CodeIgniter\CodeIgniter->runController(Object(App\Controllers\DesenhistaPost))
10 SYSTEMPATH\CodeIgniter.php(368): CodeIgniter\CodeIgniter->handleRequest(null, Object(Config\Cache), false)
11 FCPATH\index.php(67): CodeIgniter\CodeIgniter->run()
ERROR - 2023-10-26 21:50:14 --> mysqli_sql_exception: Table 'wl.tag' doesn't exist in C:\xampp\htdocs\codi\system\Database\MySQLi\Connection.php:295
Stack trace:
#0 C:\xampp\htdocs\codi\system\Database\MySQLi\Connection.php(295): mysqli->query('SELECT *\nFROM `...', 0)
#1 C:\xampp\htdocs\codi\system\Database\BaseConnection.php(692): CodeIgniter\Database\MySQLi\Connection->execute('SELECT *\nFROM `...')
#2 C:\xampp\htdocs\codi\system\Database\BaseConnection.php(606): CodeIgniter\Database\BaseConnection->simpleQuery('SELECT *\nFROM `...')
#3 C:\xampp\htdocs\codi\system\Database\BaseBuilder.php(1616): CodeIgniter\Database\BaseConnection->query('SELECT *\nFROM `...', Array, false)
#4 C:\xampp\htdocs\codi\system\Model.php(203): CodeIgniter\Database\BaseBuilder->get()
#5 C:\xampp\htdocs\codi\system\BaseModel.php(557): CodeIgniter\Model->doFind(false, NULL)
#6 C:\xampp\htdocs\codi\app\Controllers\DesenhistaPost.php(1161): CodeIgniter\BaseModel->find()
#7 C:\xampp\htdocs\codi\system\CodeIgniter.php(934): App\Controllers\DesenhistaPost->desenho_tag_lista()
#8 C:\xampp\htdocs\codi\system\CodeIgniter.php(499): CodeIgniter\CodeIgniter->runController(Object(App\Controllers\DesenhistaPost))
#9 C:\xampp\htdocs\codi\system\CodeIgniter.php(368): CodeIgniter\CodeIgniter->handleRequest(NULL, Object(Config\Cache), false)
#10 C:\xampp\htdocs\codi\public\index.php(67): CodeIgniter\CodeIgniter->run()
#11 {main}
CRITICAL - 2023-10-26 21:50:14 --> Table 'wl.tag' doesn't exist
in SYSTEMPATH\Database\MySQLi\Connection.php on line 295.
 1 SYSTEMPATH\Database\MySQLi\Connection.php(295): mysqli->query('SELECT *
FROM `tag`', 0)
 2 SYSTEMPATH\Database\BaseConnection.php(692): CodeIgniter\Database\MySQLi\Connection->execute('SELECT *
FROM `tag`')
 3 SYSTEMPATH\Database\BaseConnection.php(606): CodeIgniter\Database\BaseConnection->simpleQuery('SELECT *
FROM `tag`')
 4 SYSTEMPATH\Database\BaseBuilder.php(1616): CodeIgniter\Database\BaseConnection->query('SELECT *
FROM `tag`', [], false)
 5 SYSTEMPATH\Model.php(203): CodeIgniter\Database\BaseBuilder->get()
 6 SYSTEMPATH\BaseModel.php(557): CodeIgniter\Model->doFind(false, null)
 7 APPPATH\Controllers\DesenhistaPost.php(1161): CodeIgniter\BaseModel->find()
 8 SYSTEMPATH\CodeIgniter.php(934): App\Controllers\DesenhistaPost->desenho_tag_lista()
 9 SYSTEMPATH\CodeIgniter.php(499): CodeIgniter\CodeIgniter->runController(Object(App\Controllers\DesenhistaPost))
10 SYSTEMPATH\CodeIgniter.php(368): CodeIgniter\CodeIgniter->handleRequest(null, Object(Config\Cache), false)
11 FCPATH\index.php(67): CodeIgniter\CodeIgniter->run()
ERROR - 2023-10-26 21:50:14 --> mysqli_sql_exception: Table 'wl.tag' doesn't exist in C:\xampp\htdocs\codi\system\Database\MySQLi\Connection.php:295
Stack trace:
#0 C:\xampp\htdocs\codi\system\Database\MySQLi\Connection.php(295): mysqli->query('SELECT *\nFROM `...', 0)
#1 C:\xampp\htdocs\codi\system\Database\BaseConnection.php(692): CodeIgniter\Database\MySQLi\Connection->execute('SELECT *\nFROM `...')
#2 C:\xampp\htdocs\codi\system\Database\BaseConnection.php(606): CodeIgniter\Database\BaseConnection->simpleQuery('SELECT *\nFROM `...')
#3 C:\xampp\htdocs\codi\system\Database\BaseBuilder.php(1616): CodeIgniter\Database\BaseConnection->query('SELECT *\nFROM `...', Array, false)
#4 C:\xampp\htdocs\codi\system\Model.php(203): CodeIgniter\Database\BaseBuilder->get()
#5 C:\xampp\htdocs\codi\system\BaseModel.php(557): CodeIgniter\Model->doFind(false, NULL)
#6 C:\xampp\htdocs\codi\app\Controllers\DesenhistaPost.php(1161): CodeIgniter\BaseModel->find()
#7 C:\xampp\htdocs\codi\system\CodeIgniter.php(934): App\Controllers\DesenhistaPost->desenho_tag_lista()
#8 C:\xampp\htdocs\codi\system\CodeIgniter.php(499): CodeIgniter\CodeIgniter->runController(Object(App\Controllers\DesenhistaPost))
#9 C:\xampp\htdocs\codi\system\CodeIgniter.php(368): CodeIgniter\CodeIgniter->handleRequest(NULL, Object(Config\Cache), false)
#10 C:\xampp\htdocs\codi\public\index.php(67): CodeIgniter\CodeIgniter->run()
#11 {main}
CRITICAL - 2023-10-26 21:50:14 --> Table 'wl.tag' doesn't exist
in SYSTEMPATH\Database\MySQLi\Connection.php on line 295.
 1 SYSTEMPATH\Database\MySQLi\Connection.php(295): mysqli->query('SELECT *
FROM `tag`', 0)
 2 SYSTEMPATH\Database\BaseConnection.php(692): CodeIgniter\Database\MySQLi\Connection->execute('SELECT *
FROM `tag`')
 3 SYSTEMPATH\Database\BaseConnection.php(606): CodeIgniter\Database\BaseConnection->simpleQuery('SELECT *
FROM `tag`')
 4 SYSTEMPATH\Database\BaseBuilder.php(1616): CodeIgniter\Database\BaseConnection->query('SELECT *
FROM `tag`', [], false)
 5 SYSTEMPATH\Model.php(203): CodeIgniter\Database\BaseBuilder->get()
 6 SYSTEMPATH\BaseModel.php(557): CodeIgniter\Model->doFind(false, null)
 7 APPPATH\Controllers\DesenhistaPost.php(1161): CodeIgniter\BaseModel->find()
 8 SYSTEMPATH\CodeIgniter.php(934): App\Controllers\DesenhistaPost->desenho_tag_lista()
 9 SYSTEMPATH\CodeIgniter.php(499): CodeIgniter\CodeIgniter->runController(Object(App\Controllers\DesenhistaPost))
10 SYSTEMPATH\CodeIgniter.php(368): CodeIgniter\CodeIgniter->handleRequest(null, Object(Config\Cache), false)
11 FCPATH\index.php(67): CodeIgniter\CodeIgniter->run()
ERROR - 2023-10-26 21:50:15 --> mysqli_sql_exception: Table 'wl.tag' doesn't exist in C:\xampp\htdocs\codi\system\Database\MySQLi\Connection.php:295
Stack trace:
#0 C:\xampp\htdocs\codi\system\Database\MySQLi\Connection.php(295): mysqli->query('SELECT *\nFROM `...', 0)
#1 C:\xampp\htdocs\codi\system\Database\BaseConnection.php(692): CodeIgniter\Database\MySQLi\Connection->execute('SELECT *\nFROM `...')
#2 C:\xampp\htdocs\codi\system\Database\BaseConnection.php(606): CodeIgniter\Database\BaseConnection->simpleQuery('SELECT *\nFROM `...')
#3 C:\xampp\htdocs\codi\system\Database\BaseBuilder.php(1616): CodeIgniter\Database\BaseConnection->query('SELECT *\nFROM `...', Array, false)
#4 C:\xampp\htdocs\codi\system\Model.php(203): CodeIgniter\Database\BaseBuilder->get()
#5 C:\xampp\htdocs\codi\system\BaseModel.php(557): CodeIgniter\Model->doFind(false, NULL)
#6 C:\xampp\htdocs\codi\app\Controllers\DesenhistaPost.php(1161): CodeIgniter\BaseModel->find()
#7 C:\xampp\htdocs\codi\system\CodeIgniter.php(934): App\Controllers\DesenhistaPost->desenho_tag_lista()
#8 C:\xampp\htdocs\codi\system\CodeIgniter.php(499): CodeIgniter\CodeIgniter->runController(Object(App\Controllers\DesenhistaPost))
#9 C:\xampp\htdocs\codi\system\CodeIgniter.php(368): CodeIgniter\CodeIgniter->handleRequest(NULL, Object(Config\Cache), false)
#10 C:\xampp\htdocs\codi\public\index.php(67): CodeIgniter\CodeIgniter->run()
#11 {main}
CRITICAL - 2023-10-26 21:50:15 --> Table 'wl.tag' doesn't exist
in SYSTEMPATH\Database\MySQLi\Connection.php on line 295.
 1 SYSTEMPATH\Database\MySQLi\Connection.php(295): mysqli->query('SELECT *
FROM `tag`', 0)
 2 SYSTEMPATH\Database\BaseConnection.php(692): CodeIgniter\Database\MySQLi\Connection->execute('SELECT *
FROM `tag`')
 3 SYSTEMPATH\Database\BaseConnection.php(606): CodeIgniter\Database\BaseConnection->simpleQuery('SELECT *
FROM `tag`')
 4 SYSTEMPATH\Database\BaseBuilder.php(1616): CodeIgniter\Database\BaseConnection->query('SELECT *
FROM `tag`', [], false)
 5 SYSTEMPATH\Model.php(203): CodeIgniter\Database\BaseBuilder->get()
 6 SYSTEMPATH\BaseModel.php(557): CodeIgniter\Model->doFind(false, null)
 7 APPPATH\Controllers\DesenhistaPost.php(1161): CodeIgniter\BaseModel->find()
 8 SYSTEMPATH\CodeIgniter.php(934): App\Controllers\DesenhistaPost->desenho_tag_lista()
 9 SYSTEMPATH\CodeIgniter.php(499): CodeIgniter\CodeIgniter->runController(Object(App\Controllers\DesenhistaPost))
10 SYSTEMPATH\CodeIgniter.php(368): CodeIgniter\CodeIgniter->handleRequest(null, Object(Config\Cache), false)
11 FCPATH\index.php(67): CodeIgniter\CodeIgniter->run()
ERROR - 2023-10-26 21:50:15 --> mysqli_sql_exception: Table 'wl.tag' doesn't exist in C:\xampp\htdocs\codi\system\Database\MySQLi\Connection.php:295
Stack trace:
#0 C:\xampp\htdocs\codi\system\Database\MySQLi\Connection.php(295): mysqli->query('SELECT *\nFROM `...', 0)
#1 C:\xampp\htdocs\codi\system\Database\BaseConnection.php(692): CodeIgniter\Database\MySQLi\Connection->execute('SELECT *\nFROM `...')
#2 C:\xampp\htdocs\codi\system\Database\BaseConnection.php(606): CodeIgniter\Database\BaseConnection->simpleQuery('SELECT *\nFROM `...')
#3 C:\xampp\htdocs\codi\system\Database\BaseBuilder.php(1616): CodeIgniter\Database\BaseConnection->query('SELECT *\nFROM `...', Array, false)
#4 C:\xampp\htdocs\codi\system\Model.php(203): CodeIgniter\Database\BaseBuilder->get()
#5 C:\xampp\htdocs\codi\system\BaseModel.php(557): CodeIgniter\Model->doFind(false, NULL)
#6 C:\xampp\htdocs\codi\app\Controllers\DesenhistaPost.php(1161): CodeIgniter\BaseModel->find()
#7 C:\xampp\htdocs\codi\system\CodeIgniter.php(934): App\Controllers\DesenhistaPost->desenho_tag_lista()
#8 C:\xampp\htdocs\codi\system\CodeIgniter.php(499): CodeIgniter\CodeIgniter->runController(Object(App\Controllers\DesenhistaPost))
#9 C:\xampp\htdocs\codi\system\CodeIgniter.php(368): CodeIgniter\CodeIgniter->handleRequest(NULL, Object(Config\Cache), false)
#10 C:\xampp\htdocs\codi\public\index.php(67): CodeIgniter\CodeIgniter->run()
#11 {main}
CRITICAL - 2023-10-26 21:50:15 --> Table 'wl.tag' doesn't exist
in SYSTEMPATH\Database\MySQLi\Connection.php on line 295.
 1 SYSTEMPATH\Database\MySQLi\Connection.php(295): mysqli->query('SELECT *
FROM `tag`', 0)
 2 SYSTEMPATH\Database\BaseConnection.php(692): CodeIgniter\Database\MySQLi\Connection->execute('SELECT *
FROM `tag`')
 3 SYSTEMPATH\Database\BaseConnection.php(606): CodeIgniter\Database\BaseConnection->simpleQuery('SELECT *
FROM `tag`')
 4 SYSTEMPATH\Database\BaseBuilder.php(1616): CodeIgniter\Database\BaseConnection->query('SELECT *
FROM `tag`', [], false)
 5 SYSTEMPATH\Model.php(203): CodeIgniter\Database\BaseBuilder->get()
 6 SYSTEMPATH\BaseModel.php(557): CodeIgniter\Model->doFind(false, null)
 7 APPPATH\Controllers\DesenhistaPost.php(1161): CodeIgniter\BaseModel->find()
 8 SYSTEMPATH\CodeIgniter.php(934): App\Controllers\DesenhistaPost->desenho_tag_lista()
 9 SYSTEMPATH\CodeIgniter.php(499): CodeIgniter\CodeIgniter->runController(Object(App\Controllers\DesenhistaPost))
10 SYSTEMPATH\CodeIgniter.php(368): CodeIgniter\CodeIgniter->handleRequest(null, Object(Config\Cache), false)
11 FCPATH\index.php(67): CodeIgniter\CodeIgniter->run()
ERROR - 2023-10-26 21:50:16 --> mysqli_sql_exception: Table 'wl.tag' doesn't exist in C:\xampp\htdocs\codi\system\Database\MySQLi\Connection.php:295
Stack trace:
#0 C:\xampp\htdocs\codi\system\Database\MySQLi\Connection.php(295): mysqli->query('SELECT *\nFROM `...', 0)
#1 C:\xampp\htdocs\codi\system\Database\BaseConnection.php(692): CodeIgniter\Database\MySQLi\Connection->execute('SELECT *\nFROM `...')
#2 C:\xampp\htdocs\codi\system\Database\BaseConnection.php(606): CodeIgniter\Database\BaseConnection->simpleQuery('SELECT *\nFROM `...')
#3 C:\xampp\htdocs\codi\system\Database\BaseBuilder.php(1616): CodeIgniter\Database\BaseConnection->query('SELECT *\nFROM `...', Array, false)
#4 C:\xampp\htdocs\codi\system\Model.php(203): CodeIgniter\Database\BaseBuilder->get()
#5 C:\xampp\htdocs\codi\system\BaseModel.php(557): CodeIgniter\Model->doFind(false, NULL)
#6 C:\xampp\htdocs\codi\app\Controllers\DesenhistaPost.php(1161): CodeIgniter\BaseModel->find()
#7 C:\xampp\htdocs\codi\system\CodeIgniter.php(934): App\Controllers\DesenhistaPost->desenho_tag_lista()
#8 C:\xampp\htdocs\codi\system\CodeIgniter.php(499): CodeIgniter\CodeIgniter->runController(Object(App\Controllers\DesenhistaPost))
#9 C:\xampp\htdocs\codi\system\CodeIgniter.php(368): CodeIgniter\CodeIgniter->handleRequest(NULL, Object(Config\Cache), false)
#10 C:\xampp\htdocs\codi\public\index.php(67): CodeIgniter\CodeIgniter->run()
#11 {main}
CRITICAL - 2023-10-26 21:50:16 --> Table 'wl.tag' doesn't exist
in SYSTEMPATH\Database\MySQLi\Connection.php on line 295.
 1 SYSTEMPATH\Database\MySQLi\Connection.php(295): mysqli->query('SELECT *
FROM `tag`', 0)
 2 SYSTEMPATH\Database\BaseConnection.php(692): CodeIgniter\Database\MySQLi\Connection->execute('SELECT *
FROM `tag`')
 3 SYSTEMPATH\Database\BaseConnection.php(606): CodeIgniter\Database\BaseConnection->simpleQuery('SELECT *
FROM `tag`')
 4 SYSTEMPATH\Database\BaseBuilder.php(1616): CodeIgniter\Database\BaseConnection->query('SELECT *
FROM `tag`', [], false)
 5 SYSTEMPATH\Model.php(203): CodeIgniter\Database\BaseBuilder->get()
 6 SYSTEMPATH\BaseModel.php(557): CodeIgniter\Model->doFind(false, null)
 7 APPPATH\Controllers\DesenhistaPost.php(1161): CodeIgniter\BaseModel->find()
 8 SYSTEMPATH\CodeIgniter.php(934): App\Controllers\DesenhistaPost->desenho_tag_lista()
 9 SYSTEMPATH\CodeIgniter.php(499): CodeIgniter\CodeIgniter->runController(Object(App\Controllers\DesenhistaPost))
10 SYSTEMPATH\CodeIgniter.php(368): CodeIgniter\CodeIgniter->handleRequest(null, Object(Config\Cache), false)
11 FCPATH\index.php(67): CodeIgniter\CodeIgniter->run()
ERROR - 2023-10-26 21:50:16 --> mysqli_sql_exception: Table 'wl.tag' doesn't exist in C:\xampp\htdocs\codi\system\Database\MySQLi\Connection.php:295
Stack trace:
#0 C:\xampp\htdocs\codi\system\Database\MySQLi\Connection.php(295): mysqli->query('SELECT *\nFROM `...', 0)
#1 C:\xampp\htdocs\codi\system\Database\BaseConnection.php(692): CodeIgniter\Database\MySQLi\Connection->execute('SELECT *\nFROM `...')
#2 C:\xampp\htdocs\codi\system\Database\BaseConnection.php(606): CodeIgniter\Database\BaseConnection->simpleQuery('SELECT *\nFROM `...')
#3 C:\xampp\htdocs\codi\system\Database\BaseBuilder.php(1616): CodeIgniter\Database\BaseConnection->query('SELECT *\nFROM `...', Array, false)
#4 C:\xampp\htdocs\codi\system\Model.php(203): CodeIgniter\Database\BaseBuilder->get()
#5 C:\xampp\htdocs\codi\system\BaseModel.php(557): CodeIgniter\Model->doFind(false, NULL)
#6 C:\xampp\htdocs\codi\app\Controllers\DesenhistaPost.php(1161): CodeIgniter\BaseModel->find()
#7 C:\xampp\htdocs\codi\system\CodeIgniter.php(934): App\Controllers\DesenhistaPost->desenho_tag_lista()
#8 C:\xampp\htdocs\codi\system\CodeIgniter.php(499): CodeIgniter\CodeIgniter->runController(Object(App\Controllers\DesenhistaPost))
#9 C:\xampp\htdocs\codi\system\CodeIgniter.php(368): CodeIgniter\CodeIgniter->handleRequest(NULL, Object(Config\Cache), false)
#10 C:\xampp\htdocs\codi\public\index.php(67): CodeIgniter\CodeIgniter->run()
#11 {main}
CRITICAL - 2023-10-26 21:50:16 --> Table 'wl.tag' doesn't exist
in SYSTEMPATH\Database\MySQLi\Connection.php on line 295.
 1 SYSTEMPATH\Database\MySQLi\Connection.php(295): mysqli->query('SELECT *
FROM `tag`', 0)
 2 SYSTEMPATH\Database\BaseConnection.php(692): CodeIgniter\Database\MySQLi\Connection->execute('SELECT *
FROM `tag`')
 3 SYSTEMPATH\Database\BaseConnection.php(606): CodeIgniter\Database\BaseConnection->simpleQuery('SELECT *
FROM `tag`')
 4 SYSTEMPATH\Database\BaseBuilder.php(1616): CodeIgniter\Database\BaseConnection->query('SELECT *
FROM `tag`', [], false)
 5 SYSTEMPATH\Model.php(203): CodeIgniter\Database\BaseBuilder->get()
 6 SYSTEMPATH\BaseModel.php(557): CodeIgniter\Model->doFind(false, null)
 7 APPPATH\Controllers\DesenhistaPost.php(1161): CodeIgniter\BaseModel->find()
 8 SYSTEMPATH\CodeIgniter.php(934): App\Controllers\DesenhistaPost->desenho_tag_lista()
 9 SYSTEMPATH\CodeIgniter.php(499): CodeIgniter\CodeIgniter->runController(Object(App\Controllers\DesenhistaPost))
10 SYSTEMPATH\CodeIgniter.php(368): CodeIgniter\CodeIgniter->handleRequest(null, Object(Config\Cache), false)
11 FCPATH\index.php(67): CodeIgniter\CodeIgniter->run()
ERROR - 2023-10-26 21:50:17 --> mysqli_sql_exception: Table 'wl.tag' doesn't exist in C:\xampp\htdocs\codi\system\Database\MySQLi\Connection.php:295
Stack trace:
#0 C:\xampp\htdocs\codi\system\Database\MySQLi\Connection.php(295): mysqli->query('SELECT *\nFROM `...', 0)
#1 C:\xampp\htdocs\codi\system\Database\BaseConnection.php(692): CodeIgniter\Database\MySQLi\Connection->execute('SELECT *\nFROM `...')
#2 C:\xampp\htdocs\codi\system\Database\BaseConnection.php(606): CodeIgniter\Database\BaseConnection->simpleQuery('SELECT *\nFROM `...')
#3 C:\xampp\htdocs\codi\system\Database\BaseBuilder.php(1616): CodeIgniter\Database\BaseConnection->query('SELECT *\nFROM `...', Array, false)
#4 C:\xampp\htdocs\codi\system\Model.php(203): CodeIgniter\Database\BaseBuilder->get()
#5 C:\xampp\htdocs\codi\system\BaseModel.php(557): CodeIgniter\Model->doFind(false, NULL)
#6 C:\xampp\htdocs\codi\app\Controllers\DesenhistaPost.php(1161): CodeIgniter\BaseModel->find()
#7 C:\xampp\htdocs\codi\system\CodeIgniter.php(934): App\Controllers\DesenhistaPost->desenho_tag_lista()
#8 C:\xampp\htdocs\codi\system\CodeIgniter.php(499): CodeIgniter\CodeIgniter->runController(Object(App\Controllers\DesenhistaPost))
#9 C:\xampp\htdocs\codi\system\CodeIgniter.php(368): CodeIgniter\CodeIgniter->handleRequest(NULL, Object(Config\Cache), false)
#10 C:\xampp\htdocs\codi\public\index.php(67): CodeIgniter\CodeIgniter->run()
#11 {main}
CRITICAL - 2023-10-26 21:50:17 --> Table 'wl.tag' doesn't exist
in SYSTEMPATH\Database\MySQLi\Connection.php on line 295.
 1 SYSTEMPATH\Database\MySQLi\Connection.php(295): mysqli->query('SELECT *
FROM `tag`', 0)
 2 SYSTEMPATH\Database\BaseConnection.php(692): CodeIgniter\Database\MySQLi\Connection->execute('SELECT *
FROM `tag`')
 3 SYSTEMPATH\Database\BaseConnection.php(606): CodeIgniter\Database\BaseConnection->simpleQuery('SELECT *
FROM `tag`')
 4 SYSTEMPATH\Database\BaseBuilder.php(1616): CodeIgniter\Database\BaseConnection->query('SELECT *
FROM `tag`', [], false)
 5 SYSTEMPATH\Model.php(203): CodeIgniter\Database\BaseBuilder->get()
 6 SYSTEMPATH\BaseModel.php(557): CodeIgniter\Model->doFind(false, null)
 7 APPPATH\Controllers\DesenhistaPost.php(1161): CodeIgniter\BaseModel->find()
 8 SYSTEMPATH\CodeIgniter.php(934): App\Controllers\DesenhistaPost->desenho_tag_lista()
 9 SYSTEMPATH\CodeIgniter.php(499): CodeIgniter\CodeIgniter->runController(Object(App\Controllers\DesenhistaPost))
10 SYSTEMPATH\CodeIgniter.php(368): CodeIgniter\CodeIgniter->handleRequest(null, Object(Config\Cache), false)
11 FCPATH\index.php(67): CodeIgniter\CodeIgniter->run()
ERROR - 2023-10-26 21:50:17 --> mysqli_sql_exception: Table 'wl.tag' doesn't exist in C:\xampp\htdocs\codi\system\Database\MySQLi\Connection.php:295
Stack trace:
#0 C:\xampp\htdocs\codi\system\Database\MySQLi\Connection.php(295): mysqli->query('SELECT *\nFROM `...', 0)
#1 C:\xampp\htdocs\codi\system\Database\BaseConnection.php(692): CodeIgniter\Database\MySQLi\Connection->execute('SELECT *\nFROM `...')
#2 C:\xampp\htdocs\codi\system\Database\BaseConnection.php(606): CodeIgniter\Database\BaseConnection->simpleQuery('SELECT *\nFROM `...')
#3 C:\xampp\htdocs\codi\system\Database\BaseBuilder.php(1616): CodeIgniter\Database\BaseConnection->query('SELECT *\nFROM `...', Array, false)
#4 C:\xampp\htdocs\codi\system\Model.php(203): CodeIgniter\Database\BaseBuilder->get()
#5 C:\xampp\htdocs\codi\system\BaseModel.php(557): CodeIgniter\Model->doFind(false, NULL)
#6 C:\xampp\htdocs\codi\app\Controllers\DesenhistaPost.php(1161): CodeIgniter\BaseModel->find()
#7 C:\xampp\htdocs\codi\system\CodeIgniter.php(934): App\Controllers\DesenhistaPost->desenho_tag_lista()
#8 C:\xampp\htdocs\codi\system\CodeIgniter.php(499): CodeIgniter\CodeIgniter->runController(Object(App\Controllers\DesenhistaPost))
#9 C:\xampp\htdocs\codi\system\CodeIgniter.php(368): CodeIgniter\CodeIgniter->handleRequest(NULL, Object(Config\Cache), false)
#10 C:\xampp\htdocs\codi\public\index.php(67): CodeIgniter\CodeIgniter->run()
#11 {main}
CRITICAL - 2023-10-26 21:50:17 --> Table 'wl.tag' doesn't exist
in SYSTEMPATH\Database\MySQLi\Connection.php on line 295.
 1 SYSTEMPATH\Database\MySQLi\Connection.php(295): mysqli->query('SELECT *
FROM `tag`', 0)
 2 SYSTEMPATH\Database\BaseConnection.php(692): CodeIgniter\Database\MySQLi\Connection->execute('SELECT *
FROM `tag`')
 3 SYSTEMPATH\Database\BaseConnection.php(606): CodeIgniter\Database\BaseConnection->simpleQuery('SELECT *
FROM `tag`')
 4 SYSTEMPATH\Database\BaseBuilder.php(1616): CodeIgniter\Database\BaseConnection->query('SELECT *
FROM `tag`', [], false)
 5 SYSTEMPATH\Model.php(203): CodeIgniter\Database\BaseBuilder->get()
 6 SYSTEMPATH\BaseModel.php(557): CodeIgniter\Model->doFind(false, null)
 7 APPPATH\Controllers\DesenhistaPost.php(1161): CodeIgniter\BaseModel->find()
 8 SYSTEMPATH\CodeIgniter.php(934): App\Controllers\DesenhistaPost->desenho_tag_lista()
 9 SYSTEMPATH\CodeIgniter.php(499): CodeIgniter\CodeIgniter->runController(Object(App\Controllers\DesenhistaPost))
10 SYSTEMPATH\CodeIgniter.php(368): CodeIgniter\CodeIgniter->handleRequest(null, Object(Config\Cache), false)
11 FCPATH\index.php(67): CodeIgniter\CodeIgniter->run()
ERROR - 2023-10-26 21:50:18 --> mysqli_sql_exception: Table 'wl.tag' doesn't exist in C:\xampp\htdocs\codi\system\Database\MySQLi\Connection.php:295
Stack trace:
#0 C:\xampp\htdocs\codi\system\Database\MySQLi\Connection.php(295): mysqli->query('SELECT *\nFROM `...', 0)
#1 C:\xampp\htdocs\codi\system\Database\BaseConnection.php(692): CodeIgniter\Database\MySQLi\Connection->execute('SELECT *\nFROM `...')
#2 C:\xampp\htdocs\codi\system\Database\BaseConnection.php(606): CodeIgniter\Database\BaseConnection->simpleQuery('SELECT *\nFROM `...')
#3 C:\xampp\htdocs\codi\system\Database\BaseBuilder.php(1616): CodeIgniter\Database\BaseConnection->query('SELECT *\nFROM `...', Array, false)
#4 C:\xampp\htdocs\codi\system\Model.php(203): CodeIgniter\Database\BaseBuilder->get()
#5 C:\xampp\htdocs\codi\system\BaseModel.php(557): CodeIgniter\Model->doFind(false, NULL)
#6 C:\xampp\htdocs\codi\app\Controllers\DesenhistaPost.php(1161): CodeIgniter\BaseModel->find()
#7 C:\xampp\htdocs\codi\system\CodeIgniter.php(934): App\Controllers\DesenhistaPost->desenho_tag_lista()
#8 C:\xampp\htdocs\codi\system\CodeIgniter.php(499): CodeIgniter\CodeIgniter->runController(Object(App\Controllers\DesenhistaPost))
#9 C:\xampp\htdocs\codi\system\CodeIgniter.php(368): CodeIgniter\CodeIgniter->handleRequest(NULL, Object(Config\Cache), false)
#10 C:\xampp\htdocs\codi\public\index.php(67): CodeIgniter\CodeIgniter->run()
#11 {main}
CRITICAL - 2023-10-26 21:50:18 --> Table 'wl.tag' doesn't exist
in SYSTEMPATH\Database\MySQLi\Connection.php on line 295.
 1 SYSTEMPATH\Database\MySQLi\Connection.php(295): mysqli->query('SELECT *
FROM `tag`', 0)
 2 SYSTEMPATH\Database\BaseConnection.php(692): CodeIgniter\Database\MySQLi\Connection->execute('SELECT *
FROM `tag`')
 3 SYSTEMPATH\Database\BaseConnection.php(606): CodeIgniter\Database\BaseConnection->simpleQuery('SELECT *
FROM `tag`')
 4 SYSTEMPATH\Database\BaseBuilder.php(1616): CodeIgniter\Database\BaseConnection->query('SELECT *
FROM `tag`', [], false)
 5 SYSTEMPATH\Model.php(203): CodeIgniter\Database\BaseBuilder->get()
 6 SYSTEMPATH\BaseModel.php(557): CodeIgniter\Model->doFind(false, null)
 7 APPPATH\Controllers\DesenhistaPost.php(1161): CodeIgniter\BaseModel->find()
 8 SYSTEMPATH\CodeIgniter.php(934): App\Controllers\DesenhistaPost->desenho_tag_lista()
 9 SYSTEMPATH\CodeIgniter.php(499): CodeIgniter\CodeIgniter->runController(Object(App\Controllers\DesenhistaPost))
10 SYSTEMPATH\CodeIgniter.php(368): CodeIgniter\CodeIgniter->handleRequest(null, Object(Config\Cache), false)
11 FCPATH\index.php(67): CodeIgniter\CodeIgniter->run()
ERROR - 2023-10-26 21:50:18 --> mysqli_sql_exception: Table 'wl.tag' doesn't exist in C:\xampp\htdocs\codi\system\Database\MySQLi\Connection.php:295
Stack trace:
#0 C:\xampp\htdocs\codi\system\Database\MySQLi\Connection.php(295): mysqli->query('SELECT *\nFROM `...', 0)
#1 C:\xampp\htdocs\codi\system\Database\BaseConnection.php(692): CodeIgniter\Database\MySQLi\Connection->execute('SELECT *\nFROM `...')
#2 C:\xampp\htdocs\codi\system\Database\BaseConnection.php(606): CodeIgniter\Database\BaseConnection->simpleQuery('SELECT *\nFROM `...')
#3 C:\xampp\htdocs\codi\system\Database\BaseBuilder.php(1616): CodeIgniter\Database\BaseConnection->query('SELECT *\nFROM `...', Array, false)
#4 C:\xampp\htdocs\codi\system\Model.php(203): CodeIgniter\Database\BaseBuilder->get()
#5 C:\xampp\htdocs\codi\system\BaseModel.php(557): CodeIgniter\Model->doFind(false, NULL)
#6 C:\xampp\htdocs\codi\app\Controllers\DesenhistaPost.php(1161): CodeIgniter\BaseModel->find()
#7 C:\xampp\htdocs\codi\system\CodeIgniter.php(934): App\Controllers\DesenhistaPost->desenho_tag_lista()
#8 C:\xampp\htdocs\codi\system\CodeIgniter.php(499): CodeIgniter\CodeIgniter->runController(Object(App\Controllers\DesenhistaPost))
#9 C:\xampp\htdocs\codi\system\CodeIgniter.php(368): CodeIgniter\CodeIgniter->handleRequest(NULL, Object(Config\Cache), false)
#10 C:\xampp\htdocs\codi\public\index.php(67): CodeIgniter\CodeIgniter->run()
#11 {main}
CRITICAL - 2023-10-26 21:50:18 --> Table 'wl.tag' doesn't exist
in SYSTEMPATH\Database\MySQLi\Connection.php on line 295.
 1 SYSTEMPATH\Database\MySQLi\Connection.php(295): mysqli->query('SELECT *
FROM `tag`', 0)
 2 SYSTEMPATH\Database\BaseConnection.php(692): CodeIgniter\Database\MySQLi\Connection->execute('SELECT *
FROM `tag`')
 3 SYSTEMPATH\Database\BaseConnection.php(606): CodeIgniter\Database\BaseConnection->simpleQuery('SELECT *
FROM `tag`')
 4 SYSTEMPATH\Database\BaseBuilder.php(1616): CodeIgniter\Database\BaseConnection->query('SELECT *
FROM `tag`', [], false)
 5 SYSTEMPATH\Model.php(203): CodeIgniter\Database\BaseBuilder->get()
 6 SYSTEMPATH\BaseModel.php(557): CodeIgniter\Model->doFind(false, null)
 7 APPPATH\Controllers\DesenhistaPost.php(1161): CodeIgniter\BaseModel->find()
 8 SYSTEMPATH\CodeIgniter.php(934): App\Controllers\DesenhistaPost->desenho_tag_lista()
 9 SYSTEMPATH\CodeIgniter.php(499): CodeIgniter\CodeIgniter->runController(Object(App\Controllers\DesenhistaPost))
10 SYSTEMPATH\CodeIgniter.php(368): CodeIgniter\CodeIgniter->handleRequest(null, Object(Config\Cache), false)
11 FCPATH\index.php(67): CodeIgniter\CodeIgniter->run()
ERROR - 2023-10-26 21:50:19 --> mysqli_sql_exception: Table 'wl.tag' doesn't exist in C:\xampp\htdocs\codi\system\Database\MySQLi\Connection.php:295
Stack trace:
#0 C:\xampp\htdocs\codi\system\Database\MySQLi\Connection.php(295): mysqli->query('SELECT *\nFROM `...', 0)
#1 C:\xampp\htdocs\codi\system\Database\BaseConnection.php(692): CodeIgniter\Database\MySQLi\Connection->execute('SELECT *\nFROM `...')
#2 C:\xampp\htdocs\codi\system\Database\BaseConnection.php(606): CodeIgniter\Database\BaseConnection->simpleQuery('SELECT *\nFROM `...')
#3 C:\xampp\htdocs\codi\system\Database\BaseBuilder.php(1616): CodeIgniter\Database\BaseConnection->query('SELECT *\nFROM `...', Array, false)
#4 C:\xampp\htdocs\codi\system\Model.php(203): CodeIgniter\Database\BaseBuilder->get()
#5 C:\xampp\htdocs\codi\system\BaseModel.php(557): CodeIgniter\Model->doFind(false, NULL)
#6 C:\xampp\htdocs\codi\app\Controllers\DesenhistaPost.php(1161): CodeIgniter\BaseModel->find()
#7 C:\xampp\htdocs\codi\system\CodeIgniter.php(934): App\Controllers\DesenhistaPost->desenho_tag_lista()
#8 C:\xampp\htdocs\codi\system\CodeIgniter.php(499): CodeIgniter\CodeIgniter->runController(Object(App\Controllers\DesenhistaPost))
#9 C:\xampp\htdocs\codi\system\CodeIgniter.php(368): CodeIgniter\CodeIgniter->handleRequest(NULL, Object(Config\Cache), false)
#10 C:\xampp\htdocs\codi\public\index.php(67): CodeIgniter\CodeIgniter->run()
#11 {main}
CRITICAL - 2023-10-26 21:50:19 --> Table 'wl.tag' doesn't exist
in SYSTEMPATH\Database\MySQLi\Connection.php on line 295.
 1 SYSTEMPATH\Database\MySQLi\Connection.php(295): mysqli->query('SELECT *
FROM `tag`', 0)
 2 SYSTEMPATH\Database\BaseConnection.php(692): CodeIgniter\Database\MySQLi\Connection->execute('SELECT *
FROM `tag`')
 3 SYSTEMPATH\Database\BaseConnection.php(606): CodeIgniter\Database\BaseConnection->simpleQuery('SELECT *
FROM `tag`')
 4 SYSTEMPATH\Database\BaseBuilder.php(1616): CodeIgniter\Database\BaseConnection->query('SELECT *
FROM `tag`', [], false)
 5 SYSTEMPATH\Model.php(203): CodeIgniter\Database\BaseBuilder->get()
 6 SYSTEMPATH\BaseModel.php(557): CodeIgniter\Model->doFind(false, null)
 7 APPPATH\Controllers\DesenhistaPost.php(1161): CodeIgniter\BaseModel->find()
 8 SYSTEMPATH\CodeIgniter.php(934): App\Controllers\DesenhistaPost->desenho_tag_lista()
 9 SYSTEMPATH\CodeIgniter.php(499): CodeIgniter\CodeIgniter->runController(Object(App\Controllers\DesenhistaPost))
10 SYSTEMPATH\CodeIgniter.php(368): CodeIgniter\CodeIgniter->handleRequest(null, Object(Config\Cache), false)
11 FCPATH\index.php(67): CodeIgniter\CodeIgniter->run()
ERROR - 2023-10-26 21:50:19 --> mysqli_sql_exception: Table 'wl.tag' doesn't exist in C:\xampp\htdocs\codi\system\Database\MySQLi\Connection.php:295
Stack trace:
#0 C:\xampp\htdocs\codi\system\Database\MySQLi\Connection.php(295): mysqli->query('SELECT *\nFROM `...', 0)
#1 C:\xampp\htdocs\codi\system\Database\BaseConnection.php(692): CodeIgniter\Database\MySQLi\Connection->execute('SELECT *\nFROM `...')
#2 C:\xampp\htdocs\codi\system\Database\BaseConnection.php(606): CodeIgniter\Database\BaseConnection->simpleQuery('SELECT *\nFROM `...')
#3 C:\xampp\htdocs\codi\system\Database\BaseBuilder.php(1616): CodeIgniter\Database\BaseConnection->query('SELECT *\nFROM `...', Array, false)
#4 C:\xampp\htdocs\codi\system\Model.php(203): CodeIgniter\Database\BaseBuilder->get()
#5 C:\xampp\htdocs\codi\system\BaseModel.php(557): CodeIgniter\Model->doFind(false, NULL)
#6 C:\xampp\htdocs\codi\app\Controllers\DesenhistaPost.php(1161): CodeIgniter\BaseModel->find()
#7 C:\xampp\htdocs\codi\system\CodeIgniter.php(934): App\Controllers\DesenhistaPost->desenho_tag_lista()
#8 C:\xampp\htdocs\codi\system\CodeIgniter.php(499): CodeIgniter\CodeIgniter->runController(Object(App\Controllers\DesenhistaPost))
#9 C:\xampp\htdocs\codi\system\CodeIgniter.php(368): CodeIgniter\CodeIgniter->handleRequest(NULL, Object(Config\Cache), false)
#10 C:\xampp\htdocs\codi\public\index.php(67): CodeIgniter\CodeIgniter->run()
#11 {main}
CRITICAL - 2023-10-26 21:50:19 --> Table 'wl.tag' doesn't exist
in SYSTEMPATH\Database\MySQLi\Connection.php on line 295.
 1 SYSTEMPATH\Database\MySQLi\Connection.php(295): mysqli->query('SELECT *
FROM `tag`', 0)
 2 SYSTEMPATH\Database\BaseConnection.php(692): CodeIgniter\Database\MySQLi\Connection->execute('SELECT *
FROM `tag`')
 3 SYSTEMPATH\Database\BaseConnection.php(606): CodeIgniter\Database\BaseConnection->simpleQuery('SELECT *
FROM `tag`')
 4 SYSTEMPATH\Database\BaseBuilder.php(1616): CodeIgniter\Database\BaseConnection->query('SELECT *
FROM `tag`', [], false)
 5 SYSTEMPATH\Model.php(203): CodeIgniter\Database\BaseBuilder->get()
 6 SYSTEMPATH\BaseModel.php(557): CodeIgniter\Model->doFind(false, null)
 7 APPPATH\Controllers\DesenhistaPost.php(1161): CodeIgniter\BaseModel->find()
 8 SYSTEMPATH\CodeIgniter.php(934): App\Controllers\DesenhistaPost->desenho_tag_lista()
 9 SYSTEMPATH\CodeIgniter.php(499): CodeIgniter\CodeIgniter->runController(Object(App\Controllers\DesenhistaPost))
10 SYSTEMPATH\CodeIgniter.php(368): CodeIgniter\CodeIgniter->handleRequest(null, Object(Config\Cache), false)
11 FCPATH\index.php(67): CodeIgniter\CodeIgniter->run()
ERROR - 2023-10-26 21:50:20 --> mysqli_sql_exception: Table 'wl.tag' doesn't exist in C:\xampp\htdocs\codi\system\Database\MySQLi\Connection.php:295
Stack trace:
#0 C:\xampp\htdocs\codi\system\Database\MySQLi\Connection.php(295): mysqli->query('SELECT *\nFROM `...', 0)
#1 C:\xampp\htdocs\codi\system\Database\BaseConnection.php(692): CodeIgniter\Database\MySQLi\Connection->execute('SELECT *\nFROM `...')
#2 C:\xampp\htdocs\codi\system\Database\BaseConnection.php(606): CodeIgniter\Database\BaseConnection->simpleQuery('SELECT *\nFROM `...')
#3 C:\xampp\htdocs\codi\system\Database\BaseBuilder.php(1616): CodeIgniter\Database\BaseConnection->query('SELECT *\nFROM `...', Array, false)
#4 C:\xampp\htdocs\codi\system\Model.php(203): CodeIgniter\Database\BaseBuilder->get()
#5 C:\xampp\htdocs\codi\system\BaseModel.php(557): CodeIgniter\Model->doFind(false, NULL)
#6 C:\xampp\htdocs\codi\app\Controllers\DesenhistaPost.php(1161): CodeIgniter\BaseModel->find()
#7 C:\xampp\htdocs\codi\system\CodeIgniter.php(934): App\Controllers\DesenhistaPost->desenho_tag_lista()
#8 C:\xampp\htdocs\codi\system\CodeIgniter.php(499): CodeIgniter\CodeIgniter->runController(Object(App\Controllers\DesenhistaPost))
#9 C:\xampp\htdocs\codi\system\CodeIgniter.php(368): CodeIgniter\CodeIgniter->handleRequest(NULL, Object(Config\Cache), false)
#10 C:\xampp\htdocs\codi\public\index.php(67): CodeIgniter\CodeIgniter->run()
#11 {main}
CRITICAL - 2023-10-26 21:50:20 --> Table 'wl.tag' doesn't exist
in SYSTEMPATH\Database\MySQLi\Connection.php on line 295.
 1 SYSTEMPATH\Database\MySQLi\Connection.php(295): mysqli->query('SELECT *
FROM `tag`', 0)
 2 SYSTEMPATH\Database\BaseConnection.php(692): CodeIgniter\Database\MySQLi\Connection->execute('SELECT *
FROM `tag`')
 3 SYSTEMPATH\Database\BaseConnection.php(606): CodeIgniter\Database\BaseConnection->simpleQuery('SELECT *
FROM `tag`')
 4 SYSTEMPATH\Database\BaseBuilder.php(1616): CodeIgniter\Database\BaseConnection->query('SELECT *
FROM `tag`', [], false)
 5 SYSTEMPATH\Model.php(203): CodeIgniter\Database\BaseBuilder->get()
 6 SYSTEMPATH\BaseModel.php(557): CodeIgniter\Model->doFind(false, null)
 7 APPPATH\Controllers\DesenhistaPost.php(1161): CodeIgniter\BaseModel->find()
 8 SYSTEMPATH\CodeIgniter.php(934): App\Controllers\DesenhistaPost->desenho_tag_lista()
 9 SYSTEMPATH\CodeIgniter.php(499): CodeIgniter\CodeIgniter->runController(Object(App\Controllers\DesenhistaPost))
10 SYSTEMPATH\CodeIgniter.php(368): CodeIgniter\CodeIgniter->handleRequest(null, Object(Config\Cache), false)
11 FCPATH\index.php(67): CodeIgniter\CodeIgniter->run()
ERROR - 2023-10-26 21:50:20 --> mysqli_sql_exception: Table 'wl.tag' doesn't exist in C:\xampp\htdocs\codi\system\Database\MySQLi\Connection.php:295
Stack trace:
#0 C:\xampp\htdocs\codi\system\Database\MySQLi\Connection.php(295): mysqli->query('SELECT *\nFROM `...', 0)
#1 C:\xampp\htdocs\codi\system\Database\BaseConnection.php(692): CodeIgniter\Database\MySQLi\Connection->execute('SELECT *\nFROM `...')
#2 C:\xampp\htdocs\codi\system\Database\BaseConnection.php(606): CodeIgniter\Database\BaseConnection->simpleQuery('SELECT *\nFROM `...')
#3 C:\xampp\htdocs\codi\system\Database\BaseBuilder.php(1616): CodeIgniter\Database\BaseConnection->query('SELECT *\nFROM `...', Array, false)
#4 C:\xampp\htdocs\codi\system\Model.php(203): CodeIgniter\Database\BaseBuilder->get()
#5 C:\xampp\htdocs\codi\system\BaseModel.php(557): CodeIgniter\Model->doFind(false, NULL)
#6 C:\xampp\htdocs\codi\app\Controllers\DesenhistaPost.php(1161): CodeIgniter\BaseModel->find()
#7 C:\xampp\htdocs\codi\system\CodeIgniter.php(934): App\Controllers\DesenhistaPost->desenho_tag_lista()
#8 C:\xampp\htdocs\codi\system\CodeIgniter.php(499): CodeIgniter\CodeIgniter->runController(Object(App\Controllers\DesenhistaPost))
#9 C:\xampp\htdocs\codi\system\CodeIgniter.php(368): CodeIgniter\CodeIgniter->handleRequest(NULL, Object(Config\Cache), false)
#10 C:\xampp\htdocs\codi\public\index.php(67): CodeIgniter\CodeIgniter->run()
#11 {main}
CRITICAL - 2023-10-26 21:50:20 --> Table 'wl.tag' doesn't exist
in SYSTEMPATH\Database\MySQLi\Connection.php on line 295.
 1 SYSTEMPATH\Database\MySQLi\Connection.php(295): mysqli->query('SELECT *
FROM `tag`', 0)
 2 SYSTEMPATH\Database\BaseConnection.php(692): CodeIgniter\Database\MySQLi\Connection->execute('SELECT *
FROM `tag`')
 3 SYSTEMPATH\Database\BaseConnection.php(606): CodeIgniter\Database\BaseConnection->simpleQuery('SELECT *
FROM `tag`')
 4 SYSTEMPATH\Database\BaseBuilder.php(1616): CodeIgniter\Database\BaseConnection->query('SELECT *
FROM `tag`', [], false)
 5 SYSTEMPATH\Model.php(203): CodeIgniter\Database\BaseBuilder->get()
 6 SYSTEMPATH\BaseModel.php(557): CodeIgniter\Model->doFind(false, null)
 7 APPPATH\Controllers\DesenhistaPost.php(1161): CodeIgniter\BaseModel->find()
 8 SYSTEMPATH\CodeIgniter.php(934): App\Controllers\DesenhistaPost->desenho_tag_lista()
 9 SYSTEMPATH\CodeIgniter.php(499): CodeIgniter\CodeIgniter->runController(Object(App\Controllers\DesenhistaPost))
10 SYSTEMPATH\CodeIgniter.php(368): CodeIgniter\CodeIgniter->handleRequest(null, Object(Config\Cache), false)
11 FCPATH\index.php(67): CodeIgniter\CodeIgniter->run()
ERROR - 2023-10-26 21:50:21 --> mysqli_sql_exception: Table 'wl.tag' doesn't exist in C:\xampp\htdocs\codi\system\Database\MySQLi\Connection.php:295
Stack trace:
#0 C:\xampp\htdocs\codi\system\Database\MySQLi\Connection.php(295): mysqli->query('SELECT *\nFROM `...', 0)
#1 C:\xampp\htdocs\codi\system\Database\BaseConnection.php(692): CodeIgniter\Database\MySQLi\Connection->execute('SELECT *\nFROM `...')
#2 C:\xampp\htdocs\codi\system\Database\BaseConnection.php(606): CodeIgniter\Database\BaseConnection->simpleQuery('SELECT *\nFROM `...')
#3 C:\xampp\htdocs\codi\system\Database\BaseBuilder.php(1616): CodeIgniter\Database\BaseConnection->query('SELECT *\nFROM `...', Array, false)
#4 C:\xampp\htdocs\codi\system\Model.php(203): CodeIgniter\Database\BaseBuilder->get()
#5 C:\xampp\htdocs\codi\system\BaseModel.php(557): CodeIgniter\Model->doFind(false, NULL)
#6 C:\xampp\htdocs\codi\app\Controllers\DesenhistaPost.php(1161): CodeIgniter\BaseModel->find()
#7 C:\xampp\htdocs\codi\system\CodeIgniter.php(934): App\Controllers\DesenhistaPost->desenho_tag_lista()
#8 C:\xampp\htdocs\codi\system\CodeIgniter.php(499): CodeIgniter\CodeIgniter->runController(Object(App\Controllers\DesenhistaPost))
#9 C:\xampp\htdocs\codi\system\CodeIgniter.php(368): CodeIgniter\CodeIgniter->handleRequest(NULL, Object(Config\Cache), false)
#10 C:\xampp\htdocs\codi\public\index.php(67): CodeIgniter\CodeIgniter->run()
#11 {main}
CRITICAL - 2023-10-26 21:50:21 --> Table 'wl.tag' doesn't exist
in SYSTEMPATH\Database\MySQLi\Connection.php on line 295.
 1 SYSTEMPATH\Database\MySQLi\Connection.php(295): mysqli->query('SELECT *
FROM `tag`', 0)
 2 SYSTEMPATH\Database\BaseConnection.php(692): CodeIgniter\Database\MySQLi\Connection->execute('SELECT *
FROM `tag`')
 3 SYSTEMPATH\Database\BaseConnection.php(606): CodeIgniter\Database\BaseConnection->simpleQuery('SELECT *
FROM `tag`')
 4 SYSTEMPATH\Database\BaseBuilder.php(1616): CodeIgniter\Database\BaseConnection->query('SELECT *
FROM `tag`', [], false)
 5 SYSTEMPATH\Model.php(203): CodeIgniter\Database\BaseBuilder->get()
 6 SYSTEMPATH\BaseModel.php(557): CodeIgniter\Model->doFind(false, null)
 7 APPPATH\Controllers\DesenhistaPost.php(1161): CodeIgniter\BaseModel->find()
 8 SYSTEMPATH\CodeIgniter.php(934): App\Controllers\DesenhistaPost->desenho_tag_lista()
 9 SYSTEMPATH\CodeIgniter.php(499): CodeIgniter\CodeIgniter->runController(Object(App\Controllers\DesenhistaPost))
10 SYSTEMPATH\CodeIgniter.php(368): CodeIgniter\CodeIgniter->handleRequest(null, Object(Config\Cache), false)
11 FCPATH\index.php(67): CodeIgniter\CodeIgniter->run()
ERROR - 2023-10-26 21:50:21 --> mysqli_sql_exception: Table 'wl.tag' doesn't exist in C:\xampp\htdocs\codi\system\Database\MySQLi\Connection.php:295
Stack trace:
#0 C:\xampp\htdocs\codi\system\Database\MySQLi\Connection.php(295): mysqli->query('SELECT *\nFROM `...', 0)
#1 C:\xampp\htdocs\codi\system\Database\BaseConnection.php(692): CodeIgniter\Database\MySQLi\Connection->execute('SELECT *\nFROM `...')
#2 C:\xampp\htdocs\codi\system\Database\BaseConnection.php(606): CodeIgniter\Database\BaseConnection->simpleQuery('SELECT *\nFROM `...')
#3 C:\xampp\htdocs\codi\system\Database\BaseBuilder.php(1616): CodeIgniter\Database\BaseConnection->query('SELECT *\nFROM `...', Array, false)
#4 C:\xampp\htdocs\codi\system\Model.php(203): CodeIgniter\Database\BaseBuilder->get()
#5 C:\xampp\htdocs\codi\system\BaseModel.php(557): CodeIgniter\Model->doFind(false, NULL)
#6 C:\xampp\htdocs\codi\app\Controllers\DesenhistaPost.php(1161): CodeIgniter\BaseModel->find()
#7 C:\xampp\htdocs\codi\system\CodeIgniter.php(934): App\Controllers\DesenhistaPost->desenho_tag_lista()
#8 C:\xampp\htdocs\codi\system\CodeIgniter.php(499): CodeIgniter\CodeIgniter->runController(Object(App\Controllers\DesenhistaPost))
#9 C:\xampp\htdocs\codi\system\CodeIgniter.php(368): CodeIgniter\CodeIgniter->handleRequest(NULL, Object(Config\Cache), false)
#10 C:\xampp\htdocs\codi\public\index.php(67): CodeIgniter\CodeIgniter->run()
#11 {main}
CRITICAL - 2023-10-26 21:50:21 --> Table 'wl.tag' doesn't exist
in SYSTEMPATH\Database\MySQLi\Connection.php on line 295.
 1 SYSTEMPATH\Database\MySQLi\Connection.php(295): mysqli->query('SELECT *
FROM `tag`', 0)
 2 SYSTEMPATH\Database\BaseConnection.php(692): CodeIgniter\Database\MySQLi\Connection->execute('SELECT *
FROM `tag`')
 3 SYSTEMPATH\Database\BaseConnection.php(606): CodeIgniter\Database\BaseConnection->simpleQuery('SELECT *
FROM `tag`')
 4 SYSTEMPATH\Database\BaseBuilder.php(1616): CodeIgniter\Database\BaseConnection->query('SELECT *
FROM `tag`', [], false)
 5 SYSTEMPATH\Model.php(203): CodeIgniter\Database\BaseBuilder->get()
 6 SYSTEMPATH\BaseModel.php(557): CodeIgniter\Model->doFind(false, null)
 7 APPPATH\Controllers\DesenhistaPost.php(1161): CodeIgniter\BaseModel->find()
 8 SYSTEMPATH\CodeIgniter.php(934): App\Controllers\DesenhistaPost->desenho_tag_lista()
 9 SYSTEMPATH\CodeIgniter.php(499): CodeIgniter\CodeIgniter->runController(Object(App\Controllers\DesenhistaPost))
10 SYSTEMPATH\CodeIgniter.php(368): CodeIgniter\CodeIgniter->handleRequest(null, Object(Config\Cache), false)
11 FCPATH\index.php(67): CodeIgniter\CodeIgniter->run()
ERROR - 2023-10-26 21:50:22 --> mysqli_sql_exception: Table 'wl.tag' doesn't exist in C:\xampp\htdocs\codi\system\Database\MySQLi\Connection.php:295
Stack trace:
#0 C:\xampp\htdocs\codi\system\Database\MySQLi\Connection.php(295): mysqli->query('SELECT *\nFROM `...', 0)
#1 C:\xampp\htdocs\codi\system\Database\BaseConnection.php(692): CodeIgniter\Database\MySQLi\Connection->execute('SELECT *\nFROM `...')
#2 C:\xampp\htdocs\codi\system\Database\BaseConnection.php(606): CodeIgniter\Database\BaseConnection->simpleQuery('SELECT *\nFROM `...')
#3 C:\xampp\htdocs\codi\system\Database\BaseBuilder.php(1616): CodeIgniter\Database\BaseConnection->query('SELECT *\nFROM `...', Array, false)
#4 C:\xampp\htdocs\codi\system\Model.php(203): CodeIgniter\Database\BaseBuilder->get()
#5 C:\xampp\htdocs\codi\system\BaseModel.php(557): CodeIgniter\Model->doFind(false, NULL)
#6 C:\xampp\htdocs\codi\app\Controllers\DesenhistaPost.php(1161): CodeIgniter\BaseModel->find()
#7 C:\xampp\htdocs\codi\system\CodeIgniter.php(934): App\Controllers\DesenhistaPost->desenho_tag_lista()
#8 C:\xampp\htdocs\codi\system\CodeIgniter.php(499): CodeIgniter\CodeIgniter->runController(Object(App\Controllers\DesenhistaPost))
#9 C:\xampp\htdocs\codi\system\CodeIgniter.php(368): CodeIgniter\CodeIgniter->handleRequest(NULL, Object(Config\Cache), false)
#10 C:\xampp\htdocs\codi\public\index.php(67): CodeIgniter\CodeIgniter->run()
#11 {main}
CRITICAL - 2023-10-26 21:50:22 --> Table 'wl.tag' doesn't exist
in SYSTEMPATH\Database\MySQLi\Connection.php on line 295.
 1 SYSTEMPATH\Database\MySQLi\Connection.php(295): mysqli->query('SELECT *
FROM `tag`', 0)
 2 SYSTEMPATH\Database\BaseConnection.php(692): CodeIgniter\Database\MySQLi\Connection->execute('SELECT *
FROM `tag`')
 3 SYSTEMPATH\Database\BaseConnection.php(606): CodeIgniter\Database\BaseConnection->simpleQuery('SELECT *
FROM `tag`')
 4 SYSTEMPATH\Database\BaseBuilder.php(1616): CodeIgniter\Database\BaseConnection->query('SELECT *
FROM `tag`', [], false)
 5 SYSTEMPATH\Model.php(203): CodeIgniter\Database\BaseBuilder->get()
 6 SYSTEMPATH\BaseModel.php(557): CodeIgniter\Model->doFind(false, null)
 7 APPPATH\Controllers\DesenhistaPost.php(1161): CodeIgniter\BaseModel->find()
 8 SYSTEMPATH\CodeIgniter.php(934): App\Controllers\DesenhistaPost->desenho_tag_lista()
 9 SYSTEMPATH\CodeIgniter.php(499): CodeIgniter\CodeIgniter->runController(Object(App\Controllers\DesenhistaPost))
10 SYSTEMPATH\CodeIgniter.php(368): CodeIgniter\CodeIgniter->handleRequest(null, Object(Config\Cache), false)
11 FCPATH\index.php(67): CodeIgniter\CodeIgniter->run()
ERROR - 2023-10-26 21:50:22 --> mysqli_sql_exception: Table 'wl.tag' doesn't exist in C:\xampp\htdocs\codi\system\Database\MySQLi\Connection.php:295
Stack trace:
#0 C:\xampp\htdocs\codi\system\Database\MySQLi\Connection.php(295): mysqli->query('SELECT *\nFROM `...', 0)
#1 C:\xampp\htdocs\codi\system\Database\BaseConnection.php(692): CodeIgniter\Database\MySQLi\Connection->execute('SELECT *\nFROM `...')
#2 C:\xampp\htdocs\codi\system\Database\BaseConnection.php(606): CodeIgniter\Database\BaseConnection->simpleQuery('SELECT *\nFROM `...')
#3 C:\xampp\htdocs\codi\system\Database\BaseBuilder.php(1616): CodeIgniter\Database\BaseConnection->query('SELECT *\nFROM `...', Array, false)
#4 C:\xampp\htdocs\codi\system\Model.php(203): CodeIgniter\Database\BaseBuilder->get()
#5 C:\xampp\htdocs\codi\system\BaseModel.php(557): CodeIgniter\Model->doFind(false, NULL)
#6 C:\xampp\htdocs\codi\app\Controllers\DesenhistaPost.php(1161): CodeIgniter\BaseModel->find()
#7 C:\xampp\htdocs\codi\system\CodeIgniter.php(934): App\Controllers\DesenhistaPost->desenho_tag_lista()
#8 C:\xampp\htdocs\codi\system\CodeIgniter.php(499): CodeIgniter\CodeIgniter->runController(Object(App\Controllers\DesenhistaPost))
#9 C:\xampp\htdocs\codi\system\CodeIgniter.php(368): CodeIgniter\CodeIgniter->handleRequest(NULL, Object(Config\Cache), false)
#10 C:\xampp\htdocs\codi\public\index.php(67): CodeIgniter\CodeIgniter->run()
#11 {main}
CRITICAL - 2023-10-26 21:50:22 --> Table 'wl.tag' doesn't exist
in SYSTEMPATH\Database\MySQLi\Connection.php on line 295.
 1 SYSTEMPATH\Database\MySQLi\Connection.php(295): mysqli->query('SELECT *
FROM `tag`', 0)
 2 SYSTEMPATH\Database\BaseConnection.php(692): CodeIgniter\Database\MySQLi\Connection->execute('SELECT *
FROM `tag`')
 3 SYSTEMPATH\Database\BaseConnection.php(606): CodeIgniter\Database\BaseConnection->simpleQuery('SELECT *
FROM `tag`')
 4 SYSTEMPATH\Database\BaseBuilder.php(1616): CodeIgniter\Database\BaseConnection->query('SELECT *
FROM `tag`', [], false)
 5 SYSTEMPATH\Model.php(203): CodeIgniter\Database\BaseBuilder->get()
 6 SYSTEMPATH\BaseModel.php(557): CodeIgniter\Model->doFind(false, null)
 7 APPPATH\Controllers\DesenhistaPost.php(1161): CodeIgniter\BaseModel->find()
 8 SYSTEMPATH\CodeIgniter.php(934): App\Controllers\DesenhistaPost->desenho_tag_lista()
 9 SYSTEMPATH\CodeIgniter.php(499): CodeIgniter\CodeIgniter->runController(Object(App\Controllers\DesenhistaPost))
10 SYSTEMPATH\CodeIgniter.php(368): CodeIgniter\CodeIgniter->handleRequest(null, Object(Config\Cache), false)
11 FCPATH\index.php(67): CodeIgniter\CodeIgniter->run()
ERROR - 2023-10-26 21:50:23 --> mysqli_sql_exception: Table 'wl.tag' doesn't exist in C:\xampp\htdocs\codi\system\Database\MySQLi\Connection.php:295
Stack trace:
#0 C:\xampp\htdocs\codi\system\Database\MySQLi\Connection.php(295): mysqli->query('SELECT *\nFROM `...', 0)
#1 C:\xampp\htdocs\codi\system\Database\BaseConnection.php(692): CodeIgniter\Database\MySQLi\Connection->execute('SELECT *\nFROM `...')
#2 C:\xampp\htdocs\codi\system\Database\BaseConnection.php(606): CodeIgniter\Database\BaseConnection->simpleQuery('SELECT *\nFROM `...')
#3 C:\xampp\htdocs\codi\system\Database\BaseBuilder.php(1616): CodeIgniter\Database\BaseConnection->query('SELECT *\nFROM `...', Array, false)
#4 C:\xampp\htdocs\codi\system\Model.php(203): CodeIgniter\Database\BaseBuilder->get()
#5 C:\xampp\htdocs\codi\system\BaseModel.php(557): CodeIgniter\Model->doFind(false, NULL)
#6 C:\xampp\htdocs\codi\app\Controllers\DesenhistaPost.php(1161): CodeIgniter\BaseModel->find()
#7 C:\xampp\htdocs\codi\system\CodeIgniter.php(934): App\Controllers\DesenhistaPost->desenho_tag_lista()
#8 C:\xampp\htdocs\codi\system\CodeIgniter.php(499): CodeIgniter\CodeIgniter->runController(Object(App\Controllers\DesenhistaPost))
#9 C:\xampp\htdocs\codi\system\CodeIgniter.php(368): CodeIgniter\CodeIgniter->handleRequest(NULL, Object(Config\Cache), false)
#10 C:\xampp\htdocs\codi\public\index.php(67): CodeIgniter\CodeIgniter->run()
#11 {main}
CRITICAL - 2023-10-26 21:50:23 --> Table 'wl.tag' doesn't exist
in SYSTEMPATH\Database\MySQLi\Connection.php on line 295.
 1 SYSTEMPATH\Database\MySQLi\Connection.php(295): mysqli->query('SELECT *
FROM `tag`', 0)
 2 SYSTEMPATH\Database\BaseConnection.php(692): CodeIgniter\Database\MySQLi\Connection->execute('SELECT *
FROM `tag`')
 3 SYSTEMPATH\Database\BaseConnection.php(606): CodeIgniter\Database\BaseConnection->simpleQuery('SELECT *
FROM `tag`')
 4 SYSTEMPATH\Database\BaseBuilder.php(1616): CodeIgniter\Database\BaseConnection->query('SELECT *
FROM `tag`', [], false)
 5 SYSTEMPATH\Model.php(203): CodeIgniter\Database\BaseBuilder->get()
 6 SYSTEMPATH\BaseModel.php(557): CodeIgniter\Model->doFind(false, null)
 7 APPPATH\Controllers\DesenhistaPost.php(1161): CodeIgniter\BaseModel->find()
 8 SYSTEMPATH\CodeIgniter.php(934): App\Controllers\DesenhistaPost->desenho_tag_lista()
 9 SYSTEMPATH\CodeIgniter.php(499): CodeIgniter\CodeIgniter->runController(Object(App\Controllers\DesenhistaPost))
10 SYSTEMPATH\CodeIgniter.php(368): CodeIgniter\CodeIgniter->handleRequest(null, Object(Config\Cache), false)
11 FCPATH\index.php(67): CodeIgniter\CodeIgniter->run()
ERROR - 2023-10-26 21:50:23 --> mysqli_sql_exception: Table 'wl.tag' doesn't exist in C:\xampp\htdocs\codi\system\Database\MySQLi\Connection.php:295
Stack trace:
#0 C:\xampp\htdocs\codi\system\Database\MySQLi\Connection.php(295): mysqli->query('SELECT *\nFROM `...', 0)
#1 C:\xampp\htdocs\codi\system\Database\BaseConnection.php(692): CodeIgniter\Database\MySQLi\Connection->execute('SELECT *\nFROM `...')
#2 C:\xampp\htdocs\codi\system\Database\BaseConnection.php(606): CodeIgniter\Database\BaseConnection->simpleQuery('SELECT *\nFROM `...')
#3 C:\xampp\htdocs\codi\system\Database\BaseBuilder.php(1616): CodeIgniter\Database\BaseConnection->query('SELECT *\nFROM `...', Array, false)
#4 C:\xampp\htdocs\codi\system\Model.php(203): CodeIgniter\Database\BaseBuilder->get()
#5 C:\xampp\htdocs\codi\system\BaseModel.php(557): CodeIgniter\Model->doFind(false, NULL)
#6 C:\xampp\htdocs\codi\app\Controllers\DesenhistaPost.php(1161): CodeIgniter\BaseModel->find()
#7 C:\xampp\htdocs\codi\system\CodeIgniter.php(934): App\Controllers\DesenhistaPost->desenho_tag_lista()
#8 C:\xampp\htdocs\codi\system\CodeIgniter.php(499): CodeIgniter\CodeIgniter->runController(Object(App\Controllers\DesenhistaPost))
#9 C:\xampp\htdocs\codi\system\CodeIgniter.php(368): CodeIgniter\CodeIgniter->handleRequest(NULL, Object(Config\Cache), false)
#10 C:\xampp\htdocs\codi\public\index.php(67): CodeIgniter\CodeIgniter->run()
#11 {main}
CRITICAL - 2023-10-26 21:50:23 --> Table 'wl.tag' doesn't exist
in SYSTEMPATH\Database\MySQLi\Connection.php on line 295.
 1 SYSTEMPATH\Database\MySQLi\Connection.php(295): mysqli->query('SELECT *
FROM `tag`', 0)
 2 SYSTEMPATH\Database\BaseConnection.php(692): CodeIgniter\Database\MySQLi\Connection->execute('SELECT *
FROM `tag`')
 3 SYSTEMPATH\Database\BaseConnection.php(606): CodeIgniter\Database\BaseConnection->simpleQuery('SELECT *
FROM `tag`')
 4 SYSTEMPATH\Database\BaseBuilder.php(1616): CodeIgniter\Database\BaseConnection->query('SELECT *
FROM `tag`', [], false)
 5 SYSTEMPATH\Model.php(203): CodeIgniter\Database\BaseBuilder->get()
 6 SYSTEMPATH\BaseModel.php(557): CodeIgniter\Model->doFind(false, null)
 7 APPPATH\Controllers\DesenhistaPost.php(1161): CodeIgniter\BaseModel->find()
 8 SYSTEMPATH\CodeIgniter.php(934): App\Controllers\DesenhistaPost->desenho_tag_lista()
 9 SYSTEMPATH\CodeIgniter.php(499): CodeIgniter\CodeIgniter->runController(Object(App\Controllers\DesenhistaPost))
10 SYSTEMPATH\CodeIgniter.php(368): CodeIgniter\CodeIgniter->handleRequest(null, Object(Config\Cache), false)
11 FCPATH\index.php(67): CodeIgniter\CodeIgniter->run()
ERROR - 2023-10-26 21:50:24 --> mysqli_sql_exception: Table 'wl.tag' doesn't exist in C:\xampp\htdocs\codi\system\Database\MySQLi\Connection.php:295
Stack trace:
#0 C:\xampp\htdocs\codi\system\Database\MySQLi\Connection.php(295): mysqli->query('SELECT *\nFROM `...', 0)
#1 C:\xampp\htdocs\codi\system\Database\BaseConnection.php(692): CodeIgniter\Database\MySQLi\Connection->execute('SELECT *\nFROM `...')
#2 C:\xampp\htdocs\codi\system\Database\BaseConnection.php(606): CodeIgniter\Database\BaseConnection->simpleQuery('SELECT *\nFROM `...')
#3 C:\xampp\htdocs\codi\system\Database\BaseBuilder.php(1616): CodeIgniter\Database\BaseConnection->query('SELECT *\nFROM `...', Array, false)
#4 C:\xampp\htdocs\codi\system\Model.php(203): CodeIgniter\Database\BaseBuilder->get()
#5 C:\xampp\htdocs\codi\system\BaseModel.php(557): CodeIgniter\Model->doFind(false, NULL)
#6 C:\xampp\htdocs\codi\app\Controllers\DesenhistaPost.php(1161): CodeIgniter\BaseModel->find()
#7 C:\xampp\htdocs\codi\system\CodeIgniter.php(934): App\Controllers\DesenhistaPost->desenho_tag_lista()
#8 C:\xampp\htdocs\codi\system\CodeIgniter.php(499): CodeIgniter\CodeIgniter->runController(Object(App\Controllers\DesenhistaPost))
#9 C:\xampp\htdocs\codi\system\CodeIgniter.php(368): CodeIgniter\CodeIgniter->handleRequest(NULL, Object(Config\Cache), false)
#10 C:\xampp\htdocs\codi\public\index.php(67): CodeIgniter\CodeIgniter->run()
#11 {main}
CRITICAL - 2023-10-26 21:50:24 --> Table 'wl.tag' doesn't exist
in SYSTEMPATH\Database\MySQLi\Connection.php on line 295.
 1 SYSTEMPATH\Database\MySQLi\Connection.php(295): mysqli->query('SELECT *
FROM `tag`', 0)
 2 SYSTEMPATH\Database\BaseConnection.php(692): CodeIgniter\Database\MySQLi\Connection->execute('SELECT *
FROM `tag`')
 3 SYSTEMPATH\Database\BaseConnection.php(606): CodeIgniter\Database\BaseConnection->simpleQuery('SELECT *
FROM `tag`')
 4 SYSTEMPATH\Database\BaseBuilder.php(1616): CodeIgniter\Database\BaseConnection->query('SELECT *
FROM `tag`', [], false)
 5 SYSTEMPATH\Model.php(203): CodeIgniter\Database\BaseBuilder->get()
 6 SYSTEMPATH\BaseModel.php(557): CodeIgniter\Model->doFind(false, null)
 7 APPPATH\Controllers\DesenhistaPost.php(1161): CodeIgniter\BaseModel->find()
 8 SYSTEMPATH\CodeIgniter.php(934): App\Controllers\DesenhistaPost->desenho_tag_lista()
 9 SYSTEMPATH\CodeIgniter.php(499): CodeIgniter\CodeIgniter->runController(Object(App\Controllers\DesenhistaPost))
10 SYSTEMPATH\CodeIgniter.php(368): CodeIgniter\CodeIgniter->handleRequest(null, Object(Config\Cache), false)
11 FCPATH\index.php(67): CodeIgniter\CodeIgniter->run()
ERROR - 2023-10-26 21:50:24 --> mysqli_sql_exception: Table 'wl.tag' doesn't exist in C:\xampp\htdocs\codi\system\Database\MySQLi\Connection.php:295
Stack trace:
#0 C:\xampp\htdocs\codi\system\Database\MySQLi\Connection.php(295): mysqli->query('SELECT *\nFROM `...', 0)
#1 C:\xampp\htdocs\codi\system\Database\BaseConnection.php(692): CodeIgniter\Database\MySQLi\Connection->execute('SELECT *\nFROM `...')
#2 C:\xampp\htdocs\codi\system\Database\BaseConnection.php(606): CodeIgniter\Database\BaseConnection->simpleQuery('SELECT *\nFROM `...')
#3 C:\xampp\htdocs\codi\system\Database\BaseBuilder.php(1616): CodeIgniter\Database\BaseConnection->query('SELECT *\nFROM `...', Array, false)
#4 C:\xampp\htdocs\codi\system\Model.php(203): CodeIgniter\Database\BaseBuilder->get()
#5 C:\xampp\htdocs\codi\system\BaseModel.php(557): CodeIgniter\Model->doFind(false, NULL)
#6 C:\xampp\htdocs\codi\app\Controllers\DesenhistaPost.php(1161): CodeIgniter\BaseModel->find()
#7 C:\xampp\htdocs\codi\system\CodeIgniter.php(934): App\Controllers\DesenhistaPost->desenho_tag_lista()
#8 C:\xampp\htdocs\codi\system\CodeIgniter.php(499): CodeIgniter\CodeIgniter->runController(Object(App\Controllers\DesenhistaPost))
#9 C:\xampp\htdocs\codi\system\CodeIgniter.php(368): CodeIgniter\CodeIgniter->handleRequest(NULL, Object(Config\Cache), false)
#10 C:\xampp\htdocs\codi\public\index.php(67): CodeIgniter\CodeIgniter->run()
#11 {main}
CRITICAL - 2023-10-26 21:50:24 --> Table 'wl.tag' doesn't exist
in SYSTEMPATH\Database\MySQLi\Connection.php on line 295.
 1 SYSTEMPATH\Database\MySQLi\Connection.php(295): mysqli->query('SELECT *
FROM `tag`', 0)
 2 SYSTEMPATH\Database\BaseConnection.php(692): CodeIgniter\Database\MySQLi\Connection->execute('SELECT *
FROM `tag`')
 3 SYSTEMPATH\Database\BaseConnection.php(606): CodeIgniter\Database\BaseConnection->simpleQuery('SELECT *
FROM `tag`')
 4 SYSTEMPATH\Database\BaseBuilder.php(1616): CodeIgniter\Database\BaseConnection->query('SELECT *
FROM `tag`', [], false)
 5 SYSTEMPATH\Model.php(203): CodeIgniter\Database\BaseBuilder->get()
 6 SYSTEMPATH\BaseModel.php(557): CodeIgniter\Model->doFind(false, null)
 7 APPPATH\Controllers\DesenhistaPost.php(1161): CodeIgniter\BaseModel->find()
 8 SYSTEMPATH\CodeIgniter.php(934): App\Controllers\DesenhistaPost->desenho_tag_lista()
 9 SYSTEMPATH\CodeIgniter.php(499): CodeIgniter\CodeIgniter->runController(Object(App\Controllers\DesenhistaPost))
10 SYSTEMPATH\CodeIgniter.php(368): CodeIgniter\CodeIgniter->handleRequest(null, Object(Config\Cache), false)
11 FCPATH\index.php(67): CodeIgniter\CodeIgniter->run()
ERROR - 2023-10-26 21:50:25 --> mysqli_sql_exception: Table 'wl.tag' doesn't exist in C:\xampp\htdocs\codi\system\Database\MySQLi\Connection.php:295
Stack trace:
#0 C:\xampp\htdocs\codi\system\Database\MySQLi\Connection.php(295): mysqli->query('SELECT *\nFROM `...', 0)
#1 C:\xampp\htdocs\codi\system\Database\BaseConnection.php(692): CodeIgniter\Database\MySQLi\Connection->execute('SELECT *\nFROM `...')
#2 C:\xampp\htdocs\codi\system\Database\BaseConnection.php(606): CodeIgniter\Database\BaseConnection->simpleQuery('SELECT *\nFROM `...')
#3 C:\xampp\htdocs\codi\system\Database\BaseBuilder.php(1616): CodeIgniter\Database\BaseConnection->query('SELECT *\nFROM `...', Array, false)
#4 C:\xampp\htdocs\codi\system\Model.php(203): CodeIgniter\Database\BaseBuilder->get()
#5 C:\xampp\htdocs\codi\system\BaseModel.php(557): CodeIgniter\Model->doFind(false, NULL)
#6 C:\xampp\htdocs\codi\app\Controllers\DesenhistaPost.php(1161): CodeIgniter\BaseModel->find()
#7 C:\xampp\htdocs\codi\system\CodeIgniter.php(934): App\Controllers\DesenhistaPost->desenho_tag_lista()
#8 C:\xampp\htdocs\codi\system\CodeIgniter.php(499): CodeIgniter\CodeIgniter->runController(Object(App\Controllers\DesenhistaPost))
#9 C:\xampp\htdocs\codi\system\CodeIgniter.php(368): CodeIgniter\CodeIgniter->handleRequest(NULL, Object(Config\Cache), false)
#10 C:\xampp\htdocs\codi\public\index.php(67): CodeIgniter\CodeIgniter->run()
#11 {main}
CRITICAL - 2023-10-26 21:50:25 --> Table 'wl.tag' doesn't exist
in SYSTEMPATH\Database\MySQLi\Connection.php on line 295.
 1 SYSTEMPATH\Database\MySQLi\Connection.php(295): mysqli->query('SELECT *
FROM `tag`', 0)
 2 SYSTEMPATH\Database\BaseConnection.php(692): CodeIgniter\Database\MySQLi\Connection->execute('SELECT *
FROM `tag`')
 3 SYSTEMPATH\Database\BaseConnection.php(606): CodeIgniter\Database\BaseConnection->simpleQuery('SELECT *
FROM `tag`')
 4 SYSTEMPATH\Database\BaseBuilder.php(1616): CodeIgniter\Database\BaseConnection->query('SELECT *
FROM `tag`', [], false)
 5 SYSTEMPATH\Model.php(203): CodeIgniter\Database\BaseBuilder->get()
 6 SYSTEMPATH\BaseModel.php(557): CodeIgniter\Model->doFind(false, null)
 7 APPPATH\Controllers\DesenhistaPost.php(1161): CodeIgniter\BaseModel->find()
 8 SYSTEMPATH\CodeIgniter.php(934): App\Controllers\DesenhistaPost->desenho_tag_lista()
 9 SYSTEMPATH\CodeIgniter.php(499): CodeIgniter\CodeIgniter->runController(Object(App\Controllers\DesenhistaPost))
10 SYSTEMPATH\CodeIgniter.php(368): CodeIgniter\CodeIgniter->handleRequest(null, Object(Config\Cache), false)
11 FCPATH\index.php(67): CodeIgniter\CodeIgniter->run()
ERROR - 2023-10-26 21:50:25 --> mysqli_sql_exception: Table 'wl.tag' doesn't exist in C:\xampp\htdocs\codi\system\Database\MySQLi\Connection.php:295
Stack trace:
#0 C:\xampp\htdocs\codi\system\Database\MySQLi\Connection.php(295): mysqli->query('SELECT *\nFROM `...', 0)
#1 C:\xampp\htdocs\codi\system\Database\BaseConnection.php(692): CodeIgniter\Database\MySQLi\Connection->execute('SELECT *\nFROM `...')
#2 C:\xampp\htdocs\codi\system\Database\BaseConnection.php(606): CodeIgniter\Database\BaseConnection->simpleQuery('SELECT *\nFROM `...')
#3 C:\xampp\htdocs\codi\system\Database\BaseBuilder.php(1616): CodeIgniter\Database\BaseConnection->query('SELECT *\nFROM `...', Array, false)
#4 C:\xampp\htdocs\codi\system\Model.php(203): CodeIgniter\Database\BaseBuilder->get()
#5 C:\xampp\htdocs\codi\system\BaseModel.php(557): CodeIgniter\Model->doFind(false, NULL)
#6 C:\xampp\htdocs\codi\app\Controllers\DesenhistaPost.php(1161): CodeIgniter\BaseModel->find()
#7 C:\xampp\htdocs\codi\system\CodeIgniter.php(934): App\Controllers\DesenhistaPost->desenho_tag_lista()
#8 C:\xampp\htdocs\codi\system\CodeIgniter.php(499): CodeIgniter\CodeIgniter->runController(Object(App\Controllers\DesenhistaPost))
#9 C:\xampp\htdocs\codi\system\CodeIgniter.php(368): CodeIgniter\CodeIgniter->handleRequest(NULL, Object(Config\Cache), false)
#10 C:\xampp\htdocs\codi\public\index.php(67): CodeIgniter\CodeIgniter->run()
#11 {main}
CRITICAL - 2023-10-26 21:50:25 --> Table 'wl.tag' doesn't exist
in SYSTEMPATH\Database\MySQLi\Connection.php on line 295.
 1 SYSTEMPATH\Database\MySQLi\Connection.php(295): mysqli->query('SELECT *
FROM `tag`', 0)
 2 SYSTEMPATH\Database\BaseConnection.php(692): CodeIgniter\Database\MySQLi\Connection->execute('SELECT *
FROM `tag`')
 3 SYSTEMPATH\Database\BaseConnection.php(606): CodeIgniter\Database\BaseConnection->simpleQuery('SELECT *
FROM `tag`')
 4 SYSTEMPATH\Database\BaseBuilder.php(1616): CodeIgniter\Database\BaseConnection->query('SELECT *
FROM `tag`', [], false)
 5 SYSTEMPATH\Model.php(203): CodeIgniter\Database\BaseBuilder->get()
 6 SYSTEMPATH\BaseModel.php(557): CodeIgniter\Model->doFind(false, null)
 7 APPPATH\Controllers\DesenhistaPost.php(1161): CodeIgniter\BaseModel->find()
 8 SYSTEMPATH\CodeIgniter.php(934): App\Controllers\DesenhistaPost->desenho_tag_lista()
 9 SYSTEMPATH\CodeIgniter.php(499): CodeIgniter\CodeIgniter->runController(Object(App\Controllers\DesenhistaPost))
10 SYSTEMPATH\CodeIgniter.php(368): CodeIgniter\CodeIgniter->handleRequest(null, Object(Config\Cache), false)
11 FCPATH\index.php(67): CodeIgniter\CodeIgniter->run()
ERROR - 2023-10-26 21:50:26 --> mysqli_sql_exception: Table 'wl.tag' doesn't exist in C:\xampp\htdocs\codi\system\Database\MySQLi\Connection.php:295
Stack trace:
#0 C:\xampp\htdocs\codi\system\Database\MySQLi\Connection.php(295): mysqli->query('SELECT *\nFROM `...', 0)
#1 C:\xampp\htdocs\codi\system\Database\BaseConnection.php(692): CodeIgniter\Database\MySQLi\Connection->execute('SELECT *\nFROM `...')
#2 C:\xampp\htdocs\codi\system\Database\BaseConnection.php(606): CodeIgniter\Database\BaseConnection->simpleQuery('SELECT *\nFROM `...')
#3 C:\xampp\htdocs\codi\system\Database\BaseBuilder.php(1616): CodeIgniter\Database\BaseConnection->query('SELECT *\nFROM `...', Array, false)
#4 C:\xampp\htdocs\codi\system\Model.php(203): CodeIgniter\Database\BaseBuilder->get()
#5 C:\xampp\htdocs\codi\system\BaseModel.php(557): CodeIgniter\Model->doFind(false, NULL)
#6 C:\xampp\htdocs\codi\app\Controllers\DesenhistaPost.php(1161): CodeIgniter\BaseModel->find()
#7 C:\xampp\htdocs\codi\system\CodeIgniter.php(934): App\Controllers\DesenhistaPost->desenho_tag_lista()
#8 C:\xampp\htdocs\codi\system\CodeIgniter.php(499): CodeIgniter\CodeIgniter->runController(Object(App\Controllers\DesenhistaPost))
#9 C:\xampp\htdocs\codi\system\CodeIgniter.php(368): CodeIgniter\CodeIgniter->handleRequest(NULL, Object(Config\Cache), false)
#10 C:\xampp\htdocs\codi\public\index.php(67): CodeIgniter\CodeIgniter->run()
#11 {main}
CRITICAL - 2023-10-26 21:50:26 --> Table 'wl.tag' doesn't exist
in SYSTEMPATH\Database\MySQLi\Connection.php on line 295.
 1 SYSTEMPATH\Database\MySQLi\Connection.php(295): mysqli->query('SELECT *
FROM `tag`', 0)
 2 SYSTEMPATH\Database\BaseConnection.php(692): CodeIgniter\Database\MySQLi\Connection->execute('SELECT *
FROM `tag`')
 3 SYSTEMPATH\Database\BaseConnection.php(606): CodeIgniter\Database\BaseConnection->simpleQuery('SELECT *
FROM `tag`')
 4 SYSTEMPATH\Database\BaseBuilder.php(1616): CodeIgniter\Database\BaseConnection->query('SELECT *
FROM `tag`', [], false)
 5 SYSTEMPATH\Model.php(203): CodeIgniter\Database\BaseBuilder->get()
 6 SYSTEMPATH\BaseModel.php(557): CodeIgniter\Model->doFind(false, null)
 7 APPPATH\Controllers\DesenhistaPost.php(1161): CodeIgniter\BaseModel->find()
 8 SYSTEMPATH\CodeIgniter.php(934): App\Controllers\DesenhistaPost->desenho_tag_lista()
 9 SYSTEMPATH\CodeIgniter.php(499): CodeIgniter\CodeIgniter->runController(Object(App\Controllers\DesenhistaPost))
10 SYSTEMPATH\CodeIgniter.php(368): CodeIgniter\CodeIgniter->handleRequest(null, Object(Config\Cache), false)
11 FCPATH\index.php(67): CodeIgniter\CodeIgniter->run()
ERROR - 2023-10-26 21:50:26 --> mysqli_sql_exception: Table 'wl.tag' doesn't exist in C:\xampp\htdocs\codi\system\Database\MySQLi\Connection.php:295
Stack trace:
#0 C:\xampp\htdocs\codi\system\Database\MySQLi\Connection.php(295): mysqli->query('SELECT *\nFROM `...', 0)
#1 C:\xampp\htdocs\codi\system\Database\BaseConnection.php(692): CodeIgniter\Database\MySQLi\Connection->execute('SELECT *\nFROM `...')
#2 C:\xampp\htdocs\codi\system\Database\BaseConnection.php(606): CodeIgniter\Database\BaseConnection->simpleQuery('SELECT *\nFROM `...')
#3 C:\xampp\htdocs\codi\system\Database\BaseBuilder.php(1616): CodeIgniter\Database\BaseConnection->query('SELECT *\nFROM `...', Array, false)
#4 C:\xampp\htdocs\codi\system\Model.php(203): CodeIgniter\Database\BaseBuilder->get()
#5 C:\xampp\htdocs\codi\system\BaseModel.php(557): CodeIgniter\Model->doFind(false, NULL)
#6 C:\xampp\htdocs\codi\app\Controllers\DesenhistaPost.php(1161): CodeIgniter\BaseModel->find()
#7 C:\xampp\htdocs\codi\system\CodeIgniter.php(934): App\Controllers\DesenhistaPost->desenho_tag_lista()
#8 C:\xampp\htdocs\codi\system\CodeIgniter.php(499): CodeIgniter\CodeIgniter->runController(Object(App\Controllers\DesenhistaPost))
#9 C:\xampp\htdocs\codi\system\CodeIgniter.php(368): CodeIgniter\CodeIgniter->handleRequest(NULL, Object(Config\Cache), false)
#10 C:\xampp\htdocs\codi\public\index.php(67): CodeIgniter\CodeIgniter->run()
#11 {main}
CRITICAL - 2023-10-26 21:50:26 --> Table 'wl.tag' doesn't exist
in SYSTEMPATH\Database\MySQLi\Connection.php on line 295.
 1 SYSTEMPATH\Database\MySQLi\Connection.php(295): mysqli->query('SELECT *
FROM `tag`', 0)
 2 SYSTEMPATH\Database\BaseConnection.php(692): CodeIgniter\Database\MySQLi\Connection->execute('SELECT *
FROM `tag`')
 3 SYSTEMPATH\Database\BaseConnection.php(606): CodeIgniter\Database\BaseConnection->simpleQuery('SELECT *
FROM `tag`')
 4 SYSTEMPATH\Database\BaseBuilder.php(1616): CodeIgniter\Database\BaseConnection->query('SELECT *
FROM `tag`', [], false)
 5 SYSTEMPATH\Model.php(203): CodeIgniter\Database\BaseBuilder->get()
 6 SYSTEMPATH\BaseModel.php(557): CodeIgniter\Model->doFind(false, null)
 7 APPPATH\Controllers\DesenhistaPost.php(1161): CodeIgniter\BaseModel->find()
 8 SYSTEMPATH\CodeIgniter.php(934): App\Controllers\DesenhistaPost->desenho_tag_lista()
 9 SYSTEMPATH\CodeIgniter.php(499): CodeIgniter\CodeIgniter->runController(Object(App\Controllers\DesenhistaPost))
10 SYSTEMPATH\CodeIgniter.php(368): CodeIgniter\CodeIgniter->handleRequest(null, Object(Config\Cache), false)
11 FCPATH\index.php(67): CodeIgniter\CodeIgniter->run()
ERROR - 2023-10-26 21:50:27 --> mysqli_sql_exception: Table 'wl.tag' doesn't exist in C:\xampp\htdocs\codi\system\Database\MySQLi\Connection.php:295
Stack trace:
#0 C:\xampp\htdocs\codi\system\Database\MySQLi\Connection.php(295): mysqli->query('SELECT *\nFROM `...', 0)
#1 C:\xampp\htdocs\codi\system\Database\BaseConnection.php(692): CodeIgniter\Database\MySQLi\Connection->execute('SELECT *\nFROM `...')
#2 C:\xampp\htdocs\codi\system\Database\BaseConnection.php(606): CodeIgniter\Database\BaseConnection->simpleQuery('SELECT *\nFROM `...')
#3 C:\xampp\htdocs\codi\system\Database\BaseBuilder.php(1616): CodeIgniter\Database\BaseConnection->query('SELECT *\nFROM `...', Array, false)
#4 C:\xampp\htdocs\codi\system\Model.php(203): CodeIgniter\Database\BaseBuilder->get()
#5 C:\xampp\htdocs\codi\system\BaseModel.php(557): CodeIgniter\Model->doFind(false, NULL)
#6 C:\xampp\htdocs\codi\app\Controllers\DesenhistaPost.php(1161): CodeIgniter\BaseModel->find()
#7 C:\xampp\htdocs\codi\system\CodeIgniter.php(934): App\Controllers\DesenhistaPost->desenho_tag_lista()
#8 C:\xampp\htdocs\codi\system\CodeIgniter.php(499): CodeIgniter\CodeIgniter->runController(Object(App\Controllers\DesenhistaPost))
#9 C:\xampp\htdocs\codi\system\CodeIgniter.php(368): CodeIgniter\CodeIgniter->handleRequest(NULL, Object(Config\Cache), false)
#10 C:\xampp\htdocs\codi\public\index.php(67): CodeIgniter\CodeIgniter->run()
#11 {main}
CRITICAL - 2023-10-26 21:50:27 --> Table 'wl.tag' doesn't exist
in SYSTEMPATH\Database\MySQLi\Connection.php on line 295.
 1 SYSTEMPATH\Database\MySQLi\Connection.php(295): mysqli->query('SELECT *
FROM `tag`', 0)
 2 SYSTEMPATH\Database\BaseConnection.php(692): CodeIgniter\Database\MySQLi\Connection->execute('SELECT *
FROM `tag`')
 3 SYSTEMPATH\Database\BaseConnection.php(606): CodeIgniter\Database\BaseConnection->simpleQuery('SELECT *
FROM `tag`')
 4 SYSTEMPATH\Database\BaseBuilder.php(1616): CodeIgniter\Database\BaseConnection->query('SELECT *
FROM `tag`', [], false)
 5 SYSTEMPATH\Model.php(203): CodeIgniter\Database\BaseBuilder->get()
 6 SYSTEMPATH\BaseModel.php(557): CodeIgniter\Model->doFind(false, null)
 7 APPPATH\Controllers\DesenhistaPost.php(1161): CodeIgniter\BaseModel->find()
 8 SYSTEMPATH\CodeIgniter.php(934): App\Controllers\DesenhistaPost->desenho_tag_lista()
 9 SYSTEMPATH\CodeIgniter.php(499): CodeIgniter\CodeIgniter->runController(Object(App\Controllers\DesenhistaPost))
10 SYSTEMPATH\CodeIgniter.php(368): CodeIgniter\CodeIgniter->handleRequest(null, Object(Config\Cache), false)
11 FCPATH\index.php(67): CodeIgniter\CodeIgniter->run()
ERROR - 2023-10-26 21:50:27 --> mysqli_sql_exception: Table 'wl.tag' doesn't exist in C:\xampp\htdocs\codi\system\Database\MySQLi\Connection.php:295
Stack trace:
#0 C:\xampp\htdocs\codi\system\Database\MySQLi\Connection.php(295): mysqli->query('SELECT *\nFROM `...', 0)
#1 C:\xampp\htdocs\codi\system\Database\BaseConnection.php(692): CodeIgniter\Database\MySQLi\Connection->execute('SELECT *\nFROM `...')
#2 C:\xampp\htdocs\codi\system\Database\BaseConnection.php(606): CodeIgniter\Database\BaseConnection->simpleQuery('SELECT *\nFROM `...')
#3 C:\xampp\htdocs\codi\system\Database\BaseBuilder.php(1616): CodeIgniter\Database\BaseConnection->query('SELECT *\nFROM `...', Array, false)
#4 C:\xampp\htdocs\codi\system\Model.php(203): CodeIgniter\Database\BaseBuilder->get()
#5 C:\xampp\htdocs\codi\system\BaseModel.php(557): CodeIgniter\Model->doFind(false, NULL)
#6 C:\xampp\htdocs\codi\app\Controllers\DesenhistaPost.php(1161): CodeIgniter\BaseModel->find()
#7 C:\xampp\htdocs\codi\system\CodeIgniter.php(934): App\Controllers\DesenhistaPost->desenho_tag_lista()
#8 C:\xampp\htdocs\codi\system\CodeIgniter.php(499): CodeIgniter\CodeIgniter->runController(Object(App\Controllers\DesenhistaPost))
#9 C:\xampp\htdocs\codi\system\CodeIgniter.php(368): CodeIgniter\CodeIgniter->handleRequest(NULL, Object(Config\Cache), false)
#10 C:\xampp\htdocs\codi\public\index.php(67): CodeIgniter\CodeIgniter->run()
#11 {main}
CRITICAL - 2023-10-26 21:50:27 --> Table 'wl.tag' doesn't exist
in SYSTEMPATH\Database\MySQLi\Connection.php on line 295.
 1 SYSTEMPATH\Database\MySQLi\Connection.php(295): mysqli->query('SELECT *
FROM `tag`', 0)
 2 SYSTEMPATH\Database\BaseConnection.php(692): CodeIgniter\Database\MySQLi\Connection->execute('SELECT *
FROM `tag`')
 3 SYSTEMPATH\Database\BaseConnection.php(606): CodeIgniter\Database\BaseConnection->simpleQuery('SELECT *
FROM `tag`')
 4 SYSTEMPATH\Database\BaseBuilder.php(1616): CodeIgniter\Database\BaseConnection->query('SELECT *
FROM `tag`', [], false)
 5 SYSTEMPATH\Model.php(203): CodeIgniter\Database\BaseBuilder->get()
 6 SYSTEMPATH\BaseModel.php(557): CodeIgniter\Model->doFind(false, null)
 7 APPPATH\Controllers\DesenhistaPost.php(1161): CodeIgniter\BaseModel->find()
 8 SYSTEMPATH\CodeIgniter.php(934): App\Controllers\DesenhistaPost->desenho_tag_lista()
 9 SYSTEMPATH\CodeIgniter.php(499): CodeIgniter\CodeIgniter->runController(Object(App\Controllers\DesenhistaPost))
10 SYSTEMPATH\CodeIgniter.php(368): CodeIgniter\CodeIgniter->handleRequest(null, Object(Config\Cache), false)
11 FCPATH\index.php(67): CodeIgniter\CodeIgniter->run()
ERROR - 2023-10-26 21:50:28 --> mysqli_sql_exception: Table 'wl.tag' doesn't exist in C:\xampp\htdocs\codi\system\Database\MySQLi\Connection.php:295
Stack trace:
#0 C:\xampp\htdocs\codi\system\Database\MySQLi\Connection.php(295): mysqli->query('SELECT *\nFROM `...', 0)
#1 C:\xampp\htdocs\codi\system\Database\BaseConnection.php(692): CodeIgniter\Database\MySQLi\Connection->execute('SELECT *\nFROM `...')
#2 C:\xampp\htdocs\codi\system\Database\BaseConnection.php(606): CodeIgniter\Database\BaseConnection->simpleQuery('SELECT *\nFROM `...')
#3 C:\xampp\htdocs\codi\system\Database\BaseBuilder.php(1616): CodeIgniter\Database\BaseConnection->query('SELECT *\nFROM `...', Array, false)
#4 C:\xampp\htdocs\codi\system\Model.php(203): CodeIgniter\Database\BaseBuilder->get()
#5 C:\xampp\htdocs\codi\system\BaseModel.php(557): CodeIgniter\Model->doFind(false, NULL)
#6 C:\xampp\htdocs\codi\app\Controllers\DesenhistaPost.php(1161): CodeIgniter\BaseModel->find()
#7 C:\xampp\htdocs\codi\system\CodeIgniter.php(934): App\Controllers\DesenhistaPost->desenho_tag_lista()
#8 C:\xampp\htdocs\codi\system\CodeIgniter.php(499): CodeIgniter\CodeIgniter->runController(Object(App\Controllers\DesenhistaPost))
#9 C:\xampp\htdocs\codi\system\CodeIgniter.php(368): CodeIgniter\CodeIgniter->handleRequest(NULL, Object(Config\Cache), false)
#10 C:\xampp\htdocs\codi\public\index.php(67): CodeIgniter\CodeIgniter->run()
#11 {main}
CRITICAL - 2023-10-26 21:50:28 --> Table 'wl.tag' doesn't exist
in SYSTEMPATH\Database\MySQLi\Connection.php on line 295.
 1 SYSTEMPATH\Database\MySQLi\Connection.php(295): mysqli->query('SELECT *
FROM `tag`', 0)
 2 SYSTEMPATH\Database\BaseConnection.php(692): CodeIgniter\Database\MySQLi\Connection->execute('SELECT *
FROM `tag`')
 3 SYSTEMPATH\Database\BaseConnection.php(606): CodeIgniter\Database\BaseConnection->simpleQuery('SELECT *
FROM `tag`')
 4 SYSTEMPATH\Database\BaseBuilder.php(1616): CodeIgniter\Database\BaseConnection->query('SELECT *
FROM `tag`', [], false)
 5 SYSTEMPATH\Model.php(203): CodeIgniter\Database\BaseBuilder->get()
 6 SYSTEMPATH\BaseModel.php(557): CodeIgniter\Model->doFind(false, null)
 7 APPPATH\Controllers\DesenhistaPost.php(1161): CodeIgniter\BaseModel->find()
 8 SYSTEMPATH\CodeIgniter.php(934): App\Controllers\DesenhistaPost->desenho_tag_lista()
 9 SYSTEMPATH\CodeIgniter.php(499): CodeIgniter\CodeIgniter->runController(Object(App\Controllers\DesenhistaPost))
10 SYSTEMPATH\CodeIgniter.php(368): CodeIgniter\CodeIgniter->handleRequest(null, Object(Config\Cache), false)
11 FCPATH\index.php(67): CodeIgniter\CodeIgniter->run()
ERROR - 2023-10-26 21:50:28 --> mysqli_sql_exception: Table 'wl.tag' doesn't exist in C:\xampp\htdocs\codi\system\Database\MySQLi\Connection.php:295
Stack trace:
#0 C:\xampp\htdocs\codi\system\Database\MySQLi\Connection.php(295): mysqli->query('SELECT *\nFROM `...', 0)
#1 C:\xampp\htdocs\codi\system\Database\BaseConnection.php(692): CodeIgniter\Database\MySQLi\Connection->execute('SELECT *\nFROM `...')
#2 C:\xampp\htdocs\codi\system\Database\BaseConnection.php(606): CodeIgniter\Database\BaseConnection->simpleQuery('SELECT *\nFROM `...')
#3 C:\xampp\htdocs\codi\system\Database\BaseBuilder.php(1616): CodeIgniter\Database\BaseConnection->query('SELECT *\nFROM `...', Array, false)
#4 C:\xampp\htdocs\codi\system\Model.php(203): CodeIgniter\Database\BaseBuilder->get()
#5 C:\xampp\htdocs\codi\system\BaseModel.php(557): CodeIgniter\Model->doFind(false, NULL)
#6 C:\xampp\htdocs\codi\app\Controllers\DesenhistaPost.php(1161): CodeIgniter\BaseModel->find()
#7 C:\xampp\htdocs\codi\system\CodeIgniter.php(934): App\Controllers\DesenhistaPost->desenho_tag_lista()
#8 C:\xampp\htdocs\codi\system\CodeIgniter.php(499): CodeIgniter\CodeIgniter->runController(Object(App\Controllers\DesenhistaPost))
#9 C:\xampp\htdocs\codi\system\CodeIgniter.php(368): CodeIgniter\CodeIgniter->handleRequest(NULL, Object(Config\Cache), false)
#10 C:\xampp\htdocs\codi\public\index.php(67): CodeIgniter\CodeIgniter->run()
#11 {main}
CRITICAL - 2023-10-26 21:50:28 --> Table 'wl.tag' doesn't exist
in SYSTEMPATH\Database\MySQLi\Connection.php on line 295.
 1 SYSTEMPATH\Database\MySQLi\Connection.php(295): mysqli->query('SELECT *
FROM `tag`', 0)
 2 SYSTEMPATH\Database\BaseConnection.php(692): CodeIgniter\Database\MySQLi\Connection->execute('SELECT *
FROM `tag`')
 3 SYSTEMPATH\Database\BaseConnection.php(606): CodeIgniter\Database\BaseConnection->simpleQuery('SELECT *
FROM `tag`')
 4 SYSTEMPATH\Database\BaseBuilder.php(1616): CodeIgniter\Database\BaseConnection->query('SELECT *
FROM `tag`', [], false)
 5 SYSTEMPATH\Model.php(203): CodeIgniter\Database\BaseBuilder->get()
 6 SYSTEMPATH\BaseModel.php(557): CodeIgniter\Model->doFind(false, null)
 7 APPPATH\Controllers\DesenhistaPost.php(1161): CodeIgniter\BaseModel->find()
 8 SYSTEMPATH\CodeIgniter.php(934): App\Controllers\DesenhistaPost->desenho_tag_lista()
 9 SYSTEMPATH\CodeIgniter.php(499): CodeIgniter\CodeIgniter->runController(Object(App\Controllers\DesenhistaPost))
10 SYSTEMPATH\CodeIgniter.php(368): CodeIgniter\CodeIgniter->handleRequest(null, Object(Config\Cache), false)
11 FCPATH\index.php(67): CodeIgniter\CodeIgniter->run()
ERROR - 2023-10-26 21:50:29 --> mysqli_sql_exception: Table 'wl.tag' doesn't exist in C:\xampp\htdocs\codi\system\Database\MySQLi\Connection.php:295
Stack trace:
#0 C:\xampp\htdocs\codi\system\Database\MySQLi\Connection.php(295): mysqli->query('SELECT *\nFROM `...', 0)
#1 C:\xampp\htdocs\codi\system\Database\BaseConnection.php(692): CodeIgniter\Database\MySQLi\Connection->execute('SELECT *\nFROM `...')
#2 C:\xampp\htdocs\codi\system\Database\BaseConnection.php(606): CodeIgniter\Database\BaseConnection->simpleQuery('SELECT *\nFROM `...')
#3 C:\xampp\htdocs\codi\system\Database\BaseBuilder.php(1616): CodeIgniter\Database\BaseConnection->query('SELECT *\nFROM `...', Array, false)
#4 C:\xampp\htdocs\codi\system\Model.php(203): CodeIgniter\Database\BaseBuilder->get()
#5 C:\xampp\htdocs\codi\system\BaseModel.php(557): CodeIgniter\Model->doFind(false, NULL)
#6 C:\xampp\htdocs\codi\app\Controllers\DesenhistaPost.php(1161): CodeIgniter\BaseModel->find()
#7 C:\xampp\htdocs\codi\system\CodeIgniter.php(934): App\Controllers\DesenhistaPost->desenho_tag_lista()
#8 C:\xampp\htdocs\codi\system\CodeIgniter.php(499): CodeIgniter\CodeIgniter->runController(Object(App\Controllers\DesenhistaPost))
#9 C:\xampp\htdocs\codi\system\CodeIgniter.php(368): CodeIgniter\CodeIgniter->handleRequest(NULL, Object(Config\Cache), false)
#10 C:\xampp\htdocs\codi\public\index.php(67): CodeIgniter\CodeIgniter->run()
#11 {main}
CRITICAL - 2023-10-26 21:50:29 --> Table 'wl.tag' doesn't exist
in SYSTEMPATH\Database\MySQLi\Connection.php on line 295.
 1 SYSTEMPATH\Database\MySQLi\Connection.php(295): mysqli->query('SELECT *
FROM `tag`', 0)
 2 SYSTEMPATH\Database\BaseConnection.php(692): CodeIgniter\Database\MySQLi\Connection->execute('SELECT *
FROM `tag`')
 3 SYSTEMPATH\Database\BaseConnection.php(606): CodeIgniter\Database\BaseConnection->simpleQuery('SELECT *
FROM `tag`')
 4 SYSTEMPATH\Database\BaseBuilder.php(1616): CodeIgniter\Database\BaseConnection->query('SELECT *
FROM `tag`', [], false)
 5 SYSTEMPATH\Model.php(203): CodeIgniter\Database\BaseBuilder->get()
 6 SYSTEMPATH\BaseModel.php(557): CodeIgniter\Model->doFind(false, null)
 7 APPPATH\Controllers\DesenhistaPost.php(1161): CodeIgniter\BaseModel->find()
 8 SYSTEMPATH\CodeIgniter.php(934): App\Controllers\DesenhistaPost->desenho_tag_lista()
 9 SYSTEMPATH\CodeIgniter.php(499): CodeIgniter\CodeIgniter->runController(Object(App\Controllers\DesenhistaPost))
10 SYSTEMPATH\CodeIgniter.php(368): CodeIgniter\CodeIgniter->handleRequest(null, Object(Config\Cache), false)
11 FCPATH\index.php(67): CodeIgniter\CodeIgniter->run()
ERROR - 2023-10-26 21:50:29 --> mysqli_sql_exception: Table 'wl.tag' doesn't exist in C:\xampp\htdocs\codi\system\Database\MySQLi\Connection.php:295
Stack trace:
#0 C:\xampp\htdocs\codi\system\Database\MySQLi\Connection.php(295): mysqli->query('SELECT *\nFROM `...', 0)
#1 C:\xampp\htdocs\codi\system\Database\BaseConnection.php(692): CodeIgniter\Database\MySQLi\Connection->execute('SELECT *\nFROM `...')
#2 C:\xampp\htdocs\codi\system\Database\BaseConnection.php(606): CodeIgniter\Database\BaseConnection->simpleQuery('SELECT *\nFROM `...')
#3 C:\xampp\htdocs\codi\system\Database\BaseBuilder.php(1616): CodeIgniter\Database\BaseConnection->query('SELECT *\nFROM `...', Array, false)
#4 C:\xampp\htdocs\codi\system\Model.php(203): CodeIgniter\Database\BaseBuilder->get()
#5 C:\xampp\htdocs\codi\system\BaseModel.php(557): CodeIgniter\Model->doFind(false, NULL)
#6 C:\xampp\htdocs\codi\app\Controllers\DesenhistaPost.php(1161): CodeIgniter\BaseModel->find()
#7 C:\xampp\htdocs\codi\system\CodeIgniter.php(934): App\Controllers\DesenhistaPost->desenho_tag_lista()
#8 C:\xampp\htdocs\codi\system\CodeIgniter.php(499): CodeIgniter\CodeIgniter->runController(Object(App\Controllers\DesenhistaPost))
#9 C:\xampp\htdocs\codi\system\CodeIgniter.php(368): CodeIgniter\CodeIgniter->handleRequest(NULL, Object(Config\Cache), false)
#10 C:\xampp\htdocs\codi\public\index.php(67): CodeIgniter\CodeIgniter->run()
#11 {main}
CRITICAL - 2023-10-26 21:50:29 --> Table 'wl.tag' doesn't exist
in SYSTEMPATH\Database\MySQLi\Connection.php on line 295.
 1 SYSTEMPATH\Database\MySQLi\Connection.php(295): mysqli->query('SELECT *
FROM `tag`', 0)
 2 SYSTEMPATH\Database\BaseConnection.php(692): CodeIgniter\Database\MySQLi\Connection->execute('SELECT *
FROM `tag`')
 3 SYSTEMPATH\Database\BaseConnection.php(606): CodeIgniter\Database\BaseConnection->simpleQuery('SELECT *
FROM `tag`')
 4 SYSTEMPATH\Database\BaseBuilder.php(1616): CodeIgniter\Database\BaseConnection->query('SELECT *
FROM `tag`', [], false)
 5 SYSTEMPATH\Model.php(203): CodeIgniter\Database\BaseBuilder->get()
 6 SYSTEMPATH\BaseModel.php(557): CodeIgniter\Model->doFind(false, null)
 7 APPPATH\Controllers\DesenhistaPost.php(1161): CodeIgniter\BaseModel->find()
 8 SYSTEMPATH\CodeIgniter.php(934): App\Controllers\DesenhistaPost->desenho_tag_lista()
 9 SYSTEMPATH\CodeIgniter.php(499): CodeIgniter\CodeIgniter->runController(Object(App\Controllers\DesenhistaPost))
10 SYSTEMPATH\CodeIgniter.php(368): CodeIgniter\CodeIgniter->handleRequest(null, Object(Config\Cache), false)
11 FCPATH\index.php(67): CodeIgniter\CodeIgniter->run()
ERROR - 2023-10-26 21:50:30 --> mysqli_sql_exception: Table 'wl.tag' doesn't exist in C:\xampp\htdocs\codi\system\Database\MySQLi\Connection.php:295
Stack trace:
#0 C:\xampp\htdocs\codi\system\Database\MySQLi\Connection.php(295): mysqli->query('SELECT *\nFROM `...', 0)
#1 C:\xampp\htdocs\codi\system\Database\BaseConnection.php(692): CodeIgniter\Database\MySQLi\Connection->execute('SELECT *\nFROM `...')
#2 C:\xampp\htdocs\codi\system\Database\BaseConnection.php(606): CodeIgniter\Database\BaseConnection->simpleQuery('SELECT *\nFROM `...')
#3 C:\xampp\htdocs\codi\system\Database\BaseBuilder.php(1616): CodeIgniter\Database\BaseConnection->query('SELECT *\nFROM `...', Array, false)
#4 C:\xampp\htdocs\codi\system\Model.php(203): CodeIgniter\Database\BaseBuilder->get()
#5 C:\xampp\htdocs\codi\system\BaseModel.php(557): CodeIgniter\Model->doFind(false, NULL)
#6 C:\xampp\htdocs\codi\app\Controllers\DesenhistaPost.php(1161): CodeIgniter\BaseModel->find()
#7 C:\xampp\htdocs\codi\system\CodeIgniter.php(934): App\Controllers\DesenhistaPost->desenho_tag_lista()
#8 C:\xampp\htdocs\codi\system\CodeIgniter.php(499): CodeIgniter\CodeIgniter->runController(Object(App\Controllers\DesenhistaPost))
#9 C:\xampp\htdocs\codi\system\CodeIgniter.php(368): CodeIgniter\CodeIgniter->handleRequest(NULL, Object(Config\Cache), false)
#10 C:\xampp\htdocs\codi\public\index.php(67): CodeIgniter\CodeIgniter->run()
#11 {main}
CRITICAL - 2023-10-26 21:50:30 --> Table 'wl.tag' doesn't exist
in SYSTEMPATH\Database\MySQLi\Connection.php on line 295.
 1 SYSTEMPATH\Database\MySQLi\Connection.php(295): mysqli->query('SELECT *
FROM `tag`', 0)
 2 SYSTEMPATH\Database\BaseConnection.php(692): CodeIgniter\Database\MySQLi\Connection->execute('SELECT *
FROM `tag`')
 3 SYSTEMPATH\Database\BaseConnection.php(606): CodeIgniter\Database\BaseConnection->simpleQuery('SELECT *
FROM `tag`')
 4 SYSTEMPATH\Database\BaseBuilder.php(1616): CodeIgniter\Database\BaseConnection->query('SELECT *
FROM `tag`', [], false)
 5 SYSTEMPATH\Model.php(203): CodeIgniter\Database\BaseBuilder->get()
 6 SYSTEMPATH\BaseModel.php(557): CodeIgniter\Model->doFind(false, null)
 7 APPPATH\Controllers\DesenhistaPost.php(1161): CodeIgniter\BaseModel->find()
 8 SYSTEMPATH\CodeIgniter.php(934): App\Controllers\DesenhistaPost->desenho_tag_lista()
 9 SYSTEMPATH\CodeIgniter.php(499): CodeIgniter\CodeIgniter->runController(Object(App\Controllers\DesenhistaPost))
10 SYSTEMPATH\CodeIgniter.php(368): CodeIgniter\CodeIgniter->handleRequest(null, Object(Config\Cache), false)
11 FCPATH\index.php(67): CodeIgniter\CodeIgniter->run()
ERROR - 2023-10-26 21:50:30 --> mysqli_sql_exception: Table 'wl.tag' doesn't exist in C:\xampp\htdocs\codi\system\Database\MySQLi\Connection.php:295
Stack trace:
#0 C:\xampp\htdocs\codi\system\Database\MySQLi\Connection.php(295): mysqli->query('SELECT *\nFROM `...', 0)
#1 C:\xampp\htdocs\codi\system\Database\BaseConnection.php(692): CodeIgniter\Database\MySQLi\Connection->execute('SELECT *\nFROM `...')
#2 C:\xampp\htdocs\codi\system\Database\BaseConnection.php(606): CodeIgniter\Database\BaseConnection->simpleQuery('SELECT *\nFROM `...')
#3 C:\xampp\htdocs\codi\system\Database\BaseBuilder.php(1616): CodeIgniter\Database\BaseConnection->query('SELECT *\nFROM `...', Array, false)
#4 C:\xampp\htdocs\codi\system\Model.php(203): CodeIgniter\Database\BaseBuilder->get()
#5 C:\xampp\htdocs\codi\system\BaseModel.php(557): CodeIgniter\Model->doFind(false, NULL)
#6 C:\xampp\htdocs\codi\app\Controllers\DesenhistaPost.php(1161): CodeIgniter\BaseModel->find()
#7 C:\xampp\htdocs\codi\system\CodeIgniter.php(934): App\Controllers\DesenhistaPost->desenho_tag_lista()
#8 C:\xampp\htdocs\codi\system\CodeIgniter.php(499): CodeIgniter\CodeIgniter->runController(Object(App\Controllers\DesenhistaPost))
#9 C:\xampp\htdocs\codi\system\CodeIgniter.php(368): CodeIgniter\CodeIgniter->handleRequest(NULL, Object(Config\Cache), false)
#10 C:\xampp\htdocs\codi\public\index.php(67): CodeIgniter\CodeIgniter->run()
#11 {main}
CRITICAL - 2023-10-26 21:50:30 --> Table 'wl.tag' doesn't exist
in SYSTEMPATH\Database\MySQLi\Connection.php on line 295.
 1 SYSTEMPATH\Database\MySQLi\Connection.php(295): mysqli->query('SELECT *
FROM `tag`', 0)
 2 SYSTEMPATH\Database\BaseConnection.php(692): CodeIgniter\Database\MySQLi\Connection->execute('SELECT *
FROM `tag`')
 3 SYSTEMPATH\Database\BaseConnection.php(606): CodeIgniter\Database\BaseConnection->simpleQuery('SELECT *
FROM `tag`')
 4 SYSTEMPATH\Database\BaseBuilder.php(1616): CodeIgniter\Database\BaseConnection->query('SELECT *
FROM `tag`', [], false)
 5 SYSTEMPATH\Model.php(203): CodeIgniter\Database\BaseBuilder->get()
 6 SYSTEMPATH\BaseModel.php(557): CodeIgniter\Model->doFind(false, null)
 7 APPPATH\Controllers\DesenhistaPost.php(1161): CodeIgniter\BaseModel->find()
 8 SYSTEMPATH\CodeIgniter.php(934): App\Controllers\DesenhistaPost->desenho_tag_lista()
 9 SYSTEMPATH\CodeIgniter.php(499): CodeIgniter\CodeIgniter->runController(Object(App\Controllers\DesenhistaPost))
10 SYSTEMPATH\CodeIgniter.php(368): CodeIgniter\CodeIgniter->handleRequest(null, Object(Config\Cache), false)
11 FCPATH\index.php(67): CodeIgniter\CodeIgniter->run()
ERROR - 2023-10-26 21:50:31 --> mysqli_sql_exception: Table 'wl.tag' doesn't exist in C:\xampp\htdocs\codi\system\Database\MySQLi\Connection.php:295
Stack trace:
#0 C:\xampp\htdocs\codi\system\Database\MySQLi\Connection.php(295): mysqli->query('SELECT *\nFROM `...', 0)
#1 C:\xampp\htdocs\codi\system\Database\BaseConnection.php(692): CodeIgniter\Database\MySQLi\Connection->execute('SELECT *\nFROM `...')
#2 C:\xampp\htdocs\codi\system\Database\BaseConnection.php(606): CodeIgniter\Database\BaseConnection->simpleQuery('SELECT *\nFROM `...')
#3 C:\xampp\htdocs\codi\system\Database\BaseBuilder.php(1616): CodeIgniter\Database\BaseConnection->query('SELECT *\nFROM `...', Array, false)
#4 C:\xampp\htdocs\codi\system\Model.php(203): CodeIgniter\Database\BaseBuilder->get()
#5 C:\xampp\htdocs\codi\system\BaseModel.php(557): CodeIgniter\Model->doFind(false, NULL)
#6 C:\xampp\htdocs\codi\app\Controllers\DesenhistaPost.php(1161): CodeIgniter\BaseModel->find()
#7 C:\xampp\htdocs\codi\system\CodeIgniter.php(934): App\Controllers\DesenhistaPost->desenho_tag_lista()
#8 C:\xampp\htdocs\codi\system\CodeIgniter.php(499): CodeIgniter\CodeIgniter->runController(Object(App\Controllers\DesenhistaPost))
#9 C:\xampp\htdocs\codi\system\CodeIgniter.php(368): CodeIgniter\CodeIgniter->handleRequest(NULL, Object(Config\Cache), false)
#10 C:\xampp\htdocs\codi\public\index.php(67): CodeIgniter\CodeIgniter->run()
#11 {main}
CRITICAL - 2023-10-26 21:50:31 --> Table 'wl.tag' doesn't exist
in SYSTEMPATH\Database\MySQLi\Connection.php on line 295.
 1 SYSTEMPATH\Database\MySQLi\Connection.php(295): mysqli->query('SELECT *
FROM `tag`', 0)
 2 SYSTEMPATH\Database\BaseConnection.php(692): CodeIgniter\Database\MySQLi\Connection->execute('SELECT *
FROM `tag`')
 3 SYSTEMPATH\Database\BaseConnection.php(606): CodeIgniter\Database\BaseConnection->simpleQuery('SELECT *
FROM `tag`')
 4 SYSTEMPATH\Database\BaseBuilder.php(1616): CodeIgniter\Database\BaseConnection->query('SELECT *
FROM `tag`', [], false)
 5 SYSTEMPATH\Model.php(203): CodeIgniter\Database\BaseBuilder->get()
 6 SYSTEMPATH\BaseModel.php(557): CodeIgniter\Model->doFind(false, null)
 7 APPPATH\Controllers\DesenhistaPost.php(1161): CodeIgniter\BaseModel->find()
 8 SYSTEMPATH\CodeIgniter.php(934): App\Controllers\DesenhistaPost->desenho_tag_lista()
 9 SYSTEMPATH\CodeIgniter.php(499): CodeIgniter\CodeIgniter->runController(Object(App\Controllers\DesenhistaPost))
10 SYSTEMPATH\CodeIgniter.php(368): CodeIgniter\CodeIgniter->handleRequest(null, Object(Config\Cache), false)
11 FCPATH\index.php(67): CodeIgniter\CodeIgniter->run()
ERROR - 2023-10-26 21:50:31 --> mysqli_sql_exception: Table 'wl.tag' doesn't exist in C:\xampp\htdocs\codi\system\Database\MySQLi\Connection.php:295
Stack trace:
#0 C:\xampp\htdocs\codi\system\Database\MySQLi\Connection.php(295): mysqli->query('SELECT *\nFROM `...', 0)
#1 C:\xampp\htdocs\codi\system\Database\BaseConnection.php(692): CodeIgniter\Database\MySQLi\Connection->execute('SELECT *\nFROM `...')
#2 C:\xampp\htdocs\codi\system\Database\BaseConnection.php(606): CodeIgniter\Database\BaseConnection->simpleQuery('SELECT *\nFROM `...')
#3 C:\xampp\htdocs\codi\system\Database\BaseBuilder.php(1616): CodeIgniter\Database\BaseConnection->query('SELECT *\nFROM `...', Array, false)
#4 C:\xampp\htdocs\codi\system\Model.php(203): CodeIgniter\Database\BaseBuilder->get()
#5 C:\xampp\htdocs\codi\system\BaseModel.php(557): CodeIgniter\Model->doFind(false, NULL)
#6 C:\xampp\htdocs\codi\app\Controllers\DesenhistaPost.php(1161): CodeIgniter\BaseModel->find()
#7 C:\xampp\htdocs\codi\system\CodeIgniter.php(934): App\Controllers\DesenhistaPost->desenho_tag_lista()
#8 C:\xampp\htdocs\codi\system\CodeIgniter.php(499): CodeIgniter\CodeIgniter->runController(Object(App\Controllers\DesenhistaPost))
#9 C:\xampp\htdocs\codi\system\CodeIgniter.php(368): CodeIgniter\CodeIgniter->handleRequest(NULL, Object(Config\Cache), false)
#10 C:\xampp\htdocs\codi\public\index.php(67): CodeIgniter\CodeIgniter->run()
#11 {main}
CRITICAL - 2023-10-26 21:50:31 --> Table 'wl.tag' doesn't exist
in SYSTEMPATH\Database\MySQLi\Connection.php on line 295.
 1 SYSTEMPATH\Database\MySQLi\Connection.php(295): mysqli->query('SELECT *
FROM `tag`', 0)
 2 SYSTEMPATH\Database\BaseConnection.php(692): CodeIgniter\Database\MySQLi\Connection->execute('SELECT *
FROM `tag`')
 3 SYSTEMPATH\Database\BaseConnection.php(606): CodeIgniter\Database\BaseConnection->simpleQuery('SELECT *
FROM `tag`')
 4 SYSTEMPATH\Database\BaseBuilder.php(1616): CodeIgniter\Database\BaseConnection->query('SELECT *
FROM `tag`', [], false)
 5 SYSTEMPATH\Model.php(203): CodeIgniter\Database\BaseBuilder->get()
 6 SYSTEMPATH\BaseModel.php(557): CodeIgniter\Model->doFind(false, null)
 7 APPPATH\Controllers\DesenhistaPost.php(1161): CodeIgniter\BaseModel->find()
 8 SYSTEMPATH\CodeIgniter.php(934): App\Controllers\DesenhistaPost->desenho_tag_lista()
 9 SYSTEMPATH\CodeIgniter.php(499): CodeIgniter\CodeIgniter->runController(Object(App\Controllers\DesenhistaPost))
10 SYSTEMPATH\CodeIgniter.php(368): CodeIgniter\CodeIgniter->handleRequest(null, Object(Config\Cache), false)
11 FCPATH\index.php(67): CodeIgniter\CodeIgniter->run()
ERROR - 2023-10-26 21:50:32 --> mysqli_sql_exception: Table 'wl.tag' doesn't exist in C:\xampp\htdocs\codi\system\Database\MySQLi\Connection.php:295
Stack trace:
#0 C:\xampp\htdocs\codi\system\Database\MySQLi\Connection.php(295): mysqli->query('SELECT *\nFROM `...', 0)
#1 C:\xampp\htdocs\codi\system\Database\BaseConnection.php(692): CodeIgniter\Database\MySQLi\Connection->execute('SELECT *\nFROM `...')
#2 C:\xampp\htdocs\codi\system\Database\BaseConnection.php(606): CodeIgniter\Database\BaseConnection->simpleQuery('SELECT *\nFROM `...')
#3 C:\xampp\htdocs\codi\system\Database\BaseBuilder.php(1616): CodeIgniter\Database\BaseConnection->query('SELECT *\nFROM `...', Array, false)
#4 C:\xampp\htdocs\codi\system\Model.php(203): CodeIgniter\Database\BaseBuilder->get()
#5 C:\xampp\htdocs\codi\system\BaseModel.php(557): CodeIgniter\Model->doFind(false, NULL)
#6 C:\xampp\htdocs\codi\app\Controllers\DesenhistaPost.php(1161): CodeIgniter\BaseModel->find()
#7 C:\xampp\htdocs\codi\system\CodeIgniter.php(934): App\Controllers\DesenhistaPost->desenho_tag_lista()
#8 C:\xampp\htdocs\codi\system\CodeIgniter.php(499): CodeIgniter\CodeIgniter->runController(Object(App\Controllers\DesenhistaPost))
#9 C:\xampp\htdocs\codi\system\CodeIgniter.php(368): CodeIgniter\CodeIgniter->handleRequest(NULL, Object(Config\Cache), false)
#10 C:\xampp\htdocs\codi\public\index.php(67): CodeIgniter\CodeIgniter->run()
#11 {main}
CRITICAL - 2023-10-26 21:50:32 --> Table 'wl.tag' doesn't exist
in SYSTEMPATH\Database\MySQLi\Connection.php on line 295.
 1 SYSTEMPATH\Database\MySQLi\Connection.php(295): mysqli->query('SELECT *
FROM `tag`', 0)
 2 SYSTEMPATH\Database\BaseConnection.php(692): CodeIgniter\Database\MySQLi\Connection->execute('SELECT *
FROM `tag`')
 3 SYSTEMPATH\Database\BaseConnection.php(606): CodeIgniter\Database\BaseConnection->simpleQuery('SELECT *
FROM `tag`')
 4 SYSTEMPATH\Database\BaseBuilder.php(1616): CodeIgniter\Database\BaseConnection->query('SELECT *
FROM `tag`', [], false)
 5 SYSTEMPATH\Model.php(203): CodeIgniter\Database\BaseBuilder->get()
 6 SYSTEMPATH\BaseModel.php(557): CodeIgniter\Model->doFind(false, null)
 7 APPPATH\Controllers\DesenhistaPost.php(1161): CodeIgniter\BaseModel->find()
 8 SYSTEMPATH\CodeIgniter.php(934): App\Controllers\DesenhistaPost->desenho_tag_lista()
 9 SYSTEMPATH\CodeIgniter.php(499): CodeIgniter\CodeIgniter->runController(Object(App\Controllers\DesenhistaPost))
10 SYSTEMPATH\CodeIgniter.php(368): CodeIgniter\CodeIgniter->handleRequest(null, Object(Config\Cache), false)
11 FCPATH\index.php(67): CodeIgniter\CodeIgniter->run()
ERROR - 2023-10-26 21:50:32 --> mysqli_sql_exception: Table 'wl.tag' doesn't exist in C:\xampp\htdocs\codi\system\Database\MySQLi\Connection.php:295
Stack trace:
#0 C:\xampp\htdocs\codi\system\Database\MySQLi\Connection.php(295): mysqli->query('SELECT *\nFROM `...', 0)
#1 C:\xampp\htdocs\codi\system\Database\BaseConnection.php(692): CodeIgniter\Database\MySQLi\Connection->execute('SELECT *\nFROM `...')
#2 C:\xampp\htdocs\codi\system\Database\BaseConnection.php(606): CodeIgniter\Database\BaseConnection->simpleQuery('SELECT *\nFROM `...')
#3 C:\xampp\htdocs\codi\system\Database\BaseBuilder.php(1616): CodeIgniter\Database\BaseConnection->query('SELECT *\nFROM `...', Array, false)
#4 C:\xampp\htdocs\codi\system\Model.php(203): CodeIgniter\Database\BaseBuilder->get()
#5 C:\xampp\htdocs\codi\system\BaseModel.php(557): CodeIgniter\Model->doFind(false, NULL)
#6 C:\xampp\htdocs\codi\app\Controllers\DesenhistaPost.php(1161): CodeIgniter\BaseModel->find()
#7 C:\xampp\htdocs\codi\system\CodeIgniter.php(934): App\Controllers\DesenhistaPost->desenho_tag_lista()
#8 C:\xampp\htdocs\codi\system\CodeIgniter.php(499): CodeIgniter\CodeIgniter->runController(Object(App\Controllers\DesenhistaPost))
#9 C:\xampp\htdocs\codi\system\CodeIgniter.php(368): CodeIgniter\CodeIgniter->handleRequest(NULL, Object(Config\Cache), false)
#10 C:\xampp\htdocs\codi\public\index.php(67): CodeIgniter\CodeIgniter->run()
#11 {main}
CRITICAL - 2023-10-26 21:50:32 --> Table 'wl.tag' doesn't exist
in SYSTEMPATH\Database\MySQLi\Connection.php on line 295.
 1 SYSTEMPATH\Database\MySQLi\Connection.php(295): mysqli->query('SELECT *
FROM `tag`', 0)
 2 SYSTEMPATH\Database\BaseConnection.php(692): CodeIgniter\Database\MySQLi\Connection->execute('SELECT *
FROM `tag`')
 3 SYSTEMPATH\Database\BaseConnection.php(606): CodeIgniter\Database\BaseConnection->simpleQuery('SELECT *
FROM `tag`')
 4 SYSTEMPATH\Database\BaseBuilder.php(1616): CodeIgniter\Database\BaseConnection->query('SELECT *
FROM `tag`', [], false)
 5 SYSTEMPATH\Model.php(203): CodeIgniter\Database\BaseBuilder->get()
 6 SYSTEMPATH\BaseModel.php(557): CodeIgniter\Model->doFind(false, null)
 7 APPPATH\Controllers\DesenhistaPost.php(1161): CodeIgniter\BaseModel->find()
 8 SYSTEMPATH\CodeIgniter.php(934): App\Controllers\DesenhistaPost->desenho_tag_lista()
 9 SYSTEMPATH\CodeIgniter.php(499): CodeIgniter\CodeIgniter->runController(Object(App\Controllers\DesenhistaPost))
10 SYSTEMPATH\CodeIgniter.php(368): CodeIgniter\CodeIgniter->handleRequest(null, Object(Config\Cache), false)
11 FCPATH\index.php(67): CodeIgniter\CodeIgniter->run()
ERROR - 2023-10-26 21:50:33 --> mysqli_sql_exception: Table 'wl.tag' doesn't exist in C:\xampp\htdocs\codi\system\Database\MySQLi\Connection.php:295
Stack trace:
#0 C:\xampp\htdocs\codi\system\Database\MySQLi\Connection.php(295): mysqli->query('SELECT *\nFROM `...', 0)
#1 C:\xampp\htdocs\codi\system\Database\BaseConnection.php(692): CodeIgniter\Database\MySQLi\Connection->execute('SELECT *\nFROM `...')
#2 C:\xampp\htdocs\codi\system\Database\BaseConnection.php(606): CodeIgniter\Database\BaseConnection->simpleQuery('SELECT *\nFROM `...')
#3 C:\xampp\htdocs\codi\system\Database\BaseBuilder.php(1616): CodeIgniter\Database\BaseConnection->query('SELECT *\nFROM `...', Array, false)
#4 C:\xampp\htdocs\codi\system\Model.php(203): CodeIgniter\Database\BaseBuilder->get()
#5 C:\xampp\htdocs\codi\system\BaseModel.php(557): CodeIgniter\Model->doFind(false, NULL)
#6 C:\xampp\htdocs\codi\app\Controllers\DesenhistaPost.php(1161): CodeIgniter\BaseModel->find()
#7 C:\xampp\htdocs\codi\system\CodeIgniter.php(934): App\Controllers\DesenhistaPost->desenho_tag_lista()
#8 C:\xampp\htdocs\codi\system\CodeIgniter.php(499): CodeIgniter\CodeIgniter->runController(Object(App\Controllers\DesenhistaPost))
#9 C:\xampp\htdocs\codi\system\CodeIgniter.php(368): CodeIgniter\CodeIgniter->handleRequest(NULL, Object(Config\Cache), false)
#10 C:\xampp\htdocs\codi\public\index.php(67): CodeIgniter\CodeIgniter->run()
#11 {main}
CRITICAL - 2023-10-26 21:50:33 --> Table 'wl.tag' doesn't exist
in SYSTEMPATH\Database\MySQLi\Connection.php on line 295.
 1 SYSTEMPATH\Database\MySQLi\Connection.php(295): mysqli->query('SELECT *
FROM `tag`', 0)
 2 SYSTEMPATH\Database\BaseConnection.php(692): CodeIgniter\Database\MySQLi\Connection->execute('SELECT *
FROM `tag`')
 3 SYSTEMPATH\Database\BaseConnection.php(606): CodeIgniter\Database\BaseConnection->simpleQuery('SELECT *
FROM `tag`')
 4 SYSTEMPATH\Database\BaseBuilder.php(1616): CodeIgniter\Database\BaseConnection->query('SELECT *
FROM `tag`', [], false)
 5 SYSTEMPATH\Model.php(203): CodeIgniter\Database\BaseBuilder->get()
 6 SYSTEMPATH\BaseModel.php(557): CodeIgniter\Model->doFind(false, null)
 7 APPPATH\Controllers\DesenhistaPost.php(1161): CodeIgniter\BaseModel->find()
 8 SYSTEMPATH\CodeIgniter.php(934): App\Controllers\DesenhistaPost->desenho_tag_lista()
 9 SYSTEMPATH\CodeIgniter.php(499): CodeIgniter\CodeIgniter->runController(Object(App\Controllers\DesenhistaPost))
10 SYSTEMPATH\CodeIgniter.php(368): CodeIgniter\CodeIgniter->handleRequest(null, Object(Config\Cache), false)
11 FCPATH\index.php(67): CodeIgniter\CodeIgniter->run()
ERROR - 2023-10-26 21:50:33 --> mysqli_sql_exception: Table 'wl.tag' doesn't exist in C:\xampp\htdocs\codi\system\Database\MySQLi\Connection.php:295
Stack trace:
#0 C:\xampp\htdocs\codi\system\Database\MySQLi\Connection.php(295): mysqli->query('SELECT *\nFROM `...', 0)
#1 C:\xampp\htdocs\codi\system\Database\BaseConnection.php(692): CodeIgniter\Database\MySQLi\Connection->execute('SELECT *\nFROM `...')
#2 C:\xampp\htdocs\codi\system\Database\BaseConnection.php(606): CodeIgniter\Database\BaseConnection->simpleQuery('SELECT *\nFROM `...')
#3 C:\xampp\htdocs\codi\system\Database\BaseBuilder.php(1616): CodeIgniter\Database\BaseConnection->query('SELECT *\nFROM `...', Array, false)
#4 C:\xampp\htdocs\codi\system\Model.php(203): CodeIgniter\Database\BaseBuilder->get()
#5 C:\xampp\htdocs\codi\system\BaseModel.php(557): CodeIgniter\Model->doFind(false, NULL)
#6 C:\xampp\htdocs\codi\app\Controllers\DesenhistaPost.php(1161): CodeIgniter\BaseModel->find()
#7 C:\xampp\htdocs\codi\system\CodeIgniter.php(934): App\Controllers\DesenhistaPost->desenho_tag_lista()
#8 C:\xampp\htdocs\codi\system\CodeIgniter.php(499): CodeIgniter\CodeIgniter->runController(Object(App\Controllers\DesenhistaPost))
#9 C:\xampp\htdocs\codi\system\CodeIgniter.php(368): CodeIgniter\CodeIgniter->handleRequest(NULL, Object(Config\Cache), false)
#10 C:\xampp\htdocs\codi\public\index.php(67): CodeIgniter\CodeIgniter->run()
#11 {main}
CRITICAL - 2023-10-26 21:50:33 --> Table 'wl.tag' doesn't exist
in SYSTEMPATH\Database\MySQLi\Connection.php on line 295.
 1 SYSTEMPATH\Database\MySQLi\Connection.php(295): mysqli->query('SELECT *
FROM `tag`', 0)
 2 SYSTEMPATH\Database\BaseConnection.php(692): CodeIgniter\Database\MySQLi\Connection->execute('SELECT *
FROM `tag`')
 3 SYSTEMPATH\Database\BaseConnection.php(606): CodeIgniter\Database\BaseConnection->simpleQuery('SELECT *
FROM `tag`')
 4 SYSTEMPATH\Database\BaseBuilder.php(1616): CodeIgniter\Database\BaseConnection->query('SELECT *
FROM `tag`', [], false)
 5 SYSTEMPATH\Model.php(203): CodeIgniter\Database\BaseBuilder->get()
 6 SYSTEMPATH\BaseModel.php(557): CodeIgniter\Model->doFind(false, null)
 7 APPPATH\Controllers\DesenhistaPost.php(1161): CodeIgniter\BaseModel->find()
 8 SYSTEMPATH\CodeIgniter.php(934): App\Controllers\DesenhistaPost->desenho_tag_lista()
 9 SYSTEMPATH\CodeIgniter.php(499): CodeIgniter\CodeIgniter->runController(Object(App\Controllers\DesenhistaPost))
10 SYSTEMPATH\CodeIgniter.php(368): CodeIgniter\CodeIgniter->handleRequest(null, Object(Config\Cache), false)
11 FCPATH\index.php(67): CodeIgniter\CodeIgniter->run()
ERROR - 2023-10-26 21:50:34 --> mysqli_sql_exception: Table 'wl.tag' doesn't exist in C:\xampp\htdocs\codi\system\Database\MySQLi\Connection.php:295
Stack trace:
#0 C:\xampp\htdocs\codi\system\Database\MySQLi\Connection.php(295): mysqli->query('SELECT *\nFROM `...', 0)
#1 C:\xampp\htdocs\codi\system\Database\BaseConnection.php(692): CodeIgniter\Database\MySQLi\Connection->execute('SELECT *\nFROM `...')
#2 C:\xampp\htdocs\codi\system\Database\BaseConnection.php(606): CodeIgniter\Database\BaseConnection->simpleQuery('SELECT *\nFROM `...')
#3 C:\xampp\htdocs\codi\system\Database\BaseBuilder.php(1616): CodeIgniter\Database\BaseConnection->query('SELECT *\nFROM `...', Array, false)
#4 C:\xampp\htdocs\codi\system\Model.php(203): CodeIgniter\Database\BaseBuilder->get()
#5 C:\xampp\htdocs\codi\system\BaseModel.php(557): CodeIgniter\Model->doFind(false, NULL)
#6 C:\xampp\htdocs\codi\app\Controllers\DesenhistaPost.php(1161): CodeIgniter\BaseModel->find()
#7 C:\xampp\htdocs\codi\system\CodeIgniter.php(934): App\Controllers\DesenhistaPost->desenho_tag_lista()
#8 C:\xampp\htdocs\codi\system\CodeIgniter.php(499): CodeIgniter\CodeIgniter->runController(Object(App\Controllers\DesenhistaPost))
#9 C:\xampp\htdocs\codi\system\CodeIgniter.php(368): CodeIgniter\CodeIgniter->handleRequest(NULL, Object(Config\Cache), false)
#10 C:\xampp\htdocs\codi\public\index.php(67): CodeIgniter\CodeIgniter->run()
#11 {main}
CRITICAL - 2023-10-26 21:50:34 --> Table 'wl.tag' doesn't exist
in SYSTEMPATH\Database\MySQLi\Connection.php on line 295.
 1 SYSTEMPATH\Database\MySQLi\Connection.php(295): mysqli->query('SELECT *
FROM `tag`', 0)
 2 SYSTEMPATH\Database\BaseConnection.php(692): CodeIgniter\Database\MySQLi\Connection->execute('SELECT *
FROM `tag`')
 3 SYSTEMPATH\Database\BaseConnection.php(606): CodeIgniter\Database\BaseConnection->simpleQuery('SELECT *
FROM `tag`')
 4 SYSTEMPATH\Database\BaseBuilder.php(1616): CodeIgniter\Database\BaseConnection->query('SELECT *
FROM `tag`', [], false)
 5 SYSTEMPATH\Model.php(203): CodeIgniter\Database\BaseBuilder->get()
 6 SYSTEMPATH\BaseModel.php(557): CodeIgniter\Model->doFind(false, null)
 7 APPPATH\Controllers\DesenhistaPost.php(1161): CodeIgniter\BaseModel->find()
 8 SYSTEMPATH\CodeIgniter.php(934): App\Controllers\DesenhistaPost->desenho_tag_lista()
 9 SYSTEMPATH\CodeIgniter.php(499): CodeIgniter\CodeIgniter->runController(Object(App\Controllers\DesenhistaPost))
10 SYSTEMPATH\CodeIgniter.php(368): CodeIgniter\CodeIgniter->handleRequest(null, Object(Config\Cache), false)
11 FCPATH\index.php(67): CodeIgniter\CodeIgniter->run()
ERROR - 2023-10-26 21:50:34 --> mysqli_sql_exception: Table 'wl.tag' doesn't exist in C:\xampp\htdocs\codi\system\Database\MySQLi\Connection.php:295
Stack trace:
#0 C:\xampp\htdocs\codi\system\Database\MySQLi\Connection.php(295): mysqli->query('SELECT *\nFROM `...', 0)
#1 C:\xampp\htdocs\codi\system\Database\BaseConnection.php(692): CodeIgniter\Database\MySQLi\Connection->execute('SELECT *\nFROM `...')
#2 C:\xampp\htdocs\codi\system\Database\BaseConnection.php(606): CodeIgniter\Database\BaseConnection->simpleQuery('SELECT *\nFROM `...')
#3 C:\xampp\htdocs\codi\system\Database\BaseBuilder.php(1616): CodeIgniter\Database\BaseConnection->query('SELECT *\nFROM `...', Array, false)
#4 C:\xampp\htdocs\codi\system\Model.php(203): CodeIgniter\Database\BaseBuilder->get()
#5 C:\xampp\htdocs\codi\system\BaseModel.php(557): CodeIgniter\Model->doFind(false, NULL)
#6 C:\xampp\htdocs\codi\app\Controllers\DesenhistaPost.php(1161): CodeIgniter\BaseModel->find()
#7 C:\xampp\htdocs\codi\system\CodeIgniter.php(934): App\Controllers\DesenhistaPost->desenho_tag_lista()
#8 C:\xampp\htdocs\codi\system\CodeIgniter.php(499): CodeIgniter\CodeIgniter->runController(Object(App\Controllers\DesenhistaPost))
#9 C:\xampp\htdocs\codi\system\CodeIgniter.php(368): CodeIgniter\CodeIgniter->handleRequest(NULL, Object(Config\Cache), false)
#10 C:\xampp\htdocs\codi\public\index.php(67): CodeIgniter\CodeIgniter->run()
#11 {main}
CRITICAL - 2023-10-26 21:50:34 --> Table 'wl.tag' doesn't exist
in SYSTEMPATH\Database\MySQLi\Connection.php on line 295.
 1 SYSTEMPATH\Database\MySQLi\Connection.php(295): mysqli->query('SELECT *
FROM `tag`', 0)
 2 SYSTEMPATH\Database\BaseConnection.php(692): CodeIgniter\Database\MySQLi\Connection->execute('SELECT *
FROM `tag`')
 3 SYSTEMPATH\Database\BaseConnection.php(606): CodeIgniter\Database\BaseConnection->simpleQuery('SELECT *
FROM `tag`')
 4 SYSTEMPATH\Database\BaseBuilder.php(1616): CodeIgniter\Database\BaseConnection->query('SELECT *
FROM `tag`', [], false)
 5 SYSTEMPATH\Model.php(203): CodeIgniter\Database\BaseBuilder->get()
 6 SYSTEMPATH\BaseModel.php(557): CodeIgniter\Model->doFind(false, null)
 7 APPPATH\Controllers\DesenhistaPost.php(1161): CodeIgniter\BaseModel->find()
 8 SYSTEMPATH\CodeIgniter.php(934): App\Controllers\DesenhistaPost->desenho_tag_lista()
 9 SYSTEMPATH\CodeIgniter.php(499): CodeIgniter\CodeIgniter->runController(Object(App\Controllers\DesenhistaPost))
10 SYSTEMPATH\CodeIgniter.php(368): CodeIgniter\CodeIgniter->handleRequest(null, Object(Config\Cache), false)
11 FCPATH\index.php(67): CodeIgniter\CodeIgniter->run()
ERROR - 2023-10-26 21:50:35 --> mysqli_sql_exception: Table 'wl.tag' doesn't exist in C:\xampp\htdocs\codi\system\Database\MySQLi\Connection.php:295
Stack trace:
#0 C:\xampp\htdocs\codi\system\Database\MySQLi\Connection.php(295): mysqli->query('SELECT *\nFROM `...', 0)
#1 C:\xampp\htdocs\codi\system\Database\BaseConnection.php(692): CodeIgniter\Database\MySQLi\Connection->execute('SELECT *\nFROM `...')
#2 C:\xampp\htdocs\codi\system\Database\BaseConnection.php(606): CodeIgniter\Database\BaseConnection->simpleQuery('SELECT *\nFROM `...')
#3 C:\xampp\htdocs\codi\system\Database\BaseBuilder.php(1616): CodeIgniter\Database\BaseConnection->query('SELECT *\nFROM `...', Array, false)
#4 C:\xampp\htdocs\codi\system\Model.php(203): CodeIgniter\Database\BaseBuilder->get()
#5 C:\xampp\htdocs\codi\system\BaseModel.php(557): CodeIgniter\Model->doFind(false, NULL)
#6 C:\xampp\htdocs\codi\app\Controllers\DesenhistaPost.php(1161): CodeIgniter\BaseModel->find()
#7 C:\xampp\htdocs\codi\system\CodeIgniter.php(934): App\Controllers\DesenhistaPost->desenho_tag_lista()
#8 C:\xampp\htdocs\codi\system\CodeIgniter.php(499): CodeIgniter\CodeIgniter->runController(Object(App\Controllers\DesenhistaPost))
#9 C:\xampp\htdocs\codi\system\CodeIgniter.php(368): CodeIgniter\CodeIgniter->handleRequest(NULL, Object(Config\Cache), false)
#10 C:\xampp\htdocs\codi\public\index.php(67): CodeIgniter\CodeIgniter->run()
#11 {main}
CRITICAL - 2023-10-26 21:50:35 --> Table 'wl.tag' doesn't exist
in SYSTEMPATH\Database\MySQLi\Connection.php on line 295.
 1 SYSTEMPATH\Database\MySQLi\Connection.php(295): mysqli->query('SELECT *
FROM `tag`', 0)
 2 SYSTEMPATH\Database\BaseConnection.php(692): CodeIgniter\Database\MySQLi\Connection->execute('SELECT *
FROM `tag`')
 3 SYSTEMPATH\Database\BaseConnection.php(606): CodeIgniter\Database\BaseConnection->simpleQuery('SELECT *
FROM `tag`')
 4 SYSTEMPATH\Database\BaseBuilder.php(1616): CodeIgniter\Database\BaseConnection->query('SELECT *
FROM `tag`', [], false)
 5 SYSTEMPATH\Model.php(203): CodeIgniter\Database\BaseBuilder->get()
 6 SYSTEMPATH\BaseModel.php(557): CodeIgniter\Model->doFind(false, null)
 7 APPPATH\Controllers\DesenhistaPost.php(1161): CodeIgniter\BaseModel->find()
 8 SYSTEMPATH\CodeIgniter.php(934): App\Controllers\DesenhistaPost->desenho_tag_lista()
 9 SYSTEMPATH\CodeIgniter.php(499): CodeIgniter\CodeIgniter->runController(Object(App\Controllers\DesenhistaPost))
10 SYSTEMPATH\CodeIgniter.php(368): CodeIgniter\CodeIgniter->handleRequest(null, Object(Config\Cache), false)
11 FCPATH\index.php(67): CodeIgniter\CodeIgniter->run()
ERROR - 2023-10-26 21:50:35 --> mysqli_sql_exception: Table 'wl.tag' doesn't exist in C:\xampp\htdocs\codi\system\Database\MySQLi\Connection.php:295
Stack trace:
#0 C:\xampp\htdocs\codi\system\Database\MySQLi\Connection.php(295): mysqli->query('SELECT *\nFROM `...', 0)
#1 C:\xampp\htdocs\codi\system\Database\BaseConnection.php(692): CodeIgniter\Database\MySQLi\Connection->execute('SELECT *\nFROM `...')
#2 C:\xampp\htdocs\codi\system\Database\BaseConnection.php(606): CodeIgniter\Database\BaseConnection->simpleQuery('SELECT *\nFROM `...')
#3 C:\xampp\htdocs\codi\system\Database\BaseBuilder.php(1616): CodeIgniter\Database\BaseConnection->query('SELECT *\nFROM `...', Array, false)
#4 C:\xampp\htdocs\codi\system\Model.php(203): CodeIgniter\Database\BaseBuilder->get()
#5 C:\xampp\htdocs\codi\system\BaseModel.php(557): CodeIgniter\Model->doFind(false, NULL)
#6 C:\xampp\htdocs\codi\app\Controllers\DesenhistaPost.php(1161): CodeIgniter\BaseModel->find()
#7 C:\xampp\htdocs\codi\system\CodeIgniter.php(934): App\Controllers\DesenhistaPost->desenho_tag_lista()
#8 C:\xampp\htdocs\codi\system\CodeIgniter.php(499): CodeIgniter\CodeIgniter->runController(Object(App\Controllers\DesenhistaPost))
#9 C:\xampp\htdocs\codi\system\CodeIgniter.php(368): CodeIgniter\CodeIgniter->handleRequest(NULL, Object(Config\Cache), false)
#10 C:\xampp\htdocs\codi\public\index.php(67): CodeIgniter\CodeIgniter->run()
#11 {main}
CRITICAL - 2023-10-26 21:50:35 --> Table 'wl.tag' doesn't exist
in SYSTEMPATH\Database\MySQLi\Connection.php on line 295.
 1 SYSTEMPATH\Database\MySQLi\Connection.php(295): mysqli->query('SELECT *
FROM `tag`', 0)
 2 SYSTEMPATH\Database\BaseConnection.php(692): CodeIgniter\Database\MySQLi\Connection->execute('SELECT *
FROM `tag`')
 3 SYSTEMPATH\Database\BaseConnection.php(606): CodeIgniter\Database\BaseConnection->simpleQuery('SELECT *
FROM `tag`')
 4 SYSTEMPATH\Database\BaseBuilder.php(1616): CodeIgniter\Database\BaseConnection->query('SELECT *
FROM `tag`', [], false)
 5 SYSTEMPATH\Model.php(203): CodeIgniter\Database\BaseBuilder->get()
 6 SYSTEMPATH\BaseModel.php(557): CodeIgniter\Model->doFind(false, null)
 7 APPPATH\Controllers\DesenhistaPost.php(1161): CodeIgniter\BaseModel->find()
 8 SYSTEMPATH\CodeIgniter.php(934): App\Controllers\DesenhistaPost->desenho_tag_lista()
 9 SYSTEMPATH\CodeIgniter.php(499): CodeIgniter\CodeIgniter->runController(Object(App\Controllers\DesenhistaPost))
10 SYSTEMPATH\CodeIgniter.php(368): CodeIgniter\CodeIgniter->handleRequest(null, Object(Config\Cache), false)
11 FCPATH\index.php(67): CodeIgniter\CodeIgniter->run()
ERROR - 2023-10-26 21:50:36 --> mysqli_sql_exception: Table 'wl.tag' doesn't exist in C:\xampp\htdocs\codi\system\Database\MySQLi\Connection.php:295
Stack trace:
#0 C:\xampp\htdocs\codi\system\Database\MySQLi\Connection.php(295): mysqli->query('SELECT *\nFROM `...', 0)
#1 C:\xampp\htdocs\codi\system\Database\BaseConnection.php(692): CodeIgniter\Database\MySQLi\Connection->execute('SELECT *\nFROM `...')
#2 C:\xampp\htdocs\codi\system\Database\BaseConnection.php(606): CodeIgniter\Database\BaseConnection->simpleQuery('SELECT *\nFROM `...')
#3 C:\xampp\htdocs\codi\system\Database\BaseBuilder.php(1616): CodeIgniter\Database\BaseConnection->query('SELECT *\nFROM `...', Array, false)
#4 C:\xampp\htdocs\codi\system\Model.php(203): CodeIgniter\Database\BaseBuilder->get()
#5 C:\xampp\htdocs\codi\system\BaseModel.php(557): CodeIgniter\Model->doFind(false, NULL)
#6 C:\xampp\htdocs\codi\app\Controllers\DesenhistaPost.php(1161): CodeIgniter\BaseModel->find()
#7 C:\xampp\htdocs\codi\system\CodeIgniter.php(934): App\Controllers\DesenhistaPost->desenho_tag_lista()
#8 C:\xampp\htdocs\codi\system\CodeIgniter.php(499): CodeIgniter\CodeIgniter->runController(Object(App\Controllers\DesenhistaPost))
#9 C:\xampp\htdocs\codi\system\CodeIgniter.php(368): CodeIgniter\CodeIgniter->handleRequest(NULL, Object(Config\Cache), false)
#10 C:\xampp\htdocs\codi\public\index.php(67): CodeIgniter\CodeIgniter->run()
#11 {main}
CRITICAL - 2023-10-26 21:50:36 --> Table 'wl.tag' doesn't exist
in SYSTEMPATH\Database\MySQLi\Connection.php on line 295.
 1 SYSTEMPATH\Database\MySQLi\Connection.php(295): mysqli->query('SELECT *
FROM `tag`', 0)
 2 SYSTEMPATH\Database\BaseConnection.php(692): CodeIgniter\Database\MySQLi\Connection->execute('SELECT *
FROM `tag`')
 3 SYSTEMPATH\Database\BaseConnection.php(606): CodeIgniter\Database\BaseConnection->simpleQuery('SELECT *
FROM `tag`')
 4 SYSTEMPATH\Database\BaseBuilder.php(1616): CodeIgniter\Database\BaseConnection->query('SELECT *
FROM `tag`', [], false)
 5 SYSTEMPATH\Model.php(203): CodeIgniter\Database\BaseBuilder->get()
 6 SYSTEMPATH\BaseModel.php(557): CodeIgniter\Model->doFind(false, null)
 7 APPPATH\Controllers\DesenhistaPost.php(1161): CodeIgniter\BaseModel->find()
 8 SYSTEMPATH\CodeIgniter.php(934): App\Controllers\DesenhistaPost->desenho_tag_lista()
 9 SYSTEMPATH\CodeIgniter.php(499): CodeIgniter\CodeIgniter->runController(Object(App\Controllers\DesenhistaPost))
10 SYSTEMPATH\CodeIgniter.php(368): CodeIgniter\CodeIgniter->handleRequest(null, Object(Config\Cache), false)
11 FCPATH\index.php(67): CodeIgniter\CodeIgniter->run()
ERROR - 2023-10-26 21:50:36 --> mysqli_sql_exception: Table 'wl.tag' doesn't exist in C:\xampp\htdocs\codi\system\Database\MySQLi\Connection.php:295
Stack trace:
#0 C:\xampp\htdocs\codi\system\Database\MySQLi\Connection.php(295): mysqli->query('SELECT *\nFROM `...', 0)
#1 C:\xampp\htdocs\codi\system\Database\BaseConnection.php(692): CodeIgniter\Database\MySQLi\Connection->execute('SELECT *\nFROM `...')
#2 C:\xampp\htdocs\codi\system\Database\BaseConnection.php(606): CodeIgniter\Database\BaseConnection->simpleQuery('SELECT *\nFROM `...')
#3 C:\xampp\htdocs\codi\system\Database\BaseBuilder.php(1616): CodeIgniter\Database\BaseConnection->query('SELECT *\nFROM `...', Array, false)
#4 C:\xampp\htdocs\codi\system\Model.php(203): CodeIgniter\Database\BaseBuilder->get()
#5 C:\xampp\htdocs\codi\system\BaseModel.php(557): CodeIgniter\Model->doFind(false, NULL)
#6 C:\xampp\htdocs\codi\app\Controllers\DesenhistaPost.php(1161): CodeIgniter\BaseModel->find()
#7 C:\xampp\htdocs\codi\system\CodeIgniter.php(934): App\Controllers\DesenhistaPost->desenho_tag_lista()
#8 C:\xampp\htdocs\codi\system\CodeIgniter.php(499): CodeIgniter\CodeIgniter->runController(Object(App\Controllers\DesenhistaPost))
#9 C:\xampp\htdocs\codi\system\CodeIgniter.php(368): CodeIgniter\CodeIgniter->handleRequest(NULL, Object(Config\Cache), false)
#10 C:\xampp\htdocs\codi\public\index.php(67): CodeIgniter\CodeIgniter->run()
#11 {main}
CRITICAL - 2023-10-26 21:50:36 --> Table 'wl.tag' doesn't exist
in SYSTEMPATH\Database\MySQLi\Connection.php on line 295.
 1 SYSTEMPATH\Database\MySQLi\Connection.php(295): mysqli->query('SELECT *
FROM `tag`', 0)
 2 SYSTEMPATH\Database\BaseConnection.php(692): CodeIgniter\Database\MySQLi\Connection->execute('SELECT *
FROM `tag`')
 3 SYSTEMPATH\Database\BaseConnection.php(606): CodeIgniter\Database\BaseConnection->simpleQuery('SELECT *
FROM `tag`')
 4 SYSTEMPATH\Database\BaseBuilder.php(1616): CodeIgniter\Database\BaseConnection->query('SELECT *
FROM `tag`', [], false)
 5 SYSTEMPATH\Model.php(203): CodeIgniter\Database\BaseBuilder->get()
 6 SYSTEMPATH\BaseModel.php(557): CodeIgniter\Model->doFind(false, null)
 7 APPPATH\Controllers\DesenhistaPost.php(1161): CodeIgniter\BaseModel->find()
 8 SYSTEMPATH\CodeIgniter.php(934): App\Controllers\DesenhistaPost->desenho_tag_lista()
 9 SYSTEMPATH\CodeIgniter.php(499): CodeIgniter\CodeIgniter->runController(Object(App\Controllers\DesenhistaPost))
10 SYSTEMPATH\CodeIgniter.php(368): CodeIgniter\CodeIgniter->handleRequest(null, Object(Config\Cache), false)
11 FCPATH\index.php(67): CodeIgniter\CodeIgniter->run()
ERROR - 2023-10-26 21:50:37 --> mysqli_sql_exception: Table 'wl.tag' doesn't exist in C:\xampp\htdocs\codi\system\Database\MySQLi\Connection.php:295
Stack trace:
#0 C:\xampp\htdocs\codi\system\Database\MySQLi\Connection.php(295): mysqli->query('SELECT *\nFROM `...', 0)
#1 C:\xampp\htdocs\codi\system\Database\BaseConnection.php(692): CodeIgniter\Database\MySQLi\Connection->execute('SELECT *\nFROM `...')
#2 C:\xampp\htdocs\codi\system\Database\BaseConnection.php(606): CodeIgniter\Database\BaseConnection->simpleQuery('SELECT *\nFROM `...')
#3 C:\xampp\htdocs\codi\system\Database\BaseBuilder.php(1616): CodeIgniter\Database\BaseConnection->query('SELECT *\nFROM `...', Array, false)
#4 C:\xampp\htdocs\codi\system\Model.php(203): CodeIgniter\Database\BaseBuilder->get()
#5 C:\xampp\htdocs\codi\system\BaseModel.php(557): CodeIgniter\Model->doFind(false, NULL)
#6 C:\xampp\htdocs\codi\app\Controllers\DesenhistaPost.php(1161): CodeIgniter\BaseModel->find()
#7 C:\xampp\htdocs\codi\system\CodeIgniter.php(934): App\Controllers\DesenhistaPost->desenho_tag_lista()
#8 C:\xampp\htdocs\codi\system\CodeIgniter.php(499): CodeIgniter\CodeIgniter->runController(Object(App\Controllers\DesenhistaPost))
#9 C:\xampp\htdocs\codi\system\CodeIgniter.php(368): CodeIgniter\CodeIgniter->handleRequest(NULL, Object(Config\Cache), false)
#10 C:\xampp\htdocs\codi\public\index.php(67): CodeIgniter\CodeIgniter->run()
#11 {main}
CRITICAL - 2023-10-26 21:50:37 --> Table 'wl.tag' doesn't exist
in SYSTEMPATH\Database\MySQLi\Connection.php on line 295.
 1 SYSTEMPATH\Database\MySQLi\Connection.php(295): mysqli->query('SELECT *
FROM `tag`', 0)
 2 SYSTEMPATH\Database\BaseConnection.php(692): CodeIgniter\Database\MySQLi\Connection->execute('SELECT *
FROM `tag`')
 3 SYSTEMPATH\Database\BaseConnection.php(606): CodeIgniter\Database\BaseConnection->simpleQuery('SELECT *
FROM `tag`')
 4 SYSTEMPATH\Database\BaseBuilder.php(1616): CodeIgniter\Database\BaseConnection->query('SELECT *
FROM `tag`', [], false)
 5 SYSTEMPATH\Model.php(203): CodeIgniter\Database\BaseBuilder->get()
 6 SYSTEMPATH\BaseModel.php(557): CodeIgniter\Model->doFind(false, null)
 7 APPPATH\Controllers\DesenhistaPost.php(1161): CodeIgniter\BaseModel->find()
 8 SYSTEMPATH\CodeIgniter.php(934): App\Controllers\DesenhistaPost->desenho_tag_lista()
 9 SYSTEMPATH\CodeIgniter.php(499): CodeIgniter\CodeIgniter->runController(Object(App\Controllers\DesenhistaPost))
10 SYSTEMPATH\CodeIgniter.php(368): CodeIgniter\CodeIgniter->handleRequest(null, Object(Config\Cache), false)
11 FCPATH\index.php(67): CodeIgniter\CodeIgniter->run()
ERROR - 2023-10-26 21:50:37 --> mysqli_sql_exception: Table 'wl.tag' doesn't exist in C:\xampp\htdocs\codi\system\Database\MySQLi\Connection.php:295
Stack trace:
#0 C:\xampp\htdocs\codi\system\Database\MySQLi\Connection.php(295): mysqli->query('SELECT *\nFROM `...', 0)
#1 C:\xampp\htdocs\codi\system\Database\BaseConnection.php(692): CodeIgniter\Database\MySQLi\Connection->execute('SELECT *\nFROM `...')
#2 C:\xampp\htdocs\codi\system\Database\BaseConnection.php(606): CodeIgniter\Database\BaseConnection->simpleQuery('SELECT *\nFROM `...')
#3 C:\xampp\htdocs\codi\system\Database\BaseBuilder.php(1616): CodeIgniter\Database\BaseConnection->query('SELECT *\nFROM `...', Array, false)
#4 C:\xampp\htdocs\codi\system\Model.php(203): CodeIgniter\Database\BaseBuilder->get()
#5 C:\xampp\htdocs\codi\system\BaseModel.php(557): CodeIgniter\Model->doFind(false, NULL)
#6 C:\xampp\htdocs\codi\app\Controllers\DesenhistaPost.php(1161): CodeIgniter\BaseModel->find()
#7 C:\xampp\htdocs\codi\system\CodeIgniter.php(934): App\Controllers\DesenhistaPost->desenho_tag_lista()
#8 C:\xampp\htdocs\codi\system\CodeIgniter.php(499): CodeIgniter\CodeIgniter->runController(Object(App\Controllers\DesenhistaPost))
#9 C:\xampp\htdocs\codi\system\CodeIgniter.php(368): CodeIgniter\CodeIgniter->handleRequest(NULL, Object(Config\Cache), false)
#10 C:\xampp\htdocs\codi\public\index.php(67): CodeIgniter\CodeIgniter->run()
#11 {main}
CRITICAL - 2023-10-26 21:50:37 --> Table 'wl.tag' doesn't exist
in SYSTEMPATH\Database\MySQLi\Connection.php on line 295.
 1 SYSTEMPATH\Database\MySQLi\Connection.php(295): mysqli->query('SELECT *
FROM `tag`', 0)
 2 SYSTEMPATH\Database\BaseConnection.php(692): CodeIgniter\Database\MySQLi\Connection->execute('SELECT *
FROM `tag`')
 3 SYSTEMPATH\Database\BaseConnection.php(606): CodeIgniter\Database\BaseConnection->simpleQuery('SELECT *
FROM `tag`')
 4 SYSTEMPATH\Database\BaseBuilder.php(1616): CodeIgniter\Database\BaseConnection->query('SELECT *
FROM `tag`', [], false)
 5 SYSTEMPATH\Model.php(203): CodeIgniter\Database\BaseBuilder->get()
 6 SYSTEMPATH\BaseModel.php(557): CodeIgniter\Model->doFind(false, null)
 7 APPPATH\Controllers\DesenhistaPost.php(1161): CodeIgniter\BaseModel->find()
 8 SYSTEMPATH\CodeIgniter.php(934): App\Controllers\DesenhistaPost->desenho_tag_lista()
 9 SYSTEMPATH\CodeIgniter.php(499): CodeIgniter\CodeIgniter->runController(Object(App\Controllers\DesenhistaPost))
10 SYSTEMPATH\CodeIgniter.php(368): CodeIgniter\CodeIgniter->handleRequest(null, Object(Config\Cache), false)
11 FCPATH\index.php(67): CodeIgniter\CodeIgniter->run()
ERROR - 2023-10-26 21:50:38 --> mysqli_sql_exception: Table 'wl.tag' doesn't exist in C:\xampp\htdocs\codi\system\Database\MySQLi\Connection.php:295
Stack trace:
#0 C:\xampp\htdocs\codi\system\Database\MySQLi\Connection.php(295): mysqli->query('SELECT *\nFROM `...', 0)
#1 C:\xampp\htdocs\codi\system\Database\BaseConnection.php(692): CodeIgniter\Database\MySQLi\Connection->execute('SELECT *\nFROM `...')
#2 C:\xampp\htdocs\codi\system\Database\BaseConnection.php(606): CodeIgniter\Database\BaseConnection->simpleQuery('SELECT *\nFROM `...')
#3 C:\xampp\htdocs\codi\system\Database\BaseBuilder.php(1616): CodeIgniter\Database\BaseConnection->query('SELECT *\nFROM `...', Array, false)
#4 C:\xampp\htdocs\codi\system\Model.php(203): CodeIgniter\Database\BaseBuilder->get()
#5 C:\xampp\htdocs\codi\system\BaseModel.php(557): CodeIgniter\Model->doFind(false, NULL)
#6 C:\xampp\htdocs\codi\app\Controllers\DesenhistaPost.php(1161): CodeIgniter\BaseModel->find()
#7 C:\xampp\htdocs\codi\system\CodeIgniter.php(934): App\Controllers\DesenhistaPost->desenho_tag_lista()
#8 C:\xampp\htdocs\codi\system\CodeIgniter.php(499): CodeIgniter\CodeIgniter->runController(Object(App\Controllers\DesenhistaPost))
#9 C:\xampp\htdocs\codi\system\CodeIgniter.php(368): CodeIgniter\CodeIgniter->handleRequest(NULL, Object(Config\Cache), false)
#10 C:\xampp\htdocs\codi\public\index.php(67): CodeIgniter\CodeIgniter->run()
#11 {main}
CRITICAL - 2023-10-26 21:50:38 --> Table 'wl.tag' doesn't exist
in SYSTEMPATH\Database\MySQLi\Connection.php on line 295.
 1 SYSTEMPATH\Database\MySQLi\Connection.php(295): mysqli->query('SELECT *
FROM `tag`', 0)
 2 SYSTEMPATH\Database\BaseConnection.php(692): CodeIgniter\Database\MySQLi\Connection->execute('SELECT *
FROM `tag`')
 3 SYSTEMPATH\Database\BaseConnection.php(606): CodeIgniter\Database\BaseConnection->simpleQuery('SELECT *
FROM `tag`')
 4 SYSTEMPATH\Database\BaseBuilder.php(1616): CodeIgniter\Database\BaseConnection->query('SELECT *
FROM `tag`', [], false)
 5 SYSTEMPATH\Model.php(203): CodeIgniter\Database\BaseBuilder->get()
 6 SYSTEMPATH\BaseModel.php(557): CodeIgniter\Model->doFind(false, null)
 7 APPPATH\Controllers\DesenhistaPost.php(1161): CodeIgniter\BaseModel->find()
 8 SYSTEMPATH\CodeIgniter.php(934): App\Controllers\DesenhistaPost->desenho_tag_lista()
 9 SYSTEMPATH\CodeIgniter.php(499): CodeIgniter\CodeIgniter->runController(Object(App\Controllers\DesenhistaPost))
10 SYSTEMPATH\CodeIgniter.php(368): CodeIgniter\CodeIgniter->handleRequest(null, Object(Config\Cache), false)
11 FCPATH\index.php(67): CodeIgniter\CodeIgniter->run()
ERROR - 2023-10-26 21:50:38 --> mysqli_sql_exception: Table 'wl.tag' doesn't exist in C:\xampp\htdocs\codi\system\Database\MySQLi\Connection.php:295
Stack trace:
#0 C:\xampp\htdocs\codi\system\Database\MySQLi\Connection.php(295): mysqli->query('SELECT *\nFROM `...', 0)
#1 C:\xampp\htdocs\codi\system\Database\BaseConnection.php(692): CodeIgniter\Database\MySQLi\Connection->execute('SELECT *\nFROM `...')
#2 C:\xampp\htdocs\codi\system\Database\BaseConnection.php(606): CodeIgniter\Database\BaseConnection->simpleQuery('SELECT *\nFROM `...')
#3 C:\xampp\htdocs\codi\system\Database\BaseBuilder.php(1616): CodeIgniter\Database\BaseConnection->query('SELECT *\nFROM `...', Array, false)
#4 C:\xampp\htdocs\codi\system\Model.php(203): CodeIgniter\Database\BaseBuilder->get()
#5 C:\xampp\htdocs\codi\system\BaseModel.php(557): CodeIgniter\Model->doFind(false, NULL)
#6 C:\xampp\htdocs\codi\app\Controllers\DesenhistaPost.php(1161): CodeIgniter\BaseModel->find()
#7 C:\xampp\htdocs\codi\system\CodeIgniter.php(934): App\Controllers\DesenhistaPost->desenho_tag_lista()
#8 C:\xampp\htdocs\codi\system\CodeIgniter.php(499): CodeIgniter\CodeIgniter->runController(Object(App\Controllers\DesenhistaPost))
#9 C:\xampp\htdocs\codi\system\CodeIgniter.php(368): CodeIgniter\CodeIgniter->handleRequest(NULL, Object(Config\Cache), false)
#10 C:\xampp\htdocs\codi\public\index.php(67): CodeIgniter\CodeIgniter->run()
#11 {main}
CRITICAL - 2023-10-26 21:50:38 --> Table 'wl.tag' doesn't exist
in SYSTEMPATH\Database\MySQLi\Connection.php on line 295.
 1 SYSTEMPATH\Database\MySQLi\Connection.php(295): mysqli->query('SELECT *
FROM `tag`', 0)
 2 SYSTEMPATH\Database\BaseConnection.php(692): CodeIgniter\Database\MySQLi\Connection->execute('SELECT *
FROM `tag`')
 3 SYSTEMPATH\Database\BaseConnection.php(606): CodeIgniter\Database\BaseConnection->simpleQuery('SELECT *
FROM `tag`')
 4 SYSTEMPATH\Database\BaseBuilder.php(1616): CodeIgniter\Database\BaseConnection->query('SELECT *
FROM `tag`', [], false)
 5 SYSTEMPATH\Model.php(203): CodeIgniter\Database\BaseBuilder->get()
 6 SYSTEMPATH\BaseModel.php(557): CodeIgniter\Model->doFind(false, null)
 7 APPPATH\Controllers\DesenhistaPost.php(1161): CodeIgniter\BaseModel->find()
 8 SYSTEMPATH\CodeIgniter.php(934): App\Controllers\DesenhistaPost->desenho_tag_lista()
 9 SYSTEMPATH\CodeIgniter.php(499): CodeIgniter\CodeIgniter->runController(Object(App\Controllers\DesenhistaPost))
10 SYSTEMPATH\CodeIgniter.php(368): CodeIgniter\CodeIgniter->handleRequest(null, Object(Config\Cache), false)
11 FCPATH\index.php(67): CodeIgniter\CodeIgniter->run()
ERROR - 2023-10-26 21:50:39 --> mysqli_sql_exception: Table 'wl.tag' doesn't exist in C:\xampp\htdocs\codi\system\Database\MySQLi\Connection.php:295
Stack trace:
#0 C:\xampp\htdocs\codi\system\Database\MySQLi\Connection.php(295): mysqli->query('SELECT *\nFROM `...', 0)
#1 C:\xampp\htdocs\codi\system\Database\BaseConnection.php(692): CodeIgniter\Database\MySQLi\Connection->execute('SELECT *\nFROM `...')
#2 C:\xampp\htdocs\codi\system\Database\BaseConnection.php(606): CodeIgniter\Database\BaseConnection->simpleQuery('SELECT *\nFROM `...')
#3 C:\xampp\htdocs\codi\system\Database\BaseBuilder.php(1616): CodeIgniter\Database\BaseConnection->query('SELECT *\nFROM `...', Array, false)
#4 C:\xampp\htdocs\codi\system\Model.php(203): CodeIgniter\Database\BaseBuilder->get()
#5 C:\xampp\htdocs\codi\system\BaseModel.php(557): CodeIgniter\Model->doFind(false, NULL)
#6 C:\xampp\htdocs\codi\app\Controllers\DesenhistaPost.php(1161): CodeIgniter\BaseModel->find()
#7 C:\xampp\htdocs\codi\system\CodeIgniter.php(934): App\Controllers\DesenhistaPost->desenho_tag_lista()
#8 C:\xampp\htdocs\codi\system\CodeIgniter.php(499): CodeIgniter\CodeIgniter->runController(Object(App\Controllers\DesenhistaPost))
#9 C:\xampp\htdocs\codi\system\CodeIgniter.php(368): CodeIgniter\CodeIgniter->handleRequest(NULL, Object(Config\Cache), false)
#10 C:\xampp\htdocs\codi\public\index.php(67): CodeIgniter\CodeIgniter->run()
#11 {main}
CRITICAL - 2023-10-26 21:50:39 --> Table 'wl.tag' doesn't exist
in SYSTEMPATH\Database\MySQLi\Connection.php on line 295.
 1 SYSTEMPATH\Database\MySQLi\Connection.php(295): mysqli->query('SELECT *
FROM `tag`', 0)
 2 SYSTEMPATH\Database\BaseConnection.php(692): CodeIgniter\Database\MySQLi\Connection->execute('SELECT *
FROM `tag`')
 3 SYSTEMPATH\Database\BaseConnection.php(606): CodeIgniter\Database\BaseConnection->simpleQuery('SELECT *
FROM `tag`')
 4 SYSTEMPATH\Database\BaseBuilder.php(1616): CodeIgniter\Database\BaseConnection->query('SELECT *
FROM `tag`', [], false)
 5 SYSTEMPATH\Model.php(203): CodeIgniter\Database\BaseBuilder->get()
 6 SYSTEMPATH\BaseModel.php(557): CodeIgniter\Model->doFind(false, null)
 7 APPPATH\Controllers\DesenhistaPost.php(1161): CodeIgniter\BaseModel->find()
 8 SYSTEMPATH\CodeIgniter.php(934): App\Controllers\DesenhistaPost->desenho_tag_lista()
 9 SYSTEMPATH\CodeIgniter.php(499): CodeIgniter\CodeIgniter->runController(Object(App\Controllers\DesenhistaPost))
10 SYSTEMPATH\CodeIgniter.php(368): CodeIgniter\CodeIgniter->handleRequest(null, Object(Config\Cache), false)
11 FCPATH\index.php(67): CodeIgniter\CodeIgniter->run()
ERROR - 2023-10-26 21:50:39 --> mysqli_sql_exception: Table 'wl.tag' doesn't exist in C:\xampp\htdocs\codi\system\Database\MySQLi\Connection.php:295
Stack trace:
#0 C:\xampp\htdocs\codi\system\Database\MySQLi\Connection.php(295): mysqli->query('SELECT *\nFROM `...', 0)
#1 C:\xampp\htdocs\codi\system\Database\BaseConnection.php(692): CodeIgniter\Database\MySQLi\Connection->execute('SELECT *\nFROM `...')
#2 C:\xampp\htdocs\codi\system\Database\BaseConnection.php(606): CodeIgniter\Database\BaseConnection->simpleQuery('SELECT *\nFROM `...')
#3 C:\xampp\htdocs\codi\system\Database\BaseBuilder.php(1616): CodeIgniter\Database\BaseConnection->query('SELECT *\nFROM `...', Array, false)
#4 C:\xampp\htdocs\codi\system\Model.php(203): CodeIgniter\Database\BaseBuilder->get()
#5 C:\xampp\htdocs\codi\system\BaseModel.php(557): CodeIgniter\Model->doFind(false, NULL)
#6 C:\xampp\htdocs\codi\app\Controllers\DesenhistaPost.php(1161): CodeIgniter\BaseModel->find()
#7 C:\xampp\htdocs\codi\system\CodeIgniter.php(934): App\Controllers\DesenhistaPost->desenho_tag_lista()
#8 C:\xampp\htdocs\codi\system\CodeIgniter.php(499): CodeIgniter\CodeIgniter->runController(Object(App\Controllers\DesenhistaPost))
#9 C:\xampp\htdocs\codi\system\CodeIgniter.php(368): CodeIgniter\CodeIgniter->handleRequest(NULL, Object(Config\Cache), false)
#10 C:\xampp\htdocs\codi\public\index.php(67): CodeIgniter\CodeIgniter->run()
#11 {main}
CRITICAL - 2023-10-26 21:50:39 --> Table 'wl.tag' doesn't exist
in SYSTEMPATH\Database\MySQLi\Connection.php on line 295.
 1 SYSTEMPATH\Database\MySQLi\Connection.php(295): mysqli->query('SELECT *
FROM `tag`', 0)
 2 SYSTEMPATH\Database\BaseConnection.php(692): CodeIgniter\Database\MySQLi\Connection->execute('SELECT *
FROM `tag`')
 3 SYSTEMPATH\Database\BaseConnection.php(606): CodeIgniter\Database\BaseConnection->simpleQuery('SELECT *
FROM `tag`')
 4 SYSTEMPATH\Database\BaseBuilder.php(1616): CodeIgniter\Database\BaseConnection->query('SELECT *
FROM `tag`', [], false)
 5 SYSTEMPATH\Model.php(203): CodeIgniter\Database\BaseBuilder->get()
 6 SYSTEMPATH\BaseModel.php(557): CodeIgniter\Model->doFind(false, null)
 7 APPPATH\Controllers\DesenhistaPost.php(1161): CodeIgniter\BaseModel->find()
 8 SYSTEMPATH\CodeIgniter.php(934): App\Controllers\DesenhistaPost->desenho_tag_lista()
 9 SYSTEMPATH\CodeIgniter.php(499): CodeIgniter\CodeIgniter->runController(Object(App\Controllers\DesenhistaPost))
10 SYSTEMPATH\CodeIgniter.php(368): CodeIgniter\CodeIgniter->handleRequest(null, Object(Config\Cache), false)
11 FCPATH\index.php(67): CodeIgniter\CodeIgniter->run()
ERROR - 2023-10-26 21:50:40 --> mysqli_sql_exception: Table 'wl.tag' doesn't exist in C:\xampp\htdocs\codi\system\Database\MySQLi\Connection.php:295
Stack trace:
#0 C:\xampp\htdocs\codi\system\Database\MySQLi\Connection.php(295): mysqli->query('SELECT *\nFROM `...', 0)
#1 C:\xampp\htdocs\codi\system\Database\BaseConnection.php(692): CodeIgniter\Database\MySQLi\Connection->execute('SELECT *\nFROM `...')
#2 C:\xampp\htdocs\codi\system\Database\BaseConnection.php(606): CodeIgniter\Database\BaseConnection->simpleQuery('SELECT *\nFROM `...')
#3 C:\xampp\htdocs\codi\system\Database\BaseBuilder.php(1616): CodeIgniter\Database\BaseConnection->query('SELECT *\nFROM `...', Array, false)
#4 C:\xampp\htdocs\codi\system\Model.php(203): CodeIgniter\Database\BaseBuilder->get()
#5 C:\xampp\htdocs\codi\system\BaseModel.php(557): CodeIgniter\Model->doFind(false, NULL)
#6 C:\xampp\htdocs\codi\app\Controllers\DesenhistaPost.php(1161): CodeIgniter\BaseModel->find()
#7 C:\xampp\htdocs\codi\system\CodeIgniter.php(934): App\Controllers\DesenhistaPost->desenho_tag_lista()
#8 C:\xampp\htdocs\codi\system\CodeIgniter.php(499): CodeIgniter\CodeIgniter->runController(Object(App\Controllers\DesenhistaPost))
#9 C:\xampp\htdocs\codi\system\CodeIgniter.php(368): CodeIgniter\CodeIgniter->handleRequest(NULL, Object(Config\Cache), false)
#10 C:\xampp\htdocs\codi\public\index.php(67): CodeIgniter\CodeIgniter->run()
#11 {main}
CRITICAL - 2023-10-26 21:50:40 --> Table 'wl.tag' doesn't exist
in SYSTEMPATH\Database\MySQLi\Connection.php on line 295.
 1 SYSTEMPATH\Database\MySQLi\Connection.php(295): mysqli->query('SELECT *
FROM `tag`', 0)
 2 SYSTEMPATH\Database\BaseConnection.php(692): CodeIgniter\Database\MySQLi\Connection->execute('SELECT *
FROM `tag`')
 3 SYSTEMPATH\Database\BaseConnection.php(606): CodeIgniter\Database\BaseConnection->simpleQuery('SELECT *
FROM `tag`')
 4 SYSTEMPATH\Database\BaseBuilder.php(1616): CodeIgniter\Database\BaseConnection->query('SELECT *
FROM `tag`', [], false)
 5 SYSTEMPATH\Model.php(203): CodeIgniter\Database\BaseBuilder->get()
 6 SYSTEMPATH\BaseModel.php(557): CodeIgniter\Model->doFind(false, null)
 7 APPPATH\Controllers\DesenhistaPost.php(1161): CodeIgniter\BaseModel->find()
 8 SYSTEMPATH\CodeIgniter.php(934): App\Controllers\DesenhistaPost->desenho_tag_lista()
 9 SYSTEMPATH\CodeIgniter.php(499): CodeIgniter\CodeIgniter->runController(Object(App\Controllers\DesenhistaPost))
10 SYSTEMPATH\CodeIgniter.php(368): CodeIgniter\CodeIgniter->handleRequest(null, Object(Config\Cache), false)
11 FCPATH\index.php(67): CodeIgniter\CodeIgniter->run()
ERROR - 2023-10-26 21:50:40 --> mysqli_sql_exception: Table 'wl.tag' doesn't exist in C:\xampp\htdocs\codi\system\Database\MySQLi\Connection.php:295
Stack trace:
#0 C:\xampp\htdocs\codi\system\Database\MySQLi\Connection.php(295): mysqli->query('SELECT *\nFROM `...', 0)
#1 C:\xampp\htdocs\codi\system\Database\BaseConnection.php(692): CodeIgniter\Database\MySQLi\Connection->execute('SELECT *\nFROM `...')
#2 C:\xampp\htdocs\codi\system\Database\BaseConnection.php(606): CodeIgniter\Database\BaseConnection->simpleQuery('SELECT *\nFROM `...')
#3 C:\xampp\htdocs\codi\system\Database\BaseBuilder.php(1616): CodeIgniter\Database\BaseConnection->query('SELECT *\nFROM `...', Array, false)
#4 C:\xampp\htdocs\codi\system\Model.php(203): CodeIgniter\Database\BaseBuilder->get()
#5 C:\xampp\htdocs\codi\system\BaseModel.php(557): CodeIgniter\Model->doFind(false, NULL)
#6 C:\xampp\htdocs\codi\app\Controllers\DesenhistaPost.php(1161): CodeIgniter\BaseModel->find()
#7 C:\xampp\htdocs\codi\system\CodeIgniter.php(934): App\Controllers\DesenhistaPost->desenho_tag_lista()
#8 C:\xampp\htdocs\codi\system\CodeIgniter.php(499): CodeIgniter\CodeIgniter->runController(Object(App\Controllers\DesenhistaPost))
#9 C:\xampp\htdocs\codi\system\CodeIgniter.php(368): CodeIgniter\CodeIgniter->handleRequest(NULL, Object(Config\Cache), false)
#10 C:\xampp\htdocs\codi\public\index.php(67): CodeIgniter\CodeIgniter->run()
#11 {main}
CRITICAL - 2023-10-26 21:50:40 --> Table 'wl.tag' doesn't exist
in SYSTEMPATH\Database\MySQLi\Connection.php on line 295.
 1 SYSTEMPATH\Database\MySQLi\Connection.php(295): mysqli->query('SELECT *
FROM `tag`', 0)
 2 SYSTEMPATH\Database\BaseConnection.php(692): CodeIgniter\Database\MySQLi\Connection->execute('SELECT *
FROM `tag`')
 3 SYSTEMPATH\Database\BaseConnection.php(606): CodeIgniter\Database\BaseConnection->simpleQuery('SELECT *
FROM `tag`')
 4 SYSTEMPATH\Database\BaseBuilder.php(1616): CodeIgniter\Database\BaseConnection->query('SELECT *
FROM `tag`', [], false)
 5 SYSTEMPATH\Model.php(203): CodeIgniter\Database\BaseBuilder->get()
 6 SYSTEMPATH\BaseModel.php(557): CodeIgniter\Model->doFind(false, null)
 7 APPPATH\Controllers\DesenhistaPost.php(1161): CodeIgniter\BaseModel->find()
 8 SYSTEMPATH\CodeIgniter.php(934): App\Controllers\DesenhistaPost->desenho_tag_lista()
 9 SYSTEMPATH\CodeIgniter.php(499): CodeIgniter\CodeIgniter->runController(Object(App\Controllers\DesenhistaPost))
10 SYSTEMPATH\CodeIgniter.php(368): CodeIgniter\CodeIgniter->handleRequest(null, Object(Config\Cache), false)
11 FCPATH\index.php(67): CodeIgniter\CodeIgniter->run()
ERROR - 2023-10-26 21:50:41 --> mysqli_sql_exception: Table 'wl.tag' doesn't exist in C:\xampp\htdocs\codi\system\Database\MySQLi\Connection.php:295
Stack trace:
#0 C:\xampp\htdocs\codi\system\Database\MySQLi\Connection.php(295): mysqli->query('SELECT *\nFROM `...', 0)
#1 C:\xampp\htdocs\codi\system\Database\BaseConnection.php(692): CodeIgniter\Database\MySQLi\Connection->execute('SELECT *\nFROM `...')
#2 C:\xampp\htdocs\codi\system\Database\BaseConnection.php(606): CodeIgniter\Database\BaseConnection->simpleQuery('SELECT *\nFROM `...')
#3 C:\xampp\htdocs\codi\system\Database\BaseBuilder.php(1616): CodeIgniter\Database\BaseConnection->query('SELECT *\nFROM `...', Array, false)
#4 C:\xampp\htdocs\codi\system\Model.php(203): CodeIgniter\Database\BaseBuilder->get()
#5 C:\xampp\htdocs\codi\system\BaseModel.php(557): CodeIgniter\Model->doFind(false, NULL)
#6 C:\xampp\htdocs\codi\app\Controllers\DesenhistaPost.php(1161): CodeIgniter\BaseModel->find()
#7 C:\xampp\htdocs\codi\system\CodeIgniter.php(934): App\Controllers\DesenhistaPost->desenho_tag_lista()
#8 C:\xampp\htdocs\codi\system\CodeIgniter.php(499): CodeIgniter\CodeIgniter->runController(Object(App\Controllers\DesenhistaPost))
#9 C:\xampp\htdocs\codi\system\CodeIgniter.php(368): CodeIgniter\CodeIgniter->handleRequest(NULL, Object(Config\Cache), false)
#10 C:\xampp\htdocs\codi\public\index.php(67): CodeIgniter\CodeIgniter->run()
#11 {main}
CRITICAL - 2023-10-26 21:50:41 --> Table 'wl.tag' doesn't exist
in SYSTEMPATH\Database\MySQLi\Connection.php on line 295.
 1 SYSTEMPATH\Database\MySQLi\Connection.php(295): mysqli->query('SELECT *
FROM `tag`', 0)
 2 SYSTEMPATH\Database\BaseConnection.php(692): CodeIgniter\Database\MySQLi\Connection->execute('SELECT *
FROM `tag`')
 3 SYSTEMPATH\Database\BaseConnection.php(606): CodeIgniter\Database\BaseConnection->simpleQuery('SELECT *
FROM `tag`')
 4 SYSTEMPATH\Database\BaseBuilder.php(1616): CodeIgniter\Database\BaseConnection->query('SELECT *
FROM `tag`', [], false)
 5 SYSTEMPATH\Model.php(203): CodeIgniter\Database\BaseBuilder->get()
 6 SYSTEMPATH\BaseModel.php(557): CodeIgniter\Model->doFind(false, null)
 7 APPPATH\Controllers\DesenhistaPost.php(1161): CodeIgniter\BaseModel->find()
 8 SYSTEMPATH\CodeIgniter.php(934): App\Controllers\DesenhistaPost->desenho_tag_lista()
 9 SYSTEMPATH\CodeIgniter.php(499): CodeIgniter\CodeIgniter->runController(Object(App\Controllers\DesenhistaPost))
10 SYSTEMPATH\CodeIgniter.php(368): CodeIgniter\CodeIgniter->handleRequest(null, Object(Config\Cache), false)
11 FCPATH\index.php(67): CodeIgniter\CodeIgniter->run()
ERROR - 2023-10-26 21:50:41 --> mysqli_sql_exception: Table 'wl.tag' doesn't exist in C:\xampp\htdocs\codi\system\Database\MySQLi\Connection.php:295
Stack trace:
#0 C:\xampp\htdocs\codi\system\Database\MySQLi\Connection.php(295): mysqli->query('SELECT *\nFROM `...', 0)
#1 C:\xampp\htdocs\codi\system\Database\BaseConnection.php(692): CodeIgniter\Database\MySQLi\Connection->execute('SELECT *\nFROM `...')
#2 C:\xampp\htdocs\codi\system\Database\BaseConnection.php(606): CodeIgniter\Database\BaseConnection->simpleQuery('SELECT *\nFROM `...')
#3 C:\xampp\htdocs\codi\system\Database\BaseBuilder.php(1616): CodeIgniter\Database\BaseConnection->query('SELECT *\nFROM `...', Array, false)
#4 C:\xampp\htdocs\codi\system\Model.php(203): CodeIgniter\Database\BaseBuilder->get()
#5 C:\xampp\htdocs\codi\system\BaseModel.php(557): CodeIgniter\Model->doFind(false, NULL)
#6 C:\xampp\htdocs\codi\app\Controllers\DesenhistaPost.php(1161): CodeIgniter\BaseModel->find()
#7 C:\xampp\htdocs\codi\system\CodeIgniter.php(934): App\Controllers\DesenhistaPost->desenho_tag_lista()
#8 C:\xampp\htdocs\codi\system\CodeIgniter.php(499): CodeIgniter\CodeIgniter->runController(Object(App\Controllers\DesenhistaPost))
#9 C:\xampp\htdocs\codi\system\CodeIgniter.php(368): CodeIgniter\CodeIgniter->handleRequest(NULL, Object(Config\Cache), false)
#10 C:\xampp\htdocs\codi\public\index.php(67): CodeIgniter\CodeIgniter->run()
#11 {main}
CRITICAL - 2023-10-26 21:50:41 --> Table 'wl.tag' doesn't exist
in SYSTEMPATH\Database\MySQLi\Connection.php on line 295.
 1 SYSTEMPATH\Database\MySQLi\Connection.php(295): mysqli->query('SELECT *
FROM `tag`', 0)
 2 SYSTEMPATH\Database\BaseConnection.php(692): CodeIgniter\Database\MySQLi\Connection->execute('SELECT *
FROM `tag`')
 3 SYSTEMPATH\Database\BaseConnection.php(606): CodeIgniter\Database\BaseConnection->simpleQuery('SELECT *
FROM `tag`')
 4 SYSTEMPATH\Database\BaseBuilder.php(1616): CodeIgniter\Database\BaseConnection->query('SELECT *
FROM `tag`', [], false)
 5 SYSTEMPATH\Model.php(203): CodeIgniter\Database\BaseBuilder->get()
 6 SYSTEMPATH\BaseModel.php(557): CodeIgniter\Model->doFind(false, null)
 7 APPPATH\Controllers\DesenhistaPost.php(1161): CodeIgniter\BaseModel->find()
 8 SYSTEMPATH\CodeIgniter.php(934): App\Controllers\DesenhistaPost->desenho_tag_lista()
 9 SYSTEMPATH\CodeIgniter.php(499): CodeIgniter\CodeIgniter->runController(Object(App\Controllers\DesenhistaPost))
10 SYSTEMPATH\CodeIgniter.php(368): CodeIgniter\CodeIgniter->handleRequest(null, Object(Config\Cache), false)
11 FCPATH\index.php(67): CodeIgniter\CodeIgniter->run()
ERROR - 2023-10-26 21:50:42 --> mysqli_sql_exception: Table 'wl.tag' doesn't exist in C:\xampp\htdocs\codi\system\Database\MySQLi\Connection.php:295
Stack trace:
#0 C:\xampp\htdocs\codi\system\Database\MySQLi\Connection.php(295): mysqli->query('SELECT *\nFROM `...', 0)
#1 C:\xampp\htdocs\codi\system\Database\BaseConnection.php(692): CodeIgniter\Database\MySQLi\Connection->execute('SELECT *\nFROM `...')
#2 C:\xampp\htdocs\codi\system\Database\BaseConnection.php(606): CodeIgniter\Database\BaseConnection->simpleQuery('SELECT *\nFROM `...')
#3 C:\xampp\htdocs\codi\system\Database\BaseBuilder.php(1616): CodeIgniter\Database\BaseConnection->query('SELECT *\nFROM `...', Array, false)
#4 C:\xampp\htdocs\codi\system\Model.php(203): CodeIgniter\Database\BaseBuilder->get()
#5 C:\xampp\htdocs\codi\system\BaseModel.php(557): CodeIgniter\Model->doFind(false, NULL)
#6 C:\xampp\htdocs\codi\app\Controllers\DesenhistaPost.php(1161): CodeIgniter\BaseModel->find()
#7 C:\xampp\htdocs\codi\system\CodeIgniter.php(934): App\Controllers\DesenhistaPost->desenho_tag_lista()
#8 C:\xampp\htdocs\codi\system\CodeIgniter.php(499): CodeIgniter\CodeIgniter->runController(Object(App\Controllers\DesenhistaPost))
#9 C:\xampp\htdocs\codi\system\CodeIgniter.php(368): CodeIgniter\CodeIgniter->handleRequest(NULL, Object(Config\Cache), false)
#10 C:\xampp\htdocs\codi\public\index.php(67): CodeIgniter\CodeIgniter->run()
#11 {main}
CRITICAL - 2023-10-26 21:50:42 --> Table 'wl.tag' doesn't exist
in SYSTEMPATH\Database\MySQLi\Connection.php on line 295.
 1 SYSTEMPATH\Database\MySQLi\Connection.php(295): mysqli->query('SELECT *
FROM `tag`', 0)
 2 SYSTEMPATH\Database\BaseConnection.php(692): CodeIgniter\Database\MySQLi\Connection->execute('SELECT *
FROM `tag`')
 3 SYSTEMPATH\Database\BaseConnection.php(606): CodeIgniter\Database\BaseConnection->simpleQuery('SELECT *
FROM `tag`')
 4 SYSTEMPATH\Database\BaseBuilder.php(1616): CodeIgniter\Database\BaseConnection->query('SELECT *
FROM `tag`', [], false)
 5 SYSTEMPATH\Model.php(203): CodeIgniter\Database\BaseBuilder->get()
 6 SYSTEMPATH\BaseModel.php(557): CodeIgniter\Model->doFind(false, null)
 7 APPPATH\Controllers\DesenhistaPost.php(1161): CodeIgniter\BaseModel->find()
 8 SYSTEMPATH\CodeIgniter.php(934): App\Controllers\DesenhistaPost->desenho_tag_lista()
 9 SYSTEMPATH\CodeIgniter.php(499): CodeIgniter\CodeIgniter->runController(Object(App\Controllers\DesenhistaPost))
10 SYSTEMPATH\CodeIgniter.php(368): CodeIgniter\CodeIgniter->handleRequest(null, Object(Config\Cache), false)
11 FCPATH\index.php(67): CodeIgniter\CodeIgniter->run()
ERROR - 2023-10-26 21:50:42 --> mysqli_sql_exception: Table 'wl.tag' doesn't exist in C:\xampp\htdocs\codi\system\Database\MySQLi\Connection.php:295
Stack trace:
#0 C:\xampp\htdocs\codi\system\Database\MySQLi\Connection.php(295): mysqli->query('SELECT *\nFROM `...', 0)
#1 C:\xampp\htdocs\codi\system\Database\BaseConnection.php(692): CodeIgniter\Database\MySQLi\Connection->execute('SELECT *\nFROM `...')
#2 C:\xampp\htdocs\codi\system\Database\BaseConnection.php(606): CodeIgniter\Database\BaseConnection->simpleQuery('SELECT *\nFROM `...')
#3 C:\xampp\htdocs\codi\system\Database\BaseBuilder.php(1616): CodeIgniter\Database\BaseConnection->query('SELECT *\nFROM `...', Array, false)
#4 C:\xampp\htdocs\codi\system\Model.php(203): CodeIgniter\Database\BaseBuilder->get()
#5 C:\xampp\htdocs\codi\system\BaseModel.php(557): CodeIgniter\Model->doFind(false, NULL)
#6 C:\xampp\htdocs\codi\app\Controllers\DesenhistaPost.php(1161): CodeIgniter\BaseModel->find()
#7 C:\xampp\htdocs\codi\system\CodeIgniter.php(934): App\Controllers\DesenhistaPost->desenho_tag_lista()
#8 C:\xampp\htdocs\codi\system\CodeIgniter.php(499): CodeIgniter\CodeIgniter->runController(Object(App\Controllers\DesenhistaPost))
#9 C:\xampp\htdocs\codi\system\CodeIgniter.php(368): CodeIgniter\CodeIgniter->handleRequest(NULL, Object(Config\Cache), false)
#10 C:\xampp\htdocs\codi\public\index.php(67): CodeIgniter\CodeIgniter->run()
#11 {main}
CRITICAL - 2023-10-26 21:50:42 --> Table 'wl.tag' doesn't exist
in SYSTEMPATH\Database\MySQLi\Connection.php on line 295.
 1 SYSTEMPATH\Database\MySQLi\Connection.php(295): mysqli->query('SELECT *
FROM `tag`', 0)
 2 SYSTEMPATH\Database\BaseConnection.php(692): CodeIgniter\Database\MySQLi\Connection->execute('SELECT *
FROM `tag`')
 3 SYSTEMPATH\Database\BaseConnection.php(606): CodeIgniter\Database\BaseConnection->simpleQuery('SELECT *
FROM `tag`')
 4 SYSTEMPATH\Database\BaseBuilder.php(1616): CodeIgniter\Database\BaseConnection->query('SELECT *
FROM `tag`', [], false)
 5 SYSTEMPATH\Model.php(203): CodeIgniter\Database\BaseBuilder->get()
 6 SYSTEMPATH\BaseModel.php(557): CodeIgniter\Model->doFind(false, null)
 7 APPPATH\Controllers\DesenhistaPost.php(1161): CodeIgniter\BaseModel->find()
 8 SYSTEMPATH\CodeIgniter.php(934): App\Controllers\DesenhistaPost->desenho_tag_lista()
 9 SYSTEMPATH\CodeIgniter.php(499): CodeIgniter\CodeIgniter->runController(Object(App\Controllers\DesenhistaPost))
10 SYSTEMPATH\CodeIgniter.php(368): CodeIgniter\CodeIgniter->handleRequest(null, Object(Config\Cache), false)
11 FCPATH\index.php(67): CodeIgniter\CodeIgniter->run()
ERROR - 2023-10-26 21:50:43 --> mysqli_sql_exception: Table 'wl.tag' doesn't exist in C:\xampp\htdocs\codi\system\Database\MySQLi\Connection.php:295
Stack trace:
#0 C:\xampp\htdocs\codi\system\Database\MySQLi\Connection.php(295): mysqli->query('SELECT *\nFROM `...', 0)
#1 C:\xampp\htdocs\codi\system\Database\BaseConnection.php(692): CodeIgniter\Database\MySQLi\Connection->execute('SELECT *\nFROM `...')
#2 C:\xampp\htdocs\codi\system\Database\BaseConnection.php(606): CodeIgniter\Database\BaseConnection->simpleQuery('SELECT *\nFROM `...')
#3 C:\xampp\htdocs\codi\system\Database\BaseBuilder.php(1616): CodeIgniter\Database\BaseConnection->query('SELECT *\nFROM `...', Array, false)
#4 C:\xampp\htdocs\codi\system\Model.php(203): CodeIgniter\Database\BaseBuilder->get()
#5 C:\xampp\htdocs\codi\system\BaseModel.php(557): CodeIgniter\Model->doFind(false, NULL)
#6 C:\xampp\htdocs\codi\app\Controllers\DesenhistaPost.php(1161): CodeIgniter\BaseModel->find()
#7 C:\xampp\htdocs\codi\system\CodeIgniter.php(934): App\Controllers\DesenhistaPost->desenho_tag_lista()
#8 C:\xampp\htdocs\codi\system\CodeIgniter.php(499): CodeIgniter\CodeIgniter->runController(Object(App\Controllers\DesenhistaPost))
#9 C:\xampp\htdocs\codi\system\CodeIgniter.php(368): CodeIgniter\CodeIgniter->handleRequest(NULL, Object(Config\Cache), false)
#10 C:\xampp\htdocs\codi\public\index.php(67): CodeIgniter\CodeIgniter->run()
#11 {main}
CRITICAL - 2023-10-26 21:50:43 --> Table 'wl.tag' doesn't exist
in SYSTEMPATH\Database\MySQLi\Connection.php on line 295.
 1 SYSTEMPATH\Database\MySQLi\Connection.php(295): mysqli->query('SELECT *
FROM `tag`', 0)
 2 SYSTEMPATH\Database\BaseConnection.php(692): CodeIgniter\Database\MySQLi\Connection->execute('SELECT *
FROM `tag`')
 3 SYSTEMPATH\Database\BaseConnection.php(606): CodeIgniter\Database\BaseConnection->simpleQuery('SELECT *
FROM `tag`')
 4 SYSTEMPATH\Database\BaseBuilder.php(1616): CodeIgniter\Database\BaseConnection->query('SELECT *
FROM `tag`', [], false)
 5 SYSTEMPATH\Model.php(203): CodeIgniter\Database\BaseBuilder->get()
 6 SYSTEMPATH\BaseModel.php(557): CodeIgniter\Model->doFind(false, null)
 7 APPPATH\Controllers\DesenhistaPost.php(1161): CodeIgniter\BaseModel->find()
 8 SYSTEMPATH\CodeIgniter.php(934): App\Controllers\DesenhistaPost->desenho_tag_lista()
 9 SYSTEMPATH\CodeIgniter.php(499): CodeIgniter\CodeIgniter->runController(Object(App\Controllers\DesenhistaPost))
10 SYSTEMPATH\CodeIgniter.php(368): CodeIgniter\CodeIgniter->handleRequest(null, Object(Config\Cache), false)
11 FCPATH\index.php(67): CodeIgniter\CodeIgniter->run()
ERROR - 2023-10-26 21:50:43 --> mysqli_sql_exception: Table 'wl.tag' doesn't exist in C:\xampp\htdocs\codi\system\Database\MySQLi\Connection.php:295
Stack trace:
#0 C:\xampp\htdocs\codi\system\Database\MySQLi\Connection.php(295): mysqli->query('SELECT *\nFROM `...', 0)
#1 C:\xampp\htdocs\codi\system\Database\BaseConnection.php(692): CodeIgniter\Database\MySQLi\Connection->execute('SELECT *\nFROM `...')
#2 C:\xampp\htdocs\codi\system\Database\BaseConnection.php(606): CodeIgniter\Database\BaseConnection->simpleQuery('SELECT *\nFROM `...')
#3 C:\xampp\htdocs\codi\system\Database\BaseBuilder.php(1616): CodeIgniter\Database\BaseConnection->query('SELECT *\nFROM `...', Array, false)
#4 C:\xampp\htdocs\codi\system\Model.php(203): CodeIgniter\Database\BaseBuilder->get()
#5 C:\xampp\htdocs\codi\system\BaseModel.php(557): CodeIgniter\Model->doFind(false, NULL)
#6 C:\xampp\htdocs\codi\app\Controllers\DesenhistaPost.php(1161): CodeIgniter\BaseModel->find()
#7 C:\xampp\htdocs\codi\system\CodeIgniter.php(934): App\Controllers\DesenhistaPost->desenho_tag_lista()
#8 C:\xampp\htdocs\codi\system\CodeIgniter.php(499): CodeIgniter\CodeIgniter->runController(Object(App\Controllers\DesenhistaPost))
#9 C:\xampp\htdocs\codi\system\CodeIgniter.php(368): CodeIgniter\CodeIgniter->handleRequest(NULL, Object(Config\Cache), false)
#10 C:\xampp\htdocs\codi\public\index.php(67): CodeIgniter\CodeIgniter->run()
#11 {main}
CRITICAL - 2023-10-26 21:50:43 --> Table 'wl.tag' doesn't exist
in SYSTEMPATH\Database\MySQLi\Connection.php on line 295.
 1 SYSTEMPATH\Database\MySQLi\Connection.php(295): mysqli->query('SELECT *
FROM `tag`', 0)
 2 SYSTEMPATH\Database\BaseConnection.php(692): CodeIgniter\Database\MySQLi\Connection->execute('SELECT *
FROM `tag`')
 3 SYSTEMPATH\Database\BaseConnection.php(606): CodeIgniter\Database\BaseConnection->simpleQuery('SELECT *
FROM `tag`')
 4 SYSTEMPATH\Database\BaseBuilder.php(1616): CodeIgniter\Database\BaseConnection->query('SELECT *
FROM `tag`', [], false)
 5 SYSTEMPATH\Model.php(203): CodeIgniter\Database\BaseBuilder->get()
 6 SYSTEMPATH\BaseModel.php(557): CodeIgniter\Model->doFind(false, null)
 7 APPPATH\Controllers\DesenhistaPost.php(1161): CodeIgniter\BaseModel->find()
 8 SYSTEMPATH\CodeIgniter.php(934): App\Controllers\DesenhistaPost->desenho_tag_lista()
 9 SYSTEMPATH\CodeIgniter.php(499): CodeIgniter\CodeIgniter->runController(Object(App\Controllers\DesenhistaPost))
10 SYSTEMPATH\CodeIgniter.php(368): CodeIgniter\CodeIgniter->handleRequest(null, Object(Config\Cache), false)
11 FCPATH\index.php(67): CodeIgniter\CodeIgniter->run()
ERROR - 2023-10-26 21:50:44 --> mysqli_sql_exception: Table 'wl.tag' doesn't exist in C:\xampp\htdocs\codi\system\Database\MySQLi\Connection.php:295
Stack trace:
#0 C:\xampp\htdocs\codi\system\Database\MySQLi\Connection.php(295): mysqli->query('SELECT *\nFROM `...', 0)
#1 C:\xampp\htdocs\codi\system\Database\BaseConnection.php(692): CodeIgniter\Database\MySQLi\Connection->execute('SELECT *\nFROM `...')
#2 C:\xampp\htdocs\codi\system\Database\BaseConnection.php(606): CodeIgniter\Database\BaseConnection->simpleQuery('SELECT *\nFROM `...')
#3 C:\xampp\htdocs\codi\system\Database\BaseBuilder.php(1616): CodeIgniter\Database\BaseConnection->query('SELECT *\nFROM `...', Array, false)
#4 C:\xampp\htdocs\codi\system\Model.php(203): CodeIgniter\Database\BaseBuilder->get()
#5 C:\xampp\htdocs\codi\system\BaseModel.php(557): CodeIgniter\Model->doFind(false, NULL)
#6 C:\xampp\htdocs\codi\app\Controllers\DesenhistaPost.php(1161): CodeIgniter\BaseModel->find()
#7 C:\xampp\htdocs\codi\system\CodeIgniter.php(934): App\Controllers\DesenhistaPost->desenho_tag_lista()
#8 C:\xampp\htdocs\codi\system\CodeIgniter.php(499): CodeIgniter\CodeIgniter->runController(Object(App\Controllers\DesenhistaPost))
#9 C:\xampp\htdocs\codi\system\CodeIgniter.php(368): CodeIgniter\CodeIgniter->handleRequest(NULL, Object(Config\Cache), false)
#10 C:\xampp\htdocs\codi\public\index.php(67): CodeIgniter\CodeIgniter->run()
#11 {main}
CRITICAL - 2023-10-26 21:50:44 --> Table 'wl.tag' doesn't exist
in SYSTEMPATH\Database\MySQLi\Connection.php on line 295.
 1 SYSTEMPATH\Database\MySQLi\Connection.php(295): mysqli->query('SELECT *
FROM `tag`', 0)
 2 SYSTEMPATH\Database\BaseConnection.php(692): CodeIgniter\Database\MySQLi\Connection->execute('SELECT *
FROM `tag`')
 3 SYSTEMPATH\Database\BaseConnection.php(606): CodeIgniter\Database\BaseConnection->simpleQuery('SELECT *
FROM `tag`')
 4 SYSTEMPATH\Database\BaseBuilder.php(1616): CodeIgniter\Database\BaseConnection->query('SELECT *
FROM `tag`', [], false)
 5 SYSTEMPATH\Model.php(203): CodeIgniter\Database\BaseBuilder->get()
 6 SYSTEMPATH\BaseModel.php(557): CodeIgniter\Model->doFind(false, null)
 7 APPPATH\Controllers\DesenhistaPost.php(1161): CodeIgniter\BaseModel->find()
 8 SYSTEMPATH\CodeIgniter.php(934): App\Controllers\DesenhistaPost->desenho_tag_lista()
 9 SYSTEMPATH\CodeIgniter.php(499): CodeIgniter\CodeIgniter->runController(Object(App\Controllers\DesenhistaPost))
10 SYSTEMPATH\CodeIgniter.php(368): CodeIgniter\CodeIgniter->handleRequest(null, Object(Config\Cache), false)
11 FCPATH\index.php(67): CodeIgniter\CodeIgniter->run()
ERROR - 2023-10-26 21:50:44 --> mysqli_sql_exception: Table 'wl.tag' doesn't exist in C:\xampp\htdocs\codi\system\Database\MySQLi\Connection.php:295
Stack trace:
#0 C:\xampp\htdocs\codi\system\Database\MySQLi\Connection.php(295): mysqli->query('SELECT *\nFROM `...', 0)
#1 C:\xampp\htdocs\codi\system\Database\BaseConnection.php(692): CodeIgniter\Database\MySQLi\Connection->execute('SELECT *\nFROM `...')
#2 C:\xampp\htdocs\codi\system\Database\BaseConnection.php(606): CodeIgniter\Database\BaseConnection->simpleQuery('SELECT *\nFROM `...')
#3 C:\xampp\htdocs\codi\system\Database\BaseBuilder.php(1616): CodeIgniter\Database\BaseConnection->query('SELECT *\nFROM `...', Array, false)
#4 C:\xampp\htdocs\codi\system\Model.php(203): CodeIgniter\Database\BaseBuilder->get()
#5 C:\xampp\htdocs\codi\system\BaseModel.php(557): CodeIgniter\Model->doFind(false, NULL)
#6 C:\xampp\htdocs\codi\app\Controllers\DesenhistaPost.php(1161): CodeIgniter\BaseModel->find()
#7 C:\xampp\htdocs\codi\system\CodeIgniter.php(934): App\Controllers\DesenhistaPost->desenho_tag_lista()
#8 C:\xampp\htdocs\codi\system\CodeIgniter.php(499): CodeIgniter\CodeIgniter->runController(Object(App\Controllers\DesenhistaPost))
#9 C:\xampp\htdocs\codi\system\CodeIgniter.php(368): CodeIgniter\CodeIgniter->handleRequest(NULL, Object(Config\Cache), false)
#10 C:\xampp\htdocs\codi\public\index.php(67): CodeIgniter\CodeIgniter->run()
#11 {main}
CRITICAL - 2023-10-26 21:50:44 --> Table 'wl.tag' doesn't exist
in SYSTEMPATH\Database\MySQLi\Connection.php on line 295.
 1 SYSTEMPATH\Database\MySQLi\Connection.php(295): mysqli->query('SELECT *
FROM `tag`', 0)
 2 SYSTEMPATH\Database\BaseConnection.php(692): CodeIgniter\Database\MySQLi\Connection->execute('SELECT *
FROM `tag`')
 3 SYSTEMPATH\Database\BaseConnection.php(606): CodeIgniter\Database\BaseConnection->simpleQuery('SELECT *
FROM `tag`')
 4 SYSTEMPATH\Database\BaseBuilder.php(1616): CodeIgniter\Database\BaseConnection->query('SELECT *
FROM `tag`', [], false)
 5 SYSTEMPATH\Model.php(203): CodeIgniter\Database\BaseBuilder->get()
 6 SYSTEMPATH\BaseModel.php(557): CodeIgniter\Model->doFind(false, null)
 7 APPPATH\Controllers\DesenhistaPost.php(1161): CodeIgniter\BaseModel->find()
 8 SYSTEMPATH\CodeIgniter.php(934): App\Controllers\DesenhistaPost->desenho_tag_lista()
 9 SYSTEMPATH\CodeIgniter.php(499): CodeIgniter\CodeIgniter->runController(Object(App\Controllers\DesenhistaPost))
10 SYSTEMPATH\CodeIgniter.php(368): CodeIgniter\CodeIgniter->handleRequest(null, Object(Config\Cache), false)
11 FCPATH\index.php(67): CodeIgniter\CodeIgniter->run()
ERROR - 2023-10-26 21:50:45 --> mysqli_sql_exception: Table 'wl.tag' doesn't exist in C:\xampp\htdocs\codi\system\Database\MySQLi\Connection.php:295
Stack trace:
#0 C:\xampp\htdocs\codi\system\Database\MySQLi\Connection.php(295): mysqli->query('SELECT *\nFROM `...', 0)
#1 C:\xampp\htdocs\codi\system\Database\BaseConnection.php(692): CodeIgniter\Database\MySQLi\Connection->execute('SELECT *\nFROM `...')
#2 C:\xampp\htdocs\codi\system\Database\BaseConnection.php(606): CodeIgniter\Database\BaseConnection->simpleQuery('SELECT *\nFROM `...')
#3 C:\xampp\htdocs\codi\system\Database\BaseBuilder.php(1616): CodeIgniter\Database\BaseConnection->query('SELECT *\nFROM `...', Array, false)
#4 C:\xampp\htdocs\codi\system\Model.php(203): CodeIgniter\Database\BaseBuilder->get()
#5 C:\xampp\htdocs\codi\system\BaseModel.php(557): CodeIgniter\Model->doFind(false, NULL)
#6 C:\xampp\htdocs\codi\app\Controllers\DesenhistaPost.php(1161): CodeIgniter\BaseModel->find()
#7 C:\xampp\htdocs\codi\system\CodeIgniter.php(934): App\Controllers\DesenhistaPost->desenho_tag_lista()
#8 C:\xampp\htdocs\codi\system\CodeIgniter.php(499): CodeIgniter\CodeIgniter->runController(Object(App\Controllers\DesenhistaPost))
#9 C:\xampp\htdocs\codi\system\CodeIgniter.php(368): CodeIgniter\CodeIgniter->handleRequest(NULL, Object(Config\Cache), false)
#10 C:\xampp\htdocs\codi\public\index.php(67): CodeIgniter\CodeIgniter->run()
#11 {main}
CRITICAL - 2023-10-26 21:50:45 --> Table 'wl.tag' doesn't exist
in SYSTEMPATH\Database\MySQLi\Connection.php on line 295.
 1 SYSTEMPATH\Database\MySQLi\Connection.php(295): mysqli->query('SELECT *
FROM `tag`', 0)
 2 SYSTEMPATH\Database\BaseConnection.php(692): CodeIgniter\Database\MySQLi\Connection->execute('SELECT *
FROM `tag`')
 3 SYSTEMPATH\Database\BaseConnection.php(606): CodeIgniter\Database\BaseConnection->simpleQuery('SELECT *
FROM `tag`')
 4 SYSTEMPATH\Database\BaseBuilder.php(1616): CodeIgniter\Database\BaseConnection->query('SELECT *
FROM `tag`', [], false)
 5 SYSTEMPATH\Model.php(203): CodeIgniter\Database\BaseBuilder->get()
 6 SYSTEMPATH\BaseModel.php(557): CodeIgniter\Model->doFind(false, null)
 7 APPPATH\Controllers\DesenhistaPost.php(1161): CodeIgniter\BaseModel->find()
 8 SYSTEMPATH\CodeIgniter.php(934): App\Controllers\DesenhistaPost->desenho_tag_lista()
 9 SYSTEMPATH\CodeIgniter.php(499): CodeIgniter\CodeIgniter->runController(Object(App\Controllers\DesenhistaPost))
10 SYSTEMPATH\CodeIgniter.php(368): CodeIgniter\CodeIgniter->handleRequest(null, Object(Config\Cache), false)
11 FCPATH\index.php(67): CodeIgniter\CodeIgniter->run()
ERROR - 2023-10-26 21:50:45 --> mysqli_sql_exception: Table 'wl.tag' doesn't exist in C:\xampp\htdocs\codi\system\Database\MySQLi\Connection.php:295
Stack trace:
#0 C:\xampp\htdocs\codi\system\Database\MySQLi\Connection.php(295): mysqli->query('SELECT *\nFROM `...', 0)
#1 C:\xampp\htdocs\codi\system\Database\BaseConnection.php(692): CodeIgniter\Database\MySQLi\Connection->execute('SELECT *\nFROM `...')
#2 C:\xampp\htdocs\codi\system\Database\BaseConnection.php(606): CodeIgniter\Database\BaseConnection->simpleQuery('SELECT *\nFROM `...')
#3 C:\xampp\htdocs\codi\system\Database\BaseBuilder.php(1616): CodeIgniter\Database\BaseConnection->query('SELECT *\nFROM `...', Array, false)
#4 C:\xampp\htdocs\codi\system\Model.php(203): CodeIgniter\Database\BaseBuilder->get()
#5 C:\xampp\htdocs\codi\system\BaseModel.php(557): CodeIgniter\Model->doFind(false, NULL)
#6 C:\xampp\htdocs\codi\app\Controllers\DesenhistaPost.php(1161): CodeIgniter\BaseModel->find()
#7 C:\xampp\htdocs\codi\system\CodeIgniter.php(934): App\Controllers\DesenhistaPost->desenho_tag_lista()
#8 C:\xampp\htdocs\codi\system\CodeIgniter.php(499): CodeIgniter\CodeIgniter->runController(Object(App\Controllers\DesenhistaPost))
#9 C:\xampp\htdocs\codi\system\CodeIgniter.php(368): CodeIgniter\CodeIgniter->handleRequest(NULL, Object(Config\Cache), false)
#10 C:\xampp\htdocs\codi\public\index.php(67): CodeIgniter\CodeIgniter->run()
#11 {main}
CRITICAL - 2023-10-26 21:50:45 --> Table 'wl.tag' doesn't exist
in SYSTEMPATH\Database\MySQLi\Connection.php on line 295.
 1 SYSTEMPATH\Database\MySQLi\Connection.php(295): mysqli->query('SELECT *
FROM `tag`', 0)
 2 SYSTEMPATH\Database\BaseConnection.php(692): CodeIgniter\Database\MySQLi\Connection->execute('SELECT *
FROM `tag`')
 3 SYSTEMPATH\Database\BaseConnection.php(606): CodeIgniter\Database\BaseConnection->simpleQuery('SELECT *
FROM `tag`')
 4 SYSTEMPATH\Database\BaseBuilder.php(1616): CodeIgniter\Database\BaseConnection->query('SELECT *
FROM `tag`', [], false)
 5 SYSTEMPATH\Model.php(203): CodeIgniter\Database\BaseBuilder->get()
 6 SYSTEMPATH\BaseModel.php(557): CodeIgniter\Model->doFind(false, null)
 7 APPPATH\Controllers\DesenhistaPost.php(1161): CodeIgniter\BaseModel->find()
 8 SYSTEMPATH\CodeIgniter.php(934): App\Controllers\DesenhistaPost->desenho_tag_lista()
 9 SYSTEMPATH\CodeIgniter.php(499): CodeIgniter\CodeIgniter->runController(Object(App\Controllers\DesenhistaPost))
10 SYSTEMPATH\CodeIgniter.php(368): CodeIgniter\CodeIgniter->handleRequest(null, Object(Config\Cache), false)
11 FCPATH\index.php(67): CodeIgniter\CodeIgniter->run()
ERROR - 2023-10-26 21:50:46 --> mysqli_sql_exception: Table 'wl.tag' doesn't exist in C:\xampp\htdocs\codi\system\Database\MySQLi\Connection.php:295
Stack trace:
#0 C:\xampp\htdocs\codi\system\Database\MySQLi\Connection.php(295): mysqli->query('SELECT *\nFROM `...', 0)
#1 C:\xampp\htdocs\codi\system\Database\BaseConnection.php(692): CodeIgniter\Database\MySQLi\Connection->execute('SELECT *\nFROM `...')
#2 C:\xampp\htdocs\codi\system\Database\BaseConnection.php(606): CodeIgniter\Database\BaseConnection->simpleQuery('SELECT *\nFROM `...')
#3 C:\xampp\htdocs\codi\system\Database\BaseBuilder.php(1616): CodeIgniter\Database\BaseConnection->query('SELECT *\nFROM `...', Array, false)
#4 C:\xampp\htdocs\codi\system\Model.php(203): CodeIgniter\Database\BaseBuilder->get()
#5 C:\xampp\htdocs\codi\system\BaseModel.php(557): CodeIgniter\Model->doFind(false, NULL)
#6 C:\xampp\htdocs\codi\app\Controllers\DesenhistaPost.php(1161): CodeIgniter\BaseModel->find()
#7 C:\xampp\htdocs\codi\system\CodeIgniter.php(934): App\Controllers\DesenhistaPost->desenho_tag_lista()
#8 C:\xampp\htdocs\codi\system\CodeIgniter.php(499): CodeIgniter\CodeIgniter->runController(Object(App\Controllers\DesenhistaPost))
#9 C:\xampp\htdocs\codi\system\CodeIgniter.php(368): CodeIgniter\CodeIgniter->handleRequest(NULL, Object(Config\Cache), false)
#10 C:\xampp\htdocs\codi\public\index.php(67): CodeIgniter\CodeIgniter->run()
#11 {main}
CRITICAL - 2023-10-26 21:50:46 --> Table 'wl.tag' doesn't exist
in SYSTEMPATH\Database\MySQLi\Connection.php on line 295.
 1 SYSTEMPATH\Database\MySQLi\Connection.php(295): mysqli->query('SELECT *
FROM `tag`', 0)
 2 SYSTEMPATH\Database\BaseConnection.php(692): CodeIgniter\Database\MySQLi\Connection->execute('SELECT *
FROM `tag`')
 3 SYSTEMPATH\Database\BaseConnection.php(606): CodeIgniter\Database\BaseConnection->simpleQuery('SELECT *
FROM `tag`')
 4 SYSTEMPATH\Database\BaseBuilder.php(1616): CodeIgniter\Database\BaseConnection->query('SELECT *
FROM `tag`', [], false)
 5 SYSTEMPATH\Model.php(203): CodeIgniter\Database\BaseBuilder->get()
 6 SYSTEMPATH\BaseModel.php(557): CodeIgniter\Model->doFind(false, null)
 7 APPPATH\Controllers\DesenhistaPost.php(1161): CodeIgniter\BaseModel->find()
 8 SYSTEMPATH\CodeIgniter.php(934): App\Controllers\DesenhistaPost->desenho_tag_lista()
 9 SYSTEMPATH\CodeIgniter.php(499): CodeIgniter\CodeIgniter->runController(Object(App\Controllers\DesenhistaPost))
10 SYSTEMPATH\CodeIgniter.php(368): CodeIgniter\CodeIgniter->handleRequest(null, Object(Config\Cache), false)
11 FCPATH\index.php(67): CodeIgniter\CodeIgniter->run()
ERROR - 2023-10-26 21:50:46 --> mysqli_sql_exception: Table 'wl.tag' doesn't exist in C:\xampp\htdocs\codi\system\Database\MySQLi\Connection.php:295
Stack trace:
#0 C:\xampp\htdocs\codi\system\Database\MySQLi\Connection.php(295): mysqli->query('SELECT *\nFROM `...', 0)
#1 C:\xampp\htdocs\codi\system\Database\BaseConnection.php(692): CodeIgniter\Database\MySQLi\Connection->execute('SELECT *\nFROM `...')
#2 C:\xampp\htdocs\codi\system\Database\BaseConnection.php(606): CodeIgniter\Database\BaseConnection->simpleQuery('SELECT *\nFROM `...')
#3 C:\xampp\htdocs\codi\system\Database\BaseBuilder.php(1616): CodeIgniter\Database\BaseConnection->query('SELECT *\nFROM `...', Array, false)
#4 C:\xampp\htdocs\codi\system\Model.php(203): CodeIgniter\Database\BaseBuilder->get()
#5 C:\xampp\htdocs\codi\system\BaseModel.php(557): CodeIgniter\Model->doFind(false, NULL)
#6 C:\xampp\htdocs\codi\app\Controllers\DesenhistaPost.php(1161): CodeIgniter\BaseModel->find()
#7 C:\xampp\htdocs\codi\system\CodeIgniter.php(934): App\Controllers\DesenhistaPost->desenho_tag_lista()
#8 C:\xampp\htdocs\codi\system\CodeIgniter.php(499): CodeIgniter\CodeIgniter->runController(Object(App\Controllers\DesenhistaPost))
#9 C:\xampp\htdocs\codi\system\CodeIgniter.php(368): CodeIgniter\CodeIgniter->handleRequest(NULL, Object(Config\Cache), false)
#10 C:\xampp\htdocs\codi\public\index.php(67): CodeIgniter\CodeIgniter->run()
#11 {main}
CRITICAL - 2023-10-26 21:50:46 --> Table 'wl.tag' doesn't exist
in SYSTEMPATH\Database\MySQLi\Connection.php on line 295.
 1 SYSTEMPATH\Database\MySQLi\Connection.php(295): mysqli->query('SELECT *
FROM `tag`', 0)
 2 SYSTEMPATH\Database\BaseConnection.php(692): CodeIgniter\Database\MySQLi\Connection->execute('SELECT *
FROM `tag`')
 3 SYSTEMPATH\Database\BaseConnection.php(606): CodeIgniter\Database\BaseConnection->simpleQuery('SELECT *
FROM `tag`')
 4 SYSTEMPATH\Database\BaseBuilder.php(1616): CodeIgniter\Database\BaseConnection->query('SELECT *
FROM `tag`', [], false)
 5 SYSTEMPATH\Model.php(203): CodeIgniter\Database\BaseBuilder->get()
 6 SYSTEMPATH\BaseModel.php(557): CodeIgniter\Model->doFind(false, null)
 7 APPPATH\Controllers\DesenhistaPost.php(1161): CodeIgniter\BaseModel->find()
 8 SYSTEMPATH\CodeIgniter.php(934): App\Controllers\DesenhistaPost->desenho_tag_lista()
 9 SYSTEMPATH\CodeIgniter.php(499): CodeIgniter\CodeIgniter->runController(Object(App\Controllers\DesenhistaPost))
10 SYSTEMPATH\CodeIgniter.php(368): CodeIgniter\CodeIgniter->handleRequest(null, Object(Config\Cache), false)
11 FCPATH\index.php(67): CodeIgniter\CodeIgniter->run()
ERROR - 2023-10-26 21:50:47 --> mysqli_sql_exception: Table 'wl.tag' doesn't exist in C:\xampp\htdocs\codi\system\Database\MySQLi\Connection.php:295
Stack trace:
#0 C:\xampp\htdocs\codi\system\Database\MySQLi\Connection.php(295): mysqli->query('SELECT *\nFROM `...', 0)
#1 C:\xampp\htdocs\codi\system\Database\BaseConnection.php(692): CodeIgniter\Database\MySQLi\Connection->execute('SELECT *\nFROM `...')
#2 C:\xampp\htdocs\codi\system\Database\BaseConnection.php(606): CodeIgniter\Database\BaseConnection->simpleQuery('SELECT *\nFROM `...')
#3 C:\xampp\htdocs\codi\system\Database\BaseBuilder.php(1616): CodeIgniter\Database\BaseConnection->query('SELECT *\nFROM `...', Array, false)
#4 C:\xampp\htdocs\codi\system\Model.php(203): CodeIgniter\Database\BaseBuilder->get()
#5 C:\xampp\htdocs\codi\system\BaseModel.php(557): CodeIgniter\Model->doFind(false, NULL)
#6 C:\xampp\htdocs\codi\app\Controllers\DesenhistaPost.php(1161): CodeIgniter\BaseModel->find()
#7 C:\xampp\htdocs\codi\system\CodeIgniter.php(934): App\Controllers\DesenhistaPost->desenho_tag_lista()
#8 C:\xampp\htdocs\codi\system\CodeIgniter.php(499): CodeIgniter\CodeIgniter->runController(Object(App\Controllers\DesenhistaPost))
#9 C:\xampp\htdocs\codi\system\CodeIgniter.php(368): CodeIgniter\CodeIgniter->handleRequest(NULL, Object(Config\Cache), false)
#10 C:\xampp\htdocs\codi\public\index.php(67): CodeIgniter\CodeIgniter->run()
#11 {main}
CRITICAL - 2023-10-26 21:50:47 --> Table 'wl.tag' doesn't exist
in SYSTEMPATH\Database\MySQLi\Connection.php on line 295.
 1 SYSTEMPATH\Database\MySQLi\Connection.php(295): mysqli->query('SELECT *
FROM `tag`', 0)
 2 SYSTEMPATH\Database\BaseConnection.php(692): CodeIgniter\Database\MySQLi\Connection->execute('SELECT *
FROM `tag`')
 3 SYSTEMPATH\Database\BaseConnection.php(606): CodeIgniter\Database\BaseConnection->simpleQuery('SELECT *
FROM `tag`')
 4 SYSTEMPATH\Database\BaseBuilder.php(1616): CodeIgniter\Database\BaseConnection->query('SELECT *
FROM `tag`', [], false)
 5 SYSTEMPATH\Model.php(203): CodeIgniter\Database\BaseBuilder->get()
 6 SYSTEMPATH\BaseModel.php(557): CodeIgniter\Model->doFind(false, null)
 7 APPPATH\Controllers\DesenhistaPost.php(1161): CodeIgniter\BaseModel->find()
 8 SYSTEMPATH\CodeIgniter.php(934): App\Controllers\DesenhistaPost->desenho_tag_lista()
 9 SYSTEMPATH\CodeIgniter.php(499): CodeIgniter\CodeIgniter->runController(Object(App\Controllers\DesenhistaPost))
10 SYSTEMPATH\CodeIgniter.php(368): CodeIgniter\CodeIgniter->handleRequest(null, Object(Config\Cache), false)
11 FCPATH\index.php(67): CodeIgniter\CodeIgniter->run()
ERROR - 2023-10-26 21:50:47 --> mysqli_sql_exception: Table 'wl.tag' doesn't exist in C:\xampp\htdocs\codi\system\Database\MySQLi\Connection.php:295
Stack trace:
#0 C:\xampp\htdocs\codi\system\Database\MySQLi\Connection.php(295): mysqli->query('SELECT *\nFROM `...', 0)
#1 C:\xampp\htdocs\codi\system\Database\BaseConnection.php(692): CodeIgniter\Database\MySQLi\Connection->execute('SELECT *\nFROM `...')
#2 C:\xampp\htdocs\codi\system\Database\BaseConnection.php(606): CodeIgniter\Database\BaseConnection->simpleQuery('SELECT *\nFROM `...')
#3 C:\xampp\htdocs\codi\system\Database\BaseBuilder.php(1616): CodeIgniter\Database\BaseConnection->query('SELECT *\nFROM `...', Array, false)
#4 C:\xampp\htdocs\codi\system\Model.php(203): CodeIgniter\Database\BaseBuilder->get()
#5 C:\xampp\htdocs\codi\system\BaseModel.php(557): CodeIgniter\Model->doFind(false, NULL)
#6 C:\xampp\htdocs\codi\app\Controllers\DesenhistaPost.php(1161): CodeIgniter\BaseModel->find()
#7 C:\xampp\htdocs\codi\system\CodeIgniter.php(934): App\Controllers\DesenhistaPost->desenho_tag_lista()
#8 C:\xampp\htdocs\codi\system\CodeIgniter.php(499): CodeIgniter\CodeIgniter->runController(Object(App\Controllers\DesenhistaPost))
#9 C:\xampp\htdocs\codi\system\CodeIgniter.php(368): CodeIgniter\CodeIgniter->handleRequest(NULL, Object(Config\Cache), false)
#10 C:\xampp\htdocs\codi\public\index.php(67): CodeIgniter\CodeIgniter->run()
#11 {main}
CRITICAL - 2023-10-26 21:50:47 --> Table 'wl.tag' doesn't exist
in SYSTEMPATH\Database\MySQLi\Connection.php on line 295.
 1 SYSTEMPATH\Database\MySQLi\Connection.php(295): mysqli->query('SELECT *
FROM `tag`', 0)
 2 SYSTEMPATH\Database\BaseConnection.php(692): CodeIgniter\Database\MySQLi\Connection->execute('SELECT *
FROM `tag`')
 3 SYSTEMPATH\Database\BaseConnection.php(606): CodeIgniter\Database\BaseConnection->simpleQuery('SELECT *
FROM `tag`')
 4 SYSTEMPATH\Database\BaseBuilder.php(1616): CodeIgniter\Database\BaseConnection->query('SELECT *
FROM `tag`', [], false)
 5 SYSTEMPATH\Model.php(203): CodeIgniter\Database\BaseBuilder->get()
 6 SYSTEMPATH\BaseModel.php(557): CodeIgniter\Model->doFind(false, null)
 7 APPPATH\Controllers\DesenhistaPost.php(1161): CodeIgniter\BaseModel->find()
 8 SYSTEMPATH\CodeIgniter.php(934): App\Controllers\DesenhistaPost->desenho_tag_lista()
 9 SYSTEMPATH\CodeIgniter.php(499): CodeIgniter\CodeIgniter->runController(Object(App\Controllers\DesenhistaPost))
10 SYSTEMPATH\CodeIgniter.php(368): CodeIgniter\CodeIgniter->handleRequest(null, Object(Config\Cache), false)
11 FCPATH\index.php(67): CodeIgniter\CodeIgniter->run()
ERROR - 2023-10-26 21:50:48 --> mysqli_sql_exception: Table 'wl.tag' doesn't exist in C:\xampp\htdocs\codi\system\Database\MySQLi\Connection.php:295
Stack trace:
#0 C:\xampp\htdocs\codi\system\Database\MySQLi\Connection.php(295): mysqli->query('SELECT *\nFROM `...', 0)
#1 C:\xampp\htdocs\codi\system\Database\BaseConnection.php(692): CodeIgniter\Database\MySQLi\Connection->execute('SELECT *\nFROM `...')
#2 C:\xampp\htdocs\codi\system\Database\BaseConnection.php(606): CodeIgniter\Database\BaseConnection->simpleQuery('SELECT *\nFROM `...')
#3 C:\xampp\htdocs\codi\system\Database\BaseBuilder.php(1616): CodeIgniter\Database\BaseConnection->query('SELECT *\nFROM `...', Array, false)
#4 C:\xampp\htdocs\codi\system\Model.php(203): CodeIgniter\Database\BaseBuilder->get()
#5 C:\xampp\htdocs\codi\system\BaseModel.php(557): CodeIgniter\Model->doFind(false, NULL)
#6 C:\xampp\htdocs\codi\app\Controllers\DesenhistaPost.php(1161): CodeIgniter\BaseModel->find()
#7 C:\xampp\htdocs\codi\system\CodeIgniter.php(934): App\Controllers\DesenhistaPost->desenho_tag_lista()
#8 C:\xampp\htdocs\codi\system\CodeIgniter.php(499): CodeIgniter\CodeIgniter->runController(Object(App\Controllers\DesenhistaPost))
#9 C:\xampp\htdocs\codi\system\CodeIgniter.php(368): CodeIgniter\CodeIgniter->handleRequest(NULL, Object(Config\Cache), false)
#10 C:\xampp\htdocs\codi\public\index.php(67): CodeIgniter\CodeIgniter->run()
#11 {main}
CRITICAL - 2023-10-26 21:50:48 --> Table 'wl.tag' doesn't exist
in SYSTEMPATH\Database\MySQLi\Connection.php on line 295.
 1 SYSTEMPATH\Database\MySQLi\Connection.php(295): mysqli->query('SELECT *
FROM `tag`', 0)
 2 SYSTEMPATH\Database\BaseConnection.php(692): CodeIgniter\Database\MySQLi\Connection->execute('SELECT *
FROM `tag`')
 3 SYSTEMPATH\Database\BaseConnection.php(606): CodeIgniter\Database\BaseConnection->simpleQuery('SELECT *
FROM `tag`')
 4 SYSTEMPATH\Database\BaseBuilder.php(1616): CodeIgniter\Database\BaseConnection->query('SELECT *
FROM `tag`', [], false)
 5 SYSTEMPATH\Model.php(203): CodeIgniter\Database\BaseBuilder->get()
 6 SYSTEMPATH\BaseModel.php(557): CodeIgniter\Model->doFind(false, null)
 7 APPPATH\Controllers\DesenhistaPost.php(1161): CodeIgniter\BaseModel->find()
 8 SYSTEMPATH\CodeIgniter.php(934): App\Controllers\DesenhistaPost->desenho_tag_lista()
 9 SYSTEMPATH\CodeIgniter.php(499): CodeIgniter\CodeIgniter->runController(Object(App\Controllers\DesenhistaPost))
10 SYSTEMPATH\CodeIgniter.php(368): CodeIgniter\CodeIgniter->handleRequest(null, Object(Config\Cache), false)
11 FCPATH\index.php(67): CodeIgniter\CodeIgniter->run()
ERROR - 2023-10-26 21:50:48 --> mysqli_sql_exception: Table 'wl.tag' doesn't exist in C:\xampp\htdocs\codi\system\Database\MySQLi\Connection.php:295
Stack trace:
#0 C:\xampp\htdocs\codi\system\Database\MySQLi\Connection.php(295): mysqli->query('SELECT *\nFROM `...', 0)
#1 C:\xampp\htdocs\codi\system\Database\BaseConnection.php(692): CodeIgniter\Database\MySQLi\Connection->execute('SELECT *\nFROM `...')
#2 C:\xampp\htdocs\codi\system\Database\BaseConnection.php(606): CodeIgniter\Database\BaseConnection->simpleQuery('SELECT *\nFROM `...')
#3 C:\xampp\htdocs\codi\system\Database\BaseBuilder.php(1616): CodeIgniter\Database\BaseConnection->query('SELECT *\nFROM `...', Array, false)
#4 C:\xampp\htdocs\codi\system\Model.php(203): CodeIgniter\Database\BaseBuilder->get()
#5 C:\xampp\htdocs\codi\system\BaseModel.php(557): CodeIgniter\Model->doFind(false, NULL)
#6 C:\xampp\htdocs\codi\app\Controllers\DesenhistaPost.php(1161): CodeIgniter\BaseModel->find()
#7 C:\xampp\htdocs\codi\system\CodeIgniter.php(934): App\Controllers\DesenhistaPost->desenho_tag_lista()
#8 C:\xampp\htdocs\codi\system\CodeIgniter.php(499): CodeIgniter\CodeIgniter->runController(Object(App\Controllers\DesenhistaPost))
#9 C:\xampp\htdocs\codi\system\CodeIgniter.php(368): CodeIgniter\CodeIgniter->handleRequest(NULL, Object(Config\Cache), false)
#10 C:\xampp\htdocs\codi\public\index.php(67): CodeIgniter\CodeIgniter->run()
#11 {main}
CRITICAL - 2023-10-26 21:50:48 --> Table 'wl.tag' doesn't exist
in SYSTEMPATH\Database\MySQLi\Connection.php on line 295.
 1 SYSTEMPATH\Database\MySQLi\Connection.php(295): mysqli->query('SELECT *
FROM `tag`', 0)
 2 SYSTEMPATH\Database\BaseConnection.php(692): CodeIgniter\Database\MySQLi\Connection->execute('SELECT *
FROM `tag`')
 3 SYSTEMPATH\Database\BaseConnection.php(606): CodeIgniter\Database\BaseConnection->simpleQuery('SELECT *
FROM `tag`')
 4 SYSTEMPATH\Database\BaseBuilder.php(1616): CodeIgniter\Database\BaseConnection->query('SELECT *
FROM `tag`', [], false)
 5 SYSTEMPATH\Model.php(203): CodeIgniter\Database\BaseBuilder->get()
 6 SYSTEMPATH\BaseModel.php(557): CodeIgniter\Model->doFind(false, null)
 7 APPPATH\Controllers\DesenhistaPost.php(1161): CodeIgniter\BaseModel->find()
 8 SYSTEMPATH\CodeIgniter.php(934): App\Controllers\DesenhistaPost->desenho_tag_lista()
 9 SYSTEMPATH\CodeIgniter.php(499): CodeIgniter\CodeIgniter->runController(Object(App\Controllers\DesenhistaPost))
10 SYSTEMPATH\CodeIgniter.php(368): CodeIgniter\CodeIgniter->handleRequest(null, Object(Config\Cache), false)
11 FCPATH\index.php(67): CodeIgniter\CodeIgniter->run()
ERROR - 2023-10-26 21:50:49 --> mysqli_sql_exception: Table 'wl.tag' doesn't exist in C:\xampp\htdocs\codi\system\Database\MySQLi\Connection.php:295
Stack trace:
#0 C:\xampp\htdocs\codi\system\Database\MySQLi\Connection.php(295): mysqli->query('SELECT *\nFROM `...', 0)
#1 C:\xampp\htdocs\codi\system\Database\BaseConnection.php(692): CodeIgniter\Database\MySQLi\Connection->execute('SELECT *\nFROM `...')
#2 C:\xampp\htdocs\codi\system\Database\BaseConnection.php(606): CodeIgniter\Database\BaseConnection->simpleQuery('SELECT *\nFROM `...')
#3 C:\xampp\htdocs\codi\system\Database\BaseBuilder.php(1616): CodeIgniter\Database\BaseConnection->query('SELECT *\nFROM `...', Array, false)
#4 C:\xampp\htdocs\codi\system\Model.php(203): CodeIgniter\Database\BaseBuilder->get()
#5 C:\xampp\htdocs\codi\system\BaseModel.php(557): CodeIgniter\Model->doFind(false, NULL)
#6 C:\xampp\htdocs\codi\app\Controllers\DesenhistaPost.php(1161): CodeIgniter\BaseModel->find()
#7 C:\xampp\htdocs\codi\system\CodeIgniter.php(934): App\Controllers\DesenhistaPost->desenho_tag_lista()
#8 C:\xampp\htdocs\codi\system\CodeIgniter.php(499): CodeIgniter\CodeIgniter->runController(Object(App\Controllers\DesenhistaPost))
#9 C:\xampp\htdocs\codi\system\CodeIgniter.php(368): CodeIgniter\CodeIgniter->handleRequest(NULL, Object(Config\Cache), false)
#10 C:\xampp\htdocs\codi\public\index.php(67): CodeIgniter\CodeIgniter->run()
#11 {main}
CRITICAL - 2023-10-26 21:50:49 --> Table 'wl.tag' doesn't exist
in SYSTEMPATH\Database\MySQLi\Connection.php on line 295.
 1 SYSTEMPATH\Database\MySQLi\Connection.php(295): mysqli->query('SELECT *
FROM `tag`', 0)
 2 SYSTEMPATH\Database\BaseConnection.php(692): CodeIgniter\Database\MySQLi\Connection->execute('SELECT *
FROM `tag`')
 3 SYSTEMPATH\Database\BaseConnection.php(606): CodeIgniter\Database\BaseConnection->simpleQuery('SELECT *
FROM `tag`')
 4 SYSTEMPATH\Database\BaseBuilder.php(1616): CodeIgniter\Database\BaseConnection->query('SELECT *
FROM `tag`', [], false)
 5 SYSTEMPATH\Model.php(203): CodeIgniter\Database\BaseBuilder->get()
 6 SYSTEMPATH\BaseModel.php(557): CodeIgniter\Model->doFind(false, null)
 7 APPPATH\Controllers\DesenhistaPost.php(1161): CodeIgniter\BaseModel->find()
 8 SYSTEMPATH\CodeIgniter.php(934): App\Controllers\DesenhistaPost->desenho_tag_lista()
 9 SYSTEMPATH\CodeIgniter.php(499): CodeIgniter\CodeIgniter->runController(Object(App\Controllers\DesenhistaPost))
10 SYSTEMPATH\CodeIgniter.php(368): CodeIgniter\CodeIgniter->handleRequest(null, Object(Config\Cache), false)
11 FCPATH\index.php(67): CodeIgniter\CodeIgniter->run()
ERROR - 2023-10-26 21:50:49 --> mysqli_sql_exception: Table 'wl.tag' doesn't exist in C:\xampp\htdocs\codi\system\Database\MySQLi\Connection.php:295
Stack trace:
#0 C:\xampp\htdocs\codi\system\Database\MySQLi\Connection.php(295): mysqli->query('SELECT *\nFROM `...', 0)
#1 C:\xampp\htdocs\codi\system\Database\BaseConnection.php(692): CodeIgniter\Database\MySQLi\Connection->execute('SELECT *\nFROM `...')
#2 C:\xampp\htdocs\codi\system\Database\BaseConnection.php(606): CodeIgniter\Database\BaseConnection->simpleQuery('SELECT *\nFROM `...')
#3 C:\xampp\htdocs\codi\system\Database\BaseBuilder.php(1616): CodeIgniter\Database\BaseConnection->query('SELECT *\nFROM `...', Array, false)
#4 C:\xampp\htdocs\codi\system\Model.php(203): CodeIgniter\Database\BaseBuilder->get()
#5 C:\xampp\htdocs\codi\system\BaseModel.php(557): CodeIgniter\Model->doFind(false, NULL)
#6 C:\xampp\htdocs\codi\app\Controllers\DesenhistaPost.php(1161): CodeIgniter\BaseModel->find()
#7 C:\xampp\htdocs\codi\system\CodeIgniter.php(934): App\Controllers\DesenhistaPost->desenho_tag_lista()
#8 C:\xampp\htdocs\codi\system\CodeIgniter.php(499): CodeIgniter\CodeIgniter->runController(Object(App\Controllers\DesenhistaPost))
#9 C:\xampp\htdocs\codi\system\CodeIgniter.php(368): CodeIgniter\CodeIgniter->handleRequest(NULL, Object(Config\Cache), false)
#10 C:\xampp\htdocs\codi\public\index.php(67): CodeIgniter\CodeIgniter->run()
#11 {main}
CRITICAL - 2023-10-26 21:50:49 --> Table 'wl.tag' doesn't exist
in SYSTEMPATH\Database\MySQLi\Connection.php on line 295.
 1 SYSTEMPATH\Database\MySQLi\Connection.php(295): mysqli->query('SELECT *
FROM `tag`', 0)
 2 SYSTEMPATH\Database\BaseConnection.php(692): CodeIgniter\Database\MySQLi\Connection->execute('SELECT *
FROM `tag`')
 3 SYSTEMPATH\Database\BaseConnection.php(606): CodeIgniter\Database\BaseConnection->simpleQuery('SELECT *
FROM `tag`')
 4 SYSTEMPATH\Database\BaseBuilder.php(1616): CodeIgniter\Database\BaseConnection->query('SELECT *
FROM `tag`', [], false)
 5 SYSTEMPATH\Model.php(203): CodeIgniter\Database\BaseBuilder->get()
 6 SYSTEMPATH\BaseModel.php(557): CodeIgniter\Model->doFind(false, null)
 7 APPPATH\Controllers\DesenhistaPost.php(1161): CodeIgniter\BaseModel->find()
 8 SYSTEMPATH\CodeIgniter.php(934): App\Controllers\DesenhistaPost->desenho_tag_lista()
 9 SYSTEMPATH\CodeIgniter.php(499): CodeIgniter\CodeIgniter->runController(Object(App\Controllers\DesenhistaPost))
10 SYSTEMPATH\CodeIgniter.php(368): CodeIgniter\CodeIgniter->handleRequest(null, Object(Config\Cache), false)
11 FCPATH\index.php(67): CodeIgniter\CodeIgniter->run()
ERROR - 2023-10-26 21:50:50 --> mysqli_sql_exception: Table 'wl.tag' doesn't exist in C:\xampp\htdocs\codi\system\Database\MySQLi\Connection.php:295
Stack trace:
#0 C:\xampp\htdocs\codi\system\Database\MySQLi\Connection.php(295): mysqli->query('SELECT *\nFROM `...', 0)
#1 C:\xampp\htdocs\codi\system\Database\BaseConnection.php(692): CodeIgniter\Database\MySQLi\Connection->execute('SELECT *\nFROM `...')
#2 C:\xampp\htdocs\codi\system\Database\BaseConnection.php(606): CodeIgniter\Database\BaseConnection->simpleQuery('SELECT *\nFROM `...')
#3 C:\xampp\htdocs\codi\system\Database\BaseBuilder.php(1616): CodeIgniter\Database\BaseConnection->query('SELECT *\nFROM `...', Array, false)
#4 C:\xampp\htdocs\codi\system\Model.php(203): CodeIgniter\Database\BaseBuilder->get()
#5 C:\xampp\htdocs\codi\system\BaseModel.php(557): CodeIgniter\Model->doFind(false, NULL)
#6 C:\xampp\htdocs\codi\app\Controllers\DesenhistaPost.php(1161): CodeIgniter\BaseModel->find()
#7 C:\xampp\htdocs\codi\system\CodeIgniter.php(934): App\Controllers\DesenhistaPost->desenho_tag_lista()
#8 C:\xampp\htdocs\codi\system\CodeIgniter.php(499): CodeIgniter\CodeIgniter->runController(Object(App\Controllers\DesenhistaPost))
#9 C:\xampp\htdocs\codi\system\CodeIgniter.php(368): CodeIgniter\CodeIgniter->handleRequest(NULL, Object(Config\Cache), false)
#10 C:\xampp\htdocs\codi\public\index.php(67): CodeIgniter\CodeIgniter->run()
#11 {main}
CRITICAL - 2023-10-26 21:50:50 --> Table 'wl.tag' doesn't exist
in SYSTEMPATH\Database\MySQLi\Connection.php on line 295.
 1 SYSTEMPATH\Database\MySQLi\Connection.php(295): mysqli->query('SELECT *
FROM `tag`', 0)
 2 SYSTEMPATH\Database\BaseConnection.php(692): CodeIgniter\Database\MySQLi\Connection->execute('SELECT *
FROM `tag`')
 3 SYSTEMPATH\Database\BaseConnection.php(606): CodeIgniter\Database\BaseConnection->simpleQuery('SELECT *
FROM `tag`')
 4 SYSTEMPATH\Database\BaseBuilder.php(1616): CodeIgniter\Database\BaseConnection->query('SELECT *
FROM `tag`', [], false)
 5 SYSTEMPATH\Model.php(203): CodeIgniter\Database\BaseBuilder->get()
 6 SYSTEMPATH\BaseModel.php(557): CodeIgniter\Model->doFind(false, null)
 7 APPPATH\Controllers\DesenhistaPost.php(1161): CodeIgniter\BaseModel->find()
 8 SYSTEMPATH\CodeIgniter.php(934): App\Controllers\DesenhistaPost->desenho_tag_lista()
 9 SYSTEMPATH\CodeIgniter.php(499): CodeIgniter\CodeIgniter->runController(Object(App\Controllers\DesenhistaPost))
10 SYSTEMPATH\CodeIgniter.php(368): CodeIgniter\CodeIgniter->handleRequest(null, Object(Config\Cache), false)
11 FCPATH\index.php(67): CodeIgniter\CodeIgniter->run()
ERROR - 2023-10-26 21:50:50 --> mysqli_sql_exception: Table 'wl.tag' doesn't exist in C:\xampp\htdocs\codi\system\Database\MySQLi\Connection.php:295
Stack trace:
#0 C:\xampp\htdocs\codi\system\Database\MySQLi\Connection.php(295): mysqli->query('SELECT *\nFROM `...', 0)
#1 C:\xampp\htdocs\codi\system\Database\BaseConnection.php(692): CodeIgniter\Database\MySQLi\Connection->execute('SELECT *\nFROM `...')
#2 C:\xampp\htdocs\codi\system\Database\BaseConnection.php(606): CodeIgniter\Database\BaseConnection->simpleQuery('SELECT *\nFROM `...')
#3 C:\xampp\htdocs\codi\system\Database\BaseBuilder.php(1616): CodeIgniter\Database\BaseConnection->query('SELECT *\nFROM `...', Array, false)
#4 C:\xampp\htdocs\codi\system\Model.php(203): CodeIgniter\Database\BaseBuilder->get()
#5 C:\xampp\htdocs\codi\system\BaseModel.php(557): CodeIgniter\Model->doFind(false, NULL)
#6 C:\xampp\htdocs\codi\app\Controllers\DesenhistaPost.php(1161): CodeIgniter\BaseModel->find()
#7 C:\xampp\htdocs\codi\system\CodeIgniter.php(934): App\Controllers\DesenhistaPost->desenho_tag_lista()
#8 C:\xampp\htdocs\codi\system\CodeIgniter.php(499): CodeIgniter\CodeIgniter->runController(Object(App\Controllers\DesenhistaPost))
#9 C:\xampp\htdocs\codi\system\CodeIgniter.php(368): CodeIgniter\CodeIgniter->handleRequest(NULL, Object(Config\Cache), false)
#10 C:\xampp\htdocs\codi\public\index.php(67): CodeIgniter\CodeIgniter->run()
#11 {main}
CRITICAL - 2023-10-26 21:50:50 --> Table 'wl.tag' doesn't exist
in SYSTEMPATH\Database\MySQLi\Connection.php on line 295.
 1 SYSTEMPATH\Database\MySQLi\Connection.php(295): mysqli->query('SELECT *
FROM `tag`', 0)
 2 SYSTEMPATH\Database\BaseConnection.php(692): CodeIgniter\Database\MySQLi\Connection->execute('SELECT *
FROM `tag`')
 3 SYSTEMPATH\Database\BaseConnection.php(606): CodeIgniter\Database\BaseConnection->simpleQuery('SELECT *
FROM `tag`')
 4 SYSTEMPATH\Database\BaseBuilder.php(1616): CodeIgniter\Database\BaseConnection->query('SELECT *
FROM `tag`', [], false)
 5 SYSTEMPATH\Model.php(203): CodeIgniter\Database\BaseBuilder->get()
 6 SYSTEMPATH\BaseModel.php(557): CodeIgniter\Model->doFind(false, null)
 7 APPPATH\Controllers\DesenhistaPost.php(1161): CodeIgniter\BaseModel->find()
 8 SYSTEMPATH\CodeIgniter.php(934): App\Controllers\DesenhistaPost->desenho_tag_lista()
 9 SYSTEMPATH\CodeIgniter.php(499): CodeIgniter\CodeIgniter->runController(Object(App\Controllers\DesenhistaPost))
10 SYSTEMPATH\CodeIgniter.php(368): CodeIgniter\CodeIgniter->handleRequest(null, Object(Config\Cache), false)
11 FCPATH\index.php(67): CodeIgniter\CodeIgniter->run()
ERROR - 2023-10-26 21:50:51 --> mysqli_sql_exception: Table 'wl.tag' doesn't exist in C:\xampp\htdocs\codi\system\Database\MySQLi\Connection.php:295
Stack trace:
#0 C:\xampp\htdocs\codi\system\Database\MySQLi\Connection.php(295): mysqli->query('SELECT *\nFROM `...', 0)
#1 C:\xampp\htdocs\codi\system\Database\BaseConnection.php(692): CodeIgniter\Database\MySQLi\Connection->execute('SELECT *\nFROM `...')
#2 C:\xampp\htdocs\codi\system\Database\BaseConnection.php(606): CodeIgniter\Database\BaseConnection->simpleQuery('SELECT *\nFROM `...')
#3 C:\xampp\htdocs\codi\system\Database\BaseBuilder.php(1616): CodeIgniter\Database\BaseConnection->query('SELECT *\nFROM `...', Array, false)
#4 C:\xampp\htdocs\codi\system\Model.php(203): CodeIgniter\Database\BaseBuilder->get()
#5 C:\xampp\htdocs\codi\system\BaseModel.php(557): CodeIgniter\Model->doFind(false, NULL)
#6 C:\xampp\htdocs\codi\app\Controllers\DesenhistaPost.php(1161): CodeIgniter\BaseModel->find()
#7 C:\xampp\htdocs\codi\system\CodeIgniter.php(934): App\Controllers\DesenhistaPost->desenho_tag_lista()
#8 C:\xampp\htdocs\codi\system\CodeIgniter.php(499): CodeIgniter\CodeIgniter->runController(Object(App\Controllers\DesenhistaPost))
#9 C:\xampp\htdocs\codi\system\CodeIgniter.php(368): CodeIgniter\CodeIgniter->handleRequest(NULL, Object(Config\Cache), false)
#10 C:\xampp\htdocs\codi\public\index.php(67): CodeIgniter\CodeIgniter->run()
#11 {main}
CRITICAL - 2023-10-26 21:50:51 --> Table 'wl.tag' doesn't exist
in SYSTEMPATH\Database\MySQLi\Connection.php on line 295.
 1 SYSTEMPATH\Database\MySQLi\Connection.php(295): mysqli->query('SELECT *
FROM `tag`', 0)
 2 SYSTEMPATH\Database\BaseConnection.php(692): CodeIgniter\Database\MySQLi\Connection->execute('SELECT *
FROM `tag`')
 3 SYSTEMPATH\Database\BaseConnection.php(606): CodeIgniter\Database\BaseConnection->simpleQuery('SELECT *
FROM `tag`')
 4 SYSTEMPATH\Database\BaseBuilder.php(1616): CodeIgniter\Database\BaseConnection->query('SELECT *
FROM `tag`', [], false)
 5 SYSTEMPATH\Model.php(203): CodeIgniter\Database\BaseBuilder->get()
 6 SYSTEMPATH\BaseModel.php(557): CodeIgniter\Model->doFind(false, null)
 7 APPPATH\Controllers\DesenhistaPost.php(1161): CodeIgniter\BaseModel->find()
 8 SYSTEMPATH\CodeIgniter.php(934): App\Controllers\DesenhistaPost->desenho_tag_lista()
 9 SYSTEMPATH\CodeIgniter.php(499): CodeIgniter\CodeIgniter->runController(Object(App\Controllers\DesenhistaPost))
10 SYSTEMPATH\CodeIgniter.php(368): CodeIgniter\CodeIgniter->handleRequest(null, Object(Config\Cache), false)
11 FCPATH\index.php(67): CodeIgniter\CodeIgniter->run()
ERROR - 2023-10-26 21:50:51 --> mysqli_sql_exception: Table 'wl.tag' doesn't exist in C:\xampp\htdocs\codi\system\Database\MySQLi\Connection.php:295
Stack trace:
#0 C:\xampp\htdocs\codi\system\Database\MySQLi\Connection.php(295): mysqli->query('SELECT *\nFROM `...', 0)
#1 C:\xampp\htdocs\codi\system\Database\BaseConnection.php(692): CodeIgniter\Database\MySQLi\Connection->execute('SELECT *\nFROM `...')
#2 C:\xampp\htdocs\codi\system\Database\BaseConnection.php(606): CodeIgniter\Database\BaseConnection->simpleQuery('SELECT *\nFROM `...')
#3 C:\xampp\htdocs\codi\system\Database\BaseBuilder.php(1616): CodeIgniter\Database\BaseConnection->query('SELECT *\nFROM `...', Array, false)
#4 C:\xampp\htdocs\codi\system\Model.php(203): CodeIgniter\Database\BaseBuilder->get()
#5 C:\xampp\htdocs\codi\system\BaseModel.php(557): CodeIgniter\Model->doFind(false, NULL)
#6 C:\xampp\htdocs\codi\app\Controllers\DesenhistaPost.php(1161): CodeIgniter\BaseModel->find()
#7 C:\xampp\htdocs\codi\system\CodeIgniter.php(934): App\Controllers\DesenhistaPost->desenho_tag_lista()
#8 C:\xampp\htdocs\codi\system\CodeIgniter.php(499): CodeIgniter\CodeIgniter->runController(Object(App\Controllers\DesenhistaPost))
#9 C:\xampp\htdocs\codi\system\CodeIgniter.php(368): CodeIgniter\CodeIgniter->handleRequest(NULL, Object(Config\Cache), false)
#10 C:\xampp\htdocs\codi\public\index.php(67): CodeIgniter\CodeIgniter->run()
#11 {main}
CRITICAL - 2023-10-26 21:50:51 --> Table 'wl.tag' doesn't exist
in SYSTEMPATH\Database\MySQLi\Connection.php on line 295.
 1 SYSTEMPATH\Database\MySQLi\Connection.php(295): mysqli->query('SELECT *
FROM `tag`', 0)
 2 SYSTEMPATH\Database\BaseConnection.php(692): CodeIgniter\Database\MySQLi\Connection->execute('SELECT *
FROM `tag`')
 3 SYSTEMPATH\Database\BaseConnection.php(606): CodeIgniter\Database\BaseConnection->simpleQuery('SELECT *
FROM `tag`')
 4 SYSTEMPATH\Database\BaseBuilder.php(1616): CodeIgniter\Database\BaseConnection->query('SELECT *
FROM `tag`', [], false)
 5 SYSTEMPATH\Model.php(203): CodeIgniter\Database\BaseBuilder->get()
 6 SYSTEMPATH\BaseModel.php(557): CodeIgniter\Model->doFind(false, null)
 7 APPPATH\Controllers\DesenhistaPost.php(1161): CodeIgniter\BaseModel->find()
 8 SYSTEMPATH\CodeIgniter.php(934): App\Controllers\DesenhistaPost->desenho_tag_lista()
 9 SYSTEMPATH\CodeIgniter.php(499): CodeIgniter\CodeIgniter->runController(Object(App\Controllers\DesenhistaPost))
10 SYSTEMPATH\CodeIgniter.php(368): CodeIgniter\CodeIgniter->handleRequest(null, Object(Config\Cache), false)
11 FCPATH\index.php(67): CodeIgniter\CodeIgniter->run()
ERROR - 2023-10-26 21:50:52 --> mysqli_sql_exception: Table 'wl.tag' doesn't exist in C:\xampp\htdocs\codi\system\Database\MySQLi\Connection.php:295
Stack trace:
#0 C:\xampp\htdocs\codi\system\Database\MySQLi\Connection.php(295): mysqli->query('SELECT *\nFROM `...', 0)
#1 C:\xampp\htdocs\codi\system\Database\BaseConnection.php(692): CodeIgniter\Database\MySQLi\Connection->execute('SELECT *\nFROM `...')
#2 C:\xampp\htdocs\codi\system\Database\BaseConnection.php(606): CodeIgniter\Database\BaseConnection->simpleQuery('SELECT *\nFROM `...')
#3 C:\xampp\htdocs\codi\system\Database\BaseBuilder.php(1616): CodeIgniter\Database\BaseConnection->query('SELECT *\nFROM `...', Array, false)
#4 C:\xampp\htdocs\codi\system\Model.php(203): CodeIgniter\Database\BaseBuilder->get()
#5 C:\xampp\htdocs\codi\system\BaseModel.php(557): CodeIgniter\Model->doFind(false, NULL)
#6 C:\xampp\htdocs\codi\app\Controllers\DesenhistaPost.php(1161): CodeIgniter\BaseModel->find()
#7 C:\xampp\htdocs\codi\system\CodeIgniter.php(934): App\Controllers\DesenhistaPost->desenho_tag_lista()
#8 C:\xampp\htdocs\codi\system\CodeIgniter.php(499): CodeIgniter\CodeIgniter->runController(Object(App\Controllers\DesenhistaPost))
#9 C:\xampp\htdocs\codi\system\CodeIgniter.php(368): CodeIgniter\CodeIgniter->handleRequest(NULL, Object(Config\Cache), false)
#10 C:\xampp\htdocs\codi\public\index.php(67): CodeIgniter\CodeIgniter->run()
#11 {main}
CRITICAL - 2023-10-26 21:50:52 --> Table 'wl.tag' doesn't exist
in SYSTEMPATH\Database\MySQLi\Connection.php on line 295.
 1 SYSTEMPATH\Database\MySQLi\Connection.php(295): mysqli->query('SELECT *
FROM `tag`', 0)
 2 SYSTEMPATH\Database\BaseConnection.php(692): CodeIgniter\Database\MySQLi\Connection->execute('SELECT *
FROM `tag`')
 3 SYSTEMPATH\Database\BaseConnection.php(606): CodeIgniter\Database\BaseConnection->simpleQuery('SELECT *
FROM `tag`')
 4 SYSTEMPATH\Database\BaseBuilder.php(1616): CodeIgniter\Database\BaseConnection->query('SELECT *
FROM `tag`', [], false)
 5 SYSTEMPATH\Model.php(203): CodeIgniter\Database\BaseBuilder->get()
 6 SYSTEMPATH\BaseModel.php(557): CodeIgniter\Model->doFind(false, null)
 7 APPPATH\Controllers\DesenhistaPost.php(1161): CodeIgniter\BaseModel->find()
 8 SYSTEMPATH\CodeIgniter.php(934): App\Controllers\DesenhistaPost->desenho_tag_lista()
 9 SYSTEMPATH\CodeIgniter.php(499): CodeIgniter\CodeIgniter->runController(Object(App\Controllers\DesenhistaPost))
10 SYSTEMPATH\CodeIgniter.php(368): CodeIgniter\CodeIgniter->handleRequest(null, Object(Config\Cache), false)
11 FCPATH\index.php(67): CodeIgniter\CodeIgniter->run()
ERROR - 2023-10-26 21:50:52 --> mysqli_sql_exception: Table 'wl.tag' doesn't exist in C:\xampp\htdocs\codi\system\Database\MySQLi\Connection.php:295
Stack trace:
#0 C:\xampp\htdocs\codi\system\Database\MySQLi\Connection.php(295): mysqli->query('SELECT *\nFROM `...', 0)
#1 C:\xampp\htdocs\codi\system\Database\BaseConnection.php(692): CodeIgniter\Database\MySQLi\Connection->execute('SELECT *\nFROM `...')
#2 C:\xampp\htdocs\codi\system\Database\BaseConnection.php(606): CodeIgniter\Database\BaseConnection->simpleQuery('SELECT *\nFROM `...')
#3 C:\xampp\htdocs\codi\system\Database\BaseBuilder.php(1616): CodeIgniter\Database\BaseConnection->query('SELECT *\nFROM `...', Array, false)
#4 C:\xampp\htdocs\codi\system\Model.php(203): CodeIgniter\Database\BaseBuilder->get()
#5 C:\xampp\htdocs\codi\system\BaseModel.php(557): CodeIgniter\Model->doFind(false, NULL)
#6 C:\xampp\htdocs\codi\app\Controllers\DesenhistaPost.php(1161): CodeIgniter\BaseModel->find()
#7 C:\xampp\htdocs\codi\system\CodeIgniter.php(934): App\Controllers\DesenhistaPost->desenho_tag_lista()
#8 C:\xampp\htdocs\codi\system\CodeIgniter.php(499): CodeIgniter\CodeIgniter->runController(Object(App\Controllers\DesenhistaPost))
#9 C:\xampp\htdocs\codi\system\CodeIgniter.php(368): CodeIgniter\CodeIgniter->handleRequest(NULL, Object(Config\Cache), false)
#10 C:\xampp\htdocs\codi\public\index.php(67): CodeIgniter\CodeIgniter->run()
#11 {main}
CRITICAL - 2023-10-26 21:50:52 --> Table 'wl.tag' doesn't exist
in SYSTEMPATH\Database\MySQLi\Connection.php on line 295.
 1 SYSTEMPATH\Database\MySQLi\Connection.php(295): mysqli->query('SELECT *
FROM `tag`', 0)
 2 SYSTEMPATH\Database\BaseConnection.php(692): CodeIgniter\Database\MySQLi\Connection->execute('SELECT *
FROM `tag`')
 3 SYSTEMPATH\Database\BaseConnection.php(606): CodeIgniter\Database\BaseConnection->simpleQuery('SELECT *
FROM `tag`')
 4 SYSTEMPATH\Database\BaseBuilder.php(1616): CodeIgniter\Database\BaseConnection->query('SELECT *
FROM `tag`', [], false)
 5 SYSTEMPATH\Model.php(203): CodeIgniter\Database\BaseBuilder->get()
 6 SYSTEMPATH\BaseModel.php(557): CodeIgniter\Model->doFind(false, null)
 7 APPPATH\Controllers\DesenhistaPost.php(1161): CodeIgniter\BaseModel->find()
 8 SYSTEMPATH\CodeIgniter.php(934): App\Controllers\DesenhistaPost->desenho_tag_lista()
 9 SYSTEMPATH\CodeIgniter.php(499): CodeIgniter\CodeIgniter->runController(Object(App\Controllers\DesenhistaPost))
10 SYSTEMPATH\CodeIgniter.php(368): CodeIgniter\CodeIgniter->handleRequest(null, Object(Config\Cache), false)
11 FCPATH\index.php(67): CodeIgniter\CodeIgniter->run()
ERROR - 2023-10-26 21:50:53 --> mysqli_sql_exception: Table 'wl.tag' doesn't exist in C:\xampp\htdocs\codi\system\Database\MySQLi\Connection.php:295
Stack trace:
#0 C:\xampp\htdocs\codi\system\Database\MySQLi\Connection.php(295): mysqli->query('SELECT *\nFROM `...', 0)
#1 C:\xampp\htdocs\codi\system\Database\BaseConnection.php(692): CodeIgniter\Database\MySQLi\Connection->execute('SELECT *\nFROM `...')
#2 C:\xampp\htdocs\codi\system\Database\BaseConnection.php(606): CodeIgniter\Database\BaseConnection->simpleQuery('SELECT *\nFROM `...')
#3 C:\xampp\htdocs\codi\system\Database\BaseBuilder.php(1616): CodeIgniter\Database\BaseConnection->query('SELECT *\nFROM `...', Array, false)
#4 C:\xampp\htdocs\codi\system\Model.php(203): CodeIgniter\Database\BaseBuilder->get()
#5 C:\xampp\htdocs\codi\system\BaseModel.php(557): CodeIgniter\Model->doFind(false, NULL)
#6 C:\xampp\htdocs\codi\app\Controllers\DesenhistaPost.php(1161): CodeIgniter\BaseModel->find()
#7 C:\xampp\htdocs\codi\system\CodeIgniter.php(934): App\Controllers\DesenhistaPost->desenho_tag_lista()
#8 C:\xampp\htdocs\codi\system\CodeIgniter.php(499): CodeIgniter\CodeIgniter->runController(Object(App\Controllers\DesenhistaPost))
#9 C:\xampp\htdocs\codi\system\CodeIgniter.php(368): CodeIgniter\CodeIgniter->handleRequest(NULL, Object(Config\Cache), false)
#10 C:\xampp\htdocs\codi\public\index.php(67): CodeIgniter\CodeIgniter->run()
#11 {main}
CRITICAL - 2023-10-26 21:50:53 --> Table 'wl.tag' doesn't exist
in SYSTEMPATH\Database\MySQLi\Connection.php on line 295.
 1 SYSTEMPATH\Database\MySQLi\Connection.php(295): mysqli->query('SELECT *
FROM `tag`', 0)
 2 SYSTEMPATH\Database\BaseConnection.php(692): CodeIgniter\Database\MySQLi\Connection->execute('SELECT *
FROM `tag`')
 3 SYSTEMPATH\Database\BaseConnection.php(606): CodeIgniter\Database\BaseConnection->simpleQuery('SELECT *
FROM `tag`')
 4 SYSTEMPATH\Database\BaseBuilder.php(1616): CodeIgniter\Database\BaseConnection->query('SELECT *
FROM `tag`', [], false)
 5 SYSTEMPATH\Model.php(203): CodeIgniter\Database\BaseBuilder->get()
 6 SYSTEMPATH\BaseModel.php(557): CodeIgniter\Model->doFind(false, null)
 7 APPPATH\Controllers\DesenhistaPost.php(1161): CodeIgniter\BaseModel->find()
 8 SYSTEMPATH\CodeIgniter.php(934): App\Controllers\DesenhistaPost->desenho_tag_lista()
 9 SYSTEMPATH\CodeIgniter.php(499): CodeIgniter\CodeIgniter->runController(Object(App\Controllers\DesenhistaPost))
10 SYSTEMPATH\CodeIgniter.php(368): CodeIgniter\CodeIgniter->handleRequest(null, Object(Config\Cache), false)
11 FCPATH\index.php(67): CodeIgniter\CodeIgniter->run()
ERROR - 2023-10-26 21:50:53 --> mysqli_sql_exception: Table 'wl.tag' doesn't exist in C:\xampp\htdocs\codi\system\Database\MySQLi\Connection.php:295
Stack trace:
#0 C:\xampp\htdocs\codi\system\Database\MySQLi\Connection.php(295): mysqli->query('SELECT *\nFROM `...', 0)
#1 C:\xampp\htdocs\codi\system\Database\BaseConnection.php(692): CodeIgniter\Database\MySQLi\Connection->execute('SELECT *\nFROM `...')
#2 C:\xampp\htdocs\codi\system\Database\BaseConnection.php(606): CodeIgniter\Database\BaseConnection->simpleQuery('SELECT *\nFROM `...')
#3 C:\xampp\htdocs\codi\system\Database\BaseBuilder.php(1616): CodeIgniter\Database\BaseConnection->query('SELECT *\nFROM `...', Array, false)
#4 C:\xampp\htdocs\codi\system\Model.php(203): CodeIgniter\Database\BaseBuilder->get()
#5 C:\xampp\htdocs\codi\system\BaseModel.php(557): CodeIgniter\Model->doFind(false, NULL)
#6 C:\xampp\htdocs\codi\app\Controllers\DesenhistaPost.php(1161): CodeIgniter\BaseModel->find()
#7 C:\xampp\htdocs\codi\system\CodeIgniter.php(934): App\Controllers\DesenhistaPost->desenho_tag_lista()
#8 C:\xampp\htdocs\codi\system\CodeIgniter.php(499): CodeIgniter\CodeIgniter->runController(Object(App\Controllers\DesenhistaPost))
#9 C:\xampp\htdocs\codi\system\CodeIgniter.php(368): CodeIgniter\CodeIgniter->handleRequest(NULL, Object(Config\Cache), false)
#10 C:\xampp\htdocs\codi\public\index.php(67): CodeIgniter\CodeIgniter->run()
#11 {main}
CRITICAL - 2023-10-26 21:50:53 --> Table 'wl.tag' doesn't exist
in SYSTEMPATH\Database\MySQLi\Connection.php on line 295.
 1 SYSTEMPATH\Database\MySQLi\Connection.php(295): mysqli->query('SELECT *
FROM `tag`', 0)
 2 SYSTEMPATH\Database\BaseConnection.php(692): CodeIgniter\Database\MySQLi\Connection->execute('SELECT *
FROM `tag`')
 3 SYSTEMPATH\Database\BaseConnection.php(606): CodeIgniter\Database\BaseConnection->simpleQuery('SELECT *
FROM `tag`')
 4 SYSTEMPATH\Database\BaseBuilder.php(1616): CodeIgniter\Database\BaseConnection->query('SELECT *
FROM `tag`', [], false)
 5 SYSTEMPATH\Model.php(203): CodeIgniter\Database\BaseBuilder->get()
 6 SYSTEMPATH\BaseModel.php(557): CodeIgniter\Model->doFind(false, null)
 7 APPPATH\Controllers\DesenhistaPost.php(1161): CodeIgniter\BaseModel->find()
 8 SYSTEMPATH\CodeIgniter.php(934): App\Controllers\DesenhistaPost->desenho_tag_lista()
 9 SYSTEMPATH\CodeIgniter.php(499): CodeIgniter\CodeIgniter->runController(Object(App\Controllers\DesenhistaPost))
10 SYSTEMPATH\CodeIgniter.php(368): CodeIgniter\CodeIgniter->handleRequest(null, Object(Config\Cache), false)
11 FCPATH\index.php(67): CodeIgniter\CodeIgniter->run()
ERROR - 2023-10-26 21:50:54 --> mysqli_sql_exception: Table 'wl.tag' doesn't exist in C:\xampp\htdocs\codi\system\Database\MySQLi\Connection.php:295
Stack trace:
#0 C:\xampp\htdocs\codi\system\Database\MySQLi\Connection.php(295): mysqli->query('SELECT *\nFROM `...', 0)
#1 C:\xampp\htdocs\codi\system\Database\BaseConnection.php(692): CodeIgniter\Database\MySQLi\Connection->execute('SELECT *\nFROM `...')
#2 C:\xampp\htdocs\codi\system\Database\BaseConnection.php(606): CodeIgniter\Database\BaseConnection->simpleQuery('SELECT *\nFROM `...')
#3 C:\xampp\htdocs\codi\system\Database\BaseBuilder.php(1616): CodeIgniter\Database\BaseConnection->query('SELECT *\nFROM `...', Array, false)
#4 C:\xampp\htdocs\codi\system\Model.php(203): CodeIgniter\Database\BaseBuilder->get()
#5 C:\xampp\htdocs\codi\system\BaseModel.php(557): CodeIgniter\Model->doFind(false, NULL)
#6 C:\xampp\htdocs\codi\app\Controllers\DesenhistaPost.php(1161): CodeIgniter\BaseModel->find()
#7 C:\xampp\htdocs\codi\system\CodeIgniter.php(934): App\Controllers\DesenhistaPost->desenho_tag_lista()
#8 C:\xampp\htdocs\codi\system\CodeIgniter.php(499): CodeIgniter\CodeIgniter->runController(Object(App\Controllers\DesenhistaPost))
#9 C:\xampp\htdocs\codi\system\CodeIgniter.php(368): CodeIgniter\CodeIgniter->handleRequest(NULL, Object(Config\Cache), false)
#10 C:\xampp\htdocs\codi\public\index.php(67): CodeIgniter\CodeIgniter->run()
#11 {main}
CRITICAL - 2023-10-26 21:50:54 --> Table 'wl.tag' doesn't exist
in SYSTEMPATH\Database\MySQLi\Connection.php on line 295.
 1 SYSTEMPATH\Database\MySQLi\Connection.php(295): mysqli->query('SELECT *
FROM `tag`', 0)
 2 SYSTEMPATH\Database\BaseConnection.php(692): CodeIgniter\Database\MySQLi\Connection->execute('SELECT *
FROM `tag`')
 3 SYSTEMPATH\Database\BaseConnection.php(606): CodeIgniter\Database\BaseConnection->simpleQuery('SELECT *
FROM `tag`')
 4 SYSTEMPATH\Database\BaseBuilder.php(1616): CodeIgniter\Database\BaseConnection->query('SELECT *
FROM `tag`', [], false)
 5 SYSTEMPATH\Model.php(203): CodeIgniter\Database\BaseBuilder->get()
 6 SYSTEMPATH\BaseModel.php(557): CodeIgniter\Model->doFind(false, null)
 7 APPPATH\Controllers\DesenhistaPost.php(1161): CodeIgniter\BaseModel->find()
 8 SYSTEMPATH\CodeIgniter.php(934): App\Controllers\DesenhistaPost->desenho_tag_lista()
 9 SYSTEMPATH\CodeIgniter.php(499): CodeIgniter\CodeIgniter->runController(Object(App\Controllers\DesenhistaPost))
10 SYSTEMPATH\CodeIgniter.php(368): CodeIgniter\CodeIgniter->handleRequest(null, Object(Config\Cache), false)
11 FCPATH\index.php(67): CodeIgniter\CodeIgniter->run()
ERROR - 2023-10-26 21:50:54 --> mysqli_sql_exception: Table 'wl.tag' doesn't exist in C:\xampp\htdocs\codi\system\Database\MySQLi\Connection.php:295
Stack trace:
#0 C:\xampp\htdocs\codi\system\Database\MySQLi\Connection.php(295): mysqli->query('SELECT *\nFROM `...', 0)
#1 C:\xampp\htdocs\codi\system\Database\BaseConnection.php(692): CodeIgniter\Database\MySQLi\Connection->execute('SELECT *\nFROM `...')
#2 C:\xampp\htdocs\codi\system\Database\BaseConnection.php(606): CodeIgniter\Database\BaseConnection->simpleQuery('SELECT *\nFROM `...')
#3 C:\xampp\htdocs\codi\system\Database\BaseBuilder.php(1616): CodeIgniter\Database\BaseConnection->query('SELECT *\nFROM `...', Array, false)
#4 C:\xampp\htdocs\codi\system\Model.php(203): CodeIgniter\Database\BaseBuilder->get()
#5 C:\xampp\htdocs\codi\system\BaseModel.php(557): CodeIgniter\Model->doFind(false, NULL)
#6 C:\xampp\htdocs\codi\app\Controllers\DesenhistaPost.php(1161): CodeIgniter\BaseModel->find()
#7 C:\xampp\htdocs\codi\system\CodeIgniter.php(934): App\Controllers\DesenhistaPost->desenho_tag_lista()
#8 C:\xampp\htdocs\codi\system\CodeIgniter.php(499): CodeIgniter\CodeIgniter->runController(Object(App\Controllers\DesenhistaPost))
#9 C:\xampp\htdocs\codi\system\CodeIgniter.php(368): CodeIgniter\CodeIgniter->handleRequest(NULL, Object(Config\Cache), false)
#10 C:\xampp\htdocs\codi\public\index.php(67): CodeIgniter\CodeIgniter->run()
#11 {main}
CRITICAL - 2023-10-26 21:50:54 --> Table 'wl.tag' doesn't exist
in SYSTEMPATH\Database\MySQLi\Connection.php on line 295.
 1 SYSTEMPATH\Database\MySQLi\Connection.php(295): mysqli->query('SELECT *
FROM `tag`', 0)
 2 SYSTEMPATH\Database\BaseConnection.php(692): CodeIgniter\Database\MySQLi\Connection->execute('SELECT *
FROM `tag`')
 3 SYSTEMPATH\Database\BaseConnection.php(606): CodeIgniter\Database\BaseConnection->simpleQuery('SELECT *
FROM `tag`')
 4 SYSTEMPATH\Database\BaseBuilder.php(1616): CodeIgniter\Database\BaseConnection->query('SELECT *
FROM `tag`', [], false)
 5 SYSTEMPATH\Model.php(203): CodeIgniter\Database\BaseBuilder->get()
 6 SYSTEMPATH\BaseModel.php(557): CodeIgniter\Model->doFind(false, null)
 7 APPPATH\Controllers\DesenhistaPost.php(1161): CodeIgniter\BaseModel->find()
 8 SYSTEMPATH\CodeIgniter.php(934): App\Controllers\DesenhistaPost->desenho_tag_lista()
 9 SYSTEMPATH\CodeIgniter.php(499): CodeIgniter\CodeIgniter->runController(Object(App\Controllers\DesenhistaPost))
10 SYSTEMPATH\CodeIgniter.php(368): CodeIgniter\CodeIgniter->handleRequest(null, Object(Config\Cache), false)
11 FCPATH\index.php(67): CodeIgniter\CodeIgniter->run()
ERROR - 2023-10-26 21:50:55 --> mysqli_sql_exception: Table 'wl.tag' doesn't exist in C:\xampp\htdocs\codi\system\Database\MySQLi\Connection.php:295
Stack trace:
#0 C:\xampp\htdocs\codi\system\Database\MySQLi\Connection.php(295): mysqli->query('SELECT *\nFROM `...', 0)
#1 C:\xampp\htdocs\codi\system\Database\BaseConnection.php(692): CodeIgniter\Database\MySQLi\Connection->execute('SELECT *\nFROM `...')
#2 C:\xampp\htdocs\codi\system\Database\BaseConnection.php(606): CodeIgniter\Database\BaseConnection->simpleQuery('SELECT *\nFROM `...')
#3 C:\xampp\htdocs\codi\system\Database\BaseBuilder.php(1616): CodeIgniter\Database\BaseConnection->query('SELECT *\nFROM `...', Array, false)
#4 C:\xampp\htdocs\codi\system\Model.php(203): CodeIgniter\Database\BaseBuilder->get()
#5 C:\xampp\htdocs\codi\system\BaseModel.php(557): CodeIgniter\Model->doFind(false, NULL)
#6 C:\xampp\htdocs\codi\app\Controllers\DesenhistaPost.php(1161): CodeIgniter\BaseModel->find()
#7 C:\xampp\htdocs\codi\system\CodeIgniter.php(934): App\Controllers\DesenhistaPost->desenho_tag_lista()
#8 C:\xampp\htdocs\codi\system\CodeIgniter.php(499): CodeIgniter\CodeIgniter->runController(Object(App\Controllers\DesenhistaPost))
#9 C:\xampp\htdocs\codi\system\CodeIgniter.php(368): CodeIgniter\CodeIgniter->handleRequest(NULL, Object(Config\Cache), false)
#10 C:\xampp\htdocs\codi\public\index.php(67): CodeIgniter\CodeIgniter->run()
#11 {main}
CRITICAL - 2023-10-26 21:50:55 --> Table 'wl.tag' doesn't exist
in SYSTEMPATH\Database\MySQLi\Connection.php on line 295.
 1 SYSTEMPATH\Database\MySQLi\Connection.php(295): mysqli->query('SELECT *
FROM `tag`', 0)
 2 SYSTEMPATH\Database\BaseConnection.php(692): CodeIgniter\Database\MySQLi\Connection->execute('SELECT *
FROM `tag`')
 3 SYSTEMPATH\Database\BaseConnection.php(606): CodeIgniter\Database\BaseConnection->simpleQuery('SELECT *
FROM `tag`')
 4 SYSTEMPATH\Database\BaseBuilder.php(1616): CodeIgniter\Database\BaseConnection->query('SELECT *
FROM `tag`', [], false)
 5 SYSTEMPATH\Model.php(203): CodeIgniter\Database\BaseBuilder->get()
 6 SYSTEMPATH\BaseModel.php(557): CodeIgniter\Model->doFind(false, null)
 7 APPPATH\Controllers\DesenhistaPost.php(1161): CodeIgniter\BaseModel->find()
 8 SYSTEMPATH\CodeIgniter.php(934): App\Controllers\DesenhistaPost->desenho_tag_lista()
 9 SYSTEMPATH\CodeIgniter.php(499): CodeIgniter\CodeIgniter->runController(Object(App\Controllers\DesenhistaPost))
10 SYSTEMPATH\CodeIgniter.php(368): CodeIgniter\CodeIgniter->handleRequest(null, Object(Config\Cache), false)
11 FCPATH\index.php(67): CodeIgniter\CodeIgniter->run()
ERROR - 2023-10-26 21:50:55 --> mysqli_sql_exception: Table 'wl.tag' doesn't exist in C:\xampp\htdocs\codi\system\Database\MySQLi\Connection.php:295
Stack trace:
#0 C:\xampp\htdocs\codi\system\Database\MySQLi\Connection.php(295): mysqli->query('SELECT *\nFROM `...', 0)
#1 C:\xampp\htdocs\codi\system\Database\BaseConnection.php(692): CodeIgniter\Database\MySQLi\Connection->execute('SELECT *\nFROM `...')
#2 C:\xampp\htdocs\codi\system\Database\BaseConnection.php(606): CodeIgniter\Database\BaseConnection->simpleQuery('SELECT *\nFROM `...')
#3 C:\xampp\htdocs\codi\system\Database\BaseBuilder.php(1616): CodeIgniter\Database\BaseConnection->query('SELECT *\nFROM `...', Array, false)
#4 C:\xampp\htdocs\codi\system\Model.php(203): CodeIgniter\Database\BaseBuilder->get()
#5 C:\xampp\htdocs\codi\system\BaseModel.php(557): CodeIgniter\Model->doFind(false, NULL)
#6 C:\xampp\htdocs\codi\app\Controllers\DesenhistaPost.php(1161): CodeIgniter\BaseModel->find()
#7 C:\xampp\htdocs\codi\system\CodeIgniter.php(934): App\Controllers\DesenhistaPost->desenho_tag_lista()
#8 C:\xampp\htdocs\codi\system\CodeIgniter.php(499): CodeIgniter\CodeIgniter->runController(Object(App\Controllers\DesenhistaPost))
#9 C:\xampp\htdocs\codi\system\CodeIgniter.php(368): CodeIgniter\CodeIgniter->handleRequest(NULL, Object(Config\Cache), false)
#10 C:\xampp\htdocs\codi\public\index.php(67): CodeIgniter\CodeIgniter->run()
#11 {main}
CRITICAL - 2023-10-26 21:50:55 --> Table 'wl.tag' doesn't exist
in SYSTEMPATH\Database\MySQLi\Connection.php on line 295.
 1 SYSTEMPATH\Database\MySQLi\Connection.php(295): mysqli->query('SELECT *
FROM `tag`', 0)
 2 SYSTEMPATH\Database\BaseConnection.php(692): CodeIgniter\Database\MySQLi\Connection->execute('SELECT *
FROM `tag`')
 3 SYSTEMPATH\Database\BaseConnection.php(606): CodeIgniter\Database\BaseConnection->simpleQuery('SELECT *
FROM `tag`')
 4 SYSTEMPATH\Database\BaseBuilder.php(1616): CodeIgniter\Database\BaseConnection->query('SELECT *
FROM `tag`', [], false)
 5 SYSTEMPATH\Model.php(203): CodeIgniter\Database\BaseBuilder->get()
 6 SYSTEMPATH\BaseModel.php(557): CodeIgniter\Model->doFind(false, null)
 7 APPPATH\Controllers\DesenhistaPost.php(1161): CodeIgniter\BaseModel->find()
 8 SYSTEMPATH\CodeIgniter.php(934): App\Controllers\DesenhistaPost->desenho_tag_lista()
 9 SYSTEMPATH\CodeIgniter.php(499): CodeIgniter\CodeIgniter->runController(Object(App\Controllers\DesenhistaPost))
10 SYSTEMPATH\CodeIgniter.php(368): CodeIgniter\CodeIgniter->handleRequest(null, Object(Config\Cache), false)
11 FCPATH\index.php(67): CodeIgniter\CodeIgniter->run()
ERROR - 2023-10-26 21:50:56 --> mysqli_sql_exception: Table 'wl.tag' doesn't exist in C:\xampp\htdocs\codi\system\Database\MySQLi\Connection.php:295
Stack trace:
#0 C:\xampp\htdocs\codi\system\Database\MySQLi\Connection.php(295): mysqli->query('SELECT *\nFROM `...', 0)
#1 C:\xampp\htdocs\codi\system\Database\BaseConnection.php(692): CodeIgniter\Database\MySQLi\Connection->execute('SELECT *\nFROM `...')
#2 C:\xampp\htdocs\codi\system\Database\BaseConnection.php(606): CodeIgniter\Database\BaseConnection->simpleQuery('SELECT *\nFROM `...')
#3 C:\xampp\htdocs\codi\system\Database\BaseBuilder.php(1616): CodeIgniter\Database\BaseConnection->query('SELECT *\nFROM `...', Array, false)
#4 C:\xampp\htdocs\codi\system\Model.php(203): CodeIgniter\Database\BaseBuilder->get()
#5 C:\xampp\htdocs\codi\system\BaseModel.php(557): CodeIgniter\Model->doFind(false, NULL)
#6 C:\xampp\htdocs\codi\app\Controllers\DesenhistaPost.php(1161): CodeIgniter\BaseModel->find()
#7 C:\xampp\htdocs\codi\system\CodeIgniter.php(934): App\Controllers\DesenhistaPost->desenho_tag_lista()
#8 C:\xampp\htdocs\codi\system\CodeIgniter.php(499): CodeIgniter\CodeIgniter->runController(Object(App\Controllers\DesenhistaPost))
#9 C:\xampp\htdocs\codi\system\CodeIgniter.php(368): CodeIgniter\CodeIgniter->handleRequest(NULL, Object(Config\Cache), false)
#10 C:\xampp\htdocs\codi\public\index.php(67): CodeIgniter\CodeIgniter->run()
#11 {main}
CRITICAL - 2023-10-26 21:50:56 --> Table 'wl.tag' doesn't exist
in SYSTEMPATH\Database\MySQLi\Connection.php on line 295.
 1 SYSTEMPATH\Database\MySQLi\Connection.php(295): mysqli->query('SELECT *
FROM `tag`', 0)
 2 SYSTEMPATH\Database\BaseConnection.php(692): CodeIgniter\Database\MySQLi\Connection->execute('SELECT *
FROM `tag`')
 3 SYSTEMPATH\Database\BaseConnection.php(606): CodeIgniter\Database\BaseConnection->simpleQuery('SELECT *
FROM `tag`')
 4 SYSTEMPATH\Database\BaseBuilder.php(1616): CodeIgniter\Database\BaseConnection->query('SELECT *
FROM `tag`', [], false)
 5 SYSTEMPATH\Model.php(203): CodeIgniter\Database\BaseBuilder->get()
 6 SYSTEMPATH\BaseModel.php(557): CodeIgniter\Model->doFind(false, null)
 7 APPPATH\Controllers\DesenhistaPost.php(1161): CodeIgniter\BaseModel->find()
 8 SYSTEMPATH\CodeIgniter.php(934): App\Controllers\DesenhistaPost->desenho_tag_lista()
 9 SYSTEMPATH\CodeIgniter.php(499): CodeIgniter\CodeIgniter->runController(Object(App\Controllers\DesenhistaPost))
10 SYSTEMPATH\CodeIgniter.php(368): CodeIgniter\CodeIgniter->handleRequest(null, Object(Config\Cache), false)
11 FCPATH\index.php(67): CodeIgniter\CodeIgniter->run()
ERROR - 2023-10-26 21:50:56 --> mysqli_sql_exception: Table 'wl.tag' doesn't exist in C:\xampp\htdocs\codi\system\Database\MySQLi\Connection.php:295
Stack trace:
#0 C:\xampp\htdocs\codi\system\Database\MySQLi\Connection.php(295): mysqli->query('SELECT *\nFROM `...', 0)
#1 C:\xampp\htdocs\codi\system\Database\BaseConnection.php(692): CodeIgniter\Database\MySQLi\Connection->execute('SELECT *\nFROM `...')
#2 C:\xampp\htdocs\codi\system\Database\BaseConnection.php(606): CodeIgniter\Database\BaseConnection->simpleQuery('SELECT *\nFROM `...')
#3 C:\xampp\htdocs\codi\system\Database\BaseBuilder.php(1616): CodeIgniter\Database\BaseConnection->query('SELECT *\nFROM `...', Array, false)
#4 C:\xampp\htdocs\codi\system\Model.php(203): CodeIgniter\Database\BaseBuilder->get()
#5 C:\xampp\htdocs\codi\system\BaseModel.php(557): CodeIgniter\Model->doFind(false, NULL)
#6 C:\xampp\htdocs\codi\app\Controllers\DesenhistaPost.php(1161): CodeIgniter\BaseModel->find()
#7 C:\xampp\htdocs\codi\system\CodeIgniter.php(934): App\Controllers\DesenhistaPost->desenho_tag_lista()
#8 C:\xampp\htdocs\codi\system\CodeIgniter.php(499): CodeIgniter\CodeIgniter->runController(Object(App\Controllers\DesenhistaPost))
#9 C:\xampp\htdocs\codi\system\CodeIgniter.php(368): CodeIgniter\CodeIgniter->handleRequest(NULL, Object(Config\Cache), false)
#10 C:\xampp\htdocs\codi\public\index.php(67): CodeIgniter\CodeIgniter->run()
#11 {main}
CRITICAL - 2023-10-26 21:50:56 --> Table 'wl.tag' doesn't exist
in SYSTEMPATH\Database\MySQLi\Connection.php on line 295.
 1 SYSTEMPATH\Database\MySQLi\Connection.php(295): mysqli->query('SELECT *
FROM `tag`', 0)
 2 SYSTEMPATH\Database\BaseConnection.php(692): CodeIgniter\Database\MySQLi\Connection->execute('SELECT *
FROM `tag`')
 3 SYSTEMPATH\Database\BaseConnection.php(606): CodeIgniter\Database\BaseConnection->simpleQuery('SELECT *
FROM `tag`')
 4 SYSTEMPATH\Database\BaseBuilder.php(1616): CodeIgniter\Database\BaseConnection->query('SELECT *
FROM `tag`', [], false)
 5 SYSTEMPATH\Model.php(203): CodeIgniter\Database\BaseBuilder->get()
 6 SYSTEMPATH\BaseModel.php(557): CodeIgniter\Model->doFind(false, null)
 7 APPPATH\Controllers\DesenhistaPost.php(1161): CodeIgniter\BaseModel->find()
 8 SYSTEMPATH\CodeIgniter.php(934): App\Controllers\DesenhistaPost->desenho_tag_lista()
 9 SYSTEMPATH\CodeIgniter.php(499): CodeIgniter\CodeIgniter->runController(Object(App\Controllers\DesenhistaPost))
10 SYSTEMPATH\CodeIgniter.php(368): CodeIgniter\CodeIgniter->handleRequest(null, Object(Config\Cache), false)
11 FCPATH\index.php(67): CodeIgniter\CodeIgniter->run()
ERROR - 2023-10-26 21:50:57 --> mysqli_sql_exception: Table 'wl.tag' doesn't exist in C:\xampp\htdocs\codi\system\Database\MySQLi\Connection.php:295
Stack trace:
#0 C:\xampp\htdocs\codi\system\Database\MySQLi\Connection.php(295): mysqli->query('SELECT *\nFROM `...', 0)
#1 C:\xampp\htdocs\codi\system\Database\BaseConnection.php(692): CodeIgniter\Database\MySQLi\Connection->execute('SELECT *\nFROM `...')
#2 C:\xampp\htdocs\codi\system\Database\BaseConnection.php(606): CodeIgniter\Database\BaseConnection->simpleQuery('SELECT *\nFROM `...')
#3 C:\xampp\htdocs\codi\system\Database\BaseBuilder.php(1616): CodeIgniter\Database\BaseConnection->query('SELECT *\nFROM `...', Array, false)
#4 C:\xampp\htdocs\codi\system\Model.php(203): CodeIgniter\Database\BaseBuilder->get()
#5 C:\xampp\htdocs\codi\system\BaseModel.php(557): CodeIgniter\Model->doFind(false, NULL)
#6 C:\xampp\htdocs\codi\app\Controllers\DesenhistaPost.php(1161): CodeIgniter\BaseModel->find()
#7 C:\xampp\htdocs\codi\system\CodeIgniter.php(934): App\Controllers\DesenhistaPost->desenho_tag_lista()
#8 C:\xampp\htdocs\codi\system\CodeIgniter.php(499): CodeIgniter\CodeIgniter->runController(Object(App\Controllers\DesenhistaPost))
#9 C:\xampp\htdocs\codi\system\CodeIgniter.php(368): CodeIgniter\CodeIgniter->handleRequest(NULL, Object(Config\Cache), false)
#10 C:\xampp\htdocs\codi\public\index.php(67): CodeIgniter\CodeIgniter->run()
#11 {main}
CRITICAL - 2023-10-26 21:50:57 --> Table 'wl.tag' doesn't exist
in SYSTEMPATH\Database\MySQLi\Connection.php on line 295.
 1 SYSTEMPATH\Database\MySQLi\Connection.php(295): mysqli->query('SELECT *
FROM `tag`', 0)
 2 SYSTEMPATH\Database\BaseConnection.php(692): CodeIgniter\Database\MySQLi\Connection->execute('SELECT *
FROM `tag`')
 3 SYSTEMPATH\Database\BaseConnection.php(606): CodeIgniter\Database\BaseConnection->simpleQuery('SELECT *
FROM `tag`')
 4 SYSTEMPATH\Database\BaseBuilder.php(1616): CodeIgniter\Database\BaseConnection->query('SELECT *
FROM `tag`', [], false)
 5 SYSTEMPATH\Model.php(203): CodeIgniter\Database\BaseBuilder->get()
 6 SYSTEMPATH\BaseModel.php(557): CodeIgniter\Model->doFind(false, null)
 7 APPPATH\Controllers\DesenhistaPost.php(1161): CodeIgniter\BaseModel->find()
 8 SYSTEMPATH\CodeIgniter.php(934): App\Controllers\DesenhistaPost->desenho_tag_lista()
 9 SYSTEMPATH\CodeIgniter.php(499): CodeIgniter\CodeIgniter->runController(Object(App\Controllers\DesenhistaPost))
10 SYSTEMPATH\CodeIgniter.php(368): CodeIgniter\CodeIgniter->handleRequest(null, Object(Config\Cache), false)
11 FCPATH\index.php(67): CodeIgniter\CodeIgniter->run()
ERROR - 2023-10-26 21:50:57 --> mysqli_sql_exception: Table 'wl.tag' doesn't exist in C:\xampp\htdocs\codi\system\Database\MySQLi\Connection.php:295
Stack trace:
#0 C:\xampp\htdocs\codi\system\Database\MySQLi\Connection.php(295): mysqli->query('SELECT *\nFROM `...', 0)
#1 C:\xampp\htdocs\codi\system\Database\BaseConnection.php(692): CodeIgniter\Database\MySQLi\Connection->execute('SELECT *\nFROM `...')
#2 C:\xampp\htdocs\codi\system\Database\BaseConnection.php(606): CodeIgniter\Database\BaseConnection->simpleQuery('SELECT *\nFROM `...')
#3 C:\xampp\htdocs\codi\system\Database\BaseBuilder.php(1616): CodeIgniter\Database\BaseConnection->query('SELECT *\nFROM `...', Array, false)
#4 C:\xampp\htdocs\codi\system\Model.php(203): CodeIgniter\Database\BaseBuilder->get()
#5 C:\xampp\htdocs\codi\system\BaseModel.php(557): CodeIgniter\Model->doFind(false, NULL)
#6 C:\xampp\htdocs\codi\app\Controllers\DesenhistaPost.php(1161): CodeIgniter\BaseModel->find()
#7 C:\xampp\htdocs\codi\system\CodeIgniter.php(934): App\Controllers\DesenhistaPost->desenho_tag_lista()
#8 C:\xampp\htdocs\codi\system\CodeIgniter.php(499): CodeIgniter\CodeIgniter->runController(Object(App\Controllers\DesenhistaPost))
#9 C:\xampp\htdocs\codi\system\CodeIgniter.php(368): CodeIgniter\CodeIgniter->handleRequest(NULL, Object(Config\Cache), false)
#10 C:\xampp\htdocs\codi\public\index.php(67): CodeIgniter\CodeIgniter->run()
#11 {main}
CRITICAL - 2023-10-26 21:50:57 --> Table 'wl.tag' doesn't exist
in SYSTEMPATH\Database\MySQLi\Connection.php on line 295.
 1 SYSTEMPATH\Database\MySQLi\Connection.php(295): mysqli->query('SELECT *
FROM `tag`', 0)
 2 SYSTEMPATH\Database\BaseConnection.php(692): CodeIgniter\Database\MySQLi\Connection->execute('SELECT *
FROM `tag`')
 3 SYSTEMPATH\Database\BaseConnection.php(606): CodeIgniter\Database\BaseConnection->simpleQuery('SELECT *
FROM `tag`')
 4 SYSTEMPATH\Database\BaseBuilder.php(1616): CodeIgniter\Database\BaseConnection->query('SELECT *
FROM `tag`', [], false)
 5 SYSTEMPATH\Model.php(203): CodeIgniter\Database\BaseBuilder->get()
 6 SYSTEMPATH\BaseModel.php(557): CodeIgniter\Model->doFind(false, null)
 7 APPPATH\Controllers\DesenhistaPost.php(1161): CodeIgniter\BaseModel->find()
 8 SYSTEMPATH\CodeIgniter.php(934): App\Controllers\DesenhistaPost->desenho_tag_lista()
 9 SYSTEMPATH\CodeIgniter.php(499): CodeIgniter\CodeIgniter->runController(Object(App\Controllers\DesenhistaPost))
10 SYSTEMPATH\CodeIgniter.php(368): CodeIgniter\CodeIgniter->handleRequest(null, Object(Config\Cache), false)
11 FCPATH\index.php(67): CodeIgniter\CodeIgniter->run()
ERROR - 2023-10-26 21:50:58 --> mysqli_sql_exception: Table 'wl.tag' doesn't exist in C:\xampp\htdocs\codi\system\Database\MySQLi\Connection.php:295
Stack trace:
#0 C:\xampp\htdocs\codi\system\Database\MySQLi\Connection.php(295): mysqli->query('SELECT *\nFROM `...', 0)
#1 C:\xampp\htdocs\codi\system\Database\BaseConnection.php(692): CodeIgniter\Database\MySQLi\Connection->execute('SELECT *\nFROM `...')
#2 C:\xampp\htdocs\codi\system\Database\BaseConnection.php(606): CodeIgniter\Database\BaseConnection->simpleQuery('SELECT *\nFROM `...')
#3 C:\xampp\htdocs\codi\system\Database\BaseBuilder.php(1616): CodeIgniter\Database\BaseConnection->query('SELECT *\nFROM `...', Array, false)
#4 C:\xampp\htdocs\codi\system\Model.php(203): CodeIgniter\Database\BaseBuilder->get()
#5 C:\xampp\htdocs\codi\system\BaseModel.php(557): CodeIgniter\Model->doFind(false, NULL)
#6 C:\xampp\htdocs\codi\app\Controllers\DesenhistaPost.php(1161): CodeIgniter\BaseModel->find()
#7 C:\xampp\htdocs\codi\system\CodeIgniter.php(934): App\Controllers\DesenhistaPost->desenho_tag_lista()
#8 C:\xampp\htdocs\codi\system\CodeIgniter.php(499): CodeIgniter\CodeIgniter->runController(Object(App\Controllers\DesenhistaPost))
#9 C:\xampp\htdocs\codi\system\CodeIgniter.php(368): CodeIgniter\CodeIgniter->handleRequest(NULL, Object(Config\Cache), false)
#10 C:\xampp\htdocs\codi\public\index.php(67): CodeIgniter\CodeIgniter->run()
#11 {main}
CRITICAL - 2023-10-26 21:50:58 --> Table 'wl.tag' doesn't exist
in SYSTEMPATH\Database\MySQLi\Connection.php on line 295.
 1 SYSTEMPATH\Database\MySQLi\Connection.php(295): mysqli->query('SELECT *
FROM `tag`', 0)
 2 SYSTEMPATH\Database\BaseConnection.php(692): CodeIgniter\Database\MySQLi\Connection->execute('SELECT *
FROM `tag`')
 3 SYSTEMPATH\Database\BaseConnection.php(606): CodeIgniter\Database\BaseConnection->simpleQuery('SELECT *
FROM `tag`')
 4 SYSTEMPATH\Database\BaseBuilder.php(1616): CodeIgniter\Database\BaseConnection->query('SELECT *
FROM `tag`', [], false)
 5 SYSTEMPATH\Model.php(203): CodeIgniter\Database\BaseBuilder->get()
 6 SYSTEMPATH\BaseModel.php(557): CodeIgniter\Model->doFind(false, null)
 7 APPPATH\Controllers\DesenhistaPost.php(1161): CodeIgniter\BaseModel->find()
 8 SYSTEMPATH\CodeIgniter.php(934): App\Controllers\DesenhistaPost->desenho_tag_lista()
 9 SYSTEMPATH\CodeIgniter.php(499): CodeIgniter\CodeIgniter->runController(Object(App\Controllers\DesenhistaPost))
10 SYSTEMPATH\CodeIgniter.php(368): CodeIgniter\CodeIgniter->handleRequest(null, Object(Config\Cache), false)
11 FCPATH\index.php(67): CodeIgniter\CodeIgniter->run()
ERROR - 2023-10-26 21:50:58 --> mysqli_sql_exception: Table 'wl.tag' doesn't exist in C:\xampp\htdocs\codi\system\Database\MySQLi\Connection.php:295
Stack trace:
#0 C:\xampp\htdocs\codi\system\Database\MySQLi\Connection.php(295): mysqli->query('SELECT *\nFROM `...', 0)
#1 C:\xampp\htdocs\codi\system\Database\BaseConnection.php(692): CodeIgniter\Database\MySQLi\Connection->execute('SELECT *\nFROM `...')
#2 C:\xampp\htdocs\codi\system\Database\BaseConnection.php(606): CodeIgniter\Database\BaseConnection->simpleQuery('SELECT *\nFROM `...')
#3 C:\xampp\htdocs\codi\system\Database\BaseBuilder.php(1616): CodeIgniter\Database\BaseConnection->query('SELECT *\nFROM `...', Array, false)
#4 C:\xampp\htdocs\codi\system\Model.php(203): CodeIgniter\Database\BaseBuilder->get()
#5 C:\xampp\htdocs\codi\system\BaseModel.php(557): CodeIgniter\Model->doFind(false, NULL)
#6 C:\xampp\htdocs\codi\app\Controllers\DesenhistaPost.php(1161): CodeIgniter\BaseModel->find()
#7 C:\xampp\htdocs\codi\system\CodeIgniter.php(934): App\Controllers\DesenhistaPost->desenho_tag_lista()
#8 C:\xampp\htdocs\codi\system\CodeIgniter.php(499): CodeIgniter\CodeIgniter->runController(Object(App\Controllers\DesenhistaPost))
#9 C:\xampp\htdocs\codi\system\CodeIgniter.php(368): CodeIgniter\CodeIgniter->handleRequest(NULL, Object(Config\Cache), false)
#10 C:\xampp\htdocs\codi\public\index.php(67): CodeIgniter\CodeIgniter->run()
#11 {main}
CRITICAL - 2023-10-26 21:50:58 --> Table 'wl.tag' doesn't exist
in SYSTEMPATH\Database\MySQLi\Connection.php on line 295.
 1 SYSTEMPATH\Database\MySQLi\Connection.php(295): mysqli->query('SELECT *
FROM `tag`', 0)
 2 SYSTEMPATH\Database\BaseConnection.php(692): CodeIgniter\Database\MySQLi\Connection->execute('SELECT *
FROM `tag`')
 3 SYSTEMPATH\Database\BaseConnection.php(606): CodeIgniter\Database\BaseConnection->simpleQuery('SELECT *
FROM `tag`')
 4 SYSTEMPATH\Database\BaseBuilder.php(1616): CodeIgniter\Database\BaseConnection->query('SELECT *
FROM `tag`', [], false)
 5 SYSTEMPATH\Model.php(203): CodeIgniter\Database\BaseBuilder->get()
 6 SYSTEMPATH\BaseModel.php(557): CodeIgniter\Model->doFind(false, null)
 7 APPPATH\Controllers\DesenhistaPost.php(1161): CodeIgniter\BaseModel->find()
 8 SYSTEMPATH\CodeIgniter.php(934): App\Controllers\DesenhistaPost->desenho_tag_lista()
 9 SYSTEMPATH\CodeIgniter.php(499): CodeIgniter\CodeIgniter->runController(Object(App\Controllers\DesenhistaPost))
10 SYSTEMPATH\CodeIgniter.php(368): CodeIgniter\CodeIgniter->handleRequest(null, Object(Config\Cache), false)
11 FCPATH\index.php(67): CodeIgniter\CodeIgniter->run()
ERROR - 2023-10-26 21:50:59 --> mysqli_sql_exception: Table 'wl.tag' doesn't exist in C:\xampp\htdocs\codi\system\Database\MySQLi\Connection.php:295
Stack trace:
#0 C:\xampp\htdocs\codi\system\Database\MySQLi\Connection.php(295): mysqli->query('SELECT *\nFROM `...', 0)
#1 C:\xampp\htdocs\codi\system\Database\BaseConnection.php(692): CodeIgniter\Database\MySQLi\Connection->execute('SELECT *\nFROM `...')
#2 C:\xampp\htdocs\codi\system\Database\BaseConnection.php(606): CodeIgniter\Database\BaseConnection->simpleQuery('SELECT *\nFROM `...')
#3 C:\xampp\htdocs\codi\system\Database\BaseBuilder.php(1616): CodeIgniter\Database\BaseConnection->query('SELECT *\nFROM `...', Array, false)
#4 C:\xampp\htdocs\codi\system\Model.php(203): CodeIgniter\Database\BaseBuilder->get()
#5 C:\xampp\htdocs\codi\system\BaseModel.php(557): CodeIgniter\Model->doFind(false, NULL)
#6 C:\xampp\htdocs\codi\app\Controllers\DesenhistaPost.php(1161): CodeIgniter\BaseModel->find()
#7 C:\xampp\htdocs\codi\system\CodeIgniter.php(934): App\Controllers\DesenhistaPost->desenho_tag_lista()
#8 C:\xampp\htdocs\codi\system\CodeIgniter.php(499): CodeIgniter\CodeIgniter->runController(Object(App\Controllers\DesenhistaPost))
#9 C:\xampp\htdocs\codi\system\CodeIgniter.php(368): CodeIgniter\CodeIgniter->handleRequest(NULL, Object(Config\Cache), false)
#10 C:\xampp\htdocs\codi\public\index.php(67): CodeIgniter\CodeIgniter->run()
#11 {main}
CRITICAL - 2023-10-26 21:50:59 --> Table 'wl.tag' doesn't exist
in SYSTEMPATH\Database\MySQLi\Connection.php on line 295.
 1 SYSTEMPATH\Database\MySQLi\Connection.php(295): mysqli->query('SELECT *
FROM `tag`', 0)
 2 SYSTEMPATH\Database\BaseConnection.php(692): CodeIgniter\Database\MySQLi\Connection->execute('SELECT *
FROM `tag`')
 3 SYSTEMPATH\Database\BaseConnection.php(606): CodeIgniter\Database\BaseConnection->simpleQuery('SELECT *
FROM `tag`')
 4 SYSTEMPATH\Database\BaseBuilder.php(1616): CodeIgniter\Database\BaseConnection->query('SELECT *
FROM `tag`', [], false)
 5 SYSTEMPATH\Model.php(203): CodeIgniter\Database\BaseBuilder->get()
 6 SYSTEMPATH\BaseModel.php(557): CodeIgniter\Model->doFind(false, null)
 7 APPPATH\Controllers\DesenhistaPost.php(1161): CodeIgniter\BaseModel->find()
 8 SYSTEMPATH\CodeIgniter.php(934): App\Controllers\DesenhistaPost->desenho_tag_lista()
 9 SYSTEMPATH\CodeIgniter.php(499): CodeIgniter\CodeIgniter->runController(Object(App\Controllers\DesenhistaPost))
10 SYSTEMPATH\CodeIgniter.php(368): CodeIgniter\CodeIgniter->handleRequest(null, Object(Config\Cache), false)
11 FCPATH\index.php(67): CodeIgniter\CodeIgniter->run()
ERROR - 2023-10-26 21:50:59 --> mysqli_sql_exception: Table 'wl.tag' doesn't exist in C:\xampp\htdocs\codi\system\Database\MySQLi\Connection.php:295
Stack trace:
#0 C:\xampp\htdocs\codi\system\Database\MySQLi\Connection.php(295): mysqli->query('SELECT *\nFROM `...', 0)
#1 C:\xampp\htdocs\codi\system\Database\BaseConnection.php(692): CodeIgniter\Database\MySQLi\Connection->execute('SELECT *\nFROM `...')
#2 C:\xampp\htdocs\codi\system\Database\BaseConnection.php(606): CodeIgniter\Database\BaseConnection->simpleQuery('SELECT *\nFROM `...')
#3 C:\xampp\htdocs\codi\system\Database\BaseBuilder.php(1616): CodeIgniter\Database\BaseConnection->query('SELECT *\nFROM `...', Array, false)
#4 C:\xampp\htdocs\codi\system\Model.php(203): CodeIgniter\Database\BaseBuilder->get()
#5 C:\xampp\htdocs\codi\system\BaseModel.php(557): CodeIgniter\Model->doFind(false, NULL)
#6 C:\xampp\htdocs\codi\app\Controllers\DesenhistaPost.php(1161): CodeIgniter\BaseModel->find()
#7 C:\xampp\htdocs\codi\system\CodeIgniter.php(934): App\Controllers\DesenhistaPost->desenho_tag_lista()
#8 C:\xampp\htdocs\codi\system\CodeIgniter.php(499): CodeIgniter\CodeIgniter->runController(Object(App\Controllers\DesenhistaPost))
#9 C:\xampp\htdocs\codi\system\CodeIgniter.php(368): CodeIgniter\CodeIgniter->handleRequest(NULL, Object(Config\Cache), false)
#10 C:\xampp\htdocs\codi\public\index.php(67): CodeIgniter\CodeIgniter->run()
#11 {main}
CRITICAL - 2023-10-26 21:50:59 --> Table 'wl.tag' doesn't exist
in SYSTEMPATH\Database\MySQLi\Connection.php on line 295.
 1 SYSTEMPATH\Database\MySQLi\Connection.php(295): mysqli->query('SELECT *
FROM `tag`', 0)
 2 SYSTEMPATH\Database\BaseConnection.php(692): CodeIgniter\Database\MySQLi\Connection->execute('SELECT *
FROM `tag`')
 3 SYSTEMPATH\Database\BaseConnection.php(606): CodeIgniter\Database\BaseConnection->simpleQuery('SELECT *
FROM `tag`')
 4 SYSTEMPATH\Database\BaseBuilder.php(1616): CodeIgniter\Database\BaseConnection->query('SELECT *
FROM `tag`', [], false)
 5 SYSTEMPATH\Model.php(203): CodeIgniter\Database\BaseBuilder->get()
 6 SYSTEMPATH\BaseModel.php(557): CodeIgniter\Model->doFind(false, null)
 7 APPPATH\Controllers\DesenhistaPost.php(1161): CodeIgniter\BaseModel->find()
 8 SYSTEMPATH\CodeIgniter.php(934): App\Controllers\DesenhistaPost->desenho_tag_lista()
 9 SYSTEMPATH\CodeIgniter.php(499): CodeIgniter\CodeIgniter->runController(Object(App\Controllers\DesenhistaPost))
10 SYSTEMPATH\CodeIgniter.php(368): CodeIgniter\CodeIgniter->handleRequest(null, Object(Config\Cache), false)
11 FCPATH\index.php(67): CodeIgniter\CodeIgniter->run()
ERROR - 2023-10-26 21:51:57 --> mysqli_sql_exception: Table 'wl.tag' doesn't exist in C:\xampp\htdocs\codi\system\Database\MySQLi\Connection.php:295
Stack trace:
#0 C:\xampp\htdocs\codi\system\Database\MySQLi\Connection.php(295): mysqli->query('SELECT *\nFROM `...', 0)
#1 C:\xampp\htdocs\codi\system\Database\BaseConnection.php(692): CodeIgniter\Database\MySQLi\Connection->execute('SELECT *\nFROM `...')
#2 C:\xampp\htdocs\codi\system\Database\BaseConnection.php(606): CodeIgniter\Database\BaseConnection->simpleQuery('SELECT *\nFROM `...')
#3 C:\xampp\htdocs\codi\system\Database\BaseBuilder.php(1616): CodeIgniter\Database\BaseConnection->query('SELECT *\nFROM `...', Array, false)
#4 C:\xampp\htdocs\codi\system\Model.php(203): CodeIgniter\Database\BaseBuilder->get()
#5 C:\xampp\htdocs\codi\system\BaseModel.php(557): CodeIgniter\Model->doFind(false, NULL)
#6 C:\xampp\htdocs\codi\app\Controllers\DesenhistaPost.php(1161): CodeIgniter\BaseModel->find()
#7 C:\xampp\htdocs\codi\system\CodeIgniter.php(934): App\Controllers\DesenhistaPost->desenho_tag_lista()
#8 C:\xampp\htdocs\codi\system\CodeIgniter.php(499): CodeIgniter\CodeIgniter->runController(Object(App\Controllers\DesenhistaPost))
#9 C:\xampp\htdocs\codi\system\CodeIgniter.php(368): CodeIgniter\CodeIgniter->handleRequest(NULL, Object(Config\Cache), false)
#10 C:\xampp\htdocs\codi\public\index.php(67): CodeIgniter\CodeIgniter->run()
#11 {main}
CRITICAL - 2023-10-26 21:51:57 --> Table 'wl.tag' doesn't exist
in SYSTEMPATH\Database\MySQLi\Connection.php on line 295.
 1 SYSTEMPATH\Database\MySQLi\Connection.php(295): mysqli->query('SELECT *
FROM `tag`', 0)
 2 SYSTEMPATH\Database\BaseConnection.php(692): CodeIgniter\Database\MySQLi\Connection->execute('SELECT *
FROM `tag`')
 3 SYSTEMPATH\Database\BaseConnection.php(606): CodeIgniter\Database\BaseConnection->simpleQuery('SELECT *
FROM `tag`')
 4 SYSTEMPATH\Database\BaseBuilder.php(1616): CodeIgniter\Database\BaseConnection->query('SELECT *
FROM `tag`', [], false)
 5 SYSTEMPATH\Model.php(203): CodeIgniter\Database\BaseBuilder->get()
 6 SYSTEMPATH\BaseModel.php(557): CodeIgniter\Model->doFind(false, null)
 7 APPPATH\Controllers\DesenhistaPost.php(1161): CodeIgniter\BaseModel->find()
 8 SYSTEMPATH\CodeIgniter.php(934): App\Controllers\DesenhistaPost->desenho_tag_lista()
 9 SYSTEMPATH\CodeIgniter.php(499): CodeIgniter\CodeIgniter->runController(Object(App\Controllers\DesenhistaPost))
10 SYSTEMPATH\CodeIgniter.php(368): CodeIgniter\CodeIgniter->handleRequest(null, Object(Config\Cache), false)
11 FCPATH\index.php(67): CodeIgniter\CodeIgniter->run()
ERROR - 2023-10-26 21:51:57 --> mysqli_sql_exception: Table 'wl.tag' doesn't exist in C:\xampp\htdocs\codi\system\Database\MySQLi\Connection.php:295
Stack trace:
#0 C:\xampp\htdocs\codi\system\Database\MySQLi\Connection.php(295): mysqli->query('SELECT *\nFROM `...', 0)
#1 C:\xampp\htdocs\codi\system\Database\BaseConnection.php(692): CodeIgniter\Database\MySQLi\Connection->execute('SELECT *\nFROM `...')
#2 C:\xampp\htdocs\codi\system\Database\BaseConnection.php(606): CodeIgniter\Database\BaseConnection->simpleQuery('SELECT *\nFROM `...')
#3 C:\xampp\htdocs\codi\system\Database\BaseBuilder.php(1616): CodeIgniter\Database\BaseConnection->query('SELECT *\nFROM `...', Array, false)
#4 C:\xampp\htdocs\codi\system\Model.php(203): CodeIgniter\Database\BaseBuilder->get()
#5 C:\xampp\htdocs\codi\system\BaseModel.php(557): CodeIgniter\Model->doFind(false, NULL)
#6 C:\xampp\htdocs\codi\app\Controllers\DesenhistaPost.php(1161): CodeIgniter\BaseModel->find()
#7 C:\xampp\htdocs\codi\system\CodeIgniter.php(934): App\Controllers\DesenhistaPost->desenho_tag_lista()
#8 C:\xampp\htdocs\codi\system\CodeIgniter.php(499): CodeIgniter\CodeIgniter->runController(Object(App\Controllers\DesenhistaPost))
#9 C:\xampp\htdocs\codi\system\CodeIgniter.php(368): CodeIgniter\CodeIgniter->handleRequest(NULL, Object(Config\Cache), false)
#10 C:\xampp\htdocs\codi\public\index.php(67): CodeIgniter\CodeIgniter->run()
#11 {main}
CRITICAL - 2023-10-26 21:51:57 --> Table 'wl.tag' doesn't exist
in SYSTEMPATH\Database\MySQLi\Connection.php on line 295.
 1 SYSTEMPATH\Database\MySQLi\Connection.php(295): mysqli->query('SELECT *
FROM `tag`', 0)
 2 SYSTEMPATH\Database\BaseConnection.php(692): CodeIgniter\Database\MySQLi\Connection->execute('SELECT *
FROM `tag`')
 3 SYSTEMPATH\Database\BaseConnection.php(606): CodeIgniter\Database\BaseConnection->simpleQuery('SELECT *
FROM `tag`')
 4 SYSTEMPATH\Database\BaseBuilder.php(1616): CodeIgniter\Database\BaseConnection->query('SELECT *
FROM `tag`', [], false)
 5 SYSTEMPATH\Model.php(203): CodeIgniter\Database\BaseBuilder->get()
 6 SYSTEMPATH\BaseModel.php(557): CodeIgniter\Model->doFind(false, null)
 7 APPPATH\Controllers\DesenhistaPost.php(1161): CodeIgniter\BaseModel->find()
 8 SYSTEMPATH\CodeIgniter.php(934): App\Controllers\DesenhistaPost->desenho_tag_lista()
 9 SYSTEMPATH\CodeIgniter.php(499): CodeIgniter\CodeIgniter->runController(Object(App\Controllers\DesenhistaPost))
10 SYSTEMPATH\CodeIgniter.php(368): CodeIgniter\CodeIgniter->handleRequest(null, Object(Config\Cache), false)
11 FCPATH\index.php(67): CodeIgniter\CodeIgniter->run()
ERROR - 2023-10-26 21:52:57 --> mysqli_sql_exception: Table 'wl.tag' doesn't exist in C:\xampp\htdocs\codi\system\Database\MySQLi\Connection.php:295
Stack trace:
#0 C:\xampp\htdocs\codi\system\Database\MySQLi\Connection.php(295): mysqli->query('SELECT *\nFROM `...', 0)
#1 C:\xampp\htdocs\codi\system\Database\BaseConnection.php(692): CodeIgniter\Database\MySQLi\Connection->execute('SELECT *\nFROM `...')
#2 C:\xampp\htdocs\codi\system\Database\BaseConnection.php(606): CodeIgniter\Database\BaseConnection->simpleQuery('SELECT *\nFROM `...')
#3 C:\xampp\htdocs\codi\system\Database\BaseBuilder.php(1616): CodeIgniter\Database\BaseConnection->query('SELECT *\nFROM `...', Array, false)
#4 C:\xampp\htdocs\codi\system\Model.php(203): CodeIgniter\Database\BaseBuilder->get()
#5 C:\xampp\htdocs\codi\system\BaseModel.php(557): CodeIgniter\Model->doFind(false, NULL)
#6 C:\xampp\htdocs\codi\app\Controllers\DesenhistaPost.php(1161): CodeIgniter\BaseModel->find()
#7 C:\xampp\htdocs\codi\system\CodeIgniter.php(934): App\Controllers\DesenhistaPost->desenho_tag_lista()
#8 C:\xampp\htdocs\codi\system\CodeIgniter.php(499): CodeIgniter\CodeIgniter->runController(Object(App\Controllers\DesenhistaPost))
#9 C:\xampp\htdocs\codi\system\CodeIgniter.php(368): CodeIgniter\CodeIgniter->handleRequest(NULL, Object(Config\Cache), false)
#10 C:\xampp\htdocs\codi\public\index.php(67): CodeIgniter\CodeIgniter->run()
#11 {main}
CRITICAL - 2023-10-26 21:52:57 --> Table 'wl.tag' doesn't exist
in SYSTEMPATH\Database\MySQLi\Connection.php on line 295.
 1 SYSTEMPATH\Database\MySQLi\Connection.php(295): mysqli->query('SELECT *
FROM `tag`', 0)
 2 SYSTEMPATH\Database\BaseConnection.php(692): CodeIgniter\Database\MySQLi\Connection->execute('SELECT *
FROM `tag`')
 3 SYSTEMPATH\Database\BaseConnection.php(606): CodeIgniter\Database\BaseConnection->simpleQuery('SELECT *
FROM `tag`')
 4 SYSTEMPATH\Database\BaseBuilder.php(1616): CodeIgniter\Database\BaseConnection->query('SELECT *
FROM `tag`', [], false)
 5 SYSTEMPATH\Model.php(203): CodeIgniter\Database\BaseBuilder->get()
 6 SYSTEMPATH\BaseModel.php(557): CodeIgniter\Model->doFind(false, null)
 7 APPPATH\Controllers\DesenhistaPost.php(1161): CodeIgniter\BaseModel->find()
 8 SYSTEMPATH\CodeIgniter.php(934): App\Controllers\DesenhistaPost->desenho_tag_lista()
 9 SYSTEMPATH\CodeIgniter.php(499): CodeIgniter\CodeIgniter->runController(Object(App\Controllers\DesenhistaPost))
10 SYSTEMPATH\CodeIgniter.php(368): CodeIgniter\CodeIgniter->handleRequest(null, Object(Config\Cache), false)
11 FCPATH\index.php(67): CodeIgniter\CodeIgniter->run()
ERROR - 2023-10-26 21:52:57 --> mysqli_sql_exception: Table 'wl.tag' doesn't exist in C:\xampp\htdocs\codi\system\Database\MySQLi\Connection.php:295
Stack trace:
#0 C:\xampp\htdocs\codi\system\Database\MySQLi\Connection.php(295): mysqli->query('SELECT *\nFROM `...', 0)
#1 C:\xampp\htdocs\codi\system\Database\BaseConnection.php(692): CodeIgniter\Database\MySQLi\Connection->execute('SELECT *\nFROM `...')
#2 C:\xampp\htdocs\codi\system\Database\BaseConnection.php(606): CodeIgniter\Database\BaseConnection->simpleQuery('SELECT *\nFROM `...')
#3 C:\xampp\htdocs\codi\system\Database\BaseBuilder.php(1616): CodeIgniter\Database\BaseConnection->query('SELECT *\nFROM `...', Array, false)
#4 C:\xampp\htdocs\codi\system\Model.php(203): CodeIgniter\Database\BaseBuilder->get()
#5 C:\xampp\htdocs\codi\system\BaseModel.php(557): CodeIgniter\Model->doFind(false, NULL)
#6 C:\xampp\htdocs\codi\app\Controllers\DesenhistaPost.php(1161): CodeIgniter\BaseModel->find()
#7 C:\xampp\htdocs\codi\system\CodeIgniter.php(934): App\Controllers\DesenhistaPost->desenho_tag_lista()
#8 C:\xampp\htdocs\codi\system\CodeIgniter.php(499): CodeIgniter\CodeIgniter->runController(Object(App\Controllers\DesenhistaPost))
#9 C:\xampp\htdocs\codi\system\CodeIgniter.php(368): CodeIgniter\CodeIgniter->handleRequest(NULL, Object(Config\Cache), false)
#10 C:\xampp\htdocs\codi\public\index.php(67): CodeIgniter\CodeIgniter->run()
#11 {main}
CRITICAL - 2023-10-26 21:52:57 --> Table 'wl.tag' doesn't exist
in SYSTEMPATH\Database\MySQLi\Connection.php on line 295.
 1 SYSTEMPATH\Database\MySQLi\Connection.php(295): mysqli->query('SELECT *
FROM `tag`', 0)
 2 SYSTEMPATH\Database\BaseConnection.php(692): CodeIgniter\Database\MySQLi\Connection->execute('SELECT *
FROM `tag`')
 3 SYSTEMPATH\Database\BaseConnection.php(606): CodeIgniter\Database\BaseConnection->simpleQuery('SELECT *
FROM `tag`')
 4 SYSTEMPATH\Database\BaseBuilder.php(1616): CodeIgniter\Database\BaseConnection->query('SELECT *
FROM `tag`', [], false)
 5 SYSTEMPATH\Model.php(203): CodeIgniter\Database\BaseBuilder->get()
 6 SYSTEMPATH\BaseModel.php(557): CodeIgniter\Model->doFind(false, null)
 7 APPPATH\Controllers\DesenhistaPost.php(1161): CodeIgniter\BaseModel->find()
 8 SYSTEMPATH\CodeIgniter.php(934): App\Controllers\DesenhistaPost->desenho_tag_lista()
 9 SYSTEMPATH\CodeIgniter.php(499): CodeIgniter\CodeIgniter->runController(Object(App\Controllers\DesenhistaPost))
10 SYSTEMPATH\CodeIgniter.php(368): CodeIgniter\CodeIgniter->handleRequest(null, Object(Config\Cache), false)
11 FCPATH\index.php(67): CodeIgniter\CodeIgniter->run()
ERROR - 2023-10-26 21:53:08 --> mysqli_sql_exception: Table 'wl.tag' doesn't exist in C:\xampp\htdocs\codi\system\Database\MySQLi\Connection.php:295
Stack trace:
#0 C:\xampp\htdocs\codi\system\Database\MySQLi\Connection.php(295): mysqli->query('SELECT *\nFROM `...', 0)
#1 C:\xampp\htdocs\codi\system\Database\BaseConnection.php(692): CodeIgniter\Database\MySQLi\Connection->execute('SELECT *\nFROM `...')
#2 C:\xampp\htdocs\codi\system\Database\BaseConnection.php(606): CodeIgniter\Database\BaseConnection->simpleQuery('SELECT *\nFROM `...')
#3 C:\xampp\htdocs\codi\system\Database\BaseBuilder.php(1616): CodeIgniter\Database\BaseConnection->query('SELECT *\nFROM `...', Array, false)
#4 C:\xampp\htdocs\codi\system\Model.php(203): CodeIgniter\Database\BaseBuilder->get()
#5 C:\xampp\htdocs\codi\system\BaseModel.php(557): CodeIgniter\Model->doFind(false, NULL)
#6 C:\xampp\htdocs\codi\app\Controllers\DesenhistaPost.php(1161): CodeIgniter\BaseModel->find()
#7 C:\xampp\htdocs\codi\system\CodeIgniter.php(934): App\Controllers\DesenhistaPost->desenho_tag_lista()
#8 C:\xampp\htdocs\codi\system\CodeIgniter.php(499): CodeIgniter\CodeIgniter->runController(Object(App\Controllers\DesenhistaPost))
#9 C:\xampp\htdocs\codi\system\CodeIgniter.php(368): CodeIgniter\CodeIgniter->handleRequest(NULL, Object(Config\Cache), false)
#10 C:\xampp\htdocs\codi\public\index.php(67): CodeIgniter\CodeIgniter->run()
#11 {main}
CRITICAL - 2023-10-26 21:53:08 --> Table 'wl.tag' doesn't exist
in SYSTEMPATH\Database\MySQLi\Connection.php on line 295.
 1 SYSTEMPATH\Database\MySQLi\Connection.php(295): mysqli->query('SELECT *
FROM `tag`', 0)
 2 SYSTEMPATH\Database\BaseConnection.php(692): CodeIgniter\Database\MySQLi\Connection->execute('SELECT *
FROM `tag`')
 3 SYSTEMPATH\Database\BaseConnection.php(606): CodeIgniter\Database\BaseConnection->simpleQuery('SELECT *
FROM `tag`')
 4 SYSTEMPATH\Database\BaseBuilder.php(1616): CodeIgniter\Database\BaseConnection->query('SELECT *
FROM `tag`', [], false)
 5 SYSTEMPATH\Model.php(203): CodeIgniter\Database\BaseBuilder->get()
 6 SYSTEMPATH\BaseModel.php(557): CodeIgniter\Model->doFind(false, null)
 7 APPPATH\Controllers\DesenhistaPost.php(1161): CodeIgniter\BaseModel->find()
 8 SYSTEMPATH\CodeIgniter.php(934): App\Controllers\DesenhistaPost->desenho_tag_lista()
 9 SYSTEMPATH\CodeIgniter.php(499): CodeIgniter\CodeIgniter->runController(Object(App\Controllers\DesenhistaPost))
10 SYSTEMPATH\CodeIgniter.php(368): CodeIgniter\CodeIgniter->handleRequest(null, Object(Config\Cache), false)
11 FCPATH\index.php(67): CodeIgniter\CodeIgniter->run()
ERROR - 2023-10-26 21:53:08 --> mysqli_sql_exception: Table 'wl.tag' doesn't exist in C:\xampp\htdocs\codi\system\Database\MySQLi\Connection.php:295
Stack trace:
#0 C:\xampp\htdocs\codi\system\Database\MySQLi\Connection.php(295): mysqli->query('SELECT *\nFROM `...', 0)
#1 C:\xampp\htdocs\codi\system\Database\BaseConnection.php(692): CodeIgniter\Database\MySQLi\Connection->execute('SELECT *\nFROM `...')
#2 C:\xampp\htdocs\codi\system\Database\BaseConnection.php(606): CodeIgniter\Database\BaseConnection->simpleQuery('SELECT *\nFROM `...')
#3 C:\xampp\htdocs\codi\system\Database\BaseBuilder.php(1616): CodeIgniter\Database\BaseConnection->query('SELECT *\nFROM `...', Array, false)
#4 C:\xampp\htdocs\codi\system\Model.php(203): CodeIgniter\Database\BaseBuilder->get()
#5 C:\xampp\htdocs\codi\system\BaseModel.php(557): CodeIgniter\Model->doFind(false, NULL)
#6 C:\xampp\htdocs\codi\app\Controllers\DesenhistaPost.php(1161): CodeIgniter\BaseModel->find()
#7 C:\xampp\htdocs\codi\system\CodeIgniter.php(934): App\Controllers\DesenhistaPost->desenho_tag_lista()
#8 C:\xampp\htdocs\codi\system\CodeIgniter.php(499): CodeIgniter\CodeIgniter->runController(Object(App\Controllers\DesenhistaPost))
#9 C:\xampp\htdocs\codi\system\CodeIgniter.php(368): CodeIgniter\CodeIgniter->handleRequest(NULL, Object(Config\Cache), false)
#10 C:\xampp\htdocs\codi\public\index.php(67): CodeIgniter\CodeIgniter->run()
#11 {main}
CRITICAL - 2023-10-26 21:53:08 --> Table 'wl.tag' doesn't exist
in SYSTEMPATH\Database\MySQLi\Connection.php on line 295.
 1 SYSTEMPATH\Database\MySQLi\Connection.php(295): mysqli->query('SELECT *
FROM `tag`', 0)
 2 SYSTEMPATH\Database\BaseConnection.php(692): CodeIgniter\Database\MySQLi\Connection->execute('SELECT *
FROM `tag`')
 3 SYSTEMPATH\Database\BaseConnection.php(606): CodeIgniter\Database\BaseConnection->simpleQuery('SELECT *
FROM `tag`')
 4 SYSTEMPATH\Database\BaseBuilder.php(1616): CodeIgniter\Database\BaseConnection->query('SELECT *
FROM `tag`', [], false)
 5 SYSTEMPATH\Model.php(203): CodeIgniter\Database\BaseBuilder->get()
 6 SYSTEMPATH\BaseModel.php(557): CodeIgniter\Model->doFind(false, null)
 7 APPPATH\Controllers\DesenhistaPost.php(1161): CodeIgniter\BaseModel->find()
 8 SYSTEMPATH\CodeIgniter.php(934): App\Controllers\DesenhistaPost->desenho_tag_lista()
 9 SYSTEMPATH\CodeIgniter.php(499): CodeIgniter\CodeIgniter->runController(Object(App\Controllers\DesenhistaPost))
10 SYSTEMPATH\CodeIgniter.php(368): CodeIgniter\CodeIgniter->handleRequest(null, Object(Config\Cache), false)
11 FCPATH\index.php(67): CodeIgniter\CodeIgniter->run()
ERROR - 2023-10-26 21:53:09 --> mysqli_sql_exception: Table 'wl.tag' doesn't exist in C:\xampp\htdocs\codi\system\Database\MySQLi\Connection.php:295
Stack trace:
#0 C:\xampp\htdocs\codi\system\Database\MySQLi\Connection.php(295): mysqli->query('SELECT *\nFROM `...', 0)
#1 C:\xampp\htdocs\codi\system\Database\BaseConnection.php(692): CodeIgniter\Database\MySQLi\Connection->execute('SELECT *\nFROM `...')
#2 C:\xampp\htdocs\codi\system\Database\BaseConnection.php(606): CodeIgniter\Database\BaseConnection->simpleQuery('SELECT *\nFROM `...')
#3 C:\xampp\htdocs\codi\system\Database\BaseBuilder.php(1616): CodeIgniter\Database\BaseConnection->query('SELECT *\nFROM `...', Array, false)
#4 C:\xampp\htdocs\codi\system\Model.php(203): CodeIgniter\Database\BaseBuilder->get()
#5 C:\xampp\htdocs\codi\system\BaseModel.php(557): CodeIgniter\Model->doFind(false, NULL)
#6 C:\xampp\htdocs\codi\app\Controllers\DesenhistaPost.php(1161): CodeIgniter\BaseModel->find()
#7 C:\xampp\htdocs\codi\system\CodeIgniter.php(934): App\Controllers\DesenhistaPost->desenho_tag_lista()
#8 C:\xampp\htdocs\codi\system\CodeIgniter.php(499): CodeIgniter\CodeIgniter->runController(Object(App\Controllers\DesenhistaPost))
#9 C:\xampp\htdocs\codi\system\CodeIgniter.php(368): CodeIgniter\CodeIgniter->handleRequest(NULL, Object(Config\Cache), false)
#10 C:\xampp\htdocs\codi\public\index.php(67): CodeIgniter\CodeIgniter->run()
#11 {main}
CRITICAL - 2023-10-26 21:53:09 --> Table 'wl.tag' doesn't exist
in SYSTEMPATH\Database\MySQLi\Connection.php on line 295.
 1 SYSTEMPATH\Database\MySQLi\Connection.php(295): mysqli->query('SELECT *
FROM `tag`', 0)
 2 SYSTEMPATH\Database\BaseConnection.php(692): CodeIgniter\Database\MySQLi\Connection->execute('SELECT *
FROM `tag`')
 3 SYSTEMPATH\Database\BaseConnection.php(606): CodeIgniter\Database\BaseConnection->simpleQuery('SELECT *
FROM `tag`')
 4 SYSTEMPATH\Database\BaseBuilder.php(1616): CodeIgniter\Database\BaseConnection->query('SELECT *
FROM `tag`', [], false)
 5 SYSTEMPATH\Model.php(203): CodeIgniter\Database\BaseBuilder->get()
 6 SYSTEMPATH\BaseModel.php(557): CodeIgniter\Model->doFind(false, null)
 7 APPPATH\Controllers\DesenhistaPost.php(1161): CodeIgniter\BaseModel->find()
 8 SYSTEMPATH\CodeIgniter.php(934): App\Controllers\DesenhistaPost->desenho_tag_lista()
 9 SYSTEMPATH\CodeIgniter.php(499): CodeIgniter\CodeIgniter->runController(Object(App\Controllers\DesenhistaPost))
10 SYSTEMPATH\CodeIgniter.php(368): CodeIgniter\CodeIgniter->handleRequest(null, Object(Config\Cache), false)
11 FCPATH\index.php(67): CodeIgniter\CodeIgniter->run()
ERROR - 2023-10-26 21:53:09 --> mysqli_sql_exception: Table 'wl.tag' doesn't exist in C:\xampp\htdocs\codi\system\Database\MySQLi\Connection.php:295
Stack trace:
#0 C:\xampp\htdocs\codi\system\Database\MySQLi\Connection.php(295): mysqli->query('SELECT *\nFROM `...', 0)
#1 C:\xampp\htdocs\codi\system\Database\BaseConnection.php(692): CodeIgniter\Database\MySQLi\Connection->execute('SELECT *\nFROM `...')
#2 C:\xampp\htdocs\codi\system\Database\BaseConnection.php(606): CodeIgniter\Database\BaseConnection->simpleQuery('SELECT *\nFROM `...')
#3 C:\xampp\htdocs\codi\system\Database\BaseBuilder.php(1616): CodeIgniter\Database\BaseConnection->query('SELECT *\nFROM `...', Array, false)
#4 C:\xampp\htdocs\codi\system\Model.php(203): CodeIgniter\Database\BaseBuilder->get()
#5 C:\xampp\htdocs\codi\system\BaseModel.php(557): CodeIgniter\Model->doFind(false, NULL)
#6 C:\xampp\htdocs\codi\app\Controllers\DesenhistaPost.php(1161): CodeIgniter\BaseModel->find()
#7 C:\xampp\htdocs\codi\system\CodeIgniter.php(934): App\Controllers\DesenhistaPost->desenho_tag_lista()
#8 C:\xampp\htdocs\codi\system\CodeIgniter.php(499): CodeIgniter\CodeIgniter->runController(Object(App\Controllers\DesenhistaPost))
#9 C:\xampp\htdocs\codi\system\CodeIgniter.php(368): CodeIgniter\CodeIgniter->handleRequest(NULL, Object(Config\Cache), false)
#10 C:\xampp\htdocs\codi\public\index.php(67): CodeIgniter\CodeIgniter->run()
#11 {main}
CRITICAL - 2023-10-26 21:53:09 --> Table 'wl.tag' doesn't exist
in SYSTEMPATH\Database\MySQLi\Connection.php on line 295.
 1 SYSTEMPATH\Database\MySQLi\Connection.php(295): mysqli->query('SELECT *
FROM `tag`', 0)
 2 SYSTEMPATH\Database\BaseConnection.php(692): CodeIgniter\Database\MySQLi\Connection->execute('SELECT *
FROM `tag`')
 3 SYSTEMPATH\Database\BaseConnection.php(606): CodeIgniter\Database\BaseConnection->simpleQuery('SELECT *
FROM `tag`')
 4 SYSTEMPATH\Database\BaseBuilder.php(1616): CodeIgniter\Database\BaseConnection->query('SELECT *
FROM `tag`', [], false)
 5 SYSTEMPATH\Model.php(203): CodeIgniter\Database\BaseBuilder->get()
 6 SYSTEMPATH\BaseModel.php(557): CodeIgniter\Model->doFind(false, null)
 7 APPPATH\Controllers\DesenhistaPost.php(1161): CodeIgniter\BaseModel->find()
 8 SYSTEMPATH\CodeIgniter.php(934): App\Controllers\DesenhistaPost->desenho_tag_lista()
 9 SYSTEMPATH\CodeIgniter.php(499): CodeIgniter\CodeIgniter->runController(Object(App\Controllers\DesenhistaPost))
10 SYSTEMPATH\CodeIgniter.php(368): CodeIgniter\CodeIgniter->handleRequest(null, Object(Config\Cache), false)
11 FCPATH\index.php(67): CodeIgniter\CodeIgniter->run()
ERROR - 2023-10-26 21:53:10 --> mysqli_sql_exception: Table 'wl.tag' doesn't exist in C:\xampp\htdocs\codi\system\Database\MySQLi\Connection.php:295
Stack trace:
#0 C:\xampp\htdocs\codi\system\Database\MySQLi\Connection.php(295): mysqli->query('SELECT *\nFROM `...', 0)
#1 C:\xampp\htdocs\codi\system\Database\BaseConnection.php(692): CodeIgniter\Database\MySQLi\Connection->execute('SELECT *\nFROM `...')
#2 C:\xampp\htdocs\codi\system\Database\BaseConnection.php(606): CodeIgniter\Database\BaseConnection->simpleQuery('SELECT *\nFROM `...')
#3 C:\xampp\htdocs\codi\system\Database\BaseBuilder.php(1616): CodeIgniter\Database\BaseConnection->query('SELECT *\nFROM `...', Array, false)
#4 C:\xampp\htdocs\codi\system\Model.php(203): CodeIgniter\Database\BaseBuilder->get()
#5 C:\xampp\htdocs\codi\system\BaseModel.php(557): CodeIgniter\Model->doFind(false, NULL)
#6 C:\xampp\htdocs\codi\app\Controllers\DesenhistaPost.php(1161): CodeIgniter\BaseModel->find()
#7 C:\xampp\htdocs\codi\system\CodeIgniter.php(934): App\Controllers\DesenhistaPost->desenho_tag_lista()
#8 C:\xampp\htdocs\codi\system\CodeIgniter.php(499): CodeIgniter\CodeIgniter->runController(Object(App\Controllers\DesenhistaPost))
#9 C:\xampp\htdocs\codi\system\CodeIgniter.php(368): CodeIgniter\CodeIgniter->handleRequest(NULL, Object(Config\Cache), false)
#10 C:\xampp\htdocs\codi\public\index.php(67): CodeIgniter\CodeIgniter->run()
#11 {main}
CRITICAL - 2023-10-26 21:53:10 --> Table 'wl.tag' doesn't exist
in SYSTEMPATH\Database\MySQLi\Connection.php on line 295.
 1 SYSTEMPATH\Database\MySQLi\Connection.php(295): mysqli->query('SELECT *
FROM `tag`', 0)
 2 SYSTEMPATH\Database\BaseConnection.php(692): CodeIgniter\Database\MySQLi\Connection->execute('SELECT *
FROM `tag`')
 3 SYSTEMPATH\Database\BaseConnection.php(606): CodeIgniter\Database\BaseConnection->simpleQuery('SELECT *
FROM `tag`')
 4 SYSTEMPATH\Database\BaseBuilder.php(1616): CodeIgniter\Database\BaseConnection->query('SELECT *
FROM `tag`', [], false)
 5 SYSTEMPATH\Model.php(203): CodeIgniter\Database\BaseBuilder->get()
 6 SYSTEMPATH\BaseModel.php(557): CodeIgniter\Model->doFind(false, null)
 7 APPPATH\Controllers\DesenhistaPost.php(1161): CodeIgniter\BaseModel->find()
 8 SYSTEMPATH\CodeIgniter.php(934): App\Controllers\DesenhistaPost->desenho_tag_lista()
 9 SYSTEMPATH\CodeIgniter.php(499): CodeIgniter\CodeIgniter->runController(Object(App\Controllers\DesenhistaPost))
10 SYSTEMPATH\CodeIgniter.php(368): CodeIgniter\CodeIgniter->handleRequest(null, Object(Config\Cache), false)
11 FCPATH\index.php(67): CodeIgniter\CodeIgniter->run()
ERROR - 2023-10-26 21:53:10 --> mysqli_sql_exception: Table 'wl.tag' doesn't exist in C:\xampp\htdocs\codi\system\Database\MySQLi\Connection.php:295
Stack trace:
#0 C:\xampp\htdocs\codi\system\Database\MySQLi\Connection.php(295): mysqli->query('SELECT *\nFROM `...', 0)
#1 C:\xampp\htdocs\codi\system\Database\BaseConnection.php(692): CodeIgniter\Database\MySQLi\Connection->execute('SELECT *\nFROM `...')
#2 C:\xampp\htdocs\codi\system\Database\BaseConnection.php(606): CodeIgniter\Database\BaseConnection->simpleQuery('SELECT *\nFROM `...')
#3 C:\xampp\htdocs\codi\system\Database\BaseBuilder.php(1616): CodeIgniter\Database\BaseConnection->query('SELECT *\nFROM `...', Array, false)
#4 C:\xampp\htdocs\codi\system\Model.php(203): CodeIgniter\Database\BaseBuilder->get()
#5 C:\xampp\htdocs\codi\system\BaseModel.php(557): CodeIgniter\Model->doFind(false, NULL)
#6 C:\xampp\htdocs\codi\app\Controllers\DesenhistaPost.php(1161): CodeIgniter\BaseModel->find()
#7 C:\xampp\htdocs\codi\system\CodeIgniter.php(934): App\Controllers\DesenhistaPost->desenho_tag_lista()
#8 C:\xampp\htdocs\codi\system\CodeIgniter.php(499): CodeIgniter\CodeIgniter->runController(Object(App\Controllers\DesenhistaPost))
#9 C:\xampp\htdocs\codi\system\CodeIgniter.php(368): CodeIgniter\CodeIgniter->handleRequest(NULL, Object(Config\Cache), false)
#10 C:\xampp\htdocs\codi\public\index.php(67): CodeIgniter\CodeIgniter->run()
#11 {main}
CRITICAL - 2023-10-26 21:53:10 --> Table 'wl.tag' doesn't exist
in SYSTEMPATH\Database\MySQLi\Connection.php on line 295.
 1 SYSTEMPATH\Database\MySQLi\Connection.php(295): mysqli->query('SELECT *
FROM `tag`', 0)
 2 SYSTEMPATH\Database\BaseConnection.php(692): CodeIgniter\Database\MySQLi\Connection->execute('SELECT *
FROM `tag`')
 3 SYSTEMPATH\Database\BaseConnection.php(606): CodeIgniter\Database\BaseConnection->simpleQuery('SELECT *
FROM `tag`')
 4 SYSTEMPATH\Database\BaseBuilder.php(1616): CodeIgniter\Database\BaseConnection->query('SELECT *
FROM `tag`', [], false)
 5 SYSTEMPATH\Model.php(203): CodeIgniter\Database\BaseBuilder->get()
 6 SYSTEMPATH\BaseModel.php(557): CodeIgniter\Model->doFind(false, null)
 7 APPPATH\Controllers\DesenhistaPost.php(1161): CodeIgniter\BaseModel->find()
 8 SYSTEMPATH\CodeIgniter.php(934): App\Controllers\DesenhistaPost->desenho_tag_lista()
 9 SYSTEMPATH\CodeIgniter.php(499): CodeIgniter\CodeIgniter->runController(Object(App\Controllers\DesenhistaPost))
10 SYSTEMPATH\CodeIgniter.php(368): CodeIgniter\CodeIgniter->handleRequest(null, Object(Config\Cache), false)
11 FCPATH\index.php(67): CodeIgniter\CodeIgniter->run()
ERROR - 2023-10-26 21:53:11 --> mysqli_sql_exception: Table 'wl.tag' doesn't exist in C:\xampp\htdocs\codi\system\Database\MySQLi\Connection.php:295
Stack trace:
#0 C:\xampp\htdocs\codi\system\Database\MySQLi\Connection.php(295): mysqli->query('SELECT *\nFROM `...', 0)
#1 C:\xampp\htdocs\codi\system\Database\BaseConnection.php(692): CodeIgniter\Database\MySQLi\Connection->execute('SELECT *\nFROM `...')
#2 C:\xampp\htdocs\codi\system\Database\BaseConnection.php(606): CodeIgniter\Database\BaseConnection->simpleQuery('SELECT *\nFROM `...')
#3 C:\xampp\htdocs\codi\system\Database\BaseBuilder.php(1616): CodeIgniter\Database\BaseConnection->query('SELECT *\nFROM `...', Array, false)
#4 C:\xampp\htdocs\codi\system\Model.php(203): CodeIgniter\Database\BaseBuilder->get()
#5 C:\xampp\htdocs\codi\system\BaseModel.php(557): CodeIgniter\Model->doFind(false, NULL)
#6 C:\xampp\htdocs\codi\app\Controllers\DesenhistaPost.php(1161): CodeIgniter\BaseModel->find()
#7 C:\xampp\htdocs\codi\system\CodeIgniter.php(934): App\Controllers\DesenhistaPost->desenho_tag_lista()
#8 C:\xampp\htdocs\codi\system\CodeIgniter.php(499): CodeIgniter\CodeIgniter->runController(Object(App\Controllers\DesenhistaPost))
#9 C:\xampp\htdocs\codi\system\CodeIgniter.php(368): CodeIgniter\CodeIgniter->handleRequest(NULL, Object(Config\Cache), false)
#10 C:\xampp\htdocs\codi\public\index.php(67): CodeIgniter\CodeIgniter->run()
#11 {main}
CRITICAL - 2023-10-26 21:53:11 --> Table 'wl.tag' doesn't exist
in SYSTEMPATH\Database\MySQLi\Connection.php on line 295.
 1 SYSTEMPATH\Database\MySQLi\Connection.php(295): mysqli->query('SELECT *
FROM `tag`', 0)
 2 SYSTEMPATH\Database\BaseConnection.php(692): CodeIgniter\Database\MySQLi\Connection->execute('SELECT *
FROM `tag`')
 3 SYSTEMPATH\Database\BaseConnection.php(606): CodeIgniter\Database\BaseConnection->simpleQuery('SELECT *
FROM `tag`')
 4 SYSTEMPATH\Database\BaseBuilder.php(1616): CodeIgniter\Database\BaseConnection->query('SELECT *
FROM `tag`', [], false)
 5 SYSTEMPATH\Model.php(203): CodeIgniter\Database\BaseBuilder->get()
 6 SYSTEMPATH\BaseModel.php(557): CodeIgniter\Model->doFind(false, null)
 7 APPPATH\Controllers\DesenhistaPost.php(1161): CodeIgniter\BaseModel->find()
 8 SYSTEMPATH\CodeIgniter.php(934): App\Controllers\DesenhistaPost->desenho_tag_lista()
 9 SYSTEMPATH\CodeIgniter.php(499): CodeIgniter\CodeIgniter->runController(Object(App\Controllers\DesenhistaPost))
10 SYSTEMPATH\CodeIgniter.php(368): CodeIgniter\CodeIgniter->handleRequest(null, Object(Config\Cache), false)
11 FCPATH\index.php(67): CodeIgniter\CodeIgniter->run()
ERROR - 2023-10-26 21:53:11 --> mysqli_sql_exception: Table 'wl.tag' doesn't exist in C:\xampp\htdocs\codi\system\Database\MySQLi\Connection.php:295
Stack trace:
#0 C:\xampp\htdocs\codi\system\Database\MySQLi\Connection.php(295): mysqli->query('SELECT *\nFROM `...', 0)
#1 C:\xampp\htdocs\codi\system\Database\BaseConnection.php(692): CodeIgniter\Database\MySQLi\Connection->execute('SELECT *\nFROM `...')
#2 C:\xampp\htdocs\codi\system\Database\BaseConnection.php(606): CodeIgniter\Database\BaseConnection->simpleQuery('SELECT *\nFROM `...')
#3 C:\xampp\htdocs\codi\system\Database\BaseBuilder.php(1616): CodeIgniter\Database\BaseConnection->query('SELECT *\nFROM `...', Array, false)
#4 C:\xampp\htdocs\codi\system\Model.php(203): CodeIgniter\Database\BaseBuilder->get()
#5 C:\xampp\htdocs\codi\system\BaseModel.php(557): CodeIgniter\Model->doFind(false, NULL)
#6 C:\xampp\htdocs\codi\app\Controllers\DesenhistaPost.php(1161): CodeIgniter\BaseModel->find()
#7 C:\xampp\htdocs\codi\system\CodeIgniter.php(934): App\Controllers\DesenhistaPost->desenho_tag_lista()
#8 C:\xampp\htdocs\codi\system\CodeIgniter.php(499): CodeIgniter\CodeIgniter->runController(Object(App\Controllers\DesenhistaPost))
#9 C:\xampp\htdocs\codi\system\CodeIgniter.php(368): CodeIgniter\CodeIgniter->handleRequest(NULL, Object(Config\Cache), false)
#10 C:\xampp\htdocs\codi\public\index.php(67): CodeIgniter\CodeIgniter->run()
#11 {main}
CRITICAL - 2023-10-26 21:53:11 --> Table 'wl.tag' doesn't exist
in SYSTEMPATH\Database\MySQLi\Connection.php on line 295.
 1 SYSTEMPATH\Database\MySQLi\Connection.php(295): mysqli->query('SELECT *
FROM `tag`', 0)
 2 SYSTEMPATH\Database\BaseConnection.php(692): CodeIgniter\Database\MySQLi\Connection->execute('SELECT *
FROM `tag`')
 3 SYSTEMPATH\Database\BaseConnection.php(606): CodeIgniter\Database\BaseConnection->simpleQuery('SELECT *
FROM `tag`')
 4 SYSTEMPATH\Database\BaseBuilder.php(1616): CodeIgniter\Database\BaseConnection->query('SELECT *
FROM `tag`', [], false)
 5 SYSTEMPATH\Model.php(203): CodeIgniter\Database\BaseBuilder->get()
 6 SYSTEMPATH\BaseModel.php(557): CodeIgniter\Model->doFind(false, null)
 7 APPPATH\Controllers\DesenhistaPost.php(1161): CodeIgniter\BaseModel->find()
 8 SYSTEMPATH\CodeIgniter.php(934): App\Controllers\DesenhistaPost->desenho_tag_lista()
 9 SYSTEMPATH\CodeIgniter.php(499): CodeIgniter\CodeIgniter->runController(Object(App\Controllers\DesenhistaPost))
10 SYSTEMPATH\CodeIgniter.php(368): CodeIgniter\CodeIgniter->handleRequest(null, Object(Config\Cache), false)
11 FCPATH\index.php(67): CodeIgniter\CodeIgniter->run()
ERROR - 2023-10-26 21:53:12 --> mysqli_sql_exception: Table 'wl.tag' doesn't exist in C:\xampp\htdocs\codi\system\Database\MySQLi\Connection.php:295
Stack trace:
#0 C:\xampp\htdocs\codi\system\Database\MySQLi\Connection.php(295): mysqli->query('SELECT *\nFROM `...', 0)
#1 C:\xampp\htdocs\codi\system\Database\BaseConnection.php(692): CodeIgniter\Database\MySQLi\Connection->execute('SELECT *\nFROM `...')
#2 C:\xampp\htdocs\codi\system\Database\BaseConnection.php(606): CodeIgniter\Database\BaseConnection->simpleQuery('SELECT *\nFROM `...')
#3 C:\xampp\htdocs\codi\system\Database\BaseBuilder.php(1616): CodeIgniter\Database\BaseConnection->query('SELECT *\nFROM `...', Array, false)
#4 C:\xampp\htdocs\codi\system\Model.php(203): CodeIgniter\Database\BaseBuilder->get()
#5 C:\xampp\htdocs\codi\system\BaseModel.php(557): CodeIgniter\Model->doFind(false, NULL)
#6 C:\xampp\htdocs\codi\app\Controllers\DesenhistaPost.php(1161): CodeIgniter\BaseModel->find()
#7 C:\xampp\htdocs\codi\system\CodeIgniter.php(934): App\Controllers\DesenhistaPost->desenho_tag_lista()
#8 C:\xampp\htdocs\codi\system\CodeIgniter.php(499): CodeIgniter\CodeIgniter->runController(Object(App\Controllers\DesenhistaPost))
#9 C:\xampp\htdocs\codi\system\CodeIgniter.php(368): CodeIgniter\CodeIgniter->handleRequest(NULL, Object(Config\Cache), false)
#10 C:\xampp\htdocs\codi\public\index.php(67): CodeIgniter\CodeIgniter->run()
#11 {main}
CRITICAL - 2023-10-26 21:53:12 --> Table 'wl.tag' doesn't exist
in SYSTEMPATH\Database\MySQLi\Connection.php on line 295.
 1 SYSTEMPATH\Database\MySQLi\Connection.php(295): mysqli->query('SELECT *
FROM `tag`', 0)
 2 SYSTEMPATH\Database\BaseConnection.php(692): CodeIgniter\Database\MySQLi\Connection->execute('SELECT *
FROM `tag`')
 3 SYSTEMPATH\Database\BaseConnection.php(606): CodeIgniter\Database\BaseConnection->simpleQuery('SELECT *
FROM `tag`')
 4 SYSTEMPATH\Database\BaseBuilder.php(1616): CodeIgniter\Database\BaseConnection->query('SELECT *
FROM `tag`', [], false)
 5 SYSTEMPATH\Model.php(203): CodeIgniter\Database\BaseBuilder->get()
 6 SYSTEMPATH\BaseModel.php(557): CodeIgniter\Model->doFind(false, null)
 7 APPPATH\Controllers\DesenhistaPost.php(1161): CodeIgniter\BaseModel->find()
 8 SYSTEMPATH\CodeIgniter.php(934): App\Controllers\DesenhistaPost->desenho_tag_lista()
 9 SYSTEMPATH\CodeIgniter.php(499): CodeIgniter\CodeIgniter->runController(Object(App\Controllers\DesenhistaPost))
10 SYSTEMPATH\CodeIgniter.php(368): CodeIgniter\CodeIgniter->handleRequest(null, Object(Config\Cache), false)
11 FCPATH\index.php(67): CodeIgniter\CodeIgniter->run()
ERROR - 2023-10-26 21:53:12 --> mysqli_sql_exception: Table 'wl.tag' doesn't exist in C:\xampp\htdocs\codi\system\Database\MySQLi\Connection.php:295
Stack trace:
#0 C:\xampp\htdocs\codi\system\Database\MySQLi\Connection.php(295): mysqli->query('SELECT *\nFROM `...', 0)
#1 C:\xampp\htdocs\codi\system\Database\BaseConnection.php(692): CodeIgniter\Database\MySQLi\Connection->execute('SELECT *\nFROM `...')
#2 C:\xampp\htdocs\codi\system\Database\BaseConnection.php(606): CodeIgniter\Database\BaseConnection->simpleQuery('SELECT *\nFROM `...')
#3 C:\xampp\htdocs\codi\system\Database\BaseBuilder.php(1616): CodeIgniter\Database\BaseConnection->query('SELECT *\nFROM `...', Array, false)
#4 C:\xampp\htdocs\codi\system\Model.php(203): CodeIgniter\Database\BaseBuilder->get()
#5 C:\xampp\htdocs\codi\system\BaseModel.php(557): CodeIgniter\Model->doFind(false, NULL)
#6 C:\xampp\htdocs\codi\app\Controllers\DesenhistaPost.php(1161): CodeIgniter\BaseModel->find()
#7 C:\xampp\htdocs\codi\system\CodeIgniter.php(934): App\Controllers\DesenhistaPost->desenho_tag_lista()
#8 C:\xampp\htdocs\codi\system\CodeIgniter.php(499): CodeIgniter\CodeIgniter->runController(Object(App\Controllers\DesenhistaPost))
#9 C:\xampp\htdocs\codi\system\CodeIgniter.php(368): CodeIgniter\CodeIgniter->handleRequest(NULL, Object(Config\Cache), false)
#10 C:\xampp\htdocs\codi\public\index.php(67): CodeIgniter\CodeIgniter->run()
#11 {main}
CRITICAL - 2023-10-26 21:53:12 --> Table 'wl.tag' doesn't exist
in SYSTEMPATH\Database\MySQLi\Connection.php on line 295.
 1 SYSTEMPATH\Database\MySQLi\Connection.php(295): mysqli->query('SELECT *
FROM `tag`', 0)
 2 SYSTEMPATH\Database\BaseConnection.php(692): CodeIgniter\Database\MySQLi\Connection->execute('SELECT *
FROM `tag`')
 3 SYSTEMPATH\Database\BaseConnection.php(606): CodeIgniter\Database\BaseConnection->simpleQuery('SELECT *
FROM `tag`')
 4 SYSTEMPATH\Database\BaseBuilder.php(1616): CodeIgniter\Database\BaseConnection->query('SELECT *
FROM `tag`', [], false)
 5 SYSTEMPATH\Model.php(203): CodeIgniter\Database\BaseBuilder->get()
 6 SYSTEMPATH\BaseModel.php(557): CodeIgniter\Model->doFind(false, null)
 7 APPPATH\Controllers\DesenhistaPost.php(1161): CodeIgniter\BaseModel->find()
 8 SYSTEMPATH\CodeIgniter.php(934): App\Controllers\DesenhistaPost->desenho_tag_lista()
 9 SYSTEMPATH\CodeIgniter.php(499): CodeIgniter\CodeIgniter->runController(Object(App\Controllers\DesenhistaPost))
10 SYSTEMPATH\CodeIgniter.php(368): CodeIgniter\CodeIgniter->handleRequest(null, Object(Config\Cache), false)
11 FCPATH\index.php(67): CodeIgniter\CodeIgniter->run()
ERROR - 2023-10-26 21:53:13 --> mysqli_sql_exception: Table 'wl.tag' doesn't exist in C:\xampp\htdocs\codi\system\Database\MySQLi\Connection.php:295
Stack trace:
#0 C:\xampp\htdocs\codi\system\Database\MySQLi\Connection.php(295): mysqli->query('SELECT *\nFROM `...', 0)
#1 C:\xampp\htdocs\codi\system\Database\BaseConnection.php(692): CodeIgniter\Database\MySQLi\Connection->execute('SELECT *\nFROM `...')
#2 C:\xampp\htdocs\codi\system\Database\BaseConnection.php(606): CodeIgniter\Database\BaseConnection->simpleQuery('SELECT *\nFROM `...')
#3 C:\xampp\htdocs\codi\system\Database\BaseBuilder.php(1616): CodeIgniter\Database\BaseConnection->query('SELECT *\nFROM `...', Array, false)
#4 C:\xampp\htdocs\codi\system\Model.php(203): CodeIgniter\Database\BaseBuilder->get()
#5 C:\xampp\htdocs\codi\system\BaseModel.php(557): CodeIgniter\Model->doFind(false, NULL)
#6 C:\xampp\htdocs\codi\app\Controllers\DesenhistaPost.php(1161): CodeIgniter\BaseModel->find()
#7 C:\xampp\htdocs\codi\system\CodeIgniter.php(934): App\Controllers\DesenhistaPost->desenho_tag_lista()
#8 C:\xampp\htdocs\codi\system\CodeIgniter.php(499): CodeIgniter\CodeIgniter->runController(Object(App\Controllers\DesenhistaPost))
#9 C:\xampp\htdocs\codi\system\CodeIgniter.php(368): CodeIgniter\CodeIgniter->handleRequest(NULL, Object(Config\Cache), false)
#10 C:\xampp\htdocs\codi\public\index.php(67): CodeIgniter\CodeIgniter->run()
#11 {main}
CRITICAL - 2023-10-26 21:53:13 --> Table 'wl.tag' doesn't exist
in SYSTEMPATH\Database\MySQLi\Connection.php on line 295.
 1 SYSTEMPATH\Database\MySQLi\Connection.php(295): mysqli->query('SELECT *
FROM `tag`', 0)
 2 SYSTEMPATH\Database\BaseConnection.php(692): CodeIgniter\Database\MySQLi\Connection->execute('SELECT *
FROM `tag`')
 3 SYSTEMPATH\Database\BaseConnection.php(606): CodeIgniter\Database\BaseConnection->simpleQuery('SELECT *
FROM `tag`')
 4 SYSTEMPATH\Database\BaseBuilder.php(1616): CodeIgniter\Database\BaseConnection->query('SELECT *
FROM `tag`', [], false)
 5 SYSTEMPATH\Model.php(203): CodeIgniter\Database\BaseBuilder->get()
 6 SYSTEMPATH\BaseModel.php(557): CodeIgniter\Model->doFind(false, null)
 7 APPPATH\Controllers\DesenhistaPost.php(1161): CodeIgniter\BaseModel->find()
 8 SYSTEMPATH\CodeIgniter.php(934): App\Controllers\DesenhistaPost->desenho_tag_lista()
 9 SYSTEMPATH\CodeIgniter.php(499): CodeIgniter\CodeIgniter->runController(Object(App\Controllers\DesenhistaPost))
10 SYSTEMPATH\CodeIgniter.php(368): CodeIgniter\CodeIgniter->handleRequest(null, Object(Config\Cache), false)
11 FCPATH\index.php(67): CodeIgniter\CodeIgniter->run()
ERROR - 2023-10-26 21:53:13 --> mysqli_sql_exception: Table 'wl.tag' doesn't exist in C:\xampp\htdocs\codi\system\Database\MySQLi\Connection.php:295
Stack trace:
#0 C:\xampp\htdocs\codi\system\Database\MySQLi\Connection.php(295): mysqli->query('SELECT *\nFROM `...', 0)
#1 C:\xampp\htdocs\codi\system\Database\BaseConnection.php(692): CodeIgniter\Database\MySQLi\Connection->execute('SELECT *\nFROM `...')
#2 C:\xampp\htdocs\codi\system\Database\BaseConnection.php(606): CodeIgniter\Database\BaseConnection->simpleQuery('SELECT *\nFROM `...')
#3 C:\xampp\htdocs\codi\system\Database\BaseBuilder.php(1616): CodeIgniter\Database\BaseConnection->query('SELECT *\nFROM `...', Array, false)
#4 C:\xampp\htdocs\codi\system\Model.php(203): CodeIgniter\Database\BaseBuilder->get()
#5 C:\xampp\htdocs\codi\system\BaseModel.php(557): CodeIgniter\Model->doFind(false, NULL)
#6 C:\xampp\htdocs\codi\app\Controllers\DesenhistaPost.php(1161): CodeIgniter\BaseModel->find()
#7 C:\xampp\htdocs\codi\system\CodeIgniter.php(934): App\Controllers\DesenhistaPost->desenho_tag_lista()
#8 C:\xampp\htdocs\codi\system\CodeIgniter.php(499): CodeIgniter\CodeIgniter->runController(Object(App\Controllers\DesenhistaPost))
#9 C:\xampp\htdocs\codi\system\CodeIgniter.php(368): CodeIgniter\CodeIgniter->handleRequest(NULL, Object(Config\Cache), false)
#10 C:\xampp\htdocs\codi\public\index.php(67): CodeIgniter\CodeIgniter->run()
#11 {main}
CRITICAL - 2023-10-26 21:53:13 --> Table 'wl.tag' doesn't exist
in SYSTEMPATH\Database\MySQLi\Connection.php on line 295.
 1 SYSTEMPATH\Database\MySQLi\Connection.php(295): mysqli->query('SELECT *
FROM `tag`', 0)
 2 SYSTEMPATH\Database\BaseConnection.php(692): CodeIgniter\Database\MySQLi\Connection->execute('SELECT *
FROM `tag`')
 3 SYSTEMPATH\Database\BaseConnection.php(606): CodeIgniter\Database\BaseConnection->simpleQuery('SELECT *
FROM `tag`')
 4 SYSTEMPATH\Database\BaseBuilder.php(1616): CodeIgniter\Database\BaseConnection->query('SELECT *
FROM `tag`', [], false)
 5 SYSTEMPATH\Model.php(203): CodeIgniter\Database\BaseBuilder->get()
 6 SYSTEMPATH\BaseModel.php(557): CodeIgniter\Model->doFind(false, null)
 7 APPPATH\Controllers\DesenhistaPost.php(1161): CodeIgniter\BaseModel->find()
 8 SYSTEMPATH\CodeIgniter.php(934): App\Controllers\DesenhistaPost->desenho_tag_lista()
 9 SYSTEMPATH\CodeIgniter.php(499): CodeIgniter\CodeIgniter->runController(Object(App\Controllers\DesenhistaPost))
10 SYSTEMPATH\CodeIgniter.php(368): CodeIgniter\CodeIgniter->handleRequest(null, Object(Config\Cache), false)
11 FCPATH\index.php(67): CodeIgniter\CodeIgniter->run()
ERROR - 2023-10-26 21:53:14 --> mysqli_sql_exception: Table 'wl.tag' doesn't exist in C:\xampp\htdocs\codi\system\Database\MySQLi\Connection.php:295
Stack trace:
#0 C:\xampp\htdocs\codi\system\Database\MySQLi\Connection.php(295): mysqli->query('SELECT *\nFROM `...', 0)
#1 C:\xampp\htdocs\codi\system\Database\BaseConnection.php(692): CodeIgniter\Database\MySQLi\Connection->execute('SELECT *\nFROM `...')
#2 C:\xampp\htdocs\codi\system\Database\BaseConnection.php(606): CodeIgniter\Database\BaseConnection->simpleQuery('SELECT *\nFROM `...')
#3 C:\xampp\htdocs\codi\system\Database\BaseBuilder.php(1616): CodeIgniter\Database\BaseConnection->query('SELECT *\nFROM `...', Array, false)
#4 C:\xampp\htdocs\codi\system\Model.php(203): CodeIgniter\Database\BaseBuilder->get()
#5 C:\xampp\htdocs\codi\system\BaseModel.php(557): CodeIgniter\Model->doFind(false, NULL)
#6 C:\xampp\htdocs\codi\app\Controllers\DesenhistaPost.php(1161): CodeIgniter\BaseModel->find()
#7 C:\xampp\htdocs\codi\system\CodeIgniter.php(934): App\Controllers\DesenhistaPost->desenho_tag_lista()
#8 C:\xampp\htdocs\codi\system\CodeIgniter.php(499): CodeIgniter\CodeIgniter->runController(Object(App\Controllers\DesenhistaPost))
#9 C:\xampp\htdocs\codi\system\CodeIgniter.php(368): CodeIgniter\CodeIgniter->handleRequest(NULL, Object(Config\Cache), false)
#10 C:\xampp\htdocs\codi\public\index.php(67): CodeIgniter\CodeIgniter->run()
#11 {main}
CRITICAL - 2023-10-26 21:53:14 --> Table 'wl.tag' doesn't exist
in SYSTEMPATH\Database\MySQLi\Connection.php on line 295.
 1 SYSTEMPATH\Database\MySQLi\Connection.php(295): mysqli->query('SELECT *
FROM `tag`', 0)
 2 SYSTEMPATH\Database\BaseConnection.php(692): CodeIgniter\Database\MySQLi\Connection->execute('SELECT *
FROM `tag`')
 3 SYSTEMPATH\Database\BaseConnection.php(606): CodeIgniter\Database\BaseConnection->simpleQuery('SELECT *
FROM `tag`')
 4 SYSTEMPATH\Database\BaseBuilder.php(1616): CodeIgniter\Database\BaseConnection->query('SELECT *
FROM `tag`', [], false)
 5 SYSTEMPATH\Model.php(203): CodeIgniter\Database\BaseBuilder->get()
 6 SYSTEMPATH\BaseModel.php(557): CodeIgniter\Model->doFind(false, null)
 7 APPPATH\Controllers\DesenhistaPost.php(1161): CodeIgniter\BaseModel->find()
 8 SYSTEMPATH\CodeIgniter.php(934): App\Controllers\DesenhistaPost->desenho_tag_lista()
 9 SYSTEMPATH\CodeIgniter.php(499): CodeIgniter\CodeIgniter->runController(Object(App\Controllers\DesenhistaPost))
10 SYSTEMPATH\CodeIgniter.php(368): CodeIgniter\CodeIgniter->handleRequest(null, Object(Config\Cache), false)
11 FCPATH\index.php(67): CodeIgniter\CodeIgniter->run()
ERROR - 2023-10-26 21:53:14 --> mysqli_sql_exception: Table 'wl.tag' doesn't exist in C:\xampp\htdocs\codi\system\Database\MySQLi\Connection.php:295
Stack trace:
#0 C:\xampp\htdocs\codi\system\Database\MySQLi\Connection.php(295): mysqli->query('SELECT *\nFROM `...', 0)
#1 C:\xampp\htdocs\codi\system\Database\BaseConnection.php(692): CodeIgniter\Database\MySQLi\Connection->execute('SELECT *\nFROM `...')
#2 C:\xampp\htdocs\codi\system\Database\BaseConnection.php(606): CodeIgniter\Database\BaseConnection->simpleQuery('SELECT *\nFROM `...')
#3 C:\xampp\htdocs\codi\system\Database\BaseBuilder.php(1616): CodeIgniter\Database\BaseConnection->query('SELECT *\nFROM `...', Array, false)
#4 C:\xampp\htdocs\codi\system\Model.php(203): CodeIgniter\Database\BaseBuilder->get()
#5 C:\xampp\htdocs\codi\system\BaseModel.php(557): CodeIgniter\Model->doFind(false, NULL)
#6 C:\xampp\htdocs\codi\app\Controllers\DesenhistaPost.php(1161): CodeIgniter\BaseModel->find()
#7 C:\xampp\htdocs\codi\system\CodeIgniter.php(934): App\Controllers\DesenhistaPost->desenho_tag_lista()
#8 C:\xampp\htdocs\codi\system\CodeIgniter.php(499): CodeIgniter\CodeIgniter->runController(Object(App\Controllers\DesenhistaPost))
#9 C:\xampp\htdocs\codi\system\CodeIgniter.php(368): CodeIgniter\CodeIgniter->handleRequest(NULL, Object(Config\Cache), false)
#10 C:\xampp\htdocs\codi\public\index.php(67): CodeIgniter\CodeIgniter->run()
#11 {main}
CRITICAL - 2023-10-26 21:53:14 --> Table 'wl.tag' doesn't exist
in SYSTEMPATH\Database\MySQLi\Connection.php on line 295.
 1 SYSTEMPATH\Database\MySQLi\Connection.php(295): mysqli->query('SELECT *
FROM `tag`', 0)
 2 SYSTEMPATH\Database\BaseConnection.php(692): CodeIgniter\Database\MySQLi\Connection->execute('SELECT *
FROM `tag`')
 3 SYSTEMPATH\Database\BaseConnection.php(606): CodeIgniter\Database\BaseConnection->simpleQuery('SELECT *
FROM `tag`')
 4 SYSTEMPATH\Database\BaseBuilder.php(1616): CodeIgniter\Database\BaseConnection->query('SELECT *
FROM `tag`', [], false)
 5 SYSTEMPATH\Model.php(203): CodeIgniter\Database\BaseBuilder->get()
 6 SYSTEMPATH\BaseModel.php(557): CodeIgniter\Model->doFind(false, null)
 7 APPPATH\Controllers\DesenhistaPost.php(1161): CodeIgniter\BaseModel->find()
 8 SYSTEMPATH\CodeIgniter.php(934): App\Controllers\DesenhistaPost->desenho_tag_lista()
 9 SYSTEMPATH\CodeIgniter.php(499): CodeIgniter\CodeIgniter->runController(Object(App\Controllers\DesenhistaPost))
10 SYSTEMPATH\CodeIgniter.php(368): CodeIgniter\CodeIgniter->handleRequest(null, Object(Config\Cache), false)
11 FCPATH\index.php(67): CodeIgniter\CodeIgniter->run()
ERROR - 2023-10-26 21:53:15 --> mysqli_sql_exception: Table 'wl.tag' doesn't exist in C:\xampp\htdocs\codi\system\Database\MySQLi\Connection.php:295
Stack trace:
#0 C:\xampp\htdocs\codi\system\Database\MySQLi\Connection.php(295): mysqli->query('SELECT *\nFROM `...', 0)
#1 C:\xampp\htdocs\codi\system\Database\BaseConnection.php(692): CodeIgniter\Database\MySQLi\Connection->execute('SELECT *\nFROM `...')
#2 C:\xampp\htdocs\codi\system\Database\BaseConnection.php(606): CodeIgniter\Database\BaseConnection->simpleQuery('SELECT *\nFROM `...')
#3 C:\xampp\htdocs\codi\system\Database\BaseBuilder.php(1616): CodeIgniter\Database\BaseConnection->query('SELECT *\nFROM `...', Array, false)
#4 C:\xampp\htdocs\codi\system\Model.php(203): CodeIgniter\Database\BaseBuilder->get()
#5 C:\xampp\htdocs\codi\system\BaseModel.php(557): CodeIgniter\Model->doFind(false, NULL)
#6 C:\xampp\htdocs\codi\app\Controllers\DesenhistaPost.php(1161): CodeIgniter\BaseModel->find()
#7 C:\xampp\htdocs\codi\system\CodeIgniter.php(934): App\Controllers\DesenhistaPost->desenho_tag_lista()
#8 C:\xampp\htdocs\codi\system\CodeIgniter.php(499): CodeIgniter\CodeIgniter->runController(Object(App\Controllers\DesenhistaPost))
#9 C:\xampp\htdocs\codi\system\CodeIgniter.php(368): CodeIgniter\CodeIgniter->handleRequest(NULL, Object(Config\Cache), false)
#10 C:\xampp\htdocs\codi\public\index.php(67): CodeIgniter\CodeIgniter->run()
#11 {main}
CRITICAL - 2023-10-26 21:53:15 --> Table 'wl.tag' doesn't exist
in SYSTEMPATH\Database\MySQLi\Connection.php on line 295.
 1 SYSTEMPATH\Database\MySQLi\Connection.php(295): mysqli->query('SELECT *
FROM `tag`', 0)
 2 SYSTEMPATH\Database\BaseConnection.php(692): CodeIgniter\Database\MySQLi\Connection->execute('SELECT *
FROM `tag`')
 3 SYSTEMPATH\Database\BaseConnection.php(606): CodeIgniter\Database\BaseConnection->simpleQuery('SELECT *
FROM `tag`')
 4 SYSTEMPATH\Database\BaseBuilder.php(1616): CodeIgniter\Database\BaseConnection->query('SELECT *
FROM `tag`', [], false)
 5 SYSTEMPATH\Model.php(203): CodeIgniter\Database\BaseBuilder->get()
 6 SYSTEMPATH\BaseModel.php(557): CodeIgniter\Model->doFind(false, null)
 7 APPPATH\Controllers\DesenhistaPost.php(1161): CodeIgniter\BaseModel->find()
 8 SYSTEMPATH\CodeIgniter.php(934): App\Controllers\DesenhistaPost->desenho_tag_lista()
 9 SYSTEMPATH\CodeIgniter.php(499): CodeIgniter\CodeIgniter->runController(Object(App\Controllers\DesenhistaPost))
10 SYSTEMPATH\CodeIgniter.php(368): CodeIgniter\CodeIgniter->handleRequest(null, Object(Config\Cache), false)
11 FCPATH\index.php(67): CodeIgniter\CodeIgniter->run()
ERROR - 2023-10-26 21:53:15 --> mysqli_sql_exception: Table 'wl.tag' doesn't exist in C:\xampp\htdocs\codi\system\Database\MySQLi\Connection.php:295
Stack trace:
#0 C:\xampp\htdocs\codi\system\Database\MySQLi\Connection.php(295): mysqli->query('SELECT *\nFROM `...', 0)
#1 C:\xampp\htdocs\codi\system\Database\BaseConnection.php(692): CodeIgniter\Database\MySQLi\Connection->execute('SELECT *\nFROM `...')
#2 C:\xampp\htdocs\codi\system\Database\BaseConnection.php(606): CodeIgniter\Database\BaseConnection->simpleQuery('SELECT *\nFROM `...')
#3 C:\xampp\htdocs\codi\system\Database\BaseBuilder.php(1616): CodeIgniter\Database\BaseConnection->query('SELECT *\nFROM `...', Array, false)
#4 C:\xampp\htdocs\codi\system\Model.php(203): CodeIgniter\Database\BaseBuilder->get()
#5 C:\xampp\htdocs\codi\system\BaseModel.php(557): CodeIgniter\Model->doFind(false, NULL)
#6 C:\xampp\htdocs\codi\app\Controllers\DesenhistaPost.php(1161): CodeIgniter\BaseModel->find()
#7 C:\xampp\htdocs\codi\system\CodeIgniter.php(934): App\Controllers\DesenhistaPost->desenho_tag_lista()
#8 C:\xampp\htdocs\codi\system\CodeIgniter.php(499): CodeIgniter\CodeIgniter->runController(Object(App\Controllers\DesenhistaPost))
#9 C:\xampp\htdocs\codi\system\CodeIgniter.php(368): CodeIgniter\CodeIgniter->handleRequest(NULL, Object(Config\Cache), false)
#10 C:\xampp\htdocs\codi\public\index.php(67): CodeIgniter\CodeIgniter->run()
#11 {main}
CRITICAL - 2023-10-26 21:53:15 --> Table 'wl.tag' doesn't exist
in SYSTEMPATH\Database\MySQLi\Connection.php on line 295.
 1 SYSTEMPATH\Database\MySQLi\Connection.php(295): mysqli->query('SELECT *
FROM `tag`', 0)
 2 SYSTEMPATH\Database\BaseConnection.php(692): CodeIgniter\Database\MySQLi\Connection->execute('SELECT *
FROM `tag`')
 3 SYSTEMPATH\Database\BaseConnection.php(606): CodeIgniter\Database\BaseConnection->simpleQuery('SELECT *
FROM `tag`')
 4 SYSTEMPATH\Database\BaseBuilder.php(1616): CodeIgniter\Database\BaseConnection->query('SELECT *
FROM `tag`', [], false)
 5 SYSTEMPATH\Model.php(203): CodeIgniter\Database\BaseBuilder->get()
 6 SYSTEMPATH\BaseModel.php(557): CodeIgniter\Model->doFind(false, null)
 7 APPPATH\Controllers\DesenhistaPost.php(1161): CodeIgniter\BaseModel->find()
 8 SYSTEMPATH\CodeIgniter.php(934): App\Controllers\DesenhistaPost->desenho_tag_lista()
 9 SYSTEMPATH\CodeIgniter.php(499): CodeIgniter\CodeIgniter->runController(Object(App\Controllers\DesenhistaPost))
10 SYSTEMPATH\CodeIgniter.php(368): CodeIgniter\CodeIgniter->handleRequest(null, Object(Config\Cache), false)
11 FCPATH\index.php(67): CodeIgniter\CodeIgniter->run()
ERROR - 2023-10-26 21:53:16 --> mysqli_sql_exception: Table 'wl.tag' doesn't exist in C:\xampp\htdocs\codi\system\Database\MySQLi\Connection.php:295
Stack trace:
#0 C:\xampp\htdocs\codi\system\Database\MySQLi\Connection.php(295): mysqli->query('SELECT *\nFROM `...', 0)
#1 C:\xampp\htdocs\codi\system\Database\BaseConnection.php(692): CodeIgniter\Database\MySQLi\Connection->execute('SELECT *\nFROM `...')
#2 C:\xampp\htdocs\codi\system\Database\BaseConnection.php(606): CodeIgniter\Database\BaseConnection->simpleQuery('SELECT *\nFROM `...')
#3 C:\xampp\htdocs\codi\system\Database\BaseBuilder.php(1616): CodeIgniter\Database\BaseConnection->query('SELECT *\nFROM `...', Array, false)
#4 C:\xampp\htdocs\codi\system\Model.php(203): CodeIgniter\Database\BaseBuilder->get()
#5 C:\xampp\htdocs\codi\system\BaseModel.php(557): CodeIgniter\Model->doFind(false, NULL)
#6 C:\xampp\htdocs\codi\app\Controllers\DesenhistaPost.php(1161): CodeIgniter\BaseModel->find()
#7 C:\xampp\htdocs\codi\system\CodeIgniter.php(934): App\Controllers\DesenhistaPost->desenho_tag_lista()
#8 C:\xampp\htdocs\codi\system\CodeIgniter.php(499): CodeIgniter\CodeIgniter->runController(Object(App\Controllers\DesenhistaPost))
#9 C:\xampp\htdocs\codi\system\CodeIgniter.php(368): CodeIgniter\CodeIgniter->handleRequest(NULL, Object(Config\Cache), false)
#10 C:\xampp\htdocs\codi\public\index.php(67): CodeIgniter\CodeIgniter->run()
#11 {main}
CRITICAL - 2023-10-26 21:53:16 --> Table 'wl.tag' doesn't exist
in SYSTEMPATH\Database\MySQLi\Connection.php on line 295.
 1 SYSTEMPATH\Database\MySQLi\Connection.php(295): mysqli->query('SELECT *
FROM `tag`', 0)
 2 SYSTEMPATH\Database\BaseConnection.php(692): CodeIgniter\Database\MySQLi\Connection->execute('SELECT *
FROM `tag`')
 3 SYSTEMPATH\Database\BaseConnection.php(606): CodeIgniter\Database\BaseConnection->simpleQuery('SELECT *
FROM `tag`')
 4 SYSTEMPATH\Database\BaseBuilder.php(1616): CodeIgniter\Database\BaseConnection->query('SELECT *
FROM `tag`', [], false)
 5 SYSTEMPATH\Model.php(203): CodeIgniter\Database\BaseBuilder->get()
 6 SYSTEMPATH\BaseModel.php(557): CodeIgniter\Model->doFind(false, null)
 7 APPPATH\Controllers\DesenhistaPost.php(1161): CodeIgniter\BaseModel->find()
 8 SYSTEMPATH\CodeIgniter.php(934): App\Controllers\DesenhistaPost->desenho_tag_lista()
 9 SYSTEMPATH\CodeIgniter.php(499): CodeIgniter\CodeIgniter->runController(Object(App\Controllers\DesenhistaPost))
10 SYSTEMPATH\CodeIgniter.php(368): CodeIgniter\CodeIgniter->handleRequest(null, Object(Config\Cache), false)
11 FCPATH\index.php(67): CodeIgniter\CodeIgniter->run()
ERROR - 2023-10-26 21:53:16 --> mysqli_sql_exception: Table 'wl.tag' doesn't exist in C:\xampp\htdocs\codi\system\Database\MySQLi\Connection.php:295
Stack trace:
#0 C:\xampp\htdocs\codi\system\Database\MySQLi\Connection.php(295): mysqli->query('SELECT *\nFROM `...', 0)
#1 C:\xampp\htdocs\codi\system\Database\BaseConnection.php(692): CodeIgniter\Database\MySQLi\Connection->execute('SELECT *\nFROM `...')
#2 C:\xampp\htdocs\codi\system\Database\BaseConnection.php(606): CodeIgniter\Database\BaseConnection->simpleQuery('SELECT *\nFROM `...')
#3 C:\xampp\htdocs\codi\system\Database\BaseBuilder.php(1616): CodeIgniter\Database\BaseConnection->query('SELECT *\nFROM `...', Array, false)
#4 C:\xampp\htdocs\codi\system\Model.php(203): CodeIgniter\Database\BaseBuilder->get()
#5 C:\xampp\htdocs\codi\system\BaseModel.php(557): CodeIgniter\Model->doFind(false, NULL)
#6 C:\xampp\htdocs\codi\app\Controllers\DesenhistaPost.php(1161): CodeIgniter\BaseModel->find()
#7 C:\xampp\htdocs\codi\system\CodeIgniter.php(934): App\Controllers\DesenhistaPost->desenho_tag_lista()
#8 C:\xampp\htdocs\codi\system\CodeIgniter.php(499): CodeIgniter\CodeIgniter->runController(Object(App\Controllers\DesenhistaPost))
#9 C:\xampp\htdocs\codi\system\CodeIgniter.php(368): CodeIgniter\CodeIgniter->handleRequest(NULL, Object(Config\Cache), false)
#10 C:\xampp\htdocs\codi\public\index.php(67): CodeIgniter\CodeIgniter->run()
#11 {main}
CRITICAL - 2023-10-26 21:53:16 --> Table 'wl.tag' doesn't exist
in SYSTEMPATH\Database\MySQLi\Connection.php on line 295.
 1 SYSTEMPATH\Database\MySQLi\Connection.php(295): mysqli->query('SELECT *
FROM `tag`', 0)
 2 SYSTEMPATH\Database\BaseConnection.php(692): CodeIgniter\Database\MySQLi\Connection->execute('SELECT *
FROM `tag`')
 3 SYSTEMPATH\Database\BaseConnection.php(606): CodeIgniter\Database\BaseConnection->simpleQuery('SELECT *
FROM `tag`')
 4 SYSTEMPATH\Database\BaseBuilder.php(1616): CodeIgniter\Database\BaseConnection->query('SELECT *
FROM `tag`', [], false)
 5 SYSTEMPATH\Model.php(203): CodeIgniter\Database\BaseBuilder->get()
 6 SYSTEMPATH\BaseModel.php(557): CodeIgniter\Model->doFind(false, null)
 7 APPPATH\Controllers\DesenhistaPost.php(1161): CodeIgniter\BaseModel->find()
 8 SYSTEMPATH\CodeIgniter.php(934): App\Controllers\DesenhistaPost->desenho_tag_lista()
 9 SYSTEMPATH\CodeIgniter.php(499): CodeIgniter\CodeIgniter->runController(Object(App\Controllers\DesenhistaPost))
10 SYSTEMPATH\CodeIgniter.php(368): CodeIgniter\CodeIgniter->handleRequest(null, Object(Config\Cache), false)
11 FCPATH\index.php(67): CodeIgniter\CodeIgniter->run()
ERROR - 2023-10-26 21:53:17 --> mysqli_sql_exception: Table 'wl.tag' doesn't exist in C:\xampp\htdocs\codi\system\Database\MySQLi\Connection.php:295
Stack trace:
#0 C:\xampp\htdocs\codi\system\Database\MySQLi\Connection.php(295): mysqli->query('SELECT *\nFROM `...', 0)
#1 C:\xampp\htdocs\codi\system\Database\BaseConnection.php(692): CodeIgniter\Database\MySQLi\Connection->execute('SELECT *\nFROM `...')
#2 C:\xampp\htdocs\codi\system\Database\BaseConnection.php(606): CodeIgniter\Database\BaseConnection->simpleQuery('SELECT *\nFROM `...')
#3 C:\xampp\htdocs\codi\system\Database\BaseBuilder.php(1616): CodeIgniter\Database\BaseConnection->query('SELECT *\nFROM `...', Array, false)
#4 C:\xampp\htdocs\codi\system\Model.php(203): CodeIgniter\Database\BaseBuilder->get()
#5 C:\xampp\htdocs\codi\system\BaseModel.php(557): CodeIgniter\Model->doFind(false, NULL)
#6 C:\xampp\htdocs\codi\app\Controllers\DesenhistaPost.php(1161): CodeIgniter\BaseModel->find()
#7 C:\xampp\htdocs\codi\system\CodeIgniter.php(934): App\Controllers\DesenhistaPost->desenho_tag_lista()
#8 C:\xampp\htdocs\codi\system\CodeIgniter.php(499): CodeIgniter\CodeIgniter->runController(Object(App\Controllers\DesenhistaPost))
#9 C:\xampp\htdocs\codi\system\CodeIgniter.php(368): CodeIgniter\CodeIgniter->handleRequest(NULL, Object(Config\Cache), false)
#10 C:\xampp\htdocs\codi\public\index.php(67): CodeIgniter\CodeIgniter->run()
#11 {main}
CRITICAL - 2023-10-26 21:53:17 --> Table 'wl.tag' doesn't exist
in SYSTEMPATH\Database\MySQLi\Connection.php on line 295.
 1 SYSTEMPATH\Database\MySQLi\Connection.php(295): mysqli->query('SELECT *
FROM `tag`', 0)
 2 SYSTEMPATH\Database\BaseConnection.php(692): CodeIgniter\Database\MySQLi\Connection->execute('SELECT *
FROM `tag`')
 3 SYSTEMPATH\Database\BaseConnection.php(606): CodeIgniter\Database\BaseConnection->simpleQuery('SELECT *
FROM `tag`')
 4 SYSTEMPATH\Database\BaseBuilder.php(1616): CodeIgniter\Database\BaseConnection->query('SELECT *
FROM `tag`', [], false)
 5 SYSTEMPATH\Model.php(203): CodeIgniter\Database\BaseBuilder->get()
 6 SYSTEMPATH\BaseModel.php(557): CodeIgniter\Model->doFind(false, null)
 7 APPPATH\Controllers\DesenhistaPost.php(1161): CodeIgniter\BaseModel->find()
 8 SYSTEMPATH\CodeIgniter.php(934): App\Controllers\DesenhistaPost->desenho_tag_lista()
 9 SYSTEMPATH\CodeIgniter.php(499): CodeIgniter\CodeIgniter->runController(Object(App\Controllers\DesenhistaPost))
10 SYSTEMPATH\CodeIgniter.php(368): CodeIgniter\CodeIgniter->handleRequest(null, Object(Config\Cache), false)
11 FCPATH\index.php(67): CodeIgniter\CodeIgniter->run()
ERROR - 2023-10-26 21:53:17 --> mysqli_sql_exception: Table 'wl.tag' doesn't exist in C:\xampp\htdocs\codi\system\Database\MySQLi\Connection.php:295
Stack trace:
#0 C:\xampp\htdocs\codi\system\Database\MySQLi\Connection.php(295): mysqli->query('SELECT *\nFROM `...', 0)
#1 C:\xampp\htdocs\codi\system\Database\BaseConnection.php(692): CodeIgniter\Database\MySQLi\Connection->execute('SELECT *\nFROM `...')
#2 C:\xampp\htdocs\codi\system\Database\BaseConnection.php(606): CodeIgniter\Database\BaseConnection->simpleQuery('SELECT *\nFROM `...')
#3 C:\xampp\htdocs\codi\system\Database\BaseBuilder.php(1616): CodeIgniter\Database\BaseConnection->query('SELECT *\nFROM `...', Array, false)
#4 C:\xampp\htdocs\codi\system\Model.php(203): CodeIgniter\Database\BaseBuilder->get()
#5 C:\xampp\htdocs\codi\system\BaseModel.php(557): CodeIgniter\Model->doFind(false, NULL)
#6 C:\xampp\htdocs\codi\app\Controllers\DesenhistaPost.php(1161): CodeIgniter\BaseModel->find()
#7 C:\xampp\htdocs\codi\system\CodeIgniter.php(934): App\Controllers\DesenhistaPost->desenho_tag_lista()
#8 C:\xampp\htdocs\codi\system\CodeIgniter.php(499): CodeIgniter\CodeIgniter->runController(Object(App\Controllers\DesenhistaPost))
#9 C:\xampp\htdocs\codi\system\CodeIgniter.php(368): CodeIgniter\CodeIgniter->handleRequest(NULL, Object(Config\Cache), false)
#10 C:\xampp\htdocs\codi\public\index.php(67): CodeIgniter\CodeIgniter->run()
#11 {main}
CRITICAL - 2023-10-26 21:53:17 --> Table 'wl.tag' doesn't exist
in SYSTEMPATH\Database\MySQLi\Connection.php on line 295.
 1 SYSTEMPATH\Database\MySQLi\Connection.php(295): mysqli->query('SELECT *
FROM `tag`', 0)
 2 SYSTEMPATH\Database\BaseConnection.php(692): CodeIgniter\Database\MySQLi\Connection->execute('SELECT *
FROM `tag`')
 3 SYSTEMPATH\Database\BaseConnection.php(606): CodeIgniter\Database\BaseConnection->simpleQuery('SELECT *
FROM `tag`')
 4 SYSTEMPATH\Database\BaseBuilder.php(1616): CodeIgniter\Database\BaseConnection->query('SELECT *
FROM `tag`', [], false)
 5 SYSTEMPATH\Model.php(203): CodeIgniter\Database\BaseBuilder->get()
 6 SYSTEMPATH\BaseModel.php(557): CodeIgniter\Model->doFind(false, null)
 7 APPPATH\Controllers\DesenhistaPost.php(1161): CodeIgniter\BaseModel->find()
 8 SYSTEMPATH\CodeIgniter.php(934): App\Controllers\DesenhistaPost->desenho_tag_lista()
 9 SYSTEMPATH\CodeIgniter.php(499): CodeIgniter\CodeIgniter->runController(Object(App\Controllers\DesenhistaPost))
10 SYSTEMPATH\CodeIgniter.php(368): CodeIgniter\CodeIgniter->handleRequest(null, Object(Config\Cache), false)
11 FCPATH\index.php(67): CodeIgniter\CodeIgniter->run()
ERROR - 2023-10-26 21:53:18 --> mysqli_sql_exception: Table 'wl.tag' doesn't exist in C:\xampp\htdocs\codi\system\Database\MySQLi\Connection.php:295
Stack trace:
#0 C:\xampp\htdocs\codi\system\Database\MySQLi\Connection.php(295): mysqli->query('SELECT *\nFROM `...', 0)
#1 C:\xampp\htdocs\codi\system\Database\BaseConnection.php(692): CodeIgniter\Database\MySQLi\Connection->execute('SELECT *\nFROM `...')
#2 C:\xampp\htdocs\codi\system\Database\BaseConnection.php(606): CodeIgniter\Database\BaseConnection->simpleQuery('SELECT *\nFROM `...')
#3 C:\xampp\htdocs\codi\system\Database\BaseBuilder.php(1616): CodeIgniter\Database\BaseConnection->query('SELECT *\nFROM `...', Array, false)
#4 C:\xampp\htdocs\codi\system\Model.php(203): CodeIgniter\Database\BaseBuilder->get()
#5 C:\xampp\htdocs\codi\system\BaseModel.php(557): CodeIgniter\Model->doFind(false, NULL)
#6 C:\xampp\htdocs\codi\app\Controllers\DesenhistaPost.php(1161): CodeIgniter\BaseModel->find()
#7 C:\xampp\htdocs\codi\system\CodeIgniter.php(934): App\Controllers\DesenhistaPost->desenho_tag_lista()
#8 C:\xampp\htdocs\codi\system\CodeIgniter.php(499): CodeIgniter\CodeIgniter->runController(Object(App\Controllers\DesenhistaPost))
#9 C:\xampp\htdocs\codi\system\CodeIgniter.php(368): CodeIgniter\CodeIgniter->handleRequest(NULL, Object(Config\Cache), false)
#10 C:\xampp\htdocs\codi\public\index.php(67): CodeIgniter\CodeIgniter->run()
#11 {main}
CRITICAL - 2023-10-26 21:53:18 --> Table 'wl.tag' doesn't exist
in SYSTEMPATH\Database\MySQLi\Connection.php on line 295.
 1 SYSTEMPATH\Database\MySQLi\Connection.php(295): mysqli->query('SELECT *
FROM `tag`', 0)
 2 SYSTEMPATH\Database\BaseConnection.php(692): CodeIgniter\Database\MySQLi\Connection->execute('SELECT *
FROM `tag`')
 3 SYSTEMPATH\Database\BaseConnection.php(606): CodeIgniter\Database\BaseConnection->simpleQuery('SELECT *
FROM `tag`')
 4 SYSTEMPATH\Database\BaseBuilder.php(1616): CodeIgniter\Database\BaseConnection->query('SELECT *
FROM `tag`', [], false)
 5 SYSTEMPATH\Model.php(203): CodeIgniter\Database\BaseBuilder->get()
 6 SYSTEMPATH\BaseModel.php(557): CodeIgniter\Model->doFind(false, null)
 7 APPPATH\Controllers\DesenhistaPost.php(1161): CodeIgniter\BaseModel->find()
 8 SYSTEMPATH\CodeIgniter.php(934): App\Controllers\DesenhistaPost->desenho_tag_lista()
 9 SYSTEMPATH\CodeIgniter.php(499): CodeIgniter\CodeIgniter->runController(Object(App\Controllers\DesenhistaPost))
10 SYSTEMPATH\CodeIgniter.php(368): CodeIgniter\CodeIgniter->handleRequest(null, Object(Config\Cache), false)
11 FCPATH\index.php(67): CodeIgniter\CodeIgniter->run()
ERROR - 2023-10-26 21:53:18 --> mysqli_sql_exception: Table 'wl.tag' doesn't exist in C:\xampp\htdocs\codi\system\Database\MySQLi\Connection.php:295
Stack trace:
#0 C:\xampp\htdocs\codi\system\Database\MySQLi\Connection.php(295): mysqli->query('SELECT *\nFROM `...', 0)
#1 C:\xampp\htdocs\codi\system\Database\BaseConnection.php(692): CodeIgniter\Database\MySQLi\Connection->execute('SELECT *\nFROM `...')
#2 C:\xampp\htdocs\codi\system\Database\BaseConnection.php(606): CodeIgniter\Database\BaseConnection->simpleQuery('SELECT *\nFROM `...')
#3 C:\xampp\htdocs\codi\system\Database\BaseBuilder.php(1616): CodeIgniter\Database\BaseConnection->query('SELECT *\nFROM `...', Array, false)
#4 C:\xampp\htdocs\codi\system\Model.php(203): CodeIgniter\Database\BaseBuilder->get()
#5 C:\xampp\htdocs\codi\system\BaseModel.php(557): CodeIgniter\Model->doFind(false, NULL)
#6 C:\xampp\htdocs\codi\app\Controllers\DesenhistaPost.php(1161): CodeIgniter\BaseModel->find()
#7 C:\xampp\htdocs\codi\system\CodeIgniter.php(934): App\Controllers\DesenhistaPost->desenho_tag_lista()
#8 C:\xampp\htdocs\codi\system\CodeIgniter.php(499): CodeIgniter\CodeIgniter->runController(Object(App\Controllers\DesenhistaPost))
#9 C:\xampp\htdocs\codi\system\CodeIgniter.php(368): CodeIgniter\CodeIgniter->handleRequest(NULL, Object(Config\Cache), false)
#10 C:\xampp\htdocs\codi\public\index.php(67): CodeIgniter\CodeIgniter->run()
#11 {main}
CRITICAL - 2023-10-26 21:53:18 --> Table 'wl.tag' doesn't exist
in SYSTEMPATH\Database\MySQLi\Connection.php on line 295.
 1 SYSTEMPATH\Database\MySQLi\Connection.php(295): mysqli->query('SELECT *
FROM `tag`', 0)
 2 SYSTEMPATH\Database\BaseConnection.php(692): CodeIgniter\Database\MySQLi\Connection->execute('SELECT *
FROM `tag`')
 3 SYSTEMPATH\Database\BaseConnection.php(606): CodeIgniter\Database\BaseConnection->simpleQuery('SELECT *
FROM `tag`')
 4 SYSTEMPATH\Database\BaseBuilder.php(1616): CodeIgniter\Database\BaseConnection->query('SELECT *
FROM `tag`', [], false)
 5 SYSTEMPATH\Model.php(203): CodeIgniter\Database\BaseBuilder->get()
 6 SYSTEMPATH\BaseModel.php(557): CodeIgniter\Model->doFind(false, null)
 7 APPPATH\Controllers\DesenhistaPost.php(1161): CodeIgniter\BaseModel->find()
 8 SYSTEMPATH\CodeIgniter.php(934): App\Controllers\DesenhistaPost->desenho_tag_lista()
 9 SYSTEMPATH\CodeIgniter.php(499): CodeIgniter\CodeIgniter->runController(Object(App\Controllers\DesenhistaPost))
10 SYSTEMPATH\CodeIgniter.php(368): CodeIgniter\CodeIgniter->handleRequest(null, Object(Config\Cache), false)
11 FCPATH\index.php(67): CodeIgniter\CodeIgniter->run()
ERROR - 2023-10-26 21:53:19 --> mysqli_sql_exception: Table 'wl.tag' doesn't exist in C:\xampp\htdocs\codi\system\Database\MySQLi\Connection.php:295
Stack trace:
#0 C:\xampp\htdocs\codi\system\Database\MySQLi\Connection.php(295): mysqli->query('SELECT *\nFROM `...', 0)
#1 C:\xampp\htdocs\codi\system\Database\BaseConnection.php(692): CodeIgniter\Database\MySQLi\Connection->execute('SELECT *\nFROM `...')
#2 C:\xampp\htdocs\codi\system\Database\BaseConnection.php(606): CodeIgniter\Database\BaseConnection->simpleQuery('SELECT *\nFROM `...')
#3 C:\xampp\htdocs\codi\system\Database\BaseBuilder.php(1616): CodeIgniter\Database\BaseConnection->query('SELECT *\nFROM `...', Array, false)
#4 C:\xampp\htdocs\codi\system\Model.php(203): CodeIgniter\Database\BaseBuilder->get()
#5 C:\xampp\htdocs\codi\system\BaseModel.php(557): CodeIgniter\Model->doFind(false, NULL)
#6 C:\xampp\htdocs\codi\app\Controllers\DesenhistaPost.php(1161): CodeIgniter\BaseModel->find()
#7 C:\xampp\htdocs\codi\system\CodeIgniter.php(934): App\Controllers\DesenhistaPost->desenho_tag_lista()
#8 C:\xampp\htdocs\codi\system\CodeIgniter.php(499): CodeIgniter\CodeIgniter->runController(Object(App\Controllers\DesenhistaPost))
#9 C:\xampp\htdocs\codi\system\CodeIgniter.php(368): CodeIgniter\CodeIgniter->handleRequest(NULL, Object(Config\Cache), false)
#10 C:\xampp\htdocs\codi\public\index.php(67): CodeIgniter\CodeIgniter->run()
#11 {main}
CRITICAL - 2023-10-26 21:53:19 --> Table 'wl.tag' doesn't exist
in SYSTEMPATH\Database\MySQLi\Connection.php on line 295.
 1 SYSTEMPATH\Database\MySQLi\Connection.php(295): mysqli->query('SELECT *
FROM `tag`', 0)
 2 SYSTEMPATH\Database\BaseConnection.php(692): CodeIgniter\Database\MySQLi\Connection->execute('SELECT *
FROM `tag`')
 3 SYSTEMPATH\Database\BaseConnection.php(606): CodeIgniter\Database\BaseConnection->simpleQuery('SELECT *
FROM `tag`')
 4 SYSTEMPATH\Database\BaseBuilder.php(1616): CodeIgniter\Database\BaseConnection->query('SELECT *
FROM `tag`', [], false)
 5 SYSTEMPATH\Model.php(203): CodeIgniter\Database\BaseBuilder->get()
 6 SYSTEMPATH\BaseModel.php(557): CodeIgniter\Model->doFind(false, null)
 7 APPPATH\Controllers\DesenhistaPost.php(1161): CodeIgniter\BaseModel->find()
 8 SYSTEMPATH\CodeIgniter.php(934): App\Controllers\DesenhistaPost->desenho_tag_lista()
 9 SYSTEMPATH\CodeIgniter.php(499): CodeIgniter\CodeIgniter->runController(Object(App\Controllers\DesenhistaPost))
10 SYSTEMPATH\CodeIgniter.php(368): CodeIgniter\CodeIgniter->handleRequest(null, Object(Config\Cache), false)
11 FCPATH\index.php(67): CodeIgniter\CodeIgniter->run()
ERROR - 2023-10-26 21:53:19 --> mysqli_sql_exception: Table 'wl.tag' doesn't exist in C:\xampp\htdocs\codi\system\Database\MySQLi\Connection.php:295
Stack trace:
#0 C:\xampp\htdocs\codi\system\Database\MySQLi\Connection.php(295): mysqli->query('SELECT *\nFROM `...', 0)
#1 C:\xampp\htdocs\codi\system\Database\BaseConnection.php(692): CodeIgniter\Database\MySQLi\Connection->execute('SELECT *\nFROM `...')
#2 C:\xampp\htdocs\codi\system\Database\BaseConnection.php(606): CodeIgniter\Database\BaseConnection->simpleQuery('SELECT *\nFROM `...')
#3 C:\xampp\htdocs\codi\system\Database\BaseBuilder.php(1616): CodeIgniter\Database\BaseConnection->query('SELECT *\nFROM `...', Array, false)
#4 C:\xampp\htdocs\codi\system\Model.php(203): CodeIgniter\Database\BaseBuilder->get()
#5 C:\xampp\htdocs\codi\system\BaseModel.php(557): CodeIgniter\Model->doFind(false, NULL)
#6 C:\xampp\htdocs\codi\app\Controllers\DesenhistaPost.php(1161): CodeIgniter\BaseModel->find()
#7 C:\xampp\htdocs\codi\system\CodeIgniter.php(934): App\Controllers\DesenhistaPost->desenho_tag_lista()
#8 C:\xampp\htdocs\codi\system\CodeIgniter.php(499): CodeIgniter\CodeIgniter->runController(Object(App\Controllers\DesenhistaPost))
#9 C:\xampp\htdocs\codi\system\CodeIgniter.php(368): CodeIgniter\CodeIgniter->handleRequest(NULL, Object(Config\Cache), false)
#10 C:\xampp\htdocs\codi\public\index.php(67): CodeIgniter\CodeIgniter->run()
#11 {main}
CRITICAL - 2023-10-26 21:53:19 --> Table 'wl.tag' doesn't exist
in SYSTEMPATH\Database\MySQLi\Connection.php on line 295.
 1 SYSTEMPATH\Database\MySQLi\Connection.php(295): mysqli->query('SELECT *
FROM `tag`', 0)
 2 SYSTEMPATH\Database\BaseConnection.php(692): CodeIgniter\Database\MySQLi\Connection->execute('SELECT *
FROM `tag`')
 3 SYSTEMPATH\Database\BaseConnection.php(606): CodeIgniter\Database\BaseConnection->simpleQuery('SELECT *
FROM `tag`')
 4 SYSTEMPATH\Database\BaseBuilder.php(1616): CodeIgniter\Database\BaseConnection->query('SELECT *
FROM `tag`', [], false)
 5 SYSTEMPATH\Model.php(203): CodeIgniter\Database\BaseBuilder->get()
 6 SYSTEMPATH\BaseModel.php(557): CodeIgniter\Model->doFind(false, null)
 7 APPPATH\Controllers\DesenhistaPost.php(1161): CodeIgniter\BaseModel->find()
 8 SYSTEMPATH\CodeIgniter.php(934): App\Controllers\DesenhistaPost->desenho_tag_lista()
 9 SYSTEMPATH\CodeIgniter.php(499): CodeIgniter\CodeIgniter->runController(Object(App\Controllers\DesenhistaPost))
10 SYSTEMPATH\CodeIgniter.php(368): CodeIgniter\CodeIgniter->handleRequest(null, Object(Config\Cache), false)
11 FCPATH\index.php(67): CodeIgniter\CodeIgniter->run()
ERROR - 2023-10-26 21:53:20 --> mysqli_sql_exception: Table 'wl.tag' doesn't exist in C:\xampp\htdocs\codi\system\Database\MySQLi\Connection.php:295
Stack trace:
#0 C:\xampp\htdocs\codi\system\Database\MySQLi\Connection.php(295): mysqli->query('SELECT *\nFROM `...', 0)
#1 C:\xampp\htdocs\codi\system\Database\BaseConnection.php(692): CodeIgniter\Database\MySQLi\Connection->execute('SELECT *\nFROM `...')
#2 C:\xampp\htdocs\codi\system\Database\BaseConnection.php(606): CodeIgniter\Database\BaseConnection->simpleQuery('SELECT *\nFROM `...')
#3 C:\xampp\htdocs\codi\system\Database\BaseBuilder.php(1616): CodeIgniter\Database\BaseConnection->query('SELECT *\nFROM `...', Array, false)
#4 C:\xampp\htdocs\codi\system\Model.php(203): CodeIgniter\Database\BaseBuilder->get()
#5 C:\xampp\htdocs\codi\system\BaseModel.php(557): CodeIgniter\Model->doFind(false, NULL)
#6 C:\xampp\htdocs\codi\app\Controllers\DesenhistaPost.php(1161): CodeIgniter\BaseModel->find()
#7 C:\xampp\htdocs\codi\system\CodeIgniter.php(934): App\Controllers\DesenhistaPost->desenho_tag_lista()
#8 C:\xampp\htdocs\codi\system\CodeIgniter.php(499): CodeIgniter\CodeIgniter->runController(Object(App\Controllers\DesenhistaPost))
#9 C:\xampp\htdocs\codi\system\CodeIgniter.php(368): CodeIgniter\CodeIgniter->handleRequest(NULL, Object(Config\Cache), false)
#10 C:\xampp\htdocs\codi\public\index.php(67): CodeIgniter\CodeIgniter->run()
#11 {main}
CRITICAL - 2023-10-26 21:53:20 --> Table 'wl.tag' doesn't exist
in SYSTEMPATH\Database\MySQLi\Connection.php on line 295.
 1 SYSTEMPATH\Database\MySQLi\Connection.php(295): mysqli->query('SELECT *
FROM `tag`', 0)
 2 SYSTEMPATH\Database\BaseConnection.php(692): CodeIgniter\Database\MySQLi\Connection->execute('SELECT *
FROM `tag`')
 3 SYSTEMPATH\Database\BaseConnection.php(606): CodeIgniter\Database\BaseConnection->simpleQuery('SELECT *
FROM `tag`')
 4 SYSTEMPATH\Database\BaseBuilder.php(1616): CodeIgniter\Database\BaseConnection->query('SELECT *
FROM `tag`', [], false)
 5 SYSTEMPATH\Model.php(203): CodeIgniter\Database\BaseBuilder->get()
 6 SYSTEMPATH\BaseModel.php(557): CodeIgniter\Model->doFind(false, null)
 7 APPPATH\Controllers\DesenhistaPost.php(1161): CodeIgniter\BaseModel->find()
 8 SYSTEMPATH\CodeIgniter.php(934): App\Controllers\DesenhistaPost->desenho_tag_lista()
 9 SYSTEMPATH\CodeIgniter.php(499): CodeIgniter\CodeIgniter->runController(Object(App\Controllers\DesenhistaPost))
10 SYSTEMPATH\CodeIgniter.php(368): CodeIgniter\CodeIgniter->handleRequest(null, Object(Config\Cache), false)
11 FCPATH\index.php(67): CodeIgniter\CodeIgniter->run()
ERROR - 2023-10-26 21:53:20 --> mysqli_sql_exception: Table 'wl.tag' doesn't exist in C:\xampp\htdocs\codi\system\Database\MySQLi\Connection.php:295
Stack trace:
#0 C:\xampp\htdocs\codi\system\Database\MySQLi\Connection.php(295): mysqli->query('SELECT *\nFROM `...', 0)
#1 C:\xampp\htdocs\codi\system\Database\BaseConnection.php(692): CodeIgniter\Database\MySQLi\Connection->execute('SELECT *\nFROM `...')
#2 C:\xampp\htdocs\codi\system\Database\BaseConnection.php(606): CodeIgniter\Database\BaseConnection->simpleQuery('SELECT *\nFROM `...')
#3 C:\xampp\htdocs\codi\system\Database\BaseBuilder.php(1616): CodeIgniter\Database\BaseConnection->query('SELECT *\nFROM `...', Array, false)
#4 C:\xampp\htdocs\codi\system\Model.php(203): CodeIgniter\Database\BaseBuilder->get()
#5 C:\xampp\htdocs\codi\system\BaseModel.php(557): CodeIgniter\Model->doFind(false, NULL)
#6 C:\xampp\htdocs\codi\app\Controllers\DesenhistaPost.php(1161): CodeIgniter\BaseModel->find()
#7 C:\xampp\htdocs\codi\system\CodeIgniter.php(934): App\Controllers\DesenhistaPost->desenho_tag_lista()
#8 C:\xampp\htdocs\codi\system\CodeIgniter.php(499): CodeIgniter\CodeIgniter->runController(Object(App\Controllers\DesenhistaPost))
#9 C:\xampp\htdocs\codi\system\CodeIgniter.php(368): CodeIgniter\CodeIgniter->handleRequest(NULL, Object(Config\Cache), false)
#10 C:\xampp\htdocs\codi\public\index.php(67): CodeIgniter\CodeIgniter->run()
#11 {main}
CRITICAL - 2023-10-26 21:53:20 --> Table 'wl.tag' doesn't exist
in SYSTEMPATH\Database\MySQLi\Connection.php on line 295.
 1 SYSTEMPATH\Database\MySQLi\Connection.php(295): mysqli->query('SELECT *
FROM `tag`', 0)
 2 SYSTEMPATH\Database\BaseConnection.php(692): CodeIgniter\Database\MySQLi\Connection->execute('SELECT *
FROM `tag`')
 3 SYSTEMPATH\Database\BaseConnection.php(606): CodeIgniter\Database\BaseConnection->simpleQuery('SELECT *
FROM `tag`')
 4 SYSTEMPATH\Database\BaseBuilder.php(1616): CodeIgniter\Database\BaseConnection->query('SELECT *
FROM `tag`', [], false)
 5 SYSTEMPATH\Model.php(203): CodeIgniter\Database\BaseBuilder->get()
 6 SYSTEMPATH\BaseModel.php(557): CodeIgniter\Model->doFind(false, null)
 7 APPPATH\Controllers\DesenhistaPost.php(1161): CodeIgniter\BaseModel->find()
 8 SYSTEMPATH\CodeIgniter.php(934): App\Controllers\DesenhistaPost->desenho_tag_lista()
 9 SYSTEMPATH\CodeIgniter.php(499): CodeIgniter\CodeIgniter->runController(Object(App\Controllers\DesenhistaPost))
10 SYSTEMPATH\CodeIgniter.php(368): CodeIgniter\CodeIgniter->handleRequest(null, Object(Config\Cache), false)
11 FCPATH\index.php(67): CodeIgniter\CodeIgniter->run()
ERROR - 2023-10-26 21:53:21 --> mysqli_sql_exception: Table 'wl.tag' doesn't exist in C:\xampp\htdocs\codi\system\Database\MySQLi\Connection.php:295
Stack trace:
#0 C:\xampp\htdocs\codi\system\Database\MySQLi\Connection.php(295): mysqli->query('SELECT *\nFROM `...', 0)
#1 C:\xampp\htdocs\codi\system\Database\BaseConnection.php(692): CodeIgniter\Database\MySQLi\Connection->execute('SELECT *\nFROM `...')
#2 C:\xampp\htdocs\codi\system\Database\BaseConnection.php(606): CodeIgniter\Database\BaseConnection->simpleQuery('SELECT *\nFROM `...')
#3 C:\xampp\htdocs\codi\system\Database\BaseBuilder.php(1616): CodeIgniter\Database\BaseConnection->query('SELECT *\nFROM `...', Array, false)
#4 C:\xampp\htdocs\codi\system\Model.php(203): CodeIgniter\Database\BaseBuilder->get()
#5 C:\xampp\htdocs\codi\system\BaseModel.php(557): CodeIgniter\Model->doFind(false, NULL)
#6 C:\xampp\htdocs\codi\app\Controllers\DesenhistaPost.php(1161): CodeIgniter\BaseModel->find()
#7 C:\xampp\htdocs\codi\system\CodeIgniter.php(934): App\Controllers\DesenhistaPost->desenho_tag_lista()
#8 C:\xampp\htdocs\codi\system\CodeIgniter.php(499): CodeIgniter\CodeIgniter->runController(Object(App\Controllers\DesenhistaPost))
#9 C:\xampp\htdocs\codi\system\CodeIgniter.php(368): CodeIgniter\CodeIgniter->handleRequest(NULL, Object(Config\Cache), false)
#10 C:\xampp\htdocs\codi\public\index.php(67): CodeIgniter\CodeIgniter->run()
#11 {main}
CRITICAL - 2023-10-26 21:53:21 --> Table 'wl.tag' doesn't exist
in SYSTEMPATH\Database\MySQLi\Connection.php on line 295.
 1 SYSTEMPATH\Database\MySQLi\Connection.php(295): mysqli->query('SELECT *
FROM `tag`', 0)
 2 SYSTEMPATH\Database\BaseConnection.php(692): CodeIgniter\Database\MySQLi\Connection->execute('SELECT *
FROM `tag`')
 3 SYSTEMPATH\Database\BaseConnection.php(606): CodeIgniter\Database\BaseConnection->simpleQuery('SELECT *
FROM `tag`')
 4 SYSTEMPATH\Database\BaseBuilder.php(1616): CodeIgniter\Database\BaseConnection->query('SELECT *
FROM `tag`', [], false)
 5 SYSTEMPATH\Model.php(203): CodeIgniter\Database\BaseBuilder->get()
 6 SYSTEMPATH\BaseModel.php(557): CodeIgniter\Model->doFind(false, null)
 7 APPPATH\Controllers\DesenhistaPost.php(1161): CodeIgniter\BaseModel->find()
 8 SYSTEMPATH\CodeIgniter.php(934): App\Controllers\DesenhistaPost->desenho_tag_lista()
 9 SYSTEMPATH\CodeIgniter.php(499): CodeIgniter\CodeIgniter->runController(Object(App\Controllers\DesenhistaPost))
10 SYSTEMPATH\CodeIgniter.php(368): CodeIgniter\CodeIgniter->handleRequest(null, Object(Config\Cache), false)
11 FCPATH\index.php(67): CodeIgniter\CodeIgniter->run()
ERROR - 2023-10-26 21:53:21 --> mysqli_sql_exception: Table 'wl.tag' doesn't exist in C:\xampp\htdocs\codi\system\Database\MySQLi\Connection.php:295
Stack trace:
#0 C:\xampp\htdocs\codi\system\Database\MySQLi\Connection.php(295): mysqli->query('SELECT *\nFROM `...', 0)
#1 C:\xampp\htdocs\codi\system\Database\BaseConnection.php(692): CodeIgniter\Database\MySQLi\Connection->execute('SELECT *\nFROM `...')
#2 C:\xampp\htdocs\codi\system\Database\BaseConnection.php(606): CodeIgniter\Database\BaseConnection->simpleQuery('SELECT *\nFROM `...')
#3 C:\xampp\htdocs\codi\system\Database\BaseBuilder.php(1616): CodeIgniter\Database\BaseConnection->query('SELECT *\nFROM `...', Array, false)
#4 C:\xampp\htdocs\codi\system\Model.php(203): CodeIgniter\Database\BaseBuilder->get()
#5 C:\xampp\htdocs\codi\system\BaseModel.php(557): CodeIgniter\Model->doFind(false, NULL)
#6 C:\xampp\htdocs\codi\app\Controllers\DesenhistaPost.php(1161): CodeIgniter\BaseModel->find()
#7 C:\xampp\htdocs\codi\system\CodeIgniter.php(934): App\Controllers\DesenhistaPost->desenho_tag_lista()
#8 C:\xampp\htdocs\codi\system\CodeIgniter.php(499): CodeIgniter\CodeIgniter->runController(Object(App\Controllers\DesenhistaPost))
#9 C:\xampp\htdocs\codi\system\CodeIgniter.php(368): CodeIgniter\CodeIgniter->handleRequest(NULL, Object(Config\Cache), false)
#10 C:\xampp\htdocs\codi\public\index.php(67): CodeIgniter\CodeIgniter->run()
#11 {main}
CRITICAL - 2023-10-26 21:53:21 --> Table 'wl.tag' doesn't exist
in SYSTEMPATH\Database\MySQLi\Connection.php on line 295.
 1 SYSTEMPATH\Database\MySQLi\Connection.php(295): mysqli->query('SELECT *
FROM `tag`', 0)
 2 SYSTEMPATH\Database\BaseConnection.php(692): CodeIgniter\Database\MySQLi\Connection->execute('SELECT *
FROM `tag`')
 3 SYSTEMPATH\Database\BaseConnection.php(606): CodeIgniter\Database\BaseConnection->simpleQuery('SELECT *
FROM `tag`')
 4 SYSTEMPATH\Database\BaseBuilder.php(1616): CodeIgniter\Database\BaseConnection->query('SELECT *
FROM `tag`', [], false)
 5 SYSTEMPATH\Model.php(203): CodeIgniter\Database\BaseBuilder->get()
 6 SYSTEMPATH\BaseModel.php(557): CodeIgniter\Model->doFind(false, null)
 7 APPPATH\Controllers\DesenhistaPost.php(1161): CodeIgniter\BaseModel->find()
 8 SYSTEMPATH\CodeIgniter.php(934): App\Controllers\DesenhistaPost->desenho_tag_lista()
 9 SYSTEMPATH\CodeIgniter.php(499): CodeIgniter\CodeIgniter->runController(Object(App\Controllers\DesenhistaPost))
10 SYSTEMPATH\CodeIgniter.php(368): CodeIgniter\CodeIgniter->handleRequest(null, Object(Config\Cache), false)
11 FCPATH\index.php(67): CodeIgniter\CodeIgniter->run()
ERROR - 2023-10-26 21:53:22 --> mysqli_sql_exception: Table 'wl.tag' doesn't exist in C:\xampp\htdocs\codi\system\Database\MySQLi\Connection.php:295
Stack trace:
#0 C:\xampp\htdocs\codi\system\Database\MySQLi\Connection.php(295): mysqli->query('SELECT *\nFROM `...', 0)
#1 C:\xampp\htdocs\codi\system\Database\BaseConnection.php(692): CodeIgniter\Database\MySQLi\Connection->execute('SELECT *\nFROM `...')
#2 C:\xampp\htdocs\codi\system\Database\BaseConnection.php(606): CodeIgniter\Database\BaseConnection->simpleQuery('SELECT *\nFROM `...')
#3 C:\xampp\htdocs\codi\system\Database\BaseBuilder.php(1616): CodeIgniter\Database\BaseConnection->query('SELECT *\nFROM `...', Array, false)
#4 C:\xampp\htdocs\codi\system\Model.php(203): CodeIgniter\Database\BaseBuilder->get()
#5 C:\xampp\htdocs\codi\system\BaseModel.php(557): CodeIgniter\Model->doFind(false, NULL)
#6 C:\xampp\htdocs\codi\app\Controllers\DesenhistaPost.php(1161): CodeIgniter\BaseModel->find()
#7 C:\xampp\htdocs\codi\system\CodeIgniter.php(934): App\Controllers\DesenhistaPost->desenho_tag_lista()
#8 C:\xampp\htdocs\codi\system\CodeIgniter.php(499): CodeIgniter\CodeIgniter->runController(Object(App\Controllers\DesenhistaPost))
#9 C:\xampp\htdocs\codi\system\CodeIgniter.php(368): CodeIgniter\CodeIgniter->handleRequest(NULL, Object(Config\Cache), false)
#10 C:\xampp\htdocs\codi\public\index.php(67): CodeIgniter\CodeIgniter->run()
#11 {main}
CRITICAL - 2023-10-26 21:53:22 --> Table 'wl.tag' doesn't exist
in SYSTEMPATH\Database\MySQLi\Connection.php on line 295.
 1 SYSTEMPATH\Database\MySQLi\Connection.php(295): mysqli->query('SELECT *
FROM `tag`', 0)
 2 SYSTEMPATH\Database\BaseConnection.php(692): CodeIgniter\Database\MySQLi\Connection->execute('SELECT *
FROM `tag`')
 3 SYSTEMPATH\Database\BaseConnection.php(606): CodeIgniter\Database\BaseConnection->simpleQuery('SELECT *
FROM `tag`')
 4 SYSTEMPATH\Database\BaseBuilder.php(1616): CodeIgniter\Database\BaseConnection->query('SELECT *
FROM `tag`', [], false)
 5 SYSTEMPATH\Model.php(203): CodeIgniter\Database\BaseBuilder->get()
 6 SYSTEMPATH\BaseModel.php(557): CodeIgniter\Model->doFind(false, null)
 7 APPPATH\Controllers\DesenhistaPost.php(1161): CodeIgniter\BaseModel->find()
 8 SYSTEMPATH\CodeIgniter.php(934): App\Controllers\DesenhistaPost->desenho_tag_lista()
 9 SYSTEMPATH\CodeIgniter.php(499): CodeIgniter\CodeIgniter->runController(Object(App\Controllers\DesenhistaPost))
10 SYSTEMPATH\CodeIgniter.php(368): CodeIgniter\CodeIgniter->handleRequest(null, Object(Config\Cache), false)
11 FCPATH\index.php(67): CodeIgniter\CodeIgniter->run()
ERROR - 2023-10-26 21:53:22 --> mysqli_sql_exception: Table 'wl.tag' doesn't exist in C:\xampp\htdocs\codi\system\Database\MySQLi\Connection.php:295
Stack trace:
#0 C:\xampp\htdocs\codi\system\Database\MySQLi\Connection.php(295): mysqli->query('SELECT *\nFROM `...', 0)
#1 C:\xampp\htdocs\codi\system\Database\BaseConnection.php(692): CodeIgniter\Database\MySQLi\Connection->execute('SELECT *\nFROM `...')
#2 C:\xampp\htdocs\codi\system\Database\BaseConnection.php(606): CodeIgniter\Database\BaseConnection->simpleQuery('SELECT *\nFROM `...')
#3 C:\xampp\htdocs\codi\system\Database\BaseBuilder.php(1616): CodeIgniter\Database\BaseConnection->query('SELECT *\nFROM `...', Array, false)
#4 C:\xampp\htdocs\codi\system\Model.php(203): CodeIgniter\Database\BaseBuilder->get()
#5 C:\xampp\htdocs\codi\system\BaseModel.php(557): CodeIgniter\Model->doFind(false, NULL)
#6 C:\xampp\htdocs\codi\app\Controllers\DesenhistaPost.php(1161): CodeIgniter\BaseModel->find()
#7 C:\xampp\htdocs\codi\system\CodeIgniter.php(934): App\Controllers\DesenhistaPost->desenho_tag_lista()
#8 C:\xampp\htdocs\codi\system\CodeIgniter.php(499): CodeIgniter\CodeIgniter->runController(Object(App\Controllers\DesenhistaPost))
#9 C:\xampp\htdocs\codi\system\CodeIgniter.php(368): CodeIgniter\CodeIgniter->handleRequest(NULL, Object(Config\Cache), false)
#10 C:\xampp\htdocs\codi\public\index.php(67): CodeIgniter\CodeIgniter->run()
#11 {main}
CRITICAL - 2023-10-26 21:53:22 --> Table 'wl.tag' doesn't exist
in SYSTEMPATH\Database\MySQLi\Connection.php on line 295.
 1 SYSTEMPATH\Database\MySQLi\Connection.php(295): mysqli->query('SELECT *
FROM `tag`', 0)
 2 SYSTEMPATH\Database\BaseConnection.php(692): CodeIgniter\Database\MySQLi\Connection->execute('SELECT *
FROM `tag`')
 3 SYSTEMPATH\Database\BaseConnection.php(606): CodeIgniter\Database\BaseConnection->simpleQuery('SELECT *
FROM `tag`')
 4 SYSTEMPATH\Database\BaseBuilder.php(1616): CodeIgniter\Database\BaseConnection->query('SELECT *
FROM `tag`', [], false)
 5 SYSTEMPATH\Model.php(203): CodeIgniter\Database\BaseBuilder->get()
 6 SYSTEMPATH\BaseModel.php(557): CodeIgniter\Model->doFind(false, null)
 7 APPPATH\Controllers\DesenhistaPost.php(1161): CodeIgniter\BaseModel->find()
 8 SYSTEMPATH\CodeIgniter.php(934): App\Controllers\DesenhistaPost->desenho_tag_lista()
 9 SYSTEMPATH\CodeIgniter.php(499): CodeIgniter\CodeIgniter->runController(Object(App\Controllers\DesenhistaPost))
10 SYSTEMPATH\CodeIgniter.php(368): CodeIgniter\CodeIgniter->handleRequest(null, Object(Config\Cache), false)
11 FCPATH\index.php(67): CodeIgniter\CodeIgniter->run()
ERROR - 2023-10-26 21:53:23 --> mysqli_sql_exception: Table 'wl.tag' doesn't exist in C:\xampp\htdocs\codi\system\Database\MySQLi\Connection.php:295
Stack trace:
#0 C:\xampp\htdocs\codi\system\Database\MySQLi\Connection.php(295): mysqli->query('SELECT *\nFROM `...', 0)
#1 C:\xampp\htdocs\codi\system\Database\BaseConnection.php(692): CodeIgniter\Database\MySQLi\Connection->execute('SELECT *\nFROM `...')
#2 C:\xampp\htdocs\codi\system\Database\BaseConnection.php(606): CodeIgniter\Database\BaseConnection->simpleQuery('SELECT *\nFROM `...')
#3 C:\xampp\htdocs\codi\system\Database\BaseBuilder.php(1616): CodeIgniter\Database\BaseConnection->query('SELECT *\nFROM `...', Array, false)
#4 C:\xampp\htdocs\codi\system\Model.php(203): CodeIgniter\Database\BaseBuilder->get()
#5 C:\xampp\htdocs\codi\system\BaseModel.php(557): CodeIgniter\Model->doFind(false, NULL)
#6 C:\xampp\htdocs\codi\app\Controllers\DesenhistaPost.php(1161): CodeIgniter\BaseModel->find()
#7 C:\xampp\htdocs\codi\system\CodeIgniter.php(934): App\Controllers\DesenhistaPost->desenho_tag_lista()
#8 C:\xampp\htdocs\codi\system\CodeIgniter.php(499): CodeIgniter\CodeIgniter->runController(Object(App\Controllers\DesenhistaPost))
#9 C:\xampp\htdocs\codi\system\CodeIgniter.php(368): CodeIgniter\CodeIgniter->handleRequest(NULL, Object(Config\Cache), false)
#10 C:\xampp\htdocs\codi\public\index.php(67): CodeIgniter\CodeIgniter->run()
#11 {main}
CRITICAL - 2023-10-26 21:53:23 --> Table 'wl.tag' doesn't exist
in SYSTEMPATH\Database\MySQLi\Connection.php on line 295.
 1 SYSTEMPATH\Database\MySQLi\Connection.php(295): mysqli->query('SELECT *
FROM `tag`', 0)
 2 SYSTEMPATH\Database\BaseConnection.php(692): CodeIgniter\Database\MySQLi\Connection->execute('SELECT *
FROM `tag`')
 3 SYSTEMPATH\Database\BaseConnection.php(606): CodeIgniter\Database\BaseConnection->simpleQuery('SELECT *
FROM `tag`')
 4 SYSTEMPATH\Database\BaseBuilder.php(1616): CodeIgniter\Database\BaseConnection->query('SELECT *
FROM `tag`', [], false)
 5 SYSTEMPATH\Model.php(203): CodeIgniter\Database\BaseBuilder->get()
 6 SYSTEMPATH\BaseModel.php(557): CodeIgniter\Model->doFind(false, null)
 7 APPPATH\Controllers\DesenhistaPost.php(1161): CodeIgniter\BaseModel->find()
 8 SYSTEMPATH\CodeIgniter.php(934): App\Controllers\DesenhistaPost->desenho_tag_lista()
 9 SYSTEMPATH\CodeIgniter.php(499): CodeIgniter\CodeIgniter->runController(Object(App\Controllers\DesenhistaPost))
10 SYSTEMPATH\CodeIgniter.php(368): CodeIgniter\CodeIgniter->handleRequest(null, Object(Config\Cache), false)
11 FCPATH\index.php(67): CodeIgniter\CodeIgniter->run()
ERROR - 2023-10-26 21:53:23 --> mysqli_sql_exception: Table 'wl.tag' doesn't exist in C:\xampp\htdocs\codi\system\Database\MySQLi\Connection.php:295
Stack trace:
#0 C:\xampp\htdocs\codi\system\Database\MySQLi\Connection.php(295): mysqli->query('SELECT *\nFROM `...', 0)
#1 C:\xampp\htdocs\codi\system\Database\BaseConnection.php(692): CodeIgniter\Database\MySQLi\Connection->execute('SELECT *\nFROM `...')
#2 C:\xampp\htdocs\codi\system\Database\BaseConnection.php(606): CodeIgniter\Database\BaseConnection->simpleQuery('SELECT *\nFROM `...')
#3 C:\xampp\htdocs\codi\system\Database\BaseBuilder.php(1616): CodeIgniter\Database\BaseConnection->query('SELECT *\nFROM `...', Array, false)
#4 C:\xampp\htdocs\codi\system\Model.php(203): CodeIgniter\Database\BaseBuilder->get()
#5 C:\xampp\htdocs\codi\system\BaseModel.php(557): CodeIgniter\Model->doFind(false, NULL)
#6 C:\xampp\htdocs\codi\app\Controllers\DesenhistaPost.php(1161): CodeIgniter\BaseModel->find()
#7 C:\xampp\htdocs\codi\system\CodeIgniter.php(934): App\Controllers\DesenhistaPost->desenho_tag_lista()
#8 C:\xampp\htdocs\codi\system\CodeIgniter.php(499): CodeIgniter\CodeIgniter->runController(Object(App\Controllers\DesenhistaPost))
#9 C:\xampp\htdocs\codi\system\CodeIgniter.php(368): CodeIgniter\CodeIgniter->handleRequest(NULL, Object(Config\Cache), false)
#10 C:\xampp\htdocs\codi\public\index.php(67): CodeIgniter\CodeIgniter->run()
#11 {main}
CRITICAL - 2023-10-26 21:53:23 --> Table 'wl.tag' doesn't exist
in SYSTEMPATH\Database\MySQLi\Connection.php on line 295.
 1 SYSTEMPATH\Database\MySQLi\Connection.php(295): mysqli->query('SELECT *
FROM `tag`', 0)
 2 SYSTEMPATH\Database\BaseConnection.php(692): CodeIgniter\Database\MySQLi\Connection->execute('SELECT *
FROM `tag`')
 3 SYSTEMPATH\Database\BaseConnection.php(606): CodeIgniter\Database\BaseConnection->simpleQuery('SELECT *
FROM `tag`')
 4 SYSTEMPATH\Database\BaseBuilder.php(1616): CodeIgniter\Database\BaseConnection->query('SELECT *
FROM `tag`', [], false)
 5 SYSTEMPATH\Model.php(203): CodeIgniter\Database\BaseBuilder->get()
 6 SYSTEMPATH\BaseModel.php(557): CodeIgniter\Model->doFind(false, null)
 7 APPPATH\Controllers\DesenhistaPost.php(1161): CodeIgniter\BaseModel->find()
 8 SYSTEMPATH\CodeIgniter.php(934): App\Controllers\DesenhistaPost->desenho_tag_lista()
 9 SYSTEMPATH\CodeIgniter.php(499): CodeIgniter\CodeIgniter->runController(Object(App\Controllers\DesenhistaPost))
10 SYSTEMPATH\CodeIgniter.php(368): CodeIgniter\CodeIgniter->handleRequest(null, Object(Config\Cache), false)
11 FCPATH\index.php(67): CodeIgniter\CodeIgniter->run()
ERROR - 2023-10-26 21:53:24 --> mysqli_sql_exception: Table 'wl.tag' doesn't exist in C:\xampp\htdocs\codi\system\Database\MySQLi\Connection.php:295
Stack trace:
#0 C:\xampp\htdocs\codi\system\Database\MySQLi\Connection.php(295): mysqli->query('SELECT *\nFROM `...', 0)
#1 C:\xampp\htdocs\codi\system\Database\BaseConnection.php(692): CodeIgniter\Database\MySQLi\Connection->execute('SELECT *\nFROM `...')
#2 C:\xampp\htdocs\codi\system\Database\BaseConnection.php(606): CodeIgniter\Database\BaseConnection->simpleQuery('SELECT *\nFROM `...')
#3 C:\xampp\htdocs\codi\system\Database\BaseBuilder.php(1616): CodeIgniter\Database\BaseConnection->query('SELECT *\nFROM `...', Array, false)
#4 C:\xampp\htdocs\codi\system\Model.php(203): CodeIgniter\Database\BaseBuilder->get()
#5 C:\xampp\htdocs\codi\system\BaseModel.php(557): CodeIgniter\Model->doFind(false, NULL)
#6 C:\xampp\htdocs\codi\app\Controllers\DesenhistaPost.php(1161): CodeIgniter\BaseModel->find()
#7 C:\xampp\htdocs\codi\system\CodeIgniter.php(934): App\Controllers\DesenhistaPost->desenho_tag_lista()
#8 C:\xampp\htdocs\codi\system\CodeIgniter.php(499): CodeIgniter\CodeIgniter->runController(Object(App\Controllers\DesenhistaPost))
#9 C:\xampp\htdocs\codi\system\CodeIgniter.php(368): CodeIgniter\CodeIgniter->handleRequest(NULL, Object(Config\Cache), false)
#10 C:\xampp\htdocs\codi\public\index.php(67): CodeIgniter\CodeIgniter->run()
#11 {main}
CRITICAL - 2023-10-26 21:53:24 --> Table 'wl.tag' doesn't exist
in SYSTEMPATH\Database\MySQLi\Connection.php on line 295.
 1 SYSTEMPATH\Database\MySQLi\Connection.php(295): mysqli->query('SELECT *
FROM `tag`', 0)
 2 SYSTEMPATH\Database\BaseConnection.php(692): CodeIgniter\Database\MySQLi\Connection->execute('SELECT *
FROM `tag`')
 3 SYSTEMPATH\Database\BaseConnection.php(606): CodeIgniter\Database\BaseConnection->simpleQuery('SELECT *
FROM `tag`')
 4 SYSTEMPATH\Database\BaseBuilder.php(1616): CodeIgniter\Database\BaseConnection->query('SELECT *
FROM `tag`', [], false)
 5 SYSTEMPATH\Model.php(203): CodeIgniter\Database\BaseBuilder->get()
 6 SYSTEMPATH\BaseModel.php(557): CodeIgniter\Model->doFind(false, null)
 7 APPPATH\Controllers\DesenhistaPost.php(1161): CodeIgniter\BaseModel->find()
 8 SYSTEMPATH\CodeIgniter.php(934): App\Controllers\DesenhistaPost->desenho_tag_lista()
 9 SYSTEMPATH\CodeIgniter.php(499): CodeIgniter\CodeIgniter->runController(Object(App\Controllers\DesenhistaPost))
10 SYSTEMPATH\CodeIgniter.php(368): CodeIgniter\CodeIgniter->handleRequest(null, Object(Config\Cache), false)
11 FCPATH\index.php(67): CodeIgniter\CodeIgniter->run()
ERROR - 2023-10-26 21:53:24 --> mysqli_sql_exception: Table 'wl.tag' doesn't exist in C:\xampp\htdocs\codi\system\Database\MySQLi\Connection.php:295
Stack trace:
#0 C:\xampp\htdocs\codi\system\Database\MySQLi\Connection.php(295): mysqli->query('SELECT *\nFROM `...', 0)
#1 C:\xampp\htdocs\codi\system\Database\BaseConnection.php(692): CodeIgniter\Database\MySQLi\Connection->execute('SELECT *\nFROM `...')
#2 C:\xampp\htdocs\codi\system\Database\BaseConnection.php(606): CodeIgniter\Database\BaseConnection->simpleQuery('SELECT *\nFROM `...')
#3 C:\xampp\htdocs\codi\system\Database\BaseBuilder.php(1616): CodeIgniter\Database\BaseConnection->query('SELECT *\nFROM `...', Array, false)
#4 C:\xampp\htdocs\codi\system\Model.php(203): CodeIgniter\Database\BaseBuilder->get()
#5 C:\xampp\htdocs\codi\system\BaseModel.php(557): CodeIgniter\Model->doFind(false, NULL)
#6 C:\xampp\htdocs\codi\app\Controllers\DesenhistaPost.php(1161): CodeIgniter\BaseModel->find()
#7 C:\xampp\htdocs\codi\system\CodeIgniter.php(934): App\Controllers\DesenhistaPost->desenho_tag_lista()
#8 C:\xampp\htdocs\codi\system\CodeIgniter.php(499): CodeIgniter\CodeIgniter->runController(Object(App\Controllers\DesenhistaPost))
#9 C:\xampp\htdocs\codi\system\CodeIgniter.php(368): CodeIgniter\CodeIgniter->handleRequest(NULL, Object(Config\Cache), false)
#10 C:\xampp\htdocs\codi\public\index.php(67): CodeIgniter\CodeIgniter->run()
#11 {main}
CRITICAL - 2023-10-26 21:53:24 --> Table 'wl.tag' doesn't exist
in SYSTEMPATH\Database\MySQLi\Connection.php on line 295.
 1 SYSTEMPATH\Database\MySQLi\Connection.php(295): mysqli->query('SELECT *
FROM `tag`', 0)
 2 SYSTEMPATH\Database\BaseConnection.php(692): CodeIgniter\Database\MySQLi\Connection->execute('SELECT *
FROM `tag`')
 3 SYSTEMPATH\Database\BaseConnection.php(606): CodeIgniter\Database\BaseConnection->simpleQuery('SELECT *
FROM `tag`')
 4 SYSTEMPATH\Database\BaseBuilder.php(1616): CodeIgniter\Database\BaseConnection->query('SELECT *
FROM `tag`', [], false)
 5 SYSTEMPATH\Model.php(203): CodeIgniter\Database\BaseBuilder->get()
 6 SYSTEMPATH\BaseModel.php(557): CodeIgniter\Model->doFind(false, null)
 7 APPPATH\Controllers\DesenhistaPost.php(1161): CodeIgniter\BaseModel->find()
 8 SYSTEMPATH\CodeIgniter.php(934): App\Controllers\DesenhistaPost->desenho_tag_lista()
 9 SYSTEMPATH\CodeIgniter.php(499): CodeIgniter\CodeIgniter->runController(Object(App\Controllers\DesenhistaPost))
10 SYSTEMPATH\CodeIgniter.php(368): CodeIgniter\CodeIgniter->handleRequest(null, Object(Config\Cache), false)
11 FCPATH\index.php(67): CodeIgniter\CodeIgniter->run()
ERROR - 2023-10-26 21:53:25 --> mysqli_sql_exception: Table 'wl.tag' doesn't exist in C:\xampp\htdocs\codi\system\Database\MySQLi\Connection.php:295
Stack trace:
#0 C:\xampp\htdocs\codi\system\Database\MySQLi\Connection.php(295): mysqli->query('SELECT *\nFROM `...', 0)
#1 C:\xampp\htdocs\codi\system\Database\BaseConnection.php(692): CodeIgniter\Database\MySQLi\Connection->execute('SELECT *\nFROM `...')
#2 C:\xampp\htdocs\codi\system\Database\BaseConnection.php(606): CodeIgniter\Database\BaseConnection->simpleQuery('SELECT *\nFROM `...')
#3 C:\xampp\htdocs\codi\system\Database\BaseBuilder.php(1616): CodeIgniter\Database\BaseConnection->query('SELECT *\nFROM `...', Array, false)
#4 C:\xampp\htdocs\codi\system\Model.php(203): CodeIgniter\Database\BaseBuilder->get()
#5 C:\xampp\htdocs\codi\system\BaseModel.php(557): CodeIgniter\Model->doFind(false, NULL)
#6 C:\xampp\htdocs\codi\app\Controllers\DesenhistaPost.php(1161): CodeIgniter\BaseModel->find()
#7 C:\xampp\htdocs\codi\system\CodeIgniter.php(934): App\Controllers\DesenhistaPost->desenho_tag_lista()
#8 C:\xampp\htdocs\codi\system\CodeIgniter.php(499): CodeIgniter\CodeIgniter->runController(Object(App\Controllers\DesenhistaPost))
#9 C:\xampp\htdocs\codi\system\CodeIgniter.php(368): CodeIgniter\CodeIgniter->handleRequest(NULL, Object(Config\Cache), false)
#10 C:\xampp\htdocs\codi\public\index.php(67): CodeIgniter\CodeIgniter->run()
#11 {main}
CRITICAL - 2023-10-26 21:53:25 --> Table 'wl.tag' doesn't exist
in SYSTEMPATH\Database\MySQLi\Connection.php on line 295.
 1 SYSTEMPATH\Database\MySQLi\Connection.php(295): mysqli->query('SELECT *
FROM `tag`', 0)
 2 SYSTEMPATH\Database\BaseConnection.php(692): CodeIgniter\Database\MySQLi\Connection->execute('SELECT *
FROM `tag`')
 3 SYSTEMPATH\Database\BaseConnection.php(606): CodeIgniter\Database\BaseConnection->simpleQuery('SELECT *
FROM `tag`')
 4 SYSTEMPATH\Database\BaseBuilder.php(1616): CodeIgniter\Database\BaseConnection->query('SELECT *
FROM `tag`', [], false)
 5 SYSTEMPATH\Model.php(203): CodeIgniter\Database\BaseBuilder->get()
 6 SYSTEMPATH\BaseModel.php(557): CodeIgniter\Model->doFind(false, null)
 7 APPPATH\Controllers\DesenhistaPost.php(1161): CodeIgniter\BaseModel->find()
 8 SYSTEMPATH\CodeIgniter.php(934): App\Controllers\DesenhistaPost->desenho_tag_lista()
 9 SYSTEMPATH\CodeIgniter.php(499): CodeIgniter\CodeIgniter->runController(Object(App\Controllers\DesenhistaPost))
10 SYSTEMPATH\CodeIgniter.php(368): CodeIgniter\CodeIgniter->handleRequest(null, Object(Config\Cache), false)
11 FCPATH\index.php(67): CodeIgniter\CodeIgniter->run()
ERROR - 2023-10-26 21:53:25 --> mysqli_sql_exception: Table 'wl.tag' doesn't exist in C:\xampp\htdocs\codi\system\Database\MySQLi\Connection.php:295
Stack trace:
#0 C:\xampp\htdocs\codi\system\Database\MySQLi\Connection.php(295): mysqli->query('SELECT *\nFROM `...', 0)
#1 C:\xampp\htdocs\codi\system\Database\BaseConnection.php(692): CodeIgniter\Database\MySQLi\Connection->execute('SELECT *\nFROM `...')
#2 C:\xampp\htdocs\codi\system\Database\BaseConnection.php(606): CodeIgniter\Database\BaseConnection->simpleQuery('SELECT *\nFROM `...')
#3 C:\xampp\htdocs\codi\system\Database\BaseBuilder.php(1616): CodeIgniter\Database\BaseConnection->query('SELECT *\nFROM `...', Array, false)
#4 C:\xampp\htdocs\codi\system\Model.php(203): CodeIgniter\Database\BaseBuilder->get()
#5 C:\xampp\htdocs\codi\system\BaseModel.php(557): CodeIgniter\Model->doFind(false, NULL)
#6 C:\xampp\htdocs\codi\app\Controllers\DesenhistaPost.php(1161): CodeIgniter\BaseModel->find()
#7 C:\xampp\htdocs\codi\system\CodeIgniter.php(934): App\Controllers\DesenhistaPost->desenho_tag_lista()
#8 C:\xampp\htdocs\codi\system\CodeIgniter.php(499): CodeIgniter\CodeIgniter->runController(Object(App\Controllers\DesenhistaPost))
#9 C:\xampp\htdocs\codi\system\CodeIgniter.php(368): CodeIgniter\CodeIgniter->handleRequest(NULL, Object(Config\Cache), false)
#10 C:\xampp\htdocs\codi\public\index.php(67): CodeIgniter\CodeIgniter->run()
#11 {main}
CRITICAL - 2023-10-26 21:53:25 --> Table 'wl.tag' doesn't exist
in SYSTEMPATH\Database\MySQLi\Connection.php on line 295.
 1 SYSTEMPATH\Database\MySQLi\Connection.php(295): mysqli->query('SELECT *
FROM `tag`', 0)
 2 SYSTEMPATH\Database\BaseConnection.php(692): CodeIgniter\Database\MySQLi\Connection->execute('SELECT *
FROM `tag`')
 3 SYSTEMPATH\Database\BaseConnection.php(606): CodeIgniter\Database\BaseConnection->simpleQuery('SELECT *
FROM `tag`')
 4 SYSTEMPATH\Database\BaseBuilder.php(1616): CodeIgniter\Database\BaseConnection->query('SELECT *
FROM `tag`', [], false)
 5 SYSTEMPATH\Model.php(203): CodeIgniter\Database\BaseBuilder->get()
 6 SYSTEMPATH\BaseModel.php(557): CodeIgniter\Model->doFind(false, null)
 7 APPPATH\Controllers\DesenhistaPost.php(1161): CodeIgniter\BaseModel->find()
 8 SYSTEMPATH\CodeIgniter.php(934): App\Controllers\DesenhistaPost->desenho_tag_lista()
 9 SYSTEMPATH\CodeIgniter.php(499): CodeIgniter\CodeIgniter->runController(Object(App\Controllers\DesenhistaPost))
10 SYSTEMPATH\CodeIgniter.php(368): CodeIgniter\CodeIgniter->handleRequest(null, Object(Config\Cache), false)
11 FCPATH\index.php(67): CodeIgniter\CodeIgniter->run()
ERROR - 2023-10-26 21:53:26 --> mysqli_sql_exception: Table 'wl.tag' doesn't exist in C:\xampp\htdocs\codi\system\Database\MySQLi\Connection.php:295
Stack trace:
#0 C:\xampp\htdocs\codi\system\Database\MySQLi\Connection.php(295): mysqli->query('SELECT *\nFROM `...', 0)
#1 C:\xampp\htdocs\codi\system\Database\BaseConnection.php(692): CodeIgniter\Database\MySQLi\Connection->execute('SELECT *\nFROM `...')
#2 C:\xampp\htdocs\codi\system\Database\BaseConnection.php(606): CodeIgniter\Database\BaseConnection->simpleQuery('SELECT *\nFROM `...')
#3 C:\xampp\htdocs\codi\system\Database\BaseBuilder.php(1616): CodeIgniter\Database\BaseConnection->query('SELECT *\nFROM `...', Array, false)
#4 C:\xampp\htdocs\codi\system\Model.php(203): CodeIgniter\Database\BaseBuilder->get()
#5 C:\xampp\htdocs\codi\system\BaseModel.php(557): CodeIgniter\Model->doFind(false, NULL)
#6 C:\xampp\htdocs\codi\app\Controllers\DesenhistaPost.php(1161): CodeIgniter\BaseModel->find()
#7 C:\xampp\htdocs\codi\system\CodeIgniter.php(934): App\Controllers\DesenhistaPost->desenho_tag_lista()
#8 C:\xampp\htdocs\codi\system\CodeIgniter.php(499): CodeIgniter\CodeIgniter->runController(Object(App\Controllers\DesenhistaPost))
#9 C:\xampp\htdocs\codi\system\CodeIgniter.php(368): CodeIgniter\CodeIgniter->handleRequest(NULL, Object(Config\Cache), false)
#10 C:\xampp\htdocs\codi\public\index.php(67): CodeIgniter\CodeIgniter->run()
#11 {main}
CRITICAL - 2023-10-26 21:53:26 --> Table 'wl.tag' doesn't exist
in SYSTEMPATH\Database\MySQLi\Connection.php on line 295.
 1 SYSTEMPATH\Database\MySQLi\Connection.php(295): mysqli->query('SELECT *
FROM `tag`', 0)
 2 SYSTEMPATH\Database\BaseConnection.php(692): CodeIgniter\Database\MySQLi\Connection->execute('SELECT *
FROM `tag`')
 3 SYSTEMPATH\Database\BaseConnection.php(606): CodeIgniter\Database\BaseConnection->simpleQuery('SELECT *
FROM `tag`')
 4 SYSTEMPATH\Database\BaseBuilder.php(1616): CodeIgniter\Database\BaseConnection->query('SELECT *
FROM `tag`', [], false)
 5 SYSTEMPATH\Model.php(203): CodeIgniter\Database\BaseBuilder->get()
 6 SYSTEMPATH\BaseModel.php(557): CodeIgniter\Model->doFind(false, null)
 7 APPPATH\Controllers\DesenhistaPost.php(1161): CodeIgniter\BaseModel->find()
 8 SYSTEMPATH\CodeIgniter.php(934): App\Controllers\DesenhistaPost->desenho_tag_lista()
 9 SYSTEMPATH\CodeIgniter.php(499): CodeIgniter\CodeIgniter->runController(Object(App\Controllers\DesenhistaPost))
10 SYSTEMPATH\CodeIgniter.php(368): CodeIgniter\CodeIgniter->handleRequest(null, Object(Config\Cache), false)
11 FCPATH\index.php(67): CodeIgniter\CodeIgniter->run()
ERROR - 2023-10-26 21:53:26 --> mysqli_sql_exception: Table 'wl.tag' doesn't exist in C:\xampp\htdocs\codi\system\Database\MySQLi\Connection.php:295
Stack trace:
#0 C:\xampp\htdocs\codi\system\Database\MySQLi\Connection.php(295): mysqli->query('SELECT *\nFROM `...', 0)
#1 C:\xampp\htdocs\codi\system\Database\BaseConnection.php(692): CodeIgniter\Database\MySQLi\Connection->execute('SELECT *\nFROM `...')
#2 C:\xampp\htdocs\codi\system\Database\BaseConnection.php(606): CodeIgniter\Database\BaseConnection->simpleQuery('SELECT *\nFROM `...')
#3 C:\xampp\htdocs\codi\system\Database\BaseBuilder.php(1616): CodeIgniter\Database\BaseConnection->query('SELECT *\nFROM `...', Array, false)
#4 C:\xampp\htdocs\codi\system\Model.php(203): CodeIgniter\Database\BaseBuilder->get()
#5 C:\xampp\htdocs\codi\system\BaseModel.php(557): CodeIgniter\Model->doFind(false, NULL)
#6 C:\xampp\htdocs\codi\app\Controllers\DesenhistaPost.php(1161): CodeIgniter\BaseModel->find()
#7 C:\xampp\htdocs\codi\system\CodeIgniter.php(934): App\Controllers\DesenhistaPost->desenho_tag_lista()
#8 C:\xampp\htdocs\codi\system\CodeIgniter.php(499): CodeIgniter\CodeIgniter->runController(Object(App\Controllers\DesenhistaPost))
#9 C:\xampp\htdocs\codi\system\CodeIgniter.php(368): CodeIgniter\CodeIgniter->handleRequest(NULL, Object(Config\Cache), false)
#10 C:\xampp\htdocs\codi\public\index.php(67): CodeIgniter\CodeIgniter->run()
#11 {main}
CRITICAL - 2023-10-26 21:53:26 --> Table 'wl.tag' doesn't exist
in SYSTEMPATH\Database\MySQLi\Connection.php on line 295.
 1 SYSTEMPATH\Database\MySQLi\Connection.php(295): mysqli->query('SELECT *
FROM `tag`', 0)
 2 SYSTEMPATH\Database\BaseConnection.php(692): CodeIgniter\Database\MySQLi\Connection->execute('SELECT *
FROM `tag`')
 3 SYSTEMPATH\Database\BaseConnection.php(606): CodeIgniter\Database\BaseConnection->simpleQuery('SELECT *
FROM `tag`')
 4 SYSTEMPATH\Database\BaseBuilder.php(1616): CodeIgniter\Database\BaseConnection->query('SELECT *
FROM `tag`', [], false)
 5 SYSTEMPATH\Model.php(203): CodeIgniter\Database\BaseBuilder->get()
 6 SYSTEMPATH\BaseModel.php(557): CodeIgniter\Model->doFind(false, null)
 7 APPPATH\Controllers\DesenhistaPost.php(1161): CodeIgniter\BaseModel->find()
 8 SYSTEMPATH\CodeIgniter.php(934): App\Controllers\DesenhistaPost->desenho_tag_lista()
 9 SYSTEMPATH\CodeIgniter.php(499): CodeIgniter\CodeIgniter->runController(Object(App\Controllers\DesenhistaPost))
10 SYSTEMPATH\CodeIgniter.php(368): CodeIgniter\CodeIgniter->handleRequest(null, Object(Config\Cache), false)
11 FCPATH\index.php(67): CodeIgniter\CodeIgniter->run()
ERROR - 2023-10-26 21:53:27 --> mysqli_sql_exception: Table 'wl.tag' doesn't exist in C:\xampp\htdocs\codi\system\Database\MySQLi\Connection.php:295
Stack trace:
#0 C:\xampp\htdocs\codi\system\Database\MySQLi\Connection.php(295): mysqli->query('SELECT *\nFROM `...', 0)
#1 C:\xampp\htdocs\codi\system\Database\BaseConnection.php(692): CodeIgniter\Database\MySQLi\Connection->execute('SELECT *\nFROM `...')
#2 C:\xampp\htdocs\codi\system\Database\BaseConnection.php(606): CodeIgniter\Database\BaseConnection->simpleQuery('SELECT *\nFROM `...')
#3 C:\xampp\htdocs\codi\system\Database\BaseBuilder.php(1616): CodeIgniter\Database\BaseConnection->query('SELECT *\nFROM `...', Array, false)
#4 C:\xampp\htdocs\codi\system\Model.php(203): CodeIgniter\Database\BaseBuilder->get()
#5 C:\xampp\htdocs\codi\system\BaseModel.php(557): CodeIgniter\Model->doFind(false, NULL)
#6 C:\xampp\htdocs\codi\app\Controllers\DesenhistaPost.php(1161): CodeIgniter\BaseModel->find()
#7 C:\xampp\htdocs\codi\system\CodeIgniter.php(934): App\Controllers\DesenhistaPost->desenho_tag_lista()
#8 C:\xampp\htdocs\codi\system\CodeIgniter.php(499): CodeIgniter\CodeIgniter->runController(Object(App\Controllers\DesenhistaPost))
#9 C:\xampp\htdocs\codi\system\CodeIgniter.php(368): CodeIgniter\CodeIgniter->handleRequest(NULL, Object(Config\Cache), false)
#10 C:\xampp\htdocs\codi\public\index.php(67): CodeIgniter\CodeIgniter->run()
#11 {main}
CRITICAL - 2023-10-26 21:53:27 --> Table 'wl.tag' doesn't exist
in SYSTEMPATH\Database\MySQLi\Connection.php on line 295.
 1 SYSTEMPATH\Database\MySQLi\Connection.php(295): mysqli->query('SELECT *
FROM `tag`', 0)
 2 SYSTEMPATH\Database\BaseConnection.php(692): CodeIgniter\Database\MySQLi\Connection->execute('SELECT *
FROM `tag`')
 3 SYSTEMPATH\Database\BaseConnection.php(606): CodeIgniter\Database\BaseConnection->simpleQuery('SELECT *
FROM `tag`')
 4 SYSTEMPATH\Database\BaseBuilder.php(1616): CodeIgniter\Database\BaseConnection->query('SELECT *
FROM `tag`', [], false)
 5 SYSTEMPATH\Model.php(203): CodeIgniter\Database\BaseBuilder->get()
 6 SYSTEMPATH\BaseModel.php(557): CodeIgniter\Model->doFind(false, null)
 7 APPPATH\Controllers\DesenhistaPost.php(1161): CodeIgniter\BaseModel->find()
 8 SYSTEMPATH\CodeIgniter.php(934): App\Controllers\DesenhistaPost->desenho_tag_lista()
 9 SYSTEMPATH\CodeIgniter.php(499): CodeIgniter\CodeIgniter->runController(Object(App\Controllers\DesenhistaPost))
10 SYSTEMPATH\CodeIgniter.php(368): CodeIgniter\CodeIgniter->handleRequest(null, Object(Config\Cache), false)
11 FCPATH\index.php(67): CodeIgniter\CodeIgniter->run()
ERROR - 2023-10-26 21:53:27 --> mysqli_sql_exception: Table 'wl.tag' doesn't exist in C:\xampp\htdocs\codi\system\Database\MySQLi\Connection.php:295
Stack trace:
#0 C:\xampp\htdocs\codi\system\Database\MySQLi\Connection.php(295): mysqli->query('SELECT *\nFROM `...', 0)
#1 C:\xampp\htdocs\codi\system\Database\BaseConnection.php(692): CodeIgniter\Database\MySQLi\Connection->execute('SELECT *\nFROM `...')
#2 C:\xampp\htdocs\codi\system\Database\BaseConnection.php(606): CodeIgniter\Database\BaseConnection->simpleQuery('SELECT *\nFROM `...')
#3 C:\xampp\htdocs\codi\system\Database\BaseBuilder.php(1616): CodeIgniter\Database\BaseConnection->query('SELECT *\nFROM `...', Array, false)
#4 C:\xampp\htdocs\codi\system\Model.php(203): CodeIgniter\Database\BaseBuilder->get()
#5 C:\xampp\htdocs\codi\system\BaseModel.php(557): CodeIgniter\Model->doFind(false, NULL)
#6 C:\xampp\htdocs\codi\app\Controllers\DesenhistaPost.php(1161): CodeIgniter\BaseModel->find()
#7 C:\xampp\htdocs\codi\system\CodeIgniter.php(934): App\Controllers\DesenhistaPost->desenho_tag_lista()
#8 C:\xampp\htdocs\codi\system\CodeIgniter.php(499): CodeIgniter\CodeIgniter->runController(Object(App\Controllers\DesenhistaPost))
#9 C:\xampp\htdocs\codi\system\CodeIgniter.php(368): CodeIgniter\CodeIgniter->handleRequest(NULL, Object(Config\Cache), false)
#10 C:\xampp\htdocs\codi\public\index.php(67): CodeIgniter\CodeIgniter->run()
#11 {main}
CRITICAL - 2023-10-26 21:53:27 --> Table 'wl.tag' doesn't exist
in SYSTEMPATH\Database\MySQLi\Connection.php on line 295.
 1 SYSTEMPATH\Database\MySQLi\Connection.php(295): mysqli->query('SELECT *
FROM `tag`', 0)
 2 SYSTEMPATH\Database\BaseConnection.php(692): CodeIgniter\Database\MySQLi\Connection->execute('SELECT *
FROM `tag`')
 3 SYSTEMPATH\Database\BaseConnection.php(606): CodeIgniter\Database\BaseConnection->simpleQuery('SELECT *
FROM `tag`')
 4 SYSTEMPATH\Database\BaseBuilder.php(1616): CodeIgniter\Database\BaseConnection->query('SELECT *
FROM `tag`', [], false)
 5 SYSTEMPATH\Model.php(203): CodeIgniter\Database\BaseBuilder->get()
 6 SYSTEMPATH\BaseModel.php(557): CodeIgniter\Model->doFind(false, null)
 7 APPPATH\Controllers\DesenhistaPost.php(1161): CodeIgniter\BaseModel->find()
 8 SYSTEMPATH\CodeIgniter.php(934): App\Controllers\DesenhistaPost->desenho_tag_lista()
 9 SYSTEMPATH\CodeIgniter.php(499): CodeIgniter\CodeIgniter->runController(Object(App\Controllers\DesenhistaPost))
10 SYSTEMPATH\CodeIgniter.php(368): CodeIgniter\CodeIgniter->handleRequest(null, Object(Config\Cache), false)
11 FCPATH\index.php(67): CodeIgniter\CodeIgniter->run()
ERROR - 2023-10-26 21:53:28 --> mysqli_sql_exception: Table 'wl.tag' doesn't exist in C:\xampp\htdocs\codi\system\Database\MySQLi\Connection.php:295
Stack trace:
#0 C:\xampp\htdocs\codi\system\Database\MySQLi\Connection.php(295): mysqli->query('SELECT *\nFROM `...', 0)
#1 C:\xampp\htdocs\codi\system\Database\BaseConnection.php(692): CodeIgniter\Database\MySQLi\Connection->execute('SELECT *\nFROM `...')
#2 C:\xampp\htdocs\codi\system\Database\BaseConnection.php(606): CodeIgniter\Database\BaseConnection->simpleQuery('SELECT *\nFROM `...')
#3 C:\xampp\htdocs\codi\system\Database\BaseBuilder.php(1616): CodeIgniter\Database\BaseConnection->query('SELECT *\nFROM `...', Array, false)
#4 C:\xampp\htdocs\codi\system\Model.php(203): CodeIgniter\Database\BaseBuilder->get()
#5 C:\xampp\htdocs\codi\system\BaseModel.php(557): CodeIgniter\Model->doFind(false, NULL)
#6 C:\xampp\htdocs\codi\app\Controllers\DesenhistaPost.php(1161): CodeIgniter\BaseModel->find()
#7 C:\xampp\htdocs\codi\system\CodeIgniter.php(934): App\Controllers\DesenhistaPost->desenho_tag_lista()
#8 C:\xampp\htdocs\codi\system\CodeIgniter.php(499): CodeIgniter\CodeIgniter->runController(Object(App\Controllers\DesenhistaPost))
#9 C:\xampp\htdocs\codi\system\CodeIgniter.php(368): CodeIgniter\CodeIgniter->handleRequest(NULL, Object(Config\Cache), false)
#10 C:\xampp\htdocs\codi\public\index.php(67): CodeIgniter\CodeIgniter->run()
#11 {main}
CRITICAL - 2023-10-26 21:53:28 --> Table 'wl.tag' doesn't exist
in SYSTEMPATH\Database\MySQLi\Connection.php on line 295.
 1 SYSTEMPATH\Database\MySQLi\Connection.php(295): mysqli->query('SELECT *
FROM `tag`', 0)
 2 SYSTEMPATH\Database\BaseConnection.php(692): CodeIgniter\Database\MySQLi\Connection->execute('SELECT *
FROM `tag`')
 3 SYSTEMPATH\Database\BaseConnection.php(606): CodeIgniter\Database\BaseConnection->simpleQuery('SELECT *
FROM `tag`')
 4 SYSTEMPATH\Database\BaseBuilder.php(1616): CodeIgniter\Database\BaseConnection->query('SELECT *
FROM `tag`', [], false)
 5 SYSTEMPATH\Model.php(203): CodeIgniter\Database\BaseBuilder->get()
 6 SYSTEMPATH\BaseModel.php(557): CodeIgniter\Model->doFind(false, null)
 7 APPPATH\Controllers\DesenhistaPost.php(1161): CodeIgniter\BaseModel->find()
 8 SYSTEMPATH\CodeIgniter.php(934): App\Controllers\DesenhistaPost->desenho_tag_lista()
 9 SYSTEMPATH\CodeIgniter.php(499): CodeIgniter\CodeIgniter->runController(Object(App\Controllers\DesenhistaPost))
10 SYSTEMPATH\CodeIgniter.php(368): CodeIgniter\CodeIgniter->handleRequest(null, Object(Config\Cache), false)
11 FCPATH\index.php(67): CodeIgniter\CodeIgniter->run()
ERROR - 2023-10-26 21:53:28 --> mysqli_sql_exception: Table 'wl.tag' doesn't exist in C:\xampp\htdocs\codi\system\Database\MySQLi\Connection.php:295
Stack trace:
#0 C:\xampp\htdocs\codi\system\Database\MySQLi\Connection.php(295): mysqli->query('SELECT *\nFROM `...', 0)
#1 C:\xampp\htdocs\codi\system\Database\BaseConnection.php(692): CodeIgniter\Database\MySQLi\Connection->execute('SELECT *\nFROM `...')
#2 C:\xampp\htdocs\codi\system\Database\BaseConnection.php(606): CodeIgniter\Database\BaseConnection->simpleQuery('SELECT *\nFROM `...')
#3 C:\xampp\htdocs\codi\system\Database\BaseBuilder.php(1616): CodeIgniter\Database\BaseConnection->query('SELECT *\nFROM `...', Array, false)
#4 C:\xampp\htdocs\codi\system\Model.php(203): CodeIgniter\Database\BaseBuilder->get()
#5 C:\xampp\htdocs\codi\system\BaseModel.php(557): CodeIgniter\Model->doFind(false, NULL)
#6 C:\xampp\htdocs\codi\app\Controllers\DesenhistaPost.php(1161): CodeIgniter\BaseModel->find()
#7 C:\xampp\htdocs\codi\system\CodeIgniter.php(934): App\Controllers\DesenhistaPost->desenho_tag_lista()
#8 C:\xampp\htdocs\codi\system\CodeIgniter.php(499): CodeIgniter\CodeIgniter->runController(Object(App\Controllers\DesenhistaPost))
#9 C:\xampp\htdocs\codi\system\CodeIgniter.php(368): CodeIgniter\CodeIgniter->handleRequest(NULL, Object(Config\Cache), false)
#10 C:\xampp\htdocs\codi\public\index.php(67): CodeIgniter\CodeIgniter->run()
#11 {main}
CRITICAL - 2023-10-26 21:53:28 --> Table 'wl.tag' doesn't exist
in SYSTEMPATH\Database\MySQLi\Connection.php on line 295.
 1 SYSTEMPATH\Database\MySQLi\Connection.php(295): mysqli->query('SELECT *
FROM `tag`', 0)
 2 SYSTEMPATH\Database\BaseConnection.php(692): CodeIgniter\Database\MySQLi\Connection->execute('SELECT *
FROM `tag`')
 3 SYSTEMPATH\Database\BaseConnection.php(606): CodeIgniter\Database\BaseConnection->simpleQuery('SELECT *
FROM `tag`')
 4 SYSTEMPATH\Database\BaseBuilder.php(1616): CodeIgniter\Database\BaseConnection->query('SELECT *
FROM `tag`', [], false)
 5 SYSTEMPATH\Model.php(203): CodeIgniter\Database\BaseBuilder->get()
 6 SYSTEMPATH\BaseModel.php(557): CodeIgniter\Model->doFind(false, null)
 7 APPPATH\Controllers\DesenhistaPost.php(1161): CodeIgniter\BaseModel->find()
 8 SYSTEMPATH\CodeIgniter.php(934): App\Controllers\DesenhistaPost->desenho_tag_lista()
 9 SYSTEMPATH\CodeIgniter.php(499): CodeIgniter\CodeIgniter->runController(Object(App\Controllers\DesenhistaPost))
10 SYSTEMPATH\CodeIgniter.php(368): CodeIgniter\CodeIgniter->handleRequest(null, Object(Config\Cache), false)
11 FCPATH\index.php(67): CodeIgniter\CodeIgniter->run()
ERROR - 2023-10-26 21:53:29 --> mysqli_sql_exception: Table 'wl.tag' doesn't exist in C:\xampp\htdocs\codi\system\Database\MySQLi\Connection.php:295
Stack trace:
#0 C:\xampp\htdocs\codi\system\Database\MySQLi\Connection.php(295): mysqli->query('SELECT *\nFROM `...', 0)
#1 C:\xampp\htdocs\codi\system\Database\BaseConnection.php(692): CodeIgniter\Database\MySQLi\Connection->execute('SELECT *\nFROM `...')
#2 C:\xampp\htdocs\codi\system\Database\BaseConnection.php(606): CodeIgniter\Database\BaseConnection->simpleQuery('SELECT *\nFROM `...')
#3 C:\xampp\htdocs\codi\system\Database\BaseBuilder.php(1616): CodeIgniter\Database\BaseConnection->query('SELECT *\nFROM `...', Array, false)
#4 C:\xampp\htdocs\codi\system\Model.php(203): CodeIgniter\Database\BaseBuilder->get()
#5 C:\xampp\htdocs\codi\system\BaseModel.php(557): CodeIgniter\Model->doFind(false, NULL)
#6 C:\xampp\htdocs\codi\app\Controllers\DesenhistaPost.php(1161): CodeIgniter\BaseModel->find()
#7 C:\xampp\htdocs\codi\system\CodeIgniter.php(934): App\Controllers\DesenhistaPost->desenho_tag_lista()
#8 C:\xampp\htdocs\codi\system\CodeIgniter.php(499): CodeIgniter\CodeIgniter->runController(Object(App\Controllers\DesenhistaPost))
#9 C:\xampp\htdocs\codi\system\CodeIgniter.php(368): CodeIgniter\CodeIgniter->handleRequest(NULL, Object(Config\Cache), false)
#10 C:\xampp\htdocs\codi\public\index.php(67): CodeIgniter\CodeIgniter->run()
#11 {main}
CRITICAL - 2023-10-26 21:53:29 --> Table 'wl.tag' doesn't exist
in SYSTEMPATH\Database\MySQLi\Connection.php on line 295.
 1 SYSTEMPATH\Database\MySQLi\Connection.php(295): mysqli->query('SELECT *
FROM `tag`', 0)
 2 SYSTEMPATH\Database\BaseConnection.php(692): CodeIgniter\Database\MySQLi\Connection->execute('SELECT *
FROM `tag`')
 3 SYSTEMPATH\Database\BaseConnection.php(606): CodeIgniter\Database\BaseConnection->simpleQuery('SELECT *
FROM `tag`')
 4 SYSTEMPATH\Database\BaseBuilder.php(1616): CodeIgniter\Database\BaseConnection->query('SELECT *
FROM `tag`', [], false)
 5 SYSTEMPATH\Model.php(203): CodeIgniter\Database\BaseBuilder->get()
 6 SYSTEMPATH\BaseModel.php(557): CodeIgniter\Model->doFind(false, null)
 7 APPPATH\Controllers\DesenhistaPost.php(1161): CodeIgniter\BaseModel->find()
 8 SYSTEMPATH\CodeIgniter.php(934): App\Controllers\DesenhistaPost->desenho_tag_lista()
 9 SYSTEMPATH\CodeIgniter.php(499): CodeIgniter\CodeIgniter->runController(Object(App\Controllers\DesenhistaPost))
10 SYSTEMPATH\CodeIgniter.php(368): CodeIgniter\CodeIgniter->handleRequest(null, Object(Config\Cache), false)
11 FCPATH\index.php(67): CodeIgniter\CodeIgniter->run()
ERROR - 2023-10-26 21:53:29 --> mysqli_sql_exception: Table 'wl.tag' doesn't exist in C:\xampp\htdocs\codi\system\Database\MySQLi\Connection.php:295
Stack trace:
#0 C:\xampp\htdocs\codi\system\Database\MySQLi\Connection.php(295): mysqli->query('SELECT *\nFROM `...', 0)
#1 C:\xampp\htdocs\codi\system\Database\BaseConnection.php(692): CodeIgniter\Database\MySQLi\Connection->execute('SELECT *\nFROM `...')
#2 C:\xampp\htdocs\codi\system\Database\BaseConnection.php(606): CodeIgniter\Database\BaseConnection->simpleQuery('SELECT *\nFROM `...')
#3 C:\xampp\htdocs\codi\system\Database\BaseBuilder.php(1616): CodeIgniter\Database\BaseConnection->query('SELECT *\nFROM `...', Array, false)
#4 C:\xampp\htdocs\codi\system\Model.php(203): CodeIgniter\Database\BaseBuilder->get()
#5 C:\xampp\htdocs\codi\system\BaseModel.php(557): CodeIgniter\Model->doFind(false, NULL)
#6 C:\xampp\htdocs\codi\app\Controllers\DesenhistaPost.php(1161): CodeIgniter\BaseModel->find()
#7 C:\xampp\htdocs\codi\system\CodeIgniter.php(934): App\Controllers\DesenhistaPost->desenho_tag_lista()
#8 C:\xampp\htdocs\codi\system\CodeIgniter.php(499): CodeIgniter\CodeIgniter->runController(Object(App\Controllers\DesenhistaPost))
#9 C:\xampp\htdocs\codi\system\CodeIgniter.php(368): CodeIgniter\CodeIgniter->handleRequest(NULL, Object(Config\Cache), false)
#10 C:\xampp\htdocs\codi\public\index.php(67): CodeIgniter\CodeIgniter->run()
#11 {main}
CRITICAL - 2023-10-26 21:53:29 --> Table 'wl.tag' doesn't exist
in SYSTEMPATH\Database\MySQLi\Connection.php on line 295.
 1 SYSTEMPATH\Database\MySQLi\Connection.php(295): mysqli->query('SELECT *
FROM `tag`', 0)
 2 SYSTEMPATH\Database\BaseConnection.php(692): CodeIgniter\Database\MySQLi\Connection->execute('SELECT *
FROM `tag`')
 3 SYSTEMPATH\Database\BaseConnection.php(606): CodeIgniter\Database\BaseConnection->simpleQuery('SELECT *
FROM `tag`')
 4 SYSTEMPATH\Database\BaseBuilder.php(1616): CodeIgniter\Database\BaseConnection->query('SELECT *
FROM `tag`', [], false)
 5 SYSTEMPATH\Model.php(203): CodeIgniter\Database\BaseBuilder->get()
 6 SYSTEMPATH\BaseModel.php(557): CodeIgniter\Model->doFind(false, null)
 7 APPPATH\Controllers\DesenhistaPost.php(1161): CodeIgniter\BaseModel->find()
 8 SYSTEMPATH\CodeIgniter.php(934): App\Controllers\DesenhistaPost->desenho_tag_lista()
 9 SYSTEMPATH\CodeIgniter.php(499): CodeIgniter\CodeIgniter->runController(Object(App\Controllers\DesenhistaPost))
10 SYSTEMPATH\CodeIgniter.php(368): CodeIgniter\CodeIgniter->handleRequest(null, Object(Config\Cache), false)
11 FCPATH\index.php(67): CodeIgniter\CodeIgniter->run()
ERROR - 2023-10-26 21:53:30 --> mysqli_sql_exception: Table 'wl.tag' doesn't exist in C:\xampp\htdocs\codi\system\Database\MySQLi\Connection.php:295
Stack trace:
#0 C:\xampp\htdocs\codi\system\Database\MySQLi\Connection.php(295): mysqli->query('SELECT *\nFROM `...', 0)
#1 C:\xampp\htdocs\codi\system\Database\BaseConnection.php(692): CodeIgniter\Database\MySQLi\Connection->execute('SELECT *\nFROM `...')
#2 C:\xampp\htdocs\codi\system\Database\BaseConnection.php(606): CodeIgniter\Database\BaseConnection->simpleQuery('SELECT *\nFROM `...')
#3 C:\xampp\htdocs\codi\system\Database\BaseBuilder.php(1616): CodeIgniter\Database\BaseConnection->query('SELECT *\nFROM `...', Array, false)
#4 C:\xampp\htdocs\codi\system\Model.php(203): CodeIgniter\Database\BaseBuilder->get()
#5 C:\xampp\htdocs\codi\system\BaseModel.php(557): CodeIgniter\Model->doFind(false, NULL)
#6 C:\xampp\htdocs\codi\app\Controllers\DesenhistaPost.php(1161): CodeIgniter\BaseModel->find()
#7 C:\xampp\htdocs\codi\system\CodeIgniter.php(934): App\Controllers\DesenhistaPost->desenho_tag_lista()
#8 C:\xampp\htdocs\codi\system\CodeIgniter.php(499): CodeIgniter\CodeIgniter->runController(Object(App\Controllers\DesenhistaPost))
#9 C:\xampp\htdocs\codi\system\CodeIgniter.php(368): CodeIgniter\CodeIgniter->handleRequest(NULL, Object(Config\Cache), false)
#10 C:\xampp\htdocs\codi\public\index.php(67): CodeIgniter\CodeIgniter->run()
#11 {main}
CRITICAL - 2023-10-26 21:53:30 --> Table 'wl.tag' doesn't exist
in SYSTEMPATH\Database\MySQLi\Connection.php on line 295.
 1 SYSTEMPATH\Database\MySQLi\Connection.php(295): mysqli->query('SELECT *
FROM `tag`', 0)
 2 SYSTEMPATH\Database\BaseConnection.php(692): CodeIgniter\Database\MySQLi\Connection->execute('SELECT *
FROM `tag`')
 3 SYSTEMPATH\Database\BaseConnection.php(606): CodeIgniter\Database\BaseConnection->simpleQuery('SELECT *
FROM `tag`')
 4 SYSTEMPATH\Database\BaseBuilder.php(1616): CodeIgniter\Database\BaseConnection->query('SELECT *
FROM `tag`', [], false)
 5 SYSTEMPATH\Model.php(203): CodeIgniter\Database\BaseBuilder->get()
 6 SYSTEMPATH\BaseModel.php(557): CodeIgniter\Model->doFind(false, null)
 7 APPPATH\Controllers\DesenhistaPost.php(1161): CodeIgniter\BaseModel->find()
 8 SYSTEMPATH\CodeIgniter.php(934): App\Controllers\DesenhistaPost->desenho_tag_lista()
 9 SYSTEMPATH\CodeIgniter.php(499): CodeIgniter\CodeIgniter->runController(Object(App\Controllers\DesenhistaPost))
10 SYSTEMPATH\CodeIgniter.php(368): CodeIgniter\CodeIgniter->handleRequest(null, Object(Config\Cache), false)
11 FCPATH\index.php(67): CodeIgniter\CodeIgniter->run()
ERROR - 2023-10-26 21:53:30 --> mysqli_sql_exception: Table 'wl.tag' doesn't exist in C:\xampp\htdocs\codi\system\Database\MySQLi\Connection.php:295
Stack trace:
#0 C:\xampp\htdocs\codi\system\Database\MySQLi\Connection.php(295): mysqli->query('SELECT *\nFROM `...', 0)
#1 C:\xampp\htdocs\codi\system\Database\BaseConnection.php(692): CodeIgniter\Database\MySQLi\Connection->execute('SELECT *\nFROM `...')
#2 C:\xampp\htdocs\codi\system\Database\BaseConnection.php(606): CodeIgniter\Database\BaseConnection->simpleQuery('SELECT *\nFROM `...')
#3 C:\xampp\htdocs\codi\system\Database\BaseBuilder.php(1616): CodeIgniter\Database\BaseConnection->query('SELECT *\nFROM `...', Array, false)
#4 C:\xampp\htdocs\codi\system\Model.php(203): CodeIgniter\Database\BaseBuilder->get()
#5 C:\xampp\htdocs\codi\system\BaseModel.php(557): CodeIgniter\Model->doFind(false, NULL)
#6 C:\xampp\htdocs\codi\app\Controllers\DesenhistaPost.php(1161): CodeIgniter\BaseModel->find()
#7 C:\xampp\htdocs\codi\system\CodeIgniter.php(934): App\Controllers\DesenhistaPost->desenho_tag_lista()
#8 C:\xampp\htdocs\codi\system\CodeIgniter.php(499): CodeIgniter\CodeIgniter->runController(Object(App\Controllers\DesenhistaPost))
#9 C:\xampp\htdocs\codi\system\CodeIgniter.php(368): CodeIgniter\CodeIgniter->handleRequest(NULL, Object(Config\Cache), false)
#10 C:\xampp\htdocs\codi\public\index.php(67): CodeIgniter\CodeIgniter->run()
#11 {main}
CRITICAL - 2023-10-26 21:53:30 --> Table 'wl.tag' doesn't exist
in SYSTEMPATH\Database\MySQLi\Connection.php on line 295.
 1 SYSTEMPATH\Database\MySQLi\Connection.php(295): mysqli->query('SELECT *
FROM `tag`', 0)
 2 SYSTEMPATH\Database\BaseConnection.php(692): CodeIgniter\Database\MySQLi\Connection->execute('SELECT *
FROM `tag`')
 3 SYSTEMPATH\Database\BaseConnection.php(606): CodeIgniter\Database\BaseConnection->simpleQuery('SELECT *
FROM `tag`')
 4 SYSTEMPATH\Database\BaseBuilder.php(1616): CodeIgniter\Database\BaseConnection->query('SELECT *
FROM `tag`', [], false)
 5 SYSTEMPATH\Model.php(203): CodeIgniter\Database\BaseBuilder->get()
 6 SYSTEMPATH\BaseModel.php(557): CodeIgniter\Model->doFind(false, null)
 7 APPPATH\Controllers\DesenhistaPost.php(1161): CodeIgniter\BaseModel->find()
 8 SYSTEMPATH\CodeIgniter.php(934): App\Controllers\DesenhistaPost->desenho_tag_lista()
 9 SYSTEMPATH\CodeIgniter.php(499): CodeIgniter\CodeIgniter->runController(Object(App\Controllers\DesenhistaPost))
10 SYSTEMPATH\CodeIgniter.php(368): CodeIgniter\CodeIgniter->handleRequest(null, Object(Config\Cache), false)
11 FCPATH\index.php(67): CodeIgniter\CodeIgniter->run()
ERROR - 2023-10-26 21:53:31 --> mysqli_sql_exception: Table 'wl.tag' doesn't exist in C:\xampp\htdocs\codi\system\Database\MySQLi\Connection.php:295
Stack trace:
#0 C:\xampp\htdocs\codi\system\Database\MySQLi\Connection.php(295): mysqli->query('SELECT *\nFROM `...', 0)
#1 C:\xampp\htdocs\codi\system\Database\BaseConnection.php(692): CodeIgniter\Database\MySQLi\Connection->execute('SELECT *\nFROM `...')
#2 C:\xampp\htdocs\codi\system\Database\BaseConnection.php(606): CodeIgniter\Database\BaseConnection->simpleQuery('SELECT *\nFROM `...')
#3 C:\xampp\htdocs\codi\system\Database\BaseBuilder.php(1616): CodeIgniter\Database\BaseConnection->query('SELECT *\nFROM `...', Array, false)
#4 C:\xampp\htdocs\codi\system\Model.php(203): CodeIgniter\Database\BaseBuilder->get()
#5 C:\xampp\htdocs\codi\system\BaseModel.php(557): CodeIgniter\Model->doFind(false, NULL)
#6 C:\xampp\htdocs\codi\app\Controllers\DesenhistaPost.php(1161): CodeIgniter\BaseModel->find()
#7 C:\xampp\htdocs\codi\system\CodeIgniter.php(934): App\Controllers\DesenhistaPost->desenho_tag_lista()
#8 C:\xampp\htdocs\codi\system\CodeIgniter.php(499): CodeIgniter\CodeIgniter->runController(Object(App\Controllers\DesenhistaPost))
#9 C:\xampp\htdocs\codi\system\CodeIgniter.php(368): CodeIgniter\CodeIgniter->handleRequest(NULL, Object(Config\Cache), false)
#10 C:\xampp\htdocs\codi\public\index.php(67): CodeIgniter\CodeIgniter->run()
#11 {main}
CRITICAL - 2023-10-26 21:53:31 --> Table 'wl.tag' doesn't exist
in SYSTEMPATH\Database\MySQLi\Connection.php on line 295.
 1 SYSTEMPATH\Database\MySQLi\Connection.php(295): mysqli->query('SELECT *
FROM `tag`', 0)
 2 SYSTEMPATH\Database\BaseConnection.php(692): CodeIgniter\Database\MySQLi\Connection->execute('SELECT *
FROM `tag`')
 3 SYSTEMPATH\Database\BaseConnection.php(606): CodeIgniter\Database\BaseConnection->simpleQuery('SELECT *
FROM `tag`')
 4 SYSTEMPATH\Database\BaseBuilder.php(1616): CodeIgniter\Database\BaseConnection->query('SELECT *
FROM `tag`', [], false)
 5 SYSTEMPATH\Model.php(203): CodeIgniter\Database\BaseBuilder->get()
 6 SYSTEMPATH\BaseModel.php(557): CodeIgniter\Model->doFind(false, null)
 7 APPPATH\Controllers\DesenhistaPost.php(1161): CodeIgniter\BaseModel->find()
 8 SYSTEMPATH\CodeIgniter.php(934): App\Controllers\DesenhistaPost->desenho_tag_lista()
 9 SYSTEMPATH\CodeIgniter.php(499): CodeIgniter\CodeIgniter->runController(Object(App\Controllers\DesenhistaPost))
10 SYSTEMPATH\CodeIgniter.php(368): CodeIgniter\CodeIgniter->handleRequest(null, Object(Config\Cache), false)
11 FCPATH\index.php(67): CodeIgniter\CodeIgniter->run()
ERROR - 2023-10-26 21:53:31 --> mysqli_sql_exception: Table 'wl.tag' doesn't exist in C:\xampp\htdocs\codi\system\Database\MySQLi\Connection.php:295
Stack trace:
#0 C:\xampp\htdocs\codi\system\Database\MySQLi\Connection.php(295): mysqli->query('SELECT *\nFROM `...', 0)
#1 C:\xampp\htdocs\codi\system\Database\BaseConnection.php(692): CodeIgniter\Database\MySQLi\Connection->execute('SELECT *\nFROM `...')
#2 C:\xampp\htdocs\codi\system\Database\BaseConnection.php(606): CodeIgniter\Database\BaseConnection->simpleQuery('SELECT *\nFROM `...')
#3 C:\xampp\htdocs\codi\system\Database\BaseBuilder.php(1616): CodeIgniter\Database\BaseConnection->query('SELECT *\nFROM `...', Array, false)
#4 C:\xampp\htdocs\codi\system\Model.php(203): CodeIgniter\Database\BaseBuilder->get()
#5 C:\xampp\htdocs\codi\system\BaseModel.php(557): CodeIgniter\Model->doFind(false, NULL)
#6 C:\xampp\htdocs\codi\app\Controllers\DesenhistaPost.php(1161): CodeIgniter\BaseModel->find()
#7 C:\xampp\htdocs\codi\system\CodeIgniter.php(934): App\Controllers\DesenhistaPost->desenho_tag_lista()
#8 C:\xampp\htdocs\codi\system\CodeIgniter.php(499): CodeIgniter\CodeIgniter->runController(Object(App\Controllers\DesenhistaPost))
#9 C:\xampp\htdocs\codi\system\CodeIgniter.php(368): CodeIgniter\CodeIgniter->handleRequest(NULL, Object(Config\Cache), false)
#10 C:\xampp\htdocs\codi\public\index.php(67): CodeIgniter\CodeIgniter->run()
#11 {main}
CRITICAL - 2023-10-26 21:53:31 --> Table 'wl.tag' doesn't exist
in SYSTEMPATH\Database\MySQLi\Connection.php on line 295.
 1 SYSTEMPATH\Database\MySQLi\Connection.php(295): mysqli->query('SELECT *
FROM `tag`', 0)
 2 SYSTEMPATH\Database\BaseConnection.php(692): CodeIgniter\Database\MySQLi\Connection->execute('SELECT *
FROM `tag`')
 3 SYSTEMPATH\Database\BaseConnection.php(606): CodeIgniter\Database\BaseConnection->simpleQuery('SELECT *
FROM `tag`')
 4 SYSTEMPATH\Database\BaseBuilder.php(1616): CodeIgniter\Database\BaseConnection->query('SELECT *
FROM `tag`', [], false)
 5 SYSTEMPATH\Model.php(203): CodeIgniter\Database\BaseBuilder->get()
 6 SYSTEMPATH\BaseModel.php(557): CodeIgniter\Model->doFind(false, null)
 7 APPPATH\Controllers\DesenhistaPost.php(1161): CodeIgniter\BaseModel->find()
 8 SYSTEMPATH\CodeIgniter.php(934): App\Controllers\DesenhistaPost->desenho_tag_lista()
 9 SYSTEMPATH\CodeIgniter.php(499): CodeIgniter\CodeIgniter->runController(Object(App\Controllers\DesenhistaPost))
10 SYSTEMPATH\CodeIgniter.php(368): CodeIgniter\CodeIgniter->handleRequest(null, Object(Config\Cache), false)
11 FCPATH\index.php(67): CodeIgniter\CodeIgniter->run()
ERROR - 2023-10-26 21:53:32 --> mysqli_sql_exception: Table 'wl.tag' doesn't exist in C:\xampp\htdocs\codi\system\Database\MySQLi\Connection.php:295
Stack trace:
#0 C:\xampp\htdocs\codi\system\Database\MySQLi\Connection.php(295): mysqli->query('SELECT *\nFROM `...', 0)
#1 C:\xampp\htdocs\codi\system\Database\BaseConnection.php(692): CodeIgniter\Database\MySQLi\Connection->execute('SELECT *\nFROM `...')
#2 C:\xampp\htdocs\codi\system\Database\BaseConnection.php(606): CodeIgniter\Database\BaseConnection->simpleQuery('SELECT *\nFROM `...')
#3 C:\xampp\htdocs\codi\system\Database\BaseBuilder.php(1616): CodeIgniter\Database\BaseConnection->query('SELECT *\nFROM `...', Array, false)
#4 C:\xampp\htdocs\codi\system\Model.php(203): CodeIgniter\Database\BaseBuilder->get()
#5 C:\xampp\htdocs\codi\system\BaseModel.php(557): CodeIgniter\Model->doFind(false, NULL)
#6 C:\xampp\htdocs\codi\app\Controllers\DesenhistaPost.php(1161): CodeIgniter\BaseModel->find()
#7 C:\xampp\htdocs\codi\system\CodeIgniter.php(934): App\Controllers\DesenhistaPost->desenho_tag_lista()
#8 C:\xampp\htdocs\codi\system\CodeIgniter.php(499): CodeIgniter\CodeIgniter->runController(Object(App\Controllers\DesenhistaPost))
#9 C:\xampp\htdocs\codi\system\CodeIgniter.php(368): CodeIgniter\CodeIgniter->handleRequest(NULL, Object(Config\Cache), false)
#10 C:\xampp\htdocs\codi\public\index.php(67): CodeIgniter\CodeIgniter->run()
#11 {main}
CRITICAL - 2023-10-26 21:53:32 --> Table 'wl.tag' doesn't exist
in SYSTEMPATH\Database\MySQLi\Connection.php on line 295.
 1 SYSTEMPATH\Database\MySQLi\Connection.php(295): mysqli->query('SELECT *
FROM `tag`', 0)
 2 SYSTEMPATH\Database\BaseConnection.php(692): CodeIgniter\Database\MySQLi\Connection->execute('SELECT *
FROM `tag`')
 3 SYSTEMPATH\Database\BaseConnection.php(606): CodeIgniter\Database\BaseConnection->simpleQuery('SELECT *
FROM `tag`')
 4 SYSTEMPATH\Database\BaseBuilder.php(1616): CodeIgniter\Database\BaseConnection->query('SELECT *
FROM `tag`', [], false)
 5 SYSTEMPATH\Model.php(203): CodeIgniter\Database\BaseBuilder->get()
 6 SYSTEMPATH\BaseModel.php(557): CodeIgniter\Model->doFind(false, null)
 7 APPPATH\Controllers\DesenhistaPost.php(1161): CodeIgniter\BaseModel->find()
 8 SYSTEMPATH\CodeIgniter.php(934): App\Controllers\DesenhistaPost->desenho_tag_lista()
 9 SYSTEMPATH\CodeIgniter.php(499): CodeIgniter\CodeIgniter->runController(Object(App\Controllers\DesenhistaPost))
10 SYSTEMPATH\CodeIgniter.php(368): CodeIgniter\CodeIgniter->handleRequest(null, Object(Config\Cache), false)
11 FCPATH\index.php(67): CodeIgniter\CodeIgniter->run()
ERROR - 2023-10-26 21:53:32 --> mysqli_sql_exception: Table 'wl.tag' doesn't exist in C:\xampp\htdocs\codi\system\Database\MySQLi\Connection.php:295
Stack trace:
#0 C:\xampp\htdocs\codi\system\Database\MySQLi\Connection.php(295): mysqli->query('SELECT *\nFROM `...', 0)
#1 C:\xampp\htdocs\codi\system\Database\BaseConnection.php(692): CodeIgniter\Database\MySQLi\Connection->execute('SELECT *\nFROM `...')
#2 C:\xampp\htdocs\codi\system\Database\BaseConnection.php(606): CodeIgniter\Database\BaseConnection->simpleQuery('SELECT *\nFROM `...')
#3 C:\xampp\htdocs\codi\system\Database\BaseBuilder.php(1616): CodeIgniter\Database\BaseConnection->query('SELECT *\nFROM `...', Array, false)
#4 C:\xampp\htdocs\codi\system\Model.php(203): CodeIgniter\Database\BaseBuilder->get()
#5 C:\xampp\htdocs\codi\system\BaseModel.php(557): CodeIgniter\Model->doFind(false, NULL)
#6 C:\xampp\htdocs\codi\app\Controllers\DesenhistaPost.php(1161): CodeIgniter\BaseModel->find()
#7 C:\xampp\htdocs\codi\system\CodeIgniter.php(934): App\Controllers\DesenhistaPost->desenho_tag_lista()
#8 C:\xampp\htdocs\codi\system\CodeIgniter.php(499): CodeIgniter\CodeIgniter->runController(Object(App\Controllers\DesenhistaPost))
#9 C:\xampp\htdocs\codi\system\CodeIgniter.php(368): CodeIgniter\CodeIgniter->handleRequest(NULL, Object(Config\Cache), false)
#10 C:\xampp\htdocs\codi\public\index.php(67): CodeIgniter\CodeIgniter->run()
#11 {main}
CRITICAL - 2023-10-26 21:53:32 --> Table 'wl.tag' doesn't exist
in SYSTEMPATH\Database\MySQLi\Connection.php on line 295.
 1 SYSTEMPATH\Database\MySQLi\Connection.php(295): mysqli->query('SELECT *
FROM `tag`', 0)
 2 SYSTEMPATH\Database\BaseConnection.php(692): CodeIgniter\Database\MySQLi\Connection->execute('SELECT *
FROM `tag`')
 3 SYSTEMPATH\Database\BaseConnection.php(606): CodeIgniter\Database\BaseConnection->simpleQuery('SELECT *
FROM `tag`')
 4 SYSTEMPATH\Database\BaseBuilder.php(1616): CodeIgniter\Database\BaseConnection->query('SELECT *
FROM `tag`', [], false)
 5 SYSTEMPATH\Model.php(203): CodeIgniter\Database\BaseBuilder->get()
 6 SYSTEMPATH\BaseModel.php(557): CodeIgniter\Model->doFind(false, null)
 7 APPPATH\Controllers\DesenhistaPost.php(1161): CodeIgniter\BaseModel->find()
 8 SYSTEMPATH\CodeIgniter.php(934): App\Controllers\DesenhistaPost->desenho_tag_lista()
 9 SYSTEMPATH\CodeIgniter.php(499): CodeIgniter\CodeIgniter->runController(Object(App\Controllers\DesenhistaPost))
10 SYSTEMPATH\CodeIgniter.php(368): CodeIgniter\CodeIgniter->handleRequest(null, Object(Config\Cache), false)
11 FCPATH\index.php(67): CodeIgniter\CodeIgniter->run()
ERROR - 2023-10-26 21:53:33 --> mysqli_sql_exception: Table 'wl.tag' doesn't exist in C:\xampp\htdocs\codi\system\Database\MySQLi\Connection.php:295
Stack trace:
#0 C:\xampp\htdocs\codi\system\Database\MySQLi\Connection.php(295): mysqli->query('SELECT *\nFROM `...', 0)
#1 C:\xampp\htdocs\codi\system\Database\BaseConnection.php(692): CodeIgniter\Database\MySQLi\Connection->execute('SELECT *\nFROM `...')
#2 C:\xampp\htdocs\codi\system\Database\BaseConnection.php(606): CodeIgniter\Database\BaseConnection->simpleQuery('SELECT *\nFROM `...')
#3 C:\xampp\htdocs\codi\system\Database\BaseBuilder.php(1616): CodeIgniter\Database\BaseConnection->query('SELECT *\nFROM `...', Array, false)
#4 C:\xampp\htdocs\codi\system\Model.php(203): CodeIgniter\Database\BaseBuilder->get()
#5 C:\xampp\htdocs\codi\system\BaseModel.php(557): CodeIgniter\Model->doFind(false, NULL)
#6 C:\xampp\htdocs\codi\app\Controllers\DesenhistaPost.php(1161): CodeIgniter\BaseModel->find()
#7 C:\xampp\htdocs\codi\system\CodeIgniter.php(934): App\Controllers\DesenhistaPost->desenho_tag_lista()
#8 C:\xampp\htdocs\codi\system\CodeIgniter.php(499): CodeIgniter\CodeIgniter->runController(Object(App\Controllers\DesenhistaPost))
#9 C:\xampp\htdocs\codi\system\CodeIgniter.php(368): CodeIgniter\CodeIgniter->handleRequest(NULL, Object(Config\Cache), false)
#10 C:\xampp\htdocs\codi\public\index.php(67): CodeIgniter\CodeIgniter->run()
#11 {main}
CRITICAL - 2023-10-26 21:53:33 --> Table 'wl.tag' doesn't exist
in SYSTEMPATH\Database\MySQLi\Connection.php on line 295.
 1 SYSTEMPATH\Database\MySQLi\Connection.php(295): mysqli->query('SELECT *
FROM `tag`', 0)
 2 SYSTEMPATH\Database\BaseConnection.php(692): CodeIgniter\Database\MySQLi\Connection->execute('SELECT *
FROM `tag`')
 3 SYSTEMPATH\Database\BaseConnection.php(606): CodeIgniter\Database\BaseConnection->simpleQuery('SELECT *
FROM `tag`')
 4 SYSTEMPATH\Database\BaseBuilder.php(1616): CodeIgniter\Database\BaseConnection->query('SELECT *
FROM `tag`', [], false)
 5 SYSTEMPATH\Model.php(203): CodeIgniter\Database\BaseBuilder->get()
 6 SYSTEMPATH\BaseModel.php(557): CodeIgniter\Model->doFind(false, null)
 7 APPPATH\Controllers\DesenhistaPost.php(1161): CodeIgniter\BaseModel->find()
 8 SYSTEMPATH\CodeIgniter.php(934): App\Controllers\DesenhistaPost->desenho_tag_lista()
 9 SYSTEMPATH\CodeIgniter.php(499): CodeIgniter\CodeIgniter->runController(Object(App\Controllers\DesenhistaPost))
10 SYSTEMPATH\CodeIgniter.php(368): CodeIgniter\CodeIgniter->handleRequest(null, Object(Config\Cache), false)
11 FCPATH\index.php(67): CodeIgniter\CodeIgniter->run()
ERROR - 2023-10-26 21:53:33 --> mysqli_sql_exception: Table 'wl.tag' doesn't exist in C:\xampp\htdocs\codi\system\Database\MySQLi\Connection.php:295
Stack trace:
#0 C:\xampp\htdocs\codi\system\Database\MySQLi\Connection.php(295): mysqli->query('SELECT *\nFROM `...', 0)
#1 C:\xampp\htdocs\codi\system\Database\BaseConnection.php(692): CodeIgniter\Database\MySQLi\Connection->execute('SELECT *\nFROM `...')
#2 C:\xampp\htdocs\codi\system\Database\BaseConnection.php(606): CodeIgniter\Database\BaseConnection->simpleQuery('SELECT *\nFROM `...')
#3 C:\xampp\htdocs\codi\system\Database\BaseBuilder.php(1616): CodeIgniter\Database\BaseConnection->query('SELECT *\nFROM `...', Array, false)
#4 C:\xampp\htdocs\codi\system\Model.php(203): CodeIgniter\Database\BaseBuilder->get()
#5 C:\xampp\htdocs\codi\system\BaseModel.php(557): CodeIgniter\Model->doFind(false, NULL)
#6 C:\xampp\htdocs\codi\app\Controllers\DesenhistaPost.php(1161): CodeIgniter\BaseModel->find()
#7 C:\xampp\htdocs\codi\system\CodeIgniter.php(934): App\Controllers\DesenhistaPost->desenho_tag_lista()
#8 C:\xampp\htdocs\codi\system\CodeIgniter.php(499): CodeIgniter\CodeIgniter->runController(Object(App\Controllers\DesenhistaPost))
#9 C:\xampp\htdocs\codi\system\CodeIgniter.php(368): CodeIgniter\CodeIgniter->handleRequest(NULL, Object(Config\Cache), false)
#10 C:\xampp\htdocs\codi\public\index.php(67): CodeIgniter\CodeIgniter->run()
#11 {main}
CRITICAL - 2023-10-26 21:53:33 --> Table 'wl.tag' doesn't exist
in SYSTEMPATH\Database\MySQLi\Connection.php on line 295.
 1 SYSTEMPATH\Database\MySQLi\Connection.php(295): mysqli->query('SELECT *
FROM `tag`', 0)
 2 SYSTEMPATH\Database\BaseConnection.php(692): CodeIgniter\Database\MySQLi\Connection->execute('SELECT *
FROM `tag`')
 3 SYSTEMPATH\Database\BaseConnection.php(606): CodeIgniter\Database\BaseConnection->simpleQuery('SELECT *
FROM `tag`')
 4 SYSTEMPATH\Database\BaseBuilder.php(1616): CodeIgniter\Database\BaseConnection->query('SELECT *
FROM `tag`', [], false)
 5 SYSTEMPATH\Model.php(203): CodeIgniter\Database\BaseBuilder->get()
 6 SYSTEMPATH\BaseModel.php(557): CodeIgniter\Model->doFind(false, null)
 7 APPPATH\Controllers\DesenhistaPost.php(1161): CodeIgniter\BaseModel->find()
 8 SYSTEMPATH\CodeIgniter.php(934): App\Controllers\DesenhistaPost->desenho_tag_lista()
 9 SYSTEMPATH\CodeIgniter.php(499): CodeIgniter\CodeIgniter->runController(Object(App\Controllers\DesenhistaPost))
10 SYSTEMPATH\CodeIgniter.php(368): CodeIgniter\CodeIgniter->handleRequest(null, Object(Config\Cache), false)
11 FCPATH\index.php(67): CodeIgniter\CodeIgniter->run()
ERROR - 2023-10-26 21:53:33 --> mysqli_sql_exception: Table 'wl.tag' doesn't exist in C:\xampp\htdocs\codi\system\Database\MySQLi\Connection.php:295
Stack trace:
#0 C:\xampp\htdocs\codi\system\Database\MySQLi\Connection.php(295): mysqli->query('SELECT *\nFROM `...', 0)
#1 C:\xampp\htdocs\codi\system\Database\BaseConnection.php(692): CodeIgniter\Database\MySQLi\Connection->execute('SELECT *\nFROM `...')
#2 C:\xampp\htdocs\codi\system\Database\BaseConnection.php(606): CodeIgniter\Database\BaseConnection->simpleQuery('SELECT *\nFROM `...')
#3 C:\xampp\htdocs\codi\system\Database\BaseBuilder.php(1616): CodeIgniter\Database\BaseConnection->query('SELECT *\nFROM `...', Array, false)
#4 C:\xampp\htdocs\codi\system\Model.php(203): CodeIgniter\Database\BaseBuilder->get()
#5 C:\xampp\htdocs\codi\system\BaseModel.php(557): CodeIgniter\Model->doFind(false, NULL)
#6 C:\xampp\htdocs\codi\app\Controllers\DesenhistaPost.php(1161): CodeIgniter\BaseModel->find()
#7 C:\xampp\htdocs\codi\system\CodeIgniter.php(934): App\Controllers\DesenhistaPost->desenho_tag_lista()
#8 C:\xampp\htdocs\codi\system\CodeIgniter.php(499): CodeIgniter\CodeIgniter->runController(Object(App\Controllers\DesenhistaPost))
#9 C:\xampp\htdocs\codi\system\CodeIgniter.php(368): CodeIgniter\CodeIgniter->handleRequest(NULL, Object(Config\Cache), false)
#10 C:\xampp\htdocs\codi\public\index.php(67): CodeIgniter\CodeIgniter->run()
#11 {main}
CRITICAL - 2023-10-26 21:53:33 --> Table 'wl.tag' doesn't exist
in SYSTEMPATH\Database\MySQLi\Connection.php on line 295.
 1 SYSTEMPATH\Database\MySQLi\Connection.php(295): mysqli->query('SELECT *
FROM `tag`', 0)
 2 SYSTEMPATH\Database\BaseConnection.php(692): CodeIgniter\Database\MySQLi\Connection->execute('SELECT *
FROM `tag`')
 3 SYSTEMPATH\Database\BaseConnection.php(606): CodeIgniter\Database\BaseConnection->simpleQuery('SELECT *
FROM `tag`')
 4 SYSTEMPATH\Database\BaseBuilder.php(1616): CodeIgniter\Database\BaseConnection->query('SELECT *
FROM `tag`', [], false)
 5 SYSTEMPATH\Model.php(203): CodeIgniter\Database\BaseBuilder->get()
 6 SYSTEMPATH\BaseModel.php(557): CodeIgniter\Model->doFind(false, null)
 7 APPPATH\Controllers\DesenhistaPost.php(1161): CodeIgniter\BaseModel->find()
 8 SYSTEMPATH\CodeIgniter.php(934): App\Controllers\DesenhistaPost->desenho_tag_lista()
 9 SYSTEMPATH\CodeIgniter.php(499): CodeIgniter\CodeIgniter->runController(Object(App\Controllers\DesenhistaPost))
10 SYSTEMPATH\CodeIgniter.php(368): CodeIgniter\CodeIgniter->handleRequest(null, Object(Config\Cache), false)
11 FCPATH\index.php(67): CodeIgniter\CodeIgniter->run()
ERROR - 2023-10-26 21:53:34 --> mysqli_sql_exception: Table 'wl.tag' doesn't exist in C:\xampp\htdocs\codi\system\Database\MySQLi\Connection.php:295
Stack trace:
#0 C:\xampp\htdocs\codi\system\Database\MySQLi\Connection.php(295): mysqli->query('SELECT *\nFROM `...', 0)
#1 C:\xampp\htdocs\codi\system\Database\BaseConnection.php(692): CodeIgniter\Database\MySQLi\Connection->execute('SELECT *\nFROM `...')
#2 C:\xampp\htdocs\codi\system\Database\BaseConnection.php(606): CodeIgniter\Database\BaseConnection->simpleQuery('SELECT *\nFROM `...')
#3 C:\xampp\htdocs\codi\system\Database\BaseBuilder.php(1616): CodeIgniter\Database\BaseConnection->query('SELECT *\nFROM `...', Array, false)
#4 C:\xampp\htdocs\codi\system\Model.php(203): CodeIgniter\Database\BaseBuilder->get()
#5 C:\xampp\htdocs\codi\system\BaseModel.php(557): CodeIgniter\Model->doFind(false, NULL)
#6 C:\xampp\htdocs\codi\app\Controllers\DesenhistaPost.php(1161): CodeIgniter\BaseModel->find()
#7 C:\xampp\htdocs\codi\system\CodeIgniter.php(934): App\Controllers\DesenhistaPost->desenho_tag_lista()
#8 C:\xampp\htdocs\codi\system\CodeIgniter.php(499): CodeIgniter\CodeIgniter->runController(Object(App\Controllers\DesenhistaPost))
#9 C:\xampp\htdocs\codi\system\CodeIgniter.php(368): CodeIgniter\CodeIgniter->handleRequest(NULL, Object(Config\Cache), false)
#10 C:\xampp\htdocs\codi\public\index.php(67): CodeIgniter\CodeIgniter->run()
#11 {main}
CRITICAL - 2023-10-26 21:53:34 --> Table 'wl.tag' doesn't exist
in SYSTEMPATH\Database\MySQLi\Connection.php on line 295.
 1 SYSTEMPATH\Database\MySQLi\Connection.php(295): mysqli->query('SELECT *
FROM `tag`', 0)
 2 SYSTEMPATH\Database\BaseConnection.php(692): CodeIgniter\Database\MySQLi\Connection->execute('SELECT *
FROM `tag`')
 3 SYSTEMPATH\Database\BaseConnection.php(606): CodeIgniter\Database\BaseConnection->simpleQuery('SELECT *
FROM `tag`')
 4 SYSTEMPATH\Database\BaseBuilder.php(1616): CodeIgniter\Database\BaseConnection->query('SELECT *
FROM `tag`', [], false)
 5 SYSTEMPATH\Model.php(203): CodeIgniter\Database\BaseBuilder->get()
 6 SYSTEMPATH\BaseModel.php(557): CodeIgniter\Model->doFind(false, null)
 7 APPPATH\Controllers\DesenhistaPost.php(1161): CodeIgniter\BaseModel->find()
 8 SYSTEMPATH\CodeIgniter.php(934): App\Controllers\DesenhistaPost->desenho_tag_lista()
 9 SYSTEMPATH\CodeIgniter.php(499): CodeIgniter\CodeIgniter->runController(Object(App\Controllers\DesenhistaPost))
10 SYSTEMPATH\CodeIgniter.php(368): CodeIgniter\CodeIgniter->handleRequest(null, Object(Config\Cache), false)
11 FCPATH\index.php(67): CodeIgniter\CodeIgniter->run()
ERROR - 2023-10-26 21:53:34 --> mysqli_sql_exception: Table 'wl.tag' doesn't exist in C:\xampp\htdocs\codi\system\Database\MySQLi\Connection.php:295
Stack trace:
#0 C:\xampp\htdocs\codi\system\Database\MySQLi\Connection.php(295): mysqli->query('SELECT *\nFROM `...', 0)
#1 C:\xampp\htdocs\codi\system\Database\BaseConnection.php(692): CodeIgniter\Database\MySQLi\Connection->execute('SELECT *\nFROM `...')
#2 C:\xampp\htdocs\codi\system\Database\BaseConnection.php(606): CodeIgniter\Database\BaseConnection->simpleQuery('SELECT *\nFROM `...')
#3 C:\xampp\htdocs\codi\system\Database\BaseBuilder.php(1616): CodeIgniter\Database\BaseConnection->query('SELECT *\nFROM `...', Array, false)
#4 C:\xampp\htdocs\codi\system\Model.php(203): CodeIgniter\Database\BaseBuilder->get()
#5 C:\xampp\htdocs\codi\system\BaseModel.php(557): CodeIgniter\Model->doFind(false, NULL)
#6 C:\xampp\htdocs\codi\app\Controllers\DesenhistaPost.php(1161): CodeIgniter\BaseModel->find()
#7 C:\xampp\htdocs\codi\system\CodeIgniter.php(934): App\Controllers\DesenhistaPost->desenho_tag_lista()
#8 C:\xampp\htdocs\codi\system\CodeIgniter.php(499): CodeIgniter\CodeIgniter->runController(Object(App\Controllers\DesenhistaPost))
#9 C:\xampp\htdocs\codi\system\CodeIgniter.php(368): CodeIgniter\CodeIgniter->handleRequest(NULL, Object(Config\Cache), false)
#10 C:\xampp\htdocs\codi\public\index.php(67): CodeIgniter\CodeIgniter->run()
#11 {main}
CRITICAL - 2023-10-26 21:53:34 --> Table 'wl.tag' doesn't exist
in SYSTEMPATH\Database\MySQLi\Connection.php on line 295.
 1 SYSTEMPATH\Database\MySQLi\Connection.php(295): mysqli->query('SELECT *
FROM `tag`', 0)
 2 SYSTEMPATH\Database\BaseConnection.php(692): CodeIgniter\Database\MySQLi\Connection->execute('SELECT *
FROM `tag`')
 3 SYSTEMPATH\Database\BaseConnection.php(606): CodeIgniter\Database\BaseConnection->simpleQuery('SELECT *
FROM `tag`')
 4 SYSTEMPATH\Database\BaseBuilder.php(1616): CodeIgniter\Database\BaseConnection->query('SELECT *
FROM `tag`', [], false)
 5 SYSTEMPATH\Model.php(203): CodeIgniter\Database\BaseBuilder->get()
 6 SYSTEMPATH\BaseModel.php(557): CodeIgniter\Model->doFind(false, null)
 7 APPPATH\Controllers\DesenhistaPost.php(1161): CodeIgniter\BaseModel->find()
 8 SYSTEMPATH\CodeIgniter.php(934): App\Controllers\DesenhistaPost->desenho_tag_lista()
 9 SYSTEMPATH\CodeIgniter.php(499): CodeIgniter\CodeIgniter->runController(Object(App\Controllers\DesenhistaPost))
10 SYSTEMPATH\CodeIgniter.php(368): CodeIgniter\CodeIgniter->handleRequest(null, Object(Config\Cache), false)
11 FCPATH\index.php(67): CodeIgniter\CodeIgniter->run()
ERROR - 2023-10-26 21:53:34 --> mysqli_sql_exception: Table 'wl.tag' doesn't exist in C:\xampp\htdocs\codi\system\Database\MySQLi\Connection.php:295
Stack trace:
#0 C:\xampp\htdocs\codi\system\Database\MySQLi\Connection.php(295): mysqli->query('SELECT *\nFROM `...', 0)
#1 C:\xampp\htdocs\codi\system\Database\BaseConnection.php(692): CodeIgniter\Database\MySQLi\Connection->execute('SELECT *\nFROM `...')
#2 C:\xampp\htdocs\codi\system\Database\BaseConnection.php(606): CodeIgniter\Database\BaseConnection->simpleQuery('SELECT *\nFROM `...')
#3 C:\xampp\htdocs\codi\system\Database\BaseBuilder.php(1616): CodeIgniter\Database\BaseConnection->query('SELECT *\nFROM `...', Array, false)
#4 C:\xampp\htdocs\codi\system\Model.php(203): CodeIgniter\Database\BaseBuilder->get()
#5 C:\xampp\htdocs\codi\system\BaseModel.php(557): CodeIgniter\Model->doFind(false, NULL)
#6 C:\xampp\htdocs\codi\app\Controllers\DesenhistaPost.php(1161): CodeIgniter\BaseModel->find()
#7 C:\xampp\htdocs\codi\system\CodeIgniter.php(934): App\Controllers\DesenhistaPost->desenho_tag_lista()
#8 C:\xampp\htdocs\codi\system\CodeIgniter.php(499): CodeIgniter\CodeIgniter->runController(Object(App\Controllers\DesenhistaPost))
#9 C:\xampp\htdocs\codi\system\CodeIgniter.php(368): CodeIgniter\CodeIgniter->handleRequest(NULL, Object(Config\Cache), false)
#10 C:\xampp\htdocs\codi\public\index.php(67): CodeIgniter\CodeIgniter->run()
#11 {main}
CRITICAL - 2023-10-26 21:53:34 --> Table 'wl.tag' doesn't exist
in SYSTEMPATH\Database\MySQLi\Connection.php on line 295.
 1 SYSTEMPATH\Database\MySQLi\Connection.php(295): mysqli->query('SELECT *
FROM `tag`', 0)
 2 SYSTEMPATH\Database\BaseConnection.php(692): CodeIgniter\Database\MySQLi\Connection->execute('SELECT *
FROM `tag`')
 3 SYSTEMPATH\Database\BaseConnection.php(606): CodeIgniter\Database\BaseConnection->simpleQuery('SELECT *
FROM `tag`')
 4 SYSTEMPATH\Database\BaseBuilder.php(1616): CodeIgniter\Database\BaseConnection->query('SELECT *
FROM `tag`', [], false)
 5 SYSTEMPATH\Model.php(203): CodeIgniter\Database\BaseBuilder->get()
 6 SYSTEMPATH\BaseModel.php(557): CodeIgniter\Model->doFind(false, null)
 7 APPPATH\Controllers\DesenhistaPost.php(1161): CodeIgniter\BaseModel->find()
 8 SYSTEMPATH\CodeIgniter.php(934): App\Controllers\DesenhistaPost->desenho_tag_lista()
 9 SYSTEMPATH\CodeIgniter.php(499): CodeIgniter\CodeIgniter->runController(Object(App\Controllers\DesenhistaPost))
10 SYSTEMPATH\CodeIgniter.php(368): CodeIgniter\CodeIgniter->handleRequest(null, Object(Config\Cache), false)
11 FCPATH\index.php(67): CodeIgniter\CodeIgniter->run()
ERROR - 2023-10-26 21:53:35 --> mysqli_sql_exception: Table 'wl.tag' doesn't exist in C:\xampp\htdocs\codi\system\Database\MySQLi\Connection.php:295
Stack trace:
#0 C:\xampp\htdocs\codi\system\Database\MySQLi\Connection.php(295): mysqli->query('SELECT *\nFROM `...', 0)
#1 C:\xampp\htdocs\codi\system\Database\BaseConnection.php(692): CodeIgniter\Database\MySQLi\Connection->execute('SELECT *\nFROM `...')
#2 C:\xampp\htdocs\codi\system\Database\BaseConnection.php(606): CodeIgniter\Database\BaseConnection->simpleQuery('SELECT *\nFROM `...')
#3 C:\xampp\htdocs\codi\system\Database\BaseBuilder.php(1616): CodeIgniter\Database\BaseConnection->query('SELECT *\nFROM `...', Array, false)
#4 C:\xampp\htdocs\codi\system\Model.php(203): CodeIgniter\Database\BaseBuilder->get()
#5 C:\xampp\htdocs\codi\system\BaseModel.php(557): CodeIgniter\Model->doFind(false, NULL)
#6 C:\xampp\htdocs\codi\app\Controllers\DesenhistaPost.php(1161): CodeIgniter\BaseModel->find()
#7 C:\xampp\htdocs\codi\system\CodeIgniter.php(934): App\Controllers\DesenhistaPost->desenho_tag_lista()
#8 C:\xampp\htdocs\codi\system\CodeIgniter.php(499): CodeIgniter\CodeIgniter->runController(Object(App\Controllers\DesenhistaPost))
#9 C:\xampp\htdocs\codi\system\CodeIgniter.php(368): CodeIgniter\CodeIgniter->handleRequest(NULL, Object(Config\Cache), false)
#10 C:\xampp\htdocs\codi\public\index.php(67): CodeIgniter\CodeIgniter->run()
#11 {main}
CRITICAL - 2023-10-26 21:53:35 --> Table 'wl.tag' doesn't exist
in SYSTEMPATH\Database\MySQLi\Connection.php on line 295.
 1 SYSTEMPATH\Database\MySQLi\Connection.php(295): mysqli->query('SELECT *
FROM `tag`', 0)
 2 SYSTEMPATH\Database\BaseConnection.php(692): CodeIgniter\Database\MySQLi\Connection->execute('SELECT *
FROM `tag`')
 3 SYSTEMPATH\Database\BaseConnection.php(606): CodeIgniter\Database\BaseConnection->simpleQuery('SELECT *
FROM `tag`')
 4 SYSTEMPATH\Database\BaseBuilder.php(1616): CodeIgniter\Database\BaseConnection->query('SELECT *
FROM `tag`', [], false)
 5 SYSTEMPATH\Model.php(203): CodeIgniter\Database\BaseBuilder->get()
 6 SYSTEMPATH\BaseModel.php(557): CodeIgniter\Model->doFind(false, null)
 7 APPPATH\Controllers\DesenhistaPost.php(1161): CodeIgniter\BaseModel->find()
 8 SYSTEMPATH\CodeIgniter.php(934): App\Controllers\DesenhistaPost->desenho_tag_lista()
 9 SYSTEMPATH\CodeIgniter.php(499): CodeIgniter\CodeIgniter->runController(Object(App\Controllers\DesenhistaPost))
10 SYSTEMPATH\CodeIgniter.php(368): CodeIgniter\CodeIgniter->handleRequest(null, Object(Config\Cache), false)
11 FCPATH\index.php(67): CodeIgniter\CodeIgniter->run()
ERROR - 2023-10-26 21:53:35 --> mysqli_sql_exception: Table 'wl.tag' doesn't exist in C:\xampp\htdocs\codi\system\Database\MySQLi\Connection.php:295
Stack trace:
#0 C:\xampp\htdocs\codi\system\Database\MySQLi\Connection.php(295): mysqli->query('SELECT *\nFROM `...', 0)
#1 C:\xampp\htdocs\codi\system\Database\BaseConnection.php(692): CodeIgniter\Database\MySQLi\Connection->execute('SELECT *\nFROM `...')
#2 C:\xampp\htdocs\codi\system\Database\BaseConnection.php(606): CodeIgniter\Database\BaseConnection->simpleQuery('SELECT *\nFROM `...')
#3 C:\xampp\htdocs\codi\system\Database\BaseBuilder.php(1616): CodeIgniter\Database\BaseConnection->query('SELECT *\nFROM `...', Array, false)
#4 C:\xampp\htdocs\codi\system\Model.php(203): CodeIgniter\Database\BaseBuilder->get()
#5 C:\xampp\htdocs\codi\system\BaseModel.php(557): CodeIgniter\Model->doFind(false, NULL)
#6 C:\xampp\htdocs\codi\app\Controllers\DesenhistaPost.php(1161): CodeIgniter\BaseModel->find()
#7 C:\xampp\htdocs\codi\system\CodeIgniter.php(934): App\Controllers\DesenhistaPost->desenho_tag_lista()
#8 C:\xampp\htdocs\codi\system\CodeIgniter.php(499): CodeIgniter\CodeIgniter->runController(Object(App\Controllers\DesenhistaPost))
#9 C:\xampp\htdocs\codi\system\CodeIgniter.php(368): CodeIgniter\CodeIgniter->handleRequest(NULL, Object(Config\Cache), false)
#10 C:\xampp\htdocs\codi\public\index.php(67): CodeIgniter\CodeIgniter->run()
#11 {main}
CRITICAL - 2023-10-26 21:53:35 --> Table 'wl.tag' doesn't exist
in SYSTEMPATH\Database\MySQLi\Connection.php on line 295.
 1 SYSTEMPATH\Database\MySQLi\Connection.php(295): mysqli->query('SELECT *
FROM `tag`', 0)
 2 SYSTEMPATH\Database\BaseConnection.php(692): CodeIgniter\Database\MySQLi\Connection->execute('SELECT *
FROM `tag`')
 3 SYSTEMPATH\Database\BaseConnection.php(606): CodeIgniter\Database\BaseConnection->simpleQuery('SELECT *
FROM `tag`')
 4 SYSTEMPATH\Database\BaseBuilder.php(1616): CodeIgniter\Database\BaseConnection->query('SELECT *
FROM `tag`', [], false)
 5 SYSTEMPATH\Model.php(203): CodeIgniter\Database\BaseBuilder->get()
 6 SYSTEMPATH\BaseModel.php(557): CodeIgniter\Model->doFind(false, null)
 7 APPPATH\Controllers\DesenhistaPost.php(1161): CodeIgniter\BaseModel->find()
 8 SYSTEMPATH\CodeIgniter.php(934): App\Controllers\DesenhistaPost->desenho_tag_lista()
 9 SYSTEMPATH\CodeIgniter.php(499): CodeIgniter\CodeIgniter->runController(Object(App\Controllers\DesenhistaPost))
10 SYSTEMPATH\CodeIgniter.php(368): CodeIgniter\CodeIgniter->handleRequest(null, Object(Config\Cache), false)
11 FCPATH\index.php(67): CodeIgniter\CodeIgniter->run()
ERROR - 2023-10-26 21:53:36 --> mysqli_sql_exception: Table 'wl.tag' doesn't exist in C:\xampp\htdocs\codi\system\Database\MySQLi\Connection.php:295
Stack trace:
#0 C:\xampp\htdocs\codi\system\Database\MySQLi\Connection.php(295): mysqli->query('SELECT *\nFROM `...', 0)
#1 C:\xampp\htdocs\codi\system\Database\BaseConnection.php(692): CodeIgniter\Database\MySQLi\Connection->execute('SELECT *\nFROM `...')
#2 C:\xampp\htdocs\codi\system\Database\BaseConnection.php(606): CodeIgniter\Database\BaseConnection->simpleQuery('SELECT *\nFROM `...')
#3 C:\xampp\htdocs\codi\system\Database\BaseBuilder.php(1616): CodeIgniter\Database\BaseConnection->query('SELECT *\nFROM `...', Array, false)
#4 C:\xampp\htdocs\codi\system\Model.php(203): CodeIgniter\Database\BaseBuilder->get()
#5 C:\xampp\htdocs\codi\system\BaseModel.php(557): CodeIgniter\Model->doFind(false, NULL)
#6 C:\xampp\htdocs\codi\app\Controllers\DesenhistaPost.php(1161): CodeIgniter\BaseModel->find()
#7 C:\xampp\htdocs\codi\system\CodeIgniter.php(934): App\Controllers\DesenhistaPost->desenho_tag_lista()
#8 C:\xampp\htdocs\codi\system\CodeIgniter.php(499): CodeIgniter\CodeIgniter->runController(Object(App\Controllers\DesenhistaPost))
#9 C:\xampp\htdocs\codi\system\CodeIgniter.php(368): CodeIgniter\CodeIgniter->handleRequest(NULL, Object(Config\Cache), false)
#10 C:\xampp\htdocs\codi\public\index.php(67): CodeIgniter\CodeIgniter->run()
#11 {main}
CRITICAL - 2023-10-26 21:53:36 --> Table 'wl.tag' doesn't exist
in SYSTEMPATH\Database\MySQLi\Connection.php on line 295.
 1 SYSTEMPATH\Database\MySQLi\Connection.php(295): mysqli->query('SELECT *
FROM `tag`', 0)
 2 SYSTEMPATH\Database\BaseConnection.php(692): CodeIgniter\Database\MySQLi\Connection->execute('SELECT *
FROM `tag`')
 3 SYSTEMPATH\Database\BaseConnection.php(606): CodeIgniter\Database\BaseConnection->simpleQuery('SELECT *
FROM `tag`')
 4 SYSTEMPATH\Database\BaseBuilder.php(1616): CodeIgniter\Database\BaseConnection->query('SELECT *
FROM `tag`', [], false)
 5 SYSTEMPATH\Model.php(203): CodeIgniter\Database\BaseBuilder->get()
 6 SYSTEMPATH\BaseModel.php(557): CodeIgniter\Model->doFind(false, null)
 7 APPPATH\Controllers\DesenhistaPost.php(1161): CodeIgniter\BaseModel->find()
 8 SYSTEMPATH\CodeIgniter.php(934): App\Controllers\DesenhistaPost->desenho_tag_lista()
 9 SYSTEMPATH\CodeIgniter.php(499): CodeIgniter\CodeIgniter->runController(Object(App\Controllers\DesenhistaPost))
10 SYSTEMPATH\CodeIgniter.php(368): CodeIgniter\CodeIgniter->handleRequest(null, Object(Config\Cache), false)
11 FCPATH\index.php(67): CodeIgniter\CodeIgniter->run()
ERROR - 2023-10-26 21:53:36 --> mysqli_sql_exception: Table 'wl.tag' doesn't exist in C:\xampp\htdocs\codi\system\Database\MySQLi\Connection.php:295
Stack trace:
#0 C:\xampp\htdocs\codi\system\Database\MySQLi\Connection.php(295): mysqli->query('SELECT *\nFROM `...', 0)
#1 C:\xampp\htdocs\codi\system\Database\BaseConnection.php(692): CodeIgniter\Database\MySQLi\Connection->execute('SELECT *\nFROM `...')
#2 C:\xampp\htdocs\codi\system\Database\BaseConnection.php(606): CodeIgniter\Database\BaseConnection->simpleQuery('SELECT *\nFROM `...')
#3 C:\xampp\htdocs\codi\system\Database\BaseBuilder.php(1616): CodeIgniter\Database\BaseConnection->query('SELECT *\nFROM `...', Array, false)
#4 C:\xampp\htdocs\codi\system\Model.php(203): CodeIgniter\Database\BaseBuilder->get()
#5 C:\xampp\htdocs\codi\system\BaseModel.php(557): CodeIgniter\Model->doFind(false, NULL)
#6 C:\xampp\htdocs\codi\app\Controllers\DesenhistaPost.php(1161): CodeIgniter\BaseModel->find()
#7 C:\xampp\htdocs\codi\system\CodeIgniter.php(934): App\Controllers\DesenhistaPost->desenho_tag_lista()
#8 C:\xampp\htdocs\codi\system\CodeIgniter.php(499): CodeIgniter\CodeIgniter->runController(Object(App\Controllers\DesenhistaPost))
#9 C:\xampp\htdocs\codi\system\CodeIgniter.php(368): CodeIgniter\CodeIgniter->handleRequest(NULL, Object(Config\Cache), false)
#10 C:\xampp\htdocs\codi\public\index.php(67): CodeIgniter\CodeIgniter->run()
#11 {main}
CRITICAL - 2023-10-26 21:53:36 --> Table 'wl.tag' doesn't exist
in SYSTEMPATH\Database\MySQLi\Connection.php on line 295.
 1 SYSTEMPATH\Database\MySQLi\Connection.php(295): mysqli->query('SELECT *
FROM `tag`', 0)
 2 SYSTEMPATH\Database\BaseConnection.php(692): CodeIgniter\Database\MySQLi\Connection->execute('SELECT *
FROM `tag`')
 3 SYSTEMPATH\Database\BaseConnection.php(606): CodeIgniter\Database\BaseConnection->simpleQuery('SELECT *
FROM `tag`')
 4 SYSTEMPATH\Database\BaseBuilder.php(1616): CodeIgniter\Database\BaseConnection->query('SELECT *
FROM `tag`', [], false)
 5 SYSTEMPATH\Model.php(203): CodeIgniter\Database\BaseBuilder->get()
 6 SYSTEMPATH\BaseModel.php(557): CodeIgniter\Model->doFind(false, null)
 7 APPPATH\Controllers\DesenhistaPost.php(1161): CodeIgniter\BaseModel->find()
 8 SYSTEMPATH\CodeIgniter.php(934): App\Controllers\DesenhistaPost->desenho_tag_lista()
 9 SYSTEMPATH\CodeIgniter.php(499): CodeIgniter\CodeIgniter->runController(Object(App\Controllers\DesenhistaPost))
10 SYSTEMPATH\CodeIgniter.php(368): CodeIgniter\CodeIgniter->handleRequest(null, Object(Config\Cache), false)
11 FCPATH\index.php(67): CodeIgniter\CodeIgniter->run()
ERROR - 2023-10-26 21:53:37 --> mysqli_sql_exception: Table 'wl.tag' doesn't exist in C:\xampp\htdocs\codi\system\Database\MySQLi\Connection.php:295
Stack trace:
#0 C:\xampp\htdocs\codi\system\Database\MySQLi\Connection.php(295): mysqli->query('SELECT *\nFROM `...', 0)
#1 C:\xampp\htdocs\codi\system\Database\BaseConnection.php(692): CodeIgniter\Database\MySQLi\Connection->execute('SELECT *\nFROM `...')
#2 C:\xampp\htdocs\codi\system\Database\BaseConnection.php(606): CodeIgniter\Database\BaseConnection->simpleQuery('SELECT *\nFROM `...')
#3 C:\xampp\htdocs\codi\system\Database\BaseBuilder.php(1616): CodeIgniter\Database\BaseConnection->query('SELECT *\nFROM `...', Array, false)
#4 C:\xampp\htdocs\codi\system\Model.php(203): CodeIgniter\Database\BaseBuilder->get()
#5 C:\xampp\htdocs\codi\system\BaseModel.php(557): CodeIgniter\Model->doFind(false, NULL)
#6 C:\xampp\htdocs\codi\app\Controllers\DesenhistaPost.php(1161): CodeIgniter\BaseModel->find()
#7 C:\xampp\htdocs\codi\system\CodeIgniter.php(934): App\Controllers\DesenhistaPost->desenho_tag_lista()
#8 C:\xampp\htdocs\codi\system\CodeIgniter.php(499): CodeIgniter\CodeIgniter->runController(Object(App\Controllers\DesenhistaPost))
#9 C:\xampp\htdocs\codi\system\CodeIgniter.php(368): CodeIgniter\CodeIgniter->handleRequest(NULL, Object(Config\Cache), false)
#10 C:\xampp\htdocs\codi\public\index.php(67): CodeIgniter\CodeIgniter->run()
#11 {main}
CRITICAL - 2023-10-26 21:53:37 --> Table 'wl.tag' doesn't exist
in SYSTEMPATH\Database\MySQLi\Connection.php on line 295.
 1 SYSTEMPATH\Database\MySQLi\Connection.php(295): mysqli->query('SELECT *
FROM `tag`', 0)
 2 SYSTEMPATH\Database\BaseConnection.php(692): CodeIgniter\Database\MySQLi\Connection->execute('SELECT *
FROM `tag`')
 3 SYSTEMPATH\Database\BaseConnection.php(606): CodeIgniter\Database\BaseConnection->simpleQuery('SELECT *
FROM `tag`')
 4 SYSTEMPATH\Database\BaseBuilder.php(1616): CodeIgniter\Database\BaseConnection->query('SELECT *
FROM `tag`', [], false)
 5 SYSTEMPATH\Model.php(203): CodeIgniter\Database\BaseBuilder->get()
 6 SYSTEMPATH\BaseModel.php(557): CodeIgniter\Model->doFind(false, null)
 7 APPPATH\Controllers\DesenhistaPost.php(1161): CodeIgniter\BaseModel->find()
 8 SYSTEMPATH\CodeIgniter.php(934): App\Controllers\DesenhistaPost->desenho_tag_lista()
 9 SYSTEMPATH\CodeIgniter.php(499): CodeIgniter\CodeIgniter->runController(Object(App\Controllers\DesenhistaPost))
10 SYSTEMPATH\CodeIgniter.php(368): CodeIgniter\CodeIgniter->handleRequest(null, Object(Config\Cache), false)
11 FCPATH\index.php(67): CodeIgniter\CodeIgniter->run()
ERROR - 2023-10-26 21:53:37 --> mysqli_sql_exception: Table 'wl.tag' doesn't exist in C:\xampp\htdocs\codi\system\Database\MySQLi\Connection.php:295
Stack trace:
#0 C:\xampp\htdocs\codi\system\Database\MySQLi\Connection.php(295): mysqli->query('SELECT *\nFROM `...', 0)
#1 C:\xampp\htdocs\codi\system\Database\BaseConnection.php(692): CodeIgniter\Database\MySQLi\Connection->execute('SELECT *\nFROM `...')
#2 C:\xampp\htdocs\codi\system\Database\BaseConnection.php(606): CodeIgniter\Database\BaseConnection->simpleQuery('SELECT *\nFROM `...')
#3 C:\xampp\htdocs\codi\system\Database\BaseBuilder.php(1616): CodeIgniter\Database\BaseConnection->query('SELECT *\nFROM `...', Array, false)
#4 C:\xampp\htdocs\codi\system\Model.php(203): CodeIgniter\Database\BaseBuilder->get()
#5 C:\xampp\htdocs\codi\system\BaseModel.php(557): CodeIgniter\Model->doFind(false, NULL)
#6 C:\xampp\htdocs\codi\app\Controllers\DesenhistaPost.php(1161): CodeIgniter\BaseModel->find()
#7 C:\xampp\htdocs\codi\system\CodeIgniter.php(934): App\Controllers\DesenhistaPost->desenho_tag_lista()
#8 C:\xampp\htdocs\codi\system\CodeIgniter.php(499): CodeIgniter\CodeIgniter->runController(Object(App\Controllers\DesenhistaPost))
#9 C:\xampp\htdocs\codi\system\CodeIgniter.php(368): CodeIgniter\CodeIgniter->handleRequest(NULL, Object(Config\Cache), false)
#10 C:\xampp\htdocs\codi\public\index.php(67): CodeIgniter\CodeIgniter->run()
#11 {main}
CRITICAL - 2023-10-26 21:53:37 --> Table 'wl.tag' doesn't exist
in SYSTEMPATH\Database\MySQLi\Connection.php on line 295.
 1 SYSTEMPATH\Database\MySQLi\Connection.php(295): mysqli->query('SELECT *
FROM `tag`', 0)
 2 SYSTEMPATH\Database\BaseConnection.php(692): CodeIgniter\Database\MySQLi\Connection->execute('SELECT *
FROM `tag`')
 3 SYSTEMPATH\Database\BaseConnection.php(606): CodeIgniter\Database\BaseConnection->simpleQuery('SELECT *
FROM `tag`')
 4 SYSTEMPATH\Database\BaseBuilder.php(1616): CodeIgniter\Database\BaseConnection->query('SELECT *
FROM `tag`', [], false)
 5 SYSTEMPATH\Model.php(203): CodeIgniter\Database\BaseBuilder->get()
 6 SYSTEMPATH\BaseModel.php(557): CodeIgniter\Model->doFind(false, null)
 7 APPPATH\Controllers\DesenhistaPost.php(1161): CodeIgniter\BaseModel->find()
 8 SYSTEMPATH\CodeIgniter.php(934): App\Controllers\DesenhistaPost->desenho_tag_lista()
 9 SYSTEMPATH\CodeIgniter.php(499): CodeIgniter\CodeIgniter->runController(Object(App\Controllers\DesenhistaPost))
10 SYSTEMPATH\CodeIgniter.php(368): CodeIgniter\CodeIgniter->handleRequest(null, Object(Config\Cache), false)
11 FCPATH\index.php(67): CodeIgniter\CodeIgniter->run()
ERROR - 2023-10-26 21:53:38 --> mysqli_sql_exception: Table 'wl.tag' doesn't exist in C:\xampp\htdocs\codi\system\Database\MySQLi\Connection.php:295
Stack trace:
#0 C:\xampp\htdocs\codi\system\Database\MySQLi\Connection.php(295): mysqli->query('SELECT *\nFROM `...', 0)
#1 C:\xampp\htdocs\codi\system\Database\BaseConnection.php(692): CodeIgniter\Database\MySQLi\Connection->execute('SELECT *\nFROM `...')
#2 C:\xampp\htdocs\codi\system\Database\BaseConnection.php(606): CodeIgniter\Database\BaseConnection->simpleQuery('SELECT *\nFROM `...')
#3 C:\xampp\htdocs\codi\system\Database\BaseBuilder.php(1616): CodeIgniter\Database\BaseConnection->query('SELECT *\nFROM `...', Array, false)
#4 C:\xampp\htdocs\codi\system\Model.php(203): CodeIgniter\Database\BaseBuilder->get()
#5 C:\xampp\htdocs\codi\system\BaseModel.php(557): CodeIgniter\Model->doFind(false, NULL)
#6 C:\xampp\htdocs\codi\app\Controllers\DesenhistaPost.php(1161): CodeIgniter\BaseModel->find()
#7 C:\xampp\htdocs\codi\system\CodeIgniter.php(934): App\Controllers\DesenhistaPost->desenho_tag_lista()
#8 C:\xampp\htdocs\codi\system\CodeIgniter.php(499): CodeIgniter\CodeIgniter->runController(Object(App\Controllers\DesenhistaPost))
#9 C:\xampp\htdocs\codi\system\CodeIgniter.php(368): CodeIgniter\CodeIgniter->handleRequest(NULL, Object(Config\Cache), false)
#10 C:\xampp\htdocs\codi\public\index.php(67): CodeIgniter\CodeIgniter->run()
#11 {main}
CRITICAL - 2023-10-26 21:53:38 --> Table 'wl.tag' doesn't exist
in SYSTEMPATH\Database\MySQLi\Connection.php on line 295.
 1 SYSTEMPATH\Database\MySQLi\Connection.php(295): mysqli->query('SELECT *
FROM `tag`', 0)
 2 SYSTEMPATH\Database\BaseConnection.php(692): CodeIgniter\Database\MySQLi\Connection->execute('SELECT *
FROM `tag`')
 3 SYSTEMPATH\Database\BaseConnection.php(606): CodeIgniter\Database\BaseConnection->simpleQuery('SELECT *
FROM `tag`')
 4 SYSTEMPATH\Database\BaseBuilder.php(1616): CodeIgniter\Database\BaseConnection->query('SELECT *
FROM `tag`', [], false)
 5 SYSTEMPATH\Model.php(203): CodeIgniter\Database\BaseBuilder->get()
 6 SYSTEMPATH\BaseModel.php(557): CodeIgniter\Model->doFind(false, null)
 7 APPPATH\Controllers\DesenhistaPost.php(1161): CodeIgniter\BaseModel->find()
 8 SYSTEMPATH\CodeIgniter.php(934): App\Controllers\DesenhistaPost->desenho_tag_lista()
 9 SYSTEMPATH\CodeIgniter.php(499): CodeIgniter\CodeIgniter->runController(Object(App\Controllers\DesenhistaPost))
10 SYSTEMPATH\CodeIgniter.php(368): CodeIgniter\CodeIgniter->handleRequest(null, Object(Config\Cache), false)
11 FCPATH\index.php(67): CodeIgniter\CodeIgniter->run()
ERROR - 2023-10-26 21:53:38 --> mysqli_sql_exception: Table 'wl.tag' doesn't exist in C:\xampp\htdocs\codi\system\Database\MySQLi\Connection.php:295
Stack trace:
#0 C:\xampp\htdocs\codi\system\Database\MySQLi\Connection.php(295): mysqli->query('SELECT *\nFROM `...', 0)
#1 C:\xampp\htdocs\codi\system\Database\BaseConnection.php(692): CodeIgniter\Database\MySQLi\Connection->execute('SELECT *\nFROM `...')
#2 C:\xampp\htdocs\codi\system\Database\BaseConnection.php(606): CodeIgniter\Database\BaseConnection->simpleQuery('SELECT *\nFROM `...')
#3 C:\xampp\htdocs\codi\system\Database\BaseBuilder.php(1616): CodeIgniter\Database\BaseConnection->query('SELECT *\nFROM `...', Array, false)
#4 C:\xampp\htdocs\codi\system\Model.php(203): CodeIgniter\Database\BaseBuilder->get()
#5 C:\xampp\htdocs\codi\system\BaseModel.php(557): CodeIgniter\Model->doFind(false, NULL)
#6 C:\xampp\htdocs\codi\app\Controllers\DesenhistaPost.php(1161): CodeIgniter\BaseModel->find()
#7 C:\xampp\htdocs\codi\system\CodeIgniter.php(934): App\Controllers\DesenhistaPost->desenho_tag_lista()
#8 C:\xampp\htdocs\codi\system\CodeIgniter.php(499): CodeIgniter\CodeIgniter->runController(Object(App\Controllers\DesenhistaPost))
#9 C:\xampp\htdocs\codi\system\CodeIgniter.php(368): CodeIgniter\CodeIgniter->handleRequest(NULL, Object(Config\Cache), false)
#10 C:\xampp\htdocs\codi\public\index.php(67): CodeIgniter\CodeIgniter->run()
#11 {main}
CRITICAL - 2023-10-26 21:53:38 --> Table 'wl.tag' doesn't exist
in SYSTEMPATH\Database\MySQLi\Connection.php on line 295.
 1 SYSTEMPATH\Database\MySQLi\Connection.php(295): mysqli->query('SELECT *
FROM `tag`', 0)
 2 SYSTEMPATH\Database\BaseConnection.php(692): CodeIgniter\Database\MySQLi\Connection->execute('SELECT *
FROM `tag`')
 3 SYSTEMPATH\Database\BaseConnection.php(606): CodeIgniter\Database\BaseConnection->simpleQuery('SELECT *
FROM `tag`')
 4 SYSTEMPATH\Database\BaseBuilder.php(1616): CodeIgniter\Database\BaseConnection->query('SELECT *
FROM `tag`', [], false)
 5 SYSTEMPATH\Model.php(203): CodeIgniter\Database\BaseBuilder->get()
 6 SYSTEMPATH\BaseModel.php(557): CodeIgniter\Model->doFind(false, null)
 7 APPPATH\Controllers\DesenhistaPost.php(1161): CodeIgniter\BaseModel->find()
 8 SYSTEMPATH\CodeIgniter.php(934): App\Controllers\DesenhistaPost->desenho_tag_lista()
 9 SYSTEMPATH\CodeIgniter.php(499): CodeIgniter\CodeIgniter->runController(Object(App\Controllers\DesenhistaPost))
10 SYSTEMPATH\CodeIgniter.php(368): CodeIgniter\CodeIgniter->handleRequest(null, Object(Config\Cache), false)
11 FCPATH\index.php(67): CodeIgniter\CodeIgniter->run()
ERROR - 2023-10-26 21:53:39 --> mysqli_sql_exception: Table 'wl.tag' doesn't exist in C:\xampp\htdocs\codi\system\Database\MySQLi\Connection.php:295
Stack trace:
#0 C:\xampp\htdocs\codi\system\Database\MySQLi\Connection.php(295): mysqli->query('SELECT *\nFROM `...', 0)
#1 C:\xampp\htdocs\codi\system\Database\BaseConnection.php(692): CodeIgniter\Database\MySQLi\Connection->execute('SELECT *\nFROM `...')
#2 C:\xampp\htdocs\codi\system\Database\BaseConnection.php(606): CodeIgniter\Database\BaseConnection->simpleQuery('SELECT *\nFROM `...')
#3 C:\xampp\htdocs\codi\system\Database\BaseBuilder.php(1616): CodeIgniter\Database\BaseConnection->query('SELECT *\nFROM `...', Array, false)
#4 C:\xampp\htdocs\codi\system\Model.php(203): CodeIgniter\Database\BaseBuilder->get()
#5 C:\xampp\htdocs\codi\system\BaseModel.php(557): CodeIgniter\Model->doFind(false, NULL)
#6 C:\xampp\htdocs\codi\app\Controllers\DesenhistaPost.php(1161): CodeIgniter\BaseModel->find()
#7 C:\xampp\htdocs\codi\system\CodeIgniter.php(934): App\Controllers\DesenhistaPost->desenho_tag_lista()
#8 C:\xampp\htdocs\codi\system\CodeIgniter.php(499): CodeIgniter\CodeIgniter->runController(Object(App\Controllers\DesenhistaPost))
#9 C:\xampp\htdocs\codi\system\CodeIgniter.php(368): CodeIgniter\CodeIgniter->handleRequest(NULL, Object(Config\Cache), false)
#10 C:\xampp\htdocs\codi\public\index.php(67): CodeIgniter\CodeIgniter->run()
#11 {main}
CRITICAL - 2023-10-26 21:53:39 --> Table 'wl.tag' doesn't exist
in SYSTEMPATH\Database\MySQLi\Connection.php on line 295.
 1 SYSTEMPATH\Database\MySQLi\Connection.php(295): mysqli->query('SELECT *
FROM `tag`', 0)
 2 SYSTEMPATH\Database\BaseConnection.php(692): CodeIgniter\Database\MySQLi\Connection->execute('SELECT *
FROM `tag`')
 3 SYSTEMPATH\Database\BaseConnection.php(606): CodeIgniter\Database\BaseConnection->simpleQuery('SELECT *
FROM `tag`')
 4 SYSTEMPATH\Database\BaseBuilder.php(1616): CodeIgniter\Database\BaseConnection->query('SELECT *
FROM `tag`', [], false)
 5 SYSTEMPATH\Model.php(203): CodeIgniter\Database\BaseBuilder->get()
 6 SYSTEMPATH\BaseModel.php(557): CodeIgniter\Model->doFind(false, null)
 7 APPPATH\Controllers\DesenhistaPost.php(1161): CodeIgniter\BaseModel->find()
 8 SYSTEMPATH\CodeIgniter.php(934): App\Controllers\DesenhistaPost->desenho_tag_lista()
 9 SYSTEMPATH\CodeIgniter.php(499): CodeIgniter\CodeIgniter->runController(Object(App\Controllers\DesenhistaPost))
10 SYSTEMPATH\CodeIgniter.php(368): CodeIgniter\CodeIgniter->handleRequest(null, Object(Config\Cache), false)
11 FCPATH\index.php(67): CodeIgniter\CodeIgniter->run()
ERROR - 2023-10-26 21:53:39 --> mysqli_sql_exception: Table 'wl.tag' doesn't exist in C:\xampp\htdocs\codi\system\Database\MySQLi\Connection.php:295
Stack trace:
#0 C:\xampp\htdocs\codi\system\Database\MySQLi\Connection.php(295): mysqli->query('SELECT *\nFROM `...', 0)
#1 C:\xampp\htdocs\codi\system\Database\BaseConnection.php(692): CodeIgniter\Database\MySQLi\Connection->execute('SELECT *\nFROM `...')
#2 C:\xampp\htdocs\codi\system\Database\BaseConnection.php(606): CodeIgniter\Database\BaseConnection->simpleQuery('SELECT *\nFROM `...')
#3 C:\xampp\htdocs\codi\system\Database\BaseBuilder.php(1616): CodeIgniter\Database\BaseConnection->query('SELECT *\nFROM `...', Array, false)
#4 C:\xampp\htdocs\codi\system\Model.php(203): CodeIgniter\Database\BaseBuilder->get()
#5 C:\xampp\htdocs\codi\system\BaseModel.php(557): CodeIgniter\Model->doFind(false, NULL)
#6 C:\xampp\htdocs\codi\app\Controllers\DesenhistaPost.php(1161): CodeIgniter\BaseModel->find()
#7 C:\xampp\htdocs\codi\system\CodeIgniter.php(934): App\Controllers\DesenhistaPost->desenho_tag_lista()
#8 C:\xampp\htdocs\codi\system\CodeIgniter.php(499): CodeIgniter\CodeIgniter->runController(Object(App\Controllers\DesenhistaPost))
#9 C:\xampp\htdocs\codi\system\CodeIgniter.php(368): CodeIgniter\CodeIgniter->handleRequest(NULL, Object(Config\Cache), false)
#10 C:\xampp\htdocs\codi\public\index.php(67): CodeIgniter\CodeIgniter->run()
#11 {main}
CRITICAL - 2023-10-26 21:53:39 --> Table 'wl.tag' doesn't exist
in SYSTEMPATH\Database\MySQLi\Connection.php on line 295.
 1 SYSTEMPATH\Database\MySQLi\Connection.php(295): mysqli->query('SELECT *
FROM `tag`', 0)
 2 SYSTEMPATH\Database\BaseConnection.php(692): CodeIgniter\Database\MySQLi\Connection->execute('SELECT *
FROM `tag`')
 3 SYSTEMPATH\Database\BaseConnection.php(606): CodeIgniter\Database\BaseConnection->simpleQuery('SELECT *
FROM `tag`')
 4 SYSTEMPATH\Database\BaseBuilder.php(1616): CodeIgniter\Database\BaseConnection->query('SELECT *
FROM `tag`', [], false)
 5 SYSTEMPATH\Model.php(203): CodeIgniter\Database\BaseBuilder->get()
 6 SYSTEMPATH\BaseModel.php(557): CodeIgniter\Model->doFind(false, null)
 7 APPPATH\Controllers\DesenhistaPost.php(1161): CodeIgniter\BaseModel->find()
 8 SYSTEMPATH\CodeIgniter.php(934): App\Controllers\DesenhistaPost->desenho_tag_lista()
 9 SYSTEMPATH\CodeIgniter.php(499): CodeIgniter\CodeIgniter->runController(Object(App\Controllers\DesenhistaPost))
10 SYSTEMPATH\CodeIgniter.php(368): CodeIgniter\CodeIgniter->handleRequest(null, Object(Config\Cache), false)
11 FCPATH\index.php(67): CodeIgniter\CodeIgniter->run()
ERROR - 2023-10-26 21:53:40 --> mysqli_sql_exception: Table 'wl.tag' doesn't exist in C:\xampp\htdocs\codi\system\Database\MySQLi\Connection.php:295
Stack trace:
#0 C:\xampp\htdocs\codi\system\Database\MySQLi\Connection.php(295): mysqli->query('SELECT *\nFROM `...', 0)
#1 C:\xampp\htdocs\codi\system\Database\BaseConnection.php(692): CodeIgniter\Database\MySQLi\Connection->execute('SELECT *\nFROM `...')
#2 C:\xampp\htdocs\codi\system\Database\BaseConnection.php(606): CodeIgniter\Database\BaseConnection->simpleQuery('SELECT *\nFROM `...')
#3 C:\xampp\htdocs\codi\system\Database\BaseBuilder.php(1616): CodeIgniter\Database\BaseConnection->query('SELECT *\nFROM `...', Array, false)
#4 C:\xampp\htdocs\codi\system\Model.php(203): CodeIgniter\Database\BaseBuilder->get()
#5 C:\xampp\htdocs\codi\system\BaseModel.php(557): CodeIgniter\Model->doFind(false, NULL)
#6 C:\xampp\htdocs\codi\app\Controllers\DesenhistaPost.php(1161): CodeIgniter\BaseModel->find()
#7 C:\xampp\htdocs\codi\system\CodeIgniter.php(934): App\Controllers\DesenhistaPost->desenho_tag_lista()
#8 C:\xampp\htdocs\codi\system\CodeIgniter.php(499): CodeIgniter\CodeIgniter->runController(Object(App\Controllers\DesenhistaPost))
#9 C:\xampp\htdocs\codi\system\CodeIgniter.php(368): CodeIgniter\CodeIgniter->handleRequest(NULL, Object(Config\Cache), false)
#10 C:\xampp\htdocs\codi\public\index.php(67): CodeIgniter\CodeIgniter->run()
#11 {main}
CRITICAL - 2023-10-26 21:53:40 --> Table 'wl.tag' doesn't exist
in SYSTEMPATH\Database\MySQLi\Connection.php on line 295.
 1 SYSTEMPATH\Database\MySQLi\Connection.php(295): mysqli->query('SELECT *
FROM `tag`', 0)
 2 SYSTEMPATH\Database\BaseConnection.php(692): CodeIgniter\Database\MySQLi\Connection->execute('SELECT *
FROM `tag`')
 3 SYSTEMPATH\Database\BaseConnection.php(606): CodeIgniter\Database\BaseConnection->simpleQuery('SELECT *
FROM `tag`')
 4 SYSTEMPATH\Database\BaseBuilder.php(1616): CodeIgniter\Database\BaseConnection->query('SELECT *
FROM `tag`', [], false)
 5 SYSTEMPATH\Model.php(203): CodeIgniter\Database\BaseBuilder->get()
 6 SYSTEMPATH\BaseModel.php(557): CodeIgniter\Model->doFind(false, null)
 7 APPPATH\Controllers\DesenhistaPost.php(1161): CodeIgniter\BaseModel->find()
 8 SYSTEMPATH\CodeIgniter.php(934): App\Controllers\DesenhistaPost->desenho_tag_lista()
 9 SYSTEMPATH\CodeIgniter.php(499): CodeIgniter\CodeIgniter->runController(Object(App\Controllers\DesenhistaPost))
10 SYSTEMPATH\CodeIgniter.php(368): CodeIgniter\CodeIgniter->handleRequest(null, Object(Config\Cache), false)
11 FCPATH\index.php(67): CodeIgniter\CodeIgniter->run()
ERROR - 2023-10-26 21:53:40 --> mysqli_sql_exception: Table 'wl.tag' doesn't exist in C:\xampp\htdocs\codi\system\Database\MySQLi\Connection.php:295
Stack trace:
#0 C:\xampp\htdocs\codi\system\Database\MySQLi\Connection.php(295): mysqli->query('SELECT *\nFROM `...', 0)
#1 C:\xampp\htdocs\codi\system\Database\BaseConnection.php(692): CodeIgniter\Database\MySQLi\Connection->execute('SELECT *\nFROM `...')
#2 C:\xampp\htdocs\codi\system\Database\BaseConnection.php(606): CodeIgniter\Database\BaseConnection->simpleQuery('SELECT *\nFROM `...')
#3 C:\xampp\htdocs\codi\system\Database\BaseBuilder.php(1616): CodeIgniter\Database\BaseConnection->query('SELECT *\nFROM `...', Array, false)
#4 C:\xampp\htdocs\codi\system\Model.php(203): CodeIgniter\Database\BaseBuilder->get()
#5 C:\xampp\htdocs\codi\system\BaseModel.php(557): CodeIgniter\Model->doFind(false, NULL)
#6 C:\xampp\htdocs\codi\app\Controllers\DesenhistaPost.php(1161): CodeIgniter\BaseModel->find()
#7 C:\xampp\htdocs\codi\system\CodeIgniter.php(934): App\Controllers\DesenhistaPost->desenho_tag_lista()
#8 C:\xampp\htdocs\codi\system\CodeIgniter.php(499): CodeIgniter\CodeIgniter->runController(Object(App\Controllers\DesenhistaPost))
#9 C:\xampp\htdocs\codi\system\CodeIgniter.php(368): CodeIgniter\CodeIgniter->handleRequest(NULL, Object(Config\Cache), false)
#10 C:\xampp\htdocs\codi\public\index.php(67): CodeIgniter\CodeIgniter->run()
#11 {main}
CRITICAL - 2023-10-26 21:53:40 --> Table 'wl.tag' doesn't exist
in SYSTEMPATH\Database\MySQLi\Connection.php on line 295.
 1 SYSTEMPATH\Database\MySQLi\Connection.php(295): mysqli->query('SELECT *
FROM `tag`', 0)
 2 SYSTEMPATH\Database\BaseConnection.php(692): CodeIgniter\Database\MySQLi\Connection->execute('SELECT *
FROM `tag`')
 3 SYSTEMPATH\Database\BaseConnection.php(606): CodeIgniter\Database\BaseConnection->simpleQuery('SELECT *
FROM `tag`')
 4 SYSTEMPATH\Database\BaseBuilder.php(1616): CodeIgniter\Database\BaseConnection->query('SELECT *
FROM `tag`', [], false)
 5 SYSTEMPATH\Model.php(203): CodeIgniter\Database\BaseBuilder->get()
 6 SYSTEMPATH\BaseModel.php(557): CodeIgniter\Model->doFind(false, null)
 7 APPPATH\Controllers\DesenhistaPost.php(1161): CodeIgniter\BaseModel->find()
 8 SYSTEMPATH\CodeIgniter.php(934): App\Controllers\DesenhistaPost->desenho_tag_lista()
 9 SYSTEMPATH\CodeIgniter.php(499): CodeIgniter\CodeIgniter->runController(Object(App\Controllers\DesenhistaPost))
10 SYSTEMPATH\CodeIgniter.php(368): CodeIgniter\CodeIgniter->handleRequest(null, Object(Config\Cache), false)
11 FCPATH\index.php(67): CodeIgniter\CodeIgniter->run()
ERROR - 2023-10-26 21:53:41 --> mysqli_sql_exception: Table 'wl.tag' doesn't exist in C:\xampp\htdocs\codi\system\Database\MySQLi\Connection.php:295
Stack trace:
#0 C:\xampp\htdocs\codi\system\Database\MySQLi\Connection.php(295): mysqli->query('SELECT *\nFROM `...', 0)
#1 C:\xampp\htdocs\codi\system\Database\BaseConnection.php(692): CodeIgniter\Database\MySQLi\Connection->execute('SELECT *\nFROM `...')
#2 C:\xampp\htdocs\codi\system\Database\BaseConnection.php(606): CodeIgniter\Database\BaseConnection->simpleQuery('SELECT *\nFROM `...')
#3 C:\xampp\htdocs\codi\system\Database\BaseBuilder.php(1616): CodeIgniter\Database\BaseConnection->query('SELECT *\nFROM `...', Array, false)
#4 C:\xampp\htdocs\codi\system\Model.php(203): CodeIgniter\Database\BaseBuilder->get()
#5 C:\xampp\htdocs\codi\system\BaseModel.php(557): CodeIgniter\Model->doFind(false, NULL)
#6 C:\xampp\htdocs\codi\app\Controllers\DesenhistaPost.php(1161): CodeIgniter\BaseModel->find()
#7 C:\xampp\htdocs\codi\system\CodeIgniter.php(934): App\Controllers\DesenhistaPost->desenho_tag_lista()
#8 C:\xampp\htdocs\codi\system\CodeIgniter.php(499): CodeIgniter\CodeIgniter->runController(Object(App\Controllers\DesenhistaPost))
#9 C:\xampp\htdocs\codi\system\CodeIgniter.php(368): CodeIgniter\CodeIgniter->handleRequest(NULL, Object(Config\Cache), false)
#10 C:\xampp\htdocs\codi\public\index.php(67): CodeIgniter\CodeIgniter->run()
#11 {main}
CRITICAL - 2023-10-26 21:53:41 --> Table 'wl.tag' doesn't exist
in SYSTEMPATH\Database\MySQLi\Connection.php on line 295.
 1 SYSTEMPATH\Database\MySQLi\Connection.php(295): mysqli->query('SELECT *
FROM `tag`', 0)
 2 SYSTEMPATH\Database\BaseConnection.php(692): CodeIgniter\Database\MySQLi\Connection->execute('SELECT *
FROM `tag`')
 3 SYSTEMPATH\Database\BaseConnection.php(606): CodeIgniter\Database\BaseConnection->simpleQuery('SELECT *
FROM `tag`')
 4 SYSTEMPATH\Database\BaseBuilder.php(1616): CodeIgniter\Database\BaseConnection->query('SELECT *
FROM `tag`', [], false)
 5 SYSTEMPATH\Model.php(203): CodeIgniter\Database\BaseBuilder->get()
 6 SYSTEMPATH\BaseModel.php(557): CodeIgniter\Model->doFind(false, null)
 7 APPPATH\Controllers\DesenhistaPost.php(1161): CodeIgniter\BaseModel->find()
 8 SYSTEMPATH\CodeIgniter.php(934): App\Controllers\DesenhistaPost->desenho_tag_lista()
 9 SYSTEMPATH\CodeIgniter.php(499): CodeIgniter\CodeIgniter->runController(Object(App\Controllers\DesenhistaPost))
10 SYSTEMPATH\CodeIgniter.php(368): CodeIgniter\CodeIgniter->handleRequest(null, Object(Config\Cache), false)
11 FCPATH\index.php(67): CodeIgniter\CodeIgniter->run()
ERROR - 2023-10-26 21:53:41 --> mysqli_sql_exception: Table 'wl.tag' doesn't exist in C:\xampp\htdocs\codi\system\Database\MySQLi\Connection.php:295
Stack trace:
#0 C:\xampp\htdocs\codi\system\Database\MySQLi\Connection.php(295): mysqli->query('SELECT *\nFROM `...', 0)
#1 C:\xampp\htdocs\codi\system\Database\BaseConnection.php(692): CodeIgniter\Database\MySQLi\Connection->execute('SELECT *\nFROM `...')
#2 C:\xampp\htdocs\codi\system\Database\BaseConnection.php(606): CodeIgniter\Database\BaseConnection->simpleQuery('SELECT *\nFROM `...')
#3 C:\xampp\htdocs\codi\system\Database\BaseBuilder.php(1616): CodeIgniter\Database\BaseConnection->query('SELECT *\nFROM `...', Array, false)
#4 C:\xampp\htdocs\codi\system\Model.php(203): CodeIgniter\Database\BaseBuilder->get()
#5 C:\xampp\htdocs\codi\system\BaseModel.php(557): CodeIgniter\Model->doFind(false, NULL)
#6 C:\xampp\htdocs\codi\app\Controllers\DesenhistaPost.php(1161): CodeIgniter\BaseModel->find()
#7 C:\xampp\htdocs\codi\system\CodeIgniter.php(934): App\Controllers\DesenhistaPost->desenho_tag_lista()
#8 C:\xampp\htdocs\codi\system\CodeIgniter.php(499): CodeIgniter\CodeIgniter->runController(Object(App\Controllers\DesenhistaPost))
#9 C:\xampp\htdocs\codi\system\CodeIgniter.php(368): CodeIgniter\CodeIgniter->handleRequest(NULL, Object(Config\Cache), false)
#10 C:\xampp\htdocs\codi\public\index.php(67): CodeIgniter\CodeIgniter->run()
#11 {main}
CRITICAL - 2023-10-26 21:53:41 --> Table 'wl.tag' doesn't exist
in SYSTEMPATH\Database\MySQLi\Connection.php on line 295.
 1 SYSTEMPATH\Database\MySQLi\Connection.php(295): mysqli->query('SELECT *
FROM `tag`', 0)
 2 SYSTEMPATH\Database\BaseConnection.php(692): CodeIgniter\Database\MySQLi\Connection->execute('SELECT *
FROM `tag`')
 3 SYSTEMPATH\Database\BaseConnection.php(606): CodeIgniter\Database\BaseConnection->simpleQuery('SELECT *
FROM `tag`')
 4 SYSTEMPATH\Database\BaseBuilder.php(1616): CodeIgniter\Database\BaseConnection->query('SELECT *
FROM `tag`', [], false)
 5 SYSTEMPATH\Model.php(203): CodeIgniter\Database\BaseBuilder->get()
 6 SYSTEMPATH\BaseModel.php(557): CodeIgniter\Model->doFind(false, null)
 7 APPPATH\Controllers\DesenhistaPost.php(1161): CodeIgniter\BaseModel->find()
 8 SYSTEMPATH\CodeIgniter.php(934): App\Controllers\DesenhistaPost->desenho_tag_lista()
 9 SYSTEMPATH\CodeIgniter.php(499): CodeIgniter\CodeIgniter->runController(Object(App\Controllers\DesenhistaPost))
10 SYSTEMPATH\CodeIgniter.php(368): CodeIgniter\CodeIgniter->handleRequest(null, Object(Config\Cache), false)
11 FCPATH\index.php(67): CodeIgniter\CodeIgniter->run()
ERROR - 2023-10-26 21:53:42 --> mysqli_sql_exception: Table 'wl.tag' doesn't exist in C:\xampp\htdocs\codi\system\Database\MySQLi\Connection.php:295
Stack trace:
#0 C:\xampp\htdocs\codi\system\Database\MySQLi\Connection.php(295): mysqli->query('SELECT *\nFROM `...', 0)
#1 C:\xampp\htdocs\codi\system\Database\BaseConnection.php(692): CodeIgniter\Database\MySQLi\Connection->execute('SELECT *\nFROM `...')
#2 C:\xampp\htdocs\codi\system\Database\BaseConnection.php(606): CodeIgniter\Database\BaseConnection->simpleQuery('SELECT *\nFROM `...')
#3 C:\xampp\htdocs\codi\system\Database\BaseBuilder.php(1616): CodeIgniter\Database\BaseConnection->query('SELECT *\nFROM `...', Array, false)
#4 C:\xampp\htdocs\codi\system\Model.php(203): CodeIgniter\Database\BaseBuilder->get()
#5 C:\xampp\htdocs\codi\system\BaseModel.php(557): CodeIgniter\Model->doFind(false, NULL)
#6 C:\xampp\htdocs\codi\app\Controllers\DesenhistaPost.php(1161): CodeIgniter\BaseModel->find()
#7 C:\xampp\htdocs\codi\system\CodeIgniter.php(934): App\Controllers\DesenhistaPost->desenho_tag_lista()
#8 C:\xampp\htdocs\codi\system\CodeIgniter.php(499): CodeIgniter\CodeIgniter->runController(Object(App\Controllers\DesenhistaPost))
#9 C:\xampp\htdocs\codi\system\CodeIgniter.php(368): CodeIgniter\CodeIgniter->handleRequest(NULL, Object(Config\Cache), false)
#10 C:\xampp\htdocs\codi\public\index.php(67): CodeIgniter\CodeIgniter->run()
#11 {main}
CRITICAL - 2023-10-26 21:53:42 --> Table 'wl.tag' doesn't exist
in SYSTEMPATH\Database\MySQLi\Connection.php on line 295.
 1 SYSTEMPATH\Database\MySQLi\Connection.php(295): mysqli->query('SELECT *
FROM `tag`', 0)
 2 SYSTEMPATH\Database\BaseConnection.php(692): CodeIgniter\Database\MySQLi\Connection->execute('SELECT *
FROM `tag`')
 3 SYSTEMPATH\Database\BaseConnection.php(606): CodeIgniter\Database\BaseConnection->simpleQuery('SELECT *
FROM `tag`')
 4 SYSTEMPATH\Database\BaseBuilder.php(1616): CodeIgniter\Database\BaseConnection->query('SELECT *
FROM `tag`', [], false)
 5 SYSTEMPATH\Model.php(203): CodeIgniter\Database\BaseBuilder->get()
 6 SYSTEMPATH\BaseModel.php(557): CodeIgniter\Model->doFind(false, null)
 7 APPPATH\Controllers\DesenhistaPost.php(1161): CodeIgniter\BaseModel->find()
 8 SYSTEMPATH\CodeIgniter.php(934): App\Controllers\DesenhistaPost->desenho_tag_lista()
 9 SYSTEMPATH\CodeIgniter.php(499): CodeIgniter\CodeIgniter->runController(Object(App\Controllers\DesenhistaPost))
10 SYSTEMPATH\CodeIgniter.php(368): CodeIgniter\CodeIgniter->handleRequest(null, Object(Config\Cache), false)
11 FCPATH\index.php(67): CodeIgniter\CodeIgniter->run()
ERROR - 2023-10-26 21:53:42 --> mysqli_sql_exception: Table 'wl.tag' doesn't exist in C:\xampp\htdocs\codi\system\Database\MySQLi\Connection.php:295
Stack trace:
#0 C:\xampp\htdocs\codi\system\Database\MySQLi\Connection.php(295): mysqli->query('SELECT *\nFROM `...', 0)
#1 C:\xampp\htdocs\codi\system\Database\BaseConnection.php(692): CodeIgniter\Database\MySQLi\Connection->execute('SELECT *\nFROM `...')
#2 C:\xampp\htdocs\codi\system\Database\BaseConnection.php(606): CodeIgniter\Database\BaseConnection->simpleQuery('SELECT *\nFROM `...')
#3 C:\xampp\htdocs\codi\system\Database\BaseBuilder.php(1616): CodeIgniter\Database\BaseConnection->query('SELECT *\nFROM `...', Array, false)
#4 C:\xampp\htdocs\codi\system\Model.php(203): CodeIgniter\Database\BaseBuilder->get()
#5 C:\xampp\htdocs\codi\system\BaseModel.php(557): CodeIgniter\Model->doFind(false, NULL)
#6 C:\xampp\htdocs\codi\app\Controllers\DesenhistaPost.php(1161): CodeIgniter\BaseModel->find()
#7 C:\xampp\htdocs\codi\system\CodeIgniter.php(934): App\Controllers\DesenhistaPost->desenho_tag_lista()
#8 C:\xampp\htdocs\codi\system\CodeIgniter.php(499): CodeIgniter\CodeIgniter->runController(Object(App\Controllers\DesenhistaPost))
#9 C:\xampp\htdocs\codi\system\CodeIgniter.php(368): CodeIgniter\CodeIgniter->handleRequest(NULL, Object(Config\Cache), false)
#10 C:\xampp\htdocs\codi\public\index.php(67): CodeIgniter\CodeIgniter->run()
#11 {main}
CRITICAL - 2023-10-26 21:53:42 --> Table 'wl.tag' doesn't exist
in SYSTEMPATH\Database\MySQLi\Connection.php on line 295.
 1 SYSTEMPATH\Database\MySQLi\Connection.php(295): mysqli->query('SELECT *
FROM `tag`', 0)
 2 SYSTEMPATH\Database\BaseConnection.php(692): CodeIgniter\Database\MySQLi\Connection->execute('SELECT *
FROM `tag`')
 3 SYSTEMPATH\Database\BaseConnection.php(606): CodeIgniter\Database\BaseConnection->simpleQuery('SELECT *
FROM `tag`')
 4 SYSTEMPATH\Database\BaseBuilder.php(1616): CodeIgniter\Database\BaseConnection->query('SELECT *
FROM `tag`', [], false)
 5 SYSTEMPATH\Model.php(203): CodeIgniter\Database\BaseBuilder->get()
 6 SYSTEMPATH\BaseModel.php(557): CodeIgniter\Model->doFind(false, null)
 7 APPPATH\Controllers\DesenhistaPost.php(1161): CodeIgniter\BaseModel->find()
 8 SYSTEMPATH\CodeIgniter.php(934): App\Controllers\DesenhistaPost->desenho_tag_lista()
 9 SYSTEMPATH\CodeIgniter.php(499): CodeIgniter\CodeIgniter->runController(Object(App\Controllers\DesenhistaPost))
10 SYSTEMPATH\CodeIgniter.php(368): CodeIgniter\CodeIgniter->handleRequest(null, Object(Config\Cache), false)
11 FCPATH\index.php(67): CodeIgniter\CodeIgniter->run()
ERROR - 2023-10-26 21:53:43 --> mysqli_sql_exception: Table 'wl.tag' doesn't exist in C:\xampp\htdocs\codi\system\Database\MySQLi\Connection.php:295
Stack trace:
#0 C:\xampp\htdocs\codi\system\Database\MySQLi\Connection.php(295): mysqli->query('SELECT *\nFROM `...', 0)
#1 C:\xampp\htdocs\codi\system\Database\BaseConnection.php(692): CodeIgniter\Database\MySQLi\Connection->execute('SELECT *\nFROM `...')
#2 C:\xampp\htdocs\codi\system\Database\BaseConnection.php(606): CodeIgniter\Database\BaseConnection->simpleQuery('SELECT *\nFROM `...')
#3 C:\xampp\htdocs\codi\system\Database\BaseBuilder.php(1616): CodeIgniter\Database\BaseConnection->query('SELECT *\nFROM `...', Array, false)
#4 C:\xampp\htdocs\codi\system\Model.php(203): CodeIgniter\Database\BaseBuilder->get()
#5 C:\xampp\htdocs\codi\system\BaseModel.php(557): CodeIgniter\Model->doFind(false, NULL)
#6 C:\xampp\htdocs\codi\app\Controllers\DesenhistaPost.php(1161): CodeIgniter\BaseModel->find()
#7 C:\xampp\htdocs\codi\system\CodeIgniter.php(934): App\Controllers\DesenhistaPost->desenho_tag_lista()
#8 C:\xampp\htdocs\codi\system\CodeIgniter.php(499): CodeIgniter\CodeIgniter->runController(Object(App\Controllers\DesenhistaPost))
#9 C:\xampp\htdocs\codi\system\CodeIgniter.php(368): CodeIgniter\CodeIgniter->handleRequest(NULL, Object(Config\Cache), false)
#10 C:\xampp\htdocs\codi\public\index.php(67): CodeIgniter\CodeIgniter->run()
#11 {main}
CRITICAL - 2023-10-26 21:53:43 --> Table 'wl.tag' doesn't exist
in SYSTEMPATH\Database\MySQLi\Connection.php on line 295.
 1 SYSTEMPATH\Database\MySQLi\Connection.php(295): mysqli->query('SELECT *
FROM `tag`', 0)
 2 SYSTEMPATH\Database\BaseConnection.php(692): CodeIgniter\Database\MySQLi\Connection->execute('SELECT *
FROM `tag`')
 3 SYSTEMPATH\Database\BaseConnection.php(606): CodeIgniter\Database\BaseConnection->simpleQuery('SELECT *
FROM `tag`')
 4 SYSTEMPATH\Database\BaseBuilder.php(1616): CodeIgniter\Database\BaseConnection->query('SELECT *
FROM `tag`', [], false)
 5 SYSTEMPATH\Model.php(203): CodeIgniter\Database\BaseBuilder->get()
 6 SYSTEMPATH\BaseModel.php(557): CodeIgniter\Model->doFind(false, null)
 7 APPPATH\Controllers\DesenhistaPost.php(1161): CodeIgniter\BaseModel->find()
 8 SYSTEMPATH\CodeIgniter.php(934): App\Controllers\DesenhistaPost->desenho_tag_lista()
 9 SYSTEMPATH\CodeIgniter.php(499): CodeIgniter\CodeIgniter->runController(Object(App\Controllers\DesenhistaPost))
10 SYSTEMPATH\CodeIgniter.php(368): CodeIgniter\CodeIgniter->handleRequest(null, Object(Config\Cache), false)
11 FCPATH\index.php(67): CodeIgniter\CodeIgniter->run()
ERROR - 2023-10-26 21:53:43 --> mysqli_sql_exception: Table 'wl.tag' doesn't exist in C:\xampp\htdocs\codi\system\Database\MySQLi\Connection.php:295
Stack trace:
#0 C:\xampp\htdocs\codi\system\Database\MySQLi\Connection.php(295): mysqli->query('SELECT *\nFROM `...', 0)
#1 C:\xampp\htdocs\codi\system\Database\BaseConnection.php(692): CodeIgniter\Database\MySQLi\Connection->execute('SELECT *\nFROM `...')
#2 C:\xampp\htdocs\codi\system\Database\BaseConnection.php(606): CodeIgniter\Database\BaseConnection->simpleQuery('SELECT *\nFROM `...')
#3 C:\xampp\htdocs\codi\system\Database\BaseBuilder.php(1616): CodeIgniter\Database\BaseConnection->query('SELECT *\nFROM `...', Array, false)
#4 C:\xampp\htdocs\codi\system\Model.php(203): CodeIgniter\Database\BaseBuilder->get()
#5 C:\xampp\htdocs\codi\system\BaseModel.php(557): CodeIgniter\Model->doFind(false, NULL)
#6 C:\xampp\htdocs\codi\app\Controllers\DesenhistaPost.php(1161): CodeIgniter\BaseModel->find()
#7 C:\xampp\htdocs\codi\system\CodeIgniter.php(934): App\Controllers\DesenhistaPost->desenho_tag_lista()
#8 C:\xampp\htdocs\codi\system\CodeIgniter.php(499): CodeIgniter\CodeIgniter->runController(Object(App\Controllers\DesenhistaPost))
#9 C:\xampp\htdocs\codi\system\CodeIgniter.php(368): CodeIgniter\CodeIgniter->handleRequest(NULL, Object(Config\Cache), false)
#10 C:\xampp\htdocs\codi\public\index.php(67): CodeIgniter\CodeIgniter->run()
#11 {main}
CRITICAL - 2023-10-26 21:53:43 --> Table 'wl.tag' doesn't exist
in SYSTEMPATH\Database\MySQLi\Connection.php on line 295.
 1 SYSTEMPATH\Database\MySQLi\Connection.php(295): mysqli->query('SELECT *
FROM `tag`', 0)
 2 SYSTEMPATH\Database\BaseConnection.php(692): CodeIgniter\Database\MySQLi\Connection->execute('SELECT *
FROM `tag`')
 3 SYSTEMPATH\Database\BaseConnection.php(606): CodeIgniter\Database\BaseConnection->simpleQuery('SELECT *
FROM `tag`')
 4 SYSTEMPATH\Database\BaseBuilder.php(1616): CodeIgniter\Database\BaseConnection->query('SELECT *
FROM `tag`', [], false)
 5 SYSTEMPATH\Model.php(203): CodeIgniter\Database\BaseBuilder->get()
 6 SYSTEMPATH\BaseModel.php(557): CodeIgniter\Model->doFind(false, null)
 7 APPPATH\Controllers\DesenhistaPost.php(1161): CodeIgniter\BaseModel->find()
 8 SYSTEMPATH\CodeIgniter.php(934): App\Controllers\DesenhistaPost->desenho_tag_lista()
 9 SYSTEMPATH\CodeIgniter.php(499): CodeIgniter\CodeIgniter->runController(Object(App\Controllers\DesenhistaPost))
10 SYSTEMPATH\CodeIgniter.php(368): CodeIgniter\CodeIgniter->handleRequest(null, Object(Config\Cache), false)
11 FCPATH\index.php(67): CodeIgniter\CodeIgniter->run()
ERROR - 2023-10-26 21:53:44 --> mysqli_sql_exception: Table 'wl.tag' doesn't exist in C:\xampp\htdocs\codi\system\Database\MySQLi\Connection.php:295
Stack trace:
#0 C:\xampp\htdocs\codi\system\Database\MySQLi\Connection.php(295): mysqli->query('SELECT *\nFROM `...', 0)
#1 C:\xampp\htdocs\codi\system\Database\BaseConnection.php(692): CodeIgniter\Database\MySQLi\Connection->execute('SELECT *\nFROM `...')
#2 C:\xampp\htdocs\codi\system\Database\BaseConnection.php(606): CodeIgniter\Database\BaseConnection->simpleQuery('SELECT *\nFROM `...')
#3 C:\xampp\htdocs\codi\system\Database\BaseBuilder.php(1616): CodeIgniter\Database\BaseConnection->query('SELECT *\nFROM `...', Array, false)
#4 C:\xampp\htdocs\codi\system\Model.php(203): CodeIgniter\Database\BaseBuilder->get()
#5 C:\xampp\htdocs\codi\system\BaseModel.php(557): CodeIgniter\Model->doFind(false, NULL)
#6 C:\xampp\htdocs\codi\app\Controllers\DesenhistaPost.php(1161): CodeIgniter\BaseModel->find()
#7 C:\xampp\htdocs\codi\system\CodeIgniter.php(934): App\Controllers\DesenhistaPost->desenho_tag_lista()
#8 C:\xampp\htdocs\codi\system\CodeIgniter.php(499): CodeIgniter\CodeIgniter->runController(Object(App\Controllers\DesenhistaPost))
#9 C:\xampp\htdocs\codi\system\CodeIgniter.php(368): CodeIgniter\CodeIgniter->handleRequest(NULL, Object(Config\Cache), false)
#10 C:\xampp\htdocs\codi\public\index.php(67): CodeIgniter\CodeIgniter->run()
#11 {main}
CRITICAL - 2023-10-26 21:53:44 --> Table 'wl.tag' doesn't exist
in SYSTEMPATH\Database\MySQLi\Connection.php on line 295.
 1 SYSTEMPATH\Database\MySQLi\Connection.php(295): mysqli->query('SELECT *
FROM `tag`', 0)
 2 SYSTEMPATH\Database\BaseConnection.php(692): CodeIgniter\Database\MySQLi\Connection->execute('SELECT *
FROM `tag`')
 3 SYSTEMPATH\Database\BaseConnection.php(606): CodeIgniter\Database\BaseConnection->simpleQuery('SELECT *
FROM `tag`')
 4 SYSTEMPATH\Database\BaseBuilder.php(1616): CodeIgniter\Database\BaseConnection->query('SELECT *
FROM `tag`', [], false)
 5 SYSTEMPATH\Model.php(203): CodeIgniter\Database\BaseBuilder->get()
 6 SYSTEMPATH\BaseModel.php(557): CodeIgniter\Model->doFind(false, null)
 7 APPPATH\Controllers\DesenhistaPost.php(1161): CodeIgniter\BaseModel->find()
 8 SYSTEMPATH\CodeIgniter.php(934): App\Controllers\DesenhistaPost->desenho_tag_lista()
 9 SYSTEMPATH\CodeIgniter.php(499): CodeIgniter\CodeIgniter->runController(Object(App\Controllers\DesenhistaPost))
10 SYSTEMPATH\CodeIgniter.php(368): CodeIgniter\CodeIgniter->handleRequest(null, Object(Config\Cache), false)
11 FCPATH\index.php(67): CodeIgniter\CodeIgniter->run()
ERROR - 2023-10-26 21:53:44 --> mysqli_sql_exception: Table 'wl.tag' doesn't exist in C:\xampp\htdocs\codi\system\Database\MySQLi\Connection.php:295
Stack trace:
#0 C:\xampp\htdocs\codi\system\Database\MySQLi\Connection.php(295): mysqli->query('SELECT *\nFROM `...', 0)
#1 C:\xampp\htdocs\codi\system\Database\BaseConnection.php(692): CodeIgniter\Database\MySQLi\Connection->execute('SELECT *\nFROM `...')
#2 C:\xampp\htdocs\codi\system\Database\BaseConnection.php(606): CodeIgniter\Database\BaseConnection->simpleQuery('SELECT *\nFROM `...')
#3 C:\xampp\htdocs\codi\system\Database\BaseBuilder.php(1616): CodeIgniter\Database\BaseConnection->query('SELECT *\nFROM `...', Array, false)
#4 C:\xampp\htdocs\codi\system\Model.php(203): CodeIgniter\Database\BaseBuilder->get()
#5 C:\xampp\htdocs\codi\system\BaseModel.php(557): CodeIgniter\Model->doFind(false, NULL)
#6 C:\xampp\htdocs\codi\app\Controllers\DesenhistaPost.php(1161): CodeIgniter\BaseModel->find()
#7 C:\xampp\htdocs\codi\system\CodeIgniter.php(934): App\Controllers\DesenhistaPost->desenho_tag_lista()
#8 C:\xampp\htdocs\codi\system\CodeIgniter.php(499): CodeIgniter\CodeIgniter->runController(Object(App\Controllers\DesenhistaPost))
#9 C:\xampp\htdocs\codi\system\CodeIgniter.php(368): CodeIgniter\CodeIgniter->handleRequest(NULL, Object(Config\Cache), false)
#10 C:\xampp\htdocs\codi\public\index.php(67): CodeIgniter\CodeIgniter->run()
#11 {main}
CRITICAL - 2023-10-26 21:53:44 --> Table 'wl.tag' doesn't exist
in SYSTEMPATH\Database\MySQLi\Connection.php on line 295.
 1 SYSTEMPATH\Database\MySQLi\Connection.php(295): mysqli->query('SELECT *
FROM `tag`', 0)
 2 SYSTEMPATH\Database\BaseConnection.php(692): CodeIgniter\Database\MySQLi\Connection->execute('SELECT *
FROM `tag`')
 3 SYSTEMPATH\Database\BaseConnection.php(606): CodeIgniter\Database\BaseConnection->simpleQuery('SELECT *
FROM `tag`')
 4 SYSTEMPATH\Database\BaseBuilder.php(1616): CodeIgniter\Database\BaseConnection->query('SELECT *
FROM `tag`', [], false)
 5 SYSTEMPATH\Model.php(203): CodeIgniter\Database\BaseBuilder->get()
 6 SYSTEMPATH\BaseModel.php(557): CodeIgniter\Model->doFind(false, null)
 7 APPPATH\Controllers\DesenhistaPost.php(1161): CodeIgniter\BaseModel->find()
 8 SYSTEMPATH\CodeIgniter.php(934): App\Controllers\DesenhistaPost->desenho_tag_lista()
 9 SYSTEMPATH\CodeIgniter.php(499): CodeIgniter\CodeIgniter->runController(Object(App\Controllers\DesenhistaPost))
10 SYSTEMPATH\CodeIgniter.php(368): CodeIgniter\CodeIgniter->handleRequest(null, Object(Config\Cache), false)
11 FCPATH\index.php(67): CodeIgniter\CodeIgniter->run()
ERROR - 2023-10-26 21:53:45 --> mysqli_sql_exception: Table 'wl.tag' doesn't exist in C:\xampp\htdocs\codi\system\Database\MySQLi\Connection.php:295
Stack trace:
#0 C:\xampp\htdocs\codi\system\Database\MySQLi\Connection.php(295): mysqli->query('SELECT *\nFROM `...', 0)
#1 C:\xampp\htdocs\codi\system\Database\BaseConnection.php(692): CodeIgniter\Database\MySQLi\Connection->execute('SELECT *\nFROM `...')
#2 C:\xampp\htdocs\codi\system\Database\BaseConnection.php(606): CodeIgniter\Database\BaseConnection->simpleQuery('SELECT *\nFROM `...')
#3 C:\xampp\htdocs\codi\system\Database\BaseBuilder.php(1616): CodeIgniter\Database\BaseConnection->query('SELECT *\nFROM `...', Array, false)
#4 C:\xampp\htdocs\codi\system\Model.php(203): CodeIgniter\Database\BaseBuilder->get()
#5 C:\xampp\htdocs\codi\system\BaseModel.php(557): CodeIgniter\Model->doFind(false, NULL)
#6 C:\xampp\htdocs\codi\app\Controllers\DesenhistaPost.php(1161): CodeIgniter\BaseModel->find()
#7 C:\xampp\htdocs\codi\system\CodeIgniter.php(934): App\Controllers\DesenhistaPost->desenho_tag_lista()
#8 C:\xampp\htdocs\codi\system\CodeIgniter.php(499): CodeIgniter\CodeIgniter->runController(Object(App\Controllers\DesenhistaPost))
#9 C:\xampp\htdocs\codi\system\CodeIgniter.php(368): CodeIgniter\CodeIgniter->handleRequest(NULL, Object(Config\Cache), false)
#10 C:\xampp\htdocs\codi\public\index.php(67): CodeIgniter\CodeIgniter->run()
#11 {main}
CRITICAL - 2023-10-26 21:53:45 --> Table 'wl.tag' doesn't exist
in SYSTEMPATH\Database\MySQLi\Connection.php on line 295.
 1 SYSTEMPATH\Database\MySQLi\Connection.php(295): mysqli->query('SELECT *
FROM `tag`', 0)
 2 SYSTEMPATH\Database\BaseConnection.php(692): CodeIgniter\Database\MySQLi\Connection->execute('SELECT *
FROM `tag`')
 3 SYSTEMPATH\Database\BaseConnection.php(606): CodeIgniter\Database\BaseConnection->simpleQuery('SELECT *
FROM `tag`')
 4 SYSTEMPATH\Database\BaseBuilder.php(1616): CodeIgniter\Database\BaseConnection->query('SELECT *
FROM `tag`', [], false)
 5 SYSTEMPATH\Model.php(203): CodeIgniter\Database\BaseBuilder->get()
 6 SYSTEMPATH\BaseModel.php(557): CodeIgniter\Model->doFind(false, null)
 7 APPPATH\Controllers\DesenhistaPost.php(1161): CodeIgniter\BaseModel->find()
 8 SYSTEMPATH\CodeIgniter.php(934): App\Controllers\DesenhistaPost->desenho_tag_lista()
 9 SYSTEMPATH\CodeIgniter.php(499): CodeIgniter\CodeIgniter->runController(Object(App\Controllers\DesenhistaPost))
10 SYSTEMPATH\CodeIgniter.php(368): CodeIgniter\CodeIgniter->handleRequest(null, Object(Config\Cache), false)
11 FCPATH\index.php(67): CodeIgniter\CodeIgniter->run()
ERROR - 2023-10-26 21:53:45 --> mysqli_sql_exception: Table 'wl.tag' doesn't exist in C:\xampp\htdocs\codi\system\Database\MySQLi\Connection.php:295
Stack trace:
#0 C:\xampp\htdocs\codi\system\Database\MySQLi\Connection.php(295): mysqli->query('SELECT *\nFROM `...', 0)
#1 C:\xampp\htdocs\codi\system\Database\BaseConnection.php(692): CodeIgniter\Database\MySQLi\Connection->execute('SELECT *\nFROM `...')
#2 C:\xampp\htdocs\codi\system\Database\BaseConnection.php(606): CodeIgniter\Database\BaseConnection->simpleQuery('SELECT *\nFROM `...')
#3 C:\xampp\htdocs\codi\system\Database\BaseBuilder.php(1616): CodeIgniter\Database\BaseConnection->query('SELECT *\nFROM `...', Array, false)
#4 C:\xampp\htdocs\codi\system\Model.php(203): CodeIgniter\Database\BaseBuilder->get()
#5 C:\xampp\htdocs\codi\system\BaseModel.php(557): CodeIgniter\Model->doFind(false, NULL)
#6 C:\xampp\htdocs\codi\app\Controllers\DesenhistaPost.php(1161): CodeIgniter\BaseModel->find()
#7 C:\xampp\htdocs\codi\system\CodeIgniter.php(934): App\Controllers\DesenhistaPost->desenho_tag_lista()
#8 C:\xampp\htdocs\codi\system\CodeIgniter.php(499): CodeIgniter\CodeIgniter->runController(Object(App\Controllers\DesenhistaPost))
#9 C:\xampp\htdocs\codi\system\CodeIgniter.php(368): CodeIgniter\CodeIgniter->handleRequest(NULL, Object(Config\Cache), false)
#10 C:\xampp\htdocs\codi\public\index.php(67): CodeIgniter\CodeIgniter->run()
#11 {main}
CRITICAL - 2023-10-26 21:53:45 --> Table 'wl.tag' doesn't exist
in SYSTEMPATH\Database\MySQLi\Connection.php on line 295.
 1 SYSTEMPATH\Database\MySQLi\Connection.php(295): mysqli->query('SELECT *
FROM `tag`', 0)
 2 SYSTEMPATH\Database\BaseConnection.php(692): CodeIgniter\Database\MySQLi\Connection->execute('SELECT *
FROM `tag`')
 3 SYSTEMPATH\Database\BaseConnection.php(606): CodeIgniter\Database\BaseConnection->simpleQuery('SELECT *
FROM `tag`')
 4 SYSTEMPATH\Database\BaseBuilder.php(1616): CodeIgniter\Database\BaseConnection->query('SELECT *
FROM `tag`', [], false)
 5 SYSTEMPATH\Model.php(203): CodeIgniter\Database\BaseBuilder->get()
 6 SYSTEMPATH\BaseModel.php(557): CodeIgniter\Model->doFind(false, null)
 7 APPPATH\Controllers\DesenhistaPost.php(1161): CodeIgniter\BaseModel->find()
 8 SYSTEMPATH\CodeIgniter.php(934): App\Controllers\DesenhistaPost->desenho_tag_lista()
 9 SYSTEMPATH\CodeIgniter.php(499): CodeIgniter\CodeIgniter->runController(Object(App\Controllers\DesenhistaPost))
10 SYSTEMPATH\CodeIgniter.php(368): CodeIgniter\CodeIgniter->handleRequest(null, Object(Config\Cache), false)
11 FCPATH\index.php(67): CodeIgniter\CodeIgniter->run()
ERROR - 2023-10-26 21:53:46 --> mysqli_sql_exception: Table 'wl.tag' doesn't exist in C:\xampp\htdocs\codi\system\Database\MySQLi\Connection.php:295
Stack trace:
#0 C:\xampp\htdocs\codi\system\Database\MySQLi\Connection.php(295): mysqli->query('SELECT *\nFROM `...', 0)
#1 C:\xampp\htdocs\codi\system\Database\BaseConnection.php(692): CodeIgniter\Database\MySQLi\Connection->execute('SELECT *\nFROM `...')
#2 C:\xampp\htdocs\codi\system\Database\BaseConnection.php(606): CodeIgniter\Database\BaseConnection->simpleQuery('SELECT *\nFROM `...')
#3 C:\xampp\htdocs\codi\system\Database\BaseBuilder.php(1616): CodeIgniter\Database\BaseConnection->query('SELECT *\nFROM `...', Array, false)
#4 C:\xampp\htdocs\codi\system\Model.php(203): CodeIgniter\Database\BaseBuilder->get()
#5 C:\xampp\htdocs\codi\system\BaseModel.php(557): CodeIgniter\Model->doFind(false, NULL)
#6 C:\xampp\htdocs\codi\app\Controllers\DesenhistaPost.php(1161): CodeIgniter\BaseModel->find()
#7 C:\xampp\htdocs\codi\system\CodeIgniter.php(934): App\Controllers\DesenhistaPost->desenho_tag_lista()
#8 C:\xampp\htdocs\codi\system\CodeIgniter.php(499): CodeIgniter\CodeIgniter->runController(Object(App\Controllers\DesenhistaPost))
#9 C:\xampp\htdocs\codi\system\CodeIgniter.php(368): CodeIgniter\CodeIgniter->handleRequest(NULL, Object(Config\Cache), false)
#10 C:\xampp\htdocs\codi\public\index.php(67): CodeIgniter\CodeIgniter->run()
#11 {main}
CRITICAL - 2023-10-26 21:53:46 --> Table 'wl.tag' doesn't exist
in SYSTEMPATH\Database\MySQLi\Connection.php on line 295.
 1 SYSTEMPATH\Database\MySQLi\Connection.php(295): mysqli->query('SELECT *
FROM `tag`', 0)
 2 SYSTEMPATH\Database\BaseConnection.php(692): CodeIgniter\Database\MySQLi\Connection->execute('SELECT *
FROM `tag`')
 3 SYSTEMPATH\Database\BaseConnection.php(606): CodeIgniter\Database\BaseConnection->simpleQuery('SELECT *
FROM `tag`')
 4 SYSTEMPATH\Database\BaseBuilder.php(1616): CodeIgniter\Database\BaseConnection->query('SELECT *
FROM `tag`', [], false)
 5 SYSTEMPATH\Model.php(203): CodeIgniter\Database\BaseBuilder->get()
 6 SYSTEMPATH\BaseModel.php(557): CodeIgniter\Model->doFind(false, null)
 7 APPPATH\Controllers\DesenhistaPost.php(1161): CodeIgniter\BaseModel->find()
 8 SYSTEMPATH\CodeIgniter.php(934): App\Controllers\DesenhistaPost->desenho_tag_lista()
 9 SYSTEMPATH\CodeIgniter.php(499): CodeIgniter\CodeIgniter->runController(Object(App\Controllers\DesenhistaPost))
10 SYSTEMPATH\CodeIgniter.php(368): CodeIgniter\CodeIgniter->handleRequest(null, Object(Config\Cache), false)
11 FCPATH\index.php(67): CodeIgniter\CodeIgniter->run()
ERROR - 2023-10-26 21:53:46 --> mysqli_sql_exception: Table 'wl.tag' doesn't exist in C:\xampp\htdocs\codi\system\Database\MySQLi\Connection.php:295
Stack trace:
#0 C:\xampp\htdocs\codi\system\Database\MySQLi\Connection.php(295): mysqli->query('SELECT *\nFROM `...', 0)
#1 C:\xampp\htdocs\codi\system\Database\BaseConnection.php(692): CodeIgniter\Database\MySQLi\Connection->execute('SELECT *\nFROM `...')
#2 C:\xampp\htdocs\codi\system\Database\BaseConnection.php(606): CodeIgniter\Database\BaseConnection->simpleQuery('SELECT *\nFROM `...')
#3 C:\xampp\htdocs\codi\system\Database\BaseBuilder.php(1616): CodeIgniter\Database\BaseConnection->query('SELECT *\nFROM `...', Array, false)
#4 C:\xampp\htdocs\codi\system\Model.php(203): CodeIgniter\Database\BaseBuilder->get()
#5 C:\xampp\htdocs\codi\system\BaseModel.php(557): CodeIgniter\Model->doFind(false, NULL)
#6 C:\xampp\htdocs\codi\app\Controllers\DesenhistaPost.php(1161): CodeIgniter\BaseModel->find()
#7 C:\xampp\htdocs\codi\system\CodeIgniter.php(934): App\Controllers\DesenhistaPost->desenho_tag_lista()
#8 C:\xampp\htdocs\codi\system\CodeIgniter.php(499): CodeIgniter\CodeIgniter->runController(Object(App\Controllers\DesenhistaPost))
#9 C:\xampp\htdocs\codi\system\CodeIgniter.php(368): CodeIgniter\CodeIgniter->handleRequest(NULL, Object(Config\Cache), false)
#10 C:\xampp\htdocs\codi\public\index.php(67): CodeIgniter\CodeIgniter->run()
#11 {main}
CRITICAL - 2023-10-26 21:53:46 --> Table 'wl.tag' doesn't exist
in SYSTEMPATH\Database\MySQLi\Connection.php on line 295.
 1 SYSTEMPATH\Database\MySQLi\Connection.php(295): mysqli->query('SELECT *
FROM `tag`', 0)
 2 SYSTEMPATH\Database\BaseConnection.php(692): CodeIgniter\Database\MySQLi\Connection->execute('SELECT *
FROM `tag`')
 3 SYSTEMPATH\Database\BaseConnection.php(606): CodeIgniter\Database\BaseConnection->simpleQuery('SELECT *
FROM `tag`')
 4 SYSTEMPATH\Database\BaseBuilder.php(1616): CodeIgniter\Database\BaseConnection->query('SELECT *
FROM `tag`', [], false)
 5 SYSTEMPATH\Model.php(203): CodeIgniter\Database\BaseBuilder->get()
 6 SYSTEMPATH\BaseModel.php(557): CodeIgniter\Model->doFind(false, null)
 7 APPPATH\Controllers\DesenhistaPost.php(1161): CodeIgniter\BaseModel->find()
 8 SYSTEMPATH\CodeIgniter.php(934): App\Controllers\DesenhistaPost->desenho_tag_lista()
 9 SYSTEMPATH\CodeIgniter.php(499): CodeIgniter\CodeIgniter->runController(Object(App\Controllers\DesenhistaPost))
10 SYSTEMPATH\CodeIgniter.php(368): CodeIgniter\CodeIgniter->handleRequest(null, Object(Config\Cache), false)
11 FCPATH\index.php(67): CodeIgniter\CodeIgniter->run()
ERROR - 2023-10-26 21:53:47 --> mysqli_sql_exception: Table 'wl.tag' doesn't exist in C:\xampp\htdocs\codi\system\Database\MySQLi\Connection.php:295
Stack trace:
#0 C:\xampp\htdocs\codi\system\Database\MySQLi\Connection.php(295): mysqli->query('SELECT *\nFROM `...', 0)
#1 C:\xampp\htdocs\codi\system\Database\BaseConnection.php(692): CodeIgniter\Database\MySQLi\Connection->execute('SELECT *\nFROM `...')
#2 C:\xampp\htdocs\codi\system\Database\BaseConnection.php(606): CodeIgniter\Database\BaseConnection->simpleQuery('SELECT *\nFROM `...')
#3 C:\xampp\htdocs\codi\system\Database\BaseBuilder.php(1616): CodeIgniter\Database\BaseConnection->query('SELECT *\nFROM `...', Array, false)
#4 C:\xampp\htdocs\codi\system\Model.php(203): CodeIgniter\Database\BaseBuilder->get()
#5 C:\xampp\htdocs\codi\system\BaseModel.php(557): CodeIgniter\Model->doFind(false, NULL)
#6 C:\xampp\htdocs\codi\app\Controllers\DesenhistaPost.php(1161): CodeIgniter\BaseModel->find()
#7 C:\xampp\htdocs\codi\system\CodeIgniter.php(934): App\Controllers\DesenhistaPost->desenho_tag_lista()
#8 C:\xampp\htdocs\codi\system\CodeIgniter.php(499): CodeIgniter\CodeIgniter->runController(Object(App\Controllers\DesenhistaPost))
#9 C:\xampp\htdocs\codi\system\CodeIgniter.php(368): CodeIgniter\CodeIgniter->handleRequest(NULL, Object(Config\Cache), false)
#10 C:\xampp\htdocs\codi\public\index.php(67): CodeIgniter\CodeIgniter->run()
#11 {main}
CRITICAL - 2023-10-26 21:53:47 --> Table 'wl.tag' doesn't exist
in SYSTEMPATH\Database\MySQLi\Connection.php on line 295.
 1 SYSTEMPATH\Database\MySQLi\Connection.php(295): mysqli->query('SELECT *
FROM `tag`', 0)
 2 SYSTEMPATH\Database\BaseConnection.php(692): CodeIgniter\Database\MySQLi\Connection->execute('SELECT *
FROM `tag`')
 3 SYSTEMPATH\Database\BaseConnection.php(606): CodeIgniter\Database\BaseConnection->simpleQuery('SELECT *
FROM `tag`')
 4 SYSTEMPATH\Database\BaseBuilder.php(1616): CodeIgniter\Database\BaseConnection->query('SELECT *
FROM `tag`', [], false)
 5 SYSTEMPATH\Model.php(203): CodeIgniter\Database\BaseBuilder->get()
 6 SYSTEMPATH\BaseModel.php(557): CodeIgniter\Model->doFind(false, null)
 7 APPPATH\Controllers\DesenhistaPost.php(1161): CodeIgniter\BaseModel->find()
 8 SYSTEMPATH\CodeIgniter.php(934): App\Controllers\DesenhistaPost->desenho_tag_lista()
 9 SYSTEMPATH\CodeIgniter.php(499): CodeIgniter\CodeIgniter->runController(Object(App\Controllers\DesenhistaPost))
10 SYSTEMPATH\CodeIgniter.php(368): CodeIgniter\CodeIgniter->handleRequest(null, Object(Config\Cache), false)
11 FCPATH\index.php(67): CodeIgniter\CodeIgniter->run()
ERROR - 2023-10-26 21:53:47 --> mysqli_sql_exception: Table 'wl.tag' doesn't exist in C:\xampp\htdocs\codi\system\Database\MySQLi\Connection.php:295
Stack trace:
#0 C:\xampp\htdocs\codi\system\Database\MySQLi\Connection.php(295): mysqli->query('SELECT *\nFROM `...', 0)
#1 C:\xampp\htdocs\codi\system\Database\BaseConnection.php(692): CodeIgniter\Database\MySQLi\Connection->execute('SELECT *\nFROM `...')
#2 C:\xampp\htdocs\codi\system\Database\BaseConnection.php(606): CodeIgniter\Database\BaseConnection->simpleQuery('SELECT *\nFROM `...')
#3 C:\xampp\htdocs\codi\system\Database\BaseBuilder.php(1616): CodeIgniter\Database\BaseConnection->query('SELECT *\nFROM `...', Array, false)
#4 C:\xampp\htdocs\codi\system\Model.php(203): CodeIgniter\Database\BaseBuilder->get()
#5 C:\xampp\htdocs\codi\system\BaseModel.php(557): CodeIgniter\Model->doFind(false, NULL)
#6 C:\xampp\htdocs\codi\app\Controllers\DesenhistaPost.php(1161): CodeIgniter\BaseModel->find()
#7 C:\xampp\htdocs\codi\system\CodeIgniter.php(934): App\Controllers\DesenhistaPost->desenho_tag_lista()
#8 C:\xampp\htdocs\codi\system\CodeIgniter.php(499): CodeIgniter\CodeIgniter->runController(Object(App\Controllers\DesenhistaPost))
#9 C:\xampp\htdocs\codi\system\CodeIgniter.php(368): CodeIgniter\CodeIgniter->handleRequest(NULL, Object(Config\Cache), false)
#10 C:\xampp\htdocs\codi\public\index.php(67): CodeIgniter\CodeIgniter->run()
#11 {main}
CRITICAL - 2023-10-26 21:53:47 --> Table 'wl.tag' doesn't exist
in SYSTEMPATH\Database\MySQLi\Connection.php on line 295.
 1 SYSTEMPATH\Database\MySQLi\Connection.php(295): mysqli->query('SELECT *
FROM `tag`', 0)
 2 SYSTEMPATH\Database\BaseConnection.php(692): CodeIgniter\Database\MySQLi\Connection->execute('SELECT *
FROM `tag`')
 3 SYSTEMPATH\Database\BaseConnection.php(606): CodeIgniter\Database\BaseConnection->simpleQuery('SELECT *
FROM `tag`')
 4 SYSTEMPATH\Database\BaseBuilder.php(1616): CodeIgniter\Database\BaseConnection->query('SELECT *
FROM `tag`', [], false)
 5 SYSTEMPATH\Model.php(203): CodeIgniter\Database\BaseBuilder->get()
 6 SYSTEMPATH\BaseModel.php(557): CodeIgniter\Model->doFind(false, null)
 7 APPPATH\Controllers\DesenhistaPost.php(1161): CodeIgniter\BaseModel->find()
 8 SYSTEMPATH\CodeIgniter.php(934): App\Controllers\DesenhistaPost->desenho_tag_lista()
 9 SYSTEMPATH\CodeIgniter.php(499): CodeIgniter\CodeIgniter->runController(Object(App\Controllers\DesenhistaPost))
10 SYSTEMPATH\CodeIgniter.php(368): CodeIgniter\CodeIgniter->handleRequest(null, Object(Config\Cache), false)
11 FCPATH\index.php(67): CodeIgniter\CodeIgniter->run()
ERROR - 2023-10-26 21:53:48 --> mysqli_sql_exception: Table 'wl.tag' doesn't exist in C:\xampp\htdocs\codi\system\Database\MySQLi\Connection.php:295
Stack trace:
#0 C:\xampp\htdocs\codi\system\Database\MySQLi\Connection.php(295): mysqli->query('SELECT *\nFROM `...', 0)
#1 C:\xampp\htdocs\codi\system\Database\BaseConnection.php(692): CodeIgniter\Database\MySQLi\Connection->execute('SELECT *\nFROM `...')
#2 C:\xampp\htdocs\codi\system\Database\BaseConnection.php(606): CodeIgniter\Database\BaseConnection->simpleQuery('SELECT *\nFROM `...')
#3 C:\xampp\htdocs\codi\system\Database\BaseBuilder.php(1616): CodeIgniter\Database\BaseConnection->query('SELECT *\nFROM `...', Array, false)
#4 C:\xampp\htdocs\codi\system\Model.php(203): CodeIgniter\Database\BaseBuilder->get()
#5 C:\xampp\htdocs\codi\system\BaseModel.php(557): CodeIgniter\Model->doFind(false, NULL)
#6 C:\xampp\htdocs\codi\app\Controllers\DesenhistaPost.php(1161): CodeIgniter\BaseModel->find()
#7 C:\xampp\htdocs\codi\system\CodeIgniter.php(934): App\Controllers\DesenhistaPost->desenho_tag_lista()
#8 C:\xampp\htdocs\codi\system\CodeIgniter.php(499): CodeIgniter\CodeIgniter->runController(Object(App\Controllers\DesenhistaPost))
#9 C:\xampp\htdocs\codi\system\CodeIgniter.php(368): CodeIgniter\CodeIgniter->handleRequest(NULL, Object(Config\Cache), false)
#10 C:\xampp\htdocs\codi\public\index.php(67): CodeIgniter\CodeIgniter->run()
#11 {main}
CRITICAL - 2023-10-26 21:53:48 --> Table 'wl.tag' doesn't exist
in SYSTEMPATH\Database\MySQLi\Connection.php on line 295.
 1 SYSTEMPATH\Database\MySQLi\Connection.php(295): mysqli->query('SELECT *
FROM `tag`', 0)
 2 SYSTEMPATH\Database\BaseConnection.php(692): CodeIgniter\Database\MySQLi\Connection->execute('SELECT *
FROM `tag`')
 3 SYSTEMPATH\Database\BaseConnection.php(606): CodeIgniter\Database\BaseConnection->simpleQuery('SELECT *
FROM `tag`')
 4 SYSTEMPATH\Database\BaseBuilder.php(1616): CodeIgniter\Database\BaseConnection->query('SELECT *
FROM `tag`', [], false)
 5 SYSTEMPATH\Model.php(203): CodeIgniter\Database\BaseBuilder->get()
 6 SYSTEMPATH\BaseModel.php(557): CodeIgniter\Model->doFind(false, null)
 7 APPPATH\Controllers\DesenhistaPost.php(1161): CodeIgniter\BaseModel->find()
 8 SYSTEMPATH\CodeIgniter.php(934): App\Controllers\DesenhistaPost->desenho_tag_lista()
 9 SYSTEMPATH\CodeIgniter.php(499): CodeIgniter\CodeIgniter->runController(Object(App\Controllers\DesenhistaPost))
10 SYSTEMPATH\CodeIgniter.php(368): CodeIgniter\CodeIgniter->handleRequest(null, Object(Config\Cache), false)
11 FCPATH\index.php(67): CodeIgniter\CodeIgniter->run()
ERROR - 2023-10-26 21:53:48 --> mysqli_sql_exception: Table 'wl.tag' doesn't exist in C:\xampp\htdocs\codi\system\Database\MySQLi\Connection.php:295
Stack trace:
#0 C:\xampp\htdocs\codi\system\Database\MySQLi\Connection.php(295): mysqli->query('SELECT *\nFROM `...', 0)
#1 C:\xampp\htdocs\codi\system\Database\BaseConnection.php(692): CodeIgniter\Database\MySQLi\Connection->execute('SELECT *\nFROM `...')
#2 C:\xampp\htdocs\codi\system\Database\BaseConnection.php(606): CodeIgniter\Database\BaseConnection->simpleQuery('SELECT *\nFROM `...')
#3 C:\xampp\htdocs\codi\system\Database\BaseBuilder.php(1616): CodeIgniter\Database\BaseConnection->query('SELECT *\nFROM `...', Array, false)
#4 C:\xampp\htdocs\codi\system\Model.php(203): CodeIgniter\Database\BaseBuilder->get()
#5 C:\xampp\htdocs\codi\system\BaseModel.php(557): CodeIgniter\Model->doFind(false, NULL)
#6 C:\xampp\htdocs\codi\app\Controllers\DesenhistaPost.php(1161): CodeIgniter\BaseModel->find()
#7 C:\xampp\htdocs\codi\system\CodeIgniter.php(934): App\Controllers\DesenhistaPost->desenho_tag_lista()
#8 C:\xampp\htdocs\codi\system\CodeIgniter.php(499): CodeIgniter\CodeIgniter->runController(Object(App\Controllers\DesenhistaPost))
#9 C:\xampp\htdocs\codi\system\CodeIgniter.php(368): CodeIgniter\CodeIgniter->handleRequest(NULL, Object(Config\Cache), false)
#10 C:\xampp\htdocs\codi\public\index.php(67): CodeIgniter\CodeIgniter->run()
#11 {main}
CRITICAL - 2023-10-26 21:53:48 --> Table 'wl.tag' doesn't exist
in SYSTEMPATH\Database\MySQLi\Connection.php on line 295.
 1 SYSTEMPATH\Database\MySQLi\Connection.php(295): mysqli->query('SELECT *
FROM `tag`', 0)
 2 SYSTEMPATH\Database\BaseConnection.php(692): CodeIgniter\Database\MySQLi\Connection->execute('SELECT *
FROM `tag`')
 3 SYSTEMPATH\Database\BaseConnection.php(606): CodeIgniter\Database\BaseConnection->simpleQuery('SELECT *
FROM `tag`')
 4 SYSTEMPATH\Database\BaseBuilder.php(1616): CodeIgniter\Database\BaseConnection->query('SELECT *
FROM `tag`', [], false)
 5 SYSTEMPATH\Model.php(203): CodeIgniter\Database\BaseBuilder->get()
 6 SYSTEMPATH\BaseModel.php(557): CodeIgniter\Model->doFind(false, null)
 7 APPPATH\Controllers\DesenhistaPost.php(1161): CodeIgniter\BaseModel->find()
 8 SYSTEMPATH\CodeIgniter.php(934): App\Controllers\DesenhistaPost->desenho_tag_lista()
 9 SYSTEMPATH\CodeIgniter.php(499): CodeIgniter\CodeIgniter->runController(Object(App\Controllers\DesenhistaPost))
10 SYSTEMPATH\CodeIgniter.php(368): CodeIgniter\CodeIgniter->handleRequest(null, Object(Config\Cache), false)
11 FCPATH\index.php(67): CodeIgniter\CodeIgniter->run()
ERROR - 2023-10-26 21:53:49 --> mysqli_sql_exception: Table 'wl.tag' doesn't exist in C:\xampp\htdocs\codi\system\Database\MySQLi\Connection.php:295
Stack trace:
#0 C:\xampp\htdocs\codi\system\Database\MySQLi\Connection.php(295): mysqli->query('SELECT *\nFROM `...', 0)
#1 C:\xampp\htdocs\codi\system\Database\BaseConnection.php(692): CodeIgniter\Database\MySQLi\Connection->execute('SELECT *\nFROM `...')
#2 C:\xampp\htdocs\codi\system\Database\BaseConnection.php(606): CodeIgniter\Database\BaseConnection->simpleQuery('SELECT *\nFROM `...')
#3 C:\xampp\htdocs\codi\system\Database\BaseBuilder.php(1616): CodeIgniter\Database\BaseConnection->query('SELECT *\nFROM `...', Array, false)
#4 C:\xampp\htdocs\codi\system\Model.php(203): CodeIgniter\Database\BaseBuilder->get()
#5 C:\xampp\htdocs\codi\system\BaseModel.php(557): CodeIgniter\Model->doFind(false, NULL)
#6 C:\xampp\htdocs\codi\app\Controllers\DesenhistaPost.php(1161): CodeIgniter\BaseModel->find()
#7 C:\xampp\htdocs\codi\system\CodeIgniter.php(934): App\Controllers\DesenhistaPost->desenho_tag_lista()
#8 C:\xampp\htdocs\codi\system\CodeIgniter.php(499): CodeIgniter\CodeIgniter->runController(Object(App\Controllers\DesenhistaPost))
#9 C:\xampp\htdocs\codi\system\CodeIgniter.php(368): CodeIgniter\CodeIgniter->handleRequest(NULL, Object(Config\Cache), false)
#10 C:\xampp\htdocs\codi\public\index.php(67): CodeIgniter\CodeIgniter->run()
#11 {main}
CRITICAL - 2023-10-26 21:53:49 --> Table 'wl.tag' doesn't exist
in SYSTEMPATH\Database\MySQLi\Connection.php on line 295.
 1 SYSTEMPATH\Database\MySQLi\Connection.php(295): mysqli->query('SELECT *
FROM `tag`', 0)
 2 SYSTEMPATH\Database\BaseConnection.php(692): CodeIgniter\Database\MySQLi\Connection->execute('SELECT *
FROM `tag`')
 3 SYSTEMPATH\Database\BaseConnection.php(606): CodeIgniter\Database\BaseConnection->simpleQuery('SELECT *
FROM `tag`')
 4 SYSTEMPATH\Database\BaseBuilder.php(1616): CodeIgniter\Database\BaseConnection->query('SELECT *
FROM `tag`', [], false)
 5 SYSTEMPATH\Model.php(203): CodeIgniter\Database\BaseBuilder->get()
 6 SYSTEMPATH\BaseModel.php(557): CodeIgniter\Model->doFind(false, null)
 7 APPPATH\Controllers\DesenhistaPost.php(1161): CodeIgniter\BaseModel->find()
 8 SYSTEMPATH\CodeIgniter.php(934): App\Controllers\DesenhistaPost->desenho_tag_lista()
 9 SYSTEMPATH\CodeIgniter.php(499): CodeIgniter\CodeIgniter->runController(Object(App\Controllers\DesenhistaPost))
10 SYSTEMPATH\CodeIgniter.php(368): CodeIgniter\CodeIgniter->handleRequest(null, Object(Config\Cache), false)
11 FCPATH\index.php(67): CodeIgniter\CodeIgniter->run()
ERROR - 2023-10-26 21:53:49 --> mysqli_sql_exception: Table 'wl.tag' doesn't exist in C:\xampp\htdocs\codi\system\Database\MySQLi\Connection.php:295
Stack trace:
#0 C:\xampp\htdocs\codi\system\Database\MySQLi\Connection.php(295): mysqli->query('SELECT *\nFROM `...', 0)
#1 C:\xampp\htdocs\codi\system\Database\BaseConnection.php(692): CodeIgniter\Database\MySQLi\Connection->execute('SELECT *\nFROM `...')
#2 C:\xampp\htdocs\codi\system\Database\BaseConnection.php(606): CodeIgniter\Database\BaseConnection->simpleQuery('SELECT *\nFROM `...')
#3 C:\xampp\htdocs\codi\system\Database\BaseBuilder.php(1616): CodeIgniter\Database\BaseConnection->query('SELECT *\nFROM `...', Array, false)
#4 C:\xampp\htdocs\codi\system\Model.php(203): CodeIgniter\Database\BaseBuilder->get()
#5 C:\xampp\htdocs\codi\system\BaseModel.php(557): CodeIgniter\Model->doFind(false, NULL)
#6 C:\xampp\htdocs\codi\app\Controllers\DesenhistaPost.php(1161): CodeIgniter\BaseModel->find()
#7 C:\xampp\htdocs\codi\system\CodeIgniter.php(934): App\Controllers\DesenhistaPost->desenho_tag_lista()
#8 C:\xampp\htdocs\codi\system\CodeIgniter.php(499): CodeIgniter\CodeIgniter->runController(Object(App\Controllers\DesenhistaPost))
#9 C:\xampp\htdocs\codi\system\CodeIgniter.php(368): CodeIgniter\CodeIgniter->handleRequest(NULL, Object(Config\Cache), false)
#10 C:\xampp\htdocs\codi\public\index.php(67): CodeIgniter\CodeIgniter->run()
#11 {main}
CRITICAL - 2023-10-26 21:53:49 --> Table 'wl.tag' doesn't exist
in SYSTEMPATH\Database\MySQLi\Connection.php on line 295.
 1 SYSTEMPATH\Database\MySQLi\Connection.php(295): mysqli->query('SELECT *
FROM `tag`', 0)
 2 SYSTEMPATH\Database\BaseConnection.php(692): CodeIgniter\Database\MySQLi\Connection->execute('SELECT *
FROM `tag`')
 3 SYSTEMPATH\Database\BaseConnection.php(606): CodeIgniter\Database\BaseConnection->simpleQuery('SELECT *
FROM `tag`')
 4 SYSTEMPATH\Database\BaseBuilder.php(1616): CodeIgniter\Database\BaseConnection->query('SELECT *
FROM `tag`', [], false)
 5 SYSTEMPATH\Model.php(203): CodeIgniter\Database\BaseBuilder->get()
 6 SYSTEMPATH\BaseModel.php(557): CodeIgniter\Model->doFind(false, null)
 7 APPPATH\Controllers\DesenhistaPost.php(1161): CodeIgniter\BaseModel->find()
 8 SYSTEMPATH\CodeIgniter.php(934): App\Controllers\DesenhistaPost->desenho_tag_lista()
 9 SYSTEMPATH\CodeIgniter.php(499): CodeIgniter\CodeIgniter->runController(Object(App\Controllers\DesenhistaPost))
10 SYSTEMPATH\CodeIgniter.php(368): CodeIgniter\CodeIgniter->handleRequest(null, Object(Config\Cache), false)
11 FCPATH\index.php(67): CodeIgniter\CodeIgniter->run()
ERROR - 2023-10-26 21:53:50 --> mysqli_sql_exception: Table 'wl.tag' doesn't exist in C:\xampp\htdocs\codi\system\Database\MySQLi\Connection.php:295
Stack trace:
#0 C:\xampp\htdocs\codi\system\Database\MySQLi\Connection.php(295): mysqli->query('SELECT *\nFROM `...', 0)
#1 C:\xampp\htdocs\codi\system\Database\BaseConnection.php(692): CodeIgniter\Database\MySQLi\Connection->execute('SELECT *\nFROM `...')
#2 C:\xampp\htdocs\codi\system\Database\BaseConnection.php(606): CodeIgniter\Database\BaseConnection->simpleQuery('SELECT *\nFROM `...')
#3 C:\xampp\htdocs\codi\system\Database\BaseBuilder.php(1616): CodeIgniter\Database\BaseConnection->query('SELECT *\nFROM `...', Array, false)
#4 C:\xampp\htdocs\codi\system\Model.php(203): CodeIgniter\Database\BaseBuilder->get()
#5 C:\xampp\htdocs\codi\system\BaseModel.php(557): CodeIgniter\Model->doFind(false, NULL)
#6 C:\xampp\htdocs\codi\app\Controllers\DesenhistaPost.php(1161): CodeIgniter\BaseModel->find()
#7 C:\xampp\htdocs\codi\system\CodeIgniter.php(934): App\Controllers\DesenhistaPost->desenho_tag_lista()
#8 C:\xampp\htdocs\codi\system\CodeIgniter.php(499): CodeIgniter\CodeIgniter->runController(Object(App\Controllers\DesenhistaPost))
#9 C:\xampp\htdocs\codi\system\CodeIgniter.php(368): CodeIgniter\CodeIgniter->handleRequest(NULL, Object(Config\Cache), false)
#10 C:\xampp\htdocs\codi\public\index.php(67): CodeIgniter\CodeIgniter->run()
#11 {main}
CRITICAL - 2023-10-26 21:53:50 --> Table 'wl.tag' doesn't exist
in SYSTEMPATH\Database\MySQLi\Connection.php on line 295.
 1 SYSTEMPATH\Database\MySQLi\Connection.php(295): mysqli->query('SELECT *
FROM `tag`', 0)
 2 SYSTEMPATH\Database\BaseConnection.php(692): CodeIgniter\Database\MySQLi\Connection->execute('SELECT *
FROM `tag`')
 3 SYSTEMPATH\Database\BaseConnection.php(606): CodeIgniter\Database\BaseConnection->simpleQuery('SELECT *
FROM `tag`')
 4 SYSTEMPATH\Database\BaseBuilder.php(1616): CodeIgniter\Database\BaseConnection->query('SELECT *
FROM `tag`', [], false)
 5 SYSTEMPATH\Model.php(203): CodeIgniter\Database\BaseBuilder->get()
 6 SYSTEMPATH\BaseModel.php(557): CodeIgniter\Model->doFind(false, null)
 7 APPPATH\Controllers\DesenhistaPost.php(1161): CodeIgniter\BaseModel->find()
 8 SYSTEMPATH\CodeIgniter.php(934): App\Controllers\DesenhistaPost->desenho_tag_lista()
 9 SYSTEMPATH\CodeIgniter.php(499): CodeIgniter\CodeIgniter->runController(Object(App\Controllers\DesenhistaPost))
10 SYSTEMPATH\CodeIgniter.php(368): CodeIgniter\CodeIgniter->handleRequest(null, Object(Config\Cache), false)
11 FCPATH\index.php(67): CodeIgniter\CodeIgniter->run()
ERROR - 2023-10-26 21:53:50 --> mysqli_sql_exception: Table 'wl.tag' doesn't exist in C:\xampp\htdocs\codi\system\Database\MySQLi\Connection.php:295
Stack trace:
#0 C:\xampp\htdocs\codi\system\Database\MySQLi\Connection.php(295): mysqli->query('SELECT *\nFROM `...', 0)
#1 C:\xampp\htdocs\codi\system\Database\BaseConnection.php(692): CodeIgniter\Database\MySQLi\Connection->execute('SELECT *\nFROM `...')
#2 C:\xampp\htdocs\codi\system\Database\BaseConnection.php(606): CodeIgniter\Database\BaseConnection->simpleQuery('SELECT *\nFROM `...')
#3 C:\xampp\htdocs\codi\system\Database\BaseBuilder.php(1616): CodeIgniter\Database\BaseConnection->query('SELECT *\nFROM `...', Array, false)
#4 C:\xampp\htdocs\codi\system\Model.php(203): CodeIgniter\Database\BaseBuilder->get()
#5 C:\xampp\htdocs\codi\system\BaseModel.php(557): CodeIgniter\Model->doFind(false, NULL)
#6 C:\xampp\htdocs\codi\app\Controllers\DesenhistaPost.php(1161): CodeIgniter\BaseModel->find()
#7 C:\xampp\htdocs\codi\system\CodeIgniter.php(934): App\Controllers\DesenhistaPost->desenho_tag_lista()
#8 C:\xampp\htdocs\codi\system\CodeIgniter.php(499): CodeIgniter\CodeIgniter->runController(Object(App\Controllers\DesenhistaPost))
#9 C:\xampp\htdocs\codi\system\CodeIgniter.php(368): CodeIgniter\CodeIgniter->handleRequest(NULL, Object(Config\Cache), false)
#10 C:\xampp\htdocs\codi\public\index.php(67): CodeIgniter\CodeIgniter->run()
#11 {main}
CRITICAL - 2023-10-26 21:53:50 --> Table 'wl.tag' doesn't exist
in SYSTEMPATH\Database\MySQLi\Connection.php on line 295.
 1 SYSTEMPATH\Database\MySQLi\Connection.php(295): mysqli->query('SELECT *
FROM `tag`', 0)
 2 SYSTEMPATH\Database\BaseConnection.php(692): CodeIgniter\Database\MySQLi\Connection->execute('SELECT *
FROM `tag`')
 3 SYSTEMPATH\Database\BaseConnection.php(606): CodeIgniter\Database\BaseConnection->simpleQuery('SELECT *
FROM `tag`')
 4 SYSTEMPATH\Database\BaseBuilder.php(1616): CodeIgniter\Database\BaseConnection->query('SELECT *
FROM `tag`', [], false)
 5 SYSTEMPATH\Model.php(203): CodeIgniter\Database\BaseBuilder->get()
 6 SYSTEMPATH\BaseModel.php(557): CodeIgniter\Model->doFind(false, null)
 7 APPPATH\Controllers\DesenhistaPost.php(1161): CodeIgniter\BaseModel->find()
 8 SYSTEMPATH\CodeIgniter.php(934): App\Controllers\DesenhistaPost->desenho_tag_lista()
 9 SYSTEMPATH\CodeIgniter.php(499): CodeIgniter\CodeIgniter->runController(Object(App\Controllers\DesenhistaPost))
10 SYSTEMPATH\CodeIgniter.php(368): CodeIgniter\CodeIgniter->handleRequest(null, Object(Config\Cache), false)
11 FCPATH\index.php(67): CodeIgniter\CodeIgniter->run()
ERROR - 2023-10-26 21:53:51 --> mysqli_sql_exception: Table 'wl.tag' doesn't exist in C:\xampp\htdocs\codi\system\Database\MySQLi\Connection.php:295
Stack trace:
#0 C:\xampp\htdocs\codi\system\Database\MySQLi\Connection.php(295): mysqli->query('SELECT *\nFROM `...', 0)
#1 C:\xampp\htdocs\codi\system\Database\BaseConnection.php(692): CodeIgniter\Database\MySQLi\Connection->execute('SELECT *\nFROM `...')
#2 C:\xampp\htdocs\codi\system\Database\BaseConnection.php(606): CodeIgniter\Database\BaseConnection->simpleQuery('SELECT *\nFROM `...')
#3 C:\xampp\htdocs\codi\system\Database\BaseBuilder.php(1616): CodeIgniter\Database\BaseConnection->query('SELECT *\nFROM `...', Array, false)
#4 C:\xampp\htdocs\codi\system\Model.php(203): CodeIgniter\Database\BaseBuilder->get()
#5 C:\xampp\htdocs\codi\system\BaseModel.php(557): CodeIgniter\Model->doFind(false, NULL)
#6 C:\xampp\htdocs\codi\app\Controllers\DesenhistaPost.php(1161): CodeIgniter\BaseModel->find()
#7 C:\xampp\htdocs\codi\system\CodeIgniter.php(934): App\Controllers\DesenhistaPost->desenho_tag_lista()
#8 C:\xampp\htdocs\codi\system\CodeIgniter.php(499): CodeIgniter\CodeIgniter->runController(Object(App\Controllers\DesenhistaPost))
#9 C:\xampp\htdocs\codi\system\CodeIgniter.php(368): CodeIgniter\CodeIgniter->handleRequest(NULL, Object(Config\Cache), false)
#10 C:\xampp\htdocs\codi\public\index.php(67): CodeIgniter\CodeIgniter->run()
#11 {main}
CRITICAL - 2023-10-26 21:53:51 --> Table 'wl.tag' doesn't exist
in SYSTEMPATH\Database\MySQLi\Connection.php on line 295.
 1 SYSTEMPATH\Database\MySQLi\Connection.php(295): mysqli->query('SELECT *
FROM `tag`', 0)
 2 SYSTEMPATH\Database\BaseConnection.php(692): CodeIgniter\Database\MySQLi\Connection->execute('SELECT *
FROM `tag`')
 3 SYSTEMPATH\Database\BaseConnection.php(606): CodeIgniter\Database\BaseConnection->simpleQuery('SELECT *
FROM `tag`')
 4 SYSTEMPATH\Database\BaseBuilder.php(1616): CodeIgniter\Database\BaseConnection->query('SELECT *
FROM `tag`', [], false)
 5 SYSTEMPATH\Model.php(203): CodeIgniter\Database\BaseBuilder->get()
 6 SYSTEMPATH\BaseModel.php(557): CodeIgniter\Model->doFind(false, null)
 7 APPPATH\Controllers\DesenhistaPost.php(1161): CodeIgniter\BaseModel->find()
 8 SYSTEMPATH\CodeIgniter.php(934): App\Controllers\DesenhistaPost->desenho_tag_lista()
 9 SYSTEMPATH\CodeIgniter.php(499): CodeIgniter\CodeIgniter->runController(Object(App\Controllers\DesenhistaPost))
10 SYSTEMPATH\CodeIgniter.php(368): CodeIgniter\CodeIgniter->handleRequest(null, Object(Config\Cache), false)
11 FCPATH\index.php(67): CodeIgniter\CodeIgniter->run()
ERROR - 2023-10-26 21:53:51 --> mysqli_sql_exception: Table 'wl.tag' doesn't exist in C:\xampp\htdocs\codi\system\Database\MySQLi\Connection.php:295
Stack trace:
#0 C:\xampp\htdocs\codi\system\Database\MySQLi\Connection.php(295): mysqli->query('SELECT *\nFROM `...', 0)
#1 C:\xampp\htdocs\codi\system\Database\BaseConnection.php(692): CodeIgniter\Database\MySQLi\Connection->execute('SELECT *\nFROM `...')
#2 C:\xampp\htdocs\codi\system\Database\BaseConnection.php(606): CodeIgniter\Database\BaseConnection->simpleQuery('SELECT *\nFROM `...')
#3 C:\xampp\htdocs\codi\system\Database\BaseBuilder.php(1616): CodeIgniter\Database\BaseConnection->query('SELECT *\nFROM `...', Array, false)
#4 C:\xampp\htdocs\codi\system\Model.php(203): CodeIgniter\Database\BaseBuilder->get()
#5 C:\xampp\htdocs\codi\system\BaseModel.php(557): CodeIgniter\Model->doFind(false, NULL)
#6 C:\xampp\htdocs\codi\app\Controllers\DesenhistaPost.php(1161): CodeIgniter\BaseModel->find()
#7 C:\xampp\htdocs\codi\system\CodeIgniter.php(934): App\Controllers\DesenhistaPost->desenho_tag_lista()
#8 C:\xampp\htdocs\codi\system\CodeIgniter.php(499): CodeIgniter\CodeIgniter->runController(Object(App\Controllers\DesenhistaPost))
#9 C:\xampp\htdocs\codi\system\CodeIgniter.php(368): CodeIgniter\CodeIgniter->handleRequest(NULL, Object(Config\Cache), false)
#10 C:\xampp\htdocs\codi\public\index.php(67): CodeIgniter\CodeIgniter->run()
#11 {main}
CRITICAL - 2023-10-26 21:53:51 --> Table 'wl.tag' doesn't exist
in SYSTEMPATH\Database\MySQLi\Connection.php on line 295.
 1 SYSTEMPATH\Database\MySQLi\Connection.php(295): mysqli->query('SELECT *
FROM `tag`', 0)
 2 SYSTEMPATH\Database\BaseConnection.php(692): CodeIgniter\Database\MySQLi\Connection->execute('SELECT *
FROM `tag`')
 3 SYSTEMPATH\Database\BaseConnection.php(606): CodeIgniter\Database\BaseConnection->simpleQuery('SELECT *
FROM `tag`')
 4 SYSTEMPATH\Database\BaseBuilder.php(1616): CodeIgniter\Database\BaseConnection->query('SELECT *
FROM `tag`', [], false)
 5 SYSTEMPATH\Model.php(203): CodeIgniter\Database\BaseBuilder->get()
 6 SYSTEMPATH\BaseModel.php(557): CodeIgniter\Model->doFind(false, null)
 7 APPPATH\Controllers\DesenhistaPost.php(1161): CodeIgniter\BaseModel->find()
 8 SYSTEMPATH\CodeIgniter.php(934): App\Controllers\DesenhistaPost->desenho_tag_lista()
 9 SYSTEMPATH\CodeIgniter.php(499): CodeIgniter\CodeIgniter->runController(Object(App\Controllers\DesenhistaPost))
10 SYSTEMPATH\CodeIgniter.php(368): CodeIgniter\CodeIgniter->handleRequest(null, Object(Config\Cache), false)
11 FCPATH\index.php(67): CodeIgniter\CodeIgniter->run()
ERROR - 2023-10-26 21:53:52 --> mysqli_sql_exception: Table 'wl.tag' doesn't exist in C:\xampp\htdocs\codi\system\Database\MySQLi\Connection.php:295
Stack trace:
#0 C:\xampp\htdocs\codi\system\Database\MySQLi\Connection.php(295): mysqli->query('SELECT *\nFROM `...', 0)
#1 C:\xampp\htdocs\codi\system\Database\BaseConnection.php(692): CodeIgniter\Database\MySQLi\Connection->execute('SELECT *\nFROM `...')
#2 C:\xampp\htdocs\codi\system\Database\BaseConnection.php(606): CodeIgniter\Database\BaseConnection->simpleQuery('SELECT *\nFROM `...')
#3 C:\xampp\htdocs\codi\system\Database\BaseBuilder.php(1616): CodeIgniter\Database\BaseConnection->query('SELECT *\nFROM `...', Array, false)
#4 C:\xampp\htdocs\codi\system\Model.php(203): CodeIgniter\Database\BaseBuilder->get()
#5 C:\xampp\htdocs\codi\system\BaseModel.php(557): CodeIgniter\Model->doFind(false, NULL)
#6 C:\xampp\htdocs\codi\app\Controllers\DesenhistaPost.php(1161): CodeIgniter\BaseModel->find()
#7 C:\xampp\htdocs\codi\system\CodeIgniter.php(934): App\Controllers\DesenhistaPost->desenho_tag_lista()
#8 C:\xampp\htdocs\codi\system\CodeIgniter.php(499): CodeIgniter\CodeIgniter->runController(Object(App\Controllers\DesenhistaPost))
#9 C:\xampp\htdocs\codi\system\CodeIgniter.php(368): CodeIgniter\CodeIgniter->handleRequest(NULL, Object(Config\Cache), false)
#10 C:\xampp\htdocs\codi\public\index.php(67): CodeIgniter\CodeIgniter->run()
#11 {main}
CRITICAL - 2023-10-26 21:53:52 --> Table 'wl.tag' doesn't exist
in SYSTEMPATH\Database\MySQLi\Connection.php on line 295.
 1 SYSTEMPATH\Database\MySQLi\Connection.php(295): mysqli->query('SELECT *
FROM `tag`', 0)
 2 SYSTEMPATH\Database\BaseConnection.php(692): CodeIgniter\Database\MySQLi\Connection->execute('SELECT *
FROM `tag`')
 3 SYSTEMPATH\Database\BaseConnection.php(606): CodeIgniter\Database\BaseConnection->simpleQuery('SELECT *
FROM `tag`')
 4 SYSTEMPATH\Database\BaseBuilder.php(1616): CodeIgniter\Database\BaseConnection->query('SELECT *
FROM `tag`', [], false)
 5 SYSTEMPATH\Model.php(203): CodeIgniter\Database\BaseBuilder->get()
 6 SYSTEMPATH\BaseModel.php(557): CodeIgniter\Model->doFind(false, null)
 7 APPPATH\Controllers\DesenhistaPost.php(1161): CodeIgniter\BaseModel->find()
 8 SYSTEMPATH\CodeIgniter.php(934): App\Controllers\DesenhistaPost->desenho_tag_lista()
 9 SYSTEMPATH\CodeIgniter.php(499): CodeIgniter\CodeIgniter->runController(Object(App\Controllers\DesenhistaPost))
10 SYSTEMPATH\CodeIgniter.php(368): CodeIgniter\CodeIgniter->handleRequest(null, Object(Config\Cache), false)
11 FCPATH\index.php(67): CodeIgniter\CodeIgniter->run()
ERROR - 2023-10-26 21:53:52 --> mysqli_sql_exception: Table 'wl.tag' doesn't exist in C:\xampp\htdocs\codi\system\Database\MySQLi\Connection.php:295
Stack trace:
#0 C:\xampp\htdocs\codi\system\Database\MySQLi\Connection.php(295): mysqli->query('SELECT *\nFROM `...', 0)
#1 C:\xampp\htdocs\codi\system\Database\BaseConnection.php(692): CodeIgniter\Database\MySQLi\Connection->execute('SELECT *\nFROM `...')
#2 C:\xampp\htdocs\codi\system\Database\BaseConnection.php(606): CodeIgniter\Database\BaseConnection->simpleQuery('SELECT *\nFROM `...')
#3 C:\xampp\htdocs\codi\system\Database\BaseBuilder.php(1616): CodeIgniter\Database\BaseConnection->query('SELECT *\nFROM `...', Array, false)
#4 C:\xampp\htdocs\codi\system\Model.php(203): CodeIgniter\Database\BaseBuilder->get()
#5 C:\xampp\htdocs\codi\system\BaseModel.php(557): CodeIgniter\Model->doFind(false, NULL)
#6 C:\xampp\htdocs\codi\app\Controllers\DesenhistaPost.php(1161): CodeIgniter\BaseModel->find()
#7 C:\xampp\htdocs\codi\system\CodeIgniter.php(934): App\Controllers\DesenhistaPost->desenho_tag_lista()
#8 C:\xampp\htdocs\codi\system\CodeIgniter.php(499): CodeIgniter\CodeIgniter->runController(Object(App\Controllers\DesenhistaPost))
#9 C:\xampp\htdocs\codi\system\CodeIgniter.php(368): CodeIgniter\CodeIgniter->handleRequest(NULL, Object(Config\Cache), false)
#10 C:\xampp\htdocs\codi\public\index.php(67): CodeIgniter\CodeIgniter->run()
#11 {main}
CRITICAL - 2023-10-26 21:53:52 --> Table 'wl.tag' doesn't exist
in SYSTEMPATH\Database\MySQLi\Connection.php on line 295.
 1 SYSTEMPATH\Database\MySQLi\Connection.php(295): mysqli->query('SELECT *
FROM `tag`', 0)
 2 SYSTEMPATH\Database\BaseConnection.php(692): CodeIgniter\Database\MySQLi\Connection->execute('SELECT *
FROM `tag`')
 3 SYSTEMPATH\Database\BaseConnection.php(606): CodeIgniter\Database\BaseConnection->simpleQuery('SELECT *
FROM `tag`')
 4 SYSTEMPATH\Database\BaseBuilder.php(1616): CodeIgniter\Database\BaseConnection->query('SELECT *
FROM `tag`', [], false)
 5 SYSTEMPATH\Model.php(203): CodeIgniter\Database\BaseBuilder->get()
 6 SYSTEMPATH\BaseModel.php(557): CodeIgniter\Model->doFind(false, null)
 7 APPPATH\Controllers\DesenhistaPost.php(1161): CodeIgniter\BaseModel->find()
 8 SYSTEMPATH\CodeIgniter.php(934): App\Controllers\DesenhistaPost->desenho_tag_lista()
 9 SYSTEMPATH\CodeIgniter.php(499): CodeIgniter\CodeIgniter->runController(Object(App\Controllers\DesenhistaPost))
10 SYSTEMPATH\CodeIgniter.php(368): CodeIgniter\CodeIgniter->handleRequest(null, Object(Config\Cache), false)
11 FCPATH\index.php(67): CodeIgniter\CodeIgniter->run()
ERROR - 2023-10-26 21:53:53 --> mysqli_sql_exception: Table 'wl.tag' doesn't exist in C:\xampp\htdocs\codi\system\Database\MySQLi\Connection.php:295
Stack trace:
#0 C:\xampp\htdocs\codi\system\Database\MySQLi\Connection.php(295): mysqli->query('SELECT *\nFROM `...', 0)
#1 C:\xampp\htdocs\codi\system\Database\BaseConnection.php(692): CodeIgniter\Database\MySQLi\Connection->execute('SELECT *\nFROM `...')
#2 C:\xampp\htdocs\codi\system\Database\BaseConnection.php(606): CodeIgniter\Database\BaseConnection->simpleQuery('SELECT *\nFROM `...')
#3 C:\xampp\htdocs\codi\system\Database\BaseBuilder.php(1616): CodeIgniter\Database\BaseConnection->query('SELECT *\nFROM `...', Array, false)
#4 C:\xampp\htdocs\codi\system\Model.php(203): CodeIgniter\Database\BaseBuilder->get()
#5 C:\xampp\htdocs\codi\system\BaseModel.php(557): CodeIgniter\Model->doFind(false, NULL)
#6 C:\xampp\htdocs\codi\app\Controllers\DesenhistaPost.php(1161): CodeIgniter\BaseModel->find()
#7 C:\xampp\htdocs\codi\system\CodeIgniter.php(934): App\Controllers\DesenhistaPost->desenho_tag_lista()
#8 C:\xampp\htdocs\codi\system\CodeIgniter.php(499): CodeIgniter\CodeIgniter->runController(Object(App\Controllers\DesenhistaPost))
#9 C:\xampp\htdocs\codi\system\CodeIgniter.php(368): CodeIgniter\CodeIgniter->handleRequest(NULL, Object(Config\Cache), false)
#10 C:\xampp\htdocs\codi\public\index.php(67): CodeIgniter\CodeIgniter->run()
#11 {main}
CRITICAL - 2023-10-26 21:53:53 --> Table 'wl.tag' doesn't exist
in SYSTEMPATH\Database\MySQLi\Connection.php on line 295.
 1 SYSTEMPATH\Database\MySQLi\Connection.php(295): mysqli->query('SELECT *
FROM `tag`', 0)
 2 SYSTEMPATH\Database\BaseConnection.php(692): CodeIgniter\Database\MySQLi\Connection->execute('SELECT *
FROM `tag`')
 3 SYSTEMPATH\Database\BaseConnection.php(606): CodeIgniter\Database\BaseConnection->simpleQuery('SELECT *
FROM `tag`')
 4 SYSTEMPATH\Database\BaseBuilder.php(1616): CodeIgniter\Database\BaseConnection->query('SELECT *
FROM `tag`', [], false)
 5 SYSTEMPATH\Model.php(203): CodeIgniter\Database\BaseBuilder->get()
 6 SYSTEMPATH\BaseModel.php(557): CodeIgniter\Model->doFind(false, null)
 7 APPPATH\Controllers\DesenhistaPost.php(1161): CodeIgniter\BaseModel->find()
 8 SYSTEMPATH\CodeIgniter.php(934): App\Controllers\DesenhistaPost->desenho_tag_lista()
 9 SYSTEMPATH\CodeIgniter.php(499): CodeIgniter\CodeIgniter->runController(Object(App\Controllers\DesenhistaPost))
10 SYSTEMPATH\CodeIgniter.php(368): CodeIgniter\CodeIgniter->handleRequest(null, Object(Config\Cache), false)
11 FCPATH\index.php(67): CodeIgniter\CodeIgniter->run()
ERROR - 2023-10-26 21:53:53 --> mysqli_sql_exception: Table 'wl.tag' doesn't exist in C:\xampp\htdocs\codi\system\Database\MySQLi\Connection.php:295
Stack trace:
#0 C:\xampp\htdocs\codi\system\Database\MySQLi\Connection.php(295): mysqli->query('SELECT *\nFROM `...', 0)
#1 C:\xampp\htdocs\codi\system\Database\BaseConnection.php(692): CodeIgniter\Database\MySQLi\Connection->execute('SELECT *\nFROM `...')
#2 C:\xampp\htdocs\codi\system\Database\BaseConnection.php(606): CodeIgniter\Database\BaseConnection->simpleQuery('SELECT *\nFROM `...')
#3 C:\xampp\htdocs\codi\system\Database\BaseBuilder.php(1616): CodeIgniter\Database\BaseConnection->query('SELECT *\nFROM `...', Array, false)
#4 C:\xampp\htdocs\codi\system\Model.php(203): CodeIgniter\Database\BaseBuilder->get()
#5 C:\xampp\htdocs\codi\system\BaseModel.php(557): CodeIgniter\Model->doFind(false, NULL)
#6 C:\xampp\htdocs\codi\app\Controllers\DesenhistaPost.php(1161): CodeIgniter\BaseModel->find()
#7 C:\xampp\htdocs\codi\system\CodeIgniter.php(934): App\Controllers\DesenhistaPost->desenho_tag_lista()
#8 C:\xampp\htdocs\codi\system\CodeIgniter.php(499): CodeIgniter\CodeIgniter->runController(Object(App\Controllers\DesenhistaPost))
#9 C:\xampp\htdocs\codi\system\CodeIgniter.php(368): CodeIgniter\CodeIgniter->handleRequest(NULL, Object(Config\Cache), false)
#10 C:\xampp\htdocs\codi\public\index.php(67): CodeIgniter\CodeIgniter->run()
#11 {main}
CRITICAL - 2023-10-26 21:53:53 --> Table 'wl.tag' doesn't exist
in SYSTEMPATH\Database\MySQLi\Connection.php on line 295.
 1 SYSTEMPATH\Database\MySQLi\Connection.php(295): mysqli->query('SELECT *
FROM `tag`', 0)
 2 SYSTEMPATH\Database\BaseConnection.php(692): CodeIgniter\Database\MySQLi\Connection->execute('SELECT *
FROM `tag`')
 3 SYSTEMPATH\Database\BaseConnection.php(606): CodeIgniter\Database\BaseConnection->simpleQuery('SELECT *
FROM `tag`')
 4 SYSTEMPATH\Database\BaseBuilder.php(1616): CodeIgniter\Database\BaseConnection->query('SELECT *
FROM `tag`', [], false)
 5 SYSTEMPATH\Model.php(203): CodeIgniter\Database\BaseBuilder->get()
 6 SYSTEMPATH\BaseModel.php(557): CodeIgniter\Model->doFind(false, null)
 7 APPPATH\Controllers\DesenhistaPost.php(1161): CodeIgniter\BaseModel->find()
 8 SYSTEMPATH\CodeIgniter.php(934): App\Controllers\DesenhistaPost->desenho_tag_lista()
 9 SYSTEMPATH\CodeIgniter.php(499): CodeIgniter\CodeIgniter->runController(Object(App\Controllers\DesenhistaPost))
10 SYSTEMPATH\CodeIgniter.php(368): CodeIgniter\CodeIgniter->handleRequest(null, Object(Config\Cache), false)
11 FCPATH\index.php(67): CodeIgniter\CodeIgniter->run()
ERROR - 2023-10-26 21:53:54 --> mysqli_sql_exception: Table 'wl.tag' doesn't exist in C:\xampp\htdocs\codi\system\Database\MySQLi\Connection.php:295
Stack trace:
#0 C:\xampp\htdocs\codi\system\Database\MySQLi\Connection.php(295): mysqli->query('SELECT *\nFROM `...', 0)
#1 C:\xampp\htdocs\codi\system\Database\BaseConnection.php(692): CodeIgniter\Database\MySQLi\Connection->execute('SELECT *\nFROM `...')
#2 C:\xampp\htdocs\codi\system\Database\BaseConnection.php(606): CodeIgniter\Database\BaseConnection->simpleQuery('SELECT *\nFROM `...')
#3 C:\xampp\htdocs\codi\system\Database\BaseBuilder.php(1616): CodeIgniter\Database\BaseConnection->query('SELECT *\nFROM `...', Array, false)
#4 C:\xampp\htdocs\codi\system\Model.php(203): CodeIgniter\Database\BaseBuilder->get()
#5 C:\xampp\htdocs\codi\system\BaseModel.php(557): CodeIgniter\Model->doFind(false, NULL)
#6 C:\xampp\htdocs\codi\app\Controllers\DesenhistaPost.php(1161): CodeIgniter\BaseModel->find()
#7 C:\xampp\htdocs\codi\system\CodeIgniter.php(934): App\Controllers\DesenhistaPost->desenho_tag_lista()
#8 C:\xampp\htdocs\codi\system\CodeIgniter.php(499): CodeIgniter\CodeIgniter->runController(Object(App\Controllers\DesenhistaPost))
#9 C:\xampp\htdocs\codi\system\CodeIgniter.php(368): CodeIgniter\CodeIgniter->handleRequest(NULL, Object(Config\Cache), false)
#10 C:\xampp\htdocs\codi\public\index.php(67): CodeIgniter\CodeIgniter->run()
#11 {main}
CRITICAL - 2023-10-26 21:53:54 --> Table 'wl.tag' doesn't exist
in SYSTEMPATH\Database\MySQLi\Connection.php on line 295.
 1 SYSTEMPATH\Database\MySQLi\Connection.php(295): mysqli->query('SELECT *
FROM `tag`', 0)
 2 SYSTEMPATH\Database\BaseConnection.php(692): CodeIgniter\Database\MySQLi\Connection->execute('SELECT *
FROM `tag`')
 3 SYSTEMPATH\Database\BaseConnection.php(606): CodeIgniter\Database\BaseConnection->simpleQuery('SELECT *
FROM `tag`')
 4 SYSTEMPATH\Database\BaseBuilder.php(1616): CodeIgniter\Database\BaseConnection->query('SELECT *
FROM `tag`', [], false)
 5 SYSTEMPATH\Model.php(203): CodeIgniter\Database\BaseBuilder->get()
 6 SYSTEMPATH\BaseModel.php(557): CodeIgniter\Model->doFind(false, null)
 7 APPPATH\Controllers\DesenhistaPost.php(1161): CodeIgniter\BaseModel->find()
 8 SYSTEMPATH\CodeIgniter.php(934): App\Controllers\DesenhistaPost->desenho_tag_lista()
 9 SYSTEMPATH\CodeIgniter.php(499): CodeIgniter\CodeIgniter->runController(Object(App\Controllers\DesenhistaPost))
10 SYSTEMPATH\CodeIgniter.php(368): CodeIgniter\CodeIgniter->handleRequest(null, Object(Config\Cache), false)
11 FCPATH\index.php(67): CodeIgniter\CodeIgniter->run()
ERROR - 2023-10-26 21:53:54 --> mysqli_sql_exception: Table 'wl.tag' doesn't exist in C:\xampp\htdocs\codi\system\Database\MySQLi\Connection.php:295
Stack trace:
#0 C:\xampp\htdocs\codi\system\Database\MySQLi\Connection.php(295): mysqli->query('SELECT *\nFROM `...', 0)
#1 C:\xampp\htdocs\codi\system\Database\BaseConnection.php(692): CodeIgniter\Database\MySQLi\Connection->execute('SELECT *\nFROM `...')
#2 C:\xampp\htdocs\codi\system\Database\BaseConnection.php(606): CodeIgniter\Database\BaseConnection->simpleQuery('SELECT *\nFROM `...')
#3 C:\xampp\htdocs\codi\system\Database\BaseBuilder.php(1616): CodeIgniter\Database\BaseConnection->query('SELECT *\nFROM `...', Array, false)
#4 C:\xampp\htdocs\codi\system\Model.php(203): CodeIgniter\Database\BaseBuilder->get()
#5 C:\xampp\htdocs\codi\system\BaseModel.php(557): CodeIgniter\Model->doFind(false, NULL)
#6 C:\xampp\htdocs\codi\app\Controllers\DesenhistaPost.php(1161): CodeIgniter\BaseModel->find()
#7 C:\xampp\htdocs\codi\system\CodeIgniter.php(934): App\Controllers\DesenhistaPost->desenho_tag_lista()
#8 C:\xampp\htdocs\codi\system\CodeIgniter.php(499): CodeIgniter\CodeIgniter->runController(Object(App\Controllers\DesenhistaPost))
#9 C:\xampp\htdocs\codi\system\CodeIgniter.php(368): CodeIgniter\CodeIgniter->handleRequest(NULL, Object(Config\Cache), false)
#10 C:\xampp\htdocs\codi\public\index.php(67): CodeIgniter\CodeIgniter->run()
#11 {main}
CRITICAL - 2023-10-26 21:53:54 --> Table 'wl.tag' doesn't exist
in SYSTEMPATH\Database\MySQLi\Connection.php on line 295.
 1 SYSTEMPATH\Database\MySQLi\Connection.php(295): mysqli->query('SELECT *
FROM `tag`', 0)
 2 SYSTEMPATH\Database\BaseConnection.php(692): CodeIgniter\Database\MySQLi\Connection->execute('SELECT *
FROM `tag`')
 3 SYSTEMPATH\Database\BaseConnection.php(606): CodeIgniter\Database\BaseConnection->simpleQuery('SELECT *
FROM `tag`')
 4 SYSTEMPATH\Database\BaseBuilder.php(1616): CodeIgniter\Database\BaseConnection->query('SELECT *
FROM `tag`', [], false)
 5 SYSTEMPATH\Model.php(203): CodeIgniter\Database\BaseBuilder->get()
 6 SYSTEMPATH\BaseModel.php(557): CodeIgniter\Model->doFind(false, null)
 7 APPPATH\Controllers\DesenhistaPost.php(1161): CodeIgniter\BaseModel->find()
 8 SYSTEMPATH\CodeIgniter.php(934): App\Controllers\DesenhistaPost->desenho_tag_lista()
 9 SYSTEMPATH\CodeIgniter.php(499): CodeIgniter\CodeIgniter->runController(Object(App\Controllers\DesenhistaPost))
10 SYSTEMPATH\CodeIgniter.php(368): CodeIgniter\CodeIgniter->handleRequest(null, Object(Config\Cache), false)
11 FCPATH\index.php(67): CodeIgniter\CodeIgniter->run()
ERROR - 2023-10-26 21:53:55 --> mysqli_sql_exception: Table 'wl.tag' doesn't exist in C:\xampp\htdocs\codi\system\Database\MySQLi\Connection.php:295
Stack trace:
#0 C:\xampp\htdocs\codi\system\Database\MySQLi\Connection.php(295): mysqli->query('SELECT *\nFROM `...', 0)
#1 C:\xampp\htdocs\codi\system\Database\BaseConnection.php(692): CodeIgniter\Database\MySQLi\Connection->execute('SELECT *\nFROM `...')
#2 C:\xampp\htdocs\codi\system\Database\BaseConnection.php(606): CodeIgniter\Database\BaseConnection->simpleQuery('SELECT *\nFROM `...')
#3 C:\xampp\htdocs\codi\system\Database\BaseBuilder.php(1616): CodeIgniter\Database\BaseConnection->query('SELECT *\nFROM `...', Array, false)
#4 C:\xampp\htdocs\codi\system\Model.php(203): CodeIgniter\Database\BaseBuilder->get()
#5 C:\xampp\htdocs\codi\system\BaseModel.php(557): CodeIgniter\Model->doFind(false, NULL)
#6 C:\xampp\htdocs\codi\app\Controllers\DesenhistaPost.php(1161): CodeIgniter\BaseModel->find()
#7 C:\xampp\htdocs\codi\system\CodeIgniter.php(934): App\Controllers\DesenhistaPost->desenho_tag_lista()
#8 C:\xampp\htdocs\codi\system\CodeIgniter.php(499): CodeIgniter\CodeIgniter->runController(Object(App\Controllers\DesenhistaPost))
#9 C:\xampp\htdocs\codi\system\CodeIgniter.php(368): CodeIgniter\CodeIgniter->handleRequest(NULL, Object(Config\Cache), false)
#10 C:\xampp\htdocs\codi\public\index.php(67): CodeIgniter\CodeIgniter->run()
#11 {main}
CRITICAL - 2023-10-26 21:53:55 --> Table 'wl.tag' doesn't exist
in SYSTEMPATH\Database\MySQLi\Connection.php on line 295.
 1 SYSTEMPATH\Database\MySQLi\Connection.php(295): mysqli->query('SELECT *
FROM `tag`', 0)
 2 SYSTEMPATH\Database\BaseConnection.php(692): CodeIgniter\Database\MySQLi\Connection->execute('SELECT *
FROM `tag`')
 3 SYSTEMPATH\Database\BaseConnection.php(606): CodeIgniter\Database\BaseConnection->simpleQuery('SELECT *
FROM `tag`')
 4 SYSTEMPATH\Database\BaseBuilder.php(1616): CodeIgniter\Database\BaseConnection->query('SELECT *
FROM `tag`', [], false)
 5 SYSTEMPATH\Model.php(203): CodeIgniter\Database\BaseBuilder->get()
 6 SYSTEMPATH\BaseModel.php(557): CodeIgniter\Model->doFind(false, null)
 7 APPPATH\Controllers\DesenhistaPost.php(1161): CodeIgniter\BaseModel->find()
 8 SYSTEMPATH\CodeIgniter.php(934): App\Controllers\DesenhistaPost->desenho_tag_lista()
 9 SYSTEMPATH\CodeIgniter.php(499): CodeIgniter\CodeIgniter->runController(Object(App\Controllers\DesenhistaPost))
10 SYSTEMPATH\CodeIgniter.php(368): CodeIgniter\CodeIgniter->handleRequest(null, Object(Config\Cache), false)
11 FCPATH\index.php(67): CodeIgniter\CodeIgniter->run()
ERROR - 2023-10-26 21:53:55 --> mysqli_sql_exception: Table 'wl.tag' doesn't exist in C:\xampp\htdocs\codi\system\Database\MySQLi\Connection.php:295
Stack trace:
#0 C:\xampp\htdocs\codi\system\Database\MySQLi\Connection.php(295): mysqli->query('SELECT *\nFROM `...', 0)
#1 C:\xampp\htdocs\codi\system\Database\BaseConnection.php(692): CodeIgniter\Database\MySQLi\Connection->execute('SELECT *\nFROM `...')
#2 C:\xampp\htdocs\codi\system\Database\BaseConnection.php(606): CodeIgniter\Database\BaseConnection->simpleQuery('SELECT *\nFROM `...')
#3 C:\xampp\htdocs\codi\system\Database\BaseBuilder.php(1616): CodeIgniter\Database\BaseConnection->query('SELECT *\nFROM `...', Array, false)
#4 C:\xampp\htdocs\codi\system\Model.php(203): CodeIgniter\Database\BaseBuilder->get()
#5 C:\xampp\htdocs\codi\system\BaseModel.php(557): CodeIgniter\Model->doFind(false, NULL)
#6 C:\xampp\htdocs\codi\app\Controllers\DesenhistaPost.php(1161): CodeIgniter\BaseModel->find()
#7 C:\xampp\htdocs\codi\system\CodeIgniter.php(934): App\Controllers\DesenhistaPost->desenho_tag_lista()
#8 C:\xampp\htdocs\codi\system\CodeIgniter.php(499): CodeIgniter\CodeIgniter->runController(Object(App\Controllers\DesenhistaPost))
#9 C:\xampp\htdocs\codi\system\CodeIgniter.php(368): CodeIgniter\CodeIgniter->handleRequest(NULL, Object(Config\Cache), false)
#10 C:\xampp\htdocs\codi\public\index.php(67): CodeIgniter\CodeIgniter->run()
#11 {main}
CRITICAL - 2023-10-26 21:53:55 --> Table 'wl.tag' doesn't exist
in SYSTEMPATH\Database\MySQLi\Connection.php on line 295.
 1 SYSTEMPATH\Database\MySQLi\Connection.php(295): mysqli->query('SELECT *
FROM `tag`', 0)
 2 SYSTEMPATH\Database\BaseConnection.php(692): CodeIgniter\Database\MySQLi\Connection->execute('SELECT *
FROM `tag`')
 3 SYSTEMPATH\Database\BaseConnection.php(606): CodeIgniter\Database\BaseConnection->simpleQuery('SELECT *
FROM `tag`')
 4 SYSTEMPATH\Database\BaseBuilder.php(1616): CodeIgniter\Database\BaseConnection->query('SELECT *
FROM `tag`', [], false)
 5 SYSTEMPATH\Model.php(203): CodeIgniter\Database\BaseBuilder->get()
 6 SYSTEMPATH\BaseModel.php(557): CodeIgniter\Model->doFind(false, null)
 7 APPPATH\Controllers\DesenhistaPost.php(1161): CodeIgniter\BaseModel->find()
 8 SYSTEMPATH\CodeIgniter.php(934): App\Controllers\DesenhistaPost->desenho_tag_lista()
 9 SYSTEMPATH\CodeIgniter.php(499): CodeIgniter\CodeIgniter->runController(Object(App\Controllers\DesenhistaPost))
10 SYSTEMPATH\CodeIgniter.php(368): CodeIgniter\CodeIgniter->handleRequest(null, Object(Config\Cache), false)
11 FCPATH\index.php(67): CodeIgniter\CodeIgniter->run()
ERROR - 2023-10-26 21:53:56 --> mysqli_sql_exception: Table 'wl.tag' doesn't exist in C:\xampp\htdocs\codi\system\Database\MySQLi\Connection.php:295
Stack trace:
#0 C:\xampp\htdocs\codi\system\Database\MySQLi\Connection.php(295): mysqli->query('SELECT *\nFROM `...', 0)
#1 C:\xampp\htdocs\codi\system\Database\BaseConnection.php(692): CodeIgniter\Database\MySQLi\Connection->execute('SELECT *\nFROM `...')
#2 C:\xampp\htdocs\codi\system\Database\BaseConnection.php(606): CodeIgniter\Database\BaseConnection->simpleQuery('SELECT *\nFROM `...')
#3 C:\xampp\htdocs\codi\system\Database\BaseBuilder.php(1616): CodeIgniter\Database\BaseConnection->query('SELECT *\nFROM `...', Array, false)
#4 C:\xampp\htdocs\codi\system\Model.php(203): CodeIgniter\Database\BaseBuilder->get()
#5 C:\xampp\htdocs\codi\system\BaseModel.php(557): CodeIgniter\Model->doFind(false, NULL)
#6 C:\xampp\htdocs\codi\app\Controllers\DesenhistaPost.php(1161): CodeIgniter\BaseModel->find()
#7 C:\xampp\htdocs\codi\system\CodeIgniter.php(934): App\Controllers\DesenhistaPost->desenho_tag_lista()
#8 C:\xampp\htdocs\codi\system\CodeIgniter.php(499): CodeIgniter\CodeIgniter->runController(Object(App\Controllers\DesenhistaPost))
#9 C:\xampp\htdocs\codi\system\CodeIgniter.php(368): CodeIgniter\CodeIgniter->handleRequest(NULL, Object(Config\Cache), false)
#10 C:\xampp\htdocs\codi\public\index.php(67): CodeIgniter\CodeIgniter->run()
#11 {main}
CRITICAL - 2023-10-26 21:53:56 --> Table 'wl.tag' doesn't exist
in SYSTEMPATH\Database\MySQLi\Connection.php on line 295.
 1 SYSTEMPATH\Database\MySQLi\Connection.php(295): mysqli->query('SELECT *
FROM `tag`', 0)
 2 SYSTEMPATH\Database\BaseConnection.php(692): CodeIgniter\Database\MySQLi\Connection->execute('SELECT *
FROM `tag`')
 3 SYSTEMPATH\Database\BaseConnection.php(606): CodeIgniter\Database\BaseConnection->simpleQuery('SELECT *
FROM `tag`')
 4 SYSTEMPATH\Database\BaseBuilder.php(1616): CodeIgniter\Database\BaseConnection->query('SELECT *
FROM `tag`', [], false)
 5 SYSTEMPATH\Model.php(203): CodeIgniter\Database\BaseBuilder->get()
 6 SYSTEMPATH\BaseModel.php(557): CodeIgniter\Model->doFind(false, null)
 7 APPPATH\Controllers\DesenhistaPost.php(1161): CodeIgniter\BaseModel->find()
 8 SYSTEMPATH\CodeIgniter.php(934): App\Controllers\DesenhistaPost->desenho_tag_lista()
 9 SYSTEMPATH\CodeIgniter.php(499): CodeIgniter\CodeIgniter->runController(Object(App\Controllers\DesenhistaPost))
10 SYSTEMPATH\CodeIgniter.php(368): CodeIgniter\CodeIgniter->handleRequest(null, Object(Config\Cache), false)
11 FCPATH\index.php(67): CodeIgniter\CodeIgniter->run()
ERROR - 2023-10-26 21:53:56 --> mysqli_sql_exception: Table 'wl.tag' doesn't exist in C:\xampp\htdocs\codi\system\Database\MySQLi\Connection.php:295
Stack trace:
#0 C:\xampp\htdocs\codi\system\Database\MySQLi\Connection.php(295): mysqli->query('SELECT *\nFROM `...', 0)
#1 C:\xampp\htdocs\codi\system\Database\BaseConnection.php(692): CodeIgniter\Database\MySQLi\Connection->execute('SELECT *\nFROM `...')
#2 C:\xampp\htdocs\codi\system\Database\BaseConnection.php(606): CodeIgniter\Database\BaseConnection->simpleQuery('SELECT *\nFROM `...')
#3 C:\xampp\htdocs\codi\system\Database\BaseBuilder.php(1616): CodeIgniter\Database\BaseConnection->query('SELECT *\nFROM `...', Array, false)
#4 C:\xampp\htdocs\codi\system\Model.php(203): CodeIgniter\Database\BaseBuilder->get()
#5 C:\xampp\htdocs\codi\system\BaseModel.php(557): CodeIgniter\Model->doFind(false, NULL)
#6 C:\xampp\htdocs\codi\app\Controllers\DesenhistaPost.php(1161): CodeIgniter\BaseModel->find()
#7 C:\xampp\htdocs\codi\system\CodeIgniter.php(934): App\Controllers\DesenhistaPost->desenho_tag_lista()
#8 C:\xampp\htdocs\codi\system\CodeIgniter.php(499): CodeIgniter\CodeIgniter->runController(Object(App\Controllers\DesenhistaPost))
#9 C:\xampp\htdocs\codi\system\CodeIgniter.php(368): CodeIgniter\CodeIgniter->handleRequest(NULL, Object(Config\Cache), false)
#10 C:\xampp\htdocs\codi\public\index.php(67): CodeIgniter\CodeIgniter->run()
#11 {main}
CRITICAL - 2023-10-26 21:53:56 --> Table 'wl.tag' doesn't exist
in SYSTEMPATH\Database\MySQLi\Connection.php on line 295.
 1 SYSTEMPATH\Database\MySQLi\Connection.php(295): mysqli->query('SELECT *
FROM `tag`', 0)
 2 SYSTEMPATH\Database\BaseConnection.php(692): CodeIgniter\Database\MySQLi\Connection->execute('SELECT *
FROM `tag`')
 3 SYSTEMPATH\Database\BaseConnection.php(606): CodeIgniter\Database\BaseConnection->simpleQuery('SELECT *
FROM `tag`')
 4 SYSTEMPATH\Database\BaseBuilder.php(1616): CodeIgniter\Database\BaseConnection->query('SELECT *
FROM `tag`', [], false)
 5 SYSTEMPATH\Model.php(203): CodeIgniter\Database\BaseBuilder->get()
 6 SYSTEMPATH\BaseModel.php(557): CodeIgniter\Model->doFind(false, null)
 7 APPPATH\Controllers\DesenhistaPost.php(1161): CodeIgniter\BaseModel->find()
 8 SYSTEMPATH\CodeIgniter.php(934): App\Controllers\DesenhistaPost->desenho_tag_lista()
 9 SYSTEMPATH\CodeIgniter.php(499): CodeIgniter\CodeIgniter->runController(Object(App\Controllers\DesenhistaPost))
10 SYSTEMPATH\CodeIgniter.php(368): CodeIgniter\CodeIgniter->handleRequest(null, Object(Config\Cache), false)
11 FCPATH\index.php(67): CodeIgniter\CodeIgniter->run()
CRITICAL - 2023-10-26 22:01:35 --> Undefined array key "novo_nome_arquivo"
in APPPATH\Controllers\DesenhistaPost.php on line 573.
 1 APPPATH\Controllers\DesenhistaPost.php(573): CodeIgniter\Debug\Exceptions->errorHandler(2, 'Undefined array key "novo_nome_arquivo"', 'C:\\xampp\\htdocs\\codi\\app\\Controllers\\DesenhistaPost.php', 573)
 2 SYSTEMPATH\CodeIgniter.php(934): App\Controllers\DesenhistaPost->subistituir_desenho()
 3 SYSTEMPATH\CodeIgniter.php(499): CodeIgniter\CodeIgniter->runController(Object(App\Controllers\DesenhistaPost))
 4 SYSTEMPATH\CodeIgniter.php(368): CodeIgniter\CodeIgniter->handleRequest(null, Object(Config\Cache), false)
 5 FCPATH\index.php(67): CodeIgniter\CodeIgniter->run()
CRITICAL - 2023-10-26 22:01:44 --> Undefined array key "novo_nome_arquivo"
in APPPATH\Controllers\DesenhistaPost.php on line 573.
 1 APPPATH\Controllers\DesenhistaPost.php(573): CodeIgniter\Debug\Exceptions->errorHandler(2, 'Undefined array key "novo_nome_arquivo"', 'C:\\xampp\\htdocs\\codi\\app\\Controllers\\DesenhistaPost.php', 573)
 2 SYSTEMPATH\CodeIgniter.php(934): App\Controllers\DesenhistaPost->subistituir_desenho()
 3 SYSTEMPATH\CodeIgniter.php(499): CodeIgniter\CodeIgniter->runController(Object(App\Controllers\DesenhistaPost))
 4 SYSTEMPATH\CodeIgniter.php(368): CodeIgniter\CodeIgniter->handleRequest(null, Object(Config\Cache), false)
 5 FCPATH\index.php(67): CodeIgniter\CodeIgniter->run()
