CRITICAL - 2023-10-02 21:50:24 --> syntax error, unexpected token "=", expecting "]"
in APPPATH\Controllers\AdmPost.php on line 291.
 1 SYSTEMPATH\Autoloader\Autoloader.php(289): CodeIgniter\Autoloader\Autoloader->includeFile('C:\\xampp\\htdocs\\codi\\app\\Controllers\\AdmPost.php')
 2 SYSTEMPATH\Autoloader\Autoloader.php(267): CodeIgniter\Autoloader\Autoloader->loadInNamespace('App\\Controllers\\AdmPost')
 3 [internal function]: CodeIgniter\Autoloader\Autoloader->loadClass('App\\Controllers\\AdmPost')
 4 SYSTEMPATH\CodeIgniter.php(892): class_exists('\\App\\Controllers\\AdmPost', true)
 5 SYSTEMPATH\CodeIgniter.php(486): CodeIgniter\CodeIgniter->startController()
 6 SYSTEMPATH\CodeIgniter.php(368): CodeIgniter\CodeIgniter->handleRequest(null, Object(Config\Cache), false)
 7 FCPATH\index.php(67): CodeIgniter\CodeIgniter->run()
CRITICAL - 2023-10-02 21:50:24 --> syntax error, unexpected token "=", expecting "]"
in APPPATH\Controllers\AdmPost.php on line 291.
 1 SYSTEMPATH\Autoloader\Autoloader.php(289): CodeIgniter\Autoloader\Autoloader->includeFile('C:\\xampp\\htdocs\\codi\\app\\Controllers\\AdmPost.php')
 2 SYSTEMPATH\Autoloader\Autoloader.php(267): CodeIgniter\Autoloader\Autoloader->loadInNamespace('App\\Controllers\\AdmPost')
 3 [internal function]: CodeIgniter\Autoloader\Autoloader->loadClass('App\\Controllers\\AdmPost')
 4 SYSTEMPATH\CodeIgniter.php(892): class_exists('\\App\\Controllers\\AdmPost', true)
 5 SYSTEMPATH\CodeIgniter.php(486): CodeIgniter\CodeIgniter->startController()
 6 SYSTEMPATH\CodeIgniter.php(368): CodeIgniter\CodeIgniter->handleRequest(null, Object(Config\Cache), false)
 7 FCPATH\index.php(67): CodeIgniter\CodeIgniter->run()
CRITICAL - 2023-10-02 21:50:25 --> syntax error, unexpected token "=", expecting "]"
in APPPATH\Controllers\AdmPost.php on line 291.
 1 SYSTEMPATH\Autoloader\Autoloader.php(289): CodeIgniter\Autoloader\Autoloader->includeFile('C:\\xampp\\htdocs\\codi\\app\\Controllers\\AdmPost.php')
 2 SYSTEMPATH\Autoloader\Autoloader.php(267): CodeIgniter\Autoloader\Autoloader->loadInNamespace('App\\Controllers\\AdmPost')
 3 [internal function]: CodeIgniter\Autoloader\Autoloader->loadClass('App\\Controllers\\AdmPost')
 4 SYSTEMPATH\CodeIgniter.php(892): class_exists('\\App\\Controllers\\AdmPost', true)
 5 SYSTEMPATH\CodeIgniter.php(486): CodeIgniter\CodeIgniter->startController()
 6 SYSTEMPATH\CodeIgniter.php(368): CodeIgniter\CodeIgniter->handleRequest(null, Object(Config\Cache), false)
 7 FCPATH\index.php(67): CodeIgniter\CodeIgniter->run()
CRITICAL - 2023-10-02 21:50:25 --> syntax error, unexpected token "=", expecting "]"
in APPPATH\Controllers\AdmPost.php on line 291.
 1 SYSTEMPATH\Autoloader\Autoloader.php(289): CodeIgniter\Autoloader\Autoloader->includeFile('C:\\xampp\\htdocs\\codi\\app\\Controllers\\AdmPost.php')
 2 SYSTEMPATH\Autoloader\Autoloader.php(267): CodeIgniter\Autoloader\Autoloader->loadInNamespace('App\\Controllers\\AdmPost')
 3 [internal function]: CodeIgniter\Autoloader\Autoloader->loadClass('App\\Controllers\\AdmPost')
 4 SYSTEMPATH\CodeIgniter.php(892): class_exists('\\App\\Controllers\\AdmPost', true)
 5 SYSTEMPATH\CodeIgniter.php(486): CodeIgniter\CodeIgniter->startController()
 6 SYSTEMPATH\CodeIgniter.php(368): CodeIgniter\CodeIgniter->handleRequest(null, Object(Config\Cache), false)
 7 FCPATH\index.php(67): CodeIgniter\CodeIgniter->run()
CRITICAL - 2023-10-02 21:50:26 --> syntax error, unexpected token "]"
in APPPATH\Controllers\AdmPost.php on line 293.
 1 SYSTEMPATH\Autoloader\Autoloader.php(289): CodeIgniter\Autoloader\Autoloader->includeFile('C:\\xampp\\htdocs\\codi\\app\\Controllers\\AdmPost.php')
 2 SYSTEMPATH\Autoloader\Autoloader.php(267): CodeIgniter\Autoloader\Autoloader->loadInNamespace('App\\Controllers\\AdmPost')
 3 [internal function]: CodeIgniter\Autoloader\Autoloader->loadClass('App\\Controllers\\AdmPost')
 4 SYSTEMPATH\CodeIgniter.php(892): class_exists('\\App\\Controllers\\AdmPost', true)
 5 SYSTEMPATH\CodeIgniter.php(486): CodeIgniter\CodeIgniter->startController()
 6 SYSTEMPATH\CodeIgniter.php(368): CodeIgniter\CodeIgniter->handleRequest(null, Object(Config\Cache), false)
 7 FCPATH\index.php(67): CodeIgniter\CodeIgniter->run()
CRITICAL - 2023-10-02 21:50:26 --> syntax error, unexpected token "]"
in APPPATH\Controllers\AdmPost.php on line 293.
 1 SYSTEMPATH\Autoloader\Autoloader.php(289): CodeIgniter\Autoloader\Autoloader->includeFile('C:\\xampp\\htdocs\\codi\\app\\Controllers\\AdmPost.php')
 2 SYSTEMPATH\Autoloader\Autoloader.php(267): CodeIgniter\Autoloader\Autoloader->loadInNamespace('App\\Controllers\\AdmPost')
 3 [internal function]: CodeIgniter\Autoloader\Autoloader->loadClass('App\\Controllers\\AdmPost')
 4 SYSTEMPATH\CodeIgniter.php(892): class_exists('\\App\\Controllers\\AdmPost', true)
 5 SYSTEMPATH\CodeIgniter.php(486): CodeIgniter\CodeIgniter->startController()
 6 SYSTEMPATH\CodeIgniter.php(368): CodeIgniter\CodeIgniter->handleRequest(null, Object(Config\Cache), false)
 7 FCPATH\index.php(67): CodeIgniter\CodeIgniter->run()
CRITICAL - 2023-10-02 21:50:27 --> syntax error, unexpected token "]"
in APPPATH\Controllers\AdmPost.php on line 293.
 1 SYSTEMPATH\Autoloader\Autoloader.php(289): CodeIgniter\Autoloader\Autoloader->includeFile('C:\\xampp\\htdocs\\codi\\app\\Controllers\\AdmPost.php')
 2 SYSTEMPATH\Autoloader\Autoloader.php(267): CodeIgniter\Autoloader\Autoloader->loadInNamespace('App\\Controllers\\AdmPost')
 3 [internal function]: CodeIgniter\Autoloader\Autoloader->loadClass('App\\Controllers\\AdmPost')
 4 SYSTEMPATH\CodeIgniter.php(892): class_exists('\\App\\Controllers\\AdmPost', true)
 5 SYSTEMPATH\CodeIgniter.php(486): CodeIgniter\CodeIgniter->startController()
 6 SYSTEMPATH\CodeIgniter.php(368): CodeIgniter\CodeIgniter->handleRequest(null, Object(Config\Cache), false)
 7 FCPATH\index.php(67): CodeIgniter\CodeIgniter->run()
CRITICAL - 2023-10-02 21:50:27 --> syntax error, unexpected token "]"
in APPPATH\Controllers\AdmPost.php on line 293.
 1 SYSTEMPATH\Autoloader\Autoloader.php(289): CodeIgniter\Autoloader\Autoloader->includeFile('C:\\xampp\\htdocs\\codi\\app\\Controllers\\AdmPost.php')
 2 SYSTEMPATH\Autoloader\Autoloader.php(267): CodeIgniter\Autoloader\Autoloader->loadInNamespace('App\\Controllers\\AdmPost')
 3 [internal function]: CodeIgniter\Autoloader\Autoloader->loadClass('App\\Controllers\\AdmPost')
 4 SYSTEMPATH\CodeIgniter.php(892): class_exists('\\App\\Controllers\\AdmPost', true)
 5 SYSTEMPATH\CodeIgniter.php(486): CodeIgniter\CodeIgniter->startController()
 6 SYSTEMPATH\CodeIgniter.php(368): CodeIgniter\CodeIgniter->handleRequest(null, Object(Config\Cache), false)
 7 FCPATH\index.php(67): CodeIgniter\CodeIgniter->run()
CRITICAL - 2023-10-02 21:50:28 --> syntax error, unexpected token "]"
in APPPATH\Controllers\AdmPost.php on line 293.
 1 SYSTEMPATH\Autoloader\Autoloader.php(289): CodeIgniter\Autoloader\Autoloader->includeFile('C:\\xampp\\htdocs\\codi\\app\\Controllers\\AdmPost.php')
 2 SYSTEMPATH\Autoloader\Autoloader.php(267): CodeIgniter\Autoloader\Autoloader->loadInNamespace('App\\Controllers\\AdmPost')
 3 [internal function]: CodeIgniter\Autoloader\Autoloader->loadClass('App\\Controllers\\AdmPost')
 4 SYSTEMPATH\CodeIgniter.php(892): class_exists('\\App\\Controllers\\AdmPost', true)
 5 SYSTEMPATH\CodeIgniter.php(486): CodeIgniter\CodeIgniter->startController()
 6 SYSTEMPATH\CodeIgniter.php(368): CodeIgniter\CodeIgniter->handleRequest(null, Object(Config\Cache), false)
 7 FCPATH\index.php(67): CodeIgniter\CodeIgniter->run()
CRITICAL - 2023-10-02 21:50:28 --> syntax error, unexpected token "]"
in APPPATH\Controllers\AdmPost.php on line 293.
 1 SYSTEMPATH\Autoloader\Autoloader.php(289): CodeIgniter\Autoloader\Autoloader->includeFile('C:\\xampp\\htdocs\\codi\\app\\Controllers\\AdmPost.php')
 2 SYSTEMPATH\Autoloader\Autoloader.php(267): CodeIgniter\Autoloader\Autoloader->loadInNamespace('App\\Controllers\\AdmPost')
 3 [internal function]: CodeIgniter\Autoloader\Autoloader->loadClass('App\\Controllers\\AdmPost')
 4 SYSTEMPATH\CodeIgniter.php(892): class_exists('\\App\\Controllers\\AdmPost', true)
 5 SYSTEMPATH\CodeIgniter.php(486): CodeIgniter\CodeIgniter->startController()
 6 SYSTEMPATH\CodeIgniter.php(368): CodeIgniter\CodeIgniter->handleRequest(null, Object(Config\Cache), false)
 7 FCPATH\index.php(67): CodeIgniter\CodeIgniter->run()
CRITICAL - 2023-10-02 21:50:29 --> syntax error, unexpected token "]"
in APPPATH\Controllers\AdmPost.php on line 293.
 1 SYSTEMPATH\Autoloader\Autoloader.php(289): CodeIgniter\Autoloader\Autoloader->includeFile('C:\\xampp\\htdocs\\codi\\app\\Controllers\\AdmPost.php')
 2 SYSTEMPATH\Autoloader\Autoloader.php(267): CodeIgniter\Autoloader\Autoloader->loadInNamespace('App\\Controllers\\AdmPost')
 3 [internal function]: CodeIgniter\Autoloader\Autoloader->loadClass('App\\Controllers\\AdmPost')
 4 SYSTEMPATH\CodeIgniter.php(892): class_exists('\\App\\Controllers\\AdmPost', true)
 5 SYSTEMPATH\CodeIgniter.php(486): CodeIgniter\CodeIgniter->startController()
 6 SYSTEMPATH\CodeIgniter.php(368): CodeIgniter\CodeIgniter->handleRequest(null, Object(Config\Cache), false)
 7 FCPATH\index.php(67): CodeIgniter\CodeIgniter->run()
CRITICAL - 2023-10-02 21:50:29 --> syntax error, unexpected token "]"
in APPPATH\Controllers\AdmPost.php on line 293.
 1 SYSTEMPATH\Autoloader\Autoloader.php(289): CodeIgniter\Autoloader\Autoloader->includeFile('C:\\xampp\\htdocs\\codi\\app\\Controllers\\AdmPost.php')
 2 SYSTEMPATH\Autoloader\Autoloader.php(267): CodeIgniter\Autoloader\Autoloader->loadInNamespace('App\\Controllers\\AdmPost')
 3 [internal function]: CodeIgniter\Autoloader\Autoloader->loadClass('App\\Controllers\\AdmPost')
 4 SYSTEMPATH\CodeIgniter.php(892): class_exists('\\App\\Controllers\\AdmPost', true)
 5 SYSTEMPATH\CodeIgniter.php(486): CodeIgniter\CodeIgniter->startController()
 6 SYSTEMPATH\CodeIgniter.php(368): CodeIgniter\CodeIgniter->handleRequest(null, Object(Config\Cache), false)
 7 FCPATH\index.php(67): CodeIgniter\CodeIgniter->run()
CRITICAL - 2023-10-02 21:50:30 --> syntax error, unexpected token "]"
in APPPATH\Controllers\AdmPost.php on line 293.
 1 SYSTEMPATH\Autoloader\Autoloader.php(289): CodeIgniter\Autoloader\Autoloader->includeFile('C:\\xampp\\htdocs\\codi\\app\\Controllers\\AdmPost.php')
 2 SYSTEMPATH\Autoloader\Autoloader.php(267): CodeIgniter\Autoloader\Autoloader->loadInNamespace('App\\Controllers\\AdmPost')
 3 [internal function]: CodeIgniter\Autoloader\Autoloader->loadClass('App\\Controllers\\AdmPost')
 4 SYSTEMPATH\CodeIgniter.php(892): class_exists('\\App\\Controllers\\AdmPost', true)
 5 SYSTEMPATH\CodeIgniter.php(486): CodeIgniter\CodeIgniter->startController()
 6 SYSTEMPATH\CodeIgniter.php(368): CodeIgniter\CodeIgniter->handleRequest(null, Object(Config\Cache), false)
 7 FCPATH\index.php(67): CodeIgniter\CodeIgniter->run()
CRITICAL - 2023-10-02 21:50:30 --> syntax error, unexpected token "]"
in APPPATH\Controllers\AdmPost.php on line 293.
 1 SYSTEMPATH\Autoloader\Autoloader.php(289): CodeIgniter\Autoloader\Autoloader->includeFile('C:\\xampp\\htdocs\\codi\\app\\Controllers\\AdmPost.php')
 2 SYSTEMPATH\Autoloader\Autoloader.php(267): CodeIgniter\Autoloader\Autoloader->loadInNamespace('App\\Controllers\\AdmPost')
 3 [internal function]: CodeIgniter\Autoloader\Autoloader->loadClass('App\\Controllers\\AdmPost')
 4 SYSTEMPATH\CodeIgniter.php(892): class_exists('\\App\\Controllers\\AdmPost', true)
 5 SYSTEMPATH\CodeIgniter.php(486): CodeIgniter\CodeIgniter->startController()
 6 SYSTEMPATH\CodeIgniter.php(368): CodeIgniter\CodeIgniter->handleRequest(null, Object(Config\Cache), false)
 7 FCPATH\index.php(67): CodeIgniter\CodeIgniter->run()
CRITICAL - 2023-10-02 21:50:31 --> syntax error, unexpected token "]"
in APPPATH\Controllers\AdmPost.php on line 293.
 1 SYSTEMPATH\Autoloader\Autoloader.php(289): CodeIgniter\Autoloader\Autoloader->includeFile('C:\\xampp\\htdocs\\codi\\app\\Controllers\\AdmPost.php')
 2 SYSTEMPATH\Autoloader\Autoloader.php(267): CodeIgniter\Autoloader\Autoloader->loadInNamespace('App\\Controllers\\AdmPost')
 3 [internal function]: CodeIgniter\Autoloader\Autoloader->loadClass('App\\Controllers\\AdmPost')
 4 SYSTEMPATH\CodeIgniter.php(892): class_exists('\\App\\Controllers\\AdmPost', true)
 5 SYSTEMPATH\CodeIgniter.php(486): CodeIgniter\CodeIgniter->startController()
 6 SYSTEMPATH\CodeIgniter.php(368): CodeIgniter\CodeIgniter->handleRequest(null, Object(Config\Cache), false)
 7 FCPATH\index.php(67): CodeIgniter\CodeIgniter->run()
CRITICAL - 2023-10-02 21:50:31 --> syntax error, unexpected token "]"
in APPPATH\Controllers\AdmPost.php on line 293.
 1 SYSTEMPATH\Autoloader\Autoloader.php(289): CodeIgniter\Autoloader\Autoloader->includeFile('C:\\xampp\\htdocs\\codi\\app\\Controllers\\AdmPost.php')
 2 SYSTEMPATH\Autoloader\Autoloader.php(267): CodeIgniter\Autoloader\Autoloader->loadInNamespace('App\\Controllers\\AdmPost')
 3 [internal function]: CodeIgniter\Autoloader\Autoloader->loadClass('App\\Controllers\\AdmPost')
 4 SYSTEMPATH\CodeIgniter.php(892): class_exists('\\App\\Controllers\\AdmPost', true)
 5 SYSTEMPATH\CodeIgniter.php(486): CodeIgniter\CodeIgniter->startController()
 6 SYSTEMPATH\CodeIgniter.php(368): CodeIgniter\CodeIgniter->handleRequest(null, Object(Config\Cache), false)
 7 FCPATH\index.php(67): CodeIgniter\CodeIgniter->run()
CRITICAL - 2023-10-02 21:50:32 --> syntax error, unexpected token "]"
in APPPATH\Controllers\AdmPost.php on line 293.
 1 SYSTEMPATH\Autoloader\Autoloader.php(289): CodeIgniter\Autoloader\Autoloader->includeFile('C:\\xampp\\htdocs\\codi\\app\\Controllers\\AdmPost.php')
 2 SYSTEMPATH\Autoloader\Autoloader.php(267): CodeIgniter\Autoloader\Autoloader->loadInNamespace('App\\Controllers\\AdmPost')
 3 [internal function]: CodeIgniter\Autoloader\Autoloader->loadClass('App\\Controllers\\AdmPost')
 4 SYSTEMPATH\CodeIgniter.php(892): class_exists('\\App\\Controllers\\AdmPost', true)
 5 SYSTEMPATH\CodeIgniter.php(486): CodeIgniter\CodeIgniter->startController()
 6 SYSTEMPATH\CodeIgniter.php(368): CodeIgniter\CodeIgniter->handleRequest(null, Object(Config\Cache), false)
 7 FCPATH\index.php(67): CodeIgniter\CodeIgniter->run()
CRITICAL - 2023-10-02 21:50:32 --> syntax error, unexpected token "]"
in APPPATH\Controllers\AdmPost.php on line 293.
 1 SYSTEMPATH\Autoloader\Autoloader.php(289): CodeIgniter\Autoloader\Autoloader->includeFile('C:\\xampp\\htdocs\\codi\\app\\Controllers\\AdmPost.php')
 2 SYSTEMPATH\Autoloader\Autoloader.php(267): CodeIgniter\Autoloader\Autoloader->loadInNamespace('App\\Controllers\\AdmPost')
 3 [internal function]: CodeIgniter\Autoloader\Autoloader->loadClass('App\\Controllers\\AdmPost')
 4 SYSTEMPATH\CodeIgniter.php(892): class_exists('\\App\\Controllers\\AdmPost', true)
 5 SYSTEMPATH\CodeIgniter.php(486): CodeIgniter\CodeIgniter->startController()
 6 SYSTEMPATH\CodeIgniter.php(368): CodeIgniter\CodeIgniter->handleRequest(null, Object(Config\Cache), false)
 7 FCPATH\index.php(67): CodeIgniter\CodeIgniter->run()
CRITICAL - 2023-10-02 21:50:33 --> syntax error, unexpected token "]"
in APPPATH\Controllers\AdmPost.php on line 293.
 1 SYSTEMPATH\Autoloader\Autoloader.php(289): CodeIgniter\Autoloader\Autoloader->includeFile('C:\\xampp\\htdocs\\codi\\app\\Controllers\\AdmPost.php')
 2 SYSTEMPATH\Autoloader\Autoloader.php(267): CodeIgniter\Autoloader\Autoloader->loadInNamespace('App\\Controllers\\AdmPost')
 3 [internal function]: CodeIgniter\Autoloader\Autoloader->loadClass('App\\Controllers\\AdmPost')
 4 SYSTEMPATH\CodeIgniter.php(892): class_exists('\\App\\Controllers\\AdmPost', true)
 5 SYSTEMPATH\CodeIgniter.php(486): CodeIgniter\CodeIgniter->startController()
 6 SYSTEMPATH\CodeIgniter.php(368): CodeIgniter\CodeIgniter->handleRequest(null, Object(Config\Cache), false)
 7 FCPATH\index.php(67): CodeIgniter\CodeIgniter->run()
CRITICAL - 2023-10-02 21:50:33 --> syntax error, unexpected token "]"
in APPPATH\Controllers\AdmPost.php on line 293.
 1 SYSTEMPATH\Autoloader\Autoloader.php(289): CodeIgniter\Autoloader\Autoloader->includeFile('C:\\xampp\\htdocs\\codi\\app\\Controllers\\AdmPost.php')
 2 SYSTEMPATH\Autoloader\Autoloader.php(267): CodeIgniter\Autoloader\Autoloader->loadInNamespace('App\\Controllers\\AdmPost')
 3 [internal function]: CodeIgniter\Autoloader\Autoloader->loadClass('App\\Controllers\\AdmPost')
 4 SYSTEMPATH\CodeIgniter.php(892): class_exists('\\App\\Controllers\\AdmPost', true)
 5 SYSTEMPATH\CodeIgniter.php(486): CodeIgniter\CodeIgniter->startController()
 6 SYSTEMPATH\CodeIgniter.php(368): CodeIgniter\CodeIgniter->handleRequest(null, Object(Config\Cache), false)
 7 FCPATH\index.php(67): CodeIgniter\CodeIgniter->run()
CRITICAL - 2023-10-02 21:50:34 --> syntax error, unexpected token "]"
in APPPATH\Controllers\AdmPost.php on line 293.
 1 SYSTEMPATH\Autoloader\Autoloader.php(289): CodeIgniter\Autoloader\Autoloader->includeFile('C:\\xampp\\htdocs\\codi\\app\\Controllers\\AdmPost.php')
 2 SYSTEMPATH\Autoloader\Autoloader.php(267): CodeIgniter\Autoloader\Autoloader->loadInNamespace('App\\Controllers\\AdmPost')
 3 [internal function]: CodeIgniter\Autoloader\Autoloader->loadClass('App\\Controllers\\AdmPost')
 4 SYSTEMPATH\CodeIgniter.php(892): class_exists('\\App\\Controllers\\AdmPost', true)
 5 SYSTEMPATH\CodeIgniter.php(486): CodeIgniter\CodeIgniter->startController()
 6 SYSTEMPATH\CodeIgniter.php(368): CodeIgniter\CodeIgniter->handleRequest(null, Object(Config\Cache), false)
 7 FCPATH\index.php(67): CodeIgniter\CodeIgniter->run()
CRITICAL - 2023-10-02 21:50:34 --> syntax error, unexpected token "]"
in APPPATH\Controllers\AdmPost.php on line 293.
 1 SYSTEMPATH\Autoloader\Autoloader.php(289): CodeIgniter\Autoloader\Autoloader->includeFile('C:\\xampp\\htdocs\\codi\\app\\Controllers\\AdmPost.php')
 2 SYSTEMPATH\Autoloader\Autoloader.php(267): CodeIgniter\Autoloader\Autoloader->loadInNamespace('App\\Controllers\\AdmPost')
 3 [internal function]: CodeIgniter\Autoloader\Autoloader->loadClass('App\\Controllers\\AdmPost')
 4 SYSTEMPATH\CodeIgniter.php(892): class_exists('\\App\\Controllers\\AdmPost', true)
 5 SYSTEMPATH\CodeIgniter.php(486): CodeIgniter\CodeIgniter->startController()
 6 SYSTEMPATH\CodeIgniter.php(368): CodeIgniter\CodeIgniter->handleRequest(null, Object(Config\Cache), false)
 7 FCPATH\index.php(67): CodeIgniter\CodeIgniter->run()
CRITICAL - 2023-10-02 21:50:35 --> syntax error, unexpected token "]"
in APPPATH\Controllers\AdmPost.php on line 293.
 1 SYSTEMPATH\Autoloader\Autoloader.php(289): CodeIgniter\Autoloader\Autoloader->includeFile('C:\\xampp\\htdocs\\codi\\app\\Controllers\\AdmPost.php')
 2 SYSTEMPATH\Autoloader\Autoloader.php(267): CodeIgniter\Autoloader\Autoloader->loadInNamespace('App\\Controllers\\AdmPost')
 3 [internal function]: CodeIgniter\Autoloader\Autoloader->loadClass('App\\Controllers\\AdmPost')
 4 SYSTEMPATH\CodeIgniter.php(892): class_exists('\\App\\Controllers\\AdmPost', true)
 5 SYSTEMPATH\CodeIgniter.php(486): CodeIgniter\CodeIgniter->startController()
 6 SYSTEMPATH\CodeIgniter.php(368): CodeIgniter\CodeIgniter->handleRequest(null, Object(Config\Cache), false)
 7 FCPATH\index.php(67): CodeIgniter\CodeIgniter->run()
CRITICAL - 2023-10-02 21:50:35 --> syntax error, unexpected token "]"
in APPPATH\Controllers\AdmPost.php on line 293.
 1 SYSTEMPATH\Autoloader\Autoloader.php(289): CodeIgniter\Autoloader\Autoloader->includeFile('C:\\xampp\\htdocs\\codi\\app\\Controllers\\AdmPost.php')
 2 SYSTEMPATH\Autoloader\Autoloader.php(267): CodeIgniter\Autoloader\Autoloader->loadInNamespace('App\\Controllers\\AdmPost')
 3 [internal function]: CodeIgniter\Autoloader\Autoloader->loadClass('App\\Controllers\\AdmPost')
 4 SYSTEMPATH\CodeIgniter.php(892): class_exists('\\App\\Controllers\\AdmPost', true)
 5 SYSTEMPATH\CodeIgniter.php(486): CodeIgniter\CodeIgniter->startController()
 6 SYSTEMPATH\CodeIgniter.php(368): CodeIgniter\CodeIgniter->handleRequest(null, Object(Config\Cache), false)
 7 FCPATH\index.php(67): CodeIgniter\CodeIgniter->run()
CRITICAL - 2023-10-02 21:50:36 --> syntax error, unexpected token "]"
in APPPATH\Controllers\AdmPost.php on line 293.
 1 SYSTEMPATH\Autoloader\Autoloader.php(289): CodeIgniter\Autoloader\Autoloader->includeFile('C:\\xampp\\htdocs\\codi\\app\\Controllers\\AdmPost.php')
 2 SYSTEMPATH\Autoloader\Autoloader.php(267): CodeIgniter\Autoloader\Autoloader->loadInNamespace('App\\Controllers\\AdmPost')
 3 [internal function]: CodeIgniter\Autoloader\Autoloader->loadClass('App\\Controllers\\AdmPost')
 4 SYSTEMPATH\CodeIgniter.php(892): class_exists('\\App\\Controllers\\AdmPost', true)
 5 SYSTEMPATH\CodeIgniter.php(486): CodeIgniter\CodeIgniter->startController()
 6 SYSTEMPATH\CodeIgniter.php(368): CodeIgniter\CodeIgniter->handleRequest(null, Object(Config\Cache), false)
 7 FCPATH\index.php(67): CodeIgniter\CodeIgniter->run()
CRITICAL - 2023-10-02 21:50:36 --> syntax error, unexpected token "]"
in APPPATH\Controllers\AdmPost.php on line 293.
 1 SYSTEMPATH\Autoloader\Autoloader.php(289): CodeIgniter\Autoloader\Autoloader->includeFile('C:\\xampp\\htdocs\\codi\\app\\Controllers\\AdmPost.php')
 2 SYSTEMPATH\Autoloader\Autoloader.php(267): CodeIgniter\Autoloader\Autoloader->loadInNamespace('App\\Controllers\\AdmPost')
 3 [internal function]: CodeIgniter\Autoloader\Autoloader->loadClass('App\\Controllers\\AdmPost')
 4 SYSTEMPATH\CodeIgniter.php(892): class_exists('\\App\\Controllers\\AdmPost', true)
 5 SYSTEMPATH\CodeIgniter.php(486): CodeIgniter\CodeIgniter->startController()
 6 SYSTEMPATH\CodeIgniter.php(368): CodeIgniter\CodeIgniter->handleRequest(null, Object(Config\Cache), false)
 7 FCPATH\index.php(67): CodeIgniter\CodeIgniter->run()
CRITICAL - 2023-10-02 21:50:37 --> syntax error, unexpected token "]"
in APPPATH\Controllers\AdmPost.php on line 293.
 1 SYSTEMPATH\Autoloader\Autoloader.php(289): CodeIgniter\Autoloader\Autoloader->includeFile('C:\\xampp\\htdocs\\codi\\app\\Controllers\\AdmPost.php')
 2 SYSTEMPATH\Autoloader\Autoloader.php(267): CodeIgniter\Autoloader\Autoloader->loadInNamespace('App\\Controllers\\AdmPost')
 3 [internal function]: CodeIgniter\Autoloader\Autoloader->loadClass('App\\Controllers\\AdmPost')
 4 SYSTEMPATH\CodeIgniter.php(892): class_exists('\\App\\Controllers\\AdmPost', true)
 5 SYSTEMPATH\CodeIgniter.php(486): CodeIgniter\CodeIgniter->startController()
 6 SYSTEMPATH\CodeIgniter.php(368): CodeIgniter\CodeIgniter->handleRequest(null, Object(Config\Cache), false)
 7 FCPATH\index.php(67): CodeIgniter\CodeIgniter->run()
CRITICAL - 2023-10-02 21:50:37 --> syntax error, unexpected token "]"
in APPPATH\Controllers\AdmPost.php on line 293.
 1 SYSTEMPATH\Autoloader\Autoloader.php(289): CodeIgniter\Autoloader\Autoloader->includeFile('C:\\xampp\\htdocs\\codi\\app\\Controllers\\AdmPost.php')
 2 SYSTEMPATH\Autoloader\Autoloader.php(267): CodeIgniter\Autoloader\Autoloader->loadInNamespace('App\\Controllers\\AdmPost')
 3 [internal function]: CodeIgniter\Autoloader\Autoloader->loadClass('App\\Controllers\\AdmPost')
 4 SYSTEMPATH\CodeIgniter.php(892): class_exists('\\App\\Controllers\\AdmPost', true)
 5 SYSTEMPATH\CodeIgniter.php(486): CodeIgniter\CodeIgniter->startController()
 6 SYSTEMPATH\CodeIgniter.php(368): CodeIgniter\CodeIgniter->handleRequest(null, Object(Config\Cache), false)
 7 FCPATH\index.php(67): CodeIgniter\CodeIgniter->run()
CRITICAL - 2023-10-02 21:50:38 --> syntax error, unexpected token "]"
in APPPATH\Controllers\AdmPost.php on line 293.
 1 SYSTEMPATH\Autoloader\Autoloader.php(289): CodeIgniter\Autoloader\Autoloader->includeFile('C:\\xampp\\htdocs\\codi\\app\\Controllers\\AdmPost.php')
 2 SYSTEMPATH\Autoloader\Autoloader.php(267): CodeIgniter\Autoloader\Autoloader->loadInNamespace('App\\Controllers\\AdmPost')
 3 [internal function]: CodeIgniter\Autoloader\Autoloader->loadClass('App\\Controllers\\AdmPost')
 4 SYSTEMPATH\CodeIgniter.php(892): class_exists('\\App\\Controllers\\AdmPost', true)
 5 SYSTEMPATH\CodeIgniter.php(486): CodeIgniter\CodeIgniter->startController()
 6 SYSTEMPATH\CodeIgniter.php(368): CodeIgniter\CodeIgniter->handleRequest(null, Object(Config\Cache), false)
 7 FCPATH\index.php(67): CodeIgniter\CodeIgniter->run()
CRITICAL - 2023-10-02 21:50:38 --> syntax error, unexpected token "]"
in APPPATH\Controllers\AdmPost.php on line 293.
 1 SYSTEMPATH\Autoloader\Autoloader.php(289): CodeIgniter\Autoloader\Autoloader->includeFile('C:\\xampp\\htdocs\\codi\\app\\Controllers\\AdmPost.php')
 2 SYSTEMPATH\Autoloader\Autoloader.php(267): CodeIgniter\Autoloader\Autoloader->loadInNamespace('App\\Controllers\\AdmPost')
 3 [internal function]: CodeIgniter\Autoloader\Autoloader->loadClass('App\\Controllers\\AdmPost')
 4 SYSTEMPATH\CodeIgniter.php(892): class_exists('\\App\\Controllers\\AdmPost', true)
 5 SYSTEMPATH\CodeIgniter.php(486): CodeIgniter\CodeIgniter->startController()
 6 SYSTEMPATH\CodeIgniter.php(368): CodeIgniter\CodeIgniter->handleRequest(null, Object(Config\Cache), false)
 7 FCPATH\index.php(67): CodeIgniter\CodeIgniter->run()
CRITICAL - 2023-10-02 21:50:39 --> syntax error, unexpected token "]"
in APPPATH\Controllers\AdmPost.php on line 293.
 1 SYSTEMPATH\Autoloader\Autoloader.php(289): CodeIgniter\Autoloader\Autoloader->includeFile('C:\\xampp\\htdocs\\codi\\app\\Controllers\\AdmPost.php')
 2 SYSTEMPATH\Autoloader\Autoloader.php(267): CodeIgniter\Autoloader\Autoloader->loadInNamespace('App\\Controllers\\AdmPost')
 3 [internal function]: CodeIgniter\Autoloader\Autoloader->loadClass('App\\Controllers\\AdmPost')
 4 SYSTEMPATH\CodeIgniter.php(892): class_exists('\\App\\Controllers\\AdmPost', true)
 5 SYSTEMPATH\CodeIgniter.php(486): CodeIgniter\CodeIgniter->startController()
 6 SYSTEMPATH\CodeIgniter.php(368): CodeIgniter\CodeIgniter->handleRequest(null, Object(Config\Cache), false)
 7 FCPATH\index.php(67): CodeIgniter\CodeIgniter->run()
CRITICAL - 2023-10-02 21:50:39 --> syntax error, unexpected token "]"
in APPPATH\Controllers\AdmPost.php on line 293.
 1 SYSTEMPATH\Autoloader\Autoloader.php(289): CodeIgniter\Autoloader\Autoloader->includeFile('C:\\xampp\\htdocs\\codi\\app\\Controllers\\AdmPost.php')
 2 SYSTEMPATH\Autoloader\Autoloader.php(267): CodeIgniter\Autoloader\Autoloader->loadInNamespace('App\\Controllers\\AdmPost')
 3 [internal function]: CodeIgniter\Autoloader\Autoloader->loadClass('App\\Controllers\\AdmPost')
 4 SYSTEMPATH\CodeIgniter.php(892): class_exists('\\App\\Controllers\\AdmPost', true)
 5 SYSTEMPATH\CodeIgniter.php(486): CodeIgniter\CodeIgniter->startController()
 6 SYSTEMPATH\CodeIgniter.php(368): CodeIgniter\CodeIgniter->handleRequest(null, Object(Config\Cache), false)
 7 FCPATH\index.php(67): CodeIgniter\CodeIgniter->run()
CRITICAL - 2023-10-02 21:50:40 --> syntax error, unexpected token "]"
in APPPATH\Controllers\AdmPost.php on line 293.
 1 SYSTEMPATH\Autoloader\Autoloader.php(289): CodeIgniter\Autoloader\Autoloader->includeFile('C:\\xampp\\htdocs\\codi\\app\\Controllers\\AdmPost.php')
 2 SYSTEMPATH\Autoloader\Autoloader.php(267): CodeIgniter\Autoloader\Autoloader->loadInNamespace('App\\Controllers\\AdmPost')
 3 [internal function]: CodeIgniter\Autoloader\Autoloader->loadClass('App\\Controllers\\AdmPost')
 4 SYSTEMPATH\CodeIgniter.php(892): class_exists('\\App\\Controllers\\AdmPost', true)
 5 SYSTEMPATH\CodeIgniter.php(486): CodeIgniter\CodeIgniter->startController()
 6 SYSTEMPATH\CodeIgniter.php(368): CodeIgniter\CodeIgniter->handleRequest(null, Object(Config\Cache), false)
 7 FCPATH\index.php(67): CodeIgniter\CodeIgniter->run()
CRITICAL - 2023-10-02 21:50:40 --> syntax error, unexpected token "]"
in APPPATH\Controllers\AdmPost.php on line 293.
 1 SYSTEMPATH\Autoloader\Autoloader.php(289): CodeIgniter\Autoloader\Autoloader->includeFile('C:\\xampp\\htdocs\\codi\\app\\Controllers\\AdmPost.php')
 2 SYSTEMPATH\Autoloader\Autoloader.php(267): CodeIgniter\Autoloader\Autoloader->loadInNamespace('App\\Controllers\\AdmPost')
 3 [internal function]: CodeIgniter\Autoloader\Autoloader->loadClass('App\\Controllers\\AdmPost')
 4 SYSTEMPATH\CodeIgniter.php(892): class_exists('\\App\\Controllers\\AdmPost', true)
 5 SYSTEMPATH\CodeIgniter.php(486): CodeIgniter\CodeIgniter->startController()
 6 SYSTEMPATH\CodeIgniter.php(368): CodeIgniter\CodeIgniter->handleRequest(null, Object(Config\Cache), false)
 7 FCPATH\index.php(67): CodeIgniter\CodeIgniter->run()
CRITICAL - 2023-10-02 21:50:41 --> syntax error, unexpected token "]"
in APPPATH\Controllers\AdmPost.php on line 293.
 1 SYSTEMPATH\Autoloader\Autoloader.php(289): CodeIgniter\Autoloader\Autoloader->includeFile('C:\\xampp\\htdocs\\codi\\app\\Controllers\\AdmPost.php')
 2 SYSTEMPATH\Autoloader\Autoloader.php(267): CodeIgniter\Autoloader\Autoloader->loadInNamespace('App\\Controllers\\AdmPost')
 3 [internal function]: CodeIgniter\Autoloader\Autoloader->loadClass('App\\Controllers\\AdmPost')
 4 SYSTEMPATH\CodeIgniter.php(892): class_exists('\\App\\Controllers\\AdmPost', true)
 5 SYSTEMPATH\CodeIgniter.php(486): CodeIgniter\CodeIgniter->startController()
 6 SYSTEMPATH\CodeIgniter.php(368): CodeIgniter\CodeIgniter->handleRequest(null, Object(Config\Cache), false)
 7 FCPATH\index.php(67): CodeIgniter\CodeIgniter->run()
CRITICAL - 2023-10-02 21:50:41 --> syntax error, unexpected token "]"
in APPPATH\Controllers\AdmPost.php on line 293.
 1 SYSTEMPATH\Autoloader\Autoloader.php(289): CodeIgniter\Autoloader\Autoloader->includeFile('C:\\xampp\\htdocs\\codi\\app\\Controllers\\AdmPost.php')
 2 SYSTEMPATH\Autoloader\Autoloader.php(267): CodeIgniter\Autoloader\Autoloader->loadInNamespace('App\\Controllers\\AdmPost')
 3 [internal function]: CodeIgniter\Autoloader\Autoloader->loadClass('App\\Controllers\\AdmPost')
 4 SYSTEMPATH\CodeIgniter.php(892): class_exists('\\App\\Controllers\\AdmPost', true)
 5 SYSTEMPATH\CodeIgniter.php(486): CodeIgniter\CodeIgniter->startController()
 6 SYSTEMPATH\CodeIgniter.php(368): CodeIgniter\CodeIgniter->handleRequest(null, Object(Config\Cache), false)
 7 FCPATH\index.php(67): CodeIgniter\CodeIgniter->run()
CRITICAL - 2023-10-02 21:50:42 --> syntax error, unexpected token "]"
in APPPATH\Controllers\AdmPost.php on line 293.
 1 SYSTEMPATH\Autoloader\Autoloader.php(289): CodeIgniter\Autoloader\Autoloader->includeFile('C:\\xampp\\htdocs\\codi\\app\\Controllers\\AdmPost.php')
 2 SYSTEMPATH\Autoloader\Autoloader.php(267): CodeIgniter\Autoloader\Autoloader->loadInNamespace('App\\Controllers\\AdmPost')
 3 [internal function]: CodeIgniter\Autoloader\Autoloader->loadClass('App\\Controllers\\AdmPost')
 4 SYSTEMPATH\CodeIgniter.php(892): class_exists('\\App\\Controllers\\AdmPost', true)
 5 SYSTEMPATH\CodeIgniter.php(486): CodeIgniter\CodeIgniter->startController()
 6 SYSTEMPATH\CodeIgniter.php(368): CodeIgniter\CodeIgniter->handleRequest(null, Object(Config\Cache), false)
 7 FCPATH\index.php(67): CodeIgniter\CodeIgniter->run()
CRITICAL - 2023-10-02 21:50:42 --> syntax error, unexpected token "]"
in APPPATH\Controllers\AdmPost.php on line 293.
 1 SYSTEMPATH\Autoloader\Autoloader.php(289): CodeIgniter\Autoloader\Autoloader->includeFile('C:\\xampp\\htdocs\\codi\\app\\Controllers\\AdmPost.php')
 2 SYSTEMPATH\Autoloader\Autoloader.php(267): CodeIgniter\Autoloader\Autoloader->loadInNamespace('App\\Controllers\\AdmPost')
 3 [internal function]: CodeIgniter\Autoloader\Autoloader->loadClass('App\\Controllers\\AdmPost')
 4 SYSTEMPATH\CodeIgniter.php(892): class_exists('\\App\\Controllers\\AdmPost', true)
 5 SYSTEMPATH\CodeIgniter.php(486): CodeIgniter\CodeIgniter->startController()
 6 SYSTEMPATH\CodeIgniter.php(368): CodeIgniter\CodeIgniter->handleRequest(null, Object(Config\Cache), false)
 7 FCPATH\index.php(67): CodeIgniter\CodeIgniter->run()
CRITICAL - 2023-10-02 21:50:43 --> syntax error, unexpected token "]"
in APPPATH\Controllers\AdmPost.php on line 293.
 1 SYSTEMPATH\Autoloader\Autoloader.php(289): CodeIgniter\Autoloader\Autoloader->includeFile('C:\\xampp\\htdocs\\codi\\app\\Controllers\\AdmPost.php')
 2 SYSTEMPATH\Autoloader\Autoloader.php(267): CodeIgniter\Autoloader\Autoloader->loadInNamespace('App\\Controllers\\AdmPost')
 3 [internal function]: CodeIgniter\Autoloader\Autoloader->loadClass('App\\Controllers\\AdmPost')
 4 SYSTEMPATH\CodeIgniter.php(892): class_exists('\\App\\Controllers\\AdmPost', true)
 5 SYSTEMPATH\CodeIgniter.php(486): CodeIgniter\CodeIgniter->startController()
 6 SYSTEMPATH\CodeIgniter.php(368): CodeIgniter\CodeIgniter->handleRequest(null, Object(Config\Cache), false)
 7 FCPATH\index.php(67): CodeIgniter\CodeIgniter->run()
CRITICAL - 2023-10-02 21:50:43 --> syntax error, unexpected token "]"
in APPPATH\Controllers\AdmPost.php on line 293.
 1 SYSTEMPATH\Autoloader\Autoloader.php(289): CodeIgniter\Autoloader\Autoloader->includeFile('C:\\xampp\\htdocs\\codi\\app\\Controllers\\AdmPost.php')
 2 SYSTEMPATH\Autoloader\Autoloader.php(267): CodeIgniter\Autoloader\Autoloader->loadInNamespace('App\\Controllers\\AdmPost')
 3 [internal function]: CodeIgniter\Autoloader\Autoloader->loadClass('App\\Controllers\\AdmPost')
 4 SYSTEMPATH\CodeIgniter.php(892): class_exists('\\App\\Controllers\\AdmPost', true)
 5 SYSTEMPATH\CodeIgniter.php(486): CodeIgniter\CodeIgniter->startController()
 6 SYSTEMPATH\CodeIgniter.php(368): CodeIgniter\CodeIgniter->handleRequest(null, Object(Config\Cache), false)
 7 FCPATH\index.php(67): CodeIgniter\CodeIgniter->run()
CRITICAL - 2023-10-02 21:50:44 --> syntax error, unexpected token "]"
in APPPATH\Controllers\AdmPost.php on line 293.
 1 SYSTEMPATH\Autoloader\Autoloader.php(289): CodeIgniter\Autoloader\Autoloader->includeFile('C:\\xampp\\htdocs\\codi\\app\\Controllers\\AdmPost.php')
 2 SYSTEMPATH\Autoloader\Autoloader.php(267): CodeIgniter\Autoloader\Autoloader->loadInNamespace('App\\Controllers\\AdmPost')
 3 [internal function]: CodeIgniter\Autoloader\Autoloader->loadClass('App\\Controllers\\AdmPost')
 4 SYSTEMPATH\CodeIgniter.php(892): class_exists('\\App\\Controllers\\AdmPost', true)
 5 SYSTEMPATH\CodeIgniter.php(486): CodeIgniter\CodeIgniter->startController()
 6 SYSTEMPATH\CodeIgniter.php(368): CodeIgniter\CodeIgniter->handleRequest(null, Object(Config\Cache), false)
 7 FCPATH\index.php(67): CodeIgniter\CodeIgniter->run()
CRITICAL - 2023-10-02 21:50:44 --> syntax error, unexpected token "]"
in APPPATH\Controllers\AdmPost.php on line 293.
 1 SYSTEMPATH\Autoloader\Autoloader.php(289): CodeIgniter\Autoloader\Autoloader->includeFile('C:\\xampp\\htdocs\\codi\\app\\Controllers\\AdmPost.php')
 2 SYSTEMPATH\Autoloader\Autoloader.php(267): CodeIgniter\Autoloader\Autoloader->loadInNamespace('App\\Controllers\\AdmPost')
 3 [internal function]: CodeIgniter\Autoloader\Autoloader->loadClass('App\\Controllers\\AdmPost')
 4 SYSTEMPATH\CodeIgniter.php(892): class_exists('\\App\\Controllers\\AdmPost', true)
 5 SYSTEMPATH\CodeIgniter.php(486): CodeIgniter\CodeIgniter->startController()
 6 SYSTEMPATH\CodeIgniter.php(368): CodeIgniter\CodeIgniter->handleRequest(null, Object(Config\Cache), false)
 7 FCPATH\index.php(67): CodeIgniter\CodeIgniter->run()
CRITICAL - 2023-10-02 21:50:45 --> syntax error, unexpected token "]"
in APPPATH\Controllers\AdmPost.php on line 293.
 1 SYSTEMPATH\Autoloader\Autoloader.php(289): CodeIgniter\Autoloader\Autoloader->includeFile('C:\\xampp\\htdocs\\codi\\app\\Controllers\\AdmPost.php')
 2 SYSTEMPATH\Autoloader\Autoloader.php(267): CodeIgniter\Autoloader\Autoloader->loadInNamespace('App\\Controllers\\AdmPost')
 3 [internal function]: CodeIgniter\Autoloader\Autoloader->loadClass('App\\Controllers\\AdmPost')
 4 SYSTEMPATH\CodeIgniter.php(892): class_exists('\\App\\Controllers\\AdmPost', true)
 5 SYSTEMPATH\CodeIgniter.php(486): CodeIgniter\CodeIgniter->startController()
 6 SYSTEMPATH\CodeIgniter.php(368): CodeIgniter\CodeIgniter->handleRequest(null, Object(Config\Cache), false)
 7 FCPATH\index.php(67): CodeIgniter\CodeIgniter->run()
CRITICAL - 2023-10-02 21:50:45 --> syntax error, unexpected token "]"
in APPPATH\Controllers\AdmPost.php on line 293.
 1 SYSTEMPATH\Autoloader\Autoloader.php(289): CodeIgniter\Autoloader\Autoloader->includeFile('C:\\xampp\\htdocs\\codi\\app\\Controllers\\AdmPost.php')
 2 SYSTEMPATH\Autoloader\Autoloader.php(267): CodeIgniter\Autoloader\Autoloader->loadInNamespace('App\\Controllers\\AdmPost')
 3 [internal function]: CodeIgniter\Autoloader\Autoloader->loadClass('App\\Controllers\\AdmPost')
 4 SYSTEMPATH\CodeIgniter.php(892): class_exists('\\App\\Controllers\\AdmPost', true)
 5 SYSTEMPATH\CodeIgniter.php(486): CodeIgniter\CodeIgniter->startController()
 6 SYSTEMPATH\CodeIgniter.php(368): CodeIgniter\CodeIgniter->handleRequest(null, Object(Config\Cache), false)
 7 FCPATH\index.php(67): CodeIgniter\CodeIgniter->run()
CRITICAL - 2023-10-02 21:50:48 --> syntax error, unexpected token "]"
in APPPATH\Controllers\AdmPost.php on line 293.
 1 SYSTEMPATH\Autoloader\Autoloader.php(289): CodeIgniter\Autoloader\Autoloader->includeFile('C:\\xampp\\htdocs\\codi\\app\\Controllers\\AdmPost.php')
 2 SYSTEMPATH\Autoloader\Autoloader.php(267): CodeIgniter\Autoloader\Autoloader->loadInNamespace('App\\Controllers\\AdmPost')
 3 [internal function]: CodeIgniter\Autoloader\Autoloader->loadClass('App\\Controllers\\AdmPost')
 4 SYSTEMPATH\CodeIgniter.php(892): class_exists('\\App\\Controllers\\AdmPost', true)
 5 SYSTEMPATH\CodeIgniter.php(486): CodeIgniter\CodeIgniter->startController()
 6 SYSTEMPATH\CodeIgniter.php(368): CodeIgniter\CodeIgniter->handleRequest(null, Object(Config\Cache), false)
 7 FCPATH\index.php(67): CodeIgniter\CodeIgniter->run()
CRITICAL - 2023-10-02 21:50:48 --> syntax error, unexpected token "]"
in APPPATH\Controllers\AdmPost.php on line 293.
 1 SYSTEMPATH\Autoloader\Autoloader.php(289): CodeIgniter\Autoloader\Autoloader->includeFile('C:\\xampp\\htdocs\\codi\\app\\Controllers\\AdmPost.php')
 2 SYSTEMPATH\Autoloader\Autoloader.php(267): CodeIgniter\Autoloader\Autoloader->loadInNamespace('App\\Controllers\\AdmPost')
 3 [internal function]: CodeIgniter\Autoloader\Autoloader->loadClass('App\\Controllers\\AdmPost')
 4 SYSTEMPATH\CodeIgniter.php(892): class_exists('\\App\\Controllers\\AdmPost', true)
 5 SYSTEMPATH\CodeIgniter.php(486): CodeIgniter\CodeIgniter->startController()
 6 SYSTEMPATH\CodeIgniter.php(368): CodeIgniter\CodeIgniter->handleRequest(null, Object(Config\Cache), false)
 7 FCPATH\index.php(67): CodeIgniter\CodeIgniter->run()
CRITICAL - 2023-10-02 21:51:48 --> syntax error, unexpected token "]"
in APPPATH\Controllers\AdmPost.php on line 293.
 1 SYSTEMPATH\Autoloader\Autoloader.php(289): CodeIgniter\Autoloader\Autoloader->includeFile('C:\\xampp\\htdocs\\codi\\app\\Controllers\\AdmPost.php')
 2 SYSTEMPATH\Autoloader\Autoloader.php(267): CodeIgniter\Autoloader\Autoloader->loadInNamespace('App\\Controllers\\AdmPost')
 3 [internal function]: CodeIgniter\Autoloader\Autoloader->loadClass('App\\Controllers\\AdmPost')
 4 SYSTEMPATH\CodeIgniter.php(892): class_exists('\\App\\Controllers\\AdmPost', true)
 5 SYSTEMPATH\CodeIgniter.php(486): CodeIgniter\CodeIgniter->startController()
 6 SYSTEMPATH\CodeIgniter.php(368): CodeIgniter\CodeIgniter->handleRequest(null, Object(Config\Cache), false)
 7 FCPATH\index.php(67): CodeIgniter\CodeIgniter->run()
CRITICAL - 2023-10-02 21:51:48 --> syntax error, unexpected token "]"
in APPPATH\Controllers\AdmPost.php on line 293.
 1 SYSTEMPATH\Autoloader\Autoloader.php(289): CodeIgniter\Autoloader\Autoloader->includeFile('C:\\xampp\\htdocs\\codi\\app\\Controllers\\AdmPost.php')
 2 SYSTEMPATH\Autoloader\Autoloader.php(267): CodeIgniter\Autoloader\Autoloader->loadInNamespace('App\\Controllers\\AdmPost')
 3 [internal function]: CodeIgniter\Autoloader\Autoloader->loadClass('App\\Controllers\\AdmPost')
 4 SYSTEMPATH\CodeIgniter.php(892): class_exists('\\App\\Controllers\\AdmPost', true)
 5 SYSTEMPATH\CodeIgniter.php(486): CodeIgniter\CodeIgniter->startController()
 6 SYSTEMPATH\CodeIgniter.php(368): CodeIgniter\CodeIgniter->handleRequest(null, Object(Config\Cache), false)
 7 FCPATH\index.php(67): CodeIgniter\CodeIgniter->run()
CRITICAL - 2023-10-02 21:53:31 --> syntax error, unexpected token "]"
in APPPATH\Controllers\AdmPost.php on line 294.
 1 SYSTEMPATH\Autoloader\Autoloader.php(289): CodeIgniter\Autoloader\Autoloader->includeFile('C:\\xampp\\htdocs\\codi\\app\\Controllers\\AdmPost.php')
 2 SYSTEMPATH\Autoloader\Autoloader.php(267): CodeIgniter\Autoloader\Autoloader->loadInNamespace('App\\Controllers\\AdmPost')
 3 [internal function]: CodeIgniter\Autoloader\Autoloader->loadClass('App\\Controllers\\AdmPost')
 4 SYSTEMPATH\CodeIgniter.php(892): class_exists('\\App\\Controllers\\AdmPost', true)
 5 SYSTEMPATH\CodeIgniter.php(486): CodeIgniter\CodeIgniter->startController()
 6 SYSTEMPATH\CodeIgniter.php(368): CodeIgniter\CodeIgniter->handleRequest(null, Object(Config\Cache), false)
 7 FCPATH\index.php(67): CodeIgniter\CodeIgniter->run()
CRITICAL - 2023-10-02 21:53:31 --> syntax error, unexpected token "]"
in APPPATH\Controllers\AdmPost.php on line 294.
 1 SYSTEMPATH\Autoloader\Autoloader.php(289): CodeIgniter\Autoloader\Autoloader->includeFile('C:\\xampp\\htdocs\\codi\\app\\Controllers\\AdmPost.php')
 2 SYSTEMPATH\Autoloader\Autoloader.php(267): CodeIgniter\Autoloader\Autoloader->loadInNamespace('App\\Controllers\\AdmPost')
 3 [internal function]: CodeIgniter\Autoloader\Autoloader->loadClass('App\\Controllers\\AdmPost')
 4 SYSTEMPATH\CodeIgniter.php(892): class_exists('\\App\\Controllers\\AdmPost', true)
 5 SYSTEMPATH\CodeIgniter.php(486): CodeIgniter\CodeIgniter->startController()
 6 SYSTEMPATH\CodeIgniter.php(368): CodeIgniter\CodeIgniter->handleRequest(null, Object(Config\Cache), false)
 7 FCPATH\index.php(67): CodeIgniter\CodeIgniter->run()
CRITICAL - 2023-10-02 21:53:32 --> syntax error, unexpected token "]"
in APPPATH\Controllers\AdmPost.php on line 294.
 1 SYSTEMPATH\Autoloader\Autoloader.php(289): CodeIgniter\Autoloader\Autoloader->includeFile('C:\\xampp\\htdocs\\codi\\app\\Controllers\\AdmPost.php')
 2 SYSTEMPATH\Autoloader\Autoloader.php(267): CodeIgniter\Autoloader\Autoloader->loadInNamespace('App\\Controllers\\AdmPost')
 3 [internal function]: CodeIgniter\Autoloader\Autoloader->loadClass('App\\Controllers\\AdmPost')
 4 SYSTEMPATH\CodeIgniter.php(892): class_exists('\\App\\Controllers\\AdmPost', true)
 5 SYSTEMPATH\CodeIgniter.php(486): CodeIgniter\CodeIgniter->startController()
 6 SYSTEMPATH\CodeIgniter.php(368): CodeIgniter\CodeIgniter->handleRequest(null, Object(Config\Cache), false)
 7 FCPATH\index.php(67): CodeIgniter\CodeIgniter->run()
CRITICAL - 2023-10-02 21:53:32 --> syntax error, unexpected token "]"
in APPPATH\Controllers\AdmPost.php on line 294.
 1 SYSTEMPATH\Autoloader\Autoloader.php(289): CodeIgniter\Autoloader\Autoloader->includeFile('C:\\xampp\\htdocs\\codi\\app\\Controllers\\AdmPost.php')
 2 SYSTEMPATH\Autoloader\Autoloader.php(267): CodeIgniter\Autoloader\Autoloader->loadInNamespace('App\\Controllers\\AdmPost')
 3 [internal function]: CodeIgniter\Autoloader\Autoloader->loadClass('App\\Controllers\\AdmPost')
 4 SYSTEMPATH\CodeIgniter.php(892): class_exists('\\App\\Controllers\\AdmPost', true)
 5 SYSTEMPATH\CodeIgniter.php(486): CodeIgniter\CodeIgniter->startController()
 6 SYSTEMPATH\CodeIgniter.php(368): CodeIgniter\CodeIgniter->handleRequest(null, Object(Config\Cache), false)
 7 FCPATH\index.php(67): CodeIgniter\CodeIgniter->run()
CRITICAL - 2023-10-02 21:53:33 --> syntax error, unexpected token "]"
in APPPATH\Controllers\AdmPost.php on line 294.
 1 SYSTEMPATH\Autoloader\Autoloader.php(289): CodeIgniter\Autoloader\Autoloader->includeFile('C:\\xampp\\htdocs\\codi\\app\\Controllers\\AdmPost.php')
 2 SYSTEMPATH\Autoloader\Autoloader.php(267): CodeIgniter\Autoloader\Autoloader->loadInNamespace('App\\Controllers\\AdmPost')
 3 [internal function]: CodeIgniter\Autoloader\Autoloader->loadClass('App\\Controllers\\AdmPost')
 4 SYSTEMPATH\CodeIgniter.php(892): class_exists('\\App\\Controllers\\AdmPost', true)
 5 SYSTEMPATH\CodeIgniter.php(486): CodeIgniter\CodeIgniter->startController()
 6 SYSTEMPATH\CodeIgniter.php(368): CodeIgniter\CodeIgniter->handleRequest(null, Object(Config\Cache), false)
 7 FCPATH\index.php(67): CodeIgniter\CodeIgniter->run()
CRITICAL - 2023-10-02 21:53:33 --> syntax error, unexpected token "]"
in APPPATH\Controllers\AdmPost.php on line 294.
 1 SYSTEMPATH\Autoloader\Autoloader.php(289): CodeIgniter\Autoloader\Autoloader->includeFile('C:\\xampp\\htdocs\\codi\\app\\Controllers\\AdmPost.php')
 2 SYSTEMPATH\Autoloader\Autoloader.php(267): CodeIgniter\Autoloader\Autoloader->loadInNamespace('App\\Controllers\\AdmPost')
 3 [internal function]: CodeIgniter\Autoloader\Autoloader->loadClass('App\\Controllers\\AdmPost')
 4 SYSTEMPATH\CodeIgniter.php(892): class_exists('\\App\\Controllers\\AdmPost', true)
 5 SYSTEMPATH\CodeIgniter.php(486): CodeIgniter\CodeIgniter->startController()
 6 SYSTEMPATH\CodeIgniter.php(368): CodeIgniter\CodeIgniter->handleRequest(null, Object(Config\Cache), false)
 7 FCPATH\index.php(67): CodeIgniter\CodeIgniter->run()
CRITICAL - 2023-10-02 21:53:34 --> syntax error, unexpected token "]"
in APPPATH\Controllers\AdmPost.php on line 294.
 1 SYSTEMPATH\Autoloader\Autoloader.php(289): CodeIgniter\Autoloader\Autoloader->includeFile('C:\\xampp\\htdocs\\codi\\app\\Controllers\\AdmPost.php')
 2 SYSTEMPATH\Autoloader\Autoloader.php(267): CodeIgniter\Autoloader\Autoloader->loadInNamespace('App\\Controllers\\AdmPost')
 3 [internal function]: CodeIgniter\Autoloader\Autoloader->loadClass('App\\Controllers\\AdmPost')
 4 SYSTEMPATH\CodeIgniter.php(892): class_exists('\\App\\Controllers\\AdmPost', true)
 5 SYSTEMPATH\CodeIgniter.php(486): CodeIgniter\CodeIgniter->startController()
 6 SYSTEMPATH\CodeIgniter.php(368): CodeIgniter\CodeIgniter->handleRequest(null, Object(Config\Cache), false)
 7 FCPATH\index.php(67): CodeIgniter\CodeIgniter->run()
CRITICAL - 2023-10-02 21:53:34 --> syntax error, unexpected token "]"
in APPPATH\Controllers\AdmPost.php on line 294.
 1 SYSTEMPATH\Autoloader\Autoloader.php(289): CodeIgniter\Autoloader\Autoloader->includeFile('C:\\xampp\\htdocs\\codi\\app\\Controllers\\AdmPost.php')
 2 SYSTEMPATH\Autoloader\Autoloader.php(267): CodeIgniter\Autoloader\Autoloader->loadInNamespace('App\\Controllers\\AdmPost')
 3 [internal function]: CodeIgniter\Autoloader\Autoloader->loadClass('App\\Controllers\\AdmPost')
 4 SYSTEMPATH\CodeIgniter.php(892): class_exists('\\App\\Controllers\\AdmPost', true)
 5 SYSTEMPATH\CodeIgniter.php(486): CodeIgniter\CodeIgniter->startController()
 6 SYSTEMPATH\CodeIgniter.php(368): CodeIgniter\CodeIgniter->handleRequest(null, Object(Config\Cache), false)
 7 FCPATH\index.php(67): CodeIgniter\CodeIgniter->run()
CRITICAL - 2023-10-02 21:53:35 --> syntax error, unexpected token "]"
in APPPATH\Controllers\AdmPost.php on line 294.
 1 SYSTEMPATH\Autoloader\Autoloader.php(289): CodeIgniter\Autoloader\Autoloader->includeFile('C:\\xampp\\htdocs\\codi\\app\\Controllers\\AdmPost.php')
 2 SYSTEMPATH\Autoloader\Autoloader.php(267): CodeIgniter\Autoloader\Autoloader->loadInNamespace('App\\Controllers\\AdmPost')
 3 [internal function]: CodeIgniter\Autoloader\Autoloader->loadClass('App\\Controllers\\AdmPost')
 4 SYSTEMPATH\CodeIgniter.php(892): class_exists('\\App\\Controllers\\AdmPost', true)
 5 SYSTEMPATH\CodeIgniter.php(486): CodeIgniter\CodeIgniter->startController()
 6 SYSTEMPATH\CodeIgniter.php(368): CodeIgniter\CodeIgniter->handleRequest(null, Object(Config\Cache), false)
 7 FCPATH\index.php(67): CodeIgniter\CodeIgniter->run()
CRITICAL - 2023-10-02 21:53:35 --> syntax error, unexpected token "]"
in APPPATH\Controllers\AdmPost.php on line 294.
 1 SYSTEMPATH\Autoloader\Autoloader.php(289): CodeIgniter\Autoloader\Autoloader->includeFile('C:\\xampp\\htdocs\\codi\\app\\Controllers\\AdmPost.php')
 2 SYSTEMPATH\Autoloader\Autoloader.php(267): CodeIgniter\Autoloader\Autoloader->loadInNamespace('App\\Controllers\\AdmPost')
 3 [internal function]: CodeIgniter\Autoloader\Autoloader->loadClass('App\\Controllers\\AdmPost')
 4 SYSTEMPATH\CodeIgniter.php(892): class_exists('\\App\\Controllers\\AdmPost', true)
 5 SYSTEMPATH\CodeIgniter.php(486): CodeIgniter\CodeIgniter->startController()
 6 SYSTEMPATH\CodeIgniter.php(368): CodeIgniter\CodeIgniter->handleRequest(null, Object(Config\Cache), false)
 7 FCPATH\index.php(67): CodeIgniter\CodeIgniter->run()
CRITICAL - 2023-10-02 21:53:36 --> syntax error, unexpected token "]"
in APPPATH\Controllers\AdmPost.php on line 294.
 1 SYSTEMPATH\Autoloader\Autoloader.php(289): CodeIgniter\Autoloader\Autoloader->includeFile('C:\\xampp\\htdocs\\codi\\app\\Controllers\\AdmPost.php')
 2 SYSTEMPATH\Autoloader\Autoloader.php(267): CodeIgniter\Autoloader\Autoloader->loadInNamespace('App\\Controllers\\AdmPost')
 3 [internal function]: CodeIgniter\Autoloader\Autoloader->loadClass('App\\Controllers\\AdmPost')
 4 SYSTEMPATH\CodeIgniter.php(892): class_exists('\\App\\Controllers\\AdmPost', true)
 5 SYSTEMPATH\CodeIgniter.php(486): CodeIgniter\CodeIgniter->startController()
 6 SYSTEMPATH\CodeIgniter.php(368): CodeIgniter\CodeIgniter->handleRequest(null, Object(Config\Cache), false)
 7 FCPATH\index.php(67): CodeIgniter\CodeIgniter->run()
CRITICAL - 2023-10-02 21:53:36 --> syntax error, unexpected token "]"
in APPPATH\Controllers\AdmPost.php on line 294.
 1 SYSTEMPATH\Autoloader\Autoloader.php(289): CodeIgniter\Autoloader\Autoloader->includeFile('C:\\xampp\\htdocs\\codi\\app\\Controllers\\AdmPost.php')
 2 SYSTEMPATH\Autoloader\Autoloader.php(267): CodeIgniter\Autoloader\Autoloader->loadInNamespace('App\\Controllers\\AdmPost')
 3 [internal function]: CodeIgniter\Autoloader\Autoloader->loadClass('App\\Controllers\\AdmPost')
 4 SYSTEMPATH\CodeIgniter.php(892): class_exists('\\App\\Controllers\\AdmPost', true)
 5 SYSTEMPATH\CodeIgniter.php(486): CodeIgniter\CodeIgniter->startController()
 6 SYSTEMPATH\CodeIgniter.php(368): CodeIgniter\CodeIgniter->handleRequest(null, Object(Config\Cache), false)
 7 FCPATH\index.php(67): CodeIgniter\CodeIgniter->run()
CRITICAL - 2023-10-02 21:53:37 --> syntax error, unexpected token "]"
in APPPATH\Controllers\AdmPost.php on line 294.
 1 SYSTEMPATH\Autoloader\Autoloader.php(289): CodeIgniter\Autoloader\Autoloader->includeFile('C:\\xampp\\htdocs\\codi\\app\\Controllers\\AdmPost.php')
 2 SYSTEMPATH\Autoloader\Autoloader.php(267): CodeIgniter\Autoloader\Autoloader->loadInNamespace('App\\Controllers\\AdmPost')
 3 [internal function]: CodeIgniter\Autoloader\Autoloader->loadClass('App\\Controllers\\AdmPost')
 4 SYSTEMPATH\CodeIgniter.php(892): class_exists('\\App\\Controllers\\AdmPost', true)
 5 SYSTEMPATH\CodeIgniter.php(486): CodeIgniter\CodeIgniter->startController()
 6 SYSTEMPATH\CodeIgniter.php(368): CodeIgniter\CodeIgniter->handleRequest(null, Object(Config\Cache), false)
 7 FCPATH\index.php(67): CodeIgniter\CodeIgniter->run()
CRITICAL - 2023-10-02 21:53:37 --> syntax error, unexpected token "]"
in APPPATH\Controllers\AdmPost.php on line 294.
 1 SYSTEMPATH\Autoloader\Autoloader.php(289): CodeIgniter\Autoloader\Autoloader->includeFile('C:\\xampp\\htdocs\\codi\\app\\Controllers\\AdmPost.php')
 2 SYSTEMPATH\Autoloader\Autoloader.php(267): CodeIgniter\Autoloader\Autoloader->loadInNamespace('App\\Controllers\\AdmPost')
 3 [internal function]: CodeIgniter\Autoloader\Autoloader->loadClass('App\\Controllers\\AdmPost')
 4 SYSTEMPATH\CodeIgniter.php(892): class_exists('\\App\\Controllers\\AdmPost', true)
 5 SYSTEMPATH\CodeIgniter.php(486): CodeIgniter\CodeIgniter->startController()
 6 SYSTEMPATH\CodeIgniter.php(368): CodeIgniter\CodeIgniter->handleRequest(null, Object(Config\Cache), false)
 7 FCPATH\index.php(67): CodeIgniter\CodeIgniter->run()
CRITICAL - 2023-10-02 21:53:38 --> syntax error, unexpected token "]"
in APPPATH\Controllers\AdmPost.php on line 294.
 1 SYSTEMPATH\Autoloader\Autoloader.php(289): CodeIgniter\Autoloader\Autoloader->includeFile('C:\\xampp\\htdocs\\codi\\app\\Controllers\\AdmPost.php')
 2 SYSTEMPATH\Autoloader\Autoloader.php(267): CodeIgniter\Autoloader\Autoloader->loadInNamespace('App\\Controllers\\AdmPost')
 3 [internal function]: CodeIgniter\Autoloader\Autoloader->loadClass('App\\Controllers\\AdmPost')
 4 SYSTEMPATH\CodeIgniter.php(892): class_exists('\\App\\Controllers\\AdmPost', true)
 5 SYSTEMPATH\CodeIgniter.php(486): CodeIgniter\CodeIgniter->startController()
 6 SYSTEMPATH\CodeIgniter.php(368): CodeIgniter\CodeIgniter->handleRequest(null, Object(Config\Cache), false)
 7 FCPATH\index.php(67): CodeIgniter\CodeIgniter->run()
CRITICAL - 2023-10-02 21:53:38 --> syntax error, unexpected token "]"
in APPPATH\Controllers\AdmPost.php on line 294.
 1 SYSTEMPATH\Autoloader\Autoloader.php(289): CodeIgniter\Autoloader\Autoloader->includeFile('C:\\xampp\\htdocs\\codi\\app\\Controllers\\AdmPost.php')
 2 SYSTEMPATH\Autoloader\Autoloader.php(267): CodeIgniter\Autoloader\Autoloader->loadInNamespace('App\\Controllers\\AdmPost')
 3 [internal function]: CodeIgniter\Autoloader\Autoloader->loadClass('App\\Controllers\\AdmPost')
 4 SYSTEMPATH\CodeIgniter.php(892): class_exists('\\App\\Controllers\\AdmPost', true)
 5 SYSTEMPATH\CodeIgniter.php(486): CodeIgniter\CodeIgniter->startController()
 6 SYSTEMPATH\CodeIgniter.php(368): CodeIgniter\CodeIgniter->handleRequest(null, Object(Config\Cache), false)
 7 FCPATH\index.php(67): CodeIgniter\CodeIgniter->run()
CRITICAL - 2023-10-02 21:53:39 --> syntax error, unexpected token "]"
in APPPATH\Controllers\AdmPost.php on line 294.
 1 SYSTEMPATH\Autoloader\Autoloader.php(289): CodeIgniter\Autoloader\Autoloader->includeFile('C:\\xampp\\htdocs\\codi\\app\\Controllers\\AdmPost.php')
 2 SYSTEMPATH\Autoloader\Autoloader.php(267): CodeIgniter\Autoloader\Autoloader->loadInNamespace('App\\Controllers\\AdmPost')
 3 [internal function]: CodeIgniter\Autoloader\Autoloader->loadClass('App\\Controllers\\AdmPost')
 4 SYSTEMPATH\CodeIgniter.php(892): class_exists('\\App\\Controllers\\AdmPost', true)
 5 SYSTEMPATH\CodeIgniter.php(486): CodeIgniter\CodeIgniter->startController()
 6 SYSTEMPATH\CodeIgniter.php(368): CodeIgniter\CodeIgniter->handleRequest(null, Object(Config\Cache), false)
 7 FCPATH\index.php(67): CodeIgniter\CodeIgniter->run()
CRITICAL - 2023-10-02 21:53:39 --> syntax error, unexpected token "]"
in APPPATH\Controllers\AdmPost.php on line 294.
 1 SYSTEMPATH\Autoloader\Autoloader.php(289): CodeIgniter\Autoloader\Autoloader->includeFile('C:\\xampp\\htdocs\\codi\\app\\Controllers\\AdmPost.php')
 2 SYSTEMPATH\Autoloader\Autoloader.php(267): CodeIgniter\Autoloader\Autoloader->loadInNamespace('App\\Controllers\\AdmPost')
 3 [internal function]: CodeIgniter\Autoloader\Autoloader->loadClass('App\\Controllers\\AdmPost')
 4 SYSTEMPATH\CodeIgniter.php(892): class_exists('\\App\\Controllers\\AdmPost', true)
 5 SYSTEMPATH\CodeIgniter.php(486): CodeIgniter\CodeIgniter->startController()
 6 SYSTEMPATH\CodeIgniter.php(368): CodeIgniter\CodeIgniter->handleRequest(null, Object(Config\Cache), false)
 7 FCPATH\index.php(67): CodeIgniter\CodeIgniter->run()
CRITICAL - 2023-10-02 21:53:40 --> syntax error, unexpected token "]"
in APPPATH\Controllers\AdmPost.php on line 294.
 1 SYSTEMPATH\Autoloader\Autoloader.php(289): CodeIgniter\Autoloader\Autoloader->includeFile('C:\\xampp\\htdocs\\codi\\app\\Controllers\\AdmPost.php')
 2 SYSTEMPATH\Autoloader\Autoloader.php(267): CodeIgniter\Autoloader\Autoloader->loadInNamespace('App\\Controllers\\AdmPost')
 3 [internal function]: CodeIgniter\Autoloader\Autoloader->loadClass('App\\Controllers\\AdmPost')
 4 SYSTEMPATH\CodeIgniter.php(892): class_exists('\\App\\Controllers\\AdmPost', true)
 5 SYSTEMPATH\CodeIgniter.php(486): CodeIgniter\CodeIgniter->startController()
 6 SYSTEMPATH\CodeIgniter.php(368): CodeIgniter\CodeIgniter->handleRequest(null, Object(Config\Cache), false)
 7 FCPATH\index.php(67): CodeIgniter\CodeIgniter->run()
CRITICAL - 2023-10-02 21:53:40 --> syntax error, unexpected token "]"
in APPPATH\Controllers\AdmPost.php on line 294.
 1 SYSTEMPATH\Autoloader\Autoloader.php(289): CodeIgniter\Autoloader\Autoloader->includeFile('C:\\xampp\\htdocs\\codi\\app\\Controllers\\AdmPost.php')
 2 SYSTEMPATH\Autoloader\Autoloader.php(267): CodeIgniter\Autoloader\Autoloader->loadInNamespace('App\\Controllers\\AdmPost')
 3 [internal function]: CodeIgniter\Autoloader\Autoloader->loadClass('App\\Controllers\\AdmPost')
 4 SYSTEMPATH\CodeIgniter.php(892): class_exists('\\App\\Controllers\\AdmPost', true)
 5 SYSTEMPATH\CodeIgniter.php(486): CodeIgniter\CodeIgniter->startController()
 6 SYSTEMPATH\CodeIgniter.php(368): CodeIgniter\CodeIgniter->handleRequest(null, Object(Config\Cache), false)
 7 FCPATH\index.php(67): CodeIgniter\CodeIgniter->run()
CRITICAL - 2023-10-02 21:53:41 --> syntax error, unexpected token "]"
in APPPATH\Controllers\AdmPost.php on line 294.
 1 SYSTEMPATH\Autoloader\Autoloader.php(289): CodeIgniter\Autoloader\Autoloader->includeFile('C:\\xampp\\htdocs\\codi\\app\\Controllers\\AdmPost.php')
 2 SYSTEMPATH\Autoloader\Autoloader.php(267): CodeIgniter\Autoloader\Autoloader->loadInNamespace('App\\Controllers\\AdmPost')
 3 [internal function]: CodeIgniter\Autoloader\Autoloader->loadClass('App\\Controllers\\AdmPost')
 4 SYSTEMPATH\CodeIgniter.php(892): class_exists('\\App\\Controllers\\AdmPost', true)
 5 SYSTEMPATH\CodeIgniter.php(486): CodeIgniter\CodeIgniter->startController()
 6 SYSTEMPATH\CodeIgniter.php(368): CodeIgniter\CodeIgniter->handleRequest(null, Object(Config\Cache), false)
 7 FCPATH\index.php(67): CodeIgniter\CodeIgniter->run()
CRITICAL - 2023-10-02 21:53:41 --> syntax error, unexpected token "]"
in APPPATH\Controllers\AdmPost.php on line 294.
 1 SYSTEMPATH\Autoloader\Autoloader.php(289): CodeIgniter\Autoloader\Autoloader->includeFile('C:\\xampp\\htdocs\\codi\\app\\Controllers\\AdmPost.php')
 2 SYSTEMPATH\Autoloader\Autoloader.php(267): CodeIgniter\Autoloader\Autoloader->loadInNamespace('App\\Controllers\\AdmPost')
 3 [internal function]: CodeIgniter\Autoloader\Autoloader->loadClass('App\\Controllers\\AdmPost')
 4 SYSTEMPATH\CodeIgniter.php(892): class_exists('\\App\\Controllers\\AdmPost', true)
 5 SYSTEMPATH\CodeIgniter.php(486): CodeIgniter\CodeIgniter->startController()
 6 SYSTEMPATH\CodeIgniter.php(368): CodeIgniter\CodeIgniter->handleRequest(null, Object(Config\Cache), false)
 7 FCPATH\index.php(67): CodeIgniter\CodeIgniter->run()
CRITICAL - 2023-10-02 21:58:17 --> syntax error, unexpected token "]"
in APPPATH\Controllers\AdmPost.php on line 298.
 1 SYSTEMPATH\Autoloader\Autoloader.php(289): CodeIgniter\Autoloader\Autoloader->includeFile('C:\\xampp\\htdocs\\codi\\app\\Controllers\\AdmPost.php')
 2 SYSTEMPATH\Autoloader\Autoloader.php(267): CodeIgniter\Autoloader\Autoloader->loadInNamespace('App\\Controllers\\AdmPost')
 3 [internal function]: CodeIgniter\Autoloader\Autoloader->loadClass('App\\Controllers\\AdmPost')
 4 SYSTEMPATH\CodeIgniter.php(892): class_exists('\\App\\Controllers\\AdmPost', true)
 5 SYSTEMPATH\CodeIgniter.php(486): CodeIgniter\CodeIgniter->startController()
 6 SYSTEMPATH\CodeIgniter.php(368): CodeIgniter\CodeIgniter->handleRequest(null, Object(Config\Cache), false)
 7 FCPATH\index.php(67): CodeIgniter\CodeIgniter->run()
CRITICAL - 2023-10-02 21:58:17 --> syntax error, unexpected token "]"
in APPPATH\Controllers\AdmPost.php on line 298.
 1 SYSTEMPATH\Autoloader\Autoloader.php(289): CodeIgniter\Autoloader\Autoloader->includeFile('C:\\xampp\\htdocs\\codi\\app\\Controllers\\AdmPost.php')
 2 SYSTEMPATH\Autoloader\Autoloader.php(267): CodeIgniter\Autoloader\Autoloader->loadInNamespace('App\\Controllers\\AdmPost')
 3 [internal function]: CodeIgniter\Autoloader\Autoloader->loadClass('App\\Controllers\\AdmPost')
 4 SYSTEMPATH\CodeIgniter.php(892): class_exists('\\App\\Controllers\\AdmPost', true)
 5 SYSTEMPATH\CodeIgniter.php(486): CodeIgniter\CodeIgniter->startController()
 6 SYSTEMPATH\CodeIgniter.php(368): CodeIgniter\CodeIgniter->handleRequest(null, Object(Config\Cache), false)
 7 FCPATH\index.php(67): CodeIgniter\CodeIgniter->run()
CRITICAL - 2023-10-02 21:58:18 --> syntax error, unexpected token "]"
in APPPATH\Controllers\AdmPost.php on line 298.
 1 SYSTEMPATH\Autoloader\Autoloader.php(289): CodeIgniter\Autoloader\Autoloader->includeFile('C:\\xampp\\htdocs\\codi\\app\\Controllers\\AdmPost.php')
 2 SYSTEMPATH\Autoloader\Autoloader.php(267): CodeIgniter\Autoloader\Autoloader->loadInNamespace('App\\Controllers\\AdmPost')
 3 [internal function]: CodeIgniter\Autoloader\Autoloader->loadClass('App\\Controllers\\AdmPost')
 4 SYSTEMPATH\CodeIgniter.php(892): class_exists('\\App\\Controllers\\AdmPost', true)
 5 SYSTEMPATH\CodeIgniter.php(486): CodeIgniter\CodeIgniter->startController()
 6 SYSTEMPATH\CodeIgniter.php(368): CodeIgniter\CodeIgniter->handleRequest(null, Object(Config\Cache), false)
 7 FCPATH\index.php(67): CodeIgniter\CodeIgniter->run()
CRITICAL - 2023-10-02 21:58:18 --> syntax error, unexpected token "]"
in APPPATH\Controllers\AdmPost.php on line 298.
 1 SYSTEMPATH\Autoloader\Autoloader.php(289): CodeIgniter\Autoloader\Autoloader->includeFile('C:\\xampp\\htdocs\\codi\\app\\Controllers\\AdmPost.php')
 2 SYSTEMPATH\Autoloader\Autoloader.php(267): CodeIgniter\Autoloader\Autoloader->loadInNamespace('App\\Controllers\\AdmPost')
 3 [internal function]: CodeIgniter\Autoloader\Autoloader->loadClass('App\\Controllers\\AdmPost')
 4 SYSTEMPATH\CodeIgniter.php(892): class_exists('\\App\\Controllers\\AdmPost', true)
 5 SYSTEMPATH\CodeIgniter.php(486): CodeIgniter\CodeIgniter->startController()
 6 SYSTEMPATH\CodeIgniter.php(368): CodeIgniter\CodeIgniter->handleRequest(null, Object(Config\Cache), false)
 7 FCPATH\index.php(67): CodeIgniter\CodeIgniter->run()
CRITICAL - 2023-10-02 21:58:19 --> syntax error, unexpected token "]"
in APPPATH\Controllers\AdmPost.php on line 298.
 1 SYSTEMPATH\Autoloader\Autoloader.php(289): CodeIgniter\Autoloader\Autoloader->includeFile('C:\\xampp\\htdocs\\codi\\app\\Controllers\\AdmPost.php')
 2 SYSTEMPATH\Autoloader\Autoloader.php(267): CodeIgniter\Autoloader\Autoloader->loadInNamespace('App\\Controllers\\AdmPost')
 3 [internal function]: CodeIgniter\Autoloader\Autoloader->loadClass('App\\Controllers\\AdmPost')
 4 SYSTEMPATH\CodeIgniter.php(892): class_exists('\\App\\Controllers\\AdmPost', true)
 5 SYSTEMPATH\CodeIgniter.php(486): CodeIgniter\CodeIgniter->startController()
 6 SYSTEMPATH\CodeIgniter.php(368): CodeIgniter\CodeIgniter->handleRequest(null, Object(Config\Cache), false)
 7 FCPATH\index.php(67): CodeIgniter\CodeIgniter->run()
CRITICAL - 2023-10-02 21:58:19 --> syntax error, unexpected token "]"
in APPPATH\Controllers\AdmPost.php on line 298.
 1 SYSTEMPATH\Autoloader\Autoloader.php(289): CodeIgniter\Autoloader\Autoloader->includeFile('C:\\xampp\\htdocs\\codi\\app\\Controllers\\AdmPost.php')
 2 SYSTEMPATH\Autoloader\Autoloader.php(267): CodeIgniter\Autoloader\Autoloader->loadInNamespace('App\\Controllers\\AdmPost')
 3 [internal function]: CodeIgniter\Autoloader\Autoloader->loadClass('App\\Controllers\\AdmPost')
 4 SYSTEMPATH\CodeIgniter.php(892): class_exists('\\App\\Controllers\\AdmPost', true)
 5 SYSTEMPATH\CodeIgniter.php(486): CodeIgniter\CodeIgniter->startController()
 6 SYSTEMPATH\CodeIgniter.php(368): CodeIgniter\CodeIgniter->handleRequest(null, Object(Config\Cache), false)
 7 FCPATH\index.php(67): CodeIgniter\CodeIgniter->run()
CRITICAL - 2023-10-02 21:58:20 --> syntax error, unexpected token "]"
in APPPATH\Controllers\AdmPost.php on line 298.
 1 SYSTEMPATH\Autoloader\Autoloader.php(289): CodeIgniter\Autoloader\Autoloader->includeFile('C:\\xampp\\htdocs\\codi\\app\\Controllers\\AdmPost.php')
 2 SYSTEMPATH\Autoloader\Autoloader.php(267): CodeIgniter\Autoloader\Autoloader->loadInNamespace('App\\Controllers\\AdmPost')
 3 [internal function]: CodeIgniter\Autoloader\Autoloader->loadClass('App\\Controllers\\AdmPost')
 4 SYSTEMPATH\CodeIgniter.php(892): class_exists('\\App\\Controllers\\AdmPost', true)
 5 SYSTEMPATH\CodeIgniter.php(486): CodeIgniter\CodeIgniter->startController()
 6 SYSTEMPATH\CodeIgniter.php(368): CodeIgniter\CodeIgniter->handleRequest(null, Object(Config\Cache), false)
 7 FCPATH\index.php(67): CodeIgniter\CodeIgniter->run()
CRITICAL - 2023-10-02 21:58:20 --> syntax error, unexpected token "]"
in APPPATH\Controllers\AdmPost.php on line 298.
 1 SYSTEMPATH\Autoloader\Autoloader.php(289): CodeIgniter\Autoloader\Autoloader->includeFile('C:\\xampp\\htdocs\\codi\\app\\Controllers\\AdmPost.php')
 2 SYSTEMPATH\Autoloader\Autoloader.php(267): CodeIgniter\Autoloader\Autoloader->loadInNamespace('App\\Controllers\\AdmPost')
 3 [internal function]: CodeIgniter\Autoloader\Autoloader->loadClass('App\\Controllers\\AdmPost')
 4 SYSTEMPATH\CodeIgniter.php(892): class_exists('\\App\\Controllers\\AdmPost', true)
 5 SYSTEMPATH\CodeIgniter.php(486): CodeIgniter\CodeIgniter->startController()
 6 SYSTEMPATH\CodeIgniter.php(368): CodeIgniter\CodeIgniter->handleRequest(null, Object(Config\Cache), false)
 7 FCPATH\index.php(67): CodeIgniter\CodeIgniter->run()
CRITICAL - 2023-10-02 21:58:21 --> syntax error, unexpected token "]"
in APPPATH\Controllers\AdmPost.php on line 298.
 1 SYSTEMPATH\Autoloader\Autoloader.php(289): CodeIgniter\Autoloader\Autoloader->includeFile('C:\\xampp\\htdocs\\codi\\app\\Controllers\\AdmPost.php')
 2 SYSTEMPATH\Autoloader\Autoloader.php(267): CodeIgniter\Autoloader\Autoloader->loadInNamespace('App\\Controllers\\AdmPost')
 3 [internal function]: CodeIgniter\Autoloader\Autoloader->loadClass('App\\Controllers\\AdmPost')
 4 SYSTEMPATH\CodeIgniter.php(892): class_exists('\\App\\Controllers\\AdmPost', true)
 5 SYSTEMPATH\CodeIgniter.php(486): CodeIgniter\CodeIgniter->startController()
 6 SYSTEMPATH\CodeIgniter.php(368): CodeIgniter\CodeIgniter->handleRequest(null, Object(Config\Cache), false)
 7 FCPATH\index.php(67): CodeIgniter\CodeIgniter->run()
CRITICAL - 2023-10-02 21:58:21 --> syntax error, unexpected token "]"
in APPPATH\Controllers\AdmPost.php on line 298.
 1 SYSTEMPATH\Autoloader\Autoloader.php(289): CodeIgniter\Autoloader\Autoloader->includeFile('C:\\xampp\\htdocs\\codi\\app\\Controllers\\AdmPost.php')
 2 SYSTEMPATH\Autoloader\Autoloader.php(267): CodeIgniter\Autoloader\Autoloader->loadInNamespace('App\\Controllers\\AdmPost')
 3 [internal function]: CodeIgniter\Autoloader\Autoloader->loadClass('App\\Controllers\\AdmPost')
 4 SYSTEMPATH\CodeIgniter.php(892): class_exists('\\App\\Controllers\\AdmPost', true)
 5 SYSTEMPATH\CodeIgniter.php(486): CodeIgniter\CodeIgniter->startController()
 6 SYSTEMPATH\CodeIgniter.php(368): CodeIgniter\CodeIgniter->handleRequest(null, Object(Config\Cache), false)
 7 FCPATH\index.php(67): CodeIgniter\CodeIgniter->run()
CRITICAL - 2023-10-02 21:58:22 --> syntax error, unexpected token "]"
in APPPATH\Controllers\AdmPost.php on line 298.
 1 SYSTEMPATH\Autoloader\Autoloader.php(289): CodeIgniter\Autoloader\Autoloader->includeFile('C:\\xampp\\htdocs\\codi\\app\\Controllers\\AdmPost.php')
 2 SYSTEMPATH\Autoloader\Autoloader.php(267): CodeIgniter\Autoloader\Autoloader->loadInNamespace('App\\Controllers\\AdmPost')
 3 [internal function]: CodeIgniter\Autoloader\Autoloader->loadClass('App\\Controllers\\AdmPost')
 4 SYSTEMPATH\CodeIgniter.php(892): class_exists('\\App\\Controllers\\AdmPost', true)
 5 SYSTEMPATH\CodeIgniter.php(486): CodeIgniter\CodeIgniter->startController()
 6 SYSTEMPATH\CodeIgniter.php(368): CodeIgniter\CodeIgniter->handleRequest(null, Object(Config\Cache), false)
 7 FCPATH\index.php(67): CodeIgniter\CodeIgniter->run()
CRITICAL - 2023-10-02 21:58:22 --> syntax error, unexpected token "]"
in APPPATH\Controllers\AdmPost.php on line 298.
 1 SYSTEMPATH\Autoloader\Autoloader.php(289): CodeIgniter\Autoloader\Autoloader->includeFile('C:\\xampp\\htdocs\\codi\\app\\Controllers\\AdmPost.php')
 2 SYSTEMPATH\Autoloader\Autoloader.php(267): CodeIgniter\Autoloader\Autoloader->loadInNamespace('App\\Controllers\\AdmPost')
 3 [internal function]: CodeIgniter\Autoloader\Autoloader->loadClass('App\\Controllers\\AdmPost')
 4 SYSTEMPATH\CodeIgniter.php(892): class_exists('\\App\\Controllers\\AdmPost', true)
 5 SYSTEMPATH\CodeIgniter.php(486): CodeIgniter\CodeIgniter->startController()
 6 SYSTEMPATH\CodeIgniter.php(368): CodeIgniter\CodeIgniter->handleRequest(null, Object(Config\Cache), false)
 7 FCPATH\index.php(67): CodeIgniter\CodeIgniter->run()
CRITICAL - 2023-10-02 21:58:23 --> syntax error, unexpected token "]"
in APPPATH\Controllers\AdmPost.php on line 298.
 1 SYSTEMPATH\Autoloader\Autoloader.php(289): CodeIgniter\Autoloader\Autoloader->includeFile('C:\\xampp\\htdocs\\codi\\app\\Controllers\\AdmPost.php')
 2 SYSTEMPATH\Autoloader\Autoloader.php(267): CodeIgniter\Autoloader\Autoloader->loadInNamespace('App\\Controllers\\AdmPost')
 3 [internal function]: CodeIgniter\Autoloader\Autoloader->loadClass('App\\Controllers\\AdmPost')
 4 SYSTEMPATH\CodeIgniter.php(892): class_exists('\\App\\Controllers\\AdmPost', true)
 5 SYSTEMPATH\CodeIgniter.php(486): CodeIgniter\CodeIgniter->startController()
 6 SYSTEMPATH\CodeIgniter.php(368): CodeIgniter\CodeIgniter->handleRequest(null, Object(Config\Cache), false)
 7 FCPATH\index.php(67): CodeIgniter\CodeIgniter->run()
CRITICAL - 2023-10-02 21:58:23 --> syntax error, unexpected token "]"
in APPPATH\Controllers\AdmPost.php on line 298.
 1 SYSTEMPATH\Autoloader\Autoloader.php(289): CodeIgniter\Autoloader\Autoloader->includeFile('C:\\xampp\\htdocs\\codi\\app\\Controllers\\AdmPost.php')
 2 SYSTEMPATH\Autoloader\Autoloader.php(267): CodeIgniter\Autoloader\Autoloader->loadInNamespace('App\\Controllers\\AdmPost')
 3 [internal function]: CodeIgniter\Autoloader\Autoloader->loadClass('App\\Controllers\\AdmPost')
 4 SYSTEMPATH\CodeIgniter.php(892): class_exists('\\App\\Controllers\\AdmPost', true)
 5 SYSTEMPATH\CodeIgniter.php(486): CodeIgniter\CodeIgniter->startController()
 6 SYSTEMPATH\CodeIgniter.php(368): CodeIgniter\CodeIgniter->handleRequest(null, Object(Config\Cache), false)
 7 FCPATH\index.php(67): CodeIgniter\CodeIgniter->run()
CRITICAL - 2023-10-02 21:58:24 --> syntax error, unexpected token "]"
in APPPATH\Controllers\AdmPost.php on line 298.
 1 SYSTEMPATH\Autoloader\Autoloader.php(289): CodeIgniter\Autoloader\Autoloader->includeFile('C:\\xampp\\htdocs\\codi\\app\\Controllers\\AdmPost.php')
 2 SYSTEMPATH\Autoloader\Autoloader.php(267): CodeIgniter\Autoloader\Autoloader->loadInNamespace('App\\Controllers\\AdmPost')
 3 [internal function]: CodeIgniter\Autoloader\Autoloader->loadClass('App\\Controllers\\AdmPost')
 4 SYSTEMPATH\CodeIgniter.php(892): class_exists('\\App\\Controllers\\AdmPost', true)
 5 SYSTEMPATH\CodeIgniter.php(486): CodeIgniter\CodeIgniter->startController()
 6 SYSTEMPATH\CodeIgniter.php(368): CodeIgniter\CodeIgniter->handleRequest(null, Object(Config\Cache), false)
 7 FCPATH\index.php(67): CodeIgniter\CodeIgniter->run()
CRITICAL - 2023-10-02 21:58:24 --> syntax error, unexpected token "]"
in APPPATH\Controllers\AdmPost.php on line 298.
 1 SYSTEMPATH\Autoloader\Autoloader.php(289): CodeIgniter\Autoloader\Autoloader->includeFile('C:\\xampp\\htdocs\\codi\\app\\Controllers\\AdmPost.php')
 2 SYSTEMPATH\Autoloader\Autoloader.php(267): CodeIgniter\Autoloader\Autoloader->loadInNamespace('App\\Controllers\\AdmPost')
 3 [internal function]: CodeIgniter\Autoloader\Autoloader->loadClass('App\\Controllers\\AdmPost')
 4 SYSTEMPATH\CodeIgniter.php(892): class_exists('\\App\\Controllers\\AdmPost', true)
 5 SYSTEMPATH\CodeIgniter.php(486): CodeIgniter\CodeIgniter->startController()
 6 SYSTEMPATH\CodeIgniter.php(368): CodeIgniter\CodeIgniter->handleRequest(null, Object(Config\Cache), false)
 7 FCPATH\index.php(67): CodeIgniter\CodeIgniter->run()
CRITICAL - 2023-10-02 21:58:25 --> syntax error, unexpected token "]"
in APPPATH\Controllers\AdmPost.php on line 298.
 1 SYSTEMPATH\Autoloader\Autoloader.php(289): CodeIgniter\Autoloader\Autoloader->includeFile('C:\\xampp\\htdocs\\codi\\app\\Controllers\\AdmPost.php')
 2 SYSTEMPATH\Autoloader\Autoloader.php(267): CodeIgniter\Autoloader\Autoloader->loadInNamespace('App\\Controllers\\AdmPost')
 3 [internal function]: CodeIgniter\Autoloader\Autoloader->loadClass('App\\Controllers\\AdmPost')
 4 SYSTEMPATH\CodeIgniter.php(892): class_exists('\\App\\Controllers\\AdmPost', true)
 5 SYSTEMPATH\CodeIgniter.php(486): CodeIgniter\CodeIgniter->startController()
 6 SYSTEMPATH\CodeIgniter.php(368): CodeIgniter\CodeIgniter->handleRequest(null, Object(Config\Cache), false)
 7 FCPATH\index.php(67): CodeIgniter\CodeIgniter->run()
CRITICAL - 2023-10-02 21:58:25 --> syntax error, unexpected token "]"
in APPPATH\Controllers\AdmPost.php on line 298.
 1 SYSTEMPATH\Autoloader\Autoloader.php(289): CodeIgniter\Autoloader\Autoloader->includeFile('C:\\xampp\\htdocs\\codi\\app\\Controllers\\AdmPost.php')
 2 SYSTEMPATH\Autoloader\Autoloader.php(267): CodeIgniter\Autoloader\Autoloader->loadInNamespace('App\\Controllers\\AdmPost')
 3 [internal function]: CodeIgniter\Autoloader\Autoloader->loadClass('App\\Controllers\\AdmPost')
 4 SYSTEMPATH\CodeIgniter.php(892): class_exists('\\App\\Controllers\\AdmPost', true)
 5 SYSTEMPATH\CodeIgniter.php(486): CodeIgniter\CodeIgniter->startController()
 6 SYSTEMPATH\CodeIgniter.php(368): CodeIgniter\CodeIgniter->handleRequest(null, Object(Config\Cache), false)
 7 FCPATH\index.php(67): CodeIgniter\CodeIgniter->run()
CRITICAL - 2023-10-02 21:58:26 --> syntax error, unexpected token "]"
in APPPATH\Controllers\AdmPost.php on line 298.
 1 SYSTEMPATH\Autoloader\Autoloader.php(289): CodeIgniter\Autoloader\Autoloader->includeFile('C:\\xampp\\htdocs\\codi\\app\\Controllers\\AdmPost.php')
 2 SYSTEMPATH\Autoloader\Autoloader.php(267): CodeIgniter\Autoloader\Autoloader->loadInNamespace('App\\Controllers\\AdmPost')
 3 [internal function]: CodeIgniter\Autoloader\Autoloader->loadClass('App\\Controllers\\AdmPost')
 4 SYSTEMPATH\CodeIgniter.php(892): class_exists('\\App\\Controllers\\AdmPost', true)
 5 SYSTEMPATH\CodeIgniter.php(486): CodeIgniter\CodeIgniter->startController()
 6 SYSTEMPATH\CodeIgniter.php(368): CodeIgniter\CodeIgniter->handleRequest(null, Object(Config\Cache), false)
 7 FCPATH\index.php(67): CodeIgniter\CodeIgniter->run()
CRITICAL - 2023-10-02 21:58:26 --> syntax error, unexpected token "]"
in APPPATH\Controllers\AdmPost.php on line 298.
 1 SYSTEMPATH\Autoloader\Autoloader.php(289): CodeIgniter\Autoloader\Autoloader->includeFile('C:\\xampp\\htdocs\\codi\\app\\Controllers\\AdmPost.php')
 2 SYSTEMPATH\Autoloader\Autoloader.php(267): CodeIgniter\Autoloader\Autoloader->loadInNamespace('App\\Controllers\\AdmPost')
 3 [internal function]: CodeIgniter\Autoloader\Autoloader->loadClass('App\\Controllers\\AdmPost')
 4 SYSTEMPATH\CodeIgniter.php(892): class_exists('\\App\\Controllers\\AdmPost', true)
 5 SYSTEMPATH\CodeIgniter.php(486): CodeIgniter\CodeIgniter->startController()
 6 SYSTEMPATH\CodeIgniter.php(368): CodeIgniter\CodeIgniter->handleRequest(null, Object(Config\Cache), false)
 7 FCPATH\index.php(67): CodeIgniter\CodeIgniter->run()
CRITICAL - 2023-10-02 21:58:27 --> syntax error, unexpected token "]"
in APPPATH\Controllers\AdmPost.php on line 298.
 1 SYSTEMPATH\Autoloader\Autoloader.php(289): CodeIgniter\Autoloader\Autoloader->includeFile('C:\\xampp\\htdocs\\codi\\app\\Controllers\\AdmPost.php')
 2 SYSTEMPATH\Autoloader\Autoloader.php(267): CodeIgniter\Autoloader\Autoloader->loadInNamespace('App\\Controllers\\AdmPost')
 3 [internal function]: CodeIgniter\Autoloader\Autoloader->loadClass('App\\Controllers\\AdmPost')
 4 SYSTEMPATH\CodeIgniter.php(892): class_exists('\\App\\Controllers\\AdmPost', true)
 5 SYSTEMPATH\CodeIgniter.php(486): CodeIgniter\CodeIgniter->startController()
 6 SYSTEMPATH\CodeIgniter.php(368): CodeIgniter\CodeIgniter->handleRequest(null, Object(Config\Cache), false)
 7 FCPATH\index.php(67): CodeIgniter\CodeIgniter->run()
CRITICAL - 2023-10-02 21:58:27 --> syntax error, unexpected token "]"
in APPPATH\Controllers\AdmPost.php on line 298.
 1 SYSTEMPATH\Autoloader\Autoloader.php(289): CodeIgniter\Autoloader\Autoloader->includeFile('C:\\xampp\\htdocs\\codi\\app\\Controllers\\AdmPost.php')
 2 SYSTEMPATH\Autoloader\Autoloader.php(267): CodeIgniter\Autoloader\Autoloader->loadInNamespace('App\\Controllers\\AdmPost')
 3 [internal function]: CodeIgniter\Autoloader\Autoloader->loadClass('App\\Controllers\\AdmPost')
 4 SYSTEMPATH\CodeIgniter.php(892): class_exists('\\App\\Controllers\\AdmPost', true)
 5 SYSTEMPATH\CodeIgniter.php(486): CodeIgniter\CodeIgniter->startController()
 6 SYSTEMPATH\CodeIgniter.php(368): CodeIgniter\CodeIgniter->handleRequest(null, Object(Config\Cache), false)
 7 FCPATH\index.php(67): CodeIgniter\CodeIgniter->run()
CRITICAL - 2023-10-02 21:58:28 --> syntax error, unexpected token "]"
in APPPATH\Controllers\AdmPost.php on line 298.
 1 SYSTEMPATH\Autoloader\Autoloader.php(289): CodeIgniter\Autoloader\Autoloader->includeFile('C:\\xampp\\htdocs\\codi\\app\\Controllers\\AdmPost.php')
 2 SYSTEMPATH\Autoloader\Autoloader.php(267): CodeIgniter\Autoloader\Autoloader->loadInNamespace('App\\Controllers\\AdmPost')
 3 [internal function]: CodeIgniter\Autoloader\Autoloader->loadClass('App\\Controllers\\AdmPost')
 4 SYSTEMPATH\CodeIgniter.php(892): class_exists('\\App\\Controllers\\AdmPost', true)
 5 SYSTEMPATH\CodeIgniter.php(486): CodeIgniter\CodeIgniter->startController()
 6 SYSTEMPATH\CodeIgniter.php(368): CodeIgniter\CodeIgniter->handleRequest(null, Object(Config\Cache), false)
 7 FCPATH\index.php(67): CodeIgniter\CodeIgniter->run()
CRITICAL - 2023-10-02 21:58:28 --> syntax error, unexpected token "]"
in APPPATH\Controllers\AdmPost.php on line 298.
 1 SYSTEMPATH\Autoloader\Autoloader.php(289): CodeIgniter\Autoloader\Autoloader->includeFile('C:\\xampp\\htdocs\\codi\\app\\Controllers\\AdmPost.php')
 2 SYSTEMPATH\Autoloader\Autoloader.php(267): CodeIgniter\Autoloader\Autoloader->loadInNamespace('App\\Controllers\\AdmPost')
 3 [internal function]: CodeIgniter\Autoloader\Autoloader->loadClass('App\\Controllers\\AdmPost')
 4 SYSTEMPATH\CodeIgniter.php(892): class_exists('\\App\\Controllers\\AdmPost', true)
 5 SYSTEMPATH\CodeIgniter.php(486): CodeIgniter\CodeIgniter->startController()
 6 SYSTEMPATH\CodeIgniter.php(368): CodeIgniter\CodeIgniter->handleRequest(null, Object(Config\Cache), false)
 7 FCPATH\index.php(67): CodeIgniter\CodeIgniter->run()
CRITICAL - 2023-10-02 21:58:29 --> syntax error, unexpected token "]"
in APPPATH\Controllers\AdmPost.php on line 298.
 1 SYSTEMPATH\Autoloader\Autoloader.php(289): CodeIgniter\Autoloader\Autoloader->includeFile('C:\\xampp\\htdocs\\codi\\app\\Controllers\\AdmPost.php')
 2 SYSTEMPATH\Autoloader\Autoloader.php(267): CodeIgniter\Autoloader\Autoloader->loadInNamespace('App\\Controllers\\AdmPost')
 3 [internal function]: CodeIgniter\Autoloader\Autoloader->loadClass('App\\Controllers\\AdmPost')
 4 SYSTEMPATH\CodeIgniter.php(892): class_exists('\\App\\Controllers\\AdmPost', true)
 5 SYSTEMPATH\CodeIgniter.php(486): CodeIgniter\CodeIgniter->startController()
 6 SYSTEMPATH\CodeIgniter.php(368): CodeIgniter\CodeIgniter->handleRequest(null, Object(Config\Cache), false)
 7 FCPATH\index.php(67): CodeIgniter\CodeIgniter->run()
CRITICAL - 2023-10-02 21:58:29 --> syntax error, unexpected token "]"
in APPPATH\Controllers\AdmPost.php on line 298.
 1 SYSTEMPATH\Autoloader\Autoloader.php(289): CodeIgniter\Autoloader\Autoloader->includeFile('C:\\xampp\\htdocs\\codi\\app\\Controllers\\AdmPost.php')
 2 SYSTEMPATH\Autoloader\Autoloader.php(267): CodeIgniter\Autoloader\Autoloader->loadInNamespace('App\\Controllers\\AdmPost')
 3 [internal function]: CodeIgniter\Autoloader\Autoloader->loadClass('App\\Controllers\\AdmPost')
 4 SYSTEMPATH\CodeIgniter.php(892): class_exists('\\App\\Controllers\\AdmPost', true)
 5 SYSTEMPATH\CodeIgniter.php(486): CodeIgniter\CodeIgniter->startController()
 6 SYSTEMPATH\CodeIgniter.php(368): CodeIgniter\CodeIgniter->handleRequest(null, Object(Config\Cache), false)
 7 FCPATH\index.php(67): CodeIgniter\CodeIgniter->run()
CRITICAL - 2023-10-02 21:58:30 --> syntax error, unexpected token "]"
in APPPATH\Controllers\AdmPost.php on line 298.
 1 SYSTEMPATH\Autoloader\Autoloader.php(289): CodeIgniter\Autoloader\Autoloader->includeFile('C:\\xampp\\htdocs\\codi\\app\\Controllers\\AdmPost.php')
 2 SYSTEMPATH\Autoloader\Autoloader.php(267): CodeIgniter\Autoloader\Autoloader->loadInNamespace('App\\Controllers\\AdmPost')
 3 [internal function]: CodeIgniter\Autoloader\Autoloader->loadClass('App\\Controllers\\AdmPost')
 4 SYSTEMPATH\CodeIgniter.php(892): class_exists('\\App\\Controllers\\AdmPost', true)
 5 SYSTEMPATH\CodeIgniter.php(486): CodeIgniter\CodeIgniter->startController()
 6 SYSTEMPATH\CodeIgniter.php(368): CodeIgniter\CodeIgniter->handleRequest(null, Object(Config\Cache), false)
 7 FCPATH\index.php(67): CodeIgniter\CodeIgniter->run()
CRITICAL - 2023-10-02 21:58:30 --> syntax error, unexpected token "]"
in APPPATH\Controllers\AdmPost.php on line 298.
 1 SYSTEMPATH\Autoloader\Autoloader.php(289): CodeIgniter\Autoloader\Autoloader->includeFile('C:\\xampp\\htdocs\\codi\\app\\Controllers\\AdmPost.php')
 2 SYSTEMPATH\Autoloader\Autoloader.php(267): CodeIgniter\Autoloader\Autoloader->loadInNamespace('App\\Controllers\\AdmPost')
 3 [internal function]: CodeIgniter\Autoloader\Autoloader->loadClass('App\\Controllers\\AdmPost')
 4 SYSTEMPATH\CodeIgniter.php(892): class_exists('\\App\\Controllers\\AdmPost', true)
 5 SYSTEMPATH\CodeIgniter.php(486): CodeIgniter\CodeIgniter->startController()
 6 SYSTEMPATH\CodeIgniter.php(368): CodeIgniter\CodeIgniter->handleRequest(null, Object(Config\Cache), false)
 7 FCPATH\index.php(67): CodeIgniter\CodeIgniter->run()
CRITICAL - 2023-10-02 21:58:31 --> syntax error, unexpected token "]"
in APPPATH\Controllers\AdmPost.php on line 298.
 1 SYSTEMPATH\Autoloader\Autoloader.php(289): CodeIgniter\Autoloader\Autoloader->includeFile('C:\\xampp\\htdocs\\codi\\app\\Controllers\\AdmPost.php')
 2 SYSTEMPATH\Autoloader\Autoloader.php(267): CodeIgniter\Autoloader\Autoloader->loadInNamespace('App\\Controllers\\AdmPost')
 3 [internal function]: CodeIgniter\Autoloader\Autoloader->loadClass('App\\Controllers\\AdmPost')
 4 SYSTEMPATH\CodeIgniter.php(892): class_exists('\\App\\Controllers\\AdmPost', true)
 5 SYSTEMPATH\CodeIgniter.php(486): CodeIgniter\CodeIgniter->startController()
 6 SYSTEMPATH\CodeIgniter.php(368): CodeIgniter\CodeIgniter->handleRequest(null, Object(Config\Cache), false)
 7 FCPATH\index.php(67): CodeIgniter\CodeIgniter->run()
CRITICAL - 2023-10-02 21:58:31 --> syntax error, unexpected token "]"
in APPPATH\Controllers\AdmPost.php on line 298.
 1 SYSTEMPATH\Autoloader\Autoloader.php(289): CodeIgniter\Autoloader\Autoloader->includeFile('C:\\xampp\\htdocs\\codi\\app\\Controllers\\AdmPost.php')
 2 SYSTEMPATH\Autoloader\Autoloader.php(267): CodeIgniter\Autoloader\Autoloader->loadInNamespace('App\\Controllers\\AdmPost')
 3 [internal function]: CodeIgniter\Autoloader\Autoloader->loadClass('App\\Controllers\\AdmPost')
 4 SYSTEMPATH\CodeIgniter.php(892): class_exists('\\App\\Controllers\\AdmPost', true)
 5 SYSTEMPATH\CodeIgniter.php(486): CodeIgniter\CodeIgniter->startController()
 6 SYSTEMPATH\CodeIgniter.php(368): CodeIgniter\CodeIgniter->handleRequest(null, Object(Config\Cache), false)
 7 FCPATH\index.php(67): CodeIgniter\CodeIgniter->run()
CRITICAL - 2023-10-02 21:58:32 --> syntax error, unexpected token "]"
in APPPATH\Controllers\AdmPost.php on line 298.
 1 SYSTEMPATH\Autoloader\Autoloader.php(289): CodeIgniter\Autoloader\Autoloader->includeFile('C:\\xampp\\htdocs\\codi\\app\\Controllers\\AdmPost.php')
 2 SYSTEMPATH\Autoloader\Autoloader.php(267): CodeIgniter\Autoloader\Autoloader->loadInNamespace('App\\Controllers\\AdmPost')
 3 [internal function]: CodeIgniter\Autoloader\Autoloader->loadClass('App\\Controllers\\AdmPost')
 4 SYSTEMPATH\CodeIgniter.php(892): class_exists('\\App\\Controllers\\AdmPost', true)
 5 SYSTEMPATH\CodeIgniter.php(486): CodeIgniter\CodeIgniter->startController()
 6 SYSTEMPATH\CodeIgniter.php(368): CodeIgniter\CodeIgniter->handleRequest(null, Object(Config\Cache), false)
 7 FCPATH\index.php(67): CodeIgniter\CodeIgniter->run()
CRITICAL - 2023-10-02 21:58:32 --> syntax error, unexpected token "]"
in APPPATH\Controllers\AdmPost.php on line 298.
 1 SYSTEMPATH\Autoloader\Autoloader.php(289): CodeIgniter\Autoloader\Autoloader->includeFile('C:\\xampp\\htdocs\\codi\\app\\Controllers\\AdmPost.php')
 2 SYSTEMPATH\Autoloader\Autoloader.php(267): CodeIgniter\Autoloader\Autoloader->loadInNamespace('App\\Controllers\\AdmPost')
 3 [internal function]: CodeIgniter\Autoloader\Autoloader->loadClass('App\\Controllers\\AdmPost')
 4 SYSTEMPATH\CodeIgniter.php(892): class_exists('\\App\\Controllers\\AdmPost', true)
 5 SYSTEMPATH\CodeIgniter.php(486): CodeIgniter\CodeIgniter->startController()
 6 SYSTEMPATH\CodeIgniter.php(368): CodeIgniter\CodeIgniter->handleRequest(null, Object(Config\Cache), false)
 7 FCPATH\index.php(67): CodeIgniter\CodeIgniter->run()
CRITICAL - 2023-10-02 21:58:33 --> syntax error, unexpected token "]"
in APPPATH\Controllers\AdmPost.php on line 298.
 1 SYSTEMPATH\Autoloader\Autoloader.php(289): CodeIgniter\Autoloader\Autoloader->includeFile('C:\\xampp\\htdocs\\codi\\app\\Controllers\\AdmPost.php')
 2 SYSTEMPATH\Autoloader\Autoloader.php(267): CodeIgniter\Autoloader\Autoloader->loadInNamespace('App\\Controllers\\AdmPost')
 3 [internal function]: CodeIgniter\Autoloader\Autoloader->loadClass('App\\Controllers\\AdmPost')
 4 SYSTEMPATH\CodeIgniter.php(892): class_exists('\\App\\Controllers\\AdmPost', true)
 5 SYSTEMPATH\CodeIgniter.php(486): CodeIgniter\CodeIgniter->startController()
 6 SYSTEMPATH\CodeIgniter.php(368): CodeIgniter\CodeIgniter->handleRequest(null, Object(Config\Cache), false)
 7 FCPATH\index.php(67): CodeIgniter\CodeIgniter->run()
CRITICAL - 2023-10-02 21:58:33 --> syntax error, unexpected token "]"
in APPPATH\Controllers\AdmPost.php on line 298.
 1 SYSTEMPATH\Autoloader\Autoloader.php(289): CodeIgniter\Autoloader\Autoloader->includeFile('C:\\xampp\\htdocs\\codi\\app\\Controllers\\AdmPost.php')
 2 SYSTEMPATH\Autoloader\Autoloader.php(267): CodeIgniter\Autoloader\Autoloader->loadInNamespace('App\\Controllers\\AdmPost')
 3 [internal function]: CodeIgniter\Autoloader\Autoloader->loadClass('App\\Controllers\\AdmPost')
 4 SYSTEMPATH\CodeIgniter.php(892): class_exists('\\App\\Controllers\\AdmPost', true)
 5 SYSTEMPATH\CodeIgniter.php(486): CodeIgniter\CodeIgniter->startController()
 6 SYSTEMPATH\CodeIgniter.php(368): CodeIgniter\CodeIgniter->handleRequest(null, Object(Config\Cache), false)
 7 FCPATH\index.php(67): CodeIgniter\CodeIgniter->run()
CRITICAL - 2023-10-02 21:58:34 --> syntax error, unexpected double-quoted string "data_add", expecting "]"
in APPPATH\Controllers\AdmPost.php on line 297.
 1 SYSTEMPATH\Autoloader\Autoloader.php(289): CodeIgniter\Autoloader\Autoloader->includeFile('C:\\xampp\\htdocs\\codi\\app\\Controllers\\AdmPost.php')
 2 SYSTEMPATH\Autoloader\Autoloader.php(267): CodeIgniter\Autoloader\Autoloader->loadInNamespace('App\\Controllers\\AdmPost')
 3 [internal function]: CodeIgniter\Autoloader\Autoloader->loadClass('App\\Controllers\\AdmPost')
 4 SYSTEMPATH\CodeIgniter.php(892): class_exists('\\App\\Controllers\\AdmPost', true)
 5 SYSTEMPATH\CodeIgniter.php(486): CodeIgniter\CodeIgniter->startController()
 6 SYSTEMPATH\CodeIgniter.php(368): CodeIgniter\CodeIgniter->handleRequest(null, Object(Config\Cache), false)
 7 FCPATH\index.php(67): CodeIgniter\CodeIgniter->run()
CRITICAL - 2023-10-02 21:58:34 --> syntax error, unexpected double-quoted string "data_add", expecting "]"
in APPPATH\Controllers\AdmPost.php on line 297.
 1 SYSTEMPATH\Autoloader\Autoloader.php(289): CodeIgniter\Autoloader\Autoloader->includeFile('C:\\xampp\\htdocs\\codi\\app\\Controllers\\AdmPost.php')
 2 SYSTEMPATH\Autoloader\Autoloader.php(267): CodeIgniter\Autoloader\Autoloader->loadInNamespace('App\\Controllers\\AdmPost')
 3 [internal function]: CodeIgniter\Autoloader\Autoloader->loadClass('App\\Controllers\\AdmPost')
 4 SYSTEMPATH\CodeIgniter.php(892): class_exists('\\App\\Controllers\\AdmPost', true)
 5 SYSTEMPATH\CodeIgniter.php(486): CodeIgniter\CodeIgniter->startController()
 6 SYSTEMPATH\CodeIgniter.php(368): CodeIgniter\CodeIgniter->handleRequest(null, Object(Config\Cache), false)
 7 FCPATH\index.php(67): CodeIgniter\CodeIgniter->run()
CRITICAL - 2023-10-02 21:58:35 --> syntax error, unexpected double-quoted string "data_add", expecting "]"
in APPPATH\Controllers\AdmPost.php on line 297.
 1 SYSTEMPATH\Autoloader\Autoloader.php(289): CodeIgniter\Autoloader\Autoloader->includeFile('C:\\xampp\\htdocs\\codi\\app\\Controllers\\AdmPost.php')
 2 SYSTEMPATH\Autoloader\Autoloader.php(267): CodeIgniter\Autoloader\Autoloader->loadInNamespace('App\\Controllers\\AdmPost')
 3 [internal function]: CodeIgniter\Autoloader\Autoloader->loadClass('App\\Controllers\\AdmPost')
 4 SYSTEMPATH\CodeIgniter.php(892): class_exists('\\App\\Controllers\\AdmPost', true)
 5 SYSTEMPATH\CodeIgniter.php(486): CodeIgniter\CodeIgniter->startController()
 6 SYSTEMPATH\CodeIgniter.php(368): CodeIgniter\CodeIgniter->handleRequest(null, Object(Config\Cache), false)
 7 FCPATH\index.php(67): CodeIgniter\CodeIgniter->run()
CRITICAL - 2023-10-02 21:58:35 --> syntax error, unexpected double-quoted string "data_add", expecting "]"
in APPPATH\Controllers\AdmPost.php on line 297.
 1 SYSTEMPATH\Autoloader\Autoloader.php(289): CodeIgniter\Autoloader\Autoloader->includeFile('C:\\xampp\\htdocs\\codi\\app\\Controllers\\AdmPost.php')
 2 SYSTEMPATH\Autoloader\Autoloader.php(267): CodeIgniter\Autoloader\Autoloader->loadInNamespace('App\\Controllers\\AdmPost')
 3 [internal function]: CodeIgniter\Autoloader\Autoloader->loadClass('App\\Controllers\\AdmPost')
 4 SYSTEMPATH\CodeIgniter.php(892): class_exists('\\App\\Controllers\\AdmPost', true)
 5 SYSTEMPATH\CodeIgniter.php(486): CodeIgniter\CodeIgniter->startController()
 6 SYSTEMPATH\CodeIgniter.php(368): CodeIgniter\CodeIgniter->handleRequest(null, Object(Config\Cache), false)
 7 FCPATH\index.php(67): CodeIgniter\CodeIgniter->run()
CRITICAL - 2023-10-02 21:58:36 --> syntax error, unexpected double-quoted string "data_add", expecting "]"
in APPPATH\Controllers\AdmPost.php on line 297.
 1 SYSTEMPATH\Autoloader\Autoloader.php(289): CodeIgniter\Autoloader\Autoloader->includeFile('C:\\xampp\\htdocs\\codi\\app\\Controllers\\AdmPost.php')
 2 SYSTEMPATH\Autoloader\Autoloader.php(267): CodeIgniter\Autoloader\Autoloader->loadInNamespace('App\\Controllers\\AdmPost')
 3 [internal function]: CodeIgniter\Autoloader\Autoloader->loadClass('App\\Controllers\\AdmPost')
 4 SYSTEMPATH\CodeIgniter.php(892): class_exists('\\App\\Controllers\\AdmPost', true)
 5 SYSTEMPATH\CodeIgniter.php(486): CodeIgniter\CodeIgniter->startController()
 6 SYSTEMPATH\CodeIgniter.php(368): CodeIgniter\CodeIgniter->handleRequest(null, Object(Config\Cache), false)
 7 FCPATH\index.php(67): CodeIgniter\CodeIgniter->run()
CRITICAL - 2023-10-02 21:58:36 --> syntax error, unexpected double-quoted string "data_add", expecting "]"
in APPPATH\Controllers\AdmPost.php on line 297.
 1 SYSTEMPATH\Autoloader\Autoloader.php(289): CodeIgniter\Autoloader\Autoloader->includeFile('C:\\xampp\\htdocs\\codi\\app\\Controllers\\AdmPost.php')
 2 SYSTEMPATH\Autoloader\Autoloader.php(267): CodeIgniter\Autoloader\Autoloader->loadInNamespace('App\\Controllers\\AdmPost')
 3 [internal function]: CodeIgniter\Autoloader\Autoloader->loadClass('App\\Controllers\\AdmPost')
 4 SYSTEMPATH\CodeIgniter.php(892): class_exists('\\App\\Controllers\\AdmPost', true)
 5 SYSTEMPATH\CodeIgniter.php(486): CodeIgniter\CodeIgniter->startController()
 6 SYSTEMPATH\CodeIgniter.php(368): CodeIgniter\CodeIgniter->handleRequest(null, Object(Config\Cache), false)
 7 FCPATH\index.php(67): CodeIgniter\CodeIgniter->run()
CRITICAL - 2023-10-02 21:58:37 --> syntax error, unexpected double-quoted string "data_add", expecting "]"
in APPPATH\Controllers\AdmPost.php on line 297.
 1 SYSTEMPATH\Autoloader\Autoloader.php(289): CodeIgniter\Autoloader\Autoloader->includeFile('C:\\xampp\\htdocs\\codi\\app\\Controllers\\AdmPost.php')
 2 SYSTEMPATH\Autoloader\Autoloader.php(267): CodeIgniter\Autoloader\Autoloader->loadInNamespace('App\\Controllers\\AdmPost')
 3 [internal function]: CodeIgniter\Autoloader\Autoloader->loadClass('App\\Controllers\\AdmPost')
 4 SYSTEMPATH\CodeIgniter.php(892): class_exists('\\App\\Controllers\\AdmPost', true)
 5 SYSTEMPATH\CodeIgniter.php(486): CodeIgniter\CodeIgniter->startController()
 6 SYSTEMPATH\CodeIgniter.php(368): CodeIgniter\CodeIgniter->handleRequest(null, Object(Config\Cache), false)
 7 FCPATH\index.php(67): CodeIgniter\CodeIgniter->run()
CRITICAL - 2023-10-02 21:58:37 --> syntax error, unexpected double-quoted string "data_add", expecting "]"
in APPPATH\Controllers\AdmPost.php on line 297.
 1 SYSTEMPATH\Autoloader\Autoloader.php(289): CodeIgniter\Autoloader\Autoloader->includeFile('C:\\xampp\\htdocs\\codi\\app\\Controllers\\AdmPost.php')
 2 SYSTEMPATH\Autoloader\Autoloader.php(267): CodeIgniter\Autoloader\Autoloader->loadInNamespace('App\\Controllers\\AdmPost')
 3 [internal function]: CodeIgniter\Autoloader\Autoloader->loadClass('App\\Controllers\\AdmPost')
 4 SYSTEMPATH\CodeIgniter.php(892): class_exists('\\App\\Controllers\\AdmPost', true)
 5 SYSTEMPATH\CodeIgniter.php(486): CodeIgniter\CodeIgniter->startController()
 6 SYSTEMPATH\CodeIgniter.php(368): CodeIgniter\CodeIgniter->handleRequest(null, Object(Config\Cache), false)
 7 FCPATH\index.php(67): CodeIgniter\CodeIgniter->run()
CRITICAL - 2023-10-02 21:58:38 --> syntax error, unexpected double-quoted string "data_add", expecting "]"
in APPPATH\Controllers\AdmPost.php on line 297.
 1 SYSTEMPATH\Autoloader\Autoloader.php(289): CodeIgniter\Autoloader\Autoloader->includeFile('C:\\xampp\\htdocs\\codi\\app\\Controllers\\AdmPost.php')
 2 SYSTEMPATH\Autoloader\Autoloader.php(267): CodeIgniter\Autoloader\Autoloader->loadInNamespace('App\\Controllers\\AdmPost')
 3 [internal function]: CodeIgniter\Autoloader\Autoloader->loadClass('App\\Controllers\\AdmPost')
 4 SYSTEMPATH\CodeIgniter.php(892): class_exists('\\App\\Controllers\\AdmPost', true)
 5 SYSTEMPATH\CodeIgniter.php(486): CodeIgniter\CodeIgniter->startController()
 6 SYSTEMPATH\CodeIgniter.php(368): CodeIgniter\CodeIgniter->handleRequest(null, Object(Config\Cache), false)
 7 FCPATH\index.php(67): CodeIgniter\CodeIgniter->run()
CRITICAL - 2023-10-02 21:58:38 --> syntax error, unexpected double-quoted string "data_add", expecting "]"
in APPPATH\Controllers\AdmPost.php on line 297.
 1 SYSTEMPATH\Autoloader\Autoloader.php(289): CodeIgniter\Autoloader\Autoloader->includeFile('C:\\xampp\\htdocs\\codi\\app\\Controllers\\AdmPost.php')
 2 SYSTEMPATH\Autoloader\Autoloader.php(267): CodeIgniter\Autoloader\Autoloader->loadInNamespace('App\\Controllers\\AdmPost')
 3 [internal function]: CodeIgniter\Autoloader\Autoloader->loadClass('App\\Controllers\\AdmPost')
 4 SYSTEMPATH\CodeIgniter.php(892): class_exists('\\App\\Controllers\\AdmPost', true)
 5 SYSTEMPATH\CodeIgniter.php(486): CodeIgniter\CodeIgniter->startController()
 6 SYSTEMPATH\CodeIgniter.php(368): CodeIgniter\CodeIgniter->handleRequest(null, Object(Config\Cache), false)
 7 FCPATH\index.php(67): CodeIgniter\CodeIgniter->run()
CRITICAL - 2023-10-02 21:58:39 --> syntax error, unexpected double-quoted string "data_add", expecting "]"
in APPPATH\Controllers\AdmPost.php on line 297.
 1 SYSTEMPATH\Autoloader\Autoloader.php(289): CodeIgniter\Autoloader\Autoloader->includeFile('C:\\xampp\\htdocs\\codi\\app\\Controllers\\AdmPost.php')
 2 SYSTEMPATH\Autoloader\Autoloader.php(267): CodeIgniter\Autoloader\Autoloader->loadInNamespace('App\\Controllers\\AdmPost')
 3 [internal function]: CodeIgniter\Autoloader\Autoloader->loadClass('App\\Controllers\\AdmPost')
 4 SYSTEMPATH\CodeIgniter.php(892): class_exists('\\App\\Controllers\\AdmPost', true)
 5 SYSTEMPATH\CodeIgniter.php(486): CodeIgniter\CodeIgniter->startController()
 6 SYSTEMPATH\CodeIgniter.php(368): CodeIgniter\CodeIgniter->handleRequest(null, Object(Config\Cache), false)
 7 FCPATH\index.php(67): CodeIgniter\CodeIgniter->run()
CRITICAL - 2023-10-02 21:58:39 --> syntax error, unexpected double-quoted string "data_add", expecting "]"
in APPPATH\Controllers\AdmPost.php on line 297.
 1 SYSTEMPATH\Autoloader\Autoloader.php(289): CodeIgniter\Autoloader\Autoloader->includeFile('C:\\xampp\\htdocs\\codi\\app\\Controllers\\AdmPost.php')
 2 SYSTEMPATH\Autoloader\Autoloader.php(267): CodeIgniter\Autoloader\Autoloader->loadInNamespace('App\\Controllers\\AdmPost')
 3 [internal function]: CodeIgniter\Autoloader\Autoloader->loadClass('App\\Controllers\\AdmPost')
 4 SYSTEMPATH\CodeIgniter.php(892): class_exists('\\App\\Controllers\\AdmPost', true)
 5 SYSTEMPATH\CodeIgniter.php(486): CodeIgniter\CodeIgniter->startController()
 6 SYSTEMPATH\CodeIgniter.php(368): CodeIgniter\CodeIgniter->handleRequest(null, Object(Config\Cache), false)
 7 FCPATH\index.php(67): CodeIgniter\CodeIgniter->run()
CRITICAL - 2023-10-02 21:58:40 --> syntax error, unexpected double-quoted string "data_add", expecting "]"
in APPPATH\Controllers\AdmPost.php on line 297.
 1 SYSTEMPATH\Autoloader\Autoloader.php(289): CodeIgniter\Autoloader\Autoloader->includeFile('C:\\xampp\\htdocs\\codi\\app\\Controllers\\AdmPost.php')
 2 SYSTEMPATH\Autoloader\Autoloader.php(267): CodeIgniter\Autoloader\Autoloader->loadInNamespace('App\\Controllers\\AdmPost')
 3 [internal function]: CodeIgniter\Autoloader\Autoloader->loadClass('App\\Controllers\\AdmPost')
 4 SYSTEMPATH\CodeIgniter.php(892): class_exists('\\App\\Controllers\\AdmPost', true)
 5 SYSTEMPATH\CodeIgniter.php(486): CodeIgniter\CodeIgniter->startController()
 6 SYSTEMPATH\CodeIgniter.php(368): CodeIgniter\CodeIgniter->handleRequest(null, Object(Config\Cache), false)
 7 FCPATH\index.php(67): CodeIgniter\CodeIgniter->run()
CRITICAL - 2023-10-02 21:58:40 --> syntax error, unexpected double-quoted string "data_add", expecting "]"
in APPPATH\Controllers\AdmPost.php on line 297.
 1 SYSTEMPATH\Autoloader\Autoloader.php(289): CodeIgniter\Autoloader\Autoloader->includeFile('C:\\xampp\\htdocs\\codi\\app\\Controllers\\AdmPost.php')
 2 SYSTEMPATH\Autoloader\Autoloader.php(267): CodeIgniter\Autoloader\Autoloader->loadInNamespace('App\\Controllers\\AdmPost')
 3 [internal function]: CodeIgniter\Autoloader\Autoloader->loadClass('App\\Controllers\\AdmPost')
 4 SYSTEMPATH\CodeIgniter.php(892): class_exists('\\App\\Controllers\\AdmPost', true)
 5 SYSTEMPATH\CodeIgniter.php(486): CodeIgniter\CodeIgniter->startController()
 6 SYSTEMPATH\CodeIgniter.php(368): CodeIgniter\CodeIgniter->handleRequest(null, Object(Config\Cache), false)
 7 FCPATH\index.php(67): CodeIgniter\CodeIgniter->run()
CRITICAL - 2023-10-02 21:58:41 --> syntax error, unexpected double-quoted string "data_add", expecting "]"
in APPPATH\Controllers\AdmPost.php on line 297.
 1 SYSTEMPATH\Autoloader\Autoloader.php(289): CodeIgniter\Autoloader\Autoloader->includeFile('C:\\xampp\\htdocs\\codi\\app\\Controllers\\AdmPost.php')
 2 SYSTEMPATH\Autoloader\Autoloader.php(267): CodeIgniter\Autoloader\Autoloader->loadInNamespace('App\\Controllers\\AdmPost')
 3 [internal function]: CodeIgniter\Autoloader\Autoloader->loadClass('App\\Controllers\\AdmPost')
 4 SYSTEMPATH\CodeIgniter.php(892): class_exists('\\App\\Controllers\\AdmPost', true)
 5 SYSTEMPATH\CodeIgniter.php(486): CodeIgniter\CodeIgniter->startController()
 6 SYSTEMPATH\CodeIgniter.php(368): CodeIgniter\CodeIgniter->handleRequest(null, Object(Config\Cache), false)
 7 FCPATH\index.php(67): CodeIgniter\CodeIgniter->run()
CRITICAL - 2023-10-02 21:58:41 --> syntax error, unexpected double-quoted string "data_add", expecting "]"
in APPPATH\Controllers\AdmPost.php on line 297.
 1 SYSTEMPATH\Autoloader\Autoloader.php(289): CodeIgniter\Autoloader\Autoloader->includeFile('C:\\xampp\\htdocs\\codi\\app\\Controllers\\AdmPost.php')
 2 SYSTEMPATH\Autoloader\Autoloader.php(267): CodeIgniter\Autoloader\Autoloader->loadInNamespace('App\\Controllers\\AdmPost')
 3 [internal function]: CodeIgniter\Autoloader\Autoloader->loadClass('App\\Controllers\\AdmPost')
 4 SYSTEMPATH\CodeIgniter.php(892): class_exists('\\App\\Controllers\\AdmPost', true)
 5 SYSTEMPATH\CodeIgniter.php(486): CodeIgniter\CodeIgniter->startController()
 6 SYSTEMPATH\CodeIgniter.php(368): CodeIgniter\CodeIgniter->handleRequest(null, Object(Config\Cache), false)
 7 FCPATH\index.php(67): CodeIgniter\CodeIgniter->run()
CRITICAL - 2023-10-02 21:58:42 --> syntax error, unexpected double-quoted string "data_add", expecting "]"
in APPPATH\Controllers\AdmPost.php on line 297.
 1 SYSTEMPATH\Autoloader\Autoloader.php(289): CodeIgniter\Autoloader\Autoloader->includeFile('C:\\xampp\\htdocs\\codi\\app\\Controllers\\AdmPost.php')
 2 SYSTEMPATH\Autoloader\Autoloader.php(267): CodeIgniter\Autoloader\Autoloader->loadInNamespace('App\\Controllers\\AdmPost')
 3 [internal function]: CodeIgniter\Autoloader\Autoloader->loadClass('App\\Controllers\\AdmPost')
 4 SYSTEMPATH\CodeIgniter.php(892): class_exists('\\App\\Controllers\\AdmPost', true)
 5 SYSTEMPATH\CodeIgniter.php(486): CodeIgniter\CodeIgniter->startController()
 6 SYSTEMPATH\CodeIgniter.php(368): CodeIgniter\CodeIgniter->handleRequest(null, Object(Config\Cache), false)
 7 FCPATH\index.php(67): CodeIgniter\CodeIgniter->run()
CRITICAL - 2023-10-02 21:58:42 --> syntax error, unexpected double-quoted string "data_add", expecting "]"
in APPPATH\Controllers\AdmPost.php on line 297.
 1 SYSTEMPATH\Autoloader\Autoloader.php(289): CodeIgniter\Autoloader\Autoloader->includeFile('C:\\xampp\\htdocs\\codi\\app\\Controllers\\AdmPost.php')
 2 SYSTEMPATH\Autoloader\Autoloader.php(267): CodeIgniter\Autoloader\Autoloader->loadInNamespace('App\\Controllers\\AdmPost')
 3 [internal function]: CodeIgniter\Autoloader\Autoloader->loadClass('App\\Controllers\\AdmPost')
 4 SYSTEMPATH\CodeIgniter.php(892): class_exists('\\App\\Controllers\\AdmPost', true)
 5 SYSTEMPATH\CodeIgniter.php(486): CodeIgniter\CodeIgniter->startController()
 6 SYSTEMPATH\CodeIgniter.php(368): CodeIgniter\CodeIgniter->handleRequest(null, Object(Config\Cache), false)
 7 FCPATH\index.php(67): CodeIgniter\CodeIgniter->run()
CRITICAL - 2023-10-02 21:58:43 --> syntax error, unexpected double-quoted string "data_add", expecting "]"
in APPPATH\Controllers\AdmPost.php on line 297.
 1 SYSTEMPATH\Autoloader\Autoloader.php(289): CodeIgniter\Autoloader\Autoloader->includeFile('C:\\xampp\\htdocs\\codi\\app\\Controllers\\AdmPost.php')
 2 SYSTEMPATH\Autoloader\Autoloader.php(267): CodeIgniter\Autoloader\Autoloader->loadInNamespace('App\\Controllers\\AdmPost')
 3 [internal function]: CodeIgniter\Autoloader\Autoloader->loadClass('App\\Controllers\\AdmPost')
 4 SYSTEMPATH\CodeIgniter.php(892): class_exists('\\App\\Controllers\\AdmPost', true)
 5 SYSTEMPATH\CodeIgniter.php(486): CodeIgniter\CodeIgniter->startController()
 6 SYSTEMPATH\CodeIgniter.php(368): CodeIgniter\CodeIgniter->handleRequest(null, Object(Config\Cache), false)
 7 FCPATH\index.php(67): CodeIgniter\CodeIgniter->run()
CRITICAL - 2023-10-02 21:58:43 --> syntax error, unexpected double-quoted string "data_add", expecting "]"
in APPPATH\Controllers\AdmPost.php on line 297.
 1 SYSTEMPATH\Autoloader\Autoloader.php(289): CodeIgniter\Autoloader\Autoloader->includeFile('C:\\xampp\\htdocs\\codi\\app\\Controllers\\AdmPost.php')
 2 SYSTEMPATH\Autoloader\Autoloader.php(267): CodeIgniter\Autoloader\Autoloader->loadInNamespace('App\\Controllers\\AdmPost')
 3 [internal function]: CodeIgniter\Autoloader\Autoloader->loadClass('App\\Controllers\\AdmPost')
 4 SYSTEMPATH\CodeIgniter.php(892): class_exists('\\App\\Controllers\\AdmPost', true)
 5 SYSTEMPATH\CodeIgniter.php(486): CodeIgniter\CodeIgniter->startController()
 6 SYSTEMPATH\CodeIgniter.php(368): CodeIgniter\CodeIgniter->handleRequest(null, Object(Config\Cache), false)
 7 FCPATH\index.php(67): CodeIgniter\CodeIgniter->run()
CRITICAL - 2023-10-02 21:58:44 --> syntax error, unexpected double-quoted string "data_add", expecting "]"
in APPPATH\Controllers\AdmPost.php on line 297.
 1 SYSTEMPATH\Autoloader\Autoloader.php(289): CodeIgniter\Autoloader\Autoloader->includeFile('C:\\xampp\\htdocs\\codi\\app\\Controllers\\AdmPost.php')
 2 SYSTEMPATH\Autoloader\Autoloader.php(267): CodeIgniter\Autoloader\Autoloader->loadInNamespace('App\\Controllers\\AdmPost')
 3 [internal function]: CodeIgniter\Autoloader\Autoloader->loadClass('App\\Controllers\\AdmPost')
 4 SYSTEMPATH\CodeIgniter.php(892): class_exists('\\App\\Controllers\\AdmPost', true)
 5 SYSTEMPATH\CodeIgniter.php(486): CodeIgniter\CodeIgniter->startController()
 6 SYSTEMPATH\CodeIgniter.php(368): CodeIgniter\CodeIgniter->handleRequest(null, Object(Config\Cache), false)
 7 FCPATH\index.php(67): CodeIgniter\CodeIgniter->run()
CRITICAL - 2023-10-02 21:58:44 --> syntax error, unexpected double-quoted string "data_add", expecting "]"
in APPPATH\Controllers\AdmPost.php on line 297.
 1 SYSTEMPATH\Autoloader\Autoloader.php(289): CodeIgniter\Autoloader\Autoloader->includeFile('C:\\xampp\\htdocs\\codi\\app\\Controllers\\AdmPost.php')
 2 SYSTEMPATH\Autoloader\Autoloader.php(267): CodeIgniter\Autoloader\Autoloader->loadInNamespace('App\\Controllers\\AdmPost')
 3 [internal function]: CodeIgniter\Autoloader\Autoloader->loadClass('App\\Controllers\\AdmPost')
 4 SYSTEMPATH\CodeIgniter.php(892): class_exists('\\App\\Controllers\\AdmPost', true)
 5 SYSTEMPATH\CodeIgniter.php(486): CodeIgniter\CodeIgniter->startController()
 6 SYSTEMPATH\CodeIgniter.php(368): CodeIgniter\CodeIgniter->handleRequest(null, Object(Config\Cache), false)
 7 FCPATH\index.php(67): CodeIgniter\CodeIgniter->run()
CRITICAL - 2023-10-02 21:58:45 --> syntax error, unexpected double-quoted string "data_add", expecting "]"
in APPPATH\Controllers\AdmPost.php on line 297.
 1 SYSTEMPATH\Autoloader\Autoloader.php(289): CodeIgniter\Autoloader\Autoloader->includeFile('C:\\xampp\\htdocs\\codi\\app\\Controllers\\AdmPost.php')
 2 SYSTEMPATH\Autoloader\Autoloader.php(267): CodeIgniter\Autoloader\Autoloader->loadInNamespace('App\\Controllers\\AdmPost')
 3 [internal function]: CodeIgniter\Autoloader\Autoloader->loadClass('App\\Controllers\\AdmPost')
 4 SYSTEMPATH\CodeIgniter.php(892): class_exists('\\App\\Controllers\\AdmPost', true)
 5 SYSTEMPATH\CodeIgniter.php(486): CodeIgniter\CodeIgniter->startController()
 6 SYSTEMPATH\CodeIgniter.php(368): CodeIgniter\CodeIgniter->handleRequest(null, Object(Config\Cache), false)
 7 FCPATH\index.php(67): CodeIgniter\CodeIgniter->run()
CRITICAL - 2023-10-02 21:58:45 --> syntax error, unexpected double-quoted string "data_add", expecting "]"
in APPPATH\Controllers\AdmPost.php on line 297.
 1 SYSTEMPATH\Autoloader\Autoloader.php(289): CodeIgniter\Autoloader\Autoloader->includeFile('C:\\xampp\\htdocs\\codi\\app\\Controllers\\AdmPost.php')
 2 SYSTEMPATH\Autoloader\Autoloader.php(267): CodeIgniter\Autoloader\Autoloader->loadInNamespace('App\\Controllers\\AdmPost')
 3 [internal function]: CodeIgniter\Autoloader\Autoloader->loadClass('App\\Controllers\\AdmPost')
 4 SYSTEMPATH\CodeIgniter.php(892): class_exists('\\App\\Controllers\\AdmPost', true)
 5 SYSTEMPATH\CodeIgniter.php(486): CodeIgniter\CodeIgniter->startController()
 6 SYSTEMPATH\CodeIgniter.php(368): CodeIgniter\CodeIgniter->handleRequest(null, Object(Config\Cache), false)
 7 FCPATH\index.php(67): CodeIgniter\CodeIgniter->run()
CRITICAL - 2023-10-02 21:58:46 --> syntax error, unexpected double-quoted string "data_add", expecting "]"
in APPPATH\Controllers\AdmPost.php on line 297.
 1 SYSTEMPATH\Autoloader\Autoloader.php(289): CodeIgniter\Autoloader\Autoloader->includeFile('C:\\xampp\\htdocs\\codi\\app\\Controllers\\AdmPost.php')
 2 SYSTEMPATH\Autoloader\Autoloader.php(267): CodeIgniter\Autoloader\Autoloader->loadInNamespace('App\\Controllers\\AdmPost')
 3 [internal function]: CodeIgniter\Autoloader\Autoloader->loadClass('App\\Controllers\\AdmPost')
 4 SYSTEMPATH\CodeIgniter.php(892): class_exists('\\App\\Controllers\\AdmPost', true)
 5 SYSTEMPATH\CodeIgniter.php(486): CodeIgniter\CodeIgniter->startController()
 6 SYSTEMPATH\CodeIgniter.php(368): CodeIgniter\CodeIgniter->handleRequest(null, Object(Config\Cache), false)
 7 FCPATH\index.php(67): CodeIgniter\CodeIgniter->run()
CRITICAL - 2023-10-02 21:58:46 --> syntax error, unexpected double-quoted string "data_add", expecting "]"
in APPPATH\Controllers\AdmPost.php on line 297.
 1 SYSTEMPATH\Autoloader\Autoloader.php(289): CodeIgniter\Autoloader\Autoloader->includeFile('C:\\xampp\\htdocs\\codi\\app\\Controllers\\AdmPost.php')
 2 SYSTEMPATH\Autoloader\Autoloader.php(267): CodeIgniter\Autoloader\Autoloader->loadInNamespace('App\\Controllers\\AdmPost')
 3 [internal function]: CodeIgniter\Autoloader\Autoloader->loadClass('App\\Controllers\\AdmPost')
 4 SYSTEMPATH\CodeIgniter.php(892): class_exists('\\App\\Controllers\\AdmPost', true)
 5 SYSTEMPATH\CodeIgniter.php(486): CodeIgniter\CodeIgniter->startController()
 6 SYSTEMPATH\CodeIgniter.php(368): CodeIgniter\CodeIgniter->handleRequest(null, Object(Config\Cache), false)
 7 FCPATH\index.php(67): CodeIgniter\CodeIgniter->run()
CRITICAL - 2023-10-02 21:58:47 --> syntax error, unexpected double-quoted string "data_add", expecting "]"
in APPPATH\Controllers\AdmPost.php on line 297.
 1 SYSTEMPATH\Autoloader\Autoloader.php(289): CodeIgniter\Autoloader\Autoloader->includeFile('C:\\xampp\\htdocs\\codi\\app\\Controllers\\AdmPost.php')
 2 SYSTEMPATH\Autoloader\Autoloader.php(267): CodeIgniter\Autoloader\Autoloader->loadInNamespace('App\\Controllers\\AdmPost')
 3 [internal function]: CodeIgniter\Autoloader\Autoloader->loadClass('App\\Controllers\\AdmPost')
 4 SYSTEMPATH\CodeIgniter.php(892): class_exists('\\App\\Controllers\\AdmPost', true)
 5 SYSTEMPATH\CodeIgniter.php(486): CodeIgniter\CodeIgniter->startController()
 6 SYSTEMPATH\CodeIgniter.php(368): CodeIgniter\CodeIgniter->handleRequest(null, Object(Config\Cache), false)
 7 FCPATH\index.php(67): CodeIgniter\CodeIgniter->run()
CRITICAL - 2023-10-02 21:58:47 --> syntax error, unexpected double-quoted string "data_add", expecting "]"
in APPPATH\Controllers\AdmPost.php on line 297.
 1 SYSTEMPATH\Autoloader\Autoloader.php(289): CodeIgniter\Autoloader\Autoloader->includeFile('C:\\xampp\\htdocs\\codi\\app\\Controllers\\AdmPost.php')
 2 SYSTEMPATH\Autoloader\Autoloader.php(267): CodeIgniter\Autoloader\Autoloader->loadInNamespace('App\\Controllers\\AdmPost')
 3 [internal function]: CodeIgniter\Autoloader\Autoloader->loadClass('App\\Controllers\\AdmPost')
 4 SYSTEMPATH\CodeIgniter.php(892): class_exists('\\App\\Controllers\\AdmPost', true)
 5 SYSTEMPATH\CodeIgniter.php(486): CodeIgniter\CodeIgniter->startController()
 6 SYSTEMPATH\CodeIgniter.php(368): CodeIgniter\CodeIgniter->handleRequest(null, Object(Config\Cache), false)
 7 FCPATH\index.php(67): CodeIgniter\CodeIgniter->run()
CRITICAL - 2023-10-02 21:58:48 --> syntax error, unexpected token "]"
in APPPATH\Controllers\AdmPost.php on line 299.
 1 SYSTEMPATH\Autoloader\Autoloader.php(289): CodeIgniter\Autoloader\Autoloader->includeFile('C:\\xampp\\htdocs\\codi\\app\\Controllers\\AdmPost.php')
 2 SYSTEMPATH\Autoloader\Autoloader.php(267): CodeIgniter\Autoloader\Autoloader->loadInNamespace('App\\Controllers\\AdmPost')
 3 [internal function]: CodeIgniter\Autoloader\Autoloader->loadClass('App\\Controllers\\AdmPost')
 4 SYSTEMPATH\CodeIgniter.php(892): class_exists('\\App\\Controllers\\AdmPost', true)
 5 SYSTEMPATH\CodeIgniter.php(486): CodeIgniter\CodeIgniter->startController()
 6 SYSTEMPATH\CodeIgniter.php(368): CodeIgniter\CodeIgniter->handleRequest(null, Object(Config\Cache), false)
 7 FCPATH\index.php(67): CodeIgniter\CodeIgniter->run()
CRITICAL - 2023-10-02 21:58:48 --> syntax error, unexpected token "]"
in APPPATH\Controllers\AdmPost.php on line 299.
 1 SYSTEMPATH\Autoloader\Autoloader.php(289): CodeIgniter\Autoloader\Autoloader->includeFile('C:\\xampp\\htdocs\\codi\\app\\Controllers\\AdmPost.php')
 2 SYSTEMPATH\Autoloader\Autoloader.php(267): CodeIgniter\Autoloader\Autoloader->loadInNamespace('App\\Controllers\\AdmPost')
 3 [internal function]: CodeIgniter\Autoloader\Autoloader->loadClass('App\\Controllers\\AdmPost')
 4 SYSTEMPATH\CodeIgniter.php(892): class_exists('\\App\\Controllers\\AdmPost', true)
 5 SYSTEMPATH\CodeIgniter.php(486): CodeIgniter\CodeIgniter->startController()
 6 SYSTEMPATH\CodeIgniter.php(368): CodeIgniter\CodeIgniter->handleRequest(null, Object(Config\Cache), false)
 7 FCPATH\index.php(67): CodeIgniter\CodeIgniter->run()
CRITICAL - 2023-10-02 21:58:49 --> syntax error, unexpected token "]"
in APPPATH\Controllers\AdmPost.php on line 299.
 1 SYSTEMPATH\Autoloader\Autoloader.php(289): CodeIgniter\Autoloader\Autoloader->includeFile('C:\\xampp\\htdocs\\codi\\app\\Controllers\\AdmPost.php')
 2 SYSTEMPATH\Autoloader\Autoloader.php(267): CodeIgniter\Autoloader\Autoloader->loadInNamespace('App\\Controllers\\AdmPost')
 3 [internal function]: CodeIgniter\Autoloader\Autoloader->loadClass('App\\Controllers\\AdmPost')
 4 SYSTEMPATH\CodeIgniter.php(892): class_exists('\\App\\Controllers\\AdmPost', true)
 5 SYSTEMPATH\CodeIgniter.php(486): CodeIgniter\CodeIgniter->startController()
 6 SYSTEMPATH\CodeIgniter.php(368): CodeIgniter\CodeIgniter->handleRequest(null, Object(Config\Cache), false)
 7 FCPATH\index.php(67): CodeIgniter\CodeIgniter->run()
CRITICAL - 2023-10-02 21:58:49 --> syntax error, unexpected token "]"
in APPPATH\Controllers\AdmPost.php on line 299.
 1 SYSTEMPATH\Autoloader\Autoloader.php(289): CodeIgniter\Autoloader\Autoloader->includeFile('C:\\xampp\\htdocs\\codi\\app\\Controllers\\AdmPost.php')
 2 SYSTEMPATH\Autoloader\Autoloader.php(267): CodeIgniter\Autoloader\Autoloader->loadInNamespace('App\\Controllers\\AdmPost')
 3 [internal function]: CodeIgniter\Autoloader\Autoloader->loadClass('App\\Controllers\\AdmPost')
 4 SYSTEMPATH\CodeIgniter.php(892): class_exists('\\App\\Controllers\\AdmPost', true)
 5 SYSTEMPATH\CodeIgniter.php(486): CodeIgniter\CodeIgniter->startController()
 6 SYSTEMPATH\CodeIgniter.php(368): CodeIgniter\CodeIgniter->handleRequest(null, Object(Config\Cache), false)
 7 FCPATH\index.php(67): CodeIgniter\CodeIgniter->run()
CRITICAL - 2023-10-02 21:58:50 --> syntax error, unexpected token "]"
in APPPATH\Controllers\AdmPost.php on line 299.
 1 SYSTEMPATH\Autoloader\Autoloader.php(289): CodeIgniter\Autoloader\Autoloader->includeFile('C:\\xampp\\htdocs\\codi\\app\\Controllers\\AdmPost.php')
 2 SYSTEMPATH\Autoloader\Autoloader.php(267): CodeIgniter\Autoloader\Autoloader->loadInNamespace('App\\Controllers\\AdmPost')
 3 [internal function]: CodeIgniter\Autoloader\Autoloader->loadClass('App\\Controllers\\AdmPost')
 4 SYSTEMPATH\CodeIgniter.php(892): class_exists('\\App\\Controllers\\AdmPost', true)
 5 SYSTEMPATH\CodeIgniter.php(486): CodeIgniter\CodeIgniter->startController()
 6 SYSTEMPATH\CodeIgniter.php(368): CodeIgniter\CodeIgniter->handleRequest(null, Object(Config\Cache), false)
 7 FCPATH\index.php(67): CodeIgniter\CodeIgniter->run()
CRITICAL - 2023-10-02 21:58:50 --> syntax error, unexpected token "]"
in APPPATH\Controllers\AdmPost.php on line 299.
 1 SYSTEMPATH\Autoloader\Autoloader.php(289): CodeIgniter\Autoloader\Autoloader->includeFile('C:\\xampp\\htdocs\\codi\\app\\Controllers\\AdmPost.php')
 2 SYSTEMPATH\Autoloader\Autoloader.php(267): CodeIgniter\Autoloader\Autoloader->loadInNamespace('App\\Controllers\\AdmPost')
 3 [internal function]: CodeIgniter\Autoloader\Autoloader->loadClass('App\\Controllers\\AdmPost')
 4 SYSTEMPATH\CodeIgniter.php(892): class_exists('\\App\\Controllers\\AdmPost', true)
 5 SYSTEMPATH\CodeIgniter.php(486): CodeIgniter\CodeIgniter->startController()
 6 SYSTEMPATH\CodeIgniter.php(368): CodeIgniter\CodeIgniter->handleRequest(null, Object(Config\Cache), false)
 7 FCPATH\index.php(67): CodeIgniter\CodeIgniter->run()
CRITICAL - 2023-10-02 21:58:51 --> syntax error, unexpected token "]"
in APPPATH\Controllers\AdmPost.php on line 299.
 1 SYSTEMPATH\Autoloader\Autoloader.php(289): CodeIgniter\Autoloader\Autoloader->includeFile('C:\\xampp\\htdocs\\codi\\app\\Controllers\\AdmPost.php')
 2 SYSTEMPATH\Autoloader\Autoloader.php(267): CodeIgniter\Autoloader\Autoloader->loadInNamespace('App\\Controllers\\AdmPost')
 3 [internal function]: CodeIgniter\Autoloader\Autoloader->loadClass('App\\Controllers\\AdmPost')
 4 SYSTEMPATH\CodeIgniter.php(892): class_exists('\\App\\Controllers\\AdmPost', true)
 5 SYSTEMPATH\CodeIgniter.php(486): CodeIgniter\CodeIgniter->startController()
 6 SYSTEMPATH\CodeIgniter.php(368): CodeIgniter\CodeIgniter->handleRequest(null, Object(Config\Cache), false)
 7 FCPATH\index.php(67): CodeIgniter\CodeIgniter->run()
CRITICAL - 2023-10-02 21:58:51 --> syntax error, unexpected token "]"
in APPPATH\Controllers\AdmPost.php on line 299.
 1 SYSTEMPATH\Autoloader\Autoloader.php(289): CodeIgniter\Autoloader\Autoloader->includeFile('C:\\xampp\\htdocs\\codi\\app\\Controllers\\AdmPost.php')
 2 SYSTEMPATH\Autoloader\Autoloader.php(267): CodeIgniter\Autoloader\Autoloader->loadInNamespace('App\\Controllers\\AdmPost')
 3 [internal function]: CodeIgniter\Autoloader\Autoloader->loadClass('App\\Controllers\\AdmPost')
 4 SYSTEMPATH\CodeIgniter.php(892): class_exists('\\App\\Controllers\\AdmPost', true)
 5 SYSTEMPATH\CodeIgniter.php(486): CodeIgniter\CodeIgniter->startController()
 6 SYSTEMPATH\CodeIgniter.php(368): CodeIgniter\CodeIgniter->handleRequest(null, Object(Config\Cache), false)
 7 FCPATH\index.php(67): CodeIgniter\CodeIgniter->run()
CRITICAL - 2023-10-02 21:58:52 --> syntax error, unexpected token "]"
in APPPATH\Controllers\AdmPost.php on line 299.
 1 SYSTEMPATH\Autoloader\Autoloader.php(289): CodeIgniter\Autoloader\Autoloader->includeFile('C:\\xampp\\htdocs\\codi\\app\\Controllers\\AdmPost.php')
 2 SYSTEMPATH\Autoloader\Autoloader.php(267): CodeIgniter\Autoloader\Autoloader->loadInNamespace('App\\Controllers\\AdmPost')
 3 [internal function]: CodeIgniter\Autoloader\Autoloader->loadClass('App\\Controllers\\AdmPost')
 4 SYSTEMPATH\CodeIgniter.php(892): class_exists('\\App\\Controllers\\AdmPost', true)
 5 SYSTEMPATH\CodeIgniter.php(486): CodeIgniter\CodeIgniter->startController()
 6 SYSTEMPATH\CodeIgniter.php(368): CodeIgniter\CodeIgniter->handleRequest(null, Object(Config\Cache), false)
 7 FCPATH\index.php(67): CodeIgniter\CodeIgniter->run()
CRITICAL - 2023-10-02 21:58:52 --> syntax error, unexpected token "]"
in APPPATH\Controllers\AdmPost.php on line 299.
 1 SYSTEMPATH\Autoloader\Autoloader.php(289): CodeIgniter\Autoloader\Autoloader->includeFile('C:\\xampp\\htdocs\\codi\\app\\Controllers\\AdmPost.php')
 2 SYSTEMPATH\Autoloader\Autoloader.php(267): CodeIgniter\Autoloader\Autoloader->loadInNamespace('App\\Controllers\\AdmPost')
 3 [internal function]: CodeIgniter\Autoloader\Autoloader->loadClass('App\\Controllers\\AdmPost')
 4 SYSTEMPATH\CodeIgniter.php(892): class_exists('\\App\\Controllers\\AdmPost', true)
 5 SYSTEMPATH\CodeIgniter.php(486): CodeIgniter\CodeIgniter->startController()
 6 SYSTEMPATH\CodeIgniter.php(368): CodeIgniter\CodeIgniter->handleRequest(null, Object(Config\Cache), false)
 7 FCPATH\index.php(67): CodeIgniter\CodeIgniter->run()
CRITICAL - 2023-10-02 21:58:53 --> syntax error, unexpected token "]"
in APPPATH\Controllers\AdmPost.php on line 299.
 1 SYSTEMPATH\Autoloader\Autoloader.php(289): CodeIgniter\Autoloader\Autoloader->includeFile('C:\\xampp\\htdocs\\codi\\app\\Controllers\\AdmPost.php')
 2 SYSTEMPATH\Autoloader\Autoloader.php(267): CodeIgniter\Autoloader\Autoloader->loadInNamespace('App\\Controllers\\AdmPost')
 3 [internal function]: CodeIgniter\Autoloader\Autoloader->loadClass('App\\Controllers\\AdmPost')
 4 SYSTEMPATH\CodeIgniter.php(892): class_exists('\\App\\Controllers\\AdmPost', true)
 5 SYSTEMPATH\CodeIgniter.php(486): CodeIgniter\CodeIgniter->startController()
 6 SYSTEMPATH\CodeIgniter.php(368): CodeIgniter\CodeIgniter->handleRequest(null, Object(Config\Cache), false)
 7 FCPATH\index.php(67): CodeIgniter\CodeIgniter->run()
CRITICAL - 2023-10-02 21:58:53 --> syntax error, unexpected token "]"
in APPPATH\Controllers\AdmPost.php on line 299.
 1 SYSTEMPATH\Autoloader\Autoloader.php(289): CodeIgniter\Autoloader\Autoloader->includeFile('C:\\xampp\\htdocs\\codi\\app\\Controllers\\AdmPost.php')
 2 SYSTEMPATH\Autoloader\Autoloader.php(267): CodeIgniter\Autoloader\Autoloader->loadInNamespace('App\\Controllers\\AdmPost')
 3 [internal function]: CodeIgniter\Autoloader\Autoloader->loadClass('App\\Controllers\\AdmPost')
 4 SYSTEMPATH\CodeIgniter.php(892): class_exists('\\App\\Controllers\\AdmPost', true)
 5 SYSTEMPATH\CodeIgniter.php(486): CodeIgniter\CodeIgniter->startController()
 6 SYSTEMPATH\CodeIgniter.php(368): CodeIgniter\CodeIgniter->handleRequest(null, Object(Config\Cache), false)
 7 FCPATH\index.php(67): CodeIgniter\CodeIgniter->run()
CRITICAL - 2023-10-02 21:58:54 --> syntax error, unexpected token "]"
in APPPATH\Controllers\AdmPost.php on line 299.
 1 SYSTEMPATH\Autoloader\Autoloader.php(289): CodeIgniter\Autoloader\Autoloader->includeFile('C:\\xampp\\htdocs\\codi\\app\\Controllers\\AdmPost.php')
 2 SYSTEMPATH\Autoloader\Autoloader.php(267): CodeIgniter\Autoloader\Autoloader->loadInNamespace('App\\Controllers\\AdmPost')
 3 [internal function]: CodeIgniter\Autoloader\Autoloader->loadClass('App\\Controllers\\AdmPost')
 4 SYSTEMPATH\CodeIgniter.php(892): class_exists('\\App\\Controllers\\AdmPost', true)
 5 SYSTEMPATH\CodeIgniter.php(486): CodeIgniter\CodeIgniter->startController()
 6 SYSTEMPATH\CodeIgniter.php(368): CodeIgniter\CodeIgniter->handleRequest(null, Object(Config\Cache), false)
 7 FCPATH\index.php(67): CodeIgniter\CodeIgniter->run()
CRITICAL - 2023-10-02 21:58:54 --> syntax error, unexpected token "]"
in APPPATH\Controllers\AdmPost.php on line 299.
 1 SYSTEMPATH\Autoloader\Autoloader.php(289): CodeIgniter\Autoloader\Autoloader->includeFile('C:\\xampp\\htdocs\\codi\\app\\Controllers\\AdmPost.php')
 2 SYSTEMPATH\Autoloader\Autoloader.php(267): CodeIgniter\Autoloader\Autoloader->loadInNamespace('App\\Controllers\\AdmPost')
 3 [internal function]: CodeIgniter\Autoloader\Autoloader->loadClass('App\\Controllers\\AdmPost')
 4 SYSTEMPATH\CodeIgniter.php(892): class_exists('\\App\\Controllers\\AdmPost', true)
 5 SYSTEMPATH\CodeIgniter.php(486): CodeIgniter\CodeIgniter->startController()
 6 SYSTEMPATH\CodeIgniter.php(368): CodeIgniter\CodeIgniter->handleRequest(null, Object(Config\Cache), false)
 7 FCPATH\index.php(67): CodeIgniter\CodeIgniter->run()
CRITICAL - 2023-10-02 21:58:55 --> syntax error, unexpected token "]"
in APPPATH\Controllers\AdmPost.php on line 299.
 1 SYSTEMPATH\Autoloader\Autoloader.php(289): CodeIgniter\Autoloader\Autoloader->includeFile('C:\\xampp\\htdocs\\codi\\app\\Controllers\\AdmPost.php')
 2 SYSTEMPATH\Autoloader\Autoloader.php(267): CodeIgniter\Autoloader\Autoloader->loadInNamespace('App\\Controllers\\AdmPost')
 3 [internal function]: CodeIgniter\Autoloader\Autoloader->loadClass('App\\Controllers\\AdmPost')
 4 SYSTEMPATH\CodeIgniter.php(892): class_exists('\\App\\Controllers\\AdmPost', true)
 5 SYSTEMPATH\CodeIgniter.php(486): CodeIgniter\CodeIgniter->startController()
 6 SYSTEMPATH\CodeIgniter.php(368): CodeIgniter\CodeIgniter->handleRequest(null, Object(Config\Cache), false)
 7 FCPATH\index.php(67): CodeIgniter\CodeIgniter->run()
CRITICAL - 2023-10-02 21:58:55 --> syntax error, unexpected token "]"
in APPPATH\Controllers\AdmPost.php on line 299.
 1 SYSTEMPATH\Autoloader\Autoloader.php(289): CodeIgniter\Autoloader\Autoloader->includeFile('C:\\xampp\\htdocs\\codi\\app\\Controllers\\AdmPost.php')
 2 SYSTEMPATH\Autoloader\Autoloader.php(267): CodeIgniter\Autoloader\Autoloader->loadInNamespace('App\\Controllers\\AdmPost')
 3 [internal function]: CodeIgniter\Autoloader\Autoloader->loadClass('App\\Controllers\\AdmPost')
 4 SYSTEMPATH\CodeIgniter.php(892): class_exists('\\App\\Controllers\\AdmPost', true)
 5 SYSTEMPATH\CodeIgniter.php(486): CodeIgniter\CodeIgniter->startController()
 6 SYSTEMPATH\CodeIgniter.php(368): CodeIgniter\CodeIgniter->handleRequest(null, Object(Config\Cache), false)
 7 FCPATH\index.php(67): CodeIgniter\CodeIgniter->run()
CRITICAL - 2023-10-02 21:58:56 --> syntax error, unexpected token "]"
in APPPATH\Controllers\AdmPost.php on line 299.
 1 SYSTEMPATH\Autoloader\Autoloader.php(289): CodeIgniter\Autoloader\Autoloader->includeFile('C:\\xampp\\htdocs\\codi\\app\\Controllers\\AdmPost.php')
 2 SYSTEMPATH\Autoloader\Autoloader.php(267): CodeIgniter\Autoloader\Autoloader->loadInNamespace('App\\Controllers\\AdmPost')
 3 [internal function]: CodeIgniter\Autoloader\Autoloader->loadClass('App\\Controllers\\AdmPost')
 4 SYSTEMPATH\CodeIgniter.php(892): class_exists('\\App\\Controllers\\AdmPost', true)
 5 SYSTEMPATH\CodeIgniter.php(486): CodeIgniter\CodeIgniter->startController()
 6 SYSTEMPATH\CodeIgniter.php(368): CodeIgniter\CodeIgniter->handleRequest(null, Object(Config\Cache), false)
 7 FCPATH\index.php(67): CodeIgniter\CodeIgniter->run()
CRITICAL - 2023-10-02 21:58:56 --> syntax error, unexpected token "]"
in APPPATH\Controllers\AdmPost.php on line 299.
 1 SYSTEMPATH\Autoloader\Autoloader.php(289): CodeIgniter\Autoloader\Autoloader->includeFile('C:\\xampp\\htdocs\\codi\\app\\Controllers\\AdmPost.php')
 2 SYSTEMPATH\Autoloader\Autoloader.php(267): CodeIgniter\Autoloader\Autoloader->loadInNamespace('App\\Controllers\\AdmPost')
 3 [internal function]: CodeIgniter\Autoloader\Autoloader->loadClass('App\\Controllers\\AdmPost')
 4 SYSTEMPATH\CodeIgniter.php(892): class_exists('\\App\\Controllers\\AdmPost', true)
 5 SYSTEMPATH\CodeIgniter.php(486): CodeIgniter\CodeIgniter->startController()
 6 SYSTEMPATH\CodeIgniter.php(368): CodeIgniter\CodeIgniter->handleRequest(null, Object(Config\Cache), false)
 7 FCPATH\index.php(67): CodeIgniter\CodeIgniter->run()
CRITICAL - 2023-10-02 21:58:57 --> syntax error, unexpected token "]"
in APPPATH\Controllers\AdmPost.php on line 299.
 1 SYSTEMPATH\Autoloader\Autoloader.php(289): CodeIgniter\Autoloader\Autoloader->includeFile('C:\\xampp\\htdocs\\codi\\app\\Controllers\\AdmPost.php')
 2 SYSTEMPATH\Autoloader\Autoloader.php(267): CodeIgniter\Autoloader\Autoloader->loadInNamespace('App\\Controllers\\AdmPost')
 3 [internal function]: CodeIgniter\Autoloader\Autoloader->loadClass('App\\Controllers\\AdmPost')
 4 SYSTEMPATH\CodeIgniter.php(892): class_exists('\\App\\Controllers\\AdmPost', true)
 5 SYSTEMPATH\CodeIgniter.php(486): CodeIgniter\CodeIgniter->startController()
 6 SYSTEMPATH\CodeIgniter.php(368): CodeIgniter\CodeIgniter->handleRequest(null, Object(Config\Cache), false)
 7 FCPATH\index.php(67): CodeIgniter\CodeIgniter->run()
CRITICAL - 2023-10-02 21:58:57 --> syntax error, unexpected token "]"
in APPPATH\Controllers\AdmPost.php on line 299.
 1 SYSTEMPATH\Autoloader\Autoloader.php(289): CodeIgniter\Autoloader\Autoloader->includeFile('C:\\xampp\\htdocs\\codi\\app\\Controllers\\AdmPost.php')
 2 SYSTEMPATH\Autoloader\Autoloader.php(267): CodeIgniter\Autoloader\Autoloader->loadInNamespace('App\\Controllers\\AdmPost')
 3 [internal function]: CodeIgniter\Autoloader\Autoloader->loadClass('App\\Controllers\\AdmPost')
 4 SYSTEMPATH\CodeIgniter.php(892): class_exists('\\App\\Controllers\\AdmPost', true)
 5 SYSTEMPATH\CodeIgniter.php(486): CodeIgniter\CodeIgniter->startController()
 6 SYSTEMPATH\CodeIgniter.php(368): CodeIgniter\CodeIgniter->handleRequest(null, Object(Config\Cache), false)
 7 FCPATH\index.php(67): CodeIgniter\CodeIgniter->run()
CRITICAL - 2023-10-02 21:58:58 --> syntax error, unexpected token "]"
in APPPATH\Controllers\AdmPost.php on line 299.
 1 SYSTEMPATH\Autoloader\Autoloader.php(289): CodeIgniter\Autoloader\Autoloader->includeFile('C:\\xampp\\htdocs\\codi\\app\\Controllers\\AdmPost.php')
 2 SYSTEMPATH\Autoloader\Autoloader.php(267): CodeIgniter\Autoloader\Autoloader->loadInNamespace('App\\Controllers\\AdmPost')
 3 [internal function]: CodeIgniter\Autoloader\Autoloader->loadClass('App\\Controllers\\AdmPost')
 4 SYSTEMPATH\CodeIgniter.php(892): class_exists('\\App\\Controllers\\AdmPost', true)
 5 SYSTEMPATH\CodeIgniter.php(486): CodeIgniter\CodeIgniter->startController()
 6 SYSTEMPATH\CodeIgniter.php(368): CodeIgniter\CodeIgniter->handleRequest(null, Object(Config\Cache), false)
 7 FCPATH\index.php(67): CodeIgniter\CodeIgniter->run()
CRITICAL - 2023-10-02 21:58:58 --> syntax error, unexpected token "]"
in APPPATH\Controllers\AdmPost.php on line 299.
 1 SYSTEMPATH\Autoloader\Autoloader.php(289): CodeIgniter\Autoloader\Autoloader->includeFile('C:\\xampp\\htdocs\\codi\\app\\Controllers\\AdmPost.php')
 2 SYSTEMPATH\Autoloader\Autoloader.php(267): CodeIgniter\Autoloader\Autoloader->loadInNamespace('App\\Controllers\\AdmPost')
 3 [internal function]: CodeIgniter\Autoloader\Autoloader->loadClass('App\\Controllers\\AdmPost')
 4 SYSTEMPATH\CodeIgniter.php(892): class_exists('\\App\\Controllers\\AdmPost', true)
 5 SYSTEMPATH\CodeIgniter.php(486): CodeIgniter\CodeIgniter->startController()
 6 SYSTEMPATH\CodeIgniter.php(368): CodeIgniter\CodeIgniter->handleRequest(null, Object(Config\Cache), false)
 7 FCPATH\index.php(67): CodeIgniter\CodeIgniter->run()
CRITICAL - 2023-10-02 21:58:59 --> syntax error, unexpected token "]"
in APPPATH\Controllers\AdmPost.php on line 299.
 1 SYSTEMPATH\Autoloader\Autoloader.php(289): CodeIgniter\Autoloader\Autoloader->includeFile('C:\\xampp\\htdocs\\codi\\app\\Controllers\\AdmPost.php')
 2 SYSTEMPATH\Autoloader\Autoloader.php(267): CodeIgniter\Autoloader\Autoloader->loadInNamespace('App\\Controllers\\AdmPost')
 3 [internal function]: CodeIgniter\Autoloader\Autoloader->loadClass('App\\Controllers\\AdmPost')
 4 SYSTEMPATH\CodeIgniter.php(892): class_exists('\\App\\Controllers\\AdmPost', true)
 5 SYSTEMPATH\CodeIgniter.php(486): CodeIgniter\CodeIgniter->startController()
 6 SYSTEMPATH\CodeIgniter.php(368): CodeIgniter\CodeIgniter->handleRequest(null, Object(Config\Cache), false)
 7 FCPATH\index.php(67): CodeIgniter\CodeIgniter->run()
CRITICAL - 2023-10-02 21:58:59 --> syntax error, unexpected token "]"
in APPPATH\Controllers\AdmPost.php on line 299.
 1 SYSTEMPATH\Autoloader\Autoloader.php(289): CodeIgniter\Autoloader\Autoloader->includeFile('C:\\xampp\\htdocs\\codi\\app\\Controllers\\AdmPost.php')
 2 SYSTEMPATH\Autoloader\Autoloader.php(267): CodeIgniter\Autoloader\Autoloader->loadInNamespace('App\\Controllers\\AdmPost')
 3 [internal function]: CodeIgniter\Autoloader\Autoloader->loadClass('App\\Controllers\\AdmPost')
 4 SYSTEMPATH\CodeIgniter.php(892): class_exists('\\App\\Controllers\\AdmPost', true)
 5 SYSTEMPATH\CodeIgniter.php(486): CodeIgniter\CodeIgniter->startController()
 6 SYSTEMPATH\CodeIgniter.php(368): CodeIgniter\CodeIgniter->handleRequest(null, Object(Config\Cache), false)
 7 FCPATH\index.php(67): CodeIgniter\CodeIgniter->run()
CRITICAL - 2023-10-02 21:59:00 --> syntax error, unexpected token "]"
in APPPATH\Controllers\AdmPost.php on line 299.
 1 SYSTEMPATH\Autoloader\Autoloader.php(289): CodeIgniter\Autoloader\Autoloader->includeFile('C:\\xampp\\htdocs\\codi\\app\\Controllers\\AdmPost.php')
 2 SYSTEMPATH\Autoloader\Autoloader.php(267): CodeIgniter\Autoloader\Autoloader->loadInNamespace('App\\Controllers\\AdmPost')
 3 [internal function]: CodeIgniter\Autoloader\Autoloader->loadClass('App\\Controllers\\AdmPost')
 4 SYSTEMPATH\CodeIgniter.php(892): class_exists('\\App\\Controllers\\AdmPost', true)
 5 SYSTEMPATH\CodeIgniter.php(486): CodeIgniter\CodeIgniter->startController()
 6 SYSTEMPATH\CodeIgniter.php(368): CodeIgniter\CodeIgniter->handleRequest(null, Object(Config\Cache), false)
 7 FCPATH\index.php(67): CodeIgniter\CodeIgniter->run()
CRITICAL - 2023-10-02 21:59:00 --> syntax error, unexpected token "]"
in APPPATH\Controllers\AdmPost.php on line 299.
 1 SYSTEMPATH\Autoloader\Autoloader.php(289): CodeIgniter\Autoloader\Autoloader->includeFile('C:\\xampp\\htdocs\\codi\\app\\Controllers\\AdmPost.php')
 2 SYSTEMPATH\Autoloader\Autoloader.php(267): CodeIgniter\Autoloader\Autoloader->loadInNamespace('App\\Controllers\\AdmPost')
 3 [internal function]: CodeIgniter\Autoloader\Autoloader->loadClass('App\\Controllers\\AdmPost')
 4 SYSTEMPATH\CodeIgniter.php(892): class_exists('\\App\\Controllers\\AdmPost', true)
 5 SYSTEMPATH\CodeIgniter.php(486): CodeIgniter\CodeIgniter->startController()
 6 SYSTEMPATH\CodeIgniter.php(368): CodeIgniter\CodeIgniter->handleRequest(null, Object(Config\Cache), false)
 7 FCPATH\index.php(67): CodeIgniter\CodeIgniter->run()
CRITICAL - 2023-10-02 21:59:01 --> syntax error, unexpected token "]"
in APPPATH\Controllers\AdmPost.php on line 299.
 1 SYSTEMPATH\Autoloader\Autoloader.php(289): CodeIgniter\Autoloader\Autoloader->includeFile('C:\\xampp\\htdocs\\codi\\app\\Controllers\\AdmPost.php')
 2 SYSTEMPATH\Autoloader\Autoloader.php(267): CodeIgniter\Autoloader\Autoloader->loadInNamespace('App\\Controllers\\AdmPost')
 3 [internal function]: CodeIgniter\Autoloader\Autoloader->loadClass('App\\Controllers\\AdmPost')
 4 SYSTEMPATH\CodeIgniter.php(892): class_exists('\\App\\Controllers\\AdmPost', true)
 5 SYSTEMPATH\CodeIgniter.php(486): CodeIgniter\CodeIgniter->startController()
 6 SYSTEMPATH\CodeIgniter.php(368): CodeIgniter\CodeIgniter->handleRequest(null, Object(Config\Cache), false)
 7 FCPATH\index.php(67): CodeIgniter\CodeIgniter->run()
CRITICAL - 2023-10-02 21:59:01 --> syntax error, unexpected token "]"
in APPPATH\Controllers\AdmPost.php on line 299.
 1 SYSTEMPATH\Autoloader\Autoloader.php(289): CodeIgniter\Autoloader\Autoloader->includeFile('C:\\xampp\\htdocs\\codi\\app\\Controllers\\AdmPost.php')
 2 SYSTEMPATH\Autoloader\Autoloader.php(267): CodeIgniter\Autoloader\Autoloader->loadInNamespace('App\\Controllers\\AdmPost')
 3 [internal function]: CodeIgniter\Autoloader\Autoloader->loadClass('App\\Controllers\\AdmPost')
 4 SYSTEMPATH\CodeIgniter.php(892): class_exists('\\App\\Controllers\\AdmPost', true)
 5 SYSTEMPATH\CodeIgniter.php(486): CodeIgniter\CodeIgniter->startController()
 6 SYSTEMPATH\CodeIgniter.php(368): CodeIgniter\CodeIgniter->handleRequest(null, Object(Config\Cache), false)
 7 FCPATH\index.php(67): CodeIgniter\CodeIgniter->run()
CRITICAL - 2023-10-02 21:59:02 --> syntax error, unexpected token "]"
in APPPATH\Controllers\AdmPost.php on line 299.
 1 SYSTEMPATH\Autoloader\Autoloader.php(289): CodeIgniter\Autoloader\Autoloader->includeFile('C:\\xampp\\htdocs\\codi\\app\\Controllers\\AdmPost.php')
 2 SYSTEMPATH\Autoloader\Autoloader.php(267): CodeIgniter\Autoloader\Autoloader->loadInNamespace('App\\Controllers\\AdmPost')
 3 [internal function]: CodeIgniter\Autoloader\Autoloader->loadClass('App\\Controllers\\AdmPost')
 4 SYSTEMPATH\CodeIgniter.php(892): class_exists('\\App\\Controllers\\AdmPost', true)
 5 SYSTEMPATH\CodeIgniter.php(486): CodeIgniter\CodeIgniter->startController()
 6 SYSTEMPATH\CodeIgniter.php(368): CodeIgniter\CodeIgniter->handleRequest(null, Object(Config\Cache), false)
 7 FCPATH\index.php(67): CodeIgniter\CodeIgniter->run()
CRITICAL - 2023-10-02 21:59:02 --> syntax error, unexpected token "]"
in APPPATH\Controllers\AdmPost.php on line 299.
 1 SYSTEMPATH\Autoloader\Autoloader.php(289): CodeIgniter\Autoloader\Autoloader->includeFile('C:\\xampp\\htdocs\\codi\\app\\Controllers\\AdmPost.php')
 2 SYSTEMPATH\Autoloader\Autoloader.php(267): CodeIgniter\Autoloader\Autoloader->loadInNamespace('App\\Controllers\\AdmPost')
 3 [internal function]: CodeIgniter\Autoloader\Autoloader->loadClass('App\\Controllers\\AdmPost')
 4 SYSTEMPATH\CodeIgniter.php(892): class_exists('\\App\\Controllers\\AdmPost', true)
 5 SYSTEMPATH\CodeIgniter.php(486): CodeIgniter\CodeIgniter->startController()
 6 SYSTEMPATH\CodeIgniter.php(368): CodeIgniter\CodeIgniter->handleRequest(null, Object(Config\Cache), false)
 7 FCPATH\index.php(67): CodeIgniter\CodeIgniter->run()
CRITICAL - 2023-10-02 21:59:03 --> syntax error, unexpected token "]"
in APPPATH\Controllers\AdmPost.php on line 299.
 1 SYSTEMPATH\Autoloader\Autoloader.php(289): CodeIgniter\Autoloader\Autoloader->includeFile('C:\\xampp\\htdocs\\codi\\app\\Controllers\\AdmPost.php')
 2 SYSTEMPATH\Autoloader\Autoloader.php(267): CodeIgniter\Autoloader\Autoloader->loadInNamespace('App\\Controllers\\AdmPost')
 3 [internal function]: CodeIgniter\Autoloader\Autoloader->loadClass('App\\Controllers\\AdmPost')
 4 SYSTEMPATH\CodeIgniter.php(892): class_exists('\\App\\Controllers\\AdmPost', true)
 5 SYSTEMPATH\CodeIgniter.php(486): CodeIgniter\CodeIgniter->startController()
 6 SYSTEMPATH\CodeIgniter.php(368): CodeIgniter\CodeIgniter->handleRequest(null, Object(Config\Cache), false)
 7 FCPATH\index.php(67): CodeIgniter\CodeIgniter->run()
CRITICAL - 2023-10-02 21:59:03 --> syntax error, unexpected token "]"
in APPPATH\Controllers\AdmPost.php on line 299.
 1 SYSTEMPATH\Autoloader\Autoloader.php(289): CodeIgniter\Autoloader\Autoloader->includeFile('C:\\xampp\\htdocs\\codi\\app\\Controllers\\AdmPost.php')
 2 SYSTEMPATH\Autoloader\Autoloader.php(267): CodeIgniter\Autoloader\Autoloader->loadInNamespace('App\\Controllers\\AdmPost')
 3 [internal function]: CodeIgniter\Autoloader\Autoloader->loadClass('App\\Controllers\\AdmPost')
 4 SYSTEMPATH\CodeIgniter.php(892): class_exists('\\App\\Controllers\\AdmPost', true)
 5 SYSTEMPATH\CodeIgniter.php(486): CodeIgniter\CodeIgniter->startController()
 6 SYSTEMPATH\CodeIgniter.php(368): CodeIgniter\CodeIgniter->handleRequest(null, Object(Config\Cache), false)
 7 FCPATH\index.php(67): CodeIgniter\CodeIgniter->run()
CRITICAL - 2023-10-02 21:59:04 --> syntax error, unexpected token "]"
in APPPATH\Controllers\AdmPost.php on line 299.
 1 SYSTEMPATH\Autoloader\Autoloader.php(289): CodeIgniter\Autoloader\Autoloader->includeFile('C:\\xampp\\htdocs\\codi\\app\\Controllers\\AdmPost.php')
 2 SYSTEMPATH\Autoloader\Autoloader.php(267): CodeIgniter\Autoloader\Autoloader->loadInNamespace('App\\Controllers\\AdmPost')
 3 [internal function]: CodeIgniter\Autoloader\Autoloader->loadClass('App\\Controllers\\AdmPost')
 4 SYSTEMPATH\CodeIgniter.php(892): class_exists('\\App\\Controllers\\AdmPost', true)
 5 SYSTEMPATH\CodeIgniter.php(486): CodeIgniter\CodeIgniter->startController()
 6 SYSTEMPATH\CodeIgniter.php(368): CodeIgniter\CodeIgniter->handleRequest(null, Object(Config\Cache), false)
 7 FCPATH\index.php(67): CodeIgniter\CodeIgniter->run()
CRITICAL - 2023-10-02 21:59:04 --> syntax error, unexpected token "]"
in APPPATH\Controllers\AdmPost.php on line 299.
 1 SYSTEMPATH\Autoloader\Autoloader.php(289): CodeIgniter\Autoloader\Autoloader->includeFile('C:\\xampp\\htdocs\\codi\\app\\Controllers\\AdmPost.php')
 2 SYSTEMPATH\Autoloader\Autoloader.php(267): CodeIgniter\Autoloader\Autoloader->loadInNamespace('App\\Controllers\\AdmPost')
 3 [internal function]: CodeIgniter\Autoloader\Autoloader->loadClass('App\\Controllers\\AdmPost')
 4 SYSTEMPATH\CodeIgniter.php(892): class_exists('\\App\\Controllers\\AdmPost', true)
 5 SYSTEMPATH\CodeIgniter.php(486): CodeIgniter\CodeIgniter->startController()
 6 SYSTEMPATH\CodeIgniter.php(368): CodeIgniter\CodeIgniter->handleRequest(null, Object(Config\Cache), false)
 7 FCPATH\index.php(67): CodeIgniter\CodeIgniter->run()
CRITICAL - 2023-10-02 21:59:05 --> syntax error, unexpected token "]"
in APPPATH\Controllers\AdmPost.php on line 299.
 1 SYSTEMPATH\Autoloader\Autoloader.php(289): CodeIgniter\Autoloader\Autoloader->includeFile('C:\\xampp\\htdocs\\codi\\app\\Controllers\\AdmPost.php')
 2 SYSTEMPATH\Autoloader\Autoloader.php(267): CodeIgniter\Autoloader\Autoloader->loadInNamespace('App\\Controllers\\AdmPost')
 3 [internal function]: CodeIgniter\Autoloader\Autoloader->loadClass('App\\Controllers\\AdmPost')
 4 SYSTEMPATH\CodeIgniter.php(892): class_exists('\\App\\Controllers\\AdmPost', true)
 5 SYSTEMPATH\CodeIgniter.php(486): CodeIgniter\CodeIgniter->startController()
 6 SYSTEMPATH\CodeIgniter.php(368): CodeIgniter\CodeIgniter->handleRequest(null, Object(Config\Cache), false)
 7 FCPATH\index.php(67): CodeIgniter\CodeIgniter->run()
CRITICAL - 2023-10-02 21:59:05 --> syntax error, unexpected token "]"
in APPPATH\Controllers\AdmPost.php on line 299.
 1 SYSTEMPATH\Autoloader\Autoloader.php(289): CodeIgniter\Autoloader\Autoloader->includeFile('C:\\xampp\\htdocs\\codi\\app\\Controllers\\AdmPost.php')
 2 SYSTEMPATH\Autoloader\Autoloader.php(267): CodeIgniter\Autoloader\Autoloader->loadInNamespace('App\\Controllers\\AdmPost')
 3 [internal function]: CodeIgniter\Autoloader\Autoloader->loadClass('App\\Controllers\\AdmPost')
 4 SYSTEMPATH\CodeIgniter.php(892): class_exists('\\App\\Controllers\\AdmPost', true)
 5 SYSTEMPATH\CodeIgniter.php(486): CodeIgniter\CodeIgniter->startController()
 6 SYSTEMPATH\CodeIgniter.php(368): CodeIgniter\CodeIgniter->handleRequest(null, Object(Config\Cache), false)
 7 FCPATH\index.php(67): CodeIgniter\CodeIgniter->run()
CRITICAL - 2023-10-02 21:59:06 --> syntax error, unexpected token "]"
in APPPATH\Controllers\AdmPost.php on line 299.
 1 SYSTEMPATH\Autoloader\Autoloader.php(289): CodeIgniter\Autoloader\Autoloader->includeFile('C:\\xampp\\htdocs\\codi\\app\\Controllers\\AdmPost.php')
 2 SYSTEMPATH\Autoloader\Autoloader.php(267): CodeIgniter\Autoloader\Autoloader->loadInNamespace('App\\Controllers\\AdmPost')
 3 [internal function]: CodeIgniter\Autoloader\Autoloader->loadClass('App\\Controllers\\AdmPost')
 4 SYSTEMPATH\CodeIgniter.php(892): class_exists('\\App\\Controllers\\AdmPost', true)
 5 SYSTEMPATH\CodeIgniter.php(486): CodeIgniter\CodeIgniter->startController()
 6 SYSTEMPATH\CodeIgniter.php(368): CodeIgniter\CodeIgniter->handleRequest(null, Object(Config\Cache), false)
 7 FCPATH\index.php(67): CodeIgniter\CodeIgniter->run()
CRITICAL - 2023-10-02 21:59:06 --> syntax error, unexpected token "]"
in APPPATH\Controllers\AdmPost.php on line 299.
 1 SYSTEMPATH\Autoloader\Autoloader.php(289): CodeIgniter\Autoloader\Autoloader->includeFile('C:\\xampp\\htdocs\\codi\\app\\Controllers\\AdmPost.php')
 2 SYSTEMPATH\Autoloader\Autoloader.php(267): CodeIgniter\Autoloader\Autoloader->loadInNamespace('App\\Controllers\\AdmPost')
 3 [internal function]: CodeIgniter\Autoloader\Autoloader->loadClass('App\\Controllers\\AdmPost')
 4 SYSTEMPATH\CodeIgniter.php(892): class_exists('\\App\\Controllers\\AdmPost', true)
 5 SYSTEMPATH\CodeIgniter.php(486): CodeIgniter\CodeIgniter->startController()
 6 SYSTEMPATH\CodeIgniter.php(368): CodeIgniter\CodeIgniter->handleRequest(null, Object(Config\Cache), false)
 7 FCPATH\index.php(67): CodeIgniter\CodeIgniter->run()
CRITICAL - 2023-10-02 21:59:07 --> syntax error, unexpected token "]"
in APPPATH\Controllers\AdmPost.php on line 299.
 1 SYSTEMPATH\Autoloader\Autoloader.php(289): CodeIgniter\Autoloader\Autoloader->includeFile('C:\\xampp\\htdocs\\codi\\app\\Controllers\\AdmPost.php')
 2 SYSTEMPATH\Autoloader\Autoloader.php(267): CodeIgniter\Autoloader\Autoloader->loadInNamespace('App\\Controllers\\AdmPost')
 3 [internal function]: CodeIgniter\Autoloader\Autoloader->loadClass('App\\Controllers\\AdmPost')
 4 SYSTEMPATH\CodeIgniter.php(892): class_exists('\\App\\Controllers\\AdmPost', true)
 5 SYSTEMPATH\CodeIgniter.php(486): CodeIgniter\CodeIgniter->startController()
 6 SYSTEMPATH\CodeIgniter.php(368): CodeIgniter\CodeIgniter->handleRequest(null, Object(Config\Cache), false)
 7 FCPATH\index.php(67): CodeIgniter\CodeIgniter->run()
CRITICAL - 2023-10-02 21:59:07 --> syntax error, unexpected token "]"
in APPPATH\Controllers\AdmPost.php on line 299.
 1 SYSTEMPATH\Autoloader\Autoloader.php(289): CodeIgniter\Autoloader\Autoloader->includeFile('C:\\xampp\\htdocs\\codi\\app\\Controllers\\AdmPost.php')
 2 SYSTEMPATH\Autoloader\Autoloader.php(267): CodeIgniter\Autoloader\Autoloader->loadInNamespace('App\\Controllers\\AdmPost')
 3 [internal function]: CodeIgniter\Autoloader\Autoloader->loadClass('App\\Controllers\\AdmPost')
 4 SYSTEMPATH\CodeIgniter.php(892): class_exists('\\App\\Controllers\\AdmPost', true)
 5 SYSTEMPATH\CodeIgniter.php(486): CodeIgniter\CodeIgniter->startController()
 6 SYSTEMPATH\CodeIgniter.php(368): CodeIgniter\CodeIgniter->handleRequest(null, Object(Config\Cache), false)
 7 FCPATH\index.php(67): CodeIgniter\CodeIgniter->run()
CRITICAL - 2023-10-02 21:59:08 --> syntax error, unexpected token "]"
in APPPATH\Controllers\AdmPost.php on line 299.
 1 SYSTEMPATH\Autoloader\Autoloader.php(289): CodeIgniter\Autoloader\Autoloader->includeFile('C:\\xampp\\htdocs\\codi\\app\\Controllers\\AdmPost.php')
 2 SYSTEMPATH\Autoloader\Autoloader.php(267): CodeIgniter\Autoloader\Autoloader->loadInNamespace('App\\Controllers\\AdmPost')
 3 [internal function]: CodeIgniter\Autoloader\Autoloader->loadClass('App\\Controllers\\AdmPost')
 4 SYSTEMPATH\CodeIgniter.php(892): class_exists('\\App\\Controllers\\AdmPost', true)
 5 SYSTEMPATH\CodeIgniter.php(486): CodeIgniter\CodeIgniter->startController()
 6 SYSTEMPATH\CodeIgniter.php(368): CodeIgniter\CodeIgniter->handleRequest(null, Object(Config\Cache), false)
 7 FCPATH\index.php(67): CodeIgniter\CodeIgniter->run()
CRITICAL - 2023-10-02 21:59:08 --> syntax error, unexpected token "]"
in APPPATH\Controllers\AdmPost.php on line 299.
 1 SYSTEMPATH\Autoloader\Autoloader.php(289): CodeIgniter\Autoloader\Autoloader->includeFile('C:\\xampp\\htdocs\\codi\\app\\Controllers\\AdmPost.php')
 2 SYSTEMPATH\Autoloader\Autoloader.php(267): CodeIgniter\Autoloader\Autoloader->loadInNamespace('App\\Controllers\\AdmPost')
 3 [internal function]: CodeIgniter\Autoloader\Autoloader->loadClass('App\\Controllers\\AdmPost')
 4 SYSTEMPATH\CodeIgniter.php(892): class_exists('\\App\\Controllers\\AdmPost', true)
 5 SYSTEMPATH\CodeIgniter.php(486): CodeIgniter\CodeIgniter->startController()
 6 SYSTEMPATH\CodeIgniter.php(368): CodeIgniter\CodeIgniter->handleRequest(null, Object(Config\Cache), false)
 7 FCPATH\index.php(67): CodeIgniter\CodeIgniter->run()
CRITICAL - 2023-10-02 21:59:09 --> syntax error, unexpected token "]"
in APPPATH\Controllers\AdmPost.php on line 299.
 1 SYSTEMPATH\Autoloader\Autoloader.php(289): CodeIgniter\Autoloader\Autoloader->includeFile('C:\\xampp\\htdocs\\codi\\app\\Controllers\\AdmPost.php')
 2 SYSTEMPATH\Autoloader\Autoloader.php(267): CodeIgniter\Autoloader\Autoloader->loadInNamespace('App\\Controllers\\AdmPost')
 3 [internal function]: CodeIgniter\Autoloader\Autoloader->loadClass('App\\Controllers\\AdmPost')
 4 SYSTEMPATH\CodeIgniter.php(892): class_exists('\\App\\Controllers\\AdmPost', true)
 5 SYSTEMPATH\CodeIgniter.php(486): CodeIgniter\CodeIgniter->startController()
 6 SYSTEMPATH\CodeIgniter.php(368): CodeIgniter\CodeIgniter->handleRequest(null, Object(Config\Cache), false)
 7 FCPATH\index.php(67): CodeIgniter\CodeIgniter->run()
CRITICAL - 2023-10-02 21:59:09 --> syntax error, unexpected token "]"
in APPPATH\Controllers\AdmPost.php on line 299.
 1 SYSTEMPATH\Autoloader\Autoloader.php(289): CodeIgniter\Autoloader\Autoloader->includeFile('C:\\xampp\\htdocs\\codi\\app\\Controllers\\AdmPost.php')
 2 SYSTEMPATH\Autoloader\Autoloader.php(267): CodeIgniter\Autoloader\Autoloader->loadInNamespace('App\\Controllers\\AdmPost')
 3 [internal function]: CodeIgniter\Autoloader\Autoloader->loadClass('App\\Controllers\\AdmPost')
 4 SYSTEMPATH\CodeIgniter.php(892): class_exists('\\App\\Controllers\\AdmPost', true)
 5 SYSTEMPATH\CodeIgniter.php(486): CodeIgniter\CodeIgniter->startController()
 6 SYSTEMPATH\CodeIgniter.php(368): CodeIgniter\CodeIgniter->handleRequest(null, Object(Config\Cache), false)
 7 FCPATH\index.php(67): CodeIgniter\CodeIgniter->run()
CRITICAL - 2023-10-02 21:59:10 --> syntax error, unexpected token "]"
in APPPATH\Controllers\AdmPost.php on line 299.
 1 SYSTEMPATH\Autoloader\Autoloader.php(289): CodeIgniter\Autoloader\Autoloader->includeFile('C:\\xampp\\htdocs\\codi\\app\\Controllers\\AdmPost.php')
 2 SYSTEMPATH\Autoloader\Autoloader.php(267): CodeIgniter\Autoloader\Autoloader->loadInNamespace('App\\Controllers\\AdmPost')
 3 [internal function]: CodeIgniter\Autoloader\Autoloader->loadClass('App\\Controllers\\AdmPost')
 4 SYSTEMPATH\CodeIgniter.php(892): class_exists('\\App\\Controllers\\AdmPost', true)
 5 SYSTEMPATH\CodeIgniter.php(486): CodeIgniter\CodeIgniter->startController()
 6 SYSTEMPATH\CodeIgniter.php(368): CodeIgniter\CodeIgniter->handleRequest(null, Object(Config\Cache), false)
 7 FCPATH\index.php(67): CodeIgniter\CodeIgniter->run()
CRITICAL - 2023-10-02 21:59:10 --> syntax error, unexpected token "]"
in APPPATH\Controllers\AdmPost.php on line 299.
 1 SYSTEMPATH\Autoloader\Autoloader.php(289): CodeIgniter\Autoloader\Autoloader->includeFile('C:\\xampp\\htdocs\\codi\\app\\Controllers\\AdmPost.php')
 2 SYSTEMPATH\Autoloader\Autoloader.php(267): CodeIgniter\Autoloader\Autoloader->loadInNamespace('App\\Controllers\\AdmPost')
 3 [internal function]: CodeIgniter\Autoloader\Autoloader->loadClass('App\\Controllers\\AdmPost')
 4 SYSTEMPATH\CodeIgniter.php(892): class_exists('\\App\\Controllers\\AdmPost', true)
 5 SYSTEMPATH\CodeIgniter.php(486): CodeIgniter\CodeIgniter->startController()
 6 SYSTEMPATH\CodeIgniter.php(368): CodeIgniter\CodeIgniter->handleRequest(null, Object(Config\Cache), false)
 7 FCPATH\index.php(67): CodeIgniter\CodeIgniter->run()
CRITICAL - 2023-10-02 21:59:11 --> syntax error, unexpected token "]"
in APPPATH\Controllers\AdmPost.php on line 299.
 1 SYSTEMPATH\Autoloader\Autoloader.php(289): CodeIgniter\Autoloader\Autoloader->includeFile('C:\\xampp\\htdocs\\codi\\app\\Controllers\\AdmPost.php')
 2 SYSTEMPATH\Autoloader\Autoloader.php(267): CodeIgniter\Autoloader\Autoloader->loadInNamespace('App\\Controllers\\AdmPost')
 3 [internal function]: CodeIgniter\Autoloader\Autoloader->loadClass('App\\Controllers\\AdmPost')
 4 SYSTEMPATH\CodeIgniter.php(892): class_exists('\\App\\Controllers\\AdmPost', true)
 5 SYSTEMPATH\CodeIgniter.php(486): CodeIgniter\CodeIgniter->startController()
 6 SYSTEMPATH\CodeIgniter.php(368): CodeIgniter\CodeIgniter->handleRequest(null, Object(Config\Cache), false)
 7 FCPATH\index.php(67): CodeIgniter\CodeIgniter->run()
CRITICAL - 2023-10-02 21:59:11 --> syntax error, unexpected token "]"
in APPPATH\Controllers\AdmPost.php on line 299.
 1 SYSTEMPATH\Autoloader\Autoloader.php(289): CodeIgniter\Autoloader\Autoloader->includeFile('C:\\xampp\\htdocs\\codi\\app\\Controllers\\AdmPost.php')
 2 SYSTEMPATH\Autoloader\Autoloader.php(267): CodeIgniter\Autoloader\Autoloader->loadInNamespace('App\\Controllers\\AdmPost')
 3 [internal function]: CodeIgniter\Autoloader\Autoloader->loadClass('App\\Controllers\\AdmPost')
 4 SYSTEMPATH\CodeIgniter.php(892): class_exists('\\App\\Controllers\\AdmPost', true)
 5 SYSTEMPATH\CodeIgniter.php(486): CodeIgniter\CodeIgniter->startController()
 6 SYSTEMPATH\CodeIgniter.php(368): CodeIgniter\CodeIgniter->handleRequest(null, Object(Config\Cache), false)
 7 FCPATH\index.php(67): CodeIgniter\CodeIgniter->run()
CRITICAL - 2023-10-02 21:59:12 --> syntax error, unexpected token "]"
in APPPATH\Controllers\AdmPost.php on line 299.
 1 SYSTEMPATH\Autoloader\Autoloader.php(289): CodeIgniter\Autoloader\Autoloader->includeFile('C:\\xampp\\htdocs\\codi\\app\\Controllers\\AdmPost.php')
 2 SYSTEMPATH\Autoloader\Autoloader.php(267): CodeIgniter\Autoloader\Autoloader->loadInNamespace('App\\Controllers\\AdmPost')
 3 [internal function]: CodeIgniter\Autoloader\Autoloader->loadClass('App\\Controllers\\AdmPost')
 4 SYSTEMPATH\CodeIgniter.php(892): class_exists('\\App\\Controllers\\AdmPost', true)
 5 SYSTEMPATH\CodeIgniter.php(486): CodeIgniter\CodeIgniter->startController()
 6 SYSTEMPATH\CodeIgniter.php(368): CodeIgniter\CodeIgniter->handleRequest(null, Object(Config\Cache), false)
 7 FCPATH\index.php(67): CodeIgniter\CodeIgniter->run()
CRITICAL - 2023-10-02 21:59:12 --> syntax error, unexpected token "]"
in APPPATH\Controllers\AdmPost.php on line 299.
 1 SYSTEMPATH\Autoloader\Autoloader.php(289): CodeIgniter\Autoloader\Autoloader->includeFile('C:\\xampp\\htdocs\\codi\\app\\Controllers\\AdmPost.php')
 2 SYSTEMPATH\Autoloader\Autoloader.php(267): CodeIgniter\Autoloader\Autoloader->loadInNamespace('App\\Controllers\\AdmPost')
 3 [internal function]: CodeIgniter\Autoloader\Autoloader->loadClass('App\\Controllers\\AdmPost')
 4 SYSTEMPATH\CodeIgniter.php(892): class_exists('\\App\\Controllers\\AdmPost', true)
 5 SYSTEMPATH\CodeIgniter.php(486): CodeIgniter\CodeIgniter->startController()
 6 SYSTEMPATH\CodeIgniter.php(368): CodeIgniter\CodeIgniter->handleRequest(null, Object(Config\Cache), false)
 7 FCPATH\index.php(67): CodeIgniter\CodeIgniter->run()
CRITICAL - 2023-10-02 21:59:13 --> syntax error, unexpected token "]"
in APPPATH\Controllers\AdmPost.php on line 299.
 1 SYSTEMPATH\Autoloader\Autoloader.php(289): CodeIgniter\Autoloader\Autoloader->includeFile('C:\\xampp\\htdocs\\codi\\app\\Controllers\\AdmPost.php')
 2 SYSTEMPATH\Autoloader\Autoloader.php(267): CodeIgniter\Autoloader\Autoloader->loadInNamespace('App\\Controllers\\AdmPost')
 3 [internal function]: CodeIgniter\Autoloader\Autoloader->loadClass('App\\Controllers\\AdmPost')
 4 SYSTEMPATH\CodeIgniter.php(892): class_exists('\\App\\Controllers\\AdmPost', true)
 5 SYSTEMPATH\CodeIgniter.php(486): CodeIgniter\CodeIgniter->startController()
 6 SYSTEMPATH\CodeIgniter.php(368): CodeIgniter\CodeIgniter->handleRequest(null, Object(Config\Cache), false)
 7 FCPATH\index.php(67): CodeIgniter\CodeIgniter->run()
CRITICAL - 2023-10-02 21:59:13 --> syntax error, unexpected token "]"
in APPPATH\Controllers\AdmPost.php on line 299.
 1 SYSTEMPATH\Autoloader\Autoloader.php(289): CodeIgniter\Autoloader\Autoloader->includeFile('C:\\xampp\\htdocs\\codi\\app\\Controllers\\AdmPost.php')
 2 SYSTEMPATH\Autoloader\Autoloader.php(267): CodeIgniter\Autoloader\Autoloader->loadInNamespace('App\\Controllers\\AdmPost')
 3 [internal function]: CodeIgniter\Autoloader\Autoloader->loadClass('App\\Controllers\\AdmPost')
 4 SYSTEMPATH\CodeIgniter.php(892): class_exists('\\App\\Controllers\\AdmPost', true)
 5 SYSTEMPATH\CodeIgniter.php(486): CodeIgniter\CodeIgniter->startController()
 6 SYSTEMPATH\CodeIgniter.php(368): CodeIgniter\CodeIgniter->handleRequest(null, Object(Config\Cache), false)
 7 FCPATH\index.php(67): CodeIgniter\CodeIgniter->run()
CRITICAL - 2023-10-02 21:59:14 --> syntax error, unexpected token "]"
in APPPATH\Controllers\AdmPost.php on line 299.
 1 SYSTEMPATH\Autoloader\Autoloader.php(289): CodeIgniter\Autoloader\Autoloader->includeFile('C:\\xampp\\htdocs\\codi\\app\\Controllers\\AdmPost.php')
 2 SYSTEMPATH\Autoloader\Autoloader.php(267): CodeIgniter\Autoloader\Autoloader->loadInNamespace('App\\Controllers\\AdmPost')
 3 [internal function]: CodeIgniter\Autoloader\Autoloader->loadClass('App\\Controllers\\AdmPost')
 4 SYSTEMPATH\CodeIgniter.php(892): class_exists('\\App\\Controllers\\AdmPost', true)
 5 SYSTEMPATH\CodeIgniter.php(486): CodeIgniter\CodeIgniter->startController()
 6 SYSTEMPATH\CodeIgniter.php(368): CodeIgniter\CodeIgniter->handleRequest(null, Object(Config\Cache), false)
 7 FCPATH\index.php(67): CodeIgniter\CodeIgniter->run()
CRITICAL - 2023-10-02 21:59:14 --> syntax error, unexpected token "]"
in APPPATH\Controllers\AdmPost.php on line 299.
 1 SYSTEMPATH\Autoloader\Autoloader.php(289): CodeIgniter\Autoloader\Autoloader->includeFile('C:\\xampp\\htdocs\\codi\\app\\Controllers\\AdmPost.php')
 2 SYSTEMPATH\Autoloader\Autoloader.php(267): CodeIgniter\Autoloader\Autoloader->loadInNamespace('App\\Controllers\\AdmPost')
 3 [internal function]: CodeIgniter\Autoloader\Autoloader->loadClass('App\\Controllers\\AdmPost')
 4 SYSTEMPATH\CodeIgniter.php(892): class_exists('\\App\\Controllers\\AdmPost', true)
 5 SYSTEMPATH\CodeIgniter.php(486): CodeIgniter\CodeIgniter->startController()
 6 SYSTEMPATH\CodeIgniter.php(368): CodeIgniter\CodeIgniter->handleRequest(null, Object(Config\Cache), false)
 7 FCPATH\index.php(67): CodeIgniter\CodeIgniter->run()
CRITICAL - 2023-10-02 21:59:15 --> syntax error, unexpected token "]"
in APPPATH\Controllers\AdmPost.php on line 299.
 1 SYSTEMPATH\Autoloader\Autoloader.php(289): CodeIgniter\Autoloader\Autoloader->includeFile('C:\\xampp\\htdocs\\codi\\app\\Controllers\\AdmPost.php')
 2 SYSTEMPATH\Autoloader\Autoloader.php(267): CodeIgniter\Autoloader\Autoloader->loadInNamespace('App\\Controllers\\AdmPost')
 3 [internal function]: CodeIgniter\Autoloader\Autoloader->loadClass('App\\Controllers\\AdmPost')
 4 SYSTEMPATH\CodeIgniter.php(892): class_exists('\\App\\Controllers\\AdmPost', true)
 5 SYSTEMPATH\CodeIgniter.php(486): CodeIgniter\CodeIgniter->startController()
 6 SYSTEMPATH\CodeIgniter.php(368): CodeIgniter\CodeIgniter->handleRequest(null, Object(Config\Cache), false)
 7 FCPATH\index.php(67): CodeIgniter\CodeIgniter->run()
CRITICAL - 2023-10-02 21:59:15 --> syntax error, unexpected token "]"
in APPPATH\Controllers\AdmPost.php on line 299.
 1 SYSTEMPATH\Autoloader\Autoloader.php(289): CodeIgniter\Autoloader\Autoloader->includeFile('C:\\xampp\\htdocs\\codi\\app\\Controllers\\AdmPost.php')
 2 SYSTEMPATH\Autoloader\Autoloader.php(267): CodeIgniter\Autoloader\Autoloader->loadInNamespace('App\\Controllers\\AdmPost')
 3 [internal function]: CodeIgniter\Autoloader\Autoloader->loadClass('App\\Controllers\\AdmPost')
 4 SYSTEMPATH\CodeIgniter.php(892): class_exists('\\App\\Controllers\\AdmPost', true)
 5 SYSTEMPATH\CodeIgniter.php(486): CodeIgniter\CodeIgniter->startController()
 6 SYSTEMPATH\CodeIgniter.php(368): CodeIgniter\CodeIgniter->handleRequest(null, Object(Config\Cache), false)
 7 FCPATH\index.php(67): CodeIgniter\CodeIgniter->run()
CRITICAL - 2023-10-02 21:59:16 --> syntax error, unexpected token "]"
in APPPATH\Controllers\AdmPost.php on line 299.
 1 SYSTEMPATH\Autoloader\Autoloader.php(289): CodeIgniter\Autoloader\Autoloader->includeFile('C:\\xampp\\htdocs\\codi\\app\\Controllers\\AdmPost.php')
 2 SYSTEMPATH\Autoloader\Autoloader.php(267): CodeIgniter\Autoloader\Autoloader->loadInNamespace('App\\Controllers\\AdmPost')
 3 [internal function]: CodeIgniter\Autoloader\Autoloader->loadClass('App\\Controllers\\AdmPost')
 4 SYSTEMPATH\CodeIgniter.php(892): class_exists('\\App\\Controllers\\AdmPost', true)
 5 SYSTEMPATH\CodeIgniter.php(486): CodeIgniter\CodeIgniter->startController()
 6 SYSTEMPATH\CodeIgniter.php(368): CodeIgniter\CodeIgniter->handleRequest(null, Object(Config\Cache), false)
 7 FCPATH\index.php(67): CodeIgniter\CodeIgniter->run()
CRITICAL - 2023-10-02 21:59:16 --> syntax error, unexpected token "]"
in APPPATH\Controllers\AdmPost.php on line 299.
 1 SYSTEMPATH\Autoloader\Autoloader.php(289): CodeIgniter\Autoloader\Autoloader->includeFile('C:\\xampp\\htdocs\\codi\\app\\Controllers\\AdmPost.php')
 2 SYSTEMPATH\Autoloader\Autoloader.php(267): CodeIgniter\Autoloader\Autoloader->loadInNamespace('App\\Controllers\\AdmPost')
 3 [internal function]: CodeIgniter\Autoloader\Autoloader->loadClass('App\\Controllers\\AdmPost')
 4 SYSTEMPATH\CodeIgniter.php(892): class_exists('\\App\\Controllers\\AdmPost', true)
 5 SYSTEMPATH\CodeIgniter.php(486): CodeIgniter\CodeIgniter->startController()
 6 SYSTEMPATH\CodeIgniter.php(368): CodeIgniter\CodeIgniter->handleRequest(null, Object(Config\Cache), false)
 7 FCPATH\index.php(67): CodeIgniter\CodeIgniter->run()
CRITICAL - 2023-10-02 21:59:17 --> syntax error, unexpected token "]"
in APPPATH\Controllers\AdmPost.php on line 299.
 1 SYSTEMPATH\Autoloader\Autoloader.php(289): CodeIgniter\Autoloader\Autoloader->includeFile('C:\\xampp\\htdocs\\codi\\app\\Controllers\\AdmPost.php')
 2 SYSTEMPATH\Autoloader\Autoloader.php(267): CodeIgniter\Autoloader\Autoloader->loadInNamespace('App\\Controllers\\AdmPost')
 3 [internal function]: CodeIgniter\Autoloader\Autoloader->loadClass('App\\Controllers\\AdmPost')
 4 SYSTEMPATH\CodeIgniter.php(892): class_exists('\\App\\Controllers\\AdmPost', true)
 5 SYSTEMPATH\CodeIgniter.php(486): CodeIgniter\CodeIgniter->startController()
 6 SYSTEMPATH\CodeIgniter.php(368): CodeIgniter\CodeIgniter->handleRequest(null, Object(Config\Cache), false)
 7 FCPATH\index.php(67): CodeIgniter\CodeIgniter->run()
CRITICAL - 2023-10-02 21:59:17 --> syntax error, unexpected token "]"
in APPPATH\Controllers\AdmPost.php on line 299.
 1 SYSTEMPATH\Autoloader\Autoloader.php(289): CodeIgniter\Autoloader\Autoloader->includeFile('C:\\xampp\\htdocs\\codi\\app\\Controllers\\AdmPost.php')
 2 SYSTEMPATH\Autoloader\Autoloader.php(267): CodeIgniter\Autoloader\Autoloader->loadInNamespace('App\\Controllers\\AdmPost')
 3 [internal function]: CodeIgniter\Autoloader\Autoloader->loadClass('App\\Controllers\\AdmPost')
 4 SYSTEMPATH\CodeIgniter.php(892): class_exists('\\App\\Controllers\\AdmPost', true)
 5 SYSTEMPATH\CodeIgniter.php(486): CodeIgniter\CodeIgniter->startController()
 6 SYSTEMPATH\CodeIgniter.php(368): CodeIgniter\CodeIgniter->handleRequest(null, Object(Config\Cache), false)
 7 FCPATH\index.php(67): CodeIgniter\CodeIgniter->run()
CRITICAL - 2023-10-02 21:59:18 --> syntax error, unexpected token "]"
in APPPATH\Controllers\AdmPost.php on line 299.
 1 SYSTEMPATH\Autoloader\Autoloader.php(289): CodeIgniter\Autoloader\Autoloader->includeFile('C:\\xampp\\htdocs\\codi\\app\\Controllers\\AdmPost.php')
 2 SYSTEMPATH\Autoloader\Autoloader.php(267): CodeIgniter\Autoloader\Autoloader->loadInNamespace('App\\Controllers\\AdmPost')
 3 [internal function]: CodeIgniter\Autoloader\Autoloader->loadClass('App\\Controllers\\AdmPost')
 4 SYSTEMPATH\CodeIgniter.php(892): class_exists('\\App\\Controllers\\AdmPost', true)
 5 SYSTEMPATH\CodeIgniter.php(486): CodeIgniter\CodeIgniter->startController()
 6 SYSTEMPATH\CodeIgniter.php(368): CodeIgniter\CodeIgniter->handleRequest(null, Object(Config\Cache), false)
 7 FCPATH\index.php(67): CodeIgniter\CodeIgniter->run()
CRITICAL - 2023-10-02 21:59:18 --> syntax error, unexpected token "]"
in APPPATH\Controllers\AdmPost.php on line 299.
 1 SYSTEMPATH\Autoloader\Autoloader.php(289): CodeIgniter\Autoloader\Autoloader->includeFile('C:\\xampp\\htdocs\\codi\\app\\Controllers\\AdmPost.php')
 2 SYSTEMPATH\Autoloader\Autoloader.php(267): CodeIgniter\Autoloader\Autoloader->loadInNamespace('App\\Controllers\\AdmPost')
 3 [internal function]: CodeIgniter\Autoloader\Autoloader->loadClass('App\\Controllers\\AdmPost')
 4 SYSTEMPATH\CodeIgniter.php(892): class_exists('\\App\\Controllers\\AdmPost', true)
 5 SYSTEMPATH\CodeIgniter.php(486): CodeIgniter\CodeIgniter->startController()
 6 SYSTEMPATH\CodeIgniter.php(368): CodeIgniter\CodeIgniter->handleRequest(null, Object(Config\Cache), false)
 7 FCPATH\index.php(67): CodeIgniter\CodeIgniter->run()
CRITICAL - 2023-10-02 21:59:19 --> syntax error, unexpected token "]"
in APPPATH\Controllers\AdmPost.php on line 299.
 1 SYSTEMPATH\Autoloader\Autoloader.php(289): CodeIgniter\Autoloader\Autoloader->includeFile('C:\\xampp\\htdocs\\codi\\app\\Controllers\\AdmPost.php')
 2 SYSTEMPATH\Autoloader\Autoloader.php(267): CodeIgniter\Autoloader\Autoloader->loadInNamespace('App\\Controllers\\AdmPost')
 3 [internal function]: CodeIgniter\Autoloader\Autoloader->loadClass('App\\Controllers\\AdmPost')
 4 SYSTEMPATH\CodeIgniter.php(892): class_exists('\\App\\Controllers\\AdmPost', true)
 5 SYSTEMPATH\CodeIgniter.php(486): CodeIgniter\CodeIgniter->startController()
 6 SYSTEMPATH\CodeIgniter.php(368): CodeIgniter\CodeIgniter->handleRequest(null, Object(Config\Cache), false)
 7 FCPATH\index.php(67): CodeIgniter\CodeIgniter->run()
CRITICAL - 2023-10-02 21:59:19 --> syntax error, unexpected token "]"
in APPPATH\Controllers\AdmPost.php on line 299.
 1 SYSTEMPATH\Autoloader\Autoloader.php(289): CodeIgniter\Autoloader\Autoloader->includeFile('C:\\xampp\\htdocs\\codi\\app\\Controllers\\AdmPost.php')
 2 SYSTEMPATH\Autoloader\Autoloader.php(267): CodeIgniter\Autoloader\Autoloader->loadInNamespace('App\\Controllers\\AdmPost')
 3 [internal function]: CodeIgniter\Autoloader\Autoloader->loadClass('App\\Controllers\\AdmPost')
 4 SYSTEMPATH\CodeIgniter.php(892): class_exists('\\App\\Controllers\\AdmPost', true)
 5 SYSTEMPATH\CodeIgniter.php(486): CodeIgniter\CodeIgniter->startController()
 6 SYSTEMPATH\CodeIgniter.php(368): CodeIgniter\CodeIgniter->handleRequest(null, Object(Config\Cache), false)
 7 FCPATH\index.php(67): CodeIgniter\CodeIgniter->run()
CRITICAL - 2023-10-02 21:59:20 --> syntax error, unexpected token "]"
in APPPATH\Controllers\AdmPost.php on line 299.
 1 SYSTEMPATH\Autoloader\Autoloader.php(289): CodeIgniter\Autoloader\Autoloader->includeFile('C:\\xampp\\htdocs\\codi\\app\\Controllers\\AdmPost.php')
 2 SYSTEMPATH\Autoloader\Autoloader.php(267): CodeIgniter\Autoloader\Autoloader->loadInNamespace('App\\Controllers\\AdmPost')
 3 [internal function]: CodeIgniter\Autoloader\Autoloader->loadClass('App\\Controllers\\AdmPost')
 4 SYSTEMPATH\CodeIgniter.php(892): class_exists('\\App\\Controllers\\AdmPost', true)
 5 SYSTEMPATH\CodeIgniter.php(486): CodeIgniter\CodeIgniter->startController()
 6 SYSTEMPATH\CodeIgniter.php(368): CodeIgniter\CodeIgniter->handleRequest(null, Object(Config\Cache), false)
 7 FCPATH\index.php(67): CodeIgniter\CodeIgniter->run()
CRITICAL - 2023-10-02 21:59:20 --> syntax error, unexpected token "]"
in APPPATH\Controllers\AdmPost.php on line 299.
 1 SYSTEMPATH\Autoloader\Autoloader.php(289): CodeIgniter\Autoloader\Autoloader->includeFile('C:\\xampp\\htdocs\\codi\\app\\Controllers\\AdmPost.php')
 2 SYSTEMPATH\Autoloader\Autoloader.php(267): CodeIgniter\Autoloader\Autoloader->loadInNamespace('App\\Controllers\\AdmPost')
 3 [internal function]: CodeIgniter\Autoloader\Autoloader->loadClass('App\\Controllers\\AdmPost')
 4 SYSTEMPATH\CodeIgniter.php(892): class_exists('\\App\\Controllers\\AdmPost', true)
 5 SYSTEMPATH\CodeIgniter.php(486): CodeIgniter\CodeIgniter->startController()
 6 SYSTEMPATH\CodeIgniter.php(368): CodeIgniter\CodeIgniter->handleRequest(null, Object(Config\Cache), false)
 7 FCPATH\index.php(67): CodeIgniter\CodeIgniter->run()
CRITICAL - 2023-10-02 21:59:21 --> syntax error, unexpected token "]"
in APPPATH\Controllers\AdmPost.php on line 299.
 1 SYSTEMPATH\Autoloader\Autoloader.php(289): CodeIgniter\Autoloader\Autoloader->includeFile('C:\\xampp\\htdocs\\codi\\app\\Controllers\\AdmPost.php')
 2 SYSTEMPATH\Autoloader\Autoloader.php(267): CodeIgniter\Autoloader\Autoloader->loadInNamespace('App\\Controllers\\AdmPost')
 3 [internal function]: CodeIgniter\Autoloader\Autoloader->loadClass('App\\Controllers\\AdmPost')
 4 SYSTEMPATH\CodeIgniter.php(892): class_exists('\\App\\Controllers\\AdmPost', true)
 5 SYSTEMPATH\CodeIgniter.php(486): CodeIgniter\CodeIgniter->startController()
 6 SYSTEMPATH\CodeIgniter.php(368): CodeIgniter\CodeIgniter->handleRequest(null, Object(Config\Cache), false)
 7 FCPATH\index.php(67): CodeIgniter\CodeIgniter->run()
CRITICAL - 2023-10-02 21:59:21 --> syntax error, unexpected token "]"
in APPPATH\Controllers\AdmPost.php on line 299.
 1 SYSTEMPATH\Autoloader\Autoloader.php(289): CodeIgniter\Autoloader\Autoloader->includeFile('C:\\xampp\\htdocs\\codi\\app\\Controllers\\AdmPost.php')
 2 SYSTEMPATH\Autoloader\Autoloader.php(267): CodeIgniter\Autoloader\Autoloader->loadInNamespace('App\\Controllers\\AdmPost')
 3 [internal function]: CodeIgniter\Autoloader\Autoloader->loadClass('App\\Controllers\\AdmPost')
 4 SYSTEMPATH\CodeIgniter.php(892): class_exists('\\App\\Controllers\\AdmPost', true)
 5 SYSTEMPATH\CodeIgniter.php(486): CodeIgniter\CodeIgniter->startController()
 6 SYSTEMPATH\CodeIgniter.php(368): CodeIgniter\CodeIgniter->handleRequest(null, Object(Config\Cache), false)
 7 FCPATH\index.php(67): CodeIgniter\CodeIgniter->run()
CRITICAL - 2023-10-02 21:59:22 --> syntax error, unexpected token "]"
in APPPATH\Controllers\AdmPost.php on line 299.
 1 SYSTEMPATH\Autoloader\Autoloader.php(289): CodeIgniter\Autoloader\Autoloader->includeFile('C:\\xampp\\htdocs\\codi\\app\\Controllers\\AdmPost.php')
 2 SYSTEMPATH\Autoloader\Autoloader.php(267): CodeIgniter\Autoloader\Autoloader->loadInNamespace('App\\Controllers\\AdmPost')
 3 [internal function]: CodeIgniter\Autoloader\Autoloader->loadClass('App\\Controllers\\AdmPost')
 4 SYSTEMPATH\CodeIgniter.php(892): class_exists('\\App\\Controllers\\AdmPost', true)
 5 SYSTEMPATH\CodeIgniter.php(486): CodeIgniter\CodeIgniter->startController()
 6 SYSTEMPATH\CodeIgniter.php(368): CodeIgniter\CodeIgniter->handleRequest(null, Object(Config\Cache), false)
 7 FCPATH\index.php(67): CodeIgniter\CodeIgniter->run()
CRITICAL - 2023-10-02 21:59:22 --> syntax error, unexpected token "]"
in APPPATH\Controllers\AdmPost.php on line 299.
 1 SYSTEMPATH\Autoloader\Autoloader.php(289): CodeIgniter\Autoloader\Autoloader->includeFile('C:\\xampp\\htdocs\\codi\\app\\Controllers\\AdmPost.php')
 2 SYSTEMPATH\Autoloader\Autoloader.php(267): CodeIgniter\Autoloader\Autoloader->loadInNamespace('App\\Controllers\\AdmPost')
 3 [internal function]: CodeIgniter\Autoloader\Autoloader->loadClass('App\\Controllers\\AdmPost')
 4 SYSTEMPATH\CodeIgniter.php(892): class_exists('\\App\\Controllers\\AdmPost', true)
 5 SYSTEMPATH\CodeIgniter.php(486): CodeIgniter\CodeIgniter->startController()
 6 SYSTEMPATH\CodeIgniter.php(368): CodeIgniter\CodeIgniter->handleRequest(null, Object(Config\Cache), false)
 7 FCPATH\index.php(67): CodeIgniter\CodeIgniter->run()
CRITICAL - 2023-10-02 21:59:23 --> syntax error, unexpected token "]"
in APPPATH\Controllers\AdmPost.php on line 299.
 1 SYSTEMPATH\Autoloader\Autoloader.php(289): CodeIgniter\Autoloader\Autoloader->includeFile('C:\\xampp\\htdocs\\codi\\app\\Controllers\\AdmPost.php')
 2 SYSTEMPATH\Autoloader\Autoloader.php(267): CodeIgniter\Autoloader\Autoloader->loadInNamespace('App\\Controllers\\AdmPost')
 3 [internal function]: CodeIgniter\Autoloader\Autoloader->loadClass('App\\Controllers\\AdmPost')
 4 SYSTEMPATH\CodeIgniter.php(892): class_exists('\\App\\Controllers\\AdmPost', true)
 5 SYSTEMPATH\CodeIgniter.php(486): CodeIgniter\CodeIgniter->startController()
 6 SYSTEMPATH\CodeIgniter.php(368): CodeIgniter\CodeIgniter->handleRequest(null, Object(Config\Cache), false)
 7 FCPATH\index.php(67): CodeIgniter\CodeIgniter->run()
CRITICAL - 2023-10-02 21:59:23 --> syntax error, unexpected token "]"
in APPPATH\Controllers\AdmPost.php on line 299.
 1 SYSTEMPATH\Autoloader\Autoloader.php(289): CodeIgniter\Autoloader\Autoloader->includeFile('C:\\xampp\\htdocs\\codi\\app\\Controllers\\AdmPost.php')
 2 SYSTEMPATH\Autoloader\Autoloader.php(267): CodeIgniter\Autoloader\Autoloader->loadInNamespace('App\\Controllers\\AdmPost')
 3 [internal function]: CodeIgniter\Autoloader\Autoloader->loadClass('App\\Controllers\\AdmPost')
 4 SYSTEMPATH\CodeIgniter.php(892): class_exists('\\App\\Controllers\\AdmPost', true)
 5 SYSTEMPATH\CodeIgniter.php(486): CodeIgniter\CodeIgniter->startController()
 6 SYSTEMPATH\CodeIgniter.php(368): CodeIgniter\CodeIgniter->handleRequest(null, Object(Config\Cache), false)
 7 FCPATH\index.php(67): CodeIgniter\CodeIgniter->run()
CRITICAL - 2023-10-02 21:59:24 --> syntax error, unexpected token "]"
in APPPATH\Controllers\AdmPost.php on line 299.
 1 SYSTEMPATH\Autoloader\Autoloader.php(289): CodeIgniter\Autoloader\Autoloader->includeFile('C:\\xampp\\htdocs\\codi\\app\\Controllers\\AdmPost.php')
 2 SYSTEMPATH\Autoloader\Autoloader.php(267): CodeIgniter\Autoloader\Autoloader->loadInNamespace('App\\Controllers\\AdmPost')
 3 [internal function]: CodeIgniter\Autoloader\Autoloader->loadClass('App\\Controllers\\AdmPost')
 4 SYSTEMPATH\CodeIgniter.php(892): class_exists('\\App\\Controllers\\AdmPost', true)
 5 SYSTEMPATH\CodeIgniter.php(486): CodeIgniter\CodeIgniter->startController()
 6 SYSTEMPATH\CodeIgniter.php(368): CodeIgniter\CodeIgniter->handleRequest(null, Object(Config\Cache), false)
 7 FCPATH\index.php(67): CodeIgniter\CodeIgniter->run()
CRITICAL - 2023-10-02 21:59:24 --> syntax error, unexpected token "]"
in APPPATH\Controllers\AdmPost.php on line 299.
 1 SYSTEMPATH\Autoloader\Autoloader.php(289): CodeIgniter\Autoloader\Autoloader->includeFile('C:\\xampp\\htdocs\\codi\\app\\Controllers\\AdmPost.php')
 2 SYSTEMPATH\Autoloader\Autoloader.php(267): CodeIgniter\Autoloader\Autoloader->loadInNamespace('App\\Controllers\\AdmPost')
 3 [internal function]: CodeIgniter\Autoloader\Autoloader->loadClass('App\\Controllers\\AdmPost')
 4 SYSTEMPATH\CodeIgniter.php(892): class_exists('\\App\\Controllers\\AdmPost', true)
 5 SYSTEMPATH\CodeIgniter.php(486): CodeIgniter\CodeIgniter->startController()
 6 SYSTEMPATH\CodeIgniter.php(368): CodeIgniter\CodeIgniter->handleRequest(null, Object(Config\Cache), false)
 7 FCPATH\index.php(67): CodeIgniter\CodeIgniter->run()
CRITICAL - 2023-10-02 21:59:25 --> syntax error, unexpected token "]"
in APPPATH\Controllers\AdmPost.php on line 299.
 1 SYSTEMPATH\Autoloader\Autoloader.php(289): CodeIgniter\Autoloader\Autoloader->includeFile('C:\\xampp\\htdocs\\codi\\app\\Controllers\\AdmPost.php')
 2 SYSTEMPATH\Autoloader\Autoloader.php(267): CodeIgniter\Autoloader\Autoloader->loadInNamespace('App\\Controllers\\AdmPost')
 3 [internal function]: CodeIgniter\Autoloader\Autoloader->loadClass('App\\Controllers\\AdmPost')
 4 SYSTEMPATH\CodeIgniter.php(892): class_exists('\\App\\Controllers\\AdmPost', true)
 5 SYSTEMPATH\CodeIgniter.php(486): CodeIgniter\CodeIgniter->startController()
 6 SYSTEMPATH\CodeIgniter.php(368): CodeIgniter\CodeIgniter->handleRequest(null, Object(Config\Cache), false)
 7 FCPATH\index.php(67): CodeIgniter\CodeIgniter->run()
CRITICAL - 2023-10-02 21:59:25 --> syntax error, unexpected token "]"
in APPPATH\Controllers\AdmPost.php on line 299.
 1 SYSTEMPATH\Autoloader\Autoloader.php(289): CodeIgniter\Autoloader\Autoloader->includeFile('C:\\xampp\\htdocs\\codi\\app\\Controllers\\AdmPost.php')
 2 SYSTEMPATH\Autoloader\Autoloader.php(267): CodeIgniter\Autoloader\Autoloader->loadInNamespace('App\\Controllers\\AdmPost')
 3 [internal function]: CodeIgniter\Autoloader\Autoloader->loadClass('App\\Controllers\\AdmPost')
 4 SYSTEMPATH\CodeIgniter.php(892): class_exists('\\App\\Controllers\\AdmPost', true)
 5 SYSTEMPATH\CodeIgniter.php(486): CodeIgniter\CodeIgniter->startController()
 6 SYSTEMPATH\CodeIgniter.php(368): CodeIgniter\CodeIgniter->handleRequest(null, Object(Config\Cache), false)
 7 FCPATH\index.php(67): CodeIgniter\CodeIgniter->run()
CRITICAL - 2023-10-02 21:59:26 --> syntax error, unexpected token "]"
in APPPATH\Controllers\AdmPost.php on line 299.
 1 SYSTEMPATH\Autoloader\Autoloader.php(289): CodeIgniter\Autoloader\Autoloader->includeFile('C:\\xampp\\htdocs\\codi\\app\\Controllers\\AdmPost.php')
 2 SYSTEMPATH\Autoloader\Autoloader.php(267): CodeIgniter\Autoloader\Autoloader->loadInNamespace('App\\Controllers\\AdmPost')
 3 [internal function]: CodeIgniter\Autoloader\Autoloader->loadClass('App\\Controllers\\AdmPost')
 4 SYSTEMPATH\CodeIgniter.php(892): class_exists('\\App\\Controllers\\AdmPost', true)
 5 SYSTEMPATH\CodeIgniter.php(486): CodeIgniter\CodeIgniter->startController()
 6 SYSTEMPATH\CodeIgniter.php(368): CodeIgniter\CodeIgniter->handleRequest(null, Object(Config\Cache), false)
 7 FCPATH\index.php(67): CodeIgniter\CodeIgniter->run()
CRITICAL - 2023-10-02 21:59:26 --> syntax error, unexpected token "]"
in APPPATH\Controllers\AdmPost.php on line 299.
 1 SYSTEMPATH\Autoloader\Autoloader.php(289): CodeIgniter\Autoloader\Autoloader->includeFile('C:\\xampp\\htdocs\\codi\\app\\Controllers\\AdmPost.php')
 2 SYSTEMPATH\Autoloader\Autoloader.php(267): CodeIgniter\Autoloader\Autoloader->loadInNamespace('App\\Controllers\\AdmPost')
 3 [internal function]: CodeIgniter\Autoloader\Autoloader->loadClass('App\\Controllers\\AdmPost')
 4 SYSTEMPATH\CodeIgniter.php(892): class_exists('\\App\\Controllers\\AdmPost', true)
 5 SYSTEMPATH\CodeIgniter.php(486): CodeIgniter\CodeIgniter->startController()
 6 SYSTEMPATH\CodeIgniter.php(368): CodeIgniter\CodeIgniter->handleRequest(null, Object(Config\Cache), false)
 7 FCPATH\index.php(67): CodeIgniter\CodeIgniter->run()
CRITICAL - 2023-10-02 21:59:27 --> syntax error, unexpected token "]"
in APPPATH\Controllers\AdmPost.php on line 299.
 1 SYSTEMPATH\Autoloader\Autoloader.php(289): CodeIgniter\Autoloader\Autoloader->includeFile('C:\\xampp\\htdocs\\codi\\app\\Controllers\\AdmPost.php')
 2 SYSTEMPATH\Autoloader\Autoloader.php(267): CodeIgniter\Autoloader\Autoloader->loadInNamespace('App\\Controllers\\AdmPost')
 3 [internal function]: CodeIgniter\Autoloader\Autoloader->loadClass('App\\Controllers\\AdmPost')
 4 SYSTEMPATH\CodeIgniter.php(892): class_exists('\\App\\Controllers\\AdmPost', true)
 5 SYSTEMPATH\CodeIgniter.php(486): CodeIgniter\CodeIgniter->startController()
 6 SYSTEMPATH\CodeIgniter.php(368): CodeIgniter\CodeIgniter->handleRequest(null, Object(Config\Cache), false)
 7 FCPATH\index.php(67): CodeIgniter\CodeIgniter->run()
CRITICAL - 2023-10-02 21:59:27 --> syntax error, unexpected token "]"
in APPPATH\Controllers\AdmPost.php on line 299.
 1 SYSTEMPATH\Autoloader\Autoloader.php(289): CodeIgniter\Autoloader\Autoloader->includeFile('C:\\xampp\\htdocs\\codi\\app\\Controllers\\AdmPost.php')
 2 SYSTEMPATH\Autoloader\Autoloader.php(267): CodeIgniter\Autoloader\Autoloader->loadInNamespace('App\\Controllers\\AdmPost')
 3 [internal function]: CodeIgniter\Autoloader\Autoloader->loadClass('App\\Controllers\\AdmPost')
 4 SYSTEMPATH\CodeIgniter.php(892): class_exists('\\App\\Controllers\\AdmPost', true)
 5 SYSTEMPATH\CodeIgniter.php(486): CodeIgniter\CodeIgniter->startController()
 6 SYSTEMPATH\CodeIgniter.php(368): CodeIgniter\CodeIgniter->handleRequest(null, Object(Config\Cache), false)
 7 FCPATH\index.php(67): CodeIgniter\CodeIgniter->run()
CRITICAL - 2023-10-02 21:59:28 --> syntax error, unexpected token "]"
in APPPATH\Controllers\AdmPost.php on line 299.
 1 SYSTEMPATH\Autoloader\Autoloader.php(289): CodeIgniter\Autoloader\Autoloader->includeFile('C:\\xampp\\htdocs\\codi\\app\\Controllers\\AdmPost.php')
 2 SYSTEMPATH\Autoloader\Autoloader.php(267): CodeIgniter\Autoloader\Autoloader->loadInNamespace('App\\Controllers\\AdmPost')
 3 [internal function]: CodeIgniter\Autoloader\Autoloader->loadClass('App\\Controllers\\AdmPost')
 4 SYSTEMPATH\CodeIgniter.php(892): class_exists('\\App\\Controllers\\AdmPost', true)
 5 SYSTEMPATH\CodeIgniter.php(486): CodeIgniter\CodeIgniter->startController()
 6 SYSTEMPATH\CodeIgniter.php(368): CodeIgniter\CodeIgniter->handleRequest(null, Object(Config\Cache), false)
 7 FCPATH\index.php(67): CodeIgniter\CodeIgniter->run()
CRITICAL - 2023-10-02 21:59:28 --> syntax error, unexpected token "]"
in APPPATH\Controllers\AdmPost.php on line 299.
 1 SYSTEMPATH\Autoloader\Autoloader.php(289): CodeIgniter\Autoloader\Autoloader->includeFile('C:\\xampp\\htdocs\\codi\\app\\Controllers\\AdmPost.php')
 2 SYSTEMPATH\Autoloader\Autoloader.php(267): CodeIgniter\Autoloader\Autoloader->loadInNamespace('App\\Controllers\\AdmPost')
 3 [internal function]: CodeIgniter\Autoloader\Autoloader->loadClass('App\\Controllers\\AdmPost')
 4 SYSTEMPATH\CodeIgniter.php(892): class_exists('\\App\\Controllers\\AdmPost', true)
 5 SYSTEMPATH\CodeIgniter.php(486): CodeIgniter\CodeIgniter->startController()
 6 SYSTEMPATH\CodeIgniter.php(368): CodeIgniter\CodeIgniter->handleRequest(null, Object(Config\Cache), false)
 7 FCPATH\index.php(67): CodeIgniter\CodeIgniter->run()
CRITICAL - 2023-10-02 21:59:29 --> syntax error, unexpected token "]"
in APPPATH\Controllers\AdmPost.php on line 299.
 1 SYSTEMPATH\Autoloader\Autoloader.php(289): CodeIgniter\Autoloader\Autoloader->includeFile('C:\\xampp\\htdocs\\codi\\app\\Controllers\\AdmPost.php')
 2 SYSTEMPATH\Autoloader\Autoloader.php(267): CodeIgniter\Autoloader\Autoloader->loadInNamespace('App\\Controllers\\AdmPost')
 3 [internal function]: CodeIgniter\Autoloader\Autoloader->loadClass('App\\Controllers\\AdmPost')
 4 SYSTEMPATH\CodeIgniter.php(892): class_exists('\\App\\Controllers\\AdmPost', true)
 5 SYSTEMPATH\CodeIgniter.php(486): CodeIgniter\CodeIgniter->startController()
 6 SYSTEMPATH\CodeIgniter.php(368): CodeIgniter\CodeIgniter->handleRequest(null, Object(Config\Cache), false)
 7 FCPATH\index.php(67): CodeIgniter\CodeIgniter->run()
CRITICAL - 2023-10-02 21:59:29 --> syntax error, unexpected token "]"
in APPPATH\Controllers\AdmPost.php on line 299.
 1 SYSTEMPATH\Autoloader\Autoloader.php(289): CodeIgniter\Autoloader\Autoloader->includeFile('C:\\xampp\\htdocs\\codi\\app\\Controllers\\AdmPost.php')
 2 SYSTEMPATH\Autoloader\Autoloader.php(267): CodeIgniter\Autoloader\Autoloader->loadInNamespace('App\\Controllers\\AdmPost')
 3 [internal function]: CodeIgniter\Autoloader\Autoloader->loadClass('App\\Controllers\\AdmPost')
 4 SYSTEMPATH\CodeIgniter.php(892): class_exists('\\App\\Controllers\\AdmPost', true)
 5 SYSTEMPATH\CodeIgniter.php(486): CodeIgniter\CodeIgniter->startController()
 6 SYSTEMPATH\CodeIgniter.php(368): CodeIgniter\CodeIgniter->handleRequest(null, Object(Config\Cache), false)
 7 FCPATH\index.php(67): CodeIgniter\CodeIgniter->run()
CRITICAL - 2023-10-02 21:59:30 --> syntax error, unexpected token "]"
in APPPATH\Controllers\AdmPost.php on line 299.
 1 SYSTEMPATH\Autoloader\Autoloader.php(289): CodeIgniter\Autoloader\Autoloader->includeFile('C:\\xampp\\htdocs\\codi\\app\\Controllers\\AdmPost.php')
 2 SYSTEMPATH\Autoloader\Autoloader.php(267): CodeIgniter\Autoloader\Autoloader->loadInNamespace('App\\Controllers\\AdmPost')
 3 [internal function]: CodeIgniter\Autoloader\Autoloader->loadClass('App\\Controllers\\AdmPost')
 4 SYSTEMPATH\CodeIgniter.php(892): class_exists('\\App\\Controllers\\AdmPost', true)
 5 SYSTEMPATH\CodeIgniter.php(486): CodeIgniter\CodeIgniter->startController()
 6 SYSTEMPATH\CodeIgniter.php(368): CodeIgniter\CodeIgniter->handleRequest(null, Object(Config\Cache), false)
 7 FCPATH\index.php(67): CodeIgniter\CodeIgniter->run()
CRITICAL - 2023-10-02 21:59:30 --> syntax error, unexpected token "]"
in APPPATH\Controllers\AdmPost.php on line 299.
 1 SYSTEMPATH\Autoloader\Autoloader.php(289): CodeIgniter\Autoloader\Autoloader->includeFile('C:\\xampp\\htdocs\\codi\\app\\Controllers\\AdmPost.php')
 2 SYSTEMPATH\Autoloader\Autoloader.php(267): CodeIgniter\Autoloader\Autoloader->loadInNamespace('App\\Controllers\\AdmPost')
 3 [internal function]: CodeIgniter\Autoloader\Autoloader->loadClass('App\\Controllers\\AdmPost')
 4 SYSTEMPATH\CodeIgniter.php(892): class_exists('\\App\\Controllers\\AdmPost', true)
 5 SYSTEMPATH\CodeIgniter.php(486): CodeIgniter\CodeIgniter->startController()
 6 SYSTEMPATH\CodeIgniter.php(368): CodeIgniter\CodeIgniter->handleRequest(null, Object(Config\Cache), false)
 7 FCPATH\index.php(67): CodeIgniter\CodeIgniter->run()
CRITICAL - 2023-10-02 21:59:31 --> syntax error, unexpected token "]"
in APPPATH\Controllers\AdmPost.php on line 299.
 1 SYSTEMPATH\Autoloader\Autoloader.php(289): CodeIgniter\Autoloader\Autoloader->includeFile('C:\\xampp\\htdocs\\codi\\app\\Controllers\\AdmPost.php')
 2 SYSTEMPATH\Autoloader\Autoloader.php(267): CodeIgniter\Autoloader\Autoloader->loadInNamespace('App\\Controllers\\AdmPost')
 3 [internal function]: CodeIgniter\Autoloader\Autoloader->loadClass('App\\Controllers\\AdmPost')
 4 SYSTEMPATH\CodeIgniter.php(892): class_exists('\\App\\Controllers\\AdmPost', true)
 5 SYSTEMPATH\CodeIgniter.php(486): CodeIgniter\CodeIgniter->startController()
 6 SYSTEMPATH\CodeIgniter.php(368): CodeIgniter\CodeIgniter->handleRequest(null, Object(Config\Cache), false)
 7 FCPATH\index.php(67): CodeIgniter\CodeIgniter->run()
CRITICAL - 2023-10-02 21:59:31 --> syntax error, unexpected token "]"
in APPPATH\Controllers\AdmPost.php on line 299.
 1 SYSTEMPATH\Autoloader\Autoloader.php(289): CodeIgniter\Autoloader\Autoloader->includeFile('C:\\xampp\\htdocs\\codi\\app\\Controllers\\AdmPost.php')
 2 SYSTEMPATH\Autoloader\Autoloader.php(267): CodeIgniter\Autoloader\Autoloader->loadInNamespace('App\\Controllers\\AdmPost')
 3 [internal function]: CodeIgniter\Autoloader\Autoloader->loadClass('App\\Controllers\\AdmPost')
 4 SYSTEMPATH\CodeIgniter.php(892): class_exists('\\App\\Controllers\\AdmPost', true)
 5 SYSTEMPATH\CodeIgniter.php(486): CodeIgniter\CodeIgniter->startController()
 6 SYSTEMPATH\CodeIgniter.php(368): CodeIgniter\CodeIgniter->handleRequest(null, Object(Config\Cache), false)
 7 FCPATH\index.php(67): CodeIgniter\CodeIgniter->run()
CRITICAL - 2023-10-02 21:59:32 --> syntax error, unexpected token "]"
in APPPATH\Controllers\AdmPost.php on line 299.
 1 SYSTEMPATH\Autoloader\Autoloader.php(289): CodeIgniter\Autoloader\Autoloader->includeFile('C:\\xampp\\htdocs\\codi\\app\\Controllers\\AdmPost.php')
 2 SYSTEMPATH\Autoloader\Autoloader.php(267): CodeIgniter\Autoloader\Autoloader->loadInNamespace('App\\Controllers\\AdmPost')
 3 [internal function]: CodeIgniter\Autoloader\Autoloader->loadClass('App\\Controllers\\AdmPost')
 4 SYSTEMPATH\CodeIgniter.php(892): class_exists('\\App\\Controllers\\AdmPost', true)
 5 SYSTEMPATH\CodeIgniter.php(486): CodeIgniter\CodeIgniter->startController()
 6 SYSTEMPATH\CodeIgniter.php(368): CodeIgniter\CodeIgniter->handleRequest(null, Object(Config\Cache), false)
 7 FCPATH\index.php(67): CodeIgniter\CodeIgniter->run()
CRITICAL - 2023-10-02 21:59:32 --> syntax error, unexpected token "]"
in APPPATH\Controllers\AdmPost.php on line 299.
 1 SYSTEMPATH\Autoloader\Autoloader.php(289): CodeIgniter\Autoloader\Autoloader->includeFile('C:\\xampp\\htdocs\\codi\\app\\Controllers\\AdmPost.php')
 2 SYSTEMPATH\Autoloader\Autoloader.php(267): CodeIgniter\Autoloader\Autoloader->loadInNamespace('App\\Controllers\\AdmPost')
 3 [internal function]: CodeIgniter\Autoloader\Autoloader->loadClass('App\\Controllers\\AdmPost')
 4 SYSTEMPATH\CodeIgniter.php(892): class_exists('\\App\\Controllers\\AdmPost', true)
 5 SYSTEMPATH\CodeIgniter.php(486): CodeIgniter\CodeIgniter->startController()
 6 SYSTEMPATH\CodeIgniter.php(368): CodeIgniter\CodeIgniter->handleRequest(null, Object(Config\Cache), false)
 7 FCPATH\index.php(67): CodeIgniter\CodeIgniter->run()
CRITICAL - 2023-10-02 21:59:33 --> syntax error, unexpected token "]"
in APPPATH\Controllers\AdmPost.php on line 299.
 1 SYSTEMPATH\Autoloader\Autoloader.php(289): CodeIgniter\Autoloader\Autoloader->includeFile('C:\\xampp\\htdocs\\codi\\app\\Controllers\\AdmPost.php')
 2 SYSTEMPATH\Autoloader\Autoloader.php(267): CodeIgniter\Autoloader\Autoloader->loadInNamespace('App\\Controllers\\AdmPost')
 3 [internal function]: CodeIgniter\Autoloader\Autoloader->loadClass('App\\Controllers\\AdmPost')
 4 SYSTEMPATH\CodeIgniter.php(892): class_exists('\\App\\Controllers\\AdmPost', true)
 5 SYSTEMPATH\CodeIgniter.php(486): CodeIgniter\CodeIgniter->startController()
 6 SYSTEMPATH\CodeIgniter.php(368): CodeIgniter\CodeIgniter->handleRequest(null, Object(Config\Cache), false)
 7 FCPATH\index.php(67): CodeIgniter\CodeIgniter->run()
CRITICAL - 2023-10-02 21:59:33 --> syntax error, unexpected token "]"
in APPPATH\Controllers\AdmPost.php on line 299.
 1 SYSTEMPATH\Autoloader\Autoloader.php(289): CodeIgniter\Autoloader\Autoloader->includeFile('C:\\xampp\\htdocs\\codi\\app\\Controllers\\AdmPost.php')
 2 SYSTEMPATH\Autoloader\Autoloader.php(267): CodeIgniter\Autoloader\Autoloader->loadInNamespace('App\\Controllers\\AdmPost')
 3 [internal function]: CodeIgniter\Autoloader\Autoloader->loadClass('App\\Controllers\\AdmPost')
 4 SYSTEMPATH\CodeIgniter.php(892): class_exists('\\App\\Controllers\\AdmPost', true)
 5 SYSTEMPATH\CodeIgniter.php(486): CodeIgniter\CodeIgniter->startController()
 6 SYSTEMPATH\CodeIgniter.php(368): CodeIgniter\CodeIgniter->handleRequest(null, Object(Config\Cache), false)
 7 FCPATH\index.php(67): CodeIgniter\CodeIgniter->run()
CRITICAL - 2023-10-02 21:59:34 --> syntax error, unexpected token "]"
in APPPATH\Controllers\AdmPost.php on line 299.
 1 SYSTEMPATH\Autoloader\Autoloader.php(289): CodeIgniter\Autoloader\Autoloader->includeFile('C:\\xampp\\htdocs\\codi\\app\\Controllers\\AdmPost.php')
 2 SYSTEMPATH\Autoloader\Autoloader.php(267): CodeIgniter\Autoloader\Autoloader->loadInNamespace('App\\Controllers\\AdmPost')
 3 [internal function]: CodeIgniter\Autoloader\Autoloader->loadClass('App\\Controllers\\AdmPost')
 4 SYSTEMPATH\CodeIgniter.php(892): class_exists('\\App\\Controllers\\AdmPost', true)
 5 SYSTEMPATH\CodeIgniter.php(486): CodeIgniter\CodeIgniter->startController()
 6 SYSTEMPATH\CodeIgniter.php(368): CodeIgniter\CodeIgniter->handleRequest(null, Object(Config\Cache), false)
 7 FCPATH\index.php(67): CodeIgniter\CodeIgniter->run()
CRITICAL - 2023-10-02 21:59:34 --> syntax error, unexpected token "]"
in APPPATH\Controllers\AdmPost.php on line 299.
 1 SYSTEMPATH\Autoloader\Autoloader.php(289): CodeIgniter\Autoloader\Autoloader->includeFile('C:\\xampp\\htdocs\\codi\\app\\Controllers\\AdmPost.php')
 2 SYSTEMPATH\Autoloader\Autoloader.php(267): CodeIgniter\Autoloader\Autoloader->loadInNamespace('App\\Controllers\\AdmPost')
 3 [internal function]: CodeIgniter\Autoloader\Autoloader->loadClass('App\\Controllers\\AdmPost')
 4 SYSTEMPATH\CodeIgniter.php(892): class_exists('\\App\\Controllers\\AdmPost', true)
 5 SYSTEMPATH\CodeIgniter.php(486): CodeIgniter\CodeIgniter->startController()
 6 SYSTEMPATH\CodeIgniter.php(368): CodeIgniter\CodeIgniter->handleRequest(null, Object(Config\Cache), false)
 7 FCPATH\index.php(67): CodeIgniter\CodeIgniter->run()
CRITICAL - 2023-10-02 21:59:35 --> syntax error, unexpected token "]"
in APPPATH\Controllers\AdmPost.php on line 299.
 1 SYSTEMPATH\Autoloader\Autoloader.php(289): CodeIgniter\Autoloader\Autoloader->includeFile('C:\\xampp\\htdocs\\codi\\app\\Controllers\\AdmPost.php')
 2 SYSTEMPATH\Autoloader\Autoloader.php(267): CodeIgniter\Autoloader\Autoloader->loadInNamespace('App\\Controllers\\AdmPost')
 3 [internal function]: CodeIgniter\Autoloader\Autoloader->loadClass('App\\Controllers\\AdmPost')
 4 SYSTEMPATH\CodeIgniter.php(892): class_exists('\\App\\Controllers\\AdmPost', true)
 5 SYSTEMPATH\CodeIgniter.php(486): CodeIgniter\CodeIgniter->startController()
 6 SYSTEMPATH\CodeIgniter.php(368): CodeIgniter\CodeIgniter->handleRequest(null, Object(Config\Cache), false)
 7 FCPATH\index.php(67): CodeIgniter\CodeIgniter->run()
CRITICAL - 2023-10-02 21:59:35 --> syntax error, unexpected token "]"
in APPPATH\Controllers\AdmPost.php on line 299.
 1 SYSTEMPATH\Autoloader\Autoloader.php(289): CodeIgniter\Autoloader\Autoloader->includeFile('C:\\xampp\\htdocs\\codi\\app\\Controllers\\AdmPost.php')
 2 SYSTEMPATH\Autoloader\Autoloader.php(267): CodeIgniter\Autoloader\Autoloader->loadInNamespace('App\\Controllers\\AdmPost')
 3 [internal function]: CodeIgniter\Autoloader\Autoloader->loadClass('App\\Controllers\\AdmPost')
 4 SYSTEMPATH\CodeIgniter.php(892): class_exists('\\App\\Controllers\\AdmPost', true)
 5 SYSTEMPATH\CodeIgniter.php(486): CodeIgniter\CodeIgniter->startController()
 6 SYSTEMPATH\CodeIgniter.php(368): CodeIgniter\CodeIgniter->handleRequest(null, Object(Config\Cache), false)
 7 FCPATH\index.php(67): CodeIgniter\CodeIgniter->run()
CRITICAL - 2023-10-02 21:59:36 --> syntax error, unexpected token "]"
in APPPATH\Controllers\AdmPost.php on line 299.
 1 SYSTEMPATH\Autoloader\Autoloader.php(289): CodeIgniter\Autoloader\Autoloader->includeFile('C:\\xampp\\htdocs\\codi\\app\\Controllers\\AdmPost.php')
 2 SYSTEMPATH\Autoloader\Autoloader.php(267): CodeIgniter\Autoloader\Autoloader->loadInNamespace('App\\Controllers\\AdmPost')
 3 [internal function]: CodeIgniter\Autoloader\Autoloader->loadClass('App\\Controllers\\AdmPost')
 4 SYSTEMPATH\CodeIgniter.php(892): class_exists('\\App\\Controllers\\AdmPost', true)
 5 SYSTEMPATH\CodeIgniter.php(486): CodeIgniter\CodeIgniter->startController()
 6 SYSTEMPATH\CodeIgniter.php(368): CodeIgniter\CodeIgniter->handleRequest(null, Object(Config\Cache), false)
 7 FCPATH\index.php(67): CodeIgniter\CodeIgniter->run()
CRITICAL - 2023-10-02 21:59:36 --> syntax error, unexpected token "]"
in APPPATH\Controllers\AdmPost.php on line 299.
 1 SYSTEMPATH\Autoloader\Autoloader.php(289): CodeIgniter\Autoloader\Autoloader->includeFile('C:\\xampp\\htdocs\\codi\\app\\Controllers\\AdmPost.php')
 2 SYSTEMPATH\Autoloader\Autoloader.php(267): CodeIgniter\Autoloader\Autoloader->loadInNamespace('App\\Controllers\\AdmPost')
 3 [internal function]: CodeIgniter\Autoloader\Autoloader->loadClass('App\\Controllers\\AdmPost')
 4 SYSTEMPATH\CodeIgniter.php(892): class_exists('\\App\\Controllers\\AdmPost', true)
 5 SYSTEMPATH\CodeIgniter.php(486): CodeIgniter\CodeIgniter->startController()
 6 SYSTEMPATH\CodeIgniter.php(368): CodeIgniter\CodeIgniter->handleRequest(null, Object(Config\Cache), false)
 7 FCPATH\index.php(67): CodeIgniter\CodeIgniter->run()
CRITICAL - 2023-10-02 21:59:37 --> syntax error, unexpected token "]"
in APPPATH\Controllers\AdmPost.php on line 299.
 1 SYSTEMPATH\Autoloader\Autoloader.php(289): CodeIgniter\Autoloader\Autoloader->includeFile('C:\\xampp\\htdocs\\codi\\app\\Controllers\\AdmPost.php')
 2 SYSTEMPATH\Autoloader\Autoloader.php(267): CodeIgniter\Autoloader\Autoloader->loadInNamespace('App\\Controllers\\AdmPost')
 3 [internal function]: CodeIgniter\Autoloader\Autoloader->loadClass('App\\Controllers\\AdmPost')
 4 SYSTEMPATH\CodeIgniter.php(892): class_exists('\\App\\Controllers\\AdmPost', true)
 5 SYSTEMPATH\CodeIgniter.php(486): CodeIgniter\CodeIgniter->startController()
 6 SYSTEMPATH\CodeIgniter.php(368): CodeIgniter\CodeIgniter->handleRequest(null, Object(Config\Cache), false)
 7 FCPATH\index.php(67): CodeIgniter\CodeIgniter->run()
CRITICAL - 2023-10-02 21:59:37 --> syntax error, unexpected token "]"
in APPPATH\Controllers\AdmPost.php on line 299.
 1 SYSTEMPATH\Autoloader\Autoloader.php(289): CodeIgniter\Autoloader\Autoloader->includeFile('C:\\xampp\\htdocs\\codi\\app\\Controllers\\AdmPost.php')
 2 SYSTEMPATH\Autoloader\Autoloader.php(267): CodeIgniter\Autoloader\Autoloader->loadInNamespace('App\\Controllers\\AdmPost')
 3 [internal function]: CodeIgniter\Autoloader\Autoloader->loadClass('App\\Controllers\\AdmPost')
 4 SYSTEMPATH\CodeIgniter.php(892): class_exists('\\App\\Controllers\\AdmPost', true)
 5 SYSTEMPATH\CodeIgniter.php(486): CodeIgniter\CodeIgniter->startController()
 6 SYSTEMPATH\CodeIgniter.php(368): CodeIgniter\CodeIgniter->handleRequest(null, Object(Config\Cache), false)
 7 FCPATH\index.php(67): CodeIgniter\CodeIgniter->run()
CRITICAL - 2023-10-02 21:59:38 --> syntax error, unexpected token "]"
in APPPATH\Controllers\AdmPost.php on line 299.
 1 SYSTEMPATH\Autoloader\Autoloader.php(289): CodeIgniter\Autoloader\Autoloader->includeFile('C:\\xampp\\htdocs\\codi\\app\\Controllers\\AdmPost.php')
 2 SYSTEMPATH\Autoloader\Autoloader.php(267): CodeIgniter\Autoloader\Autoloader->loadInNamespace('App\\Controllers\\AdmPost')
 3 [internal function]: CodeIgniter\Autoloader\Autoloader->loadClass('App\\Controllers\\AdmPost')
 4 SYSTEMPATH\CodeIgniter.php(892): class_exists('\\App\\Controllers\\AdmPost', true)
 5 SYSTEMPATH\CodeIgniter.php(486): CodeIgniter\CodeIgniter->startController()
 6 SYSTEMPATH\CodeIgniter.php(368): CodeIgniter\CodeIgniter->handleRequest(null, Object(Config\Cache), false)
 7 FCPATH\index.php(67): CodeIgniter\CodeIgniter->run()
CRITICAL - 2023-10-02 21:59:38 --> syntax error, unexpected token "]"
in APPPATH\Controllers\AdmPost.php on line 299.
 1 SYSTEMPATH\Autoloader\Autoloader.php(289): CodeIgniter\Autoloader\Autoloader->includeFile('C:\\xampp\\htdocs\\codi\\app\\Controllers\\AdmPost.php')
 2 SYSTEMPATH\Autoloader\Autoloader.php(267): CodeIgniter\Autoloader\Autoloader->loadInNamespace('App\\Controllers\\AdmPost')
 3 [internal function]: CodeIgniter\Autoloader\Autoloader->loadClass('App\\Controllers\\AdmPost')
 4 SYSTEMPATH\CodeIgniter.php(892): class_exists('\\App\\Controllers\\AdmPost', true)
 5 SYSTEMPATH\CodeIgniter.php(486): CodeIgniter\CodeIgniter->startController()
 6 SYSTEMPATH\CodeIgniter.php(368): CodeIgniter\CodeIgniter->handleRequest(null, Object(Config\Cache), false)
 7 FCPATH\index.php(67): CodeIgniter\CodeIgniter->run()
CRITICAL - 2023-10-02 21:59:39 --> syntax error, unexpected token "]"
in APPPATH\Controllers\AdmPost.php on line 299.
 1 SYSTEMPATH\Autoloader\Autoloader.php(289): CodeIgniter\Autoloader\Autoloader->includeFile('C:\\xampp\\htdocs\\codi\\app\\Controllers\\AdmPost.php')
 2 SYSTEMPATH\Autoloader\Autoloader.php(267): CodeIgniter\Autoloader\Autoloader->loadInNamespace('App\\Controllers\\AdmPost')
 3 [internal function]: CodeIgniter\Autoloader\Autoloader->loadClass('App\\Controllers\\AdmPost')
 4 SYSTEMPATH\CodeIgniter.php(892): class_exists('\\App\\Controllers\\AdmPost', true)
 5 SYSTEMPATH\CodeIgniter.php(486): CodeIgniter\CodeIgniter->startController()
 6 SYSTEMPATH\CodeIgniter.php(368): CodeIgniter\CodeIgniter->handleRequest(null, Object(Config\Cache), false)
 7 FCPATH\index.php(67): CodeIgniter\CodeIgniter->run()
CRITICAL - 2023-10-02 21:59:39 --> syntax error, unexpected token "]"
in APPPATH\Controllers\AdmPost.php on line 299.
 1 SYSTEMPATH\Autoloader\Autoloader.php(289): CodeIgniter\Autoloader\Autoloader->includeFile('C:\\xampp\\htdocs\\codi\\app\\Controllers\\AdmPost.php')
 2 SYSTEMPATH\Autoloader\Autoloader.php(267): CodeIgniter\Autoloader\Autoloader->loadInNamespace('App\\Controllers\\AdmPost')
 3 [internal function]: CodeIgniter\Autoloader\Autoloader->loadClass('App\\Controllers\\AdmPost')
 4 SYSTEMPATH\CodeIgniter.php(892): class_exists('\\App\\Controllers\\AdmPost', true)
 5 SYSTEMPATH\CodeIgniter.php(486): CodeIgniter\CodeIgniter->startController()
 6 SYSTEMPATH\CodeIgniter.php(368): CodeIgniter\CodeIgniter->handleRequest(null, Object(Config\Cache), false)
 7 FCPATH\index.php(67): CodeIgniter\CodeIgniter->run()
CRITICAL - 2023-10-02 21:59:40 --> syntax error, unexpected token "]"
in APPPATH\Controllers\AdmPost.php on line 299.
 1 SYSTEMPATH\Autoloader\Autoloader.php(289): CodeIgniter\Autoloader\Autoloader->includeFile('C:\\xampp\\htdocs\\codi\\app\\Controllers\\AdmPost.php')
 2 SYSTEMPATH\Autoloader\Autoloader.php(267): CodeIgniter\Autoloader\Autoloader->loadInNamespace('App\\Controllers\\AdmPost')
 3 [internal function]: CodeIgniter\Autoloader\Autoloader->loadClass('App\\Controllers\\AdmPost')
 4 SYSTEMPATH\CodeIgniter.php(892): class_exists('\\App\\Controllers\\AdmPost', true)
 5 SYSTEMPATH\CodeIgniter.php(486): CodeIgniter\CodeIgniter->startController()
 6 SYSTEMPATH\CodeIgniter.php(368): CodeIgniter\CodeIgniter->handleRequest(null, Object(Config\Cache), false)
 7 FCPATH\index.php(67): CodeIgniter\CodeIgniter->run()
CRITICAL - 2023-10-02 21:59:40 --> syntax error, unexpected token "]"
in APPPATH\Controllers\AdmPost.php on line 299.
 1 SYSTEMPATH\Autoloader\Autoloader.php(289): CodeIgniter\Autoloader\Autoloader->includeFile('C:\\xampp\\htdocs\\codi\\app\\Controllers\\AdmPost.php')
 2 SYSTEMPATH\Autoloader\Autoloader.php(267): CodeIgniter\Autoloader\Autoloader->loadInNamespace('App\\Controllers\\AdmPost')
 3 [internal function]: CodeIgniter\Autoloader\Autoloader->loadClass('App\\Controllers\\AdmPost')
 4 SYSTEMPATH\CodeIgniter.php(892): class_exists('\\App\\Controllers\\AdmPost', true)
 5 SYSTEMPATH\CodeIgniter.php(486): CodeIgniter\CodeIgniter->startController()
 6 SYSTEMPATH\CodeIgniter.php(368): CodeIgniter\CodeIgniter->handleRequest(null, Object(Config\Cache), false)
 7 FCPATH\index.php(67): CodeIgniter\CodeIgniter->run()
CRITICAL - 2023-10-02 21:59:41 --> syntax error, unexpected token "]"
in APPPATH\Controllers\AdmPost.php on line 299.
 1 SYSTEMPATH\Autoloader\Autoloader.php(289): CodeIgniter\Autoloader\Autoloader->includeFile('C:\\xampp\\htdocs\\codi\\app\\Controllers\\AdmPost.php')
 2 SYSTEMPATH\Autoloader\Autoloader.php(267): CodeIgniter\Autoloader\Autoloader->loadInNamespace('App\\Controllers\\AdmPost')
 3 [internal function]: CodeIgniter\Autoloader\Autoloader->loadClass('App\\Controllers\\AdmPost')
 4 SYSTEMPATH\CodeIgniter.php(892): class_exists('\\App\\Controllers\\AdmPost', true)
 5 SYSTEMPATH\CodeIgniter.php(486): CodeIgniter\CodeIgniter->startController()
 6 SYSTEMPATH\CodeIgniter.php(368): CodeIgniter\CodeIgniter->handleRequest(null, Object(Config\Cache), false)
 7 FCPATH\index.php(67): CodeIgniter\CodeIgniter->run()
CRITICAL - 2023-10-02 21:59:41 --> syntax error, unexpected token "]"
in APPPATH\Controllers\AdmPost.php on line 299.
 1 SYSTEMPATH\Autoloader\Autoloader.php(289): CodeIgniter\Autoloader\Autoloader->includeFile('C:\\xampp\\htdocs\\codi\\app\\Controllers\\AdmPost.php')
 2 SYSTEMPATH\Autoloader\Autoloader.php(267): CodeIgniter\Autoloader\Autoloader->loadInNamespace('App\\Controllers\\AdmPost')
 3 [internal function]: CodeIgniter\Autoloader\Autoloader->loadClass('App\\Controllers\\AdmPost')
 4 SYSTEMPATH\CodeIgniter.php(892): class_exists('\\App\\Controllers\\AdmPost', true)
 5 SYSTEMPATH\CodeIgniter.php(486): CodeIgniter\CodeIgniter->startController()
 6 SYSTEMPATH\CodeIgniter.php(368): CodeIgniter\CodeIgniter->handleRequest(null, Object(Config\Cache), false)
 7 FCPATH\index.php(67): CodeIgniter\CodeIgniter->run()
CRITICAL - 2023-10-02 21:59:42 --> syntax error, unexpected token "]"
in APPPATH\Controllers\AdmPost.php on line 299.
 1 SYSTEMPATH\Autoloader\Autoloader.php(289): CodeIgniter\Autoloader\Autoloader->includeFile('C:\\xampp\\htdocs\\codi\\app\\Controllers\\AdmPost.php')
 2 SYSTEMPATH\Autoloader\Autoloader.php(267): CodeIgniter\Autoloader\Autoloader->loadInNamespace('App\\Controllers\\AdmPost')
 3 [internal function]: CodeIgniter\Autoloader\Autoloader->loadClass('App\\Controllers\\AdmPost')
 4 SYSTEMPATH\CodeIgniter.php(892): class_exists('\\App\\Controllers\\AdmPost', true)
 5 SYSTEMPATH\CodeIgniter.php(486): CodeIgniter\CodeIgniter->startController()
 6 SYSTEMPATH\CodeIgniter.php(368): CodeIgniter\CodeIgniter->handleRequest(null, Object(Config\Cache), false)
 7 FCPATH\index.php(67): CodeIgniter\CodeIgniter->run()
CRITICAL - 2023-10-02 21:59:42 --> syntax error, unexpected token "]"
in APPPATH\Controllers\AdmPost.php on line 299.
 1 SYSTEMPATH\Autoloader\Autoloader.php(289): CodeIgniter\Autoloader\Autoloader->includeFile('C:\\xampp\\htdocs\\codi\\app\\Controllers\\AdmPost.php')
 2 SYSTEMPATH\Autoloader\Autoloader.php(267): CodeIgniter\Autoloader\Autoloader->loadInNamespace('App\\Controllers\\AdmPost')
 3 [internal function]: CodeIgniter\Autoloader\Autoloader->loadClass('App\\Controllers\\AdmPost')
 4 SYSTEMPATH\CodeIgniter.php(892): class_exists('\\App\\Controllers\\AdmPost', true)
 5 SYSTEMPATH\CodeIgniter.php(486): CodeIgniter\CodeIgniter->startController()
 6 SYSTEMPATH\CodeIgniter.php(368): CodeIgniter\CodeIgniter->handleRequest(null, Object(Config\Cache), false)
 7 FCPATH\index.php(67): CodeIgniter\CodeIgniter->run()
CRITICAL - 2023-10-02 21:59:43 --> syntax error, unexpected token "]"
in APPPATH\Controllers\AdmPost.php on line 299.
 1 SYSTEMPATH\Autoloader\Autoloader.php(289): CodeIgniter\Autoloader\Autoloader->includeFile('C:\\xampp\\htdocs\\codi\\app\\Controllers\\AdmPost.php')
 2 SYSTEMPATH\Autoloader\Autoloader.php(267): CodeIgniter\Autoloader\Autoloader->loadInNamespace('App\\Controllers\\AdmPost')
 3 [internal function]: CodeIgniter\Autoloader\Autoloader->loadClass('App\\Controllers\\AdmPost')
 4 SYSTEMPATH\CodeIgniter.php(892): class_exists('\\App\\Controllers\\AdmPost', true)
 5 SYSTEMPATH\CodeIgniter.php(486): CodeIgniter\CodeIgniter->startController()
 6 SYSTEMPATH\CodeIgniter.php(368): CodeIgniter\CodeIgniter->handleRequest(null, Object(Config\Cache), false)
 7 FCPATH\index.php(67): CodeIgniter\CodeIgniter->run()
CRITICAL - 2023-10-02 21:59:43 --> syntax error, unexpected token "]"
in APPPATH\Controllers\AdmPost.php on line 299.
 1 SYSTEMPATH\Autoloader\Autoloader.php(289): CodeIgniter\Autoloader\Autoloader->includeFile('C:\\xampp\\htdocs\\codi\\app\\Controllers\\AdmPost.php')
 2 SYSTEMPATH\Autoloader\Autoloader.php(267): CodeIgniter\Autoloader\Autoloader->loadInNamespace('App\\Controllers\\AdmPost')
 3 [internal function]: CodeIgniter\Autoloader\Autoloader->loadClass('App\\Controllers\\AdmPost')
 4 SYSTEMPATH\CodeIgniter.php(892): class_exists('\\App\\Controllers\\AdmPost', true)
 5 SYSTEMPATH\CodeIgniter.php(486): CodeIgniter\CodeIgniter->startController()
 6 SYSTEMPATH\CodeIgniter.php(368): CodeIgniter\CodeIgniter->handleRequest(null, Object(Config\Cache), false)
 7 FCPATH\index.php(67): CodeIgniter\CodeIgniter->run()
CRITICAL - 2023-10-02 21:59:44 --> syntax error, unexpected token "]"
in APPPATH\Controllers\AdmPost.php on line 299.
 1 SYSTEMPATH\Autoloader\Autoloader.php(289): CodeIgniter\Autoloader\Autoloader->includeFile('C:\\xampp\\htdocs\\codi\\app\\Controllers\\AdmPost.php')
 2 SYSTEMPATH\Autoloader\Autoloader.php(267): CodeIgniter\Autoloader\Autoloader->loadInNamespace('App\\Controllers\\AdmPost')
 3 [internal function]: CodeIgniter\Autoloader\Autoloader->loadClass('App\\Controllers\\AdmPost')
 4 SYSTEMPATH\CodeIgniter.php(892): class_exists('\\App\\Controllers\\AdmPost', true)
 5 SYSTEMPATH\CodeIgniter.php(486): CodeIgniter\CodeIgniter->startController()
 6 SYSTEMPATH\CodeIgniter.php(368): CodeIgniter\CodeIgniter->handleRequest(null, Object(Config\Cache), false)
 7 FCPATH\index.php(67): CodeIgniter\CodeIgniter->run()
CRITICAL - 2023-10-02 21:59:44 --> syntax error, unexpected token "]"
in APPPATH\Controllers\AdmPost.php on line 299.
 1 SYSTEMPATH\Autoloader\Autoloader.php(289): CodeIgniter\Autoloader\Autoloader->includeFile('C:\\xampp\\htdocs\\codi\\app\\Controllers\\AdmPost.php')
 2 SYSTEMPATH\Autoloader\Autoloader.php(267): CodeIgniter\Autoloader\Autoloader->loadInNamespace('App\\Controllers\\AdmPost')
 3 [internal function]: CodeIgniter\Autoloader\Autoloader->loadClass('App\\Controllers\\AdmPost')
 4 SYSTEMPATH\CodeIgniter.php(892): class_exists('\\App\\Controllers\\AdmPost', true)
 5 SYSTEMPATH\CodeIgniter.php(486): CodeIgniter\CodeIgniter->startController()
 6 SYSTEMPATH\CodeIgniter.php(368): CodeIgniter\CodeIgniter->handleRequest(null, Object(Config\Cache), false)
 7 FCPATH\index.php(67): CodeIgniter\CodeIgniter->run()
CRITICAL - 2023-10-02 21:59:45 --> syntax error, unexpected token "]"
in APPPATH\Controllers\AdmPost.php on line 299.
 1 SYSTEMPATH\Autoloader\Autoloader.php(289): CodeIgniter\Autoloader\Autoloader->includeFile('C:\\xampp\\htdocs\\codi\\app\\Controllers\\AdmPost.php')
 2 SYSTEMPATH\Autoloader\Autoloader.php(267): CodeIgniter\Autoloader\Autoloader->loadInNamespace('App\\Controllers\\AdmPost')
 3 [internal function]: CodeIgniter\Autoloader\Autoloader->loadClass('App\\Controllers\\AdmPost')
 4 SYSTEMPATH\CodeIgniter.php(892): class_exists('\\App\\Controllers\\AdmPost', true)
 5 SYSTEMPATH\CodeIgniter.php(486): CodeIgniter\CodeIgniter->startController()
 6 SYSTEMPATH\CodeIgniter.php(368): CodeIgniter\CodeIgniter->handleRequest(null, Object(Config\Cache), false)
 7 FCPATH\index.php(67): CodeIgniter\CodeIgniter->run()
CRITICAL - 2023-10-02 21:59:45 --> syntax error, unexpected token "]"
in APPPATH\Controllers\AdmPost.php on line 299.
 1 SYSTEMPATH\Autoloader\Autoloader.php(289): CodeIgniter\Autoloader\Autoloader->includeFile('C:\\xampp\\htdocs\\codi\\app\\Controllers\\AdmPost.php')
 2 SYSTEMPATH\Autoloader\Autoloader.php(267): CodeIgniter\Autoloader\Autoloader->loadInNamespace('App\\Controllers\\AdmPost')
 3 [internal function]: CodeIgniter\Autoloader\Autoloader->loadClass('App\\Controllers\\AdmPost')
 4 SYSTEMPATH\CodeIgniter.php(892): class_exists('\\App\\Controllers\\AdmPost', true)
 5 SYSTEMPATH\CodeIgniter.php(486): CodeIgniter\CodeIgniter->startController()
 6 SYSTEMPATH\CodeIgniter.php(368): CodeIgniter\CodeIgniter->handleRequest(null, Object(Config\Cache), false)
 7 FCPATH\index.php(67): CodeIgniter\CodeIgniter->run()
CRITICAL - 2023-10-02 22:00:48 --> syntax error, unexpected token "=>", expecting ")"
in APPPATH\Controllers\AdmPost.php on line 1139.
 1 SYSTEMPATH\Autoloader\Autoloader.php(289): CodeIgniter\Autoloader\Autoloader->includeFile('C:\\xampp\\htdocs\\codi\\app\\Controllers\\AdmPost.php')
 2 SYSTEMPATH\Autoloader\Autoloader.php(267): CodeIgniter\Autoloader\Autoloader->loadInNamespace('App\\Controllers\\AdmPost')
 3 [internal function]: CodeIgniter\Autoloader\Autoloader->loadClass('App\\Controllers\\AdmPost')
 4 SYSTEMPATH\CodeIgniter.php(892): class_exists('\\App\\Controllers\\AdmPost', true)
 5 SYSTEMPATH\CodeIgniter.php(486): CodeIgniter\CodeIgniter->startController()
 6 SYSTEMPATH\CodeIgniter.php(368): CodeIgniter\CodeIgniter->handleRequest(null, Object(Config\Cache), false)
 7 FCPATH\index.php(67): CodeIgniter\CodeIgniter->run()
CRITICAL - 2023-10-02 22:00:48 --> syntax error, unexpected token "=>", expecting ")"
in APPPATH\Controllers\AdmPost.php on line 1139.
 1 SYSTEMPATH\Autoloader\Autoloader.php(289): CodeIgniter\Autoloader\Autoloader->includeFile('C:\\xampp\\htdocs\\codi\\app\\Controllers\\AdmPost.php')
 2 SYSTEMPATH\Autoloader\Autoloader.php(267): CodeIgniter\Autoloader\Autoloader->loadInNamespace('App\\Controllers\\AdmPost')
 3 [internal function]: CodeIgniter\Autoloader\Autoloader->loadClass('App\\Controllers\\AdmPost')
 4 SYSTEMPATH\CodeIgniter.php(892): class_exists('\\App\\Controllers\\AdmPost', true)
 5 SYSTEMPATH\CodeIgniter.php(486): CodeIgniter\CodeIgniter->startController()
 6 SYSTEMPATH\CodeIgniter.php(368): CodeIgniter\CodeIgniter->handleRequest(null, Object(Config\Cache), false)
 7 FCPATH\index.php(67): CodeIgniter\CodeIgniter->run()
CRITICAL - 2023-10-02 22:15:48 --> syntax error, unexpected variable "$data"
in APPPATH\Controllers\AdmPost.php on line 1241.
 1 SYSTEMPATH\Autoloader\Autoloader.php(289): CodeIgniter\Autoloader\Autoloader->includeFile('C:\\xampp\\htdocs\\codi\\app\\Controllers\\AdmPost.php')
 2 SYSTEMPATH\Autoloader\Autoloader.php(267): CodeIgniter\Autoloader\Autoloader->loadInNamespace('App\\Controllers\\AdmPost')
 3 [internal function]: CodeIgniter\Autoloader\Autoloader->loadClass('App\\Controllers\\AdmPost')
 4 SYSTEMPATH\CodeIgniter.php(892): class_exists('\\App\\Controllers\\AdmPost', true)
 5 SYSTEMPATH\CodeIgniter.php(486): CodeIgniter\CodeIgniter->startController()
 6 SYSTEMPATH\CodeIgniter.php(368): CodeIgniter\CodeIgniter->handleRequest(null, Object(Config\Cache), false)
 7 FCPATH\index.php(67): CodeIgniter\CodeIgniter->run()
CRITICAL - 2023-10-02 22:15:48 --> syntax error, unexpected variable "$data"
in APPPATH\Controllers\AdmPost.php on line 1241.
 1 SYSTEMPATH\Autoloader\Autoloader.php(289): CodeIgniter\Autoloader\Autoloader->includeFile('C:\\xampp\\htdocs\\codi\\app\\Controllers\\AdmPost.php')
 2 SYSTEMPATH\Autoloader\Autoloader.php(267): CodeIgniter\Autoloader\Autoloader->loadInNamespace('App\\Controllers\\AdmPost')
 3 [internal function]: CodeIgniter\Autoloader\Autoloader->loadClass('App\\Controllers\\AdmPost')
 4 SYSTEMPATH\CodeIgniter.php(892): class_exists('\\App\\Controllers\\AdmPost', true)
 5 SYSTEMPATH\CodeIgniter.php(486): CodeIgniter\CodeIgniter->startController()
 6 SYSTEMPATH\CodeIgniter.php(368): CodeIgniter\CodeIgniter->handleRequest(null, Object(Config\Cache), false)
 7 FCPATH\index.php(67): CodeIgniter\CodeIgniter->run()
CRITICAL - 2023-10-02 22:16:46 --> Undefined array key "empresa"
in APPPATH\Controllers\AdmPost.php on line 1244.
 1 APPPATH\Controllers\AdmPost.php(1244): CodeIgniter\Debug\Exceptions->errorHandler(2, 'Undefined array key "empresa"', 'C:\\xampp\\htdocs\\codi\\app\\Controllers\\AdmPost.php', 1244)
 2 SYSTEMPATH\CodeIgniter.php(934): App\Controllers\AdmPost->config_empreendimento_update()
 3 SYSTEMPATH\CodeIgniter.php(499): CodeIgniter\CodeIgniter->runController(Object(App\Controllers\AdmPost))
 4 SYSTEMPATH\CodeIgniter.php(368): CodeIgniter\CodeIgniter->handleRequest(null, Object(Config\Cache), false)
 5 FCPATH\index.php(67): CodeIgniter\CodeIgniter->run()
CRITICAL - 2023-10-02 22:16:59 --> Undefined array key "empresa"
in APPPATH\Controllers\AdmPost.php on line 1244.
 1 APPPATH\Controllers\AdmPost.php(1244): CodeIgniter\Debug\Exceptions->errorHandler(2, 'Undefined array key "empresa"', 'C:\\xampp\\htdocs\\codi\\app\\Controllers\\AdmPost.php', 1244)
 2 SYSTEMPATH\CodeIgniter.php(934): App\Controllers\AdmPost->config_empreendimento_update()
 3 SYSTEMPATH\CodeIgniter.php(499): CodeIgniter\CodeIgniter->runController(Object(App\Controllers\AdmPost))
 4 SYSTEMPATH\CodeIgniter.php(368): CodeIgniter\CodeIgniter->handleRequest(null, Object(Config\Cache), false)
 5 FCPATH\index.php(67): CodeIgniter\CodeIgniter->run()
CRITICAL - 2023-10-02 22:18:25 --> Undefined array key "empreendimento"
in APPPATH\Controllers\AdmPost.php on line 1244.
 1 APPPATH\Controllers\AdmPost.php(1244): CodeIgniter\Debug\Exceptions->errorHandler(2, 'Undefined array key "empreendimento"', 'C:\\xampp\\htdocs\\codi\\app\\Controllers\\AdmPost.php', 1244)
 2 SYSTEMPATH\CodeIgniter.php(934): App\Controllers\AdmPost->config_empreendimento_update()
 3 SYSTEMPATH\CodeIgniter.php(499): CodeIgniter\CodeIgniter->runController(Object(App\Controllers\AdmPost))
 4 SYSTEMPATH\CodeIgniter.php(368): CodeIgniter\CodeIgniter->handleRequest(null, Object(Config\Cache), false)
 5 FCPATH\index.php(67): CodeIgniter\CodeIgniter->run()
CRITICAL - 2023-10-02 22:19:41 --> Undefined array key "empreendimento"
in APPPATH\Controllers\AdmPost.php on line 1244.
 1 APPPATH\Controllers\AdmPost.php(1244): CodeIgniter\Debug\Exceptions->errorHandler(2, 'Undefined array key "empreendimento"', 'C:\\xampp\\htdocs\\codi\\app\\Controllers\\AdmPost.php', 1244)
 2 SYSTEMPATH\CodeIgniter.php(934): App\Controllers\AdmPost->config_empreendimento_update()
 3 SYSTEMPATH\CodeIgniter.php(499): CodeIgniter\CodeIgniter->runController(Object(App\Controllers\AdmPost))
 4 SYSTEMPATH\CodeIgniter.php(368): CodeIgniter\CodeIgniter->handleRequest(null, Object(Config\Cache), false)
 5 FCPATH\index.php(67): CodeIgniter\CodeIgniter->run()
CRITICAL - 2023-10-02 22:25:48 --> syntax error, unexpected token ","
in APPPATH\Controllers\AdmPost.php on line 1263.
 1 SYSTEMPATH\Autoloader\Autoloader.php(289): CodeIgniter\Autoloader\Autoloader->includeFile('C:\\xampp\\htdocs\\codi\\app\\Controllers\\AdmPost.php')
 2 SYSTEMPATH\Autoloader\Autoloader.php(267): CodeIgniter\Autoloader\Autoloader->loadInNamespace('App\\Controllers\\AdmPost')
 3 [internal function]: CodeIgniter\Autoloader\Autoloader->loadClass('App\\Controllers\\AdmPost')
 4 SYSTEMPATH\CodeIgniter.php(892): class_exists('\\App\\Controllers\\AdmPost', true)
 5 SYSTEMPATH\CodeIgniter.php(486): CodeIgniter\CodeIgniter->startController()
 6 SYSTEMPATH\CodeIgniter.php(368): CodeIgniter\CodeIgniter->handleRequest(null, Object(Config\Cache), false)
 7 FCPATH\index.php(67): CodeIgniter\CodeIgniter->run()
CRITICAL - 2023-10-02 22:25:48 --> syntax error, unexpected token ","
in APPPATH\Controllers\AdmPost.php on line 1263.
 1 SYSTEMPATH\Autoloader\Autoloader.php(289): CodeIgniter\Autoloader\Autoloader->includeFile('C:\\xampp\\htdocs\\codi\\app\\Controllers\\AdmPost.php')
 2 SYSTEMPATH\Autoloader\Autoloader.php(267): CodeIgniter\Autoloader\Autoloader->loadInNamespace('App\\Controllers\\AdmPost')
 3 [internal function]: CodeIgniter\Autoloader\Autoloader->loadClass('App\\Controllers\\AdmPost')
 4 SYSTEMPATH\CodeIgniter.php(892): class_exists('\\App\\Controllers\\AdmPost', true)
 5 SYSTEMPATH\CodeIgniter.php(486): CodeIgniter\CodeIgniter->startController()
 6 SYSTEMPATH\CodeIgniter.php(368): CodeIgniter\CodeIgniter->handleRequest(null, Object(Config\Cache), false)
 7 FCPATH\index.php(67): CodeIgniter\CodeIgniter->run()
CRITICAL - 2023-10-02 22:26:20 --> Undefined array key "empreendimento"
in APPPATH\Controllers\AdmPost.php on line 1263.
 1 APPPATH\Controllers\AdmPost.php(1263): CodeIgniter\Debug\Exceptions->errorHandler(2, 'Undefined array key "empreendimento"', 'C:\\xampp\\htdocs\\codi\\app\\Controllers\\AdmPost.php', 1263)
 2 SYSTEMPATH\CodeIgniter.php(934): App\Controllers\AdmPost->config_empreendimento_update()
 3 SYSTEMPATH\CodeIgniter.php(499): CodeIgniter\CodeIgniter->runController(Object(App\Controllers\AdmPost))
 4 SYSTEMPATH\CodeIgniter.php(368): CodeIgniter\CodeIgniter->handleRequest(null, Object(Config\Cache), false)
 5 FCPATH\index.php(67): CodeIgniter\CodeIgniter->run()
CRITICAL - 2023-10-02 22:27:16 --> Undefined array key "empreendimento"
in APPPATH\Controllers\AdmPost.php on line 1263.
 1 APPPATH\Controllers\AdmPost.php(1263): CodeIgniter\Debug\Exceptions->errorHandler(2, 'Undefined array key "empreendimento"', 'C:\\xampp\\htdocs\\codi\\app\\Controllers\\AdmPost.php', 1263)
 2 SYSTEMPATH\CodeIgniter.php(934): App\Controllers\AdmPost->config_empreendimento_update()
 3 SYSTEMPATH\CodeIgniter.php(499): CodeIgniter\CodeIgniter->runController(Object(App\Controllers\AdmPost))
 4 SYSTEMPATH\CodeIgniter.php(368): CodeIgniter\CodeIgniter->handleRequest(null, Object(Config\Cache), false)
 5 FCPATH\index.php(67): CodeIgniter\CodeIgniter->run()
CRITICAL - 2023-10-02 22:27:49 --> Cannot use [] for reading
in APPPATH\Controllers\AdmPost.php on line 1263.
 1 [internal function]: CodeIgniter\Debug\Exceptions->shutdownHandler()
CRITICAL - 2023-10-02 22:27:49 --> Cannot use [] for reading
in APPPATH\Controllers\AdmPost.php on line 1263.
 1 [internal function]: CodeIgniter\Debug\Exceptions->shutdownHandler()
CRITICAL - 2023-10-02 22:29:47 --> Undefined array key "empreendimento"
in APPPATH\Controllers\AdmPost.php on line 1263.
 1 APPPATH\Controllers\AdmPost.php(1263): CodeIgniter\Debug\Exceptions->errorHandler(2, 'Undefined array key "empreendimento"', 'C:\\xampp\\htdocs\\codi\\app\\Controllers\\AdmPost.php', 1263)
 2 SYSTEMPATH\CodeIgniter.php(934): App\Controllers\AdmPost->config_empreendimento_update()
 3 SYSTEMPATH\CodeIgniter.php(499): CodeIgniter\CodeIgniter->runController(Object(App\Controllers\AdmPost))
 4 SYSTEMPATH\CodeIgniter.php(368): CodeIgniter\CodeIgniter->handleRequest(null, Object(Config\Cache), false)
 5 FCPATH\index.php(67): CodeIgniter\CodeIgniter->run()
CRITICAL - 2023-10-02 22:36:35 --> Undefined array key "empreendimento"
in APPPATH\Controllers\AdmPost.php on line 1244.
 1 APPPATH\Controllers\AdmPost.php(1244): CodeIgniter\Debug\Exceptions->errorHandler(2, 'Undefined array key "empreendimento"', 'C:\\xampp\\htdocs\\codi\\app\\Controllers\\AdmPost.php', 1244)
 2 SYSTEMPATH\CodeIgniter.php(934): App\Controllers\AdmPost->config_empreendimento_update()
 3 SYSTEMPATH\CodeIgniter.php(499): CodeIgniter\CodeIgniter->runController(Object(App\Controllers\AdmPost))
 4 SYSTEMPATH\CodeIgniter.php(368): CodeIgniter\CodeIgniter->handleRequest(null, Object(Config\Cache), false)
 5 FCPATH\index.php(67): CodeIgniter\CodeIgniter->run()
CRITICAL - 2023-10-02 22:37:08 --> Undefined array key "empresa"
in APPPATH\Controllers\AdmPost.php on line 1244.
 1 APPPATH\Controllers\AdmPost.php(1244): CodeIgniter\Debug\Exceptions->errorHandler(2, 'Undefined array key "empresa"', 'C:\\xampp\\htdocs\\codi\\app\\Controllers\\AdmPost.php', 1244)
 2 SYSTEMPATH\CodeIgniter.php(934): App\Controllers\AdmPost->config_empreendimento_update()
 3 SYSTEMPATH\CodeIgniter.php(499): CodeIgniter\CodeIgniter->runController(Object(App\Controllers\AdmPost))
 4 SYSTEMPATH\CodeIgniter.php(368): CodeIgniter\CodeIgniter->handleRequest(null, Object(Config\Cache), false)
 5 FCPATH\index.php(67): CodeIgniter\CodeIgniter->run()
CRITICAL - 2023-10-02 22:41:04 --> Undefined array key "empresa"
in APPPATH\Controllers\AdmPost.php on line 1244.
 1 APPPATH\Controllers\AdmPost.php(1244): CodeIgniter\Debug\Exceptions->errorHandler(2, 'Undefined array key "empresa"', 'C:\\xampp\\htdocs\\codi\\app\\Controllers\\AdmPost.php', 1244)
 2 SYSTEMPATH\CodeIgniter.php(934): App\Controllers\AdmPost->config_empreendimento_update()
 3 SYSTEMPATH\CodeIgniter.php(499): CodeIgniter\CodeIgniter->runController(Object(App\Controllers\AdmPost))
 4 SYSTEMPATH\CodeIgniter.php(368): CodeIgniter\CodeIgniter->handleRequest(null, Object(Config\Cache), false)
 5 FCPATH\index.php(67): CodeIgniter\CodeIgniter->run()
CRITICAL - 2023-10-02 22:41:55 --> syntax error, unexpected variable "$data"
in APPPATH\Controllers\AdmPost.php on line 1241.
 1 SYSTEMPATH\Autoloader\Autoloader.php(289): CodeIgniter\Autoloader\Autoloader->includeFile('C:\\xampp\\htdocs\\codi\\app\\Controllers\\AdmPost.php')
 2 SYSTEMPATH\Autoloader\Autoloader.php(267): CodeIgniter\Autoloader\Autoloader->loadInNamespace('App\\Controllers\\AdmPost')
 3 [internal function]: CodeIgniter\Autoloader\Autoloader->loadClass('App\\Controllers\\AdmPost')
 4 SYSTEMPATH\CodeIgniter.php(892): class_exists('\\App\\Controllers\\AdmPost', true)
 5 SYSTEMPATH\CodeIgniter.php(486): CodeIgniter\CodeIgniter->startController()
 6 SYSTEMPATH\CodeIgniter.php(368): CodeIgniter\CodeIgniter->handleRequest(null, Object(Config\Cache), false)
 7 FCPATH\index.php(67): CodeIgniter\CodeIgniter->run()
CRITICAL - 2023-10-02 22:41:55 --> syntax error, unexpected variable "$data"
in APPPATH\Controllers\AdmPost.php on line 1241.
 1 SYSTEMPATH\Autoloader\Autoloader.php(289): CodeIgniter\Autoloader\Autoloader->includeFile('C:\\xampp\\htdocs\\codi\\app\\Controllers\\AdmPost.php')
 2 SYSTEMPATH\Autoloader\Autoloader.php(267): CodeIgniter\Autoloader\Autoloader->loadInNamespace('App\\Controllers\\AdmPost')
 3 [internal function]: CodeIgniter\Autoloader\Autoloader->loadClass('App\\Controllers\\AdmPost')
 4 SYSTEMPATH\CodeIgniter.php(892): class_exists('\\App\\Controllers\\AdmPost', true)
 5 SYSTEMPATH\CodeIgniter.php(486): CodeIgniter\CodeIgniter->startController()
 6 SYSTEMPATH\CodeIgniter.php(368): CodeIgniter\CodeIgniter->handleRequest(null, Object(Config\Cache), false)
 7 FCPATH\index.php(67): CodeIgniter\CodeIgniter->run()
CRITICAL - 2023-10-02 22:41:56 --> syntax error, unexpected variable "$data"
in APPPATH\Controllers\AdmPost.php on line 1241.
 1 SYSTEMPATH\Autoloader\Autoloader.php(289): CodeIgniter\Autoloader\Autoloader->includeFile('C:\\xampp\\htdocs\\codi\\app\\Controllers\\AdmPost.php')
 2 SYSTEMPATH\Autoloader\Autoloader.php(267): CodeIgniter\Autoloader\Autoloader->loadInNamespace('App\\Controllers\\AdmPost')
 3 [internal function]: CodeIgniter\Autoloader\Autoloader->loadClass('App\\Controllers\\AdmPost')
 4 SYSTEMPATH\CodeIgniter.php(892): class_exists('\\App\\Controllers\\AdmPost', true)
 5 SYSTEMPATH\CodeIgniter.php(486): CodeIgniter\CodeIgniter->startController()
 6 SYSTEMPATH\CodeIgniter.php(368): CodeIgniter\CodeIgniter->handleRequest(null, Object(Config\Cache), false)
 7 FCPATH\index.php(67): CodeIgniter\CodeIgniter->run()
CRITICAL - 2023-10-02 22:41:56 --> syntax error, unexpected variable "$data"
in APPPATH\Controllers\AdmPost.php on line 1241.
 1 SYSTEMPATH\Autoloader\Autoloader.php(289): CodeIgniter\Autoloader\Autoloader->includeFile('C:\\xampp\\htdocs\\codi\\app\\Controllers\\AdmPost.php')
 2 SYSTEMPATH\Autoloader\Autoloader.php(267): CodeIgniter\Autoloader\Autoloader->loadInNamespace('App\\Controllers\\AdmPost')
 3 [internal function]: CodeIgniter\Autoloader\Autoloader->loadClass('App\\Controllers\\AdmPost')
 4 SYSTEMPATH\CodeIgniter.php(892): class_exists('\\App\\Controllers\\AdmPost', true)
 5 SYSTEMPATH\CodeIgniter.php(486): CodeIgniter\CodeIgniter->startController()
 6 SYSTEMPATH\CodeIgniter.php(368): CodeIgniter\CodeIgniter->handleRequest(null, Object(Config\Cache), false)
 7 FCPATH\index.php(67): CodeIgniter\CodeIgniter->run()
CRITICAL - 2023-10-02 22:41:57 --> syntax error, unexpected variable "$data"
in APPPATH\Controllers\AdmPost.php on line 1241.
 1 SYSTEMPATH\Autoloader\Autoloader.php(289): CodeIgniter\Autoloader\Autoloader->includeFile('C:\\xampp\\htdocs\\codi\\app\\Controllers\\AdmPost.php')
 2 SYSTEMPATH\Autoloader\Autoloader.php(267): CodeIgniter\Autoloader\Autoloader->loadInNamespace('App\\Controllers\\AdmPost')
 3 [internal function]: CodeIgniter\Autoloader\Autoloader->loadClass('App\\Controllers\\AdmPost')
 4 SYSTEMPATH\CodeIgniter.php(892): class_exists('\\App\\Controllers\\AdmPost', true)
 5 SYSTEMPATH\CodeIgniter.php(486): CodeIgniter\CodeIgniter->startController()
 6 SYSTEMPATH\CodeIgniter.php(368): CodeIgniter\CodeIgniter->handleRequest(null, Object(Config\Cache), false)
 7 FCPATH\index.php(67): CodeIgniter\CodeIgniter->run()
CRITICAL - 2023-10-02 22:41:57 --> syntax error, unexpected variable "$data"
in APPPATH\Controllers\AdmPost.php on line 1241.
 1 SYSTEMPATH\Autoloader\Autoloader.php(289): CodeIgniter\Autoloader\Autoloader->includeFile('C:\\xampp\\htdocs\\codi\\app\\Controllers\\AdmPost.php')
 2 SYSTEMPATH\Autoloader\Autoloader.php(267): CodeIgniter\Autoloader\Autoloader->loadInNamespace('App\\Controllers\\AdmPost')
 3 [internal function]: CodeIgniter\Autoloader\Autoloader->loadClass('App\\Controllers\\AdmPost')
 4 SYSTEMPATH\CodeIgniter.php(892): class_exists('\\App\\Controllers\\AdmPost', true)
 5 SYSTEMPATH\CodeIgniter.php(486): CodeIgniter\CodeIgniter->startController()
 6 SYSTEMPATH\CodeIgniter.php(368): CodeIgniter\CodeIgniter->handleRequest(null, Object(Config\Cache), false)
 7 FCPATH\index.php(67): CodeIgniter\CodeIgniter->run()
CRITICAL - 2023-10-02 22:41:58 --> syntax error, unexpected variable "$data"
in APPPATH\Controllers\AdmPost.php on line 1241.
 1 SYSTEMPATH\Autoloader\Autoloader.php(289): CodeIgniter\Autoloader\Autoloader->includeFile('C:\\xampp\\htdocs\\codi\\app\\Controllers\\AdmPost.php')
 2 SYSTEMPATH\Autoloader\Autoloader.php(267): CodeIgniter\Autoloader\Autoloader->loadInNamespace('App\\Controllers\\AdmPost')
 3 [internal function]: CodeIgniter\Autoloader\Autoloader->loadClass('App\\Controllers\\AdmPost')
 4 SYSTEMPATH\CodeIgniter.php(892): class_exists('\\App\\Controllers\\AdmPost', true)
 5 SYSTEMPATH\CodeIgniter.php(486): CodeIgniter\CodeIgniter->startController()
 6 SYSTEMPATH\CodeIgniter.php(368): CodeIgniter\CodeIgniter->handleRequest(null, Object(Config\Cache), false)
 7 FCPATH\index.php(67): CodeIgniter\CodeIgniter->run()
CRITICAL - 2023-10-02 22:41:58 --> syntax error, unexpected variable "$data"
in APPPATH\Controllers\AdmPost.php on line 1241.
 1 SYSTEMPATH\Autoloader\Autoloader.php(289): CodeIgniter\Autoloader\Autoloader->includeFile('C:\\xampp\\htdocs\\codi\\app\\Controllers\\AdmPost.php')
 2 SYSTEMPATH\Autoloader\Autoloader.php(267): CodeIgniter\Autoloader\Autoloader->loadInNamespace('App\\Controllers\\AdmPost')
 3 [internal function]: CodeIgniter\Autoloader\Autoloader->loadClass('App\\Controllers\\AdmPost')
 4 SYSTEMPATH\CodeIgniter.php(892): class_exists('\\App\\Controllers\\AdmPost', true)
 5 SYSTEMPATH\CodeIgniter.php(486): CodeIgniter\CodeIgniter->startController()
 6 SYSTEMPATH\CodeIgniter.php(368): CodeIgniter\CodeIgniter->handleRequest(null, Object(Config\Cache), false)
 7 FCPATH\index.php(67): CodeIgniter\CodeIgniter->run()
CRITICAL - 2023-10-02 22:41:59 --> syntax error, unexpected variable "$data"
in APPPATH\Controllers\AdmPost.php on line 1241.
 1 SYSTEMPATH\Autoloader\Autoloader.php(289): CodeIgniter\Autoloader\Autoloader->includeFile('C:\\xampp\\htdocs\\codi\\app\\Controllers\\AdmPost.php')
 2 SYSTEMPATH\Autoloader\Autoloader.php(267): CodeIgniter\Autoloader\Autoloader->loadInNamespace('App\\Controllers\\AdmPost')
 3 [internal function]: CodeIgniter\Autoloader\Autoloader->loadClass('App\\Controllers\\AdmPost')
 4 SYSTEMPATH\CodeIgniter.php(892): class_exists('\\App\\Controllers\\AdmPost', true)
 5 SYSTEMPATH\CodeIgniter.php(486): CodeIgniter\CodeIgniter->startController()
 6 SYSTEMPATH\CodeIgniter.php(368): CodeIgniter\CodeIgniter->handleRequest(null, Object(Config\Cache), false)
 7 FCPATH\index.php(67): CodeIgniter\CodeIgniter->run()
CRITICAL - 2023-10-02 22:41:59 --> syntax error, unexpected variable "$data"
in APPPATH\Controllers\AdmPost.php on line 1241.
 1 SYSTEMPATH\Autoloader\Autoloader.php(289): CodeIgniter\Autoloader\Autoloader->includeFile('C:\\xampp\\htdocs\\codi\\app\\Controllers\\AdmPost.php')
 2 SYSTEMPATH\Autoloader\Autoloader.php(267): CodeIgniter\Autoloader\Autoloader->loadInNamespace('App\\Controllers\\AdmPost')
 3 [internal function]: CodeIgniter\Autoloader\Autoloader->loadClass('App\\Controllers\\AdmPost')
 4 SYSTEMPATH\CodeIgniter.php(892): class_exists('\\App\\Controllers\\AdmPost', true)
 5 SYSTEMPATH\CodeIgniter.php(486): CodeIgniter\CodeIgniter->startController()
 6 SYSTEMPATH\CodeIgniter.php(368): CodeIgniter\CodeIgniter->handleRequest(null, Object(Config\Cache), false)
 7 FCPATH\index.php(67): CodeIgniter\CodeIgniter->run()
CRITICAL - 2023-10-02 22:42:00 --> syntax error, unexpected variable "$data"
in APPPATH\Controllers\AdmPost.php on line 1241.
 1 SYSTEMPATH\Autoloader\Autoloader.php(289): CodeIgniter\Autoloader\Autoloader->includeFile('C:\\xampp\\htdocs\\codi\\app\\Controllers\\AdmPost.php')
 2 SYSTEMPATH\Autoloader\Autoloader.php(267): CodeIgniter\Autoloader\Autoloader->loadInNamespace('App\\Controllers\\AdmPost')
 3 [internal function]: CodeIgniter\Autoloader\Autoloader->loadClass('App\\Controllers\\AdmPost')
 4 SYSTEMPATH\CodeIgniter.php(892): class_exists('\\App\\Controllers\\AdmPost', true)
 5 SYSTEMPATH\CodeIgniter.php(486): CodeIgniter\CodeIgniter->startController()
 6 SYSTEMPATH\CodeIgniter.php(368): CodeIgniter\CodeIgniter->handleRequest(null, Object(Config\Cache), false)
 7 FCPATH\index.php(67): CodeIgniter\CodeIgniter->run()
CRITICAL - 2023-10-02 22:42:00 --> syntax error, unexpected variable "$data"
in APPPATH\Controllers\AdmPost.php on line 1241.
 1 SYSTEMPATH\Autoloader\Autoloader.php(289): CodeIgniter\Autoloader\Autoloader->includeFile('C:\\xampp\\htdocs\\codi\\app\\Controllers\\AdmPost.php')
 2 SYSTEMPATH\Autoloader\Autoloader.php(267): CodeIgniter\Autoloader\Autoloader->loadInNamespace('App\\Controllers\\AdmPost')
 3 [internal function]: CodeIgniter\Autoloader\Autoloader->loadClass('App\\Controllers\\AdmPost')
 4 SYSTEMPATH\CodeIgniter.php(892): class_exists('\\App\\Controllers\\AdmPost', true)
 5 SYSTEMPATH\CodeIgniter.php(486): CodeIgniter\CodeIgniter->startController()
 6 SYSTEMPATH\CodeIgniter.php(368): CodeIgniter\CodeIgniter->handleRequest(null, Object(Config\Cache), false)
 7 FCPATH\index.php(67): CodeIgniter\CodeIgniter->run()
CRITICAL - 2023-10-02 22:42:01 --> syntax error, unexpected variable "$data"
in APPPATH\Controllers\AdmPost.php on line 1241.
 1 SYSTEMPATH\Autoloader\Autoloader.php(289): CodeIgniter\Autoloader\Autoloader->includeFile('C:\\xampp\\htdocs\\codi\\app\\Controllers\\AdmPost.php')
 2 SYSTEMPATH\Autoloader\Autoloader.php(267): CodeIgniter\Autoloader\Autoloader->loadInNamespace('App\\Controllers\\AdmPost')
 3 [internal function]: CodeIgniter\Autoloader\Autoloader->loadClass('App\\Controllers\\AdmPost')
 4 SYSTEMPATH\CodeIgniter.php(892): class_exists('\\App\\Controllers\\AdmPost', true)
 5 SYSTEMPATH\CodeIgniter.php(486): CodeIgniter\CodeIgniter->startController()
 6 SYSTEMPATH\CodeIgniter.php(368): CodeIgniter\CodeIgniter->handleRequest(null, Object(Config\Cache), false)
 7 FCPATH\index.php(67): CodeIgniter\CodeIgniter->run()
CRITICAL - 2023-10-02 22:42:01 --> syntax error, unexpected variable "$data"
in APPPATH\Controllers\AdmPost.php on line 1241.
 1 SYSTEMPATH\Autoloader\Autoloader.php(289): CodeIgniter\Autoloader\Autoloader->includeFile('C:\\xampp\\htdocs\\codi\\app\\Controllers\\AdmPost.php')
 2 SYSTEMPATH\Autoloader\Autoloader.php(267): CodeIgniter\Autoloader\Autoloader->loadInNamespace('App\\Controllers\\AdmPost')
 3 [internal function]: CodeIgniter\Autoloader\Autoloader->loadClass('App\\Controllers\\AdmPost')
 4 SYSTEMPATH\CodeIgniter.php(892): class_exists('\\App\\Controllers\\AdmPost', true)
 5 SYSTEMPATH\CodeIgniter.php(486): CodeIgniter\CodeIgniter->startController()
 6 SYSTEMPATH\CodeIgniter.php(368): CodeIgniter\CodeIgniter->handleRequest(null, Object(Config\Cache), false)
 7 FCPATH\index.php(67): CodeIgniter\CodeIgniter->run()
CRITICAL - 2023-10-02 22:42:02 --> syntax error, unexpected variable "$data"
in APPPATH\Controllers\AdmPost.php on line 1241.
 1 SYSTEMPATH\Autoloader\Autoloader.php(289): CodeIgniter\Autoloader\Autoloader->includeFile('C:\\xampp\\htdocs\\codi\\app\\Controllers\\AdmPost.php')
 2 SYSTEMPATH\Autoloader\Autoloader.php(267): CodeIgniter\Autoloader\Autoloader->loadInNamespace('App\\Controllers\\AdmPost')
 3 [internal function]: CodeIgniter\Autoloader\Autoloader->loadClass('App\\Controllers\\AdmPost')
 4 SYSTEMPATH\CodeIgniter.php(892): class_exists('\\App\\Controllers\\AdmPost', true)
 5 SYSTEMPATH\CodeIgniter.php(486): CodeIgniter\CodeIgniter->startController()
 6 SYSTEMPATH\CodeIgniter.php(368): CodeIgniter\CodeIgniter->handleRequest(null, Object(Config\Cache), false)
 7 FCPATH\index.php(67): CodeIgniter\CodeIgniter->run()
CRITICAL - 2023-10-02 22:42:02 --> syntax error, unexpected variable "$data"
in APPPATH\Controllers\AdmPost.php on line 1241.
 1 SYSTEMPATH\Autoloader\Autoloader.php(289): CodeIgniter\Autoloader\Autoloader->includeFile('C:\\xampp\\htdocs\\codi\\app\\Controllers\\AdmPost.php')
 2 SYSTEMPATH\Autoloader\Autoloader.php(267): CodeIgniter\Autoloader\Autoloader->loadInNamespace('App\\Controllers\\AdmPost')
 3 [internal function]: CodeIgniter\Autoloader\Autoloader->loadClass('App\\Controllers\\AdmPost')
 4 SYSTEMPATH\CodeIgniter.php(892): class_exists('\\App\\Controllers\\AdmPost', true)
 5 SYSTEMPATH\CodeIgniter.php(486): CodeIgniter\CodeIgniter->startController()
 6 SYSTEMPATH\CodeIgniter.php(368): CodeIgniter\CodeIgniter->handleRequest(null, Object(Config\Cache), false)
 7 FCPATH\index.php(67): CodeIgniter\CodeIgniter->run()
CRITICAL - 2023-10-02 22:42:05 --> syntax error, unexpected variable "$data"
in APPPATH\Controllers\AdmPost.php on line 1241.
 1 SYSTEMPATH\Autoloader\Autoloader.php(289): CodeIgniter\Autoloader\Autoloader->includeFile('C:\\xampp\\htdocs\\codi\\app\\Controllers\\AdmPost.php')
 2 SYSTEMPATH\Autoloader\Autoloader.php(267): CodeIgniter\Autoloader\Autoloader->loadInNamespace('App\\Controllers\\AdmPost')
 3 [internal function]: CodeIgniter\Autoloader\Autoloader->loadClass('App\\Controllers\\AdmPost')
 4 SYSTEMPATH\CodeIgniter.php(892): class_exists('\\App\\Controllers\\AdmPost', true)
 5 SYSTEMPATH\CodeIgniter.php(486): CodeIgniter\CodeIgniter->startController()
 6 SYSTEMPATH\CodeIgniter.php(368): CodeIgniter\CodeIgniter->handleRequest(null, Object(Config\Cache), false)
 7 FCPATH\index.php(67): CodeIgniter\CodeIgniter->run()
CRITICAL - 2023-10-02 22:42:05 --> syntax error, unexpected variable "$data"
in APPPATH\Controllers\AdmPost.php on line 1241.
 1 SYSTEMPATH\Autoloader\Autoloader.php(289): CodeIgniter\Autoloader\Autoloader->includeFile('C:\\xampp\\htdocs\\codi\\app\\Controllers\\AdmPost.php')
 2 SYSTEMPATH\Autoloader\Autoloader.php(267): CodeIgniter\Autoloader\Autoloader->loadInNamespace('App\\Controllers\\AdmPost')
 3 [internal function]: CodeIgniter\Autoloader\Autoloader->loadClass('App\\Controllers\\AdmPost')
 4 SYSTEMPATH\CodeIgniter.php(892): class_exists('\\App\\Controllers\\AdmPost', true)
 5 SYSTEMPATH\CodeIgniter.php(486): CodeIgniter\CodeIgniter->startController()
 6 SYSTEMPATH\CodeIgniter.php(368): CodeIgniter\CodeIgniter->handleRequest(null, Object(Config\Cache), false)
 7 FCPATH\index.php(67): CodeIgniter\CodeIgniter->run()
CRITICAL - 2023-10-02 22:42:06 --> syntax error, unexpected variable "$data"
in APPPATH\Controllers\AdmPost.php on line 1241.
 1 SYSTEMPATH\Autoloader\Autoloader.php(289): CodeIgniter\Autoloader\Autoloader->includeFile('C:\\xampp\\htdocs\\codi\\app\\Controllers\\AdmPost.php')
 2 SYSTEMPATH\Autoloader\Autoloader.php(267): CodeIgniter\Autoloader\Autoloader->loadInNamespace('App\\Controllers\\AdmPost')
 3 [internal function]: CodeIgniter\Autoloader\Autoloader->loadClass('App\\Controllers\\AdmPost')
 4 SYSTEMPATH\CodeIgniter.php(892): class_exists('\\App\\Controllers\\AdmPost', true)
 5 SYSTEMPATH\CodeIgniter.php(486): CodeIgniter\CodeIgniter->startController()
 6 SYSTEMPATH\CodeIgniter.php(368): CodeIgniter\CodeIgniter->handleRequest(null, Object(Config\Cache), false)
 7 FCPATH\index.php(67): CodeIgniter\CodeIgniter->run()
CRITICAL - 2023-10-02 22:42:06 --> syntax error, unexpected variable "$data"
in APPPATH\Controllers\AdmPost.php on line 1241.
 1 SYSTEMPATH\Autoloader\Autoloader.php(289): CodeIgniter\Autoloader\Autoloader->includeFile('C:\\xampp\\htdocs\\codi\\app\\Controllers\\AdmPost.php')
 2 SYSTEMPATH\Autoloader\Autoloader.php(267): CodeIgniter\Autoloader\Autoloader->loadInNamespace('App\\Controllers\\AdmPost')
 3 [internal function]: CodeIgniter\Autoloader\Autoloader->loadClass('App\\Controllers\\AdmPost')
 4 SYSTEMPATH\CodeIgniter.php(892): class_exists('\\App\\Controllers\\AdmPost', true)
 5 SYSTEMPATH\CodeIgniter.php(486): CodeIgniter\CodeIgniter->startController()
 6 SYSTEMPATH\CodeIgniter.php(368): CodeIgniter\CodeIgniter->handleRequest(null, Object(Config\Cache), false)
 7 FCPATH\index.php(67): CodeIgniter\CodeIgniter->run()
CRITICAL - 2023-10-02 22:42:48 --> syntax error, unexpected variable "$data"
in APPPATH\Controllers\AdmPost.php on line 1241.
 1 SYSTEMPATH\Autoloader\Autoloader.php(289): CodeIgniter\Autoloader\Autoloader->includeFile('C:\\xampp\\htdocs\\codi\\app\\Controllers\\AdmPost.php')
 2 SYSTEMPATH\Autoloader\Autoloader.php(267): CodeIgniter\Autoloader\Autoloader->loadInNamespace('App\\Controllers\\AdmPost')
 3 [internal function]: CodeIgniter\Autoloader\Autoloader->loadClass('App\\Controllers\\AdmPost')
 4 SYSTEMPATH\CodeIgniter.php(892): class_exists('\\App\\Controllers\\AdmPost', true)
 5 SYSTEMPATH\CodeIgniter.php(486): CodeIgniter\CodeIgniter->startController()
 6 SYSTEMPATH\CodeIgniter.php(368): CodeIgniter\CodeIgniter->handleRequest(null, Object(Config\Cache), false)
 7 FCPATH\index.php(67): CodeIgniter\CodeIgniter->run()
CRITICAL - 2023-10-02 22:42:48 --> syntax error, unexpected variable "$data"
in APPPATH\Controllers\AdmPost.php on line 1241.
 1 SYSTEMPATH\Autoloader\Autoloader.php(289): CodeIgniter\Autoloader\Autoloader->includeFile('C:\\xampp\\htdocs\\codi\\app\\Controllers\\AdmPost.php')
 2 SYSTEMPATH\Autoloader\Autoloader.php(267): CodeIgniter\Autoloader\Autoloader->loadInNamespace('App\\Controllers\\AdmPost')
 3 [internal function]: CodeIgniter\Autoloader\Autoloader->loadClass('App\\Controllers\\AdmPost')
 4 SYSTEMPATH\CodeIgniter.php(892): class_exists('\\App\\Controllers\\AdmPost', true)
 5 SYSTEMPATH\CodeIgniter.php(486): CodeIgniter\CodeIgniter->startController()
 6 SYSTEMPATH\CodeIgniter.php(368): CodeIgniter\CodeIgniter->handleRequest(null, Object(Config\Cache), false)
 7 FCPATH\index.php(67): CodeIgniter\CodeIgniter->run()
CRITICAL - 2023-10-02 22:43:44 --> Undefined array key "empresa"
in APPPATH\Controllers\AdmPost.php on line 1244.
 1 APPPATH\Controllers\AdmPost.php(1244): CodeIgniter\Debug\Exceptions->errorHandler(2, 'Undefined array key "empresa"', 'C:\\xampp\\htdocs\\codi\\app\\Controllers\\AdmPost.php', 1244)
 2 SYSTEMPATH\CodeIgniter.php(934): App\Controllers\AdmPost->config_empreendimento_update()
 3 SYSTEMPATH\CodeIgniter.php(499): CodeIgniter\CodeIgniter->runController(Object(App\Controllers\AdmPost))
 4 SYSTEMPATH\CodeIgniter.php(368): CodeIgniter\CodeIgniter->handleRequest(null, Object(Config\Cache), false)
 5 FCPATH\index.php(67): CodeIgniter\CodeIgniter->run()
