CRITICAL - 2024-06-05 11:24:43 --> Undefined array key "usuario"
in APPPATH\Controllers\DesenhistaPost.php on line 42.
 1 APPPATH\Controllers\DesenhistaPost.php(42): CodeIgniter\Debug\Exceptions->errorHandler(2, 'Undefined array key "usuario"', 'C:\\xampp\\htdocs\\codi\\app\\Controllers\\DesenhistaPost.php', 42)
 2 SYSTEMPATH\CodeIgniter.php(934): App\Controllers\DesenhistaPost->criar_temp()
 3 SYSTEMPATH\CodeIgniter.php(499): CodeIgniter\CodeIgniter->runController(Object(App\Controllers\DesenhistaPost))
 4 SYSTEMPATH\CodeIgniter.php(368): CodeIgniter\CodeIgniter->handleRequest(null, Object(Config\Cache), false)
 5 FCPATH\index.php(67): CodeIgniter\CodeIgniter->run()
CRITICAL - 2024-06-05 11:24:47 --> Undefined array key "usuario"
in APPPATH\Controllers\DesenhistaPost.php on line 42.
 1 APPPATH\Controllers\DesenhistaPost.php(42): CodeIgniter\Debug\Exceptions->errorHandler(2, 'Undefined array key "usuario"', 'C:\\xampp\\htdocs\\codi\\app\\Controllers\\DesenhistaPost.php', 42)
 2 SYSTEMPATH\CodeIgniter.php(934): App\Controllers\DesenhistaPost->criar_temp()
 3 SYSTEMPATH\CodeIgniter.php(499): CodeIgniter\CodeIgniter->runController(Object(App\Controllers\DesenhistaPost))
 4 SYSTEMPATH\CodeIgniter.php(368): CodeIgniter\CodeIgniter->handleRequest(null, Object(Config\Cache), false)
 5 FCPATH\index.php(67): CodeIgniter\CodeIgniter->run()
CRITICAL - 2024-06-05 11:24:48 --> Undefined array key "usuario"
in APPPATH\Controllers\DesenhistaPost.php on line 42.
 1 APPPATH\Controllers\DesenhistaPost.php(42): CodeIgniter\Debug\Exceptions->errorHandler(2, 'Undefined array key "usuario"', 'C:\\xampp\\htdocs\\codi\\app\\Controllers\\DesenhistaPost.php', 42)
 2 SYSTEMPATH\CodeIgniter.php(934): App\Controllers\DesenhistaPost->criar_temp()
 3 SYSTEMPATH\CodeIgniter.php(499): CodeIgniter\CodeIgniter->runController(Object(App\Controllers\DesenhistaPost))
 4 SYSTEMPATH\CodeIgniter.php(368): CodeIgniter\CodeIgniter->handleRequest(null, Object(Config\Cache), false)
 5 FCPATH\index.php(67): CodeIgniter\CodeIgniter->run()
CRITICAL - 2024-06-05 13:24:46 --> Undefined array key "usuario"
in APPPATH\Controllers\AdmPost.php on line 223.
 1 APPPATH\Controllers\AdmPost.php(223): CodeIgniter\Debug\Exceptions->errorHandler(2, 'Undefined array key "usuario"', 'C:\\xampp\\htdocs\\codi\\app\\Controllers\\AdmPost.php', 223)
 2 SYSTEMPATH\CodeIgniter.php(934): App\Controllers\AdmPost->desenho_meus()
 3 SYSTEMPATH\CodeIgniter.php(499): CodeIgniter\CodeIgniter->runController(Object(App\Controllers\AdmPost))
 4 SYSTEMPATH\CodeIgniter.php(368): CodeIgniter\CodeIgniter->handleRequest(null, Object(Config\Cache), false)
 5 FCPATH\index.php(67): CodeIgniter\CodeIgniter->run()
CRITICAL - 2024-06-05 13:24:47 --> Undefined array key "usuario"
in APPPATH\Controllers\AdmPost.php on line 223.
 1 APPPATH\Controllers\AdmPost.php(223): CodeIgniter\Debug\Exceptions->errorHandler(2, 'Undefined array key "usuario"', 'C:\\xampp\\htdocs\\codi\\app\\Controllers\\AdmPost.php', 223)
 2 SYSTEMPATH\CodeIgniter.php(934): App\Controllers\AdmPost->desenho_meus()
 3 SYSTEMPATH\CodeIgniter.php(499): CodeIgniter\CodeIgniter->runController(Object(App\Controllers\AdmPost))
 4 SYSTEMPATH\CodeIgniter.php(368): CodeIgniter\CodeIgniter->handleRequest(null, Object(Config\Cache), false)
 5 FCPATH\index.php(67): CodeIgniter\CodeIgniter->run()
CRITICAL - 2024-06-05 13:24:47 --> Undefined array key "usuario"
in APPPATH\Controllers\AdmPost.php on line 223.
 1 APPPATH\Controllers\AdmPost.php(223): CodeIgniter\Debug\Exceptions->errorHandler(2, 'Undefined array key "usuario"', 'C:\\xampp\\htdocs\\codi\\app\\Controllers\\AdmPost.php', 223)
 2 SYSTEMPATH\CodeIgniter.php(934): App\Controllers\AdmPost->desenho_meus()
 3 SYSTEMPATH\CodeIgniter.php(499): CodeIgniter\CodeIgniter->runController(Object(App\Controllers\AdmPost))
 4 SYSTEMPATH\CodeIgniter.php(368): CodeIgniter\CodeIgniter->handleRequest(null, Object(Config\Cache), false)
 5 FCPATH\index.php(67): CodeIgniter\CodeIgniter->run()
CRITICAL - 2024-06-05 13:24:50 --> Undefined array key "usuario"
in APPPATH\Controllers\AdmPost.php on line 223.
 1 APPPATH\Controllers\AdmPost.php(223): CodeIgniter\Debug\Exceptions->errorHandler(2, 'Undefined array key "usuario"', 'C:\\xampp\\htdocs\\codi\\app\\Controllers\\AdmPost.php', 223)
 2 SYSTEMPATH\CodeIgniter.php(934): App\Controllers\AdmPost->desenho_meus()
 3 SYSTEMPATH\CodeIgniter.php(499): CodeIgniter\CodeIgniter->runController(Object(App\Controllers\AdmPost))
 4 SYSTEMPATH\CodeIgniter.php(368): CodeIgniter\CodeIgniter->handleRequest(null, Object(Config\Cache), false)
 5 FCPATH\index.php(67): CodeIgniter\CodeIgniter->run()
CRITICAL - 2024-06-05 13:24:50 --> Undefined array key "usuario"
in APPPATH\Controllers\AdmPost.php on line 223.
 1 APPPATH\Controllers\AdmPost.php(223): CodeIgniter\Debug\Exceptions->errorHandler(2, 'Undefined array key "usuario"', 'C:\\xampp\\htdocs\\codi\\app\\Controllers\\AdmPost.php', 223)
 2 SYSTEMPATH\CodeIgniter.php(934): App\Controllers\AdmPost->desenho_meus()
 3 SYSTEMPATH\CodeIgniter.php(499): CodeIgniter\CodeIgniter->runController(Object(App\Controllers\AdmPost))
 4 SYSTEMPATH\CodeIgniter.php(368): CodeIgniter\CodeIgniter->handleRequest(null, Object(Config\Cache), false)
 5 FCPATH\index.php(67): CodeIgniter\CodeIgniter->run()
CRITICAL - 2024-06-05 13:24:50 --> Undefined array key "usuario"
in APPPATH\Controllers\AdmPost.php on line 223.
 1 APPPATH\Controllers\AdmPost.php(223): CodeIgniter\Debug\Exceptions->errorHandler(2, 'Undefined array key "usuario"', 'C:\\xampp\\htdocs\\codi\\app\\Controllers\\AdmPost.php', 223)
 2 SYSTEMPATH\CodeIgniter.php(934): App\Controllers\AdmPost->desenho_meus()
 3 SYSTEMPATH\CodeIgniter.php(499): CodeIgniter\CodeIgniter->runController(Object(App\Controllers\AdmPost))
 4 SYSTEMPATH\CodeIgniter.php(368): CodeIgniter\CodeIgniter->handleRequest(null, Object(Config\Cache), false)
 5 FCPATH\index.php(67): CodeIgniter\CodeIgniter->run()
CRITICAL - 2024-06-05 13:24:51 --> Undefined array key "usuario"
in APPPATH\Controllers\AdmPost.php on line 223.
 1 APPPATH\Controllers\AdmPost.php(223): CodeIgniter\Debug\Exceptions->errorHandler(2, 'Undefined array key "usuario"', 'C:\\xampp\\htdocs\\codi\\app\\Controllers\\AdmPost.php', 223)
 2 SYSTEMPATH\CodeIgniter.php(934): App\Controllers\AdmPost->desenho_meus()
 3 SYSTEMPATH\CodeIgniter.php(499): CodeIgniter\CodeIgniter->runController(Object(App\Controllers\AdmPost))
 4 SYSTEMPATH\CodeIgniter.php(368): CodeIgniter\CodeIgniter->handleRequest(null, Object(Config\Cache), false)
 5 FCPATH\index.php(67): CodeIgniter\CodeIgniter->run()
CRITICAL - 2024-06-05 13:24:52 --> Undefined array key "usuario"
in APPPATH\Controllers\AdmPost.php on line 223.
 1 APPPATH\Controllers\AdmPost.php(223): CodeIgniter\Debug\Exceptions->errorHandler(2, 'Undefined array key "usuario"', 'C:\\xampp\\htdocs\\codi\\app\\Controllers\\AdmPost.php', 223)
 2 SYSTEMPATH\CodeIgniter.php(934): App\Controllers\AdmPost->desenho_meus()
 3 SYSTEMPATH\CodeIgniter.php(499): CodeIgniter\CodeIgniter->runController(Object(App\Controllers\AdmPost))
 4 SYSTEMPATH\CodeIgniter.php(368): CodeIgniter\CodeIgniter->handleRequest(null, Object(Config\Cache), false)
 5 FCPATH\index.php(67): CodeIgniter\CodeIgniter->run()
CRITICAL - 2024-06-05 13:24:53 --> Undefined array key "usuario"
in APPPATH\Controllers\AdmPost.php on line 223.
 1 APPPATH\Controllers\AdmPost.php(223): CodeIgniter\Debug\Exceptions->errorHandler(2, 'Undefined array key "usuario"', 'C:\\xampp\\htdocs\\codi\\app\\Controllers\\AdmPost.php', 223)
 2 SYSTEMPATH\CodeIgniter.php(934): App\Controllers\AdmPost->desenho_meus()
 3 SYSTEMPATH\CodeIgniter.php(499): CodeIgniter\CodeIgniter->runController(Object(App\Controllers\AdmPost))
 4 SYSTEMPATH\CodeIgniter.php(368): CodeIgniter\CodeIgniter->handleRequest(null, Object(Config\Cache), false)
 5 FCPATH\index.php(67): CodeIgniter\CodeIgniter->run()
CRITICAL - 2024-06-05 13:24:54 --> Undefined array key "usuario"
in APPPATH\Controllers\AdmPost.php on line 223.
 1 APPPATH\Controllers\AdmPost.php(223): CodeIgniter\Debug\Exceptions->errorHandler(2, 'Undefined array key "usuario"', 'C:\\xampp\\htdocs\\codi\\app\\Controllers\\AdmPost.php', 223)
 2 SYSTEMPATH\CodeIgniter.php(934): App\Controllers\AdmPost->desenho_meus()
 3 SYSTEMPATH\CodeIgniter.php(499): CodeIgniter\CodeIgniter->runController(Object(App\Controllers\AdmPost))
 4 SYSTEMPATH\CodeIgniter.php(368): CodeIgniter\CodeIgniter->handleRequest(null, Object(Config\Cache), false)
 5 FCPATH\index.php(67): CodeIgniter\CodeIgniter->run()
CRITICAL - 2024-06-05 13:24:55 --> Undefined array key "usuario"
in APPPATH\Controllers\AdmPost.php on line 223.
 1 APPPATH\Controllers\AdmPost.php(223): CodeIgniter\Debug\Exceptions->errorHandler(2, 'Undefined array key "usuario"', 'C:\\xampp\\htdocs\\codi\\app\\Controllers\\AdmPost.php', 223)
 2 SYSTEMPATH\CodeIgniter.php(934): App\Controllers\AdmPost->desenho_meus()
 3 SYSTEMPATH\CodeIgniter.php(499): CodeIgniter\CodeIgniter->runController(Object(App\Controllers\AdmPost))
 4 SYSTEMPATH\CodeIgniter.php(368): CodeIgniter\CodeIgniter->handleRequest(null, Object(Config\Cache), false)
 5 FCPATH\index.php(67): CodeIgniter\CodeIgniter->run()
CRITICAL - 2024-06-05 13:24:56 --> Undefined array key "usuario"
in APPPATH\Controllers\AdmPost.php on line 223.
 1 APPPATH\Controllers\AdmPost.php(223): CodeIgniter\Debug\Exceptions->errorHandler(2, 'Undefined array key "usuario"', 'C:\\xampp\\htdocs\\codi\\app\\Controllers\\AdmPost.php', 223)
 2 SYSTEMPATH\CodeIgniter.php(934): App\Controllers\AdmPost->desenho_meus()
 3 SYSTEMPATH\CodeIgniter.php(499): CodeIgniter\CodeIgniter->runController(Object(App\Controllers\AdmPost))
 4 SYSTEMPATH\CodeIgniter.php(368): CodeIgniter\CodeIgniter->handleRequest(null, Object(Config\Cache), false)
 5 FCPATH\index.php(67): CodeIgniter\CodeIgniter->run()
CRITICAL - 2024-06-05 13:24:57 --> Undefined array key "usuario"
in APPPATH\Controllers\AdmPost.php on line 223.
 1 APPPATH\Controllers\AdmPost.php(223): CodeIgniter\Debug\Exceptions->errorHandler(2, 'Undefined array key "usuario"', 'C:\\xampp\\htdocs\\codi\\app\\Controllers\\AdmPost.php', 223)
 2 SYSTEMPATH\CodeIgniter.php(934): App\Controllers\AdmPost->desenho_meus()
 3 SYSTEMPATH\CodeIgniter.php(499): CodeIgniter\CodeIgniter->runController(Object(App\Controllers\AdmPost))
 4 SYSTEMPATH\CodeIgniter.php(368): CodeIgniter\CodeIgniter->handleRequest(null, Object(Config\Cache), false)
 5 FCPATH\index.php(67): CodeIgniter\CodeIgniter->run()
CRITICAL - 2024-06-05 13:24:58 --> Undefined array key "usuario"
in APPPATH\Controllers\AdmPost.php on line 223.
 1 APPPATH\Controllers\AdmPost.php(223): CodeIgniter\Debug\Exceptions->errorHandler(2, 'Undefined array key "usuario"', 'C:\\xampp\\htdocs\\codi\\app\\Controllers\\AdmPost.php', 223)
 2 SYSTEMPATH\CodeIgniter.php(934): App\Controllers\AdmPost->desenho_meus()
 3 SYSTEMPATH\CodeIgniter.php(499): CodeIgniter\CodeIgniter->runController(Object(App\Controllers\AdmPost))
 4 SYSTEMPATH\CodeIgniter.php(368): CodeIgniter\CodeIgniter->handleRequest(null, Object(Config\Cache), false)
 5 FCPATH\index.php(67): CodeIgniter\CodeIgniter->run()
CRITICAL - 2024-06-05 13:24:59 --> Undefined array key "usuario"
in APPPATH\Controllers\AdmPost.php on line 223.
 1 APPPATH\Controllers\AdmPost.php(223): CodeIgniter\Debug\Exceptions->errorHandler(2, 'Undefined array key "usuario"', 'C:\\xampp\\htdocs\\codi\\app\\Controllers\\AdmPost.php', 223)
 2 SYSTEMPATH\CodeIgniter.php(934): App\Controllers\AdmPost->desenho_meus()
 3 SYSTEMPATH\CodeIgniter.php(499): CodeIgniter\CodeIgniter->runController(Object(App\Controllers\AdmPost))
 4 SYSTEMPATH\CodeIgniter.php(368): CodeIgniter\CodeIgniter->handleRequest(null, Object(Config\Cache), false)
 5 FCPATH\index.php(67): CodeIgniter\CodeIgniter->run()
CRITICAL - 2024-06-05 13:25:00 --> Undefined array key "usuario"
in APPPATH\Controllers\AdmPost.php on line 223.
 1 APPPATH\Controllers\AdmPost.php(223): CodeIgniter\Debug\Exceptions->errorHandler(2, 'Undefined array key "usuario"', 'C:\\xampp\\htdocs\\codi\\app\\Controllers\\AdmPost.php', 223)
 2 SYSTEMPATH\CodeIgniter.php(934): App\Controllers\AdmPost->desenho_meus()
 3 SYSTEMPATH\CodeIgniter.php(499): CodeIgniter\CodeIgniter->runController(Object(App\Controllers\AdmPost))
 4 SYSTEMPATH\CodeIgniter.php(368): CodeIgniter\CodeIgniter->handleRequest(null, Object(Config\Cache), false)
 5 FCPATH\index.php(67): CodeIgniter\CodeIgniter->run()
CRITICAL - 2024-06-05 13:25:01 --> Undefined array key "usuario"
in APPPATH\Controllers\AdmPost.php on line 223.
 1 APPPATH\Controllers\AdmPost.php(223): CodeIgniter\Debug\Exceptions->errorHandler(2, 'Undefined array key "usuario"', 'C:\\xampp\\htdocs\\codi\\app\\Controllers\\AdmPost.php', 223)
 2 SYSTEMPATH\CodeIgniter.php(934): App\Controllers\AdmPost->desenho_meus()
 3 SYSTEMPATH\CodeIgniter.php(499): CodeIgniter\CodeIgniter->runController(Object(App\Controllers\AdmPost))
 4 SYSTEMPATH\CodeIgniter.php(368): CodeIgniter\CodeIgniter->handleRequest(null, Object(Config\Cache), false)
 5 FCPATH\index.php(67): CodeIgniter\CodeIgniter->run()
CRITICAL - 2024-06-05 13:25:02 --> Undefined array key "usuario"
in APPPATH\Controllers\AdmPost.php on line 223.
 1 APPPATH\Controllers\AdmPost.php(223): CodeIgniter\Debug\Exceptions->errorHandler(2, 'Undefined array key "usuario"', 'C:\\xampp\\htdocs\\codi\\app\\Controllers\\AdmPost.php', 223)
 2 SYSTEMPATH\CodeIgniter.php(934): App\Controllers\AdmPost->desenho_meus()
 3 SYSTEMPATH\CodeIgniter.php(499): CodeIgniter\CodeIgniter->runController(Object(App\Controllers\AdmPost))
 4 SYSTEMPATH\CodeIgniter.php(368): CodeIgniter\CodeIgniter->handleRequest(null, Object(Config\Cache), false)
 5 FCPATH\index.php(67): CodeIgniter\CodeIgniter->run()
CRITICAL - 2024-06-05 13:25:03 --> Undefined array key "usuario"
in APPPATH\Controllers\AdmPost.php on line 223.
 1 APPPATH\Controllers\AdmPost.php(223): CodeIgniter\Debug\Exceptions->errorHandler(2, 'Undefined array key "usuario"', 'C:\\xampp\\htdocs\\codi\\app\\Controllers\\AdmPost.php', 223)
 2 SYSTEMPATH\CodeIgniter.php(934): App\Controllers\AdmPost->desenho_meus()
 3 SYSTEMPATH\CodeIgniter.php(499): CodeIgniter\CodeIgniter->runController(Object(App\Controllers\AdmPost))
 4 SYSTEMPATH\CodeIgniter.php(368): CodeIgniter\CodeIgniter->handleRequest(null, Object(Config\Cache), false)
 5 FCPATH\index.php(67): CodeIgniter\CodeIgniter->run()
CRITICAL - 2024-06-05 13:25:04 --> Undefined array key "usuario"
in APPPATH\Controllers\AdmPost.php on line 223.
 1 APPPATH\Controllers\AdmPost.php(223): CodeIgniter\Debug\Exceptions->errorHandler(2, 'Undefined array key "usuario"', 'C:\\xampp\\htdocs\\codi\\app\\Controllers\\AdmPost.php', 223)
 2 SYSTEMPATH\CodeIgniter.php(934): App\Controllers\AdmPost->desenho_meus()
 3 SYSTEMPATH\CodeIgniter.php(499): CodeIgniter\CodeIgniter->runController(Object(App\Controllers\AdmPost))
 4 SYSTEMPATH\CodeIgniter.php(368): CodeIgniter\CodeIgniter->handleRequest(null, Object(Config\Cache), false)
 5 FCPATH\index.php(67): CodeIgniter\CodeIgniter->run()
CRITICAL - 2024-06-05 13:25:05 --> Undefined array key "usuario"
in APPPATH\Controllers\AdmPost.php on line 223.
 1 APPPATH\Controllers\AdmPost.php(223): CodeIgniter\Debug\Exceptions->errorHandler(2, 'Undefined array key "usuario"', 'C:\\xampp\\htdocs\\codi\\app\\Controllers\\AdmPost.php', 223)
 2 SYSTEMPATH\CodeIgniter.php(934): App\Controllers\AdmPost->desenho_meus()
 3 SYSTEMPATH\CodeIgniter.php(499): CodeIgniter\CodeIgniter->runController(Object(App\Controllers\AdmPost))
 4 SYSTEMPATH\CodeIgniter.php(368): CodeIgniter\CodeIgniter->handleRequest(null, Object(Config\Cache), false)
 5 FCPATH\index.php(67): CodeIgniter\CodeIgniter->run()
CRITICAL - 2024-06-05 13:25:06 --> Undefined array key "usuario"
in APPPATH\Controllers\AdmPost.php on line 223.
 1 APPPATH\Controllers\AdmPost.php(223): CodeIgniter\Debug\Exceptions->errorHandler(2, 'Undefined array key "usuario"', 'C:\\xampp\\htdocs\\codi\\app\\Controllers\\AdmPost.php', 223)
 2 SYSTEMPATH\CodeIgniter.php(934): App\Controllers\AdmPost->desenho_meus()
 3 SYSTEMPATH\CodeIgniter.php(499): CodeIgniter\CodeIgniter->runController(Object(App\Controllers\AdmPost))
 4 SYSTEMPATH\CodeIgniter.php(368): CodeIgniter\CodeIgniter->handleRequest(null, Object(Config\Cache), false)
 5 FCPATH\index.php(67): CodeIgniter\CodeIgniter->run()
CRITICAL - 2024-06-05 13:25:07 --> Undefined array key "usuario"
in APPPATH\Controllers\AdmPost.php on line 223.
 1 APPPATH\Controllers\AdmPost.php(223): CodeIgniter\Debug\Exceptions->errorHandler(2, 'Undefined array key "usuario"', 'C:\\xampp\\htdocs\\codi\\app\\Controllers\\AdmPost.php', 223)
 2 SYSTEMPATH\CodeIgniter.php(934): App\Controllers\AdmPost->desenho_meus()
 3 SYSTEMPATH\CodeIgniter.php(499): CodeIgniter\CodeIgniter->runController(Object(App\Controllers\AdmPost))
 4 SYSTEMPATH\CodeIgniter.php(368): CodeIgniter\CodeIgniter->handleRequest(null, Object(Config\Cache), false)
 5 FCPATH\index.php(67): CodeIgniter\CodeIgniter->run()
CRITICAL - 2024-06-05 13:25:08 --> Undefined array key "usuario"
in APPPATH\Controllers\AdmPost.php on line 223.
 1 APPPATH\Controllers\AdmPost.php(223): CodeIgniter\Debug\Exceptions->errorHandler(2, 'Undefined array key "usuario"', 'C:\\xampp\\htdocs\\codi\\app\\Controllers\\AdmPost.php', 223)
 2 SYSTEMPATH\CodeIgniter.php(934): App\Controllers\AdmPost->desenho_meus()
 3 SYSTEMPATH\CodeIgniter.php(499): CodeIgniter\CodeIgniter->runController(Object(App\Controllers\AdmPost))
 4 SYSTEMPATH\CodeIgniter.php(368): CodeIgniter\CodeIgniter->handleRequest(null, Object(Config\Cache), false)
 5 FCPATH\index.php(67): CodeIgniter\CodeIgniter->run()
CRITICAL - 2024-06-05 13:25:09 --> Undefined array key "usuario"
in APPPATH\Controllers\AdmPost.php on line 223.
 1 APPPATH\Controllers\AdmPost.php(223): CodeIgniter\Debug\Exceptions->errorHandler(2, 'Undefined array key "usuario"', 'C:\\xampp\\htdocs\\codi\\app\\Controllers\\AdmPost.php', 223)
 2 SYSTEMPATH\CodeIgniter.php(934): App\Controllers\AdmPost->desenho_meus()
 3 SYSTEMPATH\CodeIgniter.php(499): CodeIgniter\CodeIgniter->runController(Object(App\Controllers\AdmPost))
 4 SYSTEMPATH\CodeIgniter.php(368): CodeIgniter\CodeIgniter->handleRequest(null, Object(Config\Cache), false)
 5 FCPATH\index.php(67): CodeIgniter\CodeIgniter->run()
CRITICAL - 2024-06-05 13:25:10 --> Undefined array key "usuario"
in APPPATH\Controllers\AdmPost.php on line 223.
 1 APPPATH\Controllers\AdmPost.php(223): CodeIgniter\Debug\Exceptions->errorHandler(2, 'Undefined array key "usuario"', 'C:\\xampp\\htdocs\\codi\\app\\Controllers\\AdmPost.php', 223)
 2 SYSTEMPATH\CodeIgniter.php(934): App\Controllers\AdmPost->desenho_meus()
 3 SYSTEMPATH\CodeIgniter.php(499): CodeIgniter\CodeIgniter->runController(Object(App\Controllers\AdmPost))
 4 SYSTEMPATH\CodeIgniter.php(368): CodeIgniter\CodeIgniter->handleRequest(null, Object(Config\Cache), false)
 5 FCPATH\index.php(67): CodeIgniter\CodeIgniter->run()
CRITICAL - 2024-06-05 13:25:11 --> Undefined array key "usuario"
in APPPATH\Controllers\AdmPost.php on line 223.
 1 APPPATH\Controllers\AdmPost.php(223): CodeIgniter\Debug\Exceptions->errorHandler(2, 'Undefined array key "usuario"', 'C:\\xampp\\htdocs\\codi\\app\\Controllers\\AdmPost.php', 223)
 2 SYSTEMPATH\CodeIgniter.php(934): App\Controllers\AdmPost->desenho_meus()
 3 SYSTEMPATH\CodeIgniter.php(499): CodeIgniter\CodeIgniter->runController(Object(App\Controllers\AdmPost))
 4 SYSTEMPATH\CodeIgniter.php(368): CodeIgniter\CodeIgniter->handleRequest(null, Object(Config\Cache), false)
 5 FCPATH\index.php(67): CodeIgniter\CodeIgniter->run()
CRITICAL - 2024-06-05 13:25:12 --> Undefined array key "usuario"
in APPPATH\Controllers\AdmPost.php on line 223.
 1 APPPATH\Controllers\AdmPost.php(223): CodeIgniter\Debug\Exceptions->errorHandler(2, 'Undefined array key "usuario"', 'C:\\xampp\\htdocs\\codi\\app\\Controllers\\AdmPost.php', 223)
 2 SYSTEMPATH\CodeIgniter.php(934): App\Controllers\AdmPost->desenho_meus()
 3 SYSTEMPATH\CodeIgniter.php(499): CodeIgniter\CodeIgniter->runController(Object(App\Controllers\AdmPost))
 4 SYSTEMPATH\CodeIgniter.php(368): CodeIgniter\CodeIgniter->handleRequest(null, Object(Config\Cache), false)
 5 FCPATH\index.php(67): CodeIgniter\CodeIgniter->run()
CRITICAL - 2024-06-05 13:25:13 --> Undefined array key "usuario"
in APPPATH\Controllers\AdmPost.php on line 223.
 1 APPPATH\Controllers\AdmPost.php(223): CodeIgniter\Debug\Exceptions->errorHandler(2, 'Undefined array key "usuario"', 'C:\\xampp\\htdocs\\codi\\app\\Controllers\\AdmPost.php', 223)
 2 SYSTEMPATH\CodeIgniter.php(934): App\Controllers\AdmPost->desenho_meus()
 3 SYSTEMPATH\CodeIgniter.php(499): CodeIgniter\CodeIgniter->runController(Object(App\Controllers\AdmPost))
 4 SYSTEMPATH\CodeIgniter.php(368): CodeIgniter\CodeIgniter->handleRequest(null, Object(Config\Cache), false)
 5 FCPATH\index.php(67): CodeIgniter\CodeIgniter->run()
CRITICAL - 2024-06-05 13:25:14 --> Undefined array key "usuario"
in APPPATH\Controllers\AdmPost.php on line 223.
 1 APPPATH\Controllers\AdmPost.php(223): CodeIgniter\Debug\Exceptions->errorHandler(2, 'Undefined array key "usuario"', 'C:\\xampp\\htdocs\\codi\\app\\Controllers\\AdmPost.php', 223)
 2 SYSTEMPATH\CodeIgniter.php(934): App\Controllers\AdmPost->desenho_meus()
 3 SYSTEMPATH\CodeIgniter.php(499): CodeIgniter\CodeIgniter->runController(Object(App\Controllers\AdmPost))
 4 SYSTEMPATH\CodeIgniter.php(368): CodeIgniter\CodeIgniter->handleRequest(null, Object(Config\Cache), false)
 5 FCPATH\index.php(67): CodeIgniter\CodeIgniter->run()
CRITICAL - 2024-06-05 13:25:15 --> Undefined array key "usuario"
in APPPATH\Controllers\AdmPost.php on line 223.
 1 APPPATH\Controllers\AdmPost.php(223): CodeIgniter\Debug\Exceptions->errorHandler(2, 'Undefined array key "usuario"', 'C:\\xampp\\htdocs\\codi\\app\\Controllers\\AdmPost.php', 223)
 2 SYSTEMPATH\CodeIgniter.php(934): App\Controllers\AdmPost->desenho_meus()
 3 SYSTEMPATH\CodeIgniter.php(499): CodeIgniter\CodeIgniter->runController(Object(App\Controllers\AdmPost))
 4 SYSTEMPATH\CodeIgniter.php(368): CodeIgniter\CodeIgniter->handleRequest(null, Object(Config\Cache), false)
 5 FCPATH\index.php(67): CodeIgniter\CodeIgniter->run()
CRITICAL - 2024-06-05 13:25:16 --> Undefined array key "usuario"
in APPPATH\Controllers\AdmPost.php on line 223.
 1 APPPATH\Controllers\AdmPost.php(223): CodeIgniter\Debug\Exceptions->errorHandler(2, 'Undefined array key "usuario"', 'C:\\xampp\\htdocs\\codi\\app\\Controllers\\AdmPost.php', 223)
 2 SYSTEMPATH\CodeIgniter.php(934): App\Controllers\AdmPost->desenho_meus()
 3 SYSTEMPATH\CodeIgniter.php(499): CodeIgniter\CodeIgniter->runController(Object(App\Controllers\AdmPost))
 4 SYSTEMPATH\CodeIgniter.php(368): CodeIgniter\CodeIgniter->handleRequest(null, Object(Config\Cache), false)
 5 FCPATH\index.php(67): CodeIgniter\CodeIgniter->run()
CRITICAL - 2024-06-05 13:25:17 --> Undefined array key "usuario"
in APPPATH\Controllers\AdmPost.php on line 223.
 1 APPPATH\Controllers\AdmPost.php(223): CodeIgniter\Debug\Exceptions->errorHandler(2, 'Undefined array key "usuario"', 'C:\\xampp\\htdocs\\codi\\app\\Controllers\\AdmPost.php', 223)
 2 SYSTEMPATH\CodeIgniter.php(934): App\Controllers\AdmPost->desenho_meus()
 3 SYSTEMPATH\CodeIgniter.php(499): CodeIgniter\CodeIgniter->runController(Object(App\Controllers\AdmPost))
 4 SYSTEMPATH\CodeIgniter.php(368): CodeIgniter\CodeIgniter->handleRequest(null, Object(Config\Cache), false)
 5 FCPATH\index.php(67): CodeIgniter\CodeIgniter->run()
CRITICAL - 2024-06-05 13:25:18 --> Undefined array key "usuario"
in APPPATH\Controllers\AdmPost.php on line 223.
 1 APPPATH\Controllers\AdmPost.php(223): CodeIgniter\Debug\Exceptions->errorHandler(2, 'Undefined array key "usuario"', 'C:\\xampp\\htdocs\\codi\\app\\Controllers\\AdmPost.php', 223)
 2 SYSTEMPATH\CodeIgniter.php(934): App\Controllers\AdmPost->desenho_meus()
 3 SYSTEMPATH\CodeIgniter.php(499): CodeIgniter\CodeIgniter->runController(Object(App\Controllers\AdmPost))
 4 SYSTEMPATH\CodeIgniter.php(368): CodeIgniter\CodeIgniter->handleRequest(null, Object(Config\Cache), false)
 5 FCPATH\index.php(67): CodeIgniter\CodeIgniter->run()
CRITICAL - 2024-06-05 13:25:19 --> Undefined array key "usuario"
in APPPATH\Controllers\AdmPost.php on line 223.
 1 APPPATH\Controllers\AdmPost.php(223): CodeIgniter\Debug\Exceptions->errorHandler(2, 'Undefined array key "usuario"', 'C:\\xampp\\htdocs\\codi\\app\\Controllers\\AdmPost.php', 223)
 2 SYSTEMPATH\CodeIgniter.php(934): App\Controllers\AdmPost->desenho_meus()
 3 SYSTEMPATH\CodeIgniter.php(499): CodeIgniter\CodeIgniter->runController(Object(App\Controllers\AdmPost))
 4 SYSTEMPATH\CodeIgniter.php(368): CodeIgniter\CodeIgniter->handleRequest(null, Object(Config\Cache), false)
 5 FCPATH\index.php(67): CodeIgniter\CodeIgniter->run()
CRITICAL - 2024-06-05 13:25:20 --> Undefined array key "usuario"
in APPPATH\Controllers\AdmPost.php on line 223.
 1 APPPATH\Controllers\AdmPost.php(223): CodeIgniter\Debug\Exceptions->errorHandler(2, 'Undefined array key "usuario"', 'C:\\xampp\\htdocs\\codi\\app\\Controllers\\AdmPost.php', 223)
 2 SYSTEMPATH\CodeIgniter.php(934): App\Controllers\AdmPost->desenho_meus()
 3 SYSTEMPATH\CodeIgniter.php(499): CodeIgniter\CodeIgniter->runController(Object(App\Controllers\AdmPost))
 4 SYSTEMPATH\CodeIgniter.php(368): CodeIgniter\CodeIgniter->handleRequest(null, Object(Config\Cache), false)
 5 FCPATH\index.php(67): CodeIgniter\CodeIgniter->run()
CRITICAL - 2024-06-05 13:25:21 --> Undefined array key "usuario"
in APPPATH\Controllers\AdmPost.php on line 223.
 1 APPPATH\Controllers\AdmPost.php(223): CodeIgniter\Debug\Exceptions->errorHandler(2, 'Undefined array key "usuario"', 'C:\\xampp\\htdocs\\codi\\app\\Controllers\\AdmPost.php', 223)
 2 SYSTEMPATH\CodeIgniter.php(934): App\Controllers\AdmPost->desenho_meus()
 3 SYSTEMPATH\CodeIgniter.php(499): CodeIgniter\CodeIgniter->runController(Object(App\Controllers\AdmPost))
 4 SYSTEMPATH\CodeIgniter.php(368): CodeIgniter\CodeIgniter->handleRequest(null, Object(Config\Cache), false)
 5 FCPATH\index.php(67): CodeIgniter\CodeIgniter->run()
CRITICAL - 2024-06-05 13:25:22 --> Undefined array key "usuario"
in APPPATH\Controllers\AdmPost.php on line 223.
 1 APPPATH\Controllers\AdmPost.php(223): CodeIgniter\Debug\Exceptions->errorHandler(2, 'Undefined array key "usuario"', 'C:\\xampp\\htdocs\\codi\\app\\Controllers\\AdmPost.php', 223)
 2 SYSTEMPATH\CodeIgniter.php(934): App\Controllers\AdmPost->desenho_meus()
 3 SYSTEMPATH\CodeIgniter.php(499): CodeIgniter\CodeIgniter->runController(Object(App\Controllers\AdmPost))
 4 SYSTEMPATH\CodeIgniter.php(368): CodeIgniter\CodeIgniter->handleRequest(null, Object(Config\Cache), false)
 5 FCPATH\index.php(67): CodeIgniter\CodeIgniter->run()
CRITICAL - 2024-06-05 13:25:23 --> Undefined array key "usuario"
in APPPATH\Controllers\AdmPost.php on line 223.
 1 APPPATH\Controllers\AdmPost.php(223): CodeIgniter\Debug\Exceptions->errorHandler(2, 'Undefined array key "usuario"', 'C:\\xampp\\htdocs\\codi\\app\\Controllers\\AdmPost.php', 223)
 2 SYSTEMPATH\CodeIgniter.php(934): App\Controllers\AdmPost->desenho_meus()
 3 SYSTEMPATH\CodeIgniter.php(499): CodeIgniter\CodeIgniter->runController(Object(App\Controllers\AdmPost))
 4 SYSTEMPATH\CodeIgniter.php(368): CodeIgniter\CodeIgniter->handleRequest(null, Object(Config\Cache), false)
 5 FCPATH\index.php(67): CodeIgniter\CodeIgniter->run()
CRITICAL - 2024-06-05 13:25:24 --> Undefined array key "usuario"
in APPPATH\Controllers\AdmPost.php on line 223.
 1 APPPATH\Controllers\AdmPost.php(223): CodeIgniter\Debug\Exceptions->errorHandler(2, 'Undefined array key "usuario"', 'C:\\xampp\\htdocs\\codi\\app\\Controllers\\AdmPost.php', 223)
 2 SYSTEMPATH\CodeIgniter.php(934): App\Controllers\AdmPost->desenho_meus()
 3 SYSTEMPATH\CodeIgniter.php(499): CodeIgniter\CodeIgniter->runController(Object(App\Controllers\AdmPost))
 4 SYSTEMPATH\CodeIgniter.php(368): CodeIgniter\CodeIgniter->handleRequest(null, Object(Config\Cache), false)
 5 FCPATH\index.php(67): CodeIgniter\CodeIgniter->run()
CRITICAL - 2024-06-05 13:25:25 --> Undefined array key "usuario"
in APPPATH\Controllers\AdmPost.php on line 223.
 1 APPPATH\Controllers\AdmPost.php(223): CodeIgniter\Debug\Exceptions->errorHandler(2, 'Undefined array key "usuario"', 'C:\\xampp\\htdocs\\codi\\app\\Controllers\\AdmPost.php', 223)
 2 SYSTEMPATH\CodeIgniter.php(934): App\Controllers\AdmPost->desenho_meus()
 3 SYSTEMPATH\CodeIgniter.php(499): CodeIgniter\CodeIgniter->runController(Object(App\Controllers\AdmPost))
 4 SYSTEMPATH\CodeIgniter.php(368): CodeIgniter\CodeIgniter->handleRequest(null, Object(Config\Cache), false)
 5 FCPATH\index.php(67): CodeIgniter\CodeIgniter->run()
CRITICAL - 2024-06-05 13:25:26 --> Undefined array key "usuario"
in APPPATH\Controllers\AdmPost.php on line 223.
 1 APPPATH\Controllers\AdmPost.php(223): CodeIgniter\Debug\Exceptions->errorHandler(2, 'Undefined array key "usuario"', 'C:\\xampp\\htdocs\\codi\\app\\Controllers\\AdmPost.php', 223)
 2 SYSTEMPATH\CodeIgniter.php(934): App\Controllers\AdmPost->desenho_meus()
 3 SYSTEMPATH\CodeIgniter.php(499): CodeIgniter\CodeIgniter->runController(Object(App\Controllers\AdmPost))
 4 SYSTEMPATH\CodeIgniter.php(368): CodeIgniter\CodeIgniter->handleRequest(null, Object(Config\Cache), false)
 5 FCPATH\index.php(67): CodeIgniter\CodeIgniter->run()
CRITICAL - 2024-06-05 13:25:27 --> Undefined array key "usuario"
in APPPATH\Controllers\AdmPost.php on line 223.
 1 APPPATH\Controllers\AdmPost.php(223): CodeIgniter\Debug\Exceptions->errorHandler(2, 'Undefined array key "usuario"', 'C:\\xampp\\htdocs\\codi\\app\\Controllers\\AdmPost.php', 223)
 2 SYSTEMPATH\CodeIgniter.php(934): App\Controllers\AdmPost->desenho_meus()
 3 SYSTEMPATH\CodeIgniter.php(499): CodeIgniter\CodeIgniter->runController(Object(App\Controllers\AdmPost))
 4 SYSTEMPATH\CodeIgniter.php(368): CodeIgniter\CodeIgniter->handleRequest(null, Object(Config\Cache), false)
 5 FCPATH\index.php(67): CodeIgniter\CodeIgniter->run()
CRITICAL - 2024-06-05 13:25:28 --> Undefined array key "usuario"
in APPPATH\Controllers\AdmPost.php on line 223.
 1 APPPATH\Controllers\AdmPost.php(223): CodeIgniter\Debug\Exceptions->errorHandler(2, 'Undefined array key "usuario"', 'C:\\xampp\\htdocs\\codi\\app\\Controllers\\AdmPost.php', 223)
 2 SYSTEMPATH\CodeIgniter.php(934): App\Controllers\AdmPost->desenho_meus()
 3 SYSTEMPATH\CodeIgniter.php(499): CodeIgniter\CodeIgniter->runController(Object(App\Controllers\AdmPost))
 4 SYSTEMPATH\CodeIgniter.php(368): CodeIgniter\CodeIgniter->handleRequest(null, Object(Config\Cache), false)
 5 FCPATH\index.php(67): CodeIgniter\CodeIgniter->run()
CRITICAL - 2024-06-05 13:25:29 --> Undefined array key "usuario"
in APPPATH\Controllers\AdmPost.php on line 223.
 1 APPPATH\Controllers\AdmPost.php(223): CodeIgniter\Debug\Exceptions->errorHandler(2, 'Undefined array key "usuario"', 'C:\\xampp\\htdocs\\codi\\app\\Controllers\\AdmPost.php', 223)
 2 SYSTEMPATH\CodeIgniter.php(934): App\Controllers\AdmPost->desenho_meus()
 3 SYSTEMPATH\CodeIgniter.php(499): CodeIgniter\CodeIgniter->runController(Object(App\Controllers\AdmPost))
 4 SYSTEMPATH\CodeIgniter.php(368): CodeIgniter\CodeIgniter->handleRequest(null, Object(Config\Cache), false)
 5 FCPATH\index.php(67): CodeIgniter\CodeIgniter->run()
CRITICAL - 2024-06-05 13:25:30 --> Undefined array key "usuario"
in APPPATH\Controllers\AdmPost.php on line 223.
 1 APPPATH\Controllers\AdmPost.php(223): CodeIgniter\Debug\Exceptions->errorHandler(2, 'Undefined array key "usuario"', 'C:\\xampp\\htdocs\\codi\\app\\Controllers\\AdmPost.php', 223)
 2 SYSTEMPATH\CodeIgniter.php(934): App\Controllers\AdmPost->desenho_meus()
 3 SYSTEMPATH\CodeIgniter.php(499): CodeIgniter\CodeIgniter->runController(Object(App\Controllers\AdmPost))
 4 SYSTEMPATH\CodeIgniter.php(368): CodeIgniter\CodeIgniter->handleRequest(null, Object(Config\Cache), false)
 5 FCPATH\index.php(67): CodeIgniter\CodeIgniter->run()
CRITICAL - 2024-06-05 13:25:31 --> Undefined array key "usuario"
in APPPATH\Controllers\AdmPost.php on line 223.
 1 APPPATH\Controllers\AdmPost.php(223): CodeIgniter\Debug\Exceptions->errorHandler(2, 'Undefined array key "usuario"', 'C:\\xampp\\htdocs\\codi\\app\\Controllers\\AdmPost.php', 223)
 2 SYSTEMPATH\CodeIgniter.php(934): App\Controllers\AdmPost->desenho_meus()
 3 SYSTEMPATH\CodeIgniter.php(499): CodeIgniter\CodeIgniter->runController(Object(App\Controllers\AdmPost))
 4 SYSTEMPATH\CodeIgniter.php(368): CodeIgniter\CodeIgniter->handleRequest(null, Object(Config\Cache), false)
 5 FCPATH\index.php(67): CodeIgniter\CodeIgniter->run()
CRITICAL - 2024-06-05 13:25:32 --> Undefined array key "usuario"
in APPPATH\Controllers\AdmPost.php on line 223.
 1 APPPATH\Controllers\AdmPost.php(223): CodeIgniter\Debug\Exceptions->errorHandler(2, 'Undefined array key "usuario"', 'C:\\xampp\\htdocs\\codi\\app\\Controllers\\AdmPost.php', 223)
 2 SYSTEMPATH\CodeIgniter.php(934): App\Controllers\AdmPost->desenho_meus()
 3 SYSTEMPATH\CodeIgniter.php(499): CodeIgniter\CodeIgniter->runController(Object(App\Controllers\AdmPost))
 4 SYSTEMPATH\CodeIgniter.php(368): CodeIgniter\CodeIgniter->handleRequest(null, Object(Config\Cache), false)
 5 FCPATH\index.php(67): CodeIgniter\CodeIgniter->run()
CRITICAL - 2024-06-05 13:25:33 --> Undefined array key "usuario"
in APPPATH\Controllers\AdmPost.php on line 223.
 1 APPPATH\Controllers\AdmPost.php(223): CodeIgniter\Debug\Exceptions->errorHandler(2, 'Undefined array key "usuario"', 'C:\\xampp\\htdocs\\codi\\app\\Controllers\\AdmPost.php', 223)
 2 SYSTEMPATH\CodeIgniter.php(934): App\Controllers\AdmPost->desenho_meus()
 3 SYSTEMPATH\CodeIgniter.php(499): CodeIgniter\CodeIgniter->runController(Object(App\Controllers\AdmPost))
 4 SYSTEMPATH\CodeIgniter.php(368): CodeIgniter\CodeIgniter->handleRequest(null, Object(Config\Cache), false)
 5 FCPATH\index.php(67): CodeIgniter\CodeIgniter->run()
CRITICAL - 2024-06-05 13:25:34 --> Undefined array key "usuario"
in APPPATH\Controllers\AdmPost.php on line 223.
 1 APPPATH\Controllers\AdmPost.php(223): CodeIgniter\Debug\Exceptions->errorHandler(2, 'Undefined array key "usuario"', 'C:\\xampp\\htdocs\\codi\\app\\Controllers\\AdmPost.php', 223)
 2 SYSTEMPATH\CodeIgniter.php(934): App\Controllers\AdmPost->desenho_meus()
 3 SYSTEMPATH\CodeIgniter.php(499): CodeIgniter\CodeIgniter->runController(Object(App\Controllers\AdmPost))
 4 SYSTEMPATH\CodeIgniter.php(368): CodeIgniter\CodeIgniter->handleRequest(null, Object(Config\Cache), false)
 5 FCPATH\index.php(67): CodeIgniter\CodeIgniter->run()
CRITICAL - 2024-06-05 13:25:35 --> Undefined array key "usuario"
in APPPATH\Controllers\AdmPost.php on line 223.
 1 APPPATH\Controllers\AdmPost.php(223): CodeIgniter\Debug\Exceptions->errorHandler(2, 'Undefined array key "usuario"', 'C:\\xampp\\htdocs\\codi\\app\\Controllers\\AdmPost.php', 223)
 2 SYSTEMPATH\CodeIgniter.php(934): App\Controllers\AdmPost->desenho_meus()
 3 SYSTEMPATH\CodeIgniter.php(499): CodeIgniter\CodeIgniter->runController(Object(App\Controllers\AdmPost))
 4 SYSTEMPATH\CodeIgniter.php(368): CodeIgniter\CodeIgniter->handleRequest(null, Object(Config\Cache), false)
 5 FCPATH\index.php(67): CodeIgniter\CodeIgniter->run()
CRITICAL - 2024-06-05 13:25:36 --> Undefined array key "usuario"
in APPPATH\Controllers\AdmPost.php on line 223.
 1 APPPATH\Controllers\AdmPost.php(223): CodeIgniter\Debug\Exceptions->errorHandler(2, 'Undefined array key "usuario"', 'C:\\xampp\\htdocs\\codi\\app\\Controllers\\AdmPost.php', 223)
 2 SYSTEMPATH\CodeIgniter.php(934): App\Controllers\AdmPost->desenho_meus()
 3 SYSTEMPATH\CodeIgniter.php(499): CodeIgniter\CodeIgniter->runController(Object(App\Controllers\AdmPost))
 4 SYSTEMPATH\CodeIgniter.php(368): CodeIgniter\CodeIgniter->handleRequest(null, Object(Config\Cache), false)
 5 FCPATH\index.php(67): CodeIgniter\CodeIgniter->run()
CRITICAL - 2024-06-05 13:25:37 --> Undefined array key "usuario"
in APPPATH\Controllers\AdmPost.php on line 223.
 1 APPPATH\Controllers\AdmPost.php(223): CodeIgniter\Debug\Exceptions->errorHandler(2, 'Undefined array key "usuario"', 'C:\\xampp\\htdocs\\codi\\app\\Controllers\\AdmPost.php', 223)
 2 SYSTEMPATH\CodeIgniter.php(934): App\Controllers\AdmPost->desenho_meus()
 3 SYSTEMPATH\CodeIgniter.php(499): CodeIgniter\CodeIgniter->runController(Object(App\Controllers\AdmPost))
 4 SYSTEMPATH\CodeIgniter.php(368): CodeIgniter\CodeIgniter->handleRequest(null, Object(Config\Cache), false)
 5 FCPATH\index.php(67): CodeIgniter\CodeIgniter->run()
CRITICAL - 2024-06-05 13:25:38 --> Undefined array key "usuario"
in APPPATH\Controllers\AdmPost.php on line 223.
 1 APPPATH\Controllers\AdmPost.php(223): CodeIgniter\Debug\Exceptions->errorHandler(2, 'Undefined array key "usuario"', 'C:\\xampp\\htdocs\\codi\\app\\Controllers\\AdmPost.php', 223)
 2 SYSTEMPATH\CodeIgniter.php(934): App\Controllers\AdmPost->desenho_meus()
 3 SYSTEMPATH\CodeIgniter.php(499): CodeIgniter\CodeIgniter->runController(Object(App\Controllers\AdmPost))
 4 SYSTEMPATH\CodeIgniter.php(368): CodeIgniter\CodeIgniter->handleRequest(null, Object(Config\Cache), false)
 5 FCPATH\index.php(67): CodeIgniter\CodeIgniter->run()
CRITICAL - 2024-06-05 13:25:39 --> Undefined array key "usuario"
in APPPATH\Controllers\AdmPost.php on line 223.
 1 APPPATH\Controllers\AdmPost.php(223): CodeIgniter\Debug\Exceptions->errorHandler(2, 'Undefined array key "usuario"', 'C:\\xampp\\htdocs\\codi\\app\\Controllers\\AdmPost.php', 223)
 2 SYSTEMPATH\CodeIgniter.php(934): App\Controllers\AdmPost->desenho_meus()
 3 SYSTEMPATH\CodeIgniter.php(499): CodeIgniter\CodeIgniter->runController(Object(App\Controllers\AdmPost))
 4 SYSTEMPATH\CodeIgniter.php(368): CodeIgniter\CodeIgniter->handleRequest(null, Object(Config\Cache), false)
 5 FCPATH\index.php(67): CodeIgniter\CodeIgniter->run()
CRITICAL - 2024-06-05 13:25:40 --> Undefined array key "usuario"
in APPPATH\Controllers\AdmPost.php on line 223.
 1 APPPATH\Controllers\AdmPost.php(223): CodeIgniter\Debug\Exceptions->errorHandler(2, 'Undefined array key "usuario"', 'C:\\xampp\\htdocs\\codi\\app\\Controllers\\AdmPost.php', 223)
 2 SYSTEMPATH\CodeIgniter.php(934): App\Controllers\AdmPost->desenho_meus()
 3 SYSTEMPATH\CodeIgniter.php(499): CodeIgniter\CodeIgniter->runController(Object(App\Controllers\AdmPost))
 4 SYSTEMPATH\CodeIgniter.php(368): CodeIgniter\CodeIgniter->handleRequest(null, Object(Config\Cache), false)
 5 FCPATH\index.php(67): CodeIgniter\CodeIgniter->run()
CRITICAL - 2024-06-05 13:25:49 --> Undefined array key "usuario"
in APPPATH\Controllers\AdmPost.php on line 223.
 1 APPPATH\Controllers\AdmPost.php(223): CodeIgniter\Debug\Exceptions->errorHandler(2, 'Undefined array key "usuario"', 'C:\\xampp\\htdocs\\codi\\app\\Controllers\\AdmPost.php', 223)
 2 SYSTEMPATH\CodeIgniter.php(934): App\Controllers\AdmPost->desenho_meus()
 3 SYSTEMPATH\CodeIgniter.php(499): CodeIgniter\CodeIgniter->runController(Object(App\Controllers\AdmPost))
 4 SYSTEMPATH\CodeIgniter.php(368): CodeIgniter\CodeIgniter->handleRequest(null, Object(Config\Cache), false)
 5 FCPATH\index.php(67): CodeIgniter\CodeIgniter->run()
CRITICAL - 2024-06-05 13:26:49 --> Undefined array key "usuario"
in APPPATH\Controllers\AdmPost.php on line 223.
 1 APPPATH\Controllers\AdmPost.php(223): CodeIgniter\Debug\Exceptions->errorHandler(2, 'Undefined array key "usuario"', 'C:\\xampp\\htdocs\\codi\\app\\Controllers\\AdmPost.php', 223)
 2 SYSTEMPATH\CodeIgniter.php(934): App\Controllers\AdmPost->desenho_meus()
 3 SYSTEMPATH\CodeIgniter.php(499): CodeIgniter\CodeIgniter->runController(Object(App\Controllers\AdmPost))
 4 SYSTEMPATH\CodeIgniter.php(368): CodeIgniter\CodeIgniter->handleRequest(null, Object(Config\Cache), false)
 5 FCPATH\index.php(67): CodeIgniter\CodeIgniter->run()
CRITICAL - 2024-06-05 13:27:49 --> Undefined array key "usuario"
in APPPATH\Controllers\AdmPost.php on line 223.
 1 APPPATH\Controllers\AdmPost.php(223): CodeIgniter\Debug\Exceptions->errorHandler(2, 'Undefined array key "usuario"', 'C:\\xampp\\htdocs\\codi\\app\\Controllers\\AdmPost.php', 223)
 2 SYSTEMPATH\CodeIgniter.php(934): App\Controllers\AdmPost->desenho_meus()
 3 SYSTEMPATH\CodeIgniter.php(499): CodeIgniter\CodeIgniter->runController(Object(App\Controllers\AdmPost))
 4 SYSTEMPATH\CodeIgniter.php(368): CodeIgniter\CodeIgniter->handleRequest(null, Object(Config\Cache), false)
 5 FCPATH\index.php(67): CodeIgniter\CodeIgniter->run()
CRITICAL - 2024-06-05 13:28:47 --> Undefined array key "usuario"
in APPPATH\Controllers\AdmPost.php on line 223.
 1 APPPATH\Controllers\AdmPost.php(223): CodeIgniter\Debug\Exceptions->errorHandler(2, 'Undefined array key "usuario"', 'C:\\xampp\\htdocs\\codi\\app\\Controllers\\AdmPost.php', 223)
 2 SYSTEMPATH\CodeIgniter.php(934): App\Controllers\AdmPost->desenho_meus()
 3 SYSTEMPATH\CodeIgniter.php(499): CodeIgniter\CodeIgniter->runController(Object(App\Controllers\AdmPost))
 4 SYSTEMPATH\CodeIgniter.php(368): CodeIgniter\CodeIgniter->handleRequest(null, Object(Config\Cache), false)
 5 FCPATH\index.php(67): CodeIgniter\CodeIgniter->run()
CRITICAL - 2024-06-05 13:28:47 --> Undefined array key "usuario"
in APPPATH\Controllers\AdmPost.php on line 223.
 1 APPPATH\Controllers\AdmPost.php(223): CodeIgniter\Debug\Exceptions->errorHandler(2, 'Undefined array key "usuario"', 'C:\\xampp\\htdocs\\codi\\app\\Controllers\\AdmPost.php', 223)
 2 SYSTEMPATH\CodeIgniter.php(934): App\Controllers\AdmPost->desenho_meus()
 3 SYSTEMPATH\CodeIgniter.php(499): CodeIgniter\CodeIgniter->runController(Object(App\Controllers\AdmPost))
 4 SYSTEMPATH\CodeIgniter.php(368): CodeIgniter\CodeIgniter->handleRequest(null, Object(Config\Cache), false)
 5 FCPATH\index.php(67): CodeIgniter\CodeIgniter->run()
CRITICAL - 2024-06-05 13:28:48 --> Undefined array key "usuario"
in APPPATH\Controllers\AdmPost.php on line 223.
 1 APPPATH\Controllers\AdmPost.php(223): CodeIgniter\Debug\Exceptions->errorHandler(2, 'Undefined array key "usuario"', 'C:\\xampp\\htdocs\\codi\\app\\Controllers\\AdmPost.php', 223)
 2 SYSTEMPATH\CodeIgniter.php(934): App\Controllers\AdmPost->desenho_meus()
 3 SYSTEMPATH\CodeIgniter.php(499): CodeIgniter\CodeIgniter->runController(Object(App\Controllers\AdmPost))
 4 SYSTEMPATH\CodeIgniter.php(368): CodeIgniter\CodeIgniter->handleRequest(null, Object(Config\Cache), false)
 5 FCPATH\index.php(67): CodeIgniter\CodeIgniter->run()
CRITICAL - 2024-06-05 13:28:49 --> Undefined array key "usuario"
in APPPATH\Controllers\AdmPost.php on line 223.
 1 APPPATH\Controllers\AdmPost.php(223): CodeIgniter\Debug\Exceptions->errorHandler(2, 'Undefined array key "usuario"', 'C:\\xampp\\htdocs\\codi\\app\\Controllers\\AdmPost.php', 223)
 2 SYSTEMPATH\CodeIgniter.php(934): App\Controllers\AdmPost->desenho_meus()
 3 SYSTEMPATH\CodeIgniter.php(499): CodeIgniter\CodeIgniter->runController(Object(App\Controllers\AdmPost))
 4 SYSTEMPATH\CodeIgniter.php(368): CodeIgniter\CodeIgniter->handleRequest(null, Object(Config\Cache), false)
 5 FCPATH\index.php(67): CodeIgniter\CodeIgniter->run()
CRITICAL - 2024-06-05 13:28:50 --> Undefined array key "usuario"
in APPPATH\Controllers\AdmPost.php on line 223.
 1 APPPATH\Controllers\AdmPost.php(223): CodeIgniter\Debug\Exceptions->errorHandler(2, 'Undefined array key "usuario"', 'C:\\xampp\\htdocs\\codi\\app\\Controllers\\AdmPost.php', 223)
 2 SYSTEMPATH\CodeIgniter.php(934): App\Controllers\AdmPost->desenho_meus()
 3 SYSTEMPATH\CodeIgniter.php(499): CodeIgniter\CodeIgniter->runController(Object(App\Controllers\AdmPost))
 4 SYSTEMPATH\CodeIgniter.php(368): CodeIgniter\CodeIgniter->handleRequest(null, Object(Config\Cache), false)
 5 FCPATH\index.php(67): CodeIgniter\CodeIgniter->run()
CRITICAL - 2024-06-05 13:28:51 --> Undefined array key "usuario"
in APPPATH\Controllers\AdmPost.php on line 223.
 1 APPPATH\Controllers\AdmPost.php(223): CodeIgniter\Debug\Exceptions->errorHandler(2, 'Undefined array key "usuario"', 'C:\\xampp\\htdocs\\codi\\app\\Controllers\\AdmPost.php', 223)
 2 SYSTEMPATH\CodeIgniter.php(934): App\Controllers\AdmPost->desenho_meus()
 3 SYSTEMPATH\CodeIgniter.php(499): CodeIgniter\CodeIgniter->runController(Object(App\Controllers\AdmPost))
 4 SYSTEMPATH\CodeIgniter.php(368): CodeIgniter\CodeIgniter->handleRequest(null, Object(Config\Cache), false)
 5 FCPATH\index.php(67): CodeIgniter\CodeIgniter->run()
CRITICAL - 2024-06-05 13:28:52 --> Undefined array key "usuario"
in APPPATH\Controllers\AdmPost.php on line 223.
 1 APPPATH\Controllers\AdmPost.php(223): CodeIgniter\Debug\Exceptions->errorHandler(2, 'Undefined array key "usuario"', 'C:\\xampp\\htdocs\\codi\\app\\Controllers\\AdmPost.php', 223)
 2 SYSTEMPATH\CodeIgniter.php(934): App\Controllers\AdmPost->desenho_meus()
 3 SYSTEMPATH\CodeIgniter.php(499): CodeIgniter\CodeIgniter->runController(Object(App\Controllers\AdmPost))
 4 SYSTEMPATH\CodeIgniter.php(368): CodeIgniter\CodeIgniter->handleRequest(null, Object(Config\Cache), false)
 5 FCPATH\index.php(67): CodeIgniter\CodeIgniter->run()
CRITICAL - 2024-06-05 13:28:53 --> Undefined array key "usuario"
in APPPATH\Controllers\AdmPost.php on line 223.
 1 APPPATH\Controllers\AdmPost.php(223): CodeIgniter\Debug\Exceptions->errorHandler(2, 'Undefined array key "usuario"', 'C:\\xampp\\htdocs\\codi\\app\\Controllers\\AdmPost.php', 223)
 2 SYSTEMPATH\CodeIgniter.php(934): App\Controllers\AdmPost->desenho_meus()
 3 SYSTEMPATH\CodeIgniter.php(499): CodeIgniter\CodeIgniter->runController(Object(App\Controllers\AdmPost))
 4 SYSTEMPATH\CodeIgniter.php(368): CodeIgniter\CodeIgniter->handleRequest(null, Object(Config\Cache), false)
 5 FCPATH\index.php(67): CodeIgniter\CodeIgniter->run()
CRITICAL - 2024-06-05 13:28:54 --> Undefined array key "usuario"
in APPPATH\Controllers\AdmPost.php on line 223.
 1 APPPATH\Controllers\AdmPost.php(223): CodeIgniter\Debug\Exceptions->errorHandler(2, 'Undefined array key "usuario"', 'C:\\xampp\\htdocs\\codi\\app\\Controllers\\AdmPost.php', 223)
 2 SYSTEMPATH\CodeIgniter.php(934): App\Controllers\AdmPost->desenho_meus()
 3 SYSTEMPATH\CodeIgniter.php(499): CodeIgniter\CodeIgniter->runController(Object(App\Controllers\AdmPost))
 4 SYSTEMPATH\CodeIgniter.php(368): CodeIgniter\CodeIgniter->handleRequest(null, Object(Config\Cache), false)
 5 FCPATH\index.php(67): CodeIgniter\CodeIgniter->run()
CRITICAL - 2024-06-05 13:28:55 --> Undefined array key "usuario"
in APPPATH\Controllers\AdmPost.php on line 223.
 1 APPPATH\Controllers\AdmPost.php(223): CodeIgniter\Debug\Exceptions->errorHandler(2, 'Undefined array key "usuario"', 'C:\\xampp\\htdocs\\codi\\app\\Controllers\\AdmPost.php', 223)
 2 SYSTEMPATH\CodeIgniter.php(934): App\Controllers\AdmPost->desenho_meus()
 3 SYSTEMPATH\CodeIgniter.php(499): CodeIgniter\CodeIgniter->runController(Object(App\Controllers\AdmPost))
 4 SYSTEMPATH\CodeIgniter.php(368): CodeIgniter\CodeIgniter->handleRequest(null, Object(Config\Cache), false)
 5 FCPATH\index.php(67): CodeIgniter\CodeIgniter->run()
CRITICAL - 2024-06-05 13:28:56 --> Undefined array key "usuario"
in APPPATH\Controllers\AdmPost.php on line 223.
 1 APPPATH\Controllers\AdmPost.php(223): CodeIgniter\Debug\Exceptions->errorHandler(2, 'Undefined array key "usuario"', 'C:\\xampp\\htdocs\\codi\\app\\Controllers\\AdmPost.php', 223)
 2 SYSTEMPATH\CodeIgniter.php(934): App\Controllers\AdmPost->desenho_meus()
 3 SYSTEMPATH\CodeIgniter.php(499): CodeIgniter\CodeIgniter->runController(Object(App\Controllers\AdmPost))
 4 SYSTEMPATH\CodeIgniter.php(368): CodeIgniter\CodeIgniter->handleRequest(null, Object(Config\Cache), false)
 5 FCPATH\index.php(67): CodeIgniter\CodeIgniter->run()
CRITICAL - 2024-06-05 13:28:57 --> Undefined array key "usuario"
in APPPATH\Controllers\AdmPost.php on line 223.
 1 APPPATH\Controllers\AdmPost.php(223): CodeIgniter\Debug\Exceptions->errorHandler(2, 'Undefined array key "usuario"', 'C:\\xampp\\htdocs\\codi\\app\\Controllers\\AdmPost.php', 223)
 2 SYSTEMPATH\CodeIgniter.php(934): App\Controllers\AdmPost->desenho_meus()
 3 SYSTEMPATH\CodeIgniter.php(499): CodeIgniter\CodeIgniter->runController(Object(App\Controllers\AdmPost))
 4 SYSTEMPATH\CodeIgniter.php(368): CodeIgniter\CodeIgniter->handleRequest(null, Object(Config\Cache), false)
 5 FCPATH\index.php(67): CodeIgniter\CodeIgniter->run()
CRITICAL - 2024-06-05 13:28:58 --> Undefined array key "usuario"
in APPPATH\Controllers\AdmPost.php on line 223.
 1 APPPATH\Controllers\AdmPost.php(223): CodeIgniter\Debug\Exceptions->errorHandler(2, 'Undefined array key "usuario"', 'C:\\xampp\\htdocs\\codi\\app\\Controllers\\AdmPost.php', 223)
 2 SYSTEMPATH\CodeIgniter.php(934): App\Controllers\AdmPost->desenho_meus()
 3 SYSTEMPATH\CodeIgniter.php(499): CodeIgniter\CodeIgniter->runController(Object(App\Controllers\AdmPost))
 4 SYSTEMPATH\CodeIgniter.php(368): CodeIgniter\CodeIgniter->handleRequest(null, Object(Config\Cache), false)
 5 FCPATH\index.php(67): CodeIgniter\CodeIgniter->run()
CRITICAL - 2024-06-05 13:28:59 --> Undefined array key "usuario"
in APPPATH\Controllers\AdmPost.php on line 223.
 1 APPPATH\Controllers\AdmPost.php(223): CodeIgniter\Debug\Exceptions->errorHandler(2, 'Undefined array key "usuario"', 'C:\\xampp\\htdocs\\codi\\app\\Controllers\\AdmPost.php', 223)
 2 SYSTEMPATH\CodeIgniter.php(934): App\Controllers\AdmPost->desenho_meus()
 3 SYSTEMPATH\CodeIgniter.php(499): CodeIgniter\CodeIgniter->runController(Object(App\Controllers\AdmPost))
 4 SYSTEMPATH\CodeIgniter.php(368): CodeIgniter\CodeIgniter->handleRequest(null, Object(Config\Cache), false)
 5 FCPATH\index.php(67): CodeIgniter\CodeIgniter->run()
CRITICAL - 2024-06-05 13:29:00 --> Undefined array key "usuario"
in APPPATH\Controllers\AdmPost.php on line 223.
 1 APPPATH\Controllers\AdmPost.php(223): CodeIgniter\Debug\Exceptions->errorHandler(2, 'Undefined array key "usuario"', 'C:\\xampp\\htdocs\\codi\\app\\Controllers\\AdmPost.php', 223)
 2 SYSTEMPATH\CodeIgniter.php(934): App\Controllers\AdmPost->desenho_meus()
 3 SYSTEMPATH\CodeIgniter.php(499): CodeIgniter\CodeIgniter->runController(Object(App\Controllers\AdmPost))
 4 SYSTEMPATH\CodeIgniter.php(368): CodeIgniter\CodeIgniter->handleRequest(null, Object(Config\Cache), false)
 5 FCPATH\index.php(67): CodeIgniter\CodeIgniter->run()
CRITICAL - 2024-06-05 13:29:01 --> Undefined array key "usuario"
in APPPATH\Controllers\AdmPost.php on line 223.
 1 APPPATH\Controllers\AdmPost.php(223): CodeIgniter\Debug\Exceptions->errorHandler(2, 'Undefined array key "usuario"', 'C:\\xampp\\htdocs\\codi\\app\\Controllers\\AdmPost.php', 223)
 2 SYSTEMPATH\CodeIgniter.php(934): App\Controllers\AdmPost->desenho_meus()
 3 SYSTEMPATH\CodeIgniter.php(499): CodeIgniter\CodeIgniter->runController(Object(App\Controllers\AdmPost))
 4 SYSTEMPATH\CodeIgniter.php(368): CodeIgniter\CodeIgniter->handleRequest(null, Object(Config\Cache), false)
 5 FCPATH\index.php(67): CodeIgniter\CodeIgniter->run()
CRITICAL - 2024-06-05 13:29:02 --> Undefined array key "usuario"
in APPPATH\Controllers\AdmPost.php on line 223.
 1 APPPATH\Controllers\AdmPost.php(223): CodeIgniter\Debug\Exceptions->errorHandler(2, 'Undefined array key "usuario"', 'C:\\xampp\\htdocs\\codi\\app\\Controllers\\AdmPost.php', 223)
 2 SYSTEMPATH\CodeIgniter.php(934): App\Controllers\AdmPost->desenho_meus()
 3 SYSTEMPATH\CodeIgniter.php(499): CodeIgniter\CodeIgniter->runController(Object(App\Controllers\AdmPost))
 4 SYSTEMPATH\CodeIgniter.php(368): CodeIgniter\CodeIgniter->handleRequest(null, Object(Config\Cache), false)
 5 FCPATH\index.php(67): CodeIgniter\CodeIgniter->run()
CRITICAL - 2024-06-05 13:29:03 --> Undefined array key "usuario"
in APPPATH\Controllers\AdmPost.php on line 223.
 1 APPPATH\Controllers\AdmPost.php(223): CodeIgniter\Debug\Exceptions->errorHandler(2, 'Undefined array key "usuario"', 'C:\\xampp\\htdocs\\codi\\app\\Controllers\\AdmPost.php', 223)
 2 SYSTEMPATH\CodeIgniter.php(934): App\Controllers\AdmPost->desenho_meus()
 3 SYSTEMPATH\CodeIgniter.php(499): CodeIgniter\CodeIgniter->runController(Object(App\Controllers\AdmPost))
 4 SYSTEMPATH\CodeIgniter.php(368): CodeIgniter\CodeIgniter->handleRequest(null, Object(Config\Cache), false)
 5 FCPATH\index.php(67): CodeIgniter\CodeIgniter->run()
CRITICAL - 2024-06-05 13:29:04 --> Undefined array key "usuario"
in APPPATH\Controllers\AdmPost.php on line 223.
 1 APPPATH\Controllers\AdmPost.php(223): CodeIgniter\Debug\Exceptions->errorHandler(2, 'Undefined array key "usuario"', 'C:\\xampp\\htdocs\\codi\\app\\Controllers\\AdmPost.php', 223)
 2 SYSTEMPATH\CodeIgniter.php(934): App\Controllers\AdmPost->desenho_meus()
 3 SYSTEMPATH\CodeIgniter.php(499): CodeIgniter\CodeIgniter->runController(Object(App\Controllers\AdmPost))
 4 SYSTEMPATH\CodeIgniter.php(368): CodeIgniter\CodeIgniter->handleRequest(null, Object(Config\Cache), false)
 5 FCPATH\index.php(67): CodeIgniter\CodeIgniter->run()
CRITICAL - 2024-06-05 13:29:05 --> Undefined array key "usuario"
in APPPATH\Controllers\AdmPost.php on line 223.
 1 APPPATH\Controllers\AdmPost.php(223): CodeIgniter\Debug\Exceptions->errorHandler(2, 'Undefined array key "usuario"', 'C:\\xampp\\htdocs\\codi\\app\\Controllers\\AdmPost.php', 223)
 2 SYSTEMPATH\CodeIgniter.php(934): App\Controllers\AdmPost->desenho_meus()
 3 SYSTEMPATH\CodeIgniter.php(499): CodeIgniter\CodeIgniter->runController(Object(App\Controllers\AdmPost))
 4 SYSTEMPATH\CodeIgniter.php(368): CodeIgniter\CodeIgniter->handleRequest(null, Object(Config\Cache), false)
 5 FCPATH\index.php(67): CodeIgniter\CodeIgniter->run()
CRITICAL - 2024-06-05 13:29:06 --> Undefined array key "usuario"
in APPPATH\Controllers\AdmPost.php on line 223.
 1 APPPATH\Controllers\AdmPost.php(223): CodeIgniter\Debug\Exceptions->errorHandler(2, 'Undefined array key "usuario"', 'C:\\xampp\\htdocs\\codi\\app\\Controllers\\AdmPost.php', 223)
 2 SYSTEMPATH\CodeIgniter.php(934): App\Controllers\AdmPost->desenho_meus()
 3 SYSTEMPATH\CodeIgniter.php(499): CodeIgniter\CodeIgniter->runController(Object(App\Controllers\AdmPost))
 4 SYSTEMPATH\CodeIgniter.php(368): CodeIgniter\CodeIgniter->handleRequest(null, Object(Config\Cache), false)
 5 FCPATH\index.php(67): CodeIgniter\CodeIgniter->run()
CRITICAL - 2024-06-05 13:29:07 --> Undefined array key "usuario"
in APPPATH\Controllers\AdmPost.php on line 223.
 1 APPPATH\Controllers\AdmPost.php(223): CodeIgniter\Debug\Exceptions->errorHandler(2, 'Undefined array key "usuario"', 'C:\\xampp\\htdocs\\codi\\app\\Controllers\\AdmPost.php', 223)
 2 SYSTEMPATH\CodeIgniter.php(934): App\Controllers\AdmPost->desenho_meus()
 3 SYSTEMPATH\CodeIgniter.php(499): CodeIgniter\CodeIgniter->runController(Object(App\Controllers\AdmPost))
 4 SYSTEMPATH\CodeIgniter.php(368): CodeIgniter\CodeIgniter->handleRequest(null, Object(Config\Cache), false)
 5 FCPATH\index.php(67): CodeIgniter\CodeIgniter->run()
CRITICAL - 2024-06-05 13:29:08 --> Undefined array key "usuario"
in APPPATH\Controllers\AdmPost.php on line 223.
 1 APPPATH\Controllers\AdmPost.php(223): CodeIgniter\Debug\Exceptions->errorHandler(2, 'Undefined array key "usuario"', 'C:\\xampp\\htdocs\\codi\\app\\Controllers\\AdmPost.php', 223)
 2 SYSTEMPATH\CodeIgniter.php(934): App\Controllers\AdmPost->desenho_meus()
 3 SYSTEMPATH\CodeIgniter.php(499): CodeIgniter\CodeIgniter->runController(Object(App\Controllers\AdmPost))
 4 SYSTEMPATH\CodeIgniter.php(368): CodeIgniter\CodeIgniter->handleRequest(null, Object(Config\Cache), false)
 5 FCPATH\index.php(67): CodeIgniter\CodeIgniter->run()
CRITICAL - 2024-06-05 13:29:09 --> Undefined array key "usuario"
in APPPATH\Controllers\AdmPost.php on line 223.
 1 APPPATH\Controllers\AdmPost.php(223): CodeIgniter\Debug\Exceptions->errorHandler(2, 'Undefined array key "usuario"', 'C:\\xampp\\htdocs\\codi\\app\\Controllers\\AdmPost.php', 223)
 2 SYSTEMPATH\CodeIgniter.php(934): App\Controllers\AdmPost->desenho_meus()
 3 SYSTEMPATH\CodeIgniter.php(499): CodeIgniter\CodeIgniter->runController(Object(App\Controllers\AdmPost))
 4 SYSTEMPATH\CodeIgniter.php(368): CodeIgniter\CodeIgniter->handleRequest(null, Object(Config\Cache), false)
 5 FCPATH\index.php(67): CodeIgniter\CodeIgniter->run()
CRITICAL - 2024-06-05 13:29:10 --> Undefined array key "usuario"
in APPPATH\Controllers\AdmPost.php on line 223.
 1 APPPATH\Controllers\AdmPost.php(223): CodeIgniter\Debug\Exceptions->errorHandler(2, 'Undefined array key "usuario"', 'C:\\xampp\\htdocs\\codi\\app\\Controllers\\AdmPost.php', 223)
 2 SYSTEMPATH\CodeIgniter.php(934): App\Controllers\AdmPost->desenho_meus()
 3 SYSTEMPATH\CodeIgniter.php(499): CodeIgniter\CodeIgniter->runController(Object(App\Controllers\AdmPost))
 4 SYSTEMPATH\CodeIgniter.php(368): CodeIgniter\CodeIgniter->handleRequest(null, Object(Config\Cache), false)
 5 FCPATH\index.php(67): CodeIgniter\CodeIgniter->run()
CRITICAL - 2024-06-05 13:29:11 --> Undefined array key "usuario"
in APPPATH\Controllers\AdmPost.php on line 223.
 1 APPPATH\Controllers\AdmPost.php(223): CodeIgniter\Debug\Exceptions->errorHandler(2, 'Undefined array key "usuario"', 'C:\\xampp\\htdocs\\codi\\app\\Controllers\\AdmPost.php', 223)
 2 SYSTEMPATH\CodeIgniter.php(934): App\Controllers\AdmPost->desenho_meus()
 3 SYSTEMPATH\CodeIgniter.php(499): CodeIgniter\CodeIgniter->runController(Object(App\Controllers\AdmPost))
 4 SYSTEMPATH\CodeIgniter.php(368): CodeIgniter\CodeIgniter->handleRequest(null, Object(Config\Cache), false)
 5 FCPATH\index.php(67): CodeIgniter\CodeIgniter->run()
CRITICAL - 2024-06-05 13:29:12 --> Undefined array key "usuario"
in APPPATH\Controllers\AdmPost.php on line 223.
 1 APPPATH\Controllers\AdmPost.php(223): CodeIgniter\Debug\Exceptions->errorHandler(2, 'Undefined array key "usuario"', 'C:\\xampp\\htdocs\\codi\\app\\Controllers\\AdmPost.php', 223)
 2 SYSTEMPATH\CodeIgniter.php(934): App\Controllers\AdmPost->desenho_meus()
 3 SYSTEMPATH\CodeIgniter.php(499): CodeIgniter\CodeIgniter->runController(Object(App\Controllers\AdmPost))
 4 SYSTEMPATH\CodeIgniter.php(368): CodeIgniter\CodeIgniter->handleRequest(null, Object(Config\Cache), false)
 5 FCPATH\index.php(67): CodeIgniter\CodeIgniter->run()
CRITICAL - 2024-06-05 13:29:13 --> Undefined array key "usuario"
in APPPATH\Controllers\AdmPost.php on line 223.
 1 APPPATH\Controllers\AdmPost.php(223): CodeIgniter\Debug\Exceptions->errorHandler(2, 'Undefined array key "usuario"', 'C:\\xampp\\htdocs\\codi\\app\\Controllers\\AdmPost.php', 223)
 2 SYSTEMPATH\CodeIgniter.php(934): App\Controllers\AdmPost->desenho_meus()
 3 SYSTEMPATH\CodeIgniter.php(499): CodeIgniter\CodeIgniter->runController(Object(App\Controllers\AdmPost))
 4 SYSTEMPATH\CodeIgniter.php(368): CodeIgniter\CodeIgniter->handleRequest(null, Object(Config\Cache), false)
 5 FCPATH\index.php(67): CodeIgniter\CodeIgniter->run()
CRITICAL - 2024-06-05 13:29:14 --> Undefined array key "usuario"
in APPPATH\Controllers\AdmPost.php on line 223.
 1 APPPATH\Controllers\AdmPost.php(223): CodeIgniter\Debug\Exceptions->errorHandler(2, 'Undefined array key "usuario"', 'C:\\xampp\\htdocs\\codi\\app\\Controllers\\AdmPost.php', 223)
 2 SYSTEMPATH\CodeIgniter.php(934): App\Controllers\AdmPost->desenho_meus()
 3 SYSTEMPATH\CodeIgniter.php(499): CodeIgniter\CodeIgniter->runController(Object(App\Controllers\AdmPost))
 4 SYSTEMPATH\CodeIgniter.php(368): CodeIgniter\CodeIgniter->handleRequest(null, Object(Config\Cache), false)
 5 FCPATH\index.php(67): CodeIgniter\CodeIgniter->run()
CRITICAL - 2024-06-05 13:29:15 --> Undefined array key "usuario"
in APPPATH\Controllers\AdmPost.php on line 223.
 1 APPPATH\Controllers\AdmPost.php(223): CodeIgniter\Debug\Exceptions->errorHandler(2, 'Undefined array key "usuario"', 'C:\\xampp\\htdocs\\codi\\app\\Controllers\\AdmPost.php', 223)
 2 SYSTEMPATH\CodeIgniter.php(934): App\Controllers\AdmPost->desenho_meus()
 3 SYSTEMPATH\CodeIgniter.php(499): CodeIgniter\CodeIgniter->runController(Object(App\Controllers\AdmPost))
 4 SYSTEMPATH\CodeIgniter.php(368): CodeIgniter\CodeIgniter->handleRequest(null, Object(Config\Cache), false)
 5 FCPATH\index.php(67): CodeIgniter\CodeIgniter->run()
CRITICAL - 2024-06-05 13:29:16 --> Undefined array key "usuario"
in APPPATH\Controllers\AdmPost.php on line 223.
 1 APPPATH\Controllers\AdmPost.php(223): CodeIgniter\Debug\Exceptions->errorHandler(2, 'Undefined array key "usuario"', 'C:\\xampp\\htdocs\\codi\\app\\Controllers\\AdmPost.php', 223)
 2 SYSTEMPATH\CodeIgniter.php(934): App\Controllers\AdmPost->desenho_meus()
 3 SYSTEMPATH\CodeIgniter.php(499): CodeIgniter\CodeIgniter->runController(Object(App\Controllers\AdmPost))
 4 SYSTEMPATH\CodeIgniter.php(368): CodeIgniter\CodeIgniter->handleRequest(null, Object(Config\Cache), false)
 5 FCPATH\index.php(67): CodeIgniter\CodeIgniter->run()
CRITICAL - 2024-06-05 13:29:17 --> Undefined array key "usuario"
in APPPATH\Controllers\AdmPost.php on line 223.
 1 APPPATH\Controllers\AdmPost.php(223): CodeIgniter\Debug\Exceptions->errorHandler(2, 'Undefined array key "usuario"', 'C:\\xampp\\htdocs\\codi\\app\\Controllers\\AdmPost.php', 223)
 2 SYSTEMPATH\CodeIgniter.php(934): App\Controllers\AdmPost->desenho_meus()
 3 SYSTEMPATH\CodeIgniter.php(499): CodeIgniter\CodeIgniter->runController(Object(App\Controllers\AdmPost))
 4 SYSTEMPATH\CodeIgniter.php(368): CodeIgniter\CodeIgniter->handleRequest(null, Object(Config\Cache), false)
 5 FCPATH\index.php(67): CodeIgniter\CodeIgniter->run()
CRITICAL - 2024-06-05 13:29:18 --> Undefined array key "usuario"
in APPPATH\Controllers\AdmPost.php on line 223.
 1 APPPATH\Controllers\AdmPost.php(223): CodeIgniter\Debug\Exceptions->errorHandler(2, 'Undefined array key "usuario"', 'C:\\xampp\\htdocs\\codi\\app\\Controllers\\AdmPost.php', 223)
 2 SYSTEMPATH\CodeIgniter.php(934): App\Controllers\AdmPost->desenho_meus()
 3 SYSTEMPATH\CodeIgniter.php(499): CodeIgniter\CodeIgniter->runController(Object(App\Controllers\AdmPost))
 4 SYSTEMPATH\CodeIgniter.php(368): CodeIgniter\CodeIgniter->handleRequest(null, Object(Config\Cache), false)
 5 FCPATH\index.php(67): CodeIgniter\CodeIgniter->run()
CRITICAL - 2024-06-05 13:29:19 --> Undefined array key "usuario"
in APPPATH\Controllers\AdmPost.php on line 223.
 1 APPPATH\Controllers\AdmPost.php(223): CodeIgniter\Debug\Exceptions->errorHandler(2, 'Undefined array key "usuario"', 'C:\\xampp\\htdocs\\codi\\app\\Controllers\\AdmPost.php', 223)
 2 SYSTEMPATH\CodeIgniter.php(934): App\Controllers\AdmPost->desenho_meus()
 3 SYSTEMPATH\CodeIgniter.php(499): CodeIgniter\CodeIgniter->runController(Object(App\Controllers\AdmPost))
 4 SYSTEMPATH\CodeIgniter.php(368): CodeIgniter\CodeIgniter->handleRequest(null, Object(Config\Cache), false)
 5 FCPATH\index.php(67): CodeIgniter\CodeIgniter->run()
CRITICAL - 2024-06-05 13:29:20 --> Undefined array key "usuario"
in APPPATH\Controllers\AdmPost.php on line 223.
 1 APPPATH\Controllers\AdmPost.php(223): CodeIgniter\Debug\Exceptions->errorHandler(2, 'Undefined array key "usuario"', 'C:\\xampp\\htdocs\\codi\\app\\Controllers\\AdmPost.php', 223)
 2 SYSTEMPATH\CodeIgniter.php(934): App\Controllers\AdmPost->desenho_meus()
 3 SYSTEMPATH\CodeIgniter.php(499): CodeIgniter\CodeIgniter->runController(Object(App\Controllers\AdmPost))
 4 SYSTEMPATH\CodeIgniter.php(368): CodeIgniter\CodeIgniter->handleRequest(null, Object(Config\Cache), false)
 5 FCPATH\index.php(67): CodeIgniter\CodeIgniter->run()
CRITICAL - 2024-06-05 13:29:21 --> Undefined array key "usuario"
in APPPATH\Controllers\AdmPost.php on line 223.
 1 APPPATH\Controllers\AdmPost.php(223): CodeIgniter\Debug\Exceptions->errorHandler(2, 'Undefined array key "usuario"', 'C:\\xampp\\htdocs\\codi\\app\\Controllers\\AdmPost.php', 223)
 2 SYSTEMPATH\CodeIgniter.php(934): App\Controllers\AdmPost->desenho_meus()
 3 SYSTEMPATH\CodeIgniter.php(499): CodeIgniter\CodeIgniter->runController(Object(App\Controllers\AdmPost))
 4 SYSTEMPATH\CodeIgniter.php(368): CodeIgniter\CodeIgniter->handleRequest(null, Object(Config\Cache), false)
 5 FCPATH\index.php(67): CodeIgniter\CodeIgniter->run()
CRITICAL - 2024-06-05 13:29:22 --> Undefined array key "usuario"
in APPPATH\Controllers\AdmPost.php on line 223.
 1 APPPATH\Controllers\AdmPost.php(223): CodeIgniter\Debug\Exceptions->errorHandler(2, 'Undefined array key "usuario"', 'C:\\xampp\\htdocs\\codi\\app\\Controllers\\AdmPost.php', 223)
 2 SYSTEMPATH\CodeIgniter.php(934): App\Controllers\AdmPost->desenho_meus()
 3 SYSTEMPATH\CodeIgniter.php(499): CodeIgniter\CodeIgniter->runController(Object(App\Controllers\AdmPost))
 4 SYSTEMPATH\CodeIgniter.php(368): CodeIgniter\CodeIgniter->handleRequest(null, Object(Config\Cache), false)
 5 FCPATH\index.php(67): CodeIgniter\CodeIgniter->run()
CRITICAL - 2024-06-05 13:29:23 --> Undefined array key "usuario"
in APPPATH\Controllers\AdmPost.php on line 223.
 1 APPPATH\Controllers\AdmPost.php(223): CodeIgniter\Debug\Exceptions->errorHandler(2, 'Undefined array key "usuario"', 'C:\\xampp\\htdocs\\codi\\app\\Controllers\\AdmPost.php', 223)
 2 SYSTEMPATH\CodeIgniter.php(934): App\Controllers\AdmPost->desenho_meus()
 3 SYSTEMPATH\CodeIgniter.php(499): CodeIgniter\CodeIgniter->runController(Object(App\Controllers\AdmPost))
 4 SYSTEMPATH\CodeIgniter.php(368): CodeIgniter\CodeIgniter->handleRequest(null, Object(Config\Cache), false)
 5 FCPATH\index.php(67): CodeIgniter\CodeIgniter->run()
CRITICAL - 2024-06-05 13:29:24 --> Undefined array key "usuario"
in APPPATH\Controllers\AdmPost.php on line 223.
 1 APPPATH\Controllers\AdmPost.php(223): CodeIgniter\Debug\Exceptions->errorHandler(2, 'Undefined array key "usuario"', 'C:\\xampp\\htdocs\\codi\\app\\Controllers\\AdmPost.php', 223)
 2 SYSTEMPATH\CodeIgniter.php(934): App\Controllers\AdmPost->desenho_meus()
 3 SYSTEMPATH\CodeIgniter.php(499): CodeIgniter\CodeIgniter->runController(Object(App\Controllers\AdmPost))
 4 SYSTEMPATH\CodeIgniter.php(368): CodeIgniter\CodeIgniter->handleRequest(null, Object(Config\Cache), false)
 5 FCPATH\index.php(67): CodeIgniter\CodeIgniter->run()
CRITICAL - 2024-06-05 13:29:25 --> Undefined array key "usuario"
in APPPATH\Controllers\AdmPost.php on line 223.
 1 APPPATH\Controllers\AdmPost.php(223): CodeIgniter\Debug\Exceptions->errorHandler(2, 'Undefined array key "usuario"', 'C:\\xampp\\htdocs\\codi\\app\\Controllers\\AdmPost.php', 223)
 2 SYSTEMPATH\CodeIgniter.php(934): App\Controllers\AdmPost->desenho_meus()
 3 SYSTEMPATH\CodeIgniter.php(499): CodeIgniter\CodeIgniter->runController(Object(App\Controllers\AdmPost))
 4 SYSTEMPATH\CodeIgniter.php(368): CodeIgniter\CodeIgniter->handleRequest(null, Object(Config\Cache), false)
 5 FCPATH\index.php(67): CodeIgniter\CodeIgniter->run()
CRITICAL - 2024-06-05 13:29:26 --> Undefined array key "usuario"
in APPPATH\Controllers\AdmPost.php on line 223.
 1 APPPATH\Controllers\AdmPost.php(223): CodeIgniter\Debug\Exceptions->errorHandler(2, 'Undefined array key "usuario"', 'C:\\xampp\\htdocs\\codi\\app\\Controllers\\AdmPost.php', 223)
 2 SYSTEMPATH\CodeIgniter.php(934): App\Controllers\AdmPost->desenho_meus()
 3 SYSTEMPATH\CodeIgniter.php(499): CodeIgniter\CodeIgniter->runController(Object(App\Controllers\AdmPost))
 4 SYSTEMPATH\CodeIgniter.php(368): CodeIgniter\CodeIgniter->handleRequest(null, Object(Config\Cache), false)
 5 FCPATH\index.php(67): CodeIgniter\CodeIgniter->run()
CRITICAL - 2024-06-05 13:29:27 --> Undefined array key "usuario"
in APPPATH\Controllers\AdmPost.php on line 223.
 1 APPPATH\Controllers\AdmPost.php(223): CodeIgniter\Debug\Exceptions->errorHandler(2, 'Undefined array key "usuario"', 'C:\\xampp\\htdocs\\codi\\app\\Controllers\\AdmPost.php', 223)
 2 SYSTEMPATH\CodeIgniter.php(934): App\Controllers\AdmPost->desenho_meus()
 3 SYSTEMPATH\CodeIgniter.php(499): CodeIgniter\CodeIgniter->runController(Object(App\Controllers\AdmPost))
 4 SYSTEMPATH\CodeIgniter.php(368): CodeIgniter\CodeIgniter->handleRequest(null, Object(Config\Cache), false)
 5 FCPATH\index.php(67): CodeIgniter\CodeIgniter->run()
CRITICAL - 2024-06-05 13:29:28 --> Undefined array key "usuario"
in APPPATH\Controllers\AdmPost.php on line 223.
 1 APPPATH\Controllers\AdmPost.php(223): CodeIgniter\Debug\Exceptions->errorHandler(2, 'Undefined array key "usuario"', 'C:\\xampp\\htdocs\\codi\\app\\Controllers\\AdmPost.php', 223)
 2 SYSTEMPATH\CodeIgniter.php(934): App\Controllers\AdmPost->desenho_meus()
 3 SYSTEMPATH\CodeIgniter.php(499): CodeIgniter\CodeIgniter->runController(Object(App\Controllers\AdmPost))
 4 SYSTEMPATH\CodeIgniter.php(368): CodeIgniter\CodeIgniter->handleRequest(null, Object(Config\Cache), false)
 5 FCPATH\index.php(67): CodeIgniter\CodeIgniter->run()
CRITICAL - 2024-06-05 13:29:29 --> Undefined array key "usuario"
in APPPATH\Controllers\AdmPost.php on line 223.
 1 APPPATH\Controllers\AdmPost.php(223): CodeIgniter\Debug\Exceptions->errorHandler(2, 'Undefined array key "usuario"', 'C:\\xampp\\htdocs\\codi\\app\\Controllers\\AdmPost.php', 223)
 2 SYSTEMPATH\CodeIgniter.php(934): App\Controllers\AdmPost->desenho_meus()
 3 SYSTEMPATH\CodeIgniter.php(499): CodeIgniter\CodeIgniter->runController(Object(App\Controllers\AdmPost))
 4 SYSTEMPATH\CodeIgniter.php(368): CodeIgniter\CodeIgniter->handleRequest(null, Object(Config\Cache), false)
 5 FCPATH\index.php(67): CodeIgniter\CodeIgniter->run()
CRITICAL - 2024-06-05 13:29:30 --> Undefined array key "usuario"
in APPPATH\Controllers\AdmPost.php on line 223.
 1 APPPATH\Controllers\AdmPost.php(223): CodeIgniter\Debug\Exceptions->errorHandler(2, 'Undefined array key "usuario"', 'C:\\xampp\\htdocs\\codi\\app\\Controllers\\AdmPost.php', 223)
 2 SYSTEMPATH\CodeIgniter.php(934): App\Controllers\AdmPost->desenho_meus()
 3 SYSTEMPATH\CodeIgniter.php(499): CodeIgniter\CodeIgniter->runController(Object(App\Controllers\AdmPost))
 4 SYSTEMPATH\CodeIgniter.php(368): CodeIgniter\CodeIgniter->handleRequest(null, Object(Config\Cache), false)
 5 FCPATH\index.php(67): CodeIgniter\CodeIgniter->run()
CRITICAL - 2024-06-05 13:29:31 --> Undefined array key "usuario"
in APPPATH\Controllers\AdmPost.php on line 223.
 1 APPPATH\Controllers\AdmPost.php(223): CodeIgniter\Debug\Exceptions->errorHandler(2, 'Undefined array key "usuario"', 'C:\\xampp\\htdocs\\codi\\app\\Controllers\\AdmPost.php', 223)
 2 SYSTEMPATH\CodeIgniter.php(934): App\Controllers\AdmPost->desenho_meus()
 3 SYSTEMPATH\CodeIgniter.php(499): CodeIgniter\CodeIgniter->runController(Object(App\Controllers\AdmPost))
 4 SYSTEMPATH\CodeIgniter.php(368): CodeIgniter\CodeIgniter->handleRequest(null, Object(Config\Cache), false)
 5 FCPATH\index.php(67): CodeIgniter\CodeIgniter->run()
CRITICAL - 2024-06-05 13:29:32 --> Undefined array key "usuario"
in APPPATH\Controllers\AdmPost.php on line 223.
 1 APPPATH\Controllers\AdmPost.php(223): CodeIgniter\Debug\Exceptions->errorHandler(2, 'Undefined array key "usuario"', 'C:\\xampp\\htdocs\\codi\\app\\Controllers\\AdmPost.php', 223)
 2 SYSTEMPATH\CodeIgniter.php(934): App\Controllers\AdmPost->desenho_meus()
 3 SYSTEMPATH\CodeIgniter.php(499): CodeIgniter\CodeIgniter->runController(Object(App\Controllers\AdmPost))
 4 SYSTEMPATH\CodeIgniter.php(368): CodeIgniter\CodeIgniter->handleRequest(null, Object(Config\Cache), false)
 5 FCPATH\index.php(67): CodeIgniter\CodeIgniter->run()
CRITICAL - 2024-06-05 13:29:33 --> Undefined array key "usuario"
in APPPATH\Controllers\AdmPost.php on line 223.
 1 APPPATH\Controllers\AdmPost.php(223): CodeIgniter\Debug\Exceptions->errorHandler(2, 'Undefined array key "usuario"', 'C:\\xampp\\htdocs\\codi\\app\\Controllers\\AdmPost.php', 223)
 2 SYSTEMPATH\CodeIgniter.php(934): App\Controllers\AdmPost->desenho_meus()
 3 SYSTEMPATH\CodeIgniter.php(499): CodeIgniter\CodeIgniter->runController(Object(App\Controllers\AdmPost))
 4 SYSTEMPATH\CodeIgniter.php(368): CodeIgniter\CodeIgniter->handleRequest(null, Object(Config\Cache), false)
 5 FCPATH\index.php(67): CodeIgniter\CodeIgniter->run()
CRITICAL - 2024-06-05 13:29:34 --> Undefined array key "usuario"
in APPPATH\Controllers\AdmPost.php on line 223.
 1 APPPATH\Controllers\AdmPost.php(223): CodeIgniter\Debug\Exceptions->errorHandler(2, 'Undefined array key "usuario"', 'C:\\xampp\\htdocs\\codi\\app\\Controllers\\AdmPost.php', 223)
 2 SYSTEMPATH\CodeIgniter.php(934): App\Controllers\AdmPost->desenho_meus()
 3 SYSTEMPATH\CodeIgniter.php(499): CodeIgniter\CodeIgniter->runController(Object(App\Controllers\AdmPost))
 4 SYSTEMPATH\CodeIgniter.php(368): CodeIgniter\CodeIgniter->handleRequest(null, Object(Config\Cache), false)
 5 FCPATH\index.php(67): CodeIgniter\CodeIgniter->run()
CRITICAL - 2024-06-05 13:29:35 --> Undefined array key "usuario"
in APPPATH\Controllers\AdmPost.php on line 223.
 1 APPPATH\Controllers\AdmPost.php(223): CodeIgniter\Debug\Exceptions->errorHandler(2, 'Undefined array key "usuario"', 'C:\\xampp\\htdocs\\codi\\app\\Controllers\\AdmPost.php', 223)
 2 SYSTEMPATH\CodeIgniter.php(934): App\Controllers\AdmPost->desenho_meus()
 3 SYSTEMPATH\CodeIgniter.php(499): CodeIgniter\CodeIgniter->runController(Object(App\Controllers\AdmPost))
 4 SYSTEMPATH\CodeIgniter.php(368): CodeIgniter\CodeIgniter->handleRequest(null, Object(Config\Cache), false)
 5 FCPATH\index.php(67): CodeIgniter\CodeIgniter->run()
CRITICAL - 2024-06-05 13:29:36 --> Undefined array key "usuario"
in APPPATH\Controllers\AdmPost.php on line 223.
 1 APPPATH\Controllers\AdmPost.php(223): CodeIgniter\Debug\Exceptions->errorHandler(2, 'Undefined array key "usuario"', 'C:\\xampp\\htdocs\\codi\\app\\Controllers\\AdmPost.php', 223)
 2 SYSTEMPATH\CodeIgniter.php(934): App\Controllers\AdmPost->desenho_meus()
 3 SYSTEMPATH\CodeIgniter.php(499): CodeIgniter\CodeIgniter->runController(Object(App\Controllers\AdmPost))
 4 SYSTEMPATH\CodeIgniter.php(368): CodeIgniter\CodeIgniter->handleRequest(null, Object(Config\Cache), false)
 5 FCPATH\index.php(67): CodeIgniter\CodeIgniter->run()
CRITICAL - 2024-06-05 13:29:37 --> Undefined array key "usuario"
in APPPATH\Controllers\AdmPost.php on line 223.
 1 APPPATH\Controllers\AdmPost.php(223): CodeIgniter\Debug\Exceptions->errorHandler(2, 'Undefined array key "usuario"', 'C:\\xampp\\htdocs\\codi\\app\\Controllers\\AdmPost.php', 223)
 2 SYSTEMPATH\CodeIgniter.php(934): App\Controllers\AdmPost->desenho_meus()
 3 SYSTEMPATH\CodeIgniter.php(499): CodeIgniter\CodeIgniter->runController(Object(App\Controllers\AdmPost))
 4 SYSTEMPATH\CodeIgniter.php(368): CodeIgniter\CodeIgniter->handleRequest(null, Object(Config\Cache), false)
 5 FCPATH\index.php(67): CodeIgniter\CodeIgniter->run()
CRITICAL - 2024-06-05 13:29:38 --> Undefined array key "usuario"
in APPPATH\Controllers\AdmPost.php on line 223.
 1 APPPATH\Controllers\AdmPost.php(223): CodeIgniter\Debug\Exceptions->errorHandler(2, 'Undefined array key "usuario"', 'C:\\xampp\\htdocs\\codi\\app\\Controllers\\AdmPost.php', 223)
 2 SYSTEMPATH\CodeIgniter.php(934): App\Controllers\AdmPost->desenho_meus()
 3 SYSTEMPATH\CodeIgniter.php(499): CodeIgniter\CodeIgniter->runController(Object(App\Controllers\AdmPost))
 4 SYSTEMPATH\CodeIgniter.php(368): CodeIgniter\CodeIgniter->handleRequest(null, Object(Config\Cache), false)
 5 FCPATH\index.php(67): CodeIgniter\CodeIgniter->run()
CRITICAL - 2024-06-05 13:29:39 --> Undefined array key "usuario"
in APPPATH\Controllers\AdmPost.php on line 223.
 1 APPPATH\Controllers\AdmPost.php(223): CodeIgniter\Debug\Exceptions->errorHandler(2, 'Undefined array key "usuario"', 'C:\\xampp\\htdocs\\codi\\app\\Controllers\\AdmPost.php', 223)
 2 SYSTEMPATH\CodeIgniter.php(934): App\Controllers\AdmPost->desenho_meus()
 3 SYSTEMPATH\CodeIgniter.php(499): CodeIgniter\CodeIgniter->runController(Object(App\Controllers\AdmPost))
 4 SYSTEMPATH\CodeIgniter.php(368): CodeIgniter\CodeIgniter->handleRequest(null, Object(Config\Cache), false)
 5 FCPATH\index.php(67): CodeIgniter\CodeIgniter->run()
CRITICAL - 2024-06-05 13:29:40 --> Undefined array key "usuario"
in APPPATH\Controllers\AdmPost.php on line 223.
 1 APPPATH\Controllers\AdmPost.php(223): CodeIgniter\Debug\Exceptions->errorHandler(2, 'Undefined array key "usuario"', 'C:\\xampp\\htdocs\\codi\\app\\Controllers\\AdmPost.php', 223)
 2 SYSTEMPATH\CodeIgniter.php(934): App\Controllers\AdmPost->desenho_meus()
 3 SYSTEMPATH\CodeIgniter.php(499): CodeIgniter\CodeIgniter->runController(Object(App\Controllers\AdmPost))
 4 SYSTEMPATH\CodeIgniter.php(368): CodeIgniter\CodeIgniter->handleRequest(null, Object(Config\Cache), false)
 5 FCPATH\index.php(67): CodeIgniter\CodeIgniter->run()
CRITICAL - 2024-06-05 13:29:41 --> Undefined array key "usuario"
in APPPATH\Controllers\AdmPost.php on line 223.
 1 APPPATH\Controllers\AdmPost.php(223): CodeIgniter\Debug\Exceptions->errorHandler(2, 'Undefined array key "usuario"', 'C:\\xampp\\htdocs\\codi\\app\\Controllers\\AdmPost.php', 223)
 2 SYSTEMPATH\CodeIgniter.php(934): App\Controllers\AdmPost->desenho_meus()
 3 SYSTEMPATH\CodeIgniter.php(499): CodeIgniter\CodeIgniter->runController(Object(App\Controllers\AdmPost))
 4 SYSTEMPATH\CodeIgniter.php(368): CodeIgniter\CodeIgniter->handleRequest(null, Object(Config\Cache), false)
 5 FCPATH\index.php(67): CodeIgniter\CodeIgniter->run()
CRITICAL - 2024-06-05 13:29:42 --> Undefined array key "usuario"
in APPPATH\Controllers\AdmPost.php on line 223.
 1 APPPATH\Controllers\AdmPost.php(223): CodeIgniter\Debug\Exceptions->errorHandler(2, 'Undefined array key "usuario"', 'C:\\xampp\\htdocs\\codi\\app\\Controllers\\AdmPost.php', 223)
 2 SYSTEMPATH\CodeIgniter.php(934): App\Controllers\AdmPost->desenho_meus()
 3 SYSTEMPATH\CodeIgniter.php(499): CodeIgniter\CodeIgniter->runController(Object(App\Controllers\AdmPost))
 4 SYSTEMPATH\CodeIgniter.php(368): CodeIgniter\CodeIgniter->handleRequest(null, Object(Config\Cache), false)
 5 FCPATH\index.php(67): CodeIgniter\CodeIgniter->run()
CRITICAL - 2024-06-05 13:29:43 --> Undefined array key "usuario"
in APPPATH\Controllers\AdmPost.php on line 223.
 1 APPPATH\Controllers\AdmPost.php(223): CodeIgniter\Debug\Exceptions->errorHandler(2, 'Undefined array key "usuario"', 'C:\\xampp\\htdocs\\codi\\app\\Controllers\\AdmPost.php', 223)
 2 SYSTEMPATH\CodeIgniter.php(934): App\Controllers\AdmPost->desenho_meus()
 3 SYSTEMPATH\CodeIgniter.php(499): CodeIgniter\CodeIgniter->runController(Object(App\Controllers\AdmPost))
 4 SYSTEMPATH\CodeIgniter.php(368): CodeIgniter\CodeIgniter->handleRequest(null, Object(Config\Cache), false)
 5 FCPATH\index.php(67): CodeIgniter\CodeIgniter->run()
CRITICAL - 2024-06-05 13:29:44 --> Undefined array key "usuario"
in APPPATH\Controllers\AdmPost.php on line 223.
 1 APPPATH\Controllers\AdmPost.php(223): CodeIgniter\Debug\Exceptions->errorHandler(2, 'Undefined array key "usuario"', 'C:\\xampp\\htdocs\\codi\\app\\Controllers\\AdmPost.php', 223)
 2 SYSTEMPATH\CodeIgniter.php(934): App\Controllers\AdmPost->desenho_meus()
 3 SYSTEMPATH\CodeIgniter.php(499): CodeIgniter\CodeIgniter->runController(Object(App\Controllers\AdmPost))
 4 SYSTEMPATH\CodeIgniter.php(368): CodeIgniter\CodeIgniter->handleRequest(null, Object(Config\Cache), false)
 5 FCPATH\index.php(67): CodeIgniter\CodeIgniter->run()
CRITICAL - 2024-06-05 13:29:45 --> Undefined array key "usuario"
in APPPATH\Controllers\AdmPost.php on line 223.
 1 APPPATH\Controllers\AdmPost.php(223): CodeIgniter\Debug\Exceptions->errorHandler(2, 'Undefined array key "usuario"', 'C:\\xampp\\htdocs\\codi\\app\\Controllers\\AdmPost.php', 223)
 2 SYSTEMPATH\CodeIgniter.php(934): App\Controllers\AdmPost->desenho_meus()
 3 SYSTEMPATH\CodeIgniter.php(499): CodeIgniter\CodeIgniter->runController(Object(App\Controllers\AdmPost))
 4 SYSTEMPATH\CodeIgniter.php(368): CodeIgniter\CodeIgniter->handleRequest(null, Object(Config\Cache), false)
 5 FCPATH\index.php(67): CodeIgniter\CodeIgniter->run()
CRITICAL - 2024-06-05 13:29:46 --> Undefined array key "usuario"
in APPPATH\Controllers\AdmPost.php on line 223.
 1 APPPATH\Controllers\AdmPost.php(223): CodeIgniter\Debug\Exceptions->errorHandler(2, 'Undefined array key "usuario"', 'C:\\xampp\\htdocs\\codi\\app\\Controllers\\AdmPost.php', 223)
 2 SYSTEMPATH\CodeIgniter.php(934): App\Controllers\AdmPost->desenho_meus()
 3 SYSTEMPATH\CodeIgniter.php(499): CodeIgniter\CodeIgniter->runController(Object(App\Controllers\AdmPost))
 4 SYSTEMPATH\CodeIgniter.php(368): CodeIgniter\CodeIgniter->handleRequest(null, Object(Config\Cache), false)
 5 FCPATH\index.php(67): CodeIgniter\CodeIgniter->run()
CRITICAL - 2024-06-05 13:29:47 --> Undefined array key "usuario"
in APPPATH\Controllers\AdmPost.php on line 223.
 1 APPPATH\Controllers\AdmPost.php(223): CodeIgniter\Debug\Exceptions->errorHandler(2, 'Undefined array key "usuario"', 'C:\\xampp\\htdocs\\codi\\app\\Controllers\\AdmPost.php', 223)
 2 SYSTEMPATH\CodeIgniter.php(934): App\Controllers\AdmPost->desenho_meus()
 3 SYSTEMPATH\CodeIgniter.php(499): CodeIgniter\CodeIgniter->runController(Object(App\Controllers\AdmPost))
 4 SYSTEMPATH\CodeIgniter.php(368): CodeIgniter\CodeIgniter->handleRequest(null, Object(Config\Cache), false)
 5 FCPATH\index.php(67): CodeIgniter\CodeIgniter->run()
CRITICAL - 2024-06-05 13:29:49 --> Undefined array key "usuario"
in APPPATH\Controllers\AdmPost.php on line 223.
 1 APPPATH\Controllers\AdmPost.php(223): CodeIgniter\Debug\Exceptions->errorHandler(2, 'Undefined array key "usuario"', 'C:\\xampp\\htdocs\\codi\\app\\Controllers\\AdmPost.php', 223)
 2 SYSTEMPATH\CodeIgniter.php(934): App\Controllers\AdmPost->desenho_meus()
 3 SYSTEMPATH\CodeIgniter.php(499): CodeIgniter\CodeIgniter->runController(Object(App\Controllers\AdmPost))
 4 SYSTEMPATH\CodeIgniter.php(368): CodeIgniter\CodeIgniter->handleRequest(null, Object(Config\Cache), false)
 5 FCPATH\index.php(67): CodeIgniter\CodeIgniter->run()
CRITICAL - 2024-06-05 13:30:27 --> Undefined array key "usuario"
in APPPATH\Controllers\AdmPost.php on line 223.
 1 APPPATH\Controllers\AdmPost.php(223): CodeIgniter\Debug\Exceptions->errorHandler(2, 'Undefined array key "usuario"', 'C:\\xampp\\htdocs\\codi\\app\\Controllers\\AdmPost.php', 223)
 2 SYSTEMPATH\CodeIgniter.php(934): App\Controllers\AdmPost->desenho_meus()
 3 SYSTEMPATH\CodeIgniter.php(499): CodeIgniter\CodeIgniter->runController(Object(App\Controllers\AdmPost))
 4 SYSTEMPATH\CodeIgniter.php(368): CodeIgniter\CodeIgniter->handleRequest(null, Object(Config\Cache), false)
 5 FCPATH\index.php(67): CodeIgniter\CodeIgniter->run()
CRITICAL - 2024-06-05 13:30:27 --> Undefined array key "usuario"
in APPPATH\Controllers\AdmPost.php on line 223.
 1 APPPATH\Controllers\AdmPost.php(223): CodeIgniter\Debug\Exceptions->errorHandler(2, 'Undefined array key "usuario"', 'C:\\xampp\\htdocs\\codi\\app\\Controllers\\AdmPost.php', 223)
 2 SYSTEMPATH\CodeIgniter.php(934): App\Controllers\AdmPost->desenho_meus()
 3 SYSTEMPATH\CodeIgniter.php(499): CodeIgniter\CodeIgniter->runController(Object(App\Controllers\AdmPost))
 4 SYSTEMPATH\CodeIgniter.php(368): CodeIgniter\CodeIgniter->handleRequest(null, Object(Config\Cache), false)
 5 FCPATH\index.php(67): CodeIgniter\CodeIgniter->run()
CRITICAL - 2024-06-05 13:30:28 --> Undefined array key "usuario"
in APPPATH\Controllers\AdmPost.php on line 223.
 1 APPPATH\Controllers\AdmPost.php(223): CodeIgniter\Debug\Exceptions->errorHandler(2, 'Undefined array key "usuario"', 'C:\\xampp\\htdocs\\codi\\app\\Controllers\\AdmPost.php', 223)
 2 SYSTEMPATH\CodeIgniter.php(934): App\Controllers\AdmPost->desenho_meus()
 3 SYSTEMPATH\CodeIgniter.php(499): CodeIgniter\CodeIgniter->runController(Object(App\Controllers\AdmPost))
 4 SYSTEMPATH\CodeIgniter.php(368): CodeIgniter\CodeIgniter->handleRequest(null, Object(Config\Cache), false)
 5 FCPATH\index.php(67): CodeIgniter\CodeIgniter->run()
CRITICAL - 2024-06-05 13:30:29 --> Undefined array key "usuario"
in APPPATH\Controllers\AdmPost.php on line 223.
 1 APPPATH\Controllers\AdmPost.php(223): CodeIgniter\Debug\Exceptions->errorHandler(2, 'Undefined array key "usuario"', 'C:\\xampp\\htdocs\\codi\\app\\Controllers\\AdmPost.php', 223)
 2 SYSTEMPATH\CodeIgniter.php(934): App\Controllers\AdmPost->desenho_meus()
 3 SYSTEMPATH\CodeIgniter.php(499): CodeIgniter\CodeIgniter->runController(Object(App\Controllers\AdmPost))
 4 SYSTEMPATH\CodeIgniter.php(368): CodeIgniter\CodeIgniter->handleRequest(null, Object(Config\Cache), false)
 5 FCPATH\index.php(67): CodeIgniter\CodeIgniter->run()
CRITICAL - 2024-06-05 13:30:30 --> Undefined array key "usuario"
in APPPATH\Controllers\AdmPost.php on line 223.
 1 APPPATH\Controllers\AdmPost.php(223): CodeIgniter\Debug\Exceptions->errorHandler(2, 'Undefined array key "usuario"', 'C:\\xampp\\htdocs\\codi\\app\\Controllers\\AdmPost.php', 223)
 2 SYSTEMPATH\CodeIgniter.php(934): App\Controllers\AdmPost->desenho_meus()
 3 SYSTEMPATH\CodeIgniter.php(499): CodeIgniter\CodeIgniter->runController(Object(App\Controllers\AdmPost))
 4 SYSTEMPATH\CodeIgniter.php(368): CodeIgniter\CodeIgniter->handleRequest(null, Object(Config\Cache), false)
 5 FCPATH\index.php(67): CodeIgniter\CodeIgniter->run()
CRITICAL - 2024-06-05 13:30:31 --> Undefined array key "usuario"
in APPPATH\Controllers\AdmPost.php on line 223.
 1 APPPATH\Controllers\AdmPost.php(223): CodeIgniter\Debug\Exceptions->errorHandler(2, 'Undefined array key "usuario"', 'C:\\xampp\\htdocs\\codi\\app\\Controllers\\AdmPost.php', 223)
 2 SYSTEMPATH\CodeIgniter.php(934): App\Controllers\AdmPost->desenho_meus()
 3 SYSTEMPATH\CodeIgniter.php(499): CodeIgniter\CodeIgniter->runController(Object(App\Controllers\AdmPost))
 4 SYSTEMPATH\CodeIgniter.php(368): CodeIgniter\CodeIgniter->handleRequest(null, Object(Config\Cache), false)
 5 FCPATH\index.php(67): CodeIgniter\CodeIgniter->run()
CRITICAL - 2024-06-05 13:30:32 --> Undefined array key "usuario"
in APPPATH\Controllers\AdmPost.php on line 223.
 1 APPPATH\Controllers\AdmPost.php(223): CodeIgniter\Debug\Exceptions->errorHandler(2, 'Undefined array key "usuario"', 'C:\\xampp\\htdocs\\codi\\app\\Controllers\\AdmPost.php', 223)
 2 SYSTEMPATH\CodeIgniter.php(934): App\Controllers\AdmPost->desenho_meus()
 3 SYSTEMPATH\CodeIgniter.php(499): CodeIgniter\CodeIgniter->runController(Object(App\Controllers\AdmPost))
 4 SYSTEMPATH\CodeIgniter.php(368): CodeIgniter\CodeIgniter->handleRequest(null, Object(Config\Cache), false)
 5 FCPATH\index.php(67): CodeIgniter\CodeIgniter->run()
CRITICAL - 2024-06-05 13:30:33 --> Undefined array key "usuario"
in APPPATH\Controllers\AdmPost.php on line 223.
 1 APPPATH\Controllers\AdmPost.php(223): CodeIgniter\Debug\Exceptions->errorHandler(2, 'Undefined array key "usuario"', 'C:\\xampp\\htdocs\\codi\\app\\Controllers\\AdmPost.php', 223)
 2 SYSTEMPATH\CodeIgniter.php(934): App\Controllers\AdmPost->desenho_meus()
 3 SYSTEMPATH\CodeIgniter.php(499): CodeIgniter\CodeIgniter->runController(Object(App\Controllers\AdmPost))
 4 SYSTEMPATH\CodeIgniter.php(368): CodeIgniter\CodeIgniter->handleRequest(null, Object(Config\Cache), false)
 5 FCPATH\index.php(67): CodeIgniter\CodeIgniter->run()
CRITICAL - 2024-06-05 13:30:34 --> Undefined array key "usuario"
in APPPATH\Controllers\AdmPost.php on line 223.
 1 APPPATH\Controllers\AdmPost.php(223): CodeIgniter\Debug\Exceptions->errorHandler(2, 'Undefined array key "usuario"', 'C:\\xampp\\htdocs\\codi\\app\\Controllers\\AdmPost.php', 223)
 2 SYSTEMPATH\CodeIgniter.php(934): App\Controllers\AdmPost->desenho_meus()
 3 SYSTEMPATH\CodeIgniter.php(499): CodeIgniter\CodeIgniter->runController(Object(App\Controllers\AdmPost))
 4 SYSTEMPATH\CodeIgniter.php(368): CodeIgniter\CodeIgniter->handleRequest(null, Object(Config\Cache), false)
 5 FCPATH\index.php(67): CodeIgniter\CodeIgniter->run()
CRITICAL - 2024-06-05 13:30:35 --> Undefined array key "usuario"
in APPPATH\Controllers\AdmPost.php on line 223.
 1 APPPATH\Controllers\AdmPost.php(223): CodeIgniter\Debug\Exceptions->errorHandler(2, 'Undefined array key "usuario"', 'C:\\xampp\\htdocs\\codi\\app\\Controllers\\AdmPost.php', 223)
 2 SYSTEMPATH\CodeIgniter.php(934): App\Controllers\AdmPost->desenho_meus()
 3 SYSTEMPATH\CodeIgniter.php(499): CodeIgniter\CodeIgniter->runController(Object(App\Controllers\AdmPost))
 4 SYSTEMPATH\CodeIgniter.php(368): CodeIgniter\CodeIgniter->handleRequest(null, Object(Config\Cache), false)
 5 FCPATH\index.php(67): CodeIgniter\CodeIgniter->run()
CRITICAL - 2024-06-05 13:30:36 --> Undefined array key "usuario"
in APPPATH\Controllers\AdmPost.php on line 223.
 1 APPPATH\Controllers\AdmPost.php(223): CodeIgniter\Debug\Exceptions->errorHandler(2, 'Undefined array key "usuario"', 'C:\\xampp\\htdocs\\codi\\app\\Controllers\\AdmPost.php', 223)
 2 SYSTEMPATH\CodeIgniter.php(934): App\Controllers\AdmPost->desenho_meus()
 3 SYSTEMPATH\CodeIgniter.php(499): CodeIgniter\CodeIgniter->runController(Object(App\Controllers\AdmPost))
 4 SYSTEMPATH\CodeIgniter.php(368): CodeIgniter\CodeIgniter->handleRequest(null, Object(Config\Cache), false)
 5 FCPATH\index.php(67): CodeIgniter\CodeIgniter->run()
CRITICAL - 2024-06-05 13:30:37 --> Undefined array key "usuario"
in APPPATH\Controllers\AdmPost.php on line 223.
 1 APPPATH\Controllers\AdmPost.php(223): CodeIgniter\Debug\Exceptions->errorHandler(2, 'Undefined array key "usuario"', 'C:\\xampp\\htdocs\\codi\\app\\Controllers\\AdmPost.php', 223)
 2 SYSTEMPATH\CodeIgniter.php(934): App\Controllers\AdmPost->desenho_meus()
 3 SYSTEMPATH\CodeIgniter.php(499): CodeIgniter\CodeIgniter->runController(Object(App\Controllers\AdmPost))
 4 SYSTEMPATH\CodeIgniter.php(368): CodeIgniter\CodeIgniter->handleRequest(null, Object(Config\Cache), false)
 5 FCPATH\index.php(67): CodeIgniter\CodeIgniter->run()
CRITICAL - 2024-06-05 13:30:38 --> Undefined array key "usuario"
in APPPATH\Controllers\AdmPost.php on line 223.
 1 APPPATH\Controllers\AdmPost.php(223): CodeIgniter\Debug\Exceptions->errorHandler(2, 'Undefined array key "usuario"', 'C:\\xampp\\htdocs\\codi\\app\\Controllers\\AdmPost.php', 223)
 2 SYSTEMPATH\CodeIgniter.php(934): App\Controllers\AdmPost->desenho_meus()
 3 SYSTEMPATH\CodeIgniter.php(499): CodeIgniter\CodeIgniter->runController(Object(App\Controllers\AdmPost))
 4 SYSTEMPATH\CodeIgniter.php(368): CodeIgniter\CodeIgniter->handleRequest(null, Object(Config\Cache), false)
 5 FCPATH\index.php(67): CodeIgniter\CodeIgniter->run()
CRITICAL - 2024-06-05 13:30:39 --> Undefined array key "usuario"
in APPPATH\Controllers\AdmPost.php on line 223.
 1 APPPATH\Controllers\AdmPost.php(223): CodeIgniter\Debug\Exceptions->errorHandler(2, 'Undefined array key "usuario"', 'C:\\xampp\\htdocs\\codi\\app\\Controllers\\AdmPost.php', 223)
 2 SYSTEMPATH\CodeIgniter.php(934): App\Controllers\AdmPost->desenho_meus()
 3 SYSTEMPATH\CodeIgniter.php(499): CodeIgniter\CodeIgniter->runController(Object(App\Controllers\AdmPost))
 4 SYSTEMPATH\CodeIgniter.php(368): CodeIgniter\CodeIgniter->handleRequest(null, Object(Config\Cache), false)
 5 FCPATH\index.php(67): CodeIgniter\CodeIgniter->run()
CRITICAL - 2024-06-05 13:30:40 --> Undefined array key "usuario"
in APPPATH\Controllers\AdmPost.php on line 223.
 1 APPPATH\Controllers\AdmPost.php(223): CodeIgniter\Debug\Exceptions->errorHandler(2, 'Undefined array key "usuario"', 'C:\\xampp\\htdocs\\codi\\app\\Controllers\\AdmPost.php', 223)
 2 SYSTEMPATH\CodeIgniter.php(934): App\Controllers\AdmPost->desenho_meus()
 3 SYSTEMPATH\CodeIgniter.php(499): CodeIgniter\CodeIgniter->runController(Object(App\Controllers\AdmPost))
 4 SYSTEMPATH\CodeIgniter.php(368): CodeIgniter\CodeIgniter->handleRequest(null, Object(Config\Cache), false)
 5 FCPATH\index.php(67): CodeIgniter\CodeIgniter->run()
CRITICAL - 2024-06-05 13:30:41 --> Undefined array key "usuario"
in APPPATH\Controllers\AdmPost.php on line 223.
 1 APPPATH\Controllers\AdmPost.php(223): CodeIgniter\Debug\Exceptions->errorHandler(2, 'Undefined array key "usuario"', 'C:\\xampp\\htdocs\\codi\\app\\Controllers\\AdmPost.php', 223)
 2 SYSTEMPATH\CodeIgniter.php(934): App\Controllers\AdmPost->desenho_meus()
 3 SYSTEMPATH\CodeIgniter.php(499): CodeIgniter\CodeIgniter->runController(Object(App\Controllers\AdmPost))
 4 SYSTEMPATH\CodeIgniter.php(368): CodeIgniter\CodeIgniter->handleRequest(null, Object(Config\Cache), false)
 5 FCPATH\index.php(67): CodeIgniter\CodeIgniter->run()
CRITICAL - 2024-06-05 13:30:42 --> Undefined array key "usuario"
in APPPATH\Controllers\AdmPost.php on line 223.
 1 APPPATH\Controllers\AdmPost.php(223): CodeIgniter\Debug\Exceptions->errorHandler(2, 'Undefined array key "usuario"', 'C:\\xampp\\htdocs\\codi\\app\\Controllers\\AdmPost.php', 223)
 2 SYSTEMPATH\CodeIgniter.php(934): App\Controllers\AdmPost->desenho_meus()
 3 SYSTEMPATH\CodeIgniter.php(499): CodeIgniter\CodeIgniter->runController(Object(App\Controllers\AdmPost))
 4 SYSTEMPATH\CodeIgniter.php(368): CodeIgniter\CodeIgniter->handleRequest(null, Object(Config\Cache), false)
 5 FCPATH\index.php(67): CodeIgniter\CodeIgniter->run()
CRITICAL - 2024-06-05 13:30:43 --> Undefined array key "usuario"
in APPPATH\Controllers\AdmPost.php on line 223.
 1 APPPATH\Controllers\AdmPost.php(223): CodeIgniter\Debug\Exceptions->errorHandler(2, 'Undefined array key "usuario"', 'C:\\xampp\\htdocs\\codi\\app\\Controllers\\AdmPost.php', 223)
 2 SYSTEMPATH\CodeIgniter.php(934): App\Controllers\AdmPost->desenho_meus()
 3 SYSTEMPATH\CodeIgniter.php(499): CodeIgniter\CodeIgniter->runController(Object(App\Controllers\AdmPost))
 4 SYSTEMPATH\CodeIgniter.php(368): CodeIgniter\CodeIgniter->handleRequest(null, Object(Config\Cache), false)
 5 FCPATH\index.php(67): CodeIgniter\CodeIgniter->run()
CRITICAL - 2024-06-05 13:30:44 --> Undefined array key "usuario"
in APPPATH\Controllers\AdmPost.php on line 223.
 1 APPPATH\Controllers\AdmPost.php(223): CodeIgniter\Debug\Exceptions->errorHandler(2, 'Undefined array key "usuario"', 'C:\\xampp\\htdocs\\codi\\app\\Controllers\\AdmPost.php', 223)
 2 SYSTEMPATH\CodeIgniter.php(934): App\Controllers\AdmPost->desenho_meus()
 3 SYSTEMPATH\CodeIgniter.php(499): CodeIgniter\CodeIgniter->runController(Object(App\Controllers\AdmPost))
 4 SYSTEMPATH\CodeIgniter.php(368): CodeIgniter\CodeIgniter->handleRequest(null, Object(Config\Cache), false)
 5 FCPATH\index.php(67): CodeIgniter\CodeIgniter->run()
CRITICAL - 2024-06-05 13:30:45 --> Undefined array key "usuario"
in APPPATH\Controllers\AdmPost.php on line 223.
 1 APPPATH\Controllers\AdmPost.php(223): CodeIgniter\Debug\Exceptions->errorHandler(2, 'Undefined array key "usuario"', 'C:\\xampp\\htdocs\\codi\\app\\Controllers\\AdmPost.php', 223)
 2 SYSTEMPATH\CodeIgniter.php(934): App\Controllers\AdmPost->desenho_meus()
 3 SYSTEMPATH\CodeIgniter.php(499): CodeIgniter\CodeIgniter->runController(Object(App\Controllers\AdmPost))
 4 SYSTEMPATH\CodeIgniter.php(368): CodeIgniter\CodeIgniter->handleRequest(null, Object(Config\Cache), false)
 5 FCPATH\index.php(67): CodeIgniter\CodeIgniter->run()
CRITICAL - 2024-06-05 13:30:46 --> Undefined array key "usuario"
in APPPATH\Controllers\AdmPost.php on line 223.
 1 APPPATH\Controllers\AdmPost.php(223): CodeIgniter\Debug\Exceptions->errorHandler(2, 'Undefined array key "usuario"', 'C:\\xampp\\htdocs\\codi\\app\\Controllers\\AdmPost.php', 223)
 2 SYSTEMPATH\CodeIgniter.php(934): App\Controllers\AdmPost->desenho_meus()
 3 SYSTEMPATH\CodeIgniter.php(499): CodeIgniter\CodeIgniter->runController(Object(App\Controllers\AdmPost))
 4 SYSTEMPATH\CodeIgniter.php(368): CodeIgniter\CodeIgniter->handleRequest(null, Object(Config\Cache), false)
 5 FCPATH\index.php(67): CodeIgniter\CodeIgniter->run()
CRITICAL - 2024-06-05 13:30:47 --> Undefined array key "usuario"
in APPPATH\Controllers\AdmPost.php on line 223.
 1 APPPATH\Controllers\AdmPost.php(223): CodeIgniter\Debug\Exceptions->errorHandler(2, 'Undefined array key "usuario"', 'C:\\xampp\\htdocs\\codi\\app\\Controllers\\AdmPost.php', 223)
 2 SYSTEMPATH\CodeIgniter.php(934): App\Controllers\AdmPost->desenho_meus()
 3 SYSTEMPATH\CodeIgniter.php(499): CodeIgniter\CodeIgniter->runController(Object(App\Controllers\AdmPost))
 4 SYSTEMPATH\CodeIgniter.php(368): CodeIgniter\CodeIgniter->handleRequest(null, Object(Config\Cache), false)
 5 FCPATH\index.php(67): CodeIgniter\CodeIgniter->run()
CRITICAL - 2024-06-05 13:30:48 --> Undefined array key "usuario"
in APPPATH\Controllers\AdmPost.php on line 223.
 1 APPPATH\Controllers\AdmPost.php(223): CodeIgniter\Debug\Exceptions->errorHandler(2, 'Undefined array key "usuario"', 'C:\\xampp\\htdocs\\codi\\app\\Controllers\\AdmPost.php', 223)
 2 SYSTEMPATH\CodeIgniter.php(934): App\Controllers\AdmPost->desenho_meus()
 3 SYSTEMPATH\CodeIgniter.php(499): CodeIgniter\CodeIgniter->runController(Object(App\Controllers\AdmPost))
 4 SYSTEMPATH\CodeIgniter.php(368): CodeIgniter\CodeIgniter->handleRequest(null, Object(Config\Cache), false)
 5 FCPATH\index.php(67): CodeIgniter\CodeIgniter->run()
CRITICAL - 2024-06-05 13:30:49 --> Undefined array key "usuario"
in APPPATH\Controllers\AdmPost.php on line 223.
 1 APPPATH\Controllers\AdmPost.php(223): CodeIgniter\Debug\Exceptions->errorHandler(2, 'Undefined array key "usuario"', 'C:\\xampp\\htdocs\\codi\\app\\Controllers\\AdmPost.php', 223)
 2 SYSTEMPATH\CodeIgniter.php(934): App\Controllers\AdmPost->desenho_meus()
 3 SYSTEMPATH\CodeIgniter.php(499): CodeIgniter\CodeIgniter->runController(Object(App\Controllers\AdmPost))
 4 SYSTEMPATH\CodeIgniter.php(368): CodeIgniter\CodeIgniter->handleRequest(null, Object(Config\Cache), false)
 5 FCPATH\index.php(67): CodeIgniter\CodeIgniter->run()
CRITICAL - 2024-06-05 13:30:50 --> Undefined array key "usuario"
in APPPATH\Controllers\AdmPost.php on line 223.
 1 APPPATH\Controllers\AdmPost.php(223): CodeIgniter\Debug\Exceptions->errorHandler(2, 'Undefined array key "usuario"', 'C:\\xampp\\htdocs\\codi\\app\\Controllers\\AdmPost.php', 223)
 2 SYSTEMPATH\CodeIgniter.php(934): App\Controllers\AdmPost->desenho_meus()
 3 SYSTEMPATH\CodeIgniter.php(499): CodeIgniter\CodeIgniter->runController(Object(App\Controllers\AdmPost))
 4 SYSTEMPATH\CodeIgniter.php(368): CodeIgniter\CodeIgniter->handleRequest(null, Object(Config\Cache), false)
 5 FCPATH\index.php(67): CodeIgniter\CodeIgniter->run()
CRITICAL - 2024-06-05 13:30:51 --> Undefined array key "usuario"
in APPPATH\Controllers\AdmPost.php on line 223.
 1 APPPATH\Controllers\AdmPost.php(223): CodeIgniter\Debug\Exceptions->errorHandler(2, 'Undefined array key "usuario"', 'C:\\xampp\\htdocs\\codi\\app\\Controllers\\AdmPost.php', 223)
 2 SYSTEMPATH\CodeIgniter.php(934): App\Controllers\AdmPost->desenho_meus()
 3 SYSTEMPATH\CodeIgniter.php(499): CodeIgniter\CodeIgniter->runController(Object(App\Controllers\AdmPost))
 4 SYSTEMPATH\CodeIgniter.php(368): CodeIgniter\CodeIgniter->handleRequest(null, Object(Config\Cache), false)
 5 FCPATH\index.php(67): CodeIgniter\CodeIgniter->run()
CRITICAL - 2024-06-05 13:30:52 --> Undefined array key "usuario"
in APPPATH\Controllers\AdmPost.php on line 223.
 1 APPPATH\Controllers\AdmPost.php(223): CodeIgniter\Debug\Exceptions->errorHandler(2, 'Undefined array key "usuario"', 'C:\\xampp\\htdocs\\codi\\app\\Controllers\\AdmPost.php', 223)
 2 SYSTEMPATH\CodeIgniter.php(934): App\Controllers\AdmPost->desenho_meus()
 3 SYSTEMPATH\CodeIgniter.php(499): CodeIgniter\CodeIgniter->runController(Object(App\Controllers\AdmPost))
 4 SYSTEMPATH\CodeIgniter.php(368): CodeIgniter\CodeIgniter->handleRequest(null, Object(Config\Cache), false)
 5 FCPATH\index.php(67): CodeIgniter\CodeIgniter->run()
CRITICAL - 2024-06-05 13:30:53 --> Undefined array key "usuario"
in APPPATH\Controllers\AdmPost.php on line 223.
 1 APPPATH\Controllers\AdmPost.php(223): CodeIgniter\Debug\Exceptions->errorHandler(2, 'Undefined array key "usuario"', 'C:\\xampp\\htdocs\\codi\\app\\Controllers\\AdmPost.php', 223)
 2 SYSTEMPATH\CodeIgniter.php(934): App\Controllers\AdmPost->desenho_meus()
 3 SYSTEMPATH\CodeIgniter.php(499): CodeIgniter\CodeIgniter->runController(Object(App\Controllers\AdmPost))
 4 SYSTEMPATH\CodeIgniter.php(368): CodeIgniter\CodeIgniter->handleRequest(null, Object(Config\Cache), false)
 5 FCPATH\index.php(67): CodeIgniter\CodeIgniter->run()
CRITICAL - 2024-06-05 13:30:54 --> Undefined array key "usuario"
in APPPATH\Controllers\AdmPost.php on line 223.
 1 APPPATH\Controllers\AdmPost.php(223): CodeIgniter\Debug\Exceptions->errorHandler(2, 'Undefined array key "usuario"', 'C:\\xampp\\htdocs\\codi\\app\\Controllers\\AdmPost.php', 223)
 2 SYSTEMPATH\CodeIgniter.php(934): App\Controllers\AdmPost->desenho_meus()
 3 SYSTEMPATH\CodeIgniter.php(499): CodeIgniter\CodeIgniter->runController(Object(App\Controllers\AdmPost))
 4 SYSTEMPATH\CodeIgniter.php(368): CodeIgniter\CodeIgniter->handleRequest(null, Object(Config\Cache), false)
 5 FCPATH\index.php(67): CodeIgniter\CodeIgniter->run()
CRITICAL - 2024-06-05 13:30:55 --> Undefined array key "usuario"
in APPPATH\Controllers\AdmPost.php on line 223.
 1 APPPATH\Controllers\AdmPost.php(223): CodeIgniter\Debug\Exceptions->errorHandler(2, 'Undefined array key "usuario"', 'C:\\xampp\\htdocs\\codi\\app\\Controllers\\AdmPost.php', 223)
 2 SYSTEMPATH\CodeIgniter.php(934): App\Controllers\AdmPost->desenho_meus()
 3 SYSTEMPATH\CodeIgniter.php(499): CodeIgniter\CodeIgniter->runController(Object(App\Controllers\AdmPost))
 4 SYSTEMPATH\CodeIgniter.php(368): CodeIgniter\CodeIgniter->handleRequest(null, Object(Config\Cache), false)
 5 FCPATH\index.php(67): CodeIgniter\CodeIgniter->run()
CRITICAL - 2024-06-05 13:30:56 --> Undefined array key "usuario"
in APPPATH\Controllers\AdmPost.php on line 223.
 1 APPPATH\Controllers\AdmPost.php(223): CodeIgniter\Debug\Exceptions->errorHandler(2, 'Undefined array key "usuario"', 'C:\\xampp\\htdocs\\codi\\app\\Controllers\\AdmPost.php', 223)
 2 SYSTEMPATH\CodeIgniter.php(934): App\Controllers\AdmPost->desenho_meus()
 3 SYSTEMPATH\CodeIgniter.php(499): CodeIgniter\CodeIgniter->runController(Object(App\Controllers\AdmPost))
 4 SYSTEMPATH\CodeIgniter.php(368): CodeIgniter\CodeIgniter->handleRequest(null, Object(Config\Cache), false)
 5 FCPATH\index.php(67): CodeIgniter\CodeIgniter->run()
CRITICAL - 2024-06-05 13:30:57 --> Undefined array key "usuario"
in APPPATH\Controllers\AdmPost.php on line 223.
 1 APPPATH\Controllers\AdmPost.php(223): CodeIgniter\Debug\Exceptions->errorHandler(2, 'Undefined array key "usuario"', 'C:\\xampp\\htdocs\\codi\\app\\Controllers\\AdmPost.php', 223)
 2 SYSTEMPATH\CodeIgniter.php(934): App\Controllers\AdmPost->desenho_meus()
 3 SYSTEMPATH\CodeIgniter.php(499): CodeIgniter\CodeIgniter->runController(Object(App\Controllers\AdmPost))
 4 SYSTEMPATH\CodeIgniter.php(368): CodeIgniter\CodeIgniter->handleRequest(null, Object(Config\Cache), false)
 5 FCPATH\index.php(67): CodeIgniter\CodeIgniter->run()
CRITICAL - 2024-06-05 13:30:58 --> Undefined array key "usuario"
in APPPATH\Controllers\AdmPost.php on line 223.
 1 APPPATH\Controllers\AdmPost.php(223): CodeIgniter\Debug\Exceptions->errorHandler(2, 'Undefined array key "usuario"', 'C:\\xampp\\htdocs\\codi\\app\\Controllers\\AdmPost.php', 223)
 2 SYSTEMPATH\CodeIgniter.php(934): App\Controllers\AdmPost->desenho_meus()
 3 SYSTEMPATH\CodeIgniter.php(499): CodeIgniter\CodeIgniter->runController(Object(App\Controllers\AdmPost))
 4 SYSTEMPATH\CodeIgniter.php(368): CodeIgniter\CodeIgniter->handleRequest(null, Object(Config\Cache), false)
 5 FCPATH\index.php(67): CodeIgniter\CodeIgniter->run()
CRITICAL - 2024-06-05 13:30:59 --> Undefined array key "usuario"
in APPPATH\Controllers\AdmPost.php on line 223.
 1 APPPATH\Controllers\AdmPost.php(223): CodeIgniter\Debug\Exceptions->errorHandler(2, 'Undefined array key "usuario"', 'C:\\xampp\\htdocs\\codi\\app\\Controllers\\AdmPost.php', 223)
 2 SYSTEMPATH\CodeIgniter.php(934): App\Controllers\AdmPost->desenho_meus()
 3 SYSTEMPATH\CodeIgniter.php(499): CodeIgniter\CodeIgniter->runController(Object(App\Controllers\AdmPost))
 4 SYSTEMPATH\CodeIgniter.php(368): CodeIgniter\CodeIgniter->handleRequest(null, Object(Config\Cache), false)
 5 FCPATH\index.php(67): CodeIgniter\CodeIgniter->run()
CRITICAL - 2024-06-05 13:31:00 --> Undefined array key "usuario"
in APPPATH\Controllers\AdmPost.php on line 223.
 1 APPPATH\Controllers\AdmPost.php(223): CodeIgniter\Debug\Exceptions->errorHandler(2, 'Undefined array key "usuario"', 'C:\\xampp\\htdocs\\codi\\app\\Controllers\\AdmPost.php', 223)
 2 SYSTEMPATH\CodeIgniter.php(934): App\Controllers\AdmPost->desenho_meus()
 3 SYSTEMPATH\CodeIgniter.php(499): CodeIgniter\CodeIgniter->runController(Object(App\Controllers\AdmPost))
 4 SYSTEMPATH\CodeIgniter.php(368): CodeIgniter\CodeIgniter->handleRequest(null, Object(Config\Cache), false)
 5 FCPATH\index.php(67): CodeIgniter\CodeIgniter->run()
CRITICAL - 2024-06-05 13:31:01 --> Undefined array key "usuario"
in APPPATH\Controllers\AdmPost.php on line 223.
 1 APPPATH\Controllers\AdmPost.php(223): CodeIgniter\Debug\Exceptions->errorHandler(2, 'Undefined array key "usuario"', 'C:\\xampp\\htdocs\\codi\\app\\Controllers\\AdmPost.php', 223)
 2 SYSTEMPATH\CodeIgniter.php(934): App\Controllers\AdmPost->desenho_meus()
 3 SYSTEMPATH\CodeIgniter.php(499): CodeIgniter\CodeIgniter->runController(Object(App\Controllers\AdmPost))
 4 SYSTEMPATH\CodeIgniter.php(368): CodeIgniter\CodeIgniter->handleRequest(null, Object(Config\Cache), false)
 5 FCPATH\index.php(67): CodeIgniter\CodeIgniter->run()
CRITICAL - 2024-06-05 13:31:02 --> Undefined array key "usuario"
in APPPATH\Controllers\AdmPost.php on line 223.
 1 APPPATH\Controllers\AdmPost.php(223): CodeIgniter\Debug\Exceptions->errorHandler(2, 'Undefined array key "usuario"', 'C:\\xampp\\htdocs\\codi\\app\\Controllers\\AdmPost.php', 223)
 2 SYSTEMPATH\CodeIgniter.php(934): App\Controllers\AdmPost->desenho_meus()
 3 SYSTEMPATH\CodeIgniter.php(499): CodeIgniter\CodeIgniter->runController(Object(App\Controllers\AdmPost))
 4 SYSTEMPATH\CodeIgniter.php(368): CodeIgniter\CodeIgniter->handleRequest(null, Object(Config\Cache), false)
 5 FCPATH\index.php(67): CodeIgniter\CodeIgniter->run()
CRITICAL - 2024-06-05 13:31:03 --> Undefined array key "usuario"
in APPPATH\Controllers\AdmPost.php on line 223.
 1 APPPATH\Controllers\AdmPost.php(223): CodeIgniter\Debug\Exceptions->errorHandler(2, 'Undefined array key "usuario"', 'C:\\xampp\\htdocs\\codi\\app\\Controllers\\AdmPost.php', 223)
 2 SYSTEMPATH\CodeIgniter.php(934): App\Controllers\AdmPost->desenho_meus()
 3 SYSTEMPATH\CodeIgniter.php(499): CodeIgniter\CodeIgniter->runController(Object(App\Controllers\AdmPost))
 4 SYSTEMPATH\CodeIgniter.php(368): CodeIgniter\CodeIgniter->handleRequest(null, Object(Config\Cache), false)
 5 FCPATH\index.php(67): CodeIgniter\CodeIgniter->run()
CRITICAL - 2024-06-05 13:31:04 --> Undefined array key "usuario"
in APPPATH\Controllers\AdmPost.php on line 223.
 1 APPPATH\Controllers\AdmPost.php(223): CodeIgniter\Debug\Exceptions->errorHandler(2, 'Undefined array key "usuario"', 'C:\\xampp\\htdocs\\codi\\app\\Controllers\\AdmPost.php', 223)
 2 SYSTEMPATH\CodeIgniter.php(934): App\Controllers\AdmPost->desenho_meus()
 3 SYSTEMPATH\CodeIgniter.php(499): CodeIgniter\CodeIgniter->runController(Object(App\Controllers\AdmPost))
 4 SYSTEMPATH\CodeIgniter.php(368): CodeIgniter\CodeIgniter->handleRequest(null, Object(Config\Cache), false)
 5 FCPATH\index.php(67): CodeIgniter\CodeIgniter->run()
CRITICAL - 2024-06-05 13:31:05 --> Undefined array key "usuario"
in APPPATH\Controllers\AdmPost.php on line 223.
 1 APPPATH\Controllers\AdmPost.php(223): CodeIgniter\Debug\Exceptions->errorHandler(2, 'Undefined array key "usuario"', 'C:\\xampp\\htdocs\\codi\\app\\Controllers\\AdmPost.php', 223)
 2 SYSTEMPATH\CodeIgniter.php(934): App\Controllers\AdmPost->desenho_meus()
 3 SYSTEMPATH\CodeIgniter.php(499): CodeIgniter\CodeIgniter->runController(Object(App\Controllers\AdmPost))
 4 SYSTEMPATH\CodeIgniter.php(368): CodeIgniter\CodeIgniter->handleRequest(null, Object(Config\Cache), false)
 5 FCPATH\index.php(67): CodeIgniter\CodeIgniter->run()
CRITICAL - 2024-06-05 13:31:06 --> Undefined array key "usuario"
in APPPATH\Controllers\AdmPost.php on line 223.
 1 APPPATH\Controllers\AdmPost.php(223): CodeIgniter\Debug\Exceptions->errorHandler(2, 'Undefined array key "usuario"', 'C:\\xampp\\htdocs\\codi\\app\\Controllers\\AdmPost.php', 223)
 2 SYSTEMPATH\CodeIgniter.php(934): App\Controllers\AdmPost->desenho_meus()
 3 SYSTEMPATH\CodeIgniter.php(499): CodeIgniter\CodeIgniter->runController(Object(App\Controllers\AdmPost))
 4 SYSTEMPATH\CodeIgniter.php(368): CodeIgniter\CodeIgniter->handleRequest(null, Object(Config\Cache), false)
 5 FCPATH\index.php(67): CodeIgniter\CodeIgniter->run()
CRITICAL - 2024-06-05 13:31:07 --> Undefined array key "usuario"
in APPPATH\Controllers\AdmPost.php on line 223.
 1 APPPATH\Controllers\AdmPost.php(223): CodeIgniter\Debug\Exceptions->errorHandler(2, 'Undefined array key "usuario"', 'C:\\xampp\\htdocs\\codi\\app\\Controllers\\AdmPost.php', 223)
 2 SYSTEMPATH\CodeIgniter.php(934): App\Controllers\AdmPost->desenho_meus()
 3 SYSTEMPATH\CodeIgniter.php(499): CodeIgniter\CodeIgniter->runController(Object(App\Controllers\AdmPost))
 4 SYSTEMPATH\CodeIgniter.php(368): CodeIgniter\CodeIgniter->handleRequest(null, Object(Config\Cache), false)
 5 FCPATH\index.php(67): CodeIgniter\CodeIgniter->run()
CRITICAL - 2024-06-05 13:31:08 --> Undefined array key "usuario"
in APPPATH\Controllers\AdmPost.php on line 223.
 1 APPPATH\Controllers\AdmPost.php(223): CodeIgniter\Debug\Exceptions->errorHandler(2, 'Undefined array key "usuario"', 'C:\\xampp\\htdocs\\codi\\app\\Controllers\\AdmPost.php', 223)
 2 SYSTEMPATH\CodeIgniter.php(934): App\Controllers\AdmPost->desenho_meus()
 3 SYSTEMPATH\CodeIgniter.php(499): CodeIgniter\CodeIgniter->runController(Object(App\Controllers\AdmPost))
 4 SYSTEMPATH\CodeIgniter.php(368): CodeIgniter\CodeIgniter->handleRequest(null, Object(Config\Cache), false)
 5 FCPATH\index.php(67): CodeIgniter\CodeIgniter->run()
CRITICAL - 2024-06-05 13:31:09 --> Undefined array key "usuario"
in APPPATH\Controllers\AdmPost.php on line 223.
 1 APPPATH\Controllers\AdmPost.php(223): CodeIgniter\Debug\Exceptions->errorHandler(2, 'Undefined array key "usuario"', 'C:\\xampp\\htdocs\\codi\\app\\Controllers\\AdmPost.php', 223)
 2 SYSTEMPATH\CodeIgniter.php(934): App\Controllers\AdmPost->desenho_meus()
 3 SYSTEMPATH\CodeIgniter.php(499): CodeIgniter\CodeIgniter->runController(Object(App\Controllers\AdmPost))
 4 SYSTEMPATH\CodeIgniter.php(368): CodeIgniter\CodeIgniter->handleRequest(null, Object(Config\Cache), false)
 5 FCPATH\index.php(67): CodeIgniter\CodeIgniter->run()
CRITICAL - 2024-06-05 13:31:10 --> Undefined array key "usuario"
in APPPATH\Controllers\AdmPost.php on line 223.
 1 APPPATH\Controllers\AdmPost.php(223): CodeIgniter\Debug\Exceptions->errorHandler(2, 'Undefined array key "usuario"', 'C:\\xampp\\htdocs\\codi\\app\\Controllers\\AdmPost.php', 223)
 2 SYSTEMPATH\CodeIgniter.php(934): App\Controllers\AdmPost->desenho_meus()
 3 SYSTEMPATH\CodeIgniter.php(499): CodeIgniter\CodeIgniter->runController(Object(App\Controllers\AdmPost))
 4 SYSTEMPATH\CodeIgniter.php(368): CodeIgniter\CodeIgniter->handleRequest(null, Object(Config\Cache), false)
 5 FCPATH\index.php(67): CodeIgniter\CodeIgniter->run()
CRITICAL - 2024-06-05 13:31:11 --> Undefined array key "usuario"
in APPPATH\Controllers\AdmPost.php on line 223.
 1 APPPATH\Controllers\AdmPost.php(223): CodeIgniter\Debug\Exceptions->errorHandler(2, 'Undefined array key "usuario"', 'C:\\xampp\\htdocs\\codi\\app\\Controllers\\AdmPost.php', 223)
 2 SYSTEMPATH\CodeIgniter.php(934): App\Controllers\AdmPost->desenho_meus()
 3 SYSTEMPATH\CodeIgniter.php(499): CodeIgniter\CodeIgniter->runController(Object(App\Controllers\AdmPost))
 4 SYSTEMPATH\CodeIgniter.php(368): CodeIgniter\CodeIgniter->handleRequest(null, Object(Config\Cache), false)
 5 FCPATH\index.php(67): CodeIgniter\CodeIgniter->run()
CRITICAL - 2024-06-05 13:31:12 --> Undefined array key "usuario"
in APPPATH\Controllers\AdmPost.php on line 223.
 1 APPPATH\Controllers\AdmPost.php(223): CodeIgniter\Debug\Exceptions->errorHandler(2, 'Undefined array key "usuario"', 'C:\\xampp\\htdocs\\codi\\app\\Controllers\\AdmPost.php', 223)
 2 SYSTEMPATH\CodeIgniter.php(934): App\Controllers\AdmPost->desenho_meus()
 3 SYSTEMPATH\CodeIgniter.php(499): CodeIgniter\CodeIgniter->runController(Object(App\Controllers\AdmPost))
 4 SYSTEMPATH\CodeIgniter.php(368): CodeIgniter\CodeIgniter->handleRequest(null, Object(Config\Cache), false)
 5 FCPATH\index.php(67): CodeIgniter\CodeIgniter->run()
CRITICAL - 2024-06-05 13:31:13 --> Undefined array key "usuario"
in APPPATH\Controllers\AdmPost.php on line 223.
 1 APPPATH\Controllers\AdmPost.php(223): CodeIgniter\Debug\Exceptions->errorHandler(2, 'Undefined array key "usuario"', 'C:\\xampp\\htdocs\\codi\\app\\Controllers\\AdmPost.php', 223)
 2 SYSTEMPATH\CodeIgniter.php(934): App\Controllers\AdmPost->desenho_meus()
 3 SYSTEMPATH\CodeIgniter.php(499): CodeIgniter\CodeIgniter->runController(Object(App\Controllers\AdmPost))
 4 SYSTEMPATH\CodeIgniter.php(368): CodeIgniter\CodeIgniter->handleRequest(null, Object(Config\Cache), false)
 5 FCPATH\index.php(67): CodeIgniter\CodeIgniter->run()
CRITICAL - 2024-06-05 13:31:14 --> Undefined array key "usuario"
in APPPATH\Controllers\AdmPost.php on line 223.
 1 APPPATH\Controllers\AdmPost.php(223): CodeIgniter\Debug\Exceptions->errorHandler(2, 'Undefined array key "usuario"', 'C:\\xampp\\htdocs\\codi\\app\\Controllers\\AdmPost.php', 223)
 2 SYSTEMPATH\CodeIgniter.php(934): App\Controllers\AdmPost->desenho_meus()
 3 SYSTEMPATH\CodeIgniter.php(499): CodeIgniter\CodeIgniter->runController(Object(App\Controllers\AdmPost))
 4 SYSTEMPATH\CodeIgniter.php(368): CodeIgniter\CodeIgniter->handleRequest(null, Object(Config\Cache), false)
 5 FCPATH\index.php(67): CodeIgniter\CodeIgniter->run()
CRITICAL - 2024-06-05 13:31:15 --> Undefined array key "usuario"
in APPPATH\Controllers\AdmPost.php on line 223.
 1 APPPATH\Controllers\AdmPost.php(223): CodeIgniter\Debug\Exceptions->errorHandler(2, 'Undefined array key "usuario"', 'C:\\xampp\\htdocs\\codi\\app\\Controllers\\AdmPost.php', 223)
 2 SYSTEMPATH\CodeIgniter.php(934): App\Controllers\AdmPost->desenho_meus()
 3 SYSTEMPATH\CodeIgniter.php(499): CodeIgniter\CodeIgniter->runController(Object(App\Controllers\AdmPost))
 4 SYSTEMPATH\CodeIgniter.php(368): CodeIgniter\CodeIgniter->handleRequest(null, Object(Config\Cache), false)
 5 FCPATH\index.php(67): CodeIgniter\CodeIgniter->run()
CRITICAL - 2024-06-05 13:31:16 --> Undefined array key "usuario"
in APPPATH\Controllers\AdmPost.php on line 223.
 1 APPPATH\Controllers\AdmPost.php(223): CodeIgniter\Debug\Exceptions->errorHandler(2, 'Undefined array key "usuario"', 'C:\\xampp\\htdocs\\codi\\app\\Controllers\\AdmPost.php', 223)
 2 SYSTEMPATH\CodeIgniter.php(934): App\Controllers\AdmPost->desenho_meus()
 3 SYSTEMPATH\CodeIgniter.php(499): CodeIgniter\CodeIgniter->runController(Object(App\Controllers\AdmPost))
 4 SYSTEMPATH\CodeIgniter.php(368): CodeIgniter\CodeIgniter->handleRequest(null, Object(Config\Cache), false)
 5 FCPATH\index.php(67): CodeIgniter\CodeIgniter->run()
CRITICAL - 2024-06-05 13:31:17 --> Undefined array key "usuario"
in APPPATH\Controllers\AdmPost.php on line 223.
 1 APPPATH\Controllers\AdmPost.php(223): CodeIgniter\Debug\Exceptions->errorHandler(2, 'Undefined array key "usuario"', 'C:\\xampp\\htdocs\\codi\\app\\Controllers\\AdmPost.php', 223)
 2 SYSTEMPATH\CodeIgniter.php(934): App\Controllers\AdmPost->desenho_meus()
 3 SYSTEMPATH\CodeIgniter.php(499): CodeIgniter\CodeIgniter->runController(Object(App\Controllers\AdmPost))
 4 SYSTEMPATH\CodeIgniter.php(368): CodeIgniter\CodeIgniter->handleRequest(null, Object(Config\Cache), false)
 5 FCPATH\index.php(67): CodeIgniter\CodeIgniter->run()
CRITICAL - 2024-06-05 13:31:18 --> Undefined array key "usuario"
in APPPATH\Controllers\AdmPost.php on line 223.
 1 APPPATH\Controllers\AdmPost.php(223): CodeIgniter\Debug\Exceptions->errorHandler(2, 'Undefined array key "usuario"', 'C:\\xampp\\htdocs\\codi\\app\\Controllers\\AdmPost.php', 223)
 2 SYSTEMPATH\CodeIgniter.php(934): App\Controllers\AdmPost->desenho_meus()
 3 SYSTEMPATH\CodeIgniter.php(499): CodeIgniter\CodeIgniter->runController(Object(App\Controllers\AdmPost))
 4 SYSTEMPATH\CodeIgniter.php(368): CodeIgniter\CodeIgniter->handleRequest(null, Object(Config\Cache), false)
 5 FCPATH\index.php(67): CodeIgniter\CodeIgniter->run()
CRITICAL - 2024-06-05 13:31:22 --> Undefined array key "usuario"
in APPPATH\Controllers\AdmPost.php on line 223.
 1 APPPATH\Controllers\AdmPost.php(223): CodeIgniter\Debug\Exceptions->errorHandler(2, 'Undefined array key "usuario"', 'C:\\xampp\\htdocs\\codi\\app\\Controllers\\AdmPost.php', 223)
 2 SYSTEMPATH\CodeIgniter.php(934): App\Controllers\AdmPost->desenho_meus()
 3 SYSTEMPATH\CodeIgniter.php(499): CodeIgniter\CodeIgniter->runController(Object(App\Controllers\AdmPost))
 4 SYSTEMPATH\CodeIgniter.php(368): CodeIgniter\CodeIgniter->handleRequest(null, Object(Config\Cache), false)
 5 FCPATH\index.php(67): CodeIgniter\CodeIgniter->run()
CRITICAL - 2024-06-05 13:31:22 --> Undefined array key "usuario"
in APPPATH\Controllers\AdmPost.php on line 223.
 1 APPPATH\Controllers\AdmPost.php(223): CodeIgniter\Debug\Exceptions->errorHandler(2, 'Undefined array key "usuario"', 'C:\\xampp\\htdocs\\codi\\app\\Controllers\\AdmPost.php', 223)
 2 SYSTEMPATH\CodeIgniter.php(934): App\Controllers\AdmPost->desenho_meus()
 3 SYSTEMPATH\CodeIgniter.php(499): CodeIgniter\CodeIgniter->runController(Object(App\Controllers\AdmPost))
 4 SYSTEMPATH\CodeIgniter.php(368): CodeIgniter\CodeIgniter->handleRequest(null, Object(Config\Cache), false)
 5 FCPATH\index.php(67): CodeIgniter\CodeIgniter->run()
CRITICAL - 2024-06-05 13:31:22 --> Undefined array key "usuario"
in APPPATH\Controllers\AdmPost.php on line 223.
 1 APPPATH\Controllers\AdmPost.php(223): CodeIgniter\Debug\Exceptions->errorHandler(2, 'Undefined array key "usuario"', 'C:\\xampp\\htdocs\\codi\\app\\Controllers\\AdmPost.php', 223)
 2 SYSTEMPATH\CodeIgniter.php(934): App\Controllers\AdmPost->desenho_meus()
 3 SYSTEMPATH\CodeIgniter.php(499): CodeIgniter\CodeIgniter->runController(Object(App\Controllers\AdmPost))
 4 SYSTEMPATH\CodeIgniter.php(368): CodeIgniter\CodeIgniter->handleRequest(null, Object(Config\Cache), false)
 5 FCPATH\index.php(67): CodeIgniter\CodeIgniter->run()
CRITICAL - 2024-06-05 13:31:22 --> Undefined array key "usuario"
in APPPATH\Controllers\AdmPost.php on line 223.
 1 APPPATH\Controllers\AdmPost.php(223): CodeIgniter\Debug\Exceptions->errorHandler(2, 'Undefined array key "usuario"', 'C:\\xampp\\htdocs\\codi\\app\\Controllers\\AdmPost.php', 223)
 2 SYSTEMPATH\CodeIgniter.php(934): App\Controllers\AdmPost->desenho_meus()
 3 SYSTEMPATH\CodeIgniter.php(499): CodeIgniter\CodeIgniter->runController(Object(App\Controllers\AdmPost))
 4 SYSTEMPATH\CodeIgniter.php(368): CodeIgniter\CodeIgniter->handleRequest(null, Object(Config\Cache), false)
 5 FCPATH\index.php(67): CodeIgniter\CodeIgniter->run()
CRITICAL - 2024-06-05 13:31:23 --> Undefined array key "usuario"
in APPPATH\Controllers\AdmPost.php on line 223.
 1 APPPATH\Controllers\AdmPost.php(223): CodeIgniter\Debug\Exceptions->errorHandler(2, 'Undefined array key "usuario"', 'C:\\xampp\\htdocs\\codi\\app\\Controllers\\AdmPost.php', 223)
 2 SYSTEMPATH\CodeIgniter.php(934): App\Controllers\AdmPost->desenho_meus()
 3 SYSTEMPATH\CodeIgniter.php(499): CodeIgniter\CodeIgniter->runController(Object(App\Controllers\AdmPost))
 4 SYSTEMPATH\CodeIgniter.php(368): CodeIgniter\CodeIgniter->handleRequest(null, Object(Config\Cache), false)
 5 FCPATH\index.php(67): CodeIgniter\CodeIgniter->run()
CRITICAL - 2024-06-05 13:31:24 --> Undefined array key "usuario"
in APPPATH\Controllers\AdmPost.php on line 223.
 1 APPPATH\Controllers\AdmPost.php(223): CodeIgniter\Debug\Exceptions->errorHandler(2, 'Undefined array key "usuario"', 'C:\\xampp\\htdocs\\codi\\app\\Controllers\\AdmPost.php', 223)
 2 SYSTEMPATH\CodeIgniter.php(934): App\Controllers\AdmPost->desenho_meus()
 3 SYSTEMPATH\CodeIgniter.php(499): CodeIgniter\CodeIgniter->runController(Object(App\Controllers\AdmPost))
 4 SYSTEMPATH\CodeIgniter.php(368): CodeIgniter\CodeIgniter->handleRequest(null, Object(Config\Cache), false)
 5 FCPATH\index.php(67): CodeIgniter\CodeIgniter->run()
CRITICAL - 2024-06-05 13:31:25 --> Undefined array key "usuario"
in APPPATH\Controllers\AdmPost.php on line 223.
 1 APPPATH\Controllers\AdmPost.php(223): CodeIgniter\Debug\Exceptions->errorHandler(2, 'Undefined array key "usuario"', 'C:\\xampp\\htdocs\\codi\\app\\Controllers\\AdmPost.php', 223)
 2 SYSTEMPATH\CodeIgniter.php(934): App\Controllers\AdmPost->desenho_meus()
 3 SYSTEMPATH\CodeIgniter.php(499): CodeIgniter\CodeIgniter->runController(Object(App\Controllers\AdmPost))
 4 SYSTEMPATH\CodeIgniter.php(368): CodeIgniter\CodeIgniter->handleRequest(null, Object(Config\Cache), false)
 5 FCPATH\index.php(67): CodeIgniter\CodeIgniter->run()
CRITICAL - 2024-06-05 13:31:29 --> Undefined array key "usuario"
in APPPATH\Controllers\AdmPost.php on line 223.
 1 APPPATH\Controllers\AdmPost.php(223): CodeIgniter\Debug\Exceptions->errorHandler(2, 'Undefined array key "usuario"', 'C:\\xampp\\htdocs\\codi\\app\\Controllers\\AdmPost.php', 223)
 2 SYSTEMPATH\CodeIgniter.php(934): App\Controllers\AdmPost->desenho_meus()
 3 SYSTEMPATH\CodeIgniter.php(499): CodeIgniter\CodeIgniter->runController(Object(App\Controllers\AdmPost))
 4 SYSTEMPATH\CodeIgniter.php(368): CodeIgniter\CodeIgniter->handleRequest(null, Object(Config\Cache), false)
 5 FCPATH\index.php(67): CodeIgniter\CodeIgniter->run()
CRITICAL - 2024-06-05 13:31:29 --> Undefined array key "usuario"
in APPPATH\Controllers\AdmPost.php on line 223.
 1 APPPATH\Controllers\AdmPost.php(223): CodeIgniter\Debug\Exceptions->errorHandler(2, 'Undefined array key "usuario"', 'C:\\xampp\\htdocs\\codi\\app\\Controllers\\AdmPost.php', 223)
 2 SYSTEMPATH\CodeIgniter.php(934): App\Controllers\AdmPost->desenho_meus()
 3 SYSTEMPATH\CodeIgniter.php(499): CodeIgniter\CodeIgniter->runController(Object(App\Controllers\AdmPost))
 4 SYSTEMPATH\CodeIgniter.php(368): CodeIgniter\CodeIgniter->handleRequest(null, Object(Config\Cache), false)
 5 FCPATH\index.php(67): CodeIgniter\CodeIgniter->run()
CRITICAL - 2024-06-05 13:31:49 --> Undefined array key "usuario"
in APPPATH\Controllers\AdmPost.php on line 223.
 1 APPPATH\Controllers\AdmPost.php(223): CodeIgniter\Debug\Exceptions->errorHandler(2, 'Undefined array key "usuario"', 'C:\\xampp\\htdocs\\codi\\app\\Controllers\\AdmPost.php', 223)
 2 SYSTEMPATH\CodeIgniter.php(934): App\Controllers\AdmPost->desenho_meus()
 3 SYSTEMPATH\CodeIgniter.php(499): CodeIgniter\CodeIgniter->runController(Object(App\Controllers\AdmPost))
 4 SYSTEMPATH\CodeIgniter.php(368): CodeIgniter\CodeIgniter->handleRequest(null, Object(Config\Cache), false)
 5 FCPATH\index.php(67): CodeIgniter\CodeIgniter->run()
CRITICAL - 2024-06-05 13:32:49 --> Undefined array key "usuario"
in APPPATH\Controllers\AdmPost.php on line 223.
 1 APPPATH\Controllers\AdmPost.php(223): CodeIgniter\Debug\Exceptions->errorHandler(2, 'Undefined array key "usuario"', 'C:\\xampp\\htdocs\\codi\\app\\Controllers\\AdmPost.php', 223)
 2 SYSTEMPATH\CodeIgniter.php(934): App\Controllers\AdmPost->desenho_meus()
 3 SYSTEMPATH\CodeIgniter.php(499): CodeIgniter\CodeIgniter->runController(Object(App\Controllers\AdmPost))
 4 SYSTEMPATH\CodeIgniter.php(368): CodeIgniter\CodeIgniter->handleRequest(null, Object(Config\Cache), false)
 5 FCPATH\index.php(67): CodeIgniter\CodeIgniter->run()
CRITICAL - 2024-06-05 13:33:49 --> Undefined array key "usuario"
in APPPATH\Controllers\AdmPost.php on line 223.
 1 APPPATH\Controllers\AdmPost.php(223): CodeIgniter\Debug\Exceptions->errorHandler(2, 'Undefined array key "usuario"', 'C:\\xampp\\htdocs\\codi\\app\\Controllers\\AdmPost.php', 223)
 2 SYSTEMPATH\CodeIgniter.php(934): App\Controllers\AdmPost->desenho_meus()
 3 SYSTEMPATH\CodeIgniter.php(499): CodeIgniter\CodeIgniter->runController(Object(App\Controllers\AdmPost))
 4 SYSTEMPATH\CodeIgniter.php(368): CodeIgniter\CodeIgniter->handleRequest(null, Object(Config\Cache), false)
 5 FCPATH\index.php(67): CodeIgniter\CodeIgniter->run()
CRITICAL - 2024-06-05 13:34:49 --> Undefined array key "usuario"
in APPPATH\Controllers\AdmPost.php on line 223.
 1 APPPATH\Controllers\AdmPost.php(223): CodeIgniter\Debug\Exceptions->errorHandler(2, 'Undefined array key "usuario"', 'C:\\xampp\\htdocs\\codi\\app\\Controllers\\AdmPost.php', 223)
 2 SYSTEMPATH\CodeIgniter.php(934): App\Controllers\AdmPost->desenho_meus()
 3 SYSTEMPATH\CodeIgniter.php(499): CodeIgniter\CodeIgniter->runController(Object(App\Controllers\AdmPost))
 4 SYSTEMPATH\CodeIgniter.php(368): CodeIgniter\CodeIgniter->handleRequest(null, Object(Config\Cache), false)
 5 FCPATH\index.php(67): CodeIgniter\CodeIgniter->run()
CRITICAL - 2024-06-05 13:35:49 --> Undefined array key "usuario"
in APPPATH\Controllers\AdmPost.php on line 223.
 1 APPPATH\Controllers\AdmPost.php(223): CodeIgniter\Debug\Exceptions->errorHandler(2, 'Undefined array key "usuario"', 'C:\\xampp\\htdocs\\codi\\app\\Controllers\\AdmPost.php', 223)
 2 SYSTEMPATH\CodeIgniter.php(934): App\Controllers\AdmPost->desenho_meus()
 3 SYSTEMPATH\CodeIgniter.php(499): CodeIgniter\CodeIgniter->runController(Object(App\Controllers\AdmPost))
 4 SYSTEMPATH\CodeIgniter.php(368): CodeIgniter\CodeIgniter->handleRequest(null, Object(Config\Cache), false)
 5 FCPATH\index.php(67): CodeIgniter\CodeIgniter->run()
CRITICAL - 2024-06-05 13:36:49 --> Undefined array key "usuario"
in APPPATH\Controllers\AdmPost.php on line 223.
 1 APPPATH\Controllers\AdmPost.php(223): CodeIgniter\Debug\Exceptions->errorHandler(2, 'Undefined array key "usuario"', 'C:\\xampp\\htdocs\\codi\\app\\Controllers\\AdmPost.php', 223)
 2 SYSTEMPATH\CodeIgniter.php(934): App\Controllers\AdmPost->desenho_meus()
 3 SYSTEMPATH\CodeIgniter.php(499): CodeIgniter\CodeIgniter->runController(Object(App\Controllers\AdmPost))
 4 SYSTEMPATH\CodeIgniter.php(368): CodeIgniter\CodeIgniter->handleRequest(null, Object(Config\Cache), false)
 5 FCPATH\index.php(67): CodeIgniter\CodeIgniter->run()
CRITICAL - 2024-06-05 13:37:49 --> Undefined array key "usuario"
in APPPATH\Controllers\AdmPost.php on line 223.
 1 APPPATH\Controllers\AdmPost.php(223): CodeIgniter\Debug\Exceptions->errorHandler(2, 'Undefined array key "usuario"', 'C:\\xampp\\htdocs\\codi\\app\\Controllers\\AdmPost.php', 223)
 2 SYSTEMPATH\CodeIgniter.php(934): App\Controllers\AdmPost->desenho_meus()
 3 SYSTEMPATH\CodeIgniter.php(499): CodeIgniter\CodeIgniter->runController(Object(App\Controllers\AdmPost))
 4 SYSTEMPATH\CodeIgniter.php(368): CodeIgniter\CodeIgniter->handleRequest(null, Object(Config\Cache), false)
 5 FCPATH\index.php(67): CodeIgniter\CodeIgniter->run()
CRITICAL - 2024-06-05 13:39:42 --> Undefined array key "usuario"
in APPPATH\Controllers\AdmPost.php on line 223.
 1 APPPATH\Controllers\AdmPost.php(223): CodeIgniter\Debug\Exceptions->errorHandler(2, 'Undefined array key "usuario"', 'C:\\xampp\\htdocs\\codi\\app\\Controllers\\AdmPost.php', 223)
 2 SYSTEMPATH\CodeIgniter.php(934): App\Controllers\AdmPost->desenho_meus()
 3 SYSTEMPATH\CodeIgniter.php(499): CodeIgniter\CodeIgniter->runController(Object(App\Controllers\AdmPost))
 4 SYSTEMPATH\CodeIgniter.php(368): CodeIgniter\CodeIgniter->handleRequest(null, Object(Config\Cache), false)
 5 FCPATH\index.php(67): CodeIgniter\CodeIgniter->run()
CRITICAL - 2024-06-05 13:39:49 --> Undefined array key "usuario"
in APPPATH\Controllers\AdmPost.php on line 223.
 1 APPPATH\Controllers\AdmPost.php(223): CodeIgniter\Debug\Exceptions->errorHandler(2, 'Undefined array key "usuario"', 'C:\\xampp\\htdocs\\codi\\app\\Controllers\\AdmPost.php', 223)
 2 SYSTEMPATH\CodeIgniter.php(934): App\Controllers\AdmPost->desenho_meus()
 3 SYSTEMPATH\CodeIgniter.php(499): CodeIgniter\CodeIgniter->runController(Object(App\Controllers\AdmPost))
 4 SYSTEMPATH\CodeIgniter.php(368): CodeIgniter\CodeIgniter->handleRequest(null, Object(Config\Cache), false)
 5 FCPATH\index.php(67): CodeIgniter\CodeIgniter->run()
CRITICAL - 2024-06-05 13:40:49 --> Undefined array key "usuario"
in APPPATH\Controllers\AdmPost.php on line 223.
 1 APPPATH\Controllers\AdmPost.php(223): CodeIgniter\Debug\Exceptions->errorHandler(2, 'Undefined array key "usuario"', 'C:\\xampp\\htdocs\\codi\\app\\Controllers\\AdmPost.php', 223)
 2 SYSTEMPATH\CodeIgniter.php(934): App\Controllers\AdmPost->desenho_meus()
 3 SYSTEMPATH\CodeIgniter.php(499): CodeIgniter\CodeIgniter->runController(Object(App\Controllers\AdmPost))
 4 SYSTEMPATH\CodeIgniter.php(368): CodeIgniter\CodeIgniter->handleRequest(null, Object(Config\Cache), false)
 5 FCPATH\index.php(67): CodeIgniter\CodeIgniter->run()
CRITICAL - 2024-06-05 13:41:50 --> Undefined array key "usuario"
in APPPATH\Controllers\AdmPost.php on line 223.
 1 APPPATH\Controllers\AdmPost.php(223): CodeIgniter\Debug\Exceptions->errorHandler(2, 'Undefined array key "usuario"', 'C:\\xampp\\htdocs\\codi\\app\\Controllers\\AdmPost.php', 223)
 2 SYSTEMPATH\CodeIgniter.php(934): App\Controllers\AdmPost->desenho_meus()
 3 SYSTEMPATH\CodeIgniter.php(499): CodeIgniter\CodeIgniter->runController(Object(App\Controllers\AdmPost))
 4 SYSTEMPATH\CodeIgniter.php(368): CodeIgniter\CodeIgniter->handleRequest(null, Object(Config\Cache), false)
 5 FCPATH\index.php(67): CodeIgniter\CodeIgniter->run()
CRITICAL - 2024-06-05 13:42:49 --> Undefined array key "usuario"
in APPPATH\Controllers\AdmPost.php on line 223.
 1 APPPATH\Controllers\AdmPost.php(223): CodeIgniter\Debug\Exceptions->errorHandler(2, 'Undefined array key "usuario"', 'C:\\xampp\\htdocs\\codi\\app\\Controllers\\AdmPost.php', 223)
 2 SYSTEMPATH\CodeIgniter.php(934): App\Controllers\AdmPost->desenho_meus()
 3 SYSTEMPATH\CodeIgniter.php(499): CodeIgniter\CodeIgniter->runController(Object(App\Controllers\AdmPost))
 4 SYSTEMPATH\CodeIgniter.php(368): CodeIgniter\CodeIgniter->handleRequest(null, Object(Config\Cache), false)
 5 FCPATH\index.php(67): CodeIgniter\CodeIgniter->run()
CRITICAL - 2024-06-05 13:43:49 --> Undefined array key "usuario"
in APPPATH\Controllers\AdmPost.php on line 223.
 1 APPPATH\Controllers\AdmPost.php(223): CodeIgniter\Debug\Exceptions->errorHandler(2, 'Undefined array key "usuario"', 'C:\\xampp\\htdocs\\codi\\app\\Controllers\\AdmPost.php', 223)
 2 SYSTEMPATH\CodeIgniter.php(934): App\Controllers\AdmPost->desenho_meus()
 3 SYSTEMPATH\CodeIgniter.php(499): CodeIgniter\CodeIgniter->runController(Object(App\Controllers\AdmPost))
 4 SYSTEMPATH\CodeIgniter.php(368): CodeIgniter\CodeIgniter->handleRequest(null, Object(Config\Cache), false)
 5 FCPATH\index.php(67): CodeIgniter\CodeIgniter->run()
CRITICAL - 2024-06-05 13:44:49 --> Undefined array key "usuario"
in APPPATH\Controllers\AdmPost.php on line 223.
 1 APPPATH\Controllers\AdmPost.php(223): CodeIgniter\Debug\Exceptions->errorHandler(2, 'Undefined array key "usuario"', 'C:\\xampp\\htdocs\\codi\\app\\Controllers\\AdmPost.php', 223)
 2 SYSTEMPATH\CodeIgniter.php(934): App\Controllers\AdmPost->desenho_meus()
 3 SYSTEMPATH\CodeIgniter.php(499): CodeIgniter\CodeIgniter->runController(Object(App\Controllers\AdmPost))
 4 SYSTEMPATH\CodeIgniter.php(368): CodeIgniter\CodeIgniter->handleRequest(null, Object(Config\Cache), false)
 5 FCPATH\index.php(67): CodeIgniter\CodeIgniter->run()
CRITICAL - 2024-06-05 13:45:49 --> Undefined array key "usuario"
in APPPATH\Controllers\AdmPost.php on line 223.
 1 APPPATH\Controllers\AdmPost.php(223): CodeIgniter\Debug\Exceptions->errorHandler(2, 'Undefined array key "usuario"', 'C:\\xampp\\htdocs\\codi\\app\\Controllers\\AdmPost.php', 223)
 2 SYSTEMPATH\CodeIgniter.php(934): App\Controllers\AdmPost->desenho_meus()
 3 SYSTEMPATH\CodeIgniter.php(499): CodeIgniter\CodeIgniter->runController(Object(App\Controllers\AdmPost))
 4 SYSTEMPATH\CodeIgniter.php(368): CodeIgniter\CodeIgniter->handleRequest(null, Object(Config\Cache), false)
 5 FCPATH\index.php(67): CodeIgniter\CodeIgniter->run()
CRITICAL - 2024-06-05 13:46:49 --> Undefined array key "usuario"
in APPPATH\Controllers\AdmPost.php on line 223.
 1 APPPATH\Controllers\AdmPost.php(223): CodeIgniter\Debug\Exceptions->errorHandler(2, 'Undefined array key "usuario"', 'C:\\xampp\\htdocs\\codi\\app\\Controllers\\AdmPost.php', 223)
 2 SYSTEMPATH\CodeIgniter.php(934): App\Controllers\AdmPost->desenho_meus()
 3 SYSTEMPATH\CodeIgniter.php(499): CodeIgniter\CodeIgniter->runController(Object(App\Controllers\AdmPost))
 4 SYSTEMPATH\CodeIgniter.php(368): CodeIgniter\CodeIgniter->handleRequest(null, Object(Config\Cache), false)
 5 FCPATH\index.php(67): CodeIgniter\CodeIgniter->run()
CRITICAL - 2024-06-05 13:47:49 --> Undefined array key "usuario"
in APPPATH\Controllers\AdmPost.php on line 223.
 1 APPPATH\Controllers\AdmPost.php(223): CodeIgniter\Debug\Exceptions->errorHandler(2, 'Undefined array key "usuario"', 'C:\\xampp\\htdocs\\codi\\app\\Controllers\\AdmPost.php', 223)
 2 SYSTEMPATH\CodeIgniter.php(934): App\Controllers\AdmPost->desenho_meus()
 3 SYSTEMPATH\CodeIgniter.php(499): CodeIgniter\CodeIgniter->runController(Object(App\Controllers\AdmPost))
 4 SYSTEMPATH\CodeIgniter.php(368): CodeIgniter\CodeIgniter->handleRequest(null, Object(Config\Cache), false)
 5 FCPATH\index.php(67): CodeIgniter\CodeIgniter->run()
CRITICAL - 2024-06-05 13:48:49 --> Undefined array key "usuario"
in APPPATH\Controllers\AdmPost.php on line 223.
 1 APPPATH\Controllers\AdmPost.php(223): CodeIgniter\Debug\Exceptions->errorHandler(2, 'Undefined array key "usuario"', 'C:\\xampp\\htdocs\\codi\\app\\Controllers\\AdmPost.php', 223)
 2 SYSTEMPATH\CodeIgniter.php(934): App\Controllers\AdmPost->desenho_meus()
 3 SYSTEMPATH\CodeIgniter.php(499): CodeIgniter\CodeIgniter->runController(Object(App\Controllers\AdmPost))
 4 SYSTEMPATH\CodeIgniter.php(368): CodeIgniter\CodeIgniter->handleRequest(null, Object(Config\Cache), false)
 5 FCPATH\index.php(67): CodeIgniter\CodeIgniter->run()
CRITICAL - 2024-06-05 13:49:49 --> Undefined array key "usuario"
in APPPATH\Controllers\AdmPost.php on line 223.
 1 APPPATH\Controllers\AdmPost.php(223): CodeIgniter\Debug\Exceptions->errorHandler(2, 'Undefined array key "usuario"', 'C:\\xampp\\htdocs\\codi\\app\\Controllers\\AdmPost.php', 223)
 2 SYSTEMPATH\CodeIgniter.php(934): App\Controllers\AdmPost->desenho_meus()
 3 SYSTEMPATH\CodeIgniter.php(499): CodeIgniter\CodeIgniter->runController(Object(App\Controllers\AdmPost))
 4 SYSTEMPATH\CodeIgniter.php(368): CodeIgniter\CodeIgniter->handleRequest(null, Object(Config\Cache), false)
 5 FCPATH\index.php(67): CodeIgniter\CodeIgniter->run()
CRITICAL - 2024-06-05 13:50:49 --> Undefined array key "usuario"
in APPPATH\Controllers\AdmPost.php on line 223.
 1 APPPATH\Controllers\AdmPost.php(223): CodeIgniter\Debug\Exceptions->errorHandler(2, 'Undefined array key "usuario"', 'C:\\xampp\\htdocs\\codi\\app\\Controllers\\AdmPost.php', 223)
 2 SYSTEMPATH\CodeIgniter.php(934): App\Controllers\AdmPost->desenho_meus()
 3 SYSTEMPATH\CodeIgniter.php(499): CodeIgniter\CodeIgniter->runController(Object(App\Controllers\AdmPost))
 4 SYSTEMPATH\CodeIgniter.php(368): CodeIgniter\CodeIgniter->handleRequest(null, Object(Config\Cache), false)
 5 FCPATH\index.php(67): CodeIgniter\CodeIgniter->run()
CRITICAL - 2024-06-05 13:51:49 --> Undefined array key "usuario"
in APPPATH\Controllers\AdmPost.php on line 223.
 1 APPPATH\Controllers\AdmPost.php(223): CodeIgniter\Debug\Exceptions->errorHandler(2, 'Undefined array key "usuario"', 'C:\\xampp\\htdocs\\codi\\app\\Controllers\\AdmPost.php', 223)
 2 SYSTEMPATH\CodeIgniter.php(934): App\Controllers\AdmPost->desenho_meus()
 3 SYSTEMPATH\CodeIgniter.php(499): CodeIgniter\CodeIgniter->runController(Object(App\Controllers\AdmPost))
 4 SYSTEMPATH\CodeIgniter.php(368): CodeIgniter\CodeIgniter->handleRequest(null, Object(Config\Cache), false)
 5 FCPATH\index.php(67): CodeIgniter\CodeIgniter->run()
CRITICAL - 2024-06-05 13:52:49 --> Undefined array key "usuario"
in APPPATH\Controllers\AdmPost.php on line 223.
 1 APPPATH\Controllers\AdmPost.php(223): CodeIgniter\Debug\Exceptions->errorHandler(2, 'Undefined array key "usuario"', 'C:\\xampp\\htdocs\\codi\\app\\Controllers\\AdmPost.php', 223)
 2 SYSTEMPATH\CodeIgniter.php(934): App\Controllers\AdmPost->desenho_meus()
 3 SYSTEMPATH\CodeIgniter.php(499): CodeIgniter\CodeIgniter->runController(Object(App\Controllers\AdmPost))
 4 SYSTEMPATH\CodeIgniter.php(368): CodeIgniter\CodeIgniter->handleRequest(null, Object(Config\Cache), false)
 5 FCPATH\index.php(67): CodeIgniter\CodeIgniter->run()
CRITICAL - 2024-06-05 13:53:49 --> Undefined array key "usuario"
in APPPATH\Controllers\AdmPost.php on line 223.
 1 APPPATH\Controllers\AdmPost.php(223): CodeIgniter\Debug\Exceptions->errorHandler(2, 'Undefined array key "usuario"', 'C:\\xampp\\htdocs\\codi\\app\\Controllers\\AdmPost.php', 223)
 2 SYSTEMPATH\CodeIgniter.php(934): App\Controllers\AdmPost->desenho_meus()
 3 SYSTEMPATH\CodeIgniter.php(499): CodeIgniter\CodeIgniter->runController(Object(App\Controllers\AdmPost))
 4 SYSTEMPATH\CodeIgniter.php(368): CodeIgniter\CodeIgniter->handleRequest(null, Object(Config\Cache), false)
 5 FCPATH\index.php(67): CodeIgniter\CodeIgniter->run()
CRITICAL - 2024-06-05 13:54:49 --> Undefined array key "usuario"
in APPPATH\Controllers\AdmPost.php on line 223.
 1 APPPATH\Controllers\AdmPost.php(223): CodeIgniter\Debug\Exceptions->errorHandler(2, 'Undefined array key "usuario"', 'C:\\xampp\\htdocs\\codi\\app\\Controllers\\AdmPost.php', 223)
 2 SYSTEMPATH\CodeIgniter.php(934): App\Controllers\AdmPost->desenho_meus()
 3 SYSTEMPATH\CodeIgniter.php(499): CodeIgniter\CodeIgniter->runController(Object(App\Controllers\AdmPost))
 4 SYSTEMPATH\CodeIgniter.php(368): CodeIgniter\CodeIgniter->handleRequest(null, Object(Config\Cache), false)
 5 FCPATH\index.php(67): CodeIgniter\CodeIgniter->run()
CRITICAL - 2024-06-05 13:55:49 --> Undefined array key "usuario"
in APPPATH\Controllers\AdmPost.php on line 223.
 1 APPPATH\Controllers\AdmPost.php(223): CodeIgniter\Debug\Exceptions->errorHandler(2, 'Undefined array key "usuario"', 'C:\\xampp\\htdocs\\codi\\app\\Controllers\\AdmPost.php', 223)
 2 SYSTEMPATH\CodeIgniter.php(934): App\Controllers\AdmPost->desenho_meus()
 3 SYSTEMPATH\CodeIgniter.php(499): CodeIgniter\CodeIgniter->runController(Object(App\Controllers\AdmPost))
 4 SYSTEMPATH\CodeIgniter.php(368): CodeIgniter\CodeIgniter->handleRequest(null, Object(Config\Cache), false)
 5 FCPATH\index.php(67): CodeIgniter\CodeIgniter->run()
CRITICAL - 2024-06-05 13:56:49 --> Undefined array key "usuario"
in APPPATH\Controllers\AdmPost.php on line 223.
 1 APPPATH\Controllers\AdmPost.php(223): CodeIgniter\Debug\Exceptions->errorHandler(2, 'Undefined array key "usuario"', 'C:\\xampp\\htdocs\\codi\\app\\Controllers\\AdmPost.php', 223)
 2 SYSTEMPATH\CodeIgniter.php(934): App\Controllers\AdmPost->desenho_meus()
 3 SYSTEMPATH\CodeIgniter.php(499): CodeIgniter\CodeIgniter->runController(Object(App\Controllers\AdmPost))
 4 SYSTEMPATH\CodeIgniter.php(368): CodeIgniter\CodeIgniter->handleRequest(null, Object(Config\Cache), false)
 5 FCPATH\index.php(67): CodeIgniter\CodeIgniter->run()
CRITICAL - 2024-06-05 14:19:24 --> Undefined array key "usuario"
in APPPATH\Controllers\AdmPost.php on line 223.
 1 APPPATH\Controllers\AdmPost.php(223): CodeIgniter\Debug\Exceptions->errorHandler(2, 'Undefined array key "usuario"', 'C:\\xampp\\htdocs\\codi\\app\\Controllers\\AdmPost.php', 223)
 2 SYSTEMPATH\CodeIgniter.php(934): App\Controllers\AdmPost->desenho_meus()
 3 SYSTEMPATH\CodeIgniter.php(499): CodeIgniter\CodeIgniter->runController(Object(App\Controllers\AdmPost))
 4 SYSTEMPATH\CodeIgniter.php(368): CodeIgniter\CodeIgniter->handleRequest(null, Object(Config\Cache), false)
 5 FCPATH\index.php(67): CodeIgniter\CodeIgniter->run()
CRITICAL - 2024-06-05 14:25:33 --> Undefined array key "usuario"
in APPPATH\Controllers\AdmPost.php on line 223.
 1 APPPATH\Controllers\AdmPost.php(223): CodeIgniter\Debug\Exceptions->errorHandler(2, 'Undefined array key "usuario"', 'C:\\xampp\\htdocs\\codi\\app\\Controllers\\AdmPost.php', 223)
 2 SYSTEMPATH\CodeIgniter.php(934): App\Controllers\AdmPost->desenho_meus()
 3 SYSTEMPATH\CodeIgniter.php(499): CodeIgniter\CodeIgniter->runController(Object(App\Controllers\AdmPost))
 4 SYSTEMPATH\CodeIgniter.php(368): CodeIgniter\CodeIgniter->handleRequest(null, Object(Config\Cache), false)
 5 FCPATH\index.php(67): CodeIgniter\CodeIgniter->run()
CRITICAL - 2024-06-05 14:25:33 --> Undefined array key "usuario"
in APPPATH\Controllers\AdmPost.php on line 223.
 1 APPPATH\Controllers\AdmPost.php(223): CodeIgniter\Debug\Exceptions->errorHandler(2, 'Undefined array key "usuario"', 'C:\\xampp\\htdocs\\codi\\app\\Controllers\\AdmPost.php', 223)
 2 SYSTEMPATH\CodeIgniter.php(934): App\Controllers\AdmPost->desenho_meus()
 3 SYSTEMPATH\CodeIgniter.php(499): CodeIgniter\CodeIgniter->runController(Object(App\Controllers\AdmPost))
 4 SYSTEMPATH\CodeIgniter.php(368): CodeIgniter\CodeIgniter->handleRequest(null, Object(Config\Cache), false)
 5 FCPATH\index.php(67): CodeIgniter\CodeIgniter->run()
CRITICAL - 2024-06-05 14:25:34 --> Undefined array key "usuario"
in APPPATH\Controllers\AdmPost.php on line 223.
 1 APPPATH\Controllers\AdmPost.php(223): CodeIgniter\Debug\Exceptions->errorHandler(2, 'Undefined array key "usuario"', 'C:\\xampp\\htdocs\\codi\\app\\Controllers\\AdmPost.php', 223)
 2 SYSTEMPATH\CodeIgniter.php(934): App\Controllers\AdmPost->desenho_meus()
 3 SYSTEMPATH\CodeIgniter.php(499): CodeIgniter\CodeIgniter->runController(Object(App\Controllers\AdmPost))
 4 SYSTEMPATH\CodeIgniter.php(368): CodeIgniter\CodeIgniter->handleRequest(null, Object(Config\Cache), false)
 5 FCPATH\index.php(67): CodeIgniter\CodeIgniter->run()
CRITICAL - 2024-06-05 14:25:35 --> Undefined array key "usuario"
in APPPATH\Controllers\AdmPost.php on line 223.
 1 APPPATH\Controllers\AdmPost.php(223): CodeIgniter\Debug\Exceptions->errorHandler(2, 'Undefined array key "usuario"', 'C:\\xampp\\htdocs\\codi\\app\\Controllers\\AdmPost.php', 223)
 2 SYSTEMPATH\CodeIgniter.php(934): App\Controllers\AdmPost->desenho_meus()
 3 SYSTEMPATH\CodeIgniter.php(499): CodeIgniter\CodeIgniter->runController(Object(App\Controllers\AdmPost))
 4 SYSTEMPATH\CodeIgniter.php(368): CodeIgniter\CodeIgniter->handleRequest(null, Object(Config\Cache), false)
 5 FCPATH\index.php(67): CodeIgniter\CodeIgniter->run()
CRITICAL - 2024-06-05 14:25:36 --> Undefined array key "usuario"
in APPPATH\Controllers\AdmPost.php on line 223.
 1 APPPATH\Controllers\AdmPost.php(223): CodeIgniter\Debug\Exceptions->errorHandler(2, 'Undefined array key "usuario"', 'C:\\xampp\\htdocs\\codi\\app\\Controllers\\AdmPost.php', 223)
 2 SYSTEMPATH\CodeIgniter.php(934): App\Controllers\AdmPost->desenho_meus()
 3 SYSTEMPATH\CodeIgniter.php(499): CodeIgniter\CodeIgniter->runController(Object(App\Controllers\AdmPost))
 4 SYSTEMPATH\CodeIgniter.php(368): CodeIgniter\CodeIgniter->handleRequest(null, Object(Config\Cache), false)
 5 FCPATH\index.php(67): CodeIgniter\CodeIgniter->run()
CRITICAL - 2024-06-05 14:25:37 --> Undefined array key "usuario"
in APPPATH\Controllers\AdmPost.php on line 223.
 1 APPPATH\Controllers\AdmPost.php(223): CodeIgniter\Debug\Exceptions->errorHandler(2, 'Undefined array key "usuario"', 'C:\\xampp\\htdocs\\codi\\app\\Controllers\\AdmPost.php', 223)
 2 SYSTEMPATH\CodeIgniter.php(934): App\Controllers\AdmPost->desenho_meus()
 3 SYSTEMPATH\CodeIgniter.php(499): CodeIgniter\CodeIgniter->runController(Object(App\Controllers\AdmPost))
 4 SYSTEMPATH\CodeIgniter.php(368): CodeIgniter\CodeIgniter->handleRequest(null, Object(Config\Cache), false)
 5 FCPATH\index.php(67): CodeIgniter\CodeIgniter->run()
CRITICAL - 2024-06-05 14:25:38 --> Undefined array key "usuario"
in APPPATH\Controllers\AdmPost.php on line 223.
 1 APPPATH\Controllers\AdmPost.php(223): CodeIgniter\Debug\Exceptions->errorHandler(2, 'Undefined array key "usuario"', 'C:\\xampp\\htdocs\\codi\\app\\Controllers\\AdmPost.php', 223)
 2 SYSTEMPATH\CodeIgniter.php(934): App\Controllers\AdmPost->desenho_meus()
 3 SYSTEMPATH\CodeIgniter.php(499): CodeIgniter\CodeIgniter->runController(Object(App\Controllers\AdmPost))
 4 SYSTEMPATH\CodeIgniter.php(368): CodeIgniter\CodeIgniter->handleRequest(null, Object(Config\Cache), false)
 5 FCPATH\index.php(67): CodeIgniter\CodeIgniter->run()
CRITICAL - 2024-06-05 14:25:39 --> Undefined array key "usuario"
in APPPATH\Controllers\AdmPost.php on line 223.
 1 APPPATH\Controllers\AdmPost.php(223): CodeIgniter\Debug\Exceptions->errorHandler(2, 'Undefined array key "usuario"', 'C:\\xampp\\htdocs\\codi\\app\\Controllers\\AdmPost.php', 223)
 2 SYSTEMPATH\CodeIgniter.php(934): App\Controllers\AdmPost->desenho_meus()
 3 SYSTEMPATH\CodeIgniter.php(499): CodeIgniter\CodeIgniter->runController(Object(App\Controllers\AdmPost))
 4 SYSTEMPATH\CodeIgniter.php(368): CodeIgniter\CodeIgniter->handleRequest(null, Object(Config\Cache), false)
 5 FCPATH\index.php(67): CodeIgniter\CodeIgniter->run()
CRITICAL - 2024-06-05 14:25:40 --> Undefined array key "usuario"
in APPPATH\Controllers\AdmPost.php on line 223.
 1 APPPATH\Controllers\AdmPost.php(223): CodeIgniter\Debug\Exceptions->errorHandler(2, 'Undefined array key "usuario"', 'C:\\xampp\\htdocs\\codi\\app\\Controllers\\AdmPost.php', 223)
 2 SYSTEMPATH\CodeIgniter.php(934): App\Controllers\AdmPost->desenho_meus()
 3 SYSTEMPATH\CodeIgniter.php(499): CodeIgniter\CodeIgniter->runController(Object(App\Controllers\AdmPost))
 4 SYSTEMPATH\CodeIgniter.php(368): CodeIgniter\CodeIgniter->handleRequest(null, Object(Config\Cache), false)
 5 FCPATH\index.php(67): CodeIgniter\CodeIgniter->run()
CRITICAL - 2024-06-05 14:25:41 --> Undefined array key "usuario"
in APPPATH\Controllers\AdmPost.php on line 223.
 1 APPPATH\Controllers\AdmPost.php(223): CodeIgniter\Debug\Exceptions->errorHandler(2, 'Undefined array key "usuario"', 'C:\\xampp\\htdocs\\codi\\app\\Controllers\\AdmPost.php', 223)
 2 SYSTEMPATH\CodeIgniter.php(934): App\Controllers\AdmPost->desenho_meus()
 3 SYSTEMPATH\CodeIgniter.php(499): CodeIgniter\CodeIgniter->runController(Object(App\Controllers\AdmPost))
 4 SYSTEMPATH\CodeIgniter.php(368): CodeIgniter\CodeIgniter->handleRequest(null, Object(Config\Cache), false)
 5 FCPATH\index.php(67): CodeIgniter\CodeIgniter->run()
CRITICAL - 2024-06-05 14:25:42 --> Undefined array key "usuario"
in APPPATH\Controllers\AdmPost.php on line 223.
 1 APPPATH\Controllers\AdmPost.php(223): CodeIgniter\Debug\Exceptions->errorHandler(2, 'Undefined array key "usuario"', 'C:\\xampp\\htdocs\\codi\\app\\Controllers\\AdmPost.php', 223)
 2 SYSTEMPATH\CodeIgniter.php(934): App\Controllers\AdmPost->desenho_meus()
 3 SYSTEMPATH\CodeIgniter.php(499): CodeIgniter\CodeIgniter->runController(Object(App\Controllers\AdmPost))
 4 SYSTEMPATH\CodeIgniter.php(368): CodeIgniter\CodeIgniter->handleRequest(null, Object(Config\Cache), false)
 5 FCPATH\index.php(67): CodeIgniter\CodeIgniter->run()
CRITICAL - 2024-06-05 14:25:43 --> Undefined array key "usuario"
in APPPATH\Controllers\AdmPost.php on line 223.
 1 APPPATH\Controllers\AdmPost.php(223): CodeIgniter\Debug\Exceptions->errorHandler(2, 'Undefined array key "usuario"', 'C:\\xampp\\htdocs\\codi\\app\\Controllers\\AdmPost.php', 223)
 2 SYSTEMPATH\CodeIgniter.php(934): App\Controllers\AdmPost->desenho_meus()
 3 SYSTEMPATH\CodeIgniter.php(499): CodeIgniter\CodeIgniter->runController(Object(App\Controllers\AdmPost))
 4 SYSTEMPATH\CodeIgniter.php(368): CodeIgniter\CodeIgniter->handleRequest(null, Object(Config\Cache), false)
 5 FCPATH\index.php(67): CodeIgniter\CodeIgniter->run()
CRITICAL - 2024-06-05 14:25:44 --> Undefined array key "usuario"
in APPPATH\Controllers\AdmPost.php on line 223.
 1 APPPATH\Controllers\AdmPost.php(223): CodeIgniter\Debug\Exceptions->errorHandler(2, 'Undefined array key "usuario"', 'C:\\xampp\\htdocs\\codi\\app\\Controllers\\AdmPost.php', 223)
 2 SYSTEMPATH\CodeIgniter.php(934): App\Controllers\AdmPost->desenho_meus()
 3 SYSTEMPATH\CodeIgniter.php(499): CodeIgniter\CodeIgniter->runController(Object(App\Controllers\AdmPost))
 4 SYSTEMPATH\CodeIgniter.php(368): CodeIgniter\CodeIgniter->handleRequest(null, Object(Config\Cache), false)
 5 FCPATH\index.php(67): CodeIgniter\CodeIgniter->run()
CRITICAL - 2024-06-05 14:25:45 --> Undefined array key "usuario"
in APPPATH\Controllers\AdmPost.php on line 223.
 1 APPPATH\Controllers\AdmPost.php(223): CodeIgniter\Debug\Exceptions->errorHandler(2, 'Undefined array key "usuario"', 'C:\\xampp\\htdocs\\codi\\app\\Controllers\\AdmPost.php', 223)
 2 SYSTEMPATH\CodeIgniter.php(934): App\Controllers\AdmPost->desenho_meus()
 3 SYSTEMPATH\CodeIgniter.php(499): CodeIgniter\CodeIgniter->runController(Object(App\Controllers\AdmPost))
 4 SYSTEMPATH\CodeIgniter.php(368): CodeIgniter\CodeIgniter->handleRequest(null, Object(Config\Cache), false)
 5 FCPATH\index.php(67): CodeIgniter\CodeIgniter->run()
CRITICAL - 2024-06-05 14:25:46 --> Undefined array key "usuario"
in APPPATH\Controllers\AdmPost.php on line 223.
 1 APPPATH\Controllers\AdmPost.php(223): CodeIgniter\Debug\Exceptions->errorHandler(2, 'Undefined array key "usuario"', 'C:\\xampp\\htdocs\\codi\\app\\Controllers\\AdmPost.php', 223)
 2 SYSTEMPATH\CodeIgniter.php(934): App\Controllers\AdmPost->desenho_meus()
 3 SYSTEMPATH\CodeIgniter.php(499): CodeIgniter\CodeIgniter->runController(Object(App\Controllers\AdmPost))
 4 SYSTEMPATH\CodeIgniter.php(368): CodeIgniter\CodeIgniter->handleRequest(null, Object(Config\Cache), false)
 5 FCPATH\index.php(67): CodeIgniter\CodeIgniter->run()
CRITICAL - 2024-06-05 14:25:47 --> Undefined array key "usuario"
in APPPATH\Controllers\AdmPost.php on line 223.
 1 APPPATH\Controllers\AdmPost.php(223): CodeIgniter\Debug\Exceptions->errorHandler(2, 'Undefined array key "usuario"', 'C:\\xampp\\htdocs\\codi\\app\\Controllers\\AdmPost.php', 223)
 2 SYSTEMPATH\CodeIgniter.php(934): App\Controllers\AdmPost->desenho_meus()
 3 SYSTEMPATH\CodeIgniter.php(499): CodeIgniter\CodeIgniter->runController(Object(App\Controllers\AdmPost))
 4 SYSTEMPATH\CodeIgniter.php(368): CodeIgniter\CodeIgniter->handleRequest(null, Object(Config\Cache), false)
 5 FCPATH\index.php(67): CodeIgniter\CodeIgniter->run()
CRITICAL - 2024-06-05 14:25:48 --> Undefined array key "usuario"
in APPPATH\Controllers\AdmPost.php on line 223.
 1 APPPATH\Controllers\AdmPost.php(223): CodeIgniter\Debug\Exceptions->errorHandler(2, 'Undefined array key "usuario"', 'C:\\xampp\\htdocs\\codi\\app\\Controllers\\AdmPost.php', 223)
 2 SYSTEMPATH\CodeIgniter.php(934): App\Controllers\AdmPost->desenho_meus()
 3 SYSTEMPATH\CodeIgniter.php(499): CodeIgniter\CodeIgniter->runController(Object(App\Controllers\AdmPost))
 4 SYSTEMPATH\CodeIgniter.php(368): CodeIgniter\CodeIgniter->handleRequest(null, Object(Config\Cache), false)
 5 FCPATH\index.php(67): CodeIgniter\CodeIgniter->run()
CRITICAL - 2024-06-05 14:25:49 --> Undefined array key "usuario"
in APPPATH\Controllers\AdmPost.php on line 223.
 1 APPPATH\Controllers\AdmPost.php(223): CodeIgniter\Debug\Exceptions->errorHandler(2, 'Undefined array key "usuario"', 'C:\\xampp\\htdocs\\codi\\app\\Controllers\\AdmPost.php', 223)
 2 SYSTEMPATH\CodeIgniter.php(934): App\Controllers\AdmPost->desenho_meus()
 3 SYSTEMPATH\CodeIgniter.php(499): CodeIgniter\CodeIgniter->runController(Object(App\Controllers\AdmPost))
 4 SYSTEMPATH\CodeIgniter.php(368): CodeIgniter\CodeIgniter->handleRequest(null, Object(Config\Cache), false)
 5 FCPATH\index.php(67): CodeIgniter\CodeIgniter->run()
CRITICAL - 2024-06-05 14:25:50 --> Undefined array key "usuario"
in APPPATH\Controllers\AdmPost.php on line 223.
 1 APPPATH\Controllers\AdmPost.php(223): CodeIgniter\Debug\Exceptions->errorHandler(2, 'Undefined array key "usuario"', 'C:\\xampp\\htdocs\\codi\\app\\Controllers\\AdmPost.php', 223)
 2 SYSTEMPATH\CodeIgniter.php(934): App\Controllers\AdmPost->desenho_meus()
 3 SYSTEMPATH\CodeIgniter.php(499): CodeIgniter\CodeIgniter->runController(Object(App\Controllers\AdmPost))
 4 SYSTEMPATH\CodeIgniter.php(368): CodeIgniter\CodeIgniter->handleRequest(null, Object(Config\Cache), false)
 5 FCPATH\index.php(67): CodeIgniter\CodeIgniter->run()
CRITICAL - 2024-06-05 14:25:51 --> Undefined array key "usuario"
in APPPATH\Controllers\AdmPost.php on line 223.
 1 APPPATH\Controllers\AdmPost.php(223): CodeIgniter\Debug\Exceptions->errorHandler(2, 'Undefined array key "usuario"', 'C:\\xampp\\htdocs\\codi\\app\\Controllers\\AdmPost.php', 223)
 2 SYSTEMPATH\CodeIgniter.php(934): App\Controllers\AdmPost->desenho_meus()
 3 SYSTEMPATH\CodeIgniter.php(499): CodeIgniter\CodeIgniter->runController(Object(App\Controllers\AdmPost))
 4 SYSTEMPATH\CodeIgniter.php(368): CodeIgniter\CodeIgniter->handleRequest(null, Object(Config\Cache), false)
 5 FCPATH\index.php(67): CodeIgniter\CodeIgniter->run()
CRITICAL - 2024-06-05 14:25:52 --> Undefined array key "usuario"
in APPPATH\Controllers\AdmPost.php on line 223.
 1 APPPATH\Controllers\AdmPost.php(223): CodeIgniter\Debug\Exceptions->errorHandler(2, 'Undefined array key "usuario"', 'C:\\xampp\\htdocs\\codi\\app\\Controllers\\AdmPost.php', 223)
 2 SYSTEMPATH\CodeIgniter.php(934): App\Controllers\AdmPost->desenho_meus()
 3 SYSTEMPATH\CodeIgniter.php(499): CodeIgniter\CodeIgniter->runController(Object(App\Controllers\AdmPost))
 4 SYSTEMPATH\CodeIgniter.php(368): CodeIgniter\CodeIgniter->handleRequest(null, Object(Config\Cache), false)
 5 FCPATH\index.php(67): CodeIgniter\CodeIgniter->run()
CRITICAL - 2024-06-05 14:25:53 --> Undefined array key "usuario"
in APPPATH\Controllers\AdmPost.php on line 223.
 1 APPPATH\Controllers\AdmPost.php(223): CodeIgniter\Debug\Exceptions->errorHandler(2, 'Undefined array key "usuario"', 'C:\\xampp\\htdocs\\codi\\app\\Controllers\\AdmPost.php', 223)
 2 SYSTEMPATH\CodeIgniter.php(934): App\Controllers\AdmPost->desenho_meus()
 3 SYSTEMPATH\CodeIgniter.php(499): CodeIgniter\CodeIgniter->runController(Object(App\Controllers\AdmPost))
 4 SYSTEMPATH\CodeIgniter.php(368): CodeIgniter\CodeIgniter->handleRequest(null, Object(Config\Cache), false)
 5 FCPATH\index.php(67): CodeIgniter\CodeIgniter->run()
CRITICAL - 2024-06-05 14:25:54 --> Undefined array key "usuario"
in APPPATH\Controllers\AdmPost.php on line 223.
 1 APPPATH\Controllers\AdmPost.php(223): CodeIgniter\Debug\Exceptions->errorHandler(2, 'Undefined array key "usuario"', 'C:\\xampp\\htdocs\\codi\\app\\Controllers\\AdmPost.php', 223)
 2 SYSTEMPATH\CodeIgniter.php(934): App\Controllers\AdmPost->desenho_meus()
 3 SYSTEMPATH\CodeIgniter.php(499): CodeIgniter\CodeIgniter->runController(Object(App\Controllers\AdmPost))
 4 SYSTEMPATH\CodeIgniter.php(368): CodeIgniter\CodeIgniter->handleRequest(null, Object(Config\Cache), false)
 5 FCPATH\index.php(67): CodeIgniter\CodeIgniter->run()
CRITICAL - 2024-06-05 14:25:55 --> Undefined array key "usuario"
in APPPATH\Controllers\AdmPost.php on line 223.
 1 APPPATH\Controllers\AdmPost.php(223): CodeIgniter\Debug\Exceptions->errorHandler(2, 'Undefined array key "usuario"', 'C:\\xampp\\htdocs\\codi\\app\\Controllers\\AdmPost.php', 223)
 2 SYSTEMPATH\CodeIgniter.php(934): App\Controllers\AdmPost->desenho_meus()
 3 SYSTEMPATH\CodeIgniter.php(499): CodeIgniter\CodeIgniter->runController(Object(App\Controllers\AdmPost))
 4 SYSTEMPATH\CodeIgniter.php(368): CodeIgniter\CodeIgniter->handleRequest(null, Object(Config\Cache), false)
 5 FCPATH\index.php(67): CodeIgniter\CodeIgniter->run()
CRITICAL - 2024-06-05 14:25:56 --> Undefined array key "usuario"
in APPPATH\Controllers\AdmPost.php on line 223.
 1 APPPATH\Controllers\AdmPost.php(223): CodeIgniter\Debug\Exceptions->errorHandler(2, 'Undefined array key "usuario"', 'C:\\xampp\\htdocs\\codi\\app\\Controllers\\AdmPost.php', 223)
 2 SYSTEMPATH\CodeIgniter.php(934): App\Controllers\AdmPost->desenho_meus()
 3 SYSTEMPATH\CodeIgniter.php(499): CodeIgniter\CodeIgniter->runController(Object(App\Controllers\AdmPost))
 4 SYSTEMPATH\CodeIgniter.php(368): CodeIgniter\CodeIgniter->handleRequest(null, Object(Config\Cache), false)
 5 FCPATH\index.php(67): CodeIgniter\CodeIgniter->run()
CRITICAL - 2024-06-05 14:25:57 --> Undefined array key "usuario"
in APPPATH\Controllers\AdmPost.php on line 223.
 1 APPPATH\Controllers\AdmPost.php(223): CodeIgniter\Debug\Exceptions->errorHandler(2, 'Undefined array key "usuario"', 'C:\\xampp\\htdocs\\codi\\app\\Controllers\\AdmPost.php', 223)
 2 SYSTEMPATH\CodeIgniter.php(934): App\Controllers\AdmPost->desenho_meus()
 3 SYSTEMPATH\CodeIgniter.php(499): CodeIgniter\CodeIgniter->runController(Object(App\Controllers\AdmPost))
 4 SYSTEMPATH\CodeIgniter.php(368): CodeIgniter\CodeIgniter->handleRequest(null, Object(Config\Cache), false)
 5 FCPATH\index.php(67): CodeIgniter\CodeIgniter->run()
CRITICAL - 2024-06-05 14:25:58 --> Undefined array key "usuario"
in APPPATH\Controllers\AdmPost.php on line 223.
 1 APPPATH\Controllers\AdmPost.php(223): CodeIgniter\Debug\Exceptions->errorHandler(2, 'Undefined array key "usuario"', 'C:\\xampp\\htdocs\\codi\\app\\Controllers\\AdmPost.php', 223)
 2 SYSTEMPATH\CodeIgniter.php(934): App\Controllers\AdmPost->desenho_meus()
 3 SYSTEMPATH\CodeIgniter.php(499): CodeIgniter\CodeIgniter->runController(Object(App\Controllers\AdmPost))
 4 SYSTEMPATH\CodeIgniter.php(368): CodeIgniter\CodeIgniter->handleRequest(null, Object(Config\Cache), false)
 5 FCPATH\index.php(67): CodeIgniter\CodeIgniter->run()
CRITICAL - 2024-06-05 14:25:59 --> Undefined array key "usuario"
in APPPATH\Controllers\AdmPost.php on line 223.
 1 APPPATH\Controllers\AdmPost.php(223): CodeIgniter\Debug\Exceptions->errorHandler(2, 'Undefined array key "usuario"', 'C:\\xampp\\htdocs\\codi\\app\\Controllers\\AdmPost.php', 223)
 2 SYSTEMPATH\CodeIgniter.php(934): App\Controllers\AdmPost->desenho_meus()
 3 SYSTEMPATH\CodeIgniter.php(499): CodeIgniter\CodeIgniter->runController(Object(App\Controllers\AdmPost))
 4 SYSTEMPATH\CodeIgniter.php(368): CodeIgniter\CodeIgniter->handleRequest(null, Object(Config\Cache), false)
 5 FCPATH\index.php(67): CodeIgniter\CodeIgniter->run()
CRITICAL - 2024-06-05 14:26:00 --> Undefined array key "usuario"
in APPPATH\Controllers\AdmPost.php on line 223.
 1 APPPATH\Controllers\AdmPost.php(223): CodeIgniter\Debug\Exceptions->errorHandler(2, 'Undefined array key "usuario"', 'C:\\xampp\\htdocs\\codi\\app\\Controllers\\AdmPost.php', 223)
 2 SYSTEMPATH\CodeIgniter.php(934): App\Controllers\AdmPost->desenho_meus()
 3 SYSTEMPATH\CodeIgniter.php(499): CodeIgniter\CodeIgniter->runController(Object(App\Controllers\AdmPost))
 4 SYSTEMPATH\CodeIgniter.php(368): CodeIgniter\CodeIgniter->handleRequest(null, Object(Config\Cache), false)
 5 FCPATH\index.php(67): CodeIgniter\CodeIgniter->run()
CRITICAL - 2024-06-05 14:26:01 --> Undefined array key "usuario"
in APPPATH\Controllers\AdmPost.php on line 223.
 1 APPPATH\Controllers\AdmPost.php(223): CodeIgniter\Debug\Exceptions->errorHandler(2, 'Undefined array key "usuario"', 'C:\\xampp\\htdocs\\codi\\app\\Controllers\\AdmPost.php', 223)
 2 SYSTEMPATH\CodeIgniter.php(934): App\Controllers\AdmPost->desenho_meus()
 3 SYSTEMPATH\CodeIgniter.php(499): CodeIgniter\CodeIgniter->runController(Object(App\Controllers\AdmPost))
 4 SYSTEMPATH\CodeIgniter.php(368): CodeIgniter\CodeIgniter->handleRequest(null, Object(Config\Cache), false)
 5 FCPATH\index.php(67): CodeIgniter\CodeIgniter->run()
CRITICAL - 2024-06-05 14:26:02 --> Undefined array key "usuario"
in APPPATH\Controllers\AdmPost.php on line 223.
 1 APPPATH\Controllers\AdmPost.php(223): CodeIgniter\Debug\Exceptions->errorHandler(2, 'Undefined array key "usuario"', 'C:\\xampp\\htdocs\\codi\\app\\Controllers\\AdmPost.php', 223)
 2 SYSTEMPATH\CodeIgniter.php(934): App\Controllers\AdmPost->desenho_meus()
 3 SYSTEMPATH\CodeIgniter.php(499): CodeIgniter\CodeIgniter->runController(Object(App\Controllers\AdmPost))
 4 SYSTEMPATH\CodeIgniter.php(368): CodeIgniter\CodeIgniter->handleRequest(null, Object(Config\Cache), false)
 5 FCPATH\index.php(67): CodeIgniter\CodeIgniter->run()
CRITICAL - 2024-06-05 14:26:03 --> Undefined array key "usuario"
in APPPATH\Controllers\AdmPost.php on line 223.
 1 APPPATH\Controllers\AdmPost.php(223): CodeIgniter\Debug\Exceptions->errorHandler(2, 'Undefined array key "usuario"', 'C:\\xampp\\htdocs\\codi\\app\\Controllers\\AdmPost.php', 223)
 2 SYSTEMPATH\CodeIgniter.php(934): App\Controllers\AdmPost->desenho_meus()
 3 SYSTEMPATH\CodeIgniter.php(499): CodeIgniter\CodeIgniter->runController(Object(App\Controllers\AdmPost))
 4 SYSTEMPATH\CodeIgniter.php(368): CodeIgniter\CodeIgniter->handleRequest(null, Object(Config\Cache), false)
 5 FCPATH\index.php(67): CodeIgniter\CodeIgniter->run()
CRITICAL - 2024-06-05 14:26:04 --> Undefined array key "usuario"
in APPPATH\Controllers\AdmPost.php on line 223.
 1 APPPATH\Controllers\AdmPost.php(223): CodeIgniter\Debug\Exceptions->errorHandler(2, 'Undefined array key "usuario"', 'C:\\xampp\\htdocs\\codi\\app\\Controllers\\AdmPost.php', 223)
 2 SYSTEMPATH\CodeIgniter.php(934): App\Controllers\AdmPost->desenho_meus()
 3 SYSTEMPATH\CodeIgniter.php(499): CodeIgniter\CodeIgniter->runController(Object(App\Controllers\AdmPost))
 4 SYSTEMPATH\CodeIgniter.php(368): CodeIgniter\CodeIgniter->handleRequest(null, Object(Config\Cache), false)
 5 FCPATH\index.php(67): CodeIgniter\CodeIgniter->run()
CRITICAL - 2024-06-05 14:26:05 --> Undefined array key "usuario"
in APPPATH\Controllers\AdmPost.php on line 223.
 1 APPPATH\Controllers\AdmPost.php(223): CodeIgniter\Debug\Exceptions->errorHandler(2, 'Undefined array key "usuario"', 'C:\\xampp\\htdocs\\codi\\app\\Controllers\\AdmPost.php', 223)
 2 SYSTEMPATH\CodeIgniter.php(934): App\Controllers\AdmPost->desenho_meus()
 3 SYSTEMPATH\CodeIgniter.php(499): CodeIgniter\CodeIgniter->runController(Object(App\Controllers\AdmPost))
 4 SYSTEMPATH\CodeIgniter.php(368): CodeIgniter\CodeIgniter->handleRequest(null, Object(Config\Cache), false)
 5 FCPATH\index.php(67): CodeIgniter\CodeIgniter->run()
CRITICAL - 2024-06-05 14:26:06 --> Undefined array key "usuario"
in APPPATH\Controllers\AdmPost.php on line 223.
 1 APPPATH\Controllers\AdmPost.php(223): CodeIgniter\Debug\Exceptions->errorHandler(2, 'Undefined array key "usuario"', 'C:\\xampp\\htdocs\\codi\\app\\Controllers\\AdmPost.php', 223)
 2 SYSTEMPATH\CodeIgniter.php(934): App\Controllers\AdmPost->desenho_meus()
 3 SYSTEMPATH\CodeIgniter.php(499): CodeIgniter\CodeIgniter->runController(Object(App\Controllers\AdmPost))
 4 SYSTEMPATH\CodeIgniter.php(368): CodeIgniter\CodeIgniter->handleRequest(null, Object(Config\Cache), false)
 5 FCPATH\index.php(67): CodeIgniter\CodeIgniter->run()
CRITICAL - 2024-06-05 14:26:07 --> Undefined array key "usuario"
in APPPATH\Controllers\AdmPost.php on line 223.
 1 APPPATH\Controllers\AdmPost.php(223): CodeIgniter\Debug\Exceptions->errorHandler(2, 'Undefined array key "usuario"', 'C:\\xampp\\htdocs\\codi\\app\\Controllers\\AdmPost.php', 223)
 2 SYSTEMPATH\CodeIgniter.php(934): App\Controllers\AdmPost->desenho_meus()
 3 SYSTEMPATH\CodeIgniter.php(499): CodeIgniter\CodeIgniter->runController(Object(App\Controllers\AdmPost))
 4 SYSTEMPATH\CodeIgniter.php(368): CodeIgniter\CodeIgniter->handleRequest(null, Object(Config\Cache), false)
 5 FCPATH\index.php(67): CodeIgniter\CodeIgniter->run()
CRITICAL - 2024-06-05 14:26:08 --> Undefined array key "usuario"
in APPPATH\Controllers\AdmPost.php on line 223.
 1 APPPATH\Controllers\AdmPost.php(223): CodeIgniter\Debug\Exceptions->errorHandler(2, 'Undefined array key "usuario"', 'C:\\xampp\\htdocs\\codi\\app\\Controllers\\AdmPost.php', 223)
 2 SYSTEMPATH\CodeIgniter.php(934): App\Controllers\AdmPost->desenho_meus()
 3 SYSTEMPATH\CodeIgniter.php(499): CodeIgniter\CodeIgniter->runController(Object(App\Controllers\AdmPost))
 4 SYSTEMPATH\CodeIgniter.php(368): CodeIgniter\CodeIgniter->handleRequest(null, Object(Config\Cache), false)
 5 FCPATH\index.php(67): CodeIgniter\CodeIgniter->run()
CRITICAL - 2024-06-05 14:26:09 --> Undefined array key "usuario"
in APPPATH\Controllers\AdmPost.php on line 223.
 1 APPPATH\Controllers\AdmPost.php(223): CodeIgniter\Debug\Exceptions->errorHandler(2, 'Undefined array key "usuario"', 'C:\\xampp\\htdocs\\codi\\app\\Controllers\\AdmPost.php', 223)
 2 SYSTEMPATH\CodeIgniter.php(934): App\Controllers\AdmPost->desenho_meus()
 3 SYSTEMPATH\CodeIgniter.php(499): CodeIgniter\CodeIgniter->runController(Object(App\Controllers\AdmPost))
 4 SYSTEMPATH\CodeIgniter.php(368): CodeIgniter\CodeIgniter->handleRequest(null, Object(Config\Cache), false)
 5 FCPATH\index.php(67): CodeIgniter\CodeIgniter->run()
CRITICAL - 2024-06-05 14:26:10 --> Undefined array key "usuario"
in APPPATH\Controllers\AdmPost.php on line 223.
 1 APPPATH\Controllers\AdmPost.php(223): CodeIgniter\Debug\Exceptions->errorHandler(2, 'Undefined array key "usuario"', 'C:\\xampp\\htdocs\\codi\\app\\Controllers\\AdmPost.php', 223)
 2 SYSTEMPATH\CodeIgniter.php(934): App\Controllers\AdmPost->desenho_meus()
 3 SYSTEMPATH\CodeIgniter.php(499): CodeIgniter\CodeIgniter->runController(Object(App\Controllers\AdmPost))
 4 SYSTEMPATH\CodeIgniter.php(368): CodeIgniter\CodeIgniter->handleRequest(null, Object(Config\Cache), false)
 5 FCPATH\index.php(67): CodeIgniter\CodeIgniter->run()
CRITICAL - 2024-06-05 14:26:11 --> Undefined array key "usuario"
in APPPATH\Controllers\AdmPost.php on line 223.
 1 APPPATH\Controllers\AdmPost.php(223): CodeIgniter\Debug\Exceptions->errorHandler(2, 'Undefined array key "usuario"', 'C:\\xampp\\htdocs\\codi\\app\\Controllers\\AdmPost.php', 223)
 2 SYSTEMPATH\CodeIgniter.php(934): App\Controllers\AdmPost->desenho_meus()
 3 SYSTEMPATH\CodeIgniter.php(499): CodeIgniter\CodeIgniter->runController(Object(App\Controllers\AdmPost))
 4 SYSTEMPATH\CodeIgniter.php(368): CodeIgniter\CodeIgniter->handleRequest(null, Object(Config\Cache), false)
 5 FCPATH\index.php(67): CodeIgniter\CodeIgniter->run()
CRITICAL - 2024-06-05 14:26:12 --> Undefined array key "usuario"
in APPPATH\Controllers\AdmPost.php on line 223.
 1 APPPATH\Controllers\AdmPost.php(223): CodeIgniter\Debug\Exceptions->errorHandler(2, 'Undefined array key "usuario"', 'C:\\xampp\\htdocs\\codi\\app\\Controllers\\AdmPost.php', 223)
 2 SYSTEMPATH\CodeIgniter.php(934): App\Controllers\AdmPost->desenho_meus()
 3 SYSTEMPATH\CodeIgniter.php(499): CodeIgniter\CodeIgniter->runController(Object(App\Controllers\AdmPost))
 4 SYSTEMPATH\CodeIgniter.php(368): CodeIgniter\CodeIgniter->handleRequest(null, Object(Config\Cache), false)
 5 FCPATH\index.php(67): CodeIgniter\CodeIgniter->run()
CRITICAL - 2024-06-05 14:26:13 --> Undefined array key "usuario"
in APPPATH\Controllers\AdmPost.php on line 223.
 1 APPPATH\Controllers\AdmPost.php(223): CodeIgniter\Debug\Exceptions->errorHandler(2, 'Undefined array key "usuario"', 'C:\\xampp\\htdocs\\codi\\app\\Controllers\\AdmPost.php', 223)
 2 SYSTEMPATH\CodeIgniter.php(934): App\Controllers\AdmPost->desenho_meus()
 3 SYSTEMPATH\CodeIgniter.php(499): CodeIgniter\CodeIgniter->runController(Object(App\Controllers\AdmPost))
 4 SYSTEMPATH\CodeIgniter.php(368): CodeIgniter\CodeIgniter->handleRequest(null, Object(Config\Cache), false)
 5 FCPATH\index.php(67): CodeIgniter\CodeIgniter->run()
CRITICAL - 2024-06-05 14:26:14 --> Undefined array key "usuario"
in APPPATH\Controllers\AdmPost.php on line 223.
 1 APPPATH\Controllers\AdmPost.php(223): CodeIgniter\Debug\Exceptions->errorHandler(2, 'Undefined array key "usuario"', 'C:\\xampp\\htdocs\\codi\\app\\Controllers\\AdmPost.php', 223)
 2 SYSTEMPATH\CodeIgniter.php(934): App\Controllers\AdmPost->desenho_meus()
 3 SYSTEMPATH\CodeIgniter.php(499): CodeIgniter\CodeIgniter->runController(Object(App\Controllers\AdmPost))
 4 SYSTEMPATH\CodeIgniter.php(368): CodeIgniter\CodeIgniter->handleRequest(null, Object(Config\Cache), false)
 5 FCPATH\index.php(67): CodeIgniter\CodeIgniter->run()
CRITICAL - 2024-06-05 14:26:15 --> Undefined array key "usuario"
in APPPATH\Controllers\AdmPost.php on line 223.
 1 APPPATH\Controllers\AdmPost.php(223): CodeIgniter\Debug\Exceptions->errorHandler(2, 'Undefined array key "usuario"', 'C:\\xampp\\htdocs\\codi\\app\\Controllers\\AdmPost.php', 223)
 2 SYSTEMPATH\CodeIgniter.php(934): App\Controllers\AdmPost->desenho_meus()
 3 SYSTEMPATH\CodeIgniter.php(499): CodeIgniter\CodeIgniter->runController(Object(App\Controllers\AdmPost))
 4 SYSTEMPATH\CodeIgniter.php(368): CodeIgniter\CodeIgniter->handleRequest(null, Object(Config\Cache), false)
 5 FCPATH\index.php(67): CodeIgniter\CodeIgniter->run()
CRITICAL - 2024-06-05 14:26:16 --> Undefined array key "usuario"
in APPPATH\Controllers\AdmPost.php on line 223.
 1 APPPATH\Controllers\AdmPost.php(223): CodeIgniter\Debug\Exceptions->errorHandler(2, 'Undefined array key "usuario"', 'C:\\xampp\\htdocs\\codi\\app\\Controllers\\AdmPost.php', 223)
 2 SYSTEMPATH\CodeIgniter.php(934): App\Controllers\AdmPost->desenho_meus()
 3 SYSTEMPATH\CodeIgniter.php(499): CodeIgniter\CodeIgniter->runController(Object(App\Controllers\AdmPost))
 4 SYSTEMPATH\CodeIgniter.php(368): CodeIgniter\CodeIgniter->handleRequest(null, Object(Config\Cache), false)
 5 FCPATH\index.php(67): CodeIgniter\CodeIgniter->run()
CRITICAL - 2024-06-05 14:26:17 --> Undefined array key "usuario"
in APPPATH\Controllers\AdmPost.php on line 223.
 1 APPPATH\Controllers\AdmPost.php(223): CodeIgniter\Debug\Exceptions->errorHandler(2, 'Undefined array key "usuario"', 'C:\\xampp\\htdocs\\codi\\app\\Controllers\\AdmPost.php', 223)
 2 SYSTEMPATH\CodeIgniter.php(934): App\Controllers\AdmPost->desenho_meus()
 3 SYSTEMPATH\CodeIgniter.php(499): CodeIgniter\CodeIgniter->runController(Object(App\Controllers\AdmPost))
 4 SYSTEMPATH\CodeIgniter.php(368): CodeIgniter\CodeIgniter->handleRequest(null, Object(Config\Cache), false)
 5 FCPATH\index.php(67): CodeIgniter\CodeIgniter->run()
CRITICAL - 2024-06-05 14:26:18 --> Undefined array key "usuario"
in APPPATH\Controllers\AdmPost.php on line 223.
 1 APPPATH\Controllers\AdmPost.php(223): CodeIgniter\Debug\Exceptions->errorHandler(2, 'Undefined array key "usuario"', 'C:\\xampp\\htdocs\\codi\\app\\Controllers\\AdmPost.php', 223)
 2 SYSTEMPATH\CodeIgniter.php(934): App\Controllers\AdmPost->desenho_meus()
 3 SYSTEMPATH\CodeIgniter.php(499): CodeIgniter\CodeIgniter->runController(Object(App\Controllers\AdmPost))
 4 SYSTEMPATH\CodeIgniter.php(368): CodeIgniter\CodeIgniter->handleRequest(null, Object(Config\Cache), false)
 5 FCPATH\index.php(67): CodeIgniter\CodeIgniter->run()
CRITICAL - 2024-06-05 14:26:19 --> Undefined array key "usuario"
in APPPATH\Controllers\AdmPost.php on line 223.
 1 APPPATH\Controllers\AdmPost.php(223): CodeIgniter\Debug\Exceptions->errorHandler(2, 'Undefined array key "usuario"', 'C:\\xampp\\htdocs\\codi\\app\\Controllers\\AdmPost.php', 223)
 2 SYSTEMPATH\CodeIgniter.php(934): App\Controllers\AdmPost->desenho_meus()
 3 SYSTEMPATH\CodeIgniter.php(499): CodeIgniter\CodeIgniter->runController(Object(App\Controllers\AdmPost))
 4 SYSTEMPATH\CodeIgniter.php(368): CodeIgniter\CodeIgniter->handleRequest(null, Object(Config\Cache), false)
 5 FCPATH\index.php(67): CodeIgniter\CodeIgniter->run()
CRITICAL - 2024-06-05 14:26:20 --> Undefined array key "usuario"
in APPPATH\Controllers\AdmPost.php on line 223.
 1 APPPATH\Controllers\AdmPost.php(223): CodeIgniter\Debug\Exceptions->errorHandler(2, 'Undefined array key "usuario"', 'C:\\xampp\\htdocs\\codi\\app\\Controllers\\AdmPost.php', 223)
 2 SYSTEMPATH\CodeIgniter.php(934): App\Controllers\AdmPost->desenho_meus()
 3 SYSTEMPATH\CodeIgniter.php(499): CodeIgniter\CodeIgniter->runController(Object(App\Controllers\AdmPost))
 4 SYSTEMPATH\CodeIgniter.php(368): CodeIgniter\CodeIgniter->handleRequest(null, Object(Config\Cache), false)
 5 FCPATH\index.php(67): CodeIgniter\CodeIgniter->run()
CRITICAL - 2024-06-05 14:26:21 --> Undefined array key "usuario"
in APPPATH\Controllers\AdmPost.php on line 223.
 1 APPPATH\Controllers\AdmPost.php(223): CodeIgniter\Debug\Exceptions->errorHandler(2, 'Undefined array key "usuario"', 'C:\\xampp\\htdocs\\codi\\app\\Controllers\\AdmPost.php', 223)
 2 SYSTEMPATH\CodeIgniter.php(934): App\Controllers\AdmPost->desenho_meus()
 3 SYSTEMPATH\CodeIgniter.php(499): CodeIgniter\CodeIgniter->runController(Object(App\Controllers\AdmPost))
 4 SYSTEMPATH\CodeIgniter.php(368): CodeIgniter\CodeIgniter->handleRequest(null, Object(Config\Cache), false)
 5 FCPATH\index.php(67): CodeIgniter\CodeIgniter->run()
CRITICAL - 2024-06-05 14:26:22 --> Undefined array key "usuario"
in APPPATH\Controllers\AdmPost.php on line 223.
 1 APPPATH\Controllers\AdmPost.php(223): CodeIgniter\Debug\Exceptions->errorHandler(2, 'Undefined array key "usuario"', 'C:\\xampp\\htdocs\\codi\\app\\Controllers\\AdmPost.php', 223)
 2 SYSTEMPATH\CodeIgniter.php(934): App\Controllers\AdmPost->desenho_meus()
 3 SYSTEMPATH\CodeIgniter.php(499): CodeIgniter\CodeIgniter->runController(Object(App\Controllers\AdmPost))
 4 SYSTEMPATH\CodeIgniter.php(368): CodeIgniter\CodeIgniter->handleRequest(null, Object(Config\Cache), false)
 5 FCPATH\index.php(67): CodeIgniter\CodeIgniter->run()
CRITICAL - 2024-06-05 14:26:23 --> Undefined array key "usuario"
in APPPATH\Controllers\AdmPost.php on line 223.
 1 APPPATH\Controllers\AdmPost.php(223): CodeIgniter\Debug\Exceptions->errorHandler(2, 'Undefined array key "usuario"', 'C:\\xampp\\htdocs\\codi\\app\\Controllers\\AdmPost.php', 223)
 2 SYSTEMPATH\CodeIgniter.php(934): App\Controllers\AdmPost->desenho_meus()
 3 SYSTEMPATH\CodeIgniter.php(499): CodeIgniter\CodeIgniter->runController(Object(App\Controllers\AdmPost))
 4 SYSTEMPATH\CodeIgniter.php(368): CodeIgniter\CodeIgniter->handleRequest(null, Object(Config\Cache), false)
 5 FCPATH\index.php(67): CodeIgniter\CodeIgniter->run()
CRITICAL - 2024-06-05 14:26:24 --> Undefined array key "usuario"
in APPPATH\Controllers\AdmPost.php on line 223.
 1 APPPATH\Controllers\AdmPost.php(223): CodeIgniter\Debug\Exceptions->errorHandler(2, 'Undefined array key "usuario"', 'C:\\xampp\\htdocs\\codi\\app\\Controllers\\AdmPost.php', 223)
 2 SYSTEMPATH\CodeIgniter.php(934): App\Controllers\AdmPost->desenho_meus()
 3 SYSTEMPATH\CodeIgniter.php(499): CodeIgniter\CodeIgniter->runController(Object(App\Controllers\AdmPost))
 4 SYSTEMPATH\CodeIgniter.php(368): CodeIgniter\CodeIgniter->handleRequest(null, Object(Config\Cache), false)
 5 FCPATH\index.php(67): CodeIgniter\CodeIgniter->run()
CRITICAL - 2024-06-05 14:26:25 --> Undefined array key "usuario"
in APPPATH\Controllers\AdmPost.php on line 223.
 1 APPPATH\Controllers\AdmPost.php(223): CodeIgniter\Debug\Exceptions->errorHandler(2, 'Undefined array key "usuario"', 'C:\\xampp\\htdocs\\codi\\app\\Controllers\\AdmPost.php', 223)
 2 SYSTEMPATH\CodeIgniter.php(934): App\Controllers\AdmPost->desenho_meus()
 3 SYSTEMPATH\CodeIgniter.php(499): CodeIgniter\CodeIgniter->runController(Object(App\Controllers\AdmPost))
 4 SYSTEMPATH\CodeIgniter.php(368): CodeIgniter\CodeIgniter->handleRequest(null, Object(Config\Cache), false)
 5 FCPATH\index.php(67): CodeIgniter\CodeIgniter->run()
CRITICAL - 2024-06-05 14:26:26 --> Undefined array key "usuario"
in APPPATH\Controllers\AdmPost.php on line 223.
 1 APPPATH\Controllers\AdmPost.php(223): CodeIgniter\Debug\Exceptions->errorHandler(2, 'Undefined array key "usuario"', 'C:\\xampp\\htdocs\\codi\\app\\Controllers\\AdmPost.php', 223)
 2 SYSTEMPATH\CodeIgniter.php(934): App\Controllers\AdmPost->desenho_meus()
 3 SYSTEMPATH\CodeIgniter.php(499): CodeIgniter\CodeIgniter->runController(Object(App\Controllers\AdmPost))
 4 SYSTEMPATH\CodeIgniter.php(368): CodeIgniter\CodeIgniter->handleRequest(null, Object(Config\Cache), false)
 5 FCPATH\index.php(67): CodeIgniter\CodeIgniter->run()
CRITICAL - 2024-06-05 14:26:27 --> Undefined array key "usuario"
in APPPATH\Controllers\AdmPost.php on line 223.
 1 APPPATH\Controllers\AdmPost.php(223): CodeIgniter\Debug\Exceptions->errorHandler(2, 'Undefined array key "usuario"', 'C:\\xampp\\htdocs\\codi\\app\\Controllers\\AdmPost.php', 223)
 2 SYSTEMPATH\CodeIgniter.php(934): App\Controllers\AdmPost->desenho_meus()
 3 SYSTEMPATH\CodeIgniter.php(499): CodeIgniter\CodeIgniter->runController(Object(App\Controllers\AdmPost))
 4 SYSTEMPATH\CodeIgniter.php(368): CodeIgniter\CodeIgniter->handleRequest(null, Object(Config\Cache), false)
 5 FCPATH\index.php(67): CodeIgniter\CodeIgniter->run()
CRITICAL - 2024-06-05 14:26:28 --> Undefined array key "usuario"
in APPPATH\Controllers\AdmPost.php on line 223.
 1 APPPATH\Controllers\AdmPost.php(223): CodeIgniter\Debug\Exceptions->errorHandler(2, 'Undefined array key "usuario"', 'C:\\xampp\\htdocs\\codi\\app\\Controllers\\AdmPost.php', 223)
 2 SYSTEMPATH\CodeIgniter.php(934): App\Controllers\AdmPost->desenho_meus()
 3 SYSTEMPATH\CodeIgniter.php(499): CodeIgniter\CodeIgniter->runController(Object(App\Controllers\AdmPost))
 4 SYSTEMPATH\CodeIgniter.php(368): CodeIgniter\CodeIgniter->handleRequest(null, Object(Config\Cache), false)
 5 FCPATH\index.php(67): CodeIgniter\CodeIgniter->run()
CRITICAL - 2024-06-05 14:26:29 --> Undefined array key "usuario"
in APPPATH\Controllers\AdmPost.php on line 223.
 1 APPPATH\Controllers\AdmPost.php(223): CodeIgniter\Debug\Exceptions->errorHandler(2, 'Undefined array key "usuario"', 'C:\\xampp\\htdocs\\codi\\app\\Controllers\\AdmPost.php', 223)
 2 SYSTEMPATH\CodeIgniter.php(934): App\Controllers\AdmPost->desenho_meus()
 3 SYSTEMPATH\CodeIgniter.php(499): CodeIgniter\CodeIgniter->runController(Object(App\Controllers\AdmPost))
 4 SYSTEMPATH\CodeIgniter.php(368): CodeIgniter\CodeIgniter->handleRequest(null, Object(Config\Cache), false)
 5 FCPATH\index.php(67): CodeIgniter\CodeIgniter->run()
CRITICAL - 2024-06-05 14:26:30 --> Undefined array key "usuario"
in APPPATH\Controllers\AdmPost.php on line 223.
 1 APPPATH\Controllers\AdmPost.php(223): CodeIgniter\Debug\Exceptions->errorHandler(2, 'Undefined array key "usuario"', 'C:\\xampp\\htdocs\\codi\\app\\Controllers\\AdmPost.php', 223)
 2 SYSTEMPATH\CodeIgniter.php(934): App\Controllers\AdmPost->desenho_meus()
 3 SYSTEMPATH\CodeIgniter.php(499): CodeIgniter\CodeIgniter->runController(Object(App\Controllers\AdmPost))
 4 SYSTEMPATH\CodeIgniter.php(368): CodeIgniter\CodeIgniter->handleRequest(null, Object(Config\Cache), false)
 5 FCPATH\index.php(67): CodeIgniter\CodeIgniter->run()
CRITICAL - 2024-06-05 14:26:31 --> Undefined array key "usuario"
in APPPATH\Controllers\AdmPost.php on line 223.
 1 APPPATH\Controllers\AdmPost.php(223): CodeIgniter\Debug\Exceptions->errorHandler(2, 'Undefined array key "usuario"', 'C:\\xampp\\htdocs\\codi\\app\\Controllers\\AdmPost.php', 223)
 2 SYSTEMPATH\CodeIgniter.php(934): App\Controllers\AdmPost->desenho_meus()
 3 SYSTEMPATH\CodeIgniter.php(499): CodeIgniter\CodeIgniter->runController(Object(App\Controllers\AdmPost))
 4 SYSTEMPATH\CodeIgniter.php(368): CodeIgniter\CodeIgniter->handleRequest(null, Object(Config\Cache), false)
 5 FCPATH\index.php(67): CodeIgniter\CodeIgniter->run()
CRITICAL - 2024-06-05 14:26:32 --> Undefined array key "usuario"
in APPPATH\Controllers\AdmPost.php on line 223.
 1 APPPATH\Controllers\AdmPost.php(223): CodeIgniter\Debug\Exceptions->errorHandler(2, 'Undefined array key "usuario"', 'C:\\xampp\\htdocs\\codi\\app\\Controllers\\AdmPost.php', 223)
 2 SYSTEMPATH\CodeIgniter.php(934): App\Controllers\AdmPost->desenho_meus()
 3 SYSTEMPATH\CodeIgniter.php(499): CodeIgniter\CodeIgniter->runController(Object(App\Controllers\AdmPost))
 4 SYSTEMPATH\CodeIgniter.php(368): CodeIgniter\CodeIgniter->handleRequest(null, Object(Config\Cache), false)
 5 FCPATH\index.php(67): CodeIgniter\CodeIgniter->run()
CRITICAL - 2024-06-05 14:26:33 --> Undefined array key "usuario"
in APPPATH\Controllers\AdmPost.php on line 223.
 1 APPPATH\Controllers\AdmPost.php(223): CodeIgniter\Debug\Exceptions->errorHandler(2, 'Undefined array key "usuario"', 'C:\\xampp\\htdocs\\codi\\app\\Controllers\\AdmPost.php', 223)
 2 SYSTEMPATH\CodeIgniter.php(934): App\Controllers\AdmPost->desenho_meus()
 3 SYSTEMPATH\CodeIgniter.php(499): CodeIgniter\CodeIgniter->runController(Object(App\Controllers\AdmPost))
 4 SYSTEMPATH\CodeIgniter.php(368): CodeIgniter\CodeIgniter->handleRequest(null, Object(Config\Cache), false)
 5 FCPATH\index.php(67): CodeIgniter\CodeIgniter->run()
CRITICAL - 2024-06-05 14:26:34 --> Undefined array key "usuario"
in APPPATH\Controllers\AdmPost.php on line 223.
 1 APPPATH\Controllers\AdmPost.php(223): CodeIgniter\Debug\Exceptions->errorHandler(2, 'Undefined array key "usuario"', 'C:\\xampp\\htdocs\\codi\\app\\Controllers\\AdmPost.php', 223)
 2 SYSTEMPATH\CodeIgniter.php(934): App\Controllers\AdmPost->desenho_meus()
 3 SYSTEMPATH\CodeIgniter.php(499): CodeIgniter\CodeIgniter->runController(Object(App\Controllers\AdmPost))
 4 SYSTEMPATH\CodeIgniter.php(368): CodeIgniter\CodeIgniter->handleRequest(null, Object(Config\Cache), false)
 5 FCPATH\index.php(67): CodeIgniter\CodeIgniter->run()
CRITICAL - 2024-06-05 14:26:49 --> Undefined array key "usuario"
in APPPATH\Controllers\AdmPost.php on line 223.
 1 APPPATH\Controllers\AdmPost.php(223): CodeIgniter\Debug\Exceptions->errorHandler(2, 'Undefined array key "usuario"', 'C:\\xampp\\htdocs\\codi\\app\\Controllers\\AdmPost.php', 223)
 2 SYSTEMPATH\CodeIgniter.php(934): App\Controllers\AdmPost->desenho_meus()
 3 SYSTEMPATH\CodeIgniter.php(499): CodeIgniter\CodeIgniter->runController(Object(App\Controllers\AdmPost))
 4 SYSTEMPATH\CodeIgniter.php(368): CodeIgniter\CodeIgniter->handleRequest(null, Object(Config\Cache), false)
 5 FCPATH\index.php(67): CodeIgniter\CodeIgniter->run()
CRITICAL - 2024-06-05 14:27:49 --> Undefined array key "usuario"
in APPPATH\Controllers\AdmPost.php on line 223.
 1 APPPATH\Controllers\AdmPost.php(223): CodeIgniter\Debug\Exceptions->errorHandler(2, 'Undefined array key "usuario"', 'C:\\xampp\\htdocs\\codi\\app\\Controllers\\AdmPost.php', 223)
 2 SYSTEMPATH\CodeIgniter.php(934): App\Controllers\AdmPost->desenho_meus()
 3 SYSTEMPATH\CodeIgniter.php(499): CodeIgniter\CodeIgniter->runController(Object(App\Controllers\AdmPost))
 4 SYSTEMPATH\CodeIgniter.php(368): CodeIgniter\CodeIgniter->handleRequest(null, Object(Config\Cache), false)
 5 FCPATH\index.php(67): CodeIgniter\CodeIgniter->run()
CRITICAL - 2024-06-05 14:28:49 --> Undefined array key "usuario"
in APPPATH\Controllers\AdmPost.php on line 223.
 1 APPPATH\Controllers\AdmPost.php(223): CodeIgniter\Debug\Exceptions->errorHandler(2, 'Undefined array key "usuario"', 'C:\\xampp\\htdocs\\codi\\app\\Controllers\\AdmPost.php', 223)
 2 SYSTEMPATH\CodeIgniter.php(934): App\Controllers\AdmPost->desenho_meus()
 3 SYSTEMPATH\CodeIgniter.php(499): CodeIgniter\CodeIgniter->runController(Object(App\Controllers\AdmPost))
 4 SYSTEMPATH\CodeIgniter.php(368): CodeIgniter\CodeIgniter->handleRequest(null, Object(Config\Cache), false)
 5 FCPATH\index.php(67): CodeIgniter\CodeIgniter->run()
CRITICAL - 2024-06-05 14:29:49 --> Undefined array key "usuario"
in APPPATH\Controllers\AdmPost.php on line 223.
 1 APPPATH\Controllers\AdmPost.php(223): CodeIgniter\Debug\Exceptions->errorHandler(2, 'Undefined array key "usuario"', 'C:\\xampp\\htdocs\\codi\\app\\Controllers\\AdmPost.php', 223)
 2 SYSTEMPATH\CodeIgniter.php(934): App\Controllers\AdmPost->desenho_meus()
 3 SYSTEMPATH\CodeIgniter.php(499): CodeIgniter\CodeIgniter->runController(Object(App\Controllers\AdmPost))
 4 SYSTEMPATH\CodeIgniter.php(368): CodeIgniter\CodeIgniter->handleRequest(null, Object(Config\Cache), false)
 5 FCPATH\index.php(67): CodeIgniter\CodeIgniter->run()
CRITICAL - 2024-06-05 14:30:49 --> Undefined array key "usuario"
in APPPATH\Controllers\AdmPost.php on line 223.
 1 APPPATH\Controllers\AdmPost.php(223): CodeIgniter\Debug\Exceptions->errorHandler(2, 'Undefined array key "usuario"', 'C:\\xampp\\htdocs\\codi\\app\\Controllers\\AdmPost.php', 223)
 2 SYSTEMPATH\CodeIgniter.php(934): App\Controllers\AdmPost->desenho_meus()
 3 SYSTEMPATH\CodeIgniter.php(499): CodeIgniter\CodeIgniter->runController(Object(App\Controllers\AdmPost))
 4 SYSTEMPATH\CodeIgniter.php(368): CodeIgniter\CodeIgniter->handleRequest(null, Object(Config\Cache), false)
 5 FCPATH\index.php(67): CodeIgniter\CodeIgniter->run()
CRITICAL - 2024-06-05 14:31:49 --> Undefined array key "usuario"
in APPPATH\Controllers\AdmPost.php on line 223.
 1 APPPATH\Controllers\AdmPost.php(223): CodeIgniter\Debug\Exceptions->errorHandler(2, 'Undefined array key "usuario"', 'C:\\xampp\\htdocs\\codi\\app\\Controllers\\AdmPost.php', 223)
 2 SYSTEMPATH\CodeIgniter.php(934): App\Controllers\AdmPost->desenho_meus()
 3 SYSTEMPATH\CodeIgniter.php(499): CodeIgniter\CodeIgniter->runController(Object(App\Controllers\AdmPost))
 4 SYSTEMPATH\CodeIgniter.php(368): CodeIgniter\CodeIgniter->handleRequest(null, Object(Config\Cache), false)
 5 FCPATH\index.php(67): CodeIgniter\CodeIgniter->run()
CRITICAL - 2024-06-05 14:32:49 --> Undefined array key "usuario"
in APPPATH\Controllers\AdmPost.php on line 223.
 1 APPPATH\Controllers\AdmPost.php(223): CodeIgniter\Debug\Exceptions->errorHandler(2, 'Undefined array key "usuario"', 'C:\\xampp\\htdocs\\codi\\app\\Controllers\\AdmPost.php', 223)
 2 SYSTEMPATH\CodeIgniter.php(934): App\Controllers\AdmPost->desenho_meus()
 3 SYSTEMPATH\CodeIgniter.php(499): CodeIgniter\CodeIgniter->runController(Object(App\Controllers\AdmPost))
 4 SYSTEMPATH\CodeIgniter.php(368): CodeIgniter\CodeIgniter->handleRequest(null, Object(Config\Cache), false)
 5 FCPATH\index.php(67): CodeIgniter\CodeIgniter->run()
CRITICAL - 2024-06-05 14:33:49 --> Undefined array key "usuario"
in APPPATH\Controllers\AdmPost.php on line 223.
 1 APPPATH\Controllers\AdmPost.php(223): CodeIgniter\Debug\Exceptions->errorHandler(2, 'Undefined array key "usuario"', 'C:\\xampp\\htdocs\\codi\\app\\Controllers\\AdmPost.php', 223)
 2 SYSTEMPATH\CodeIgniter.php(934): App\Controllers\AdmPost->desenho_meus()
 3 SYSTEMPATH\CodeIgniter.php(499): CodeIgniter\CodeIgniter->runController(Object(App\Controllers\AdmPost))
 4 SYSTEMPATH\CodeIgniter.php(368): CodeIgniter\CodeIgniter->handleRequest(null, Object(Config\Cache), false)
 5 FCPATH\index.php(67): CodeIgniter\CodeIgniter->run()
CRITICAL - 2024-06-05 14:34:49 --> Undefined array key "usuario"
in APPPATH\Controllers\AdmPost.php on line 223.
 1 APPPATH\Controllers\AdmPost.php(223): CodeIgniter\Debug\Exceptions->errorHandler(2, 'Undefined array key "usuario"', 'C:\\xampp\\htdocs\\codi\\app\\Controllers\\AdmPost.php', 223)
 2 SYSTEMPATH\CodeIgniter.php(934): App\Controllers\AdmPost->desenho_meus()
 3 SYSTEMPATH\CodeIgniter.php(499): CodeIgniter\CodeIgniter->runController(Object(App\Controllers\AdmPost))
 4 SYSTEMPATH\CodeIgniter.php(368): CodeIgniter\CodeIgniter->handleRequest(null, Object(Config\Cache), false)
 5 FCPATH\index.php(67): CodeIgniter\CodeIgniter->run()
CRITICAL - 2024-06-05 14:35:49 --> Undefined array key "usuario"
in APPPATH\Controllers\AdmPost.php on line 223.
 1 APPPATH\Controllers\AdmPost.php(223): CodeIgniter\Debug\Exceptions->errorHandler(2, 'Undefined array key "usuario"', 'C:\\xampp\\htdocs\\codi\\app\\Controllers\\AdmPost.php', 223)
 2 SYSTEMPATH\CodeIgniter.php(934): App\Controllers\AdmPost->desenho_meus()
 3 SYSTEMPATH\CodeIgniter.php(499): CodeIgniter\CodeIgniter->runController(Object(App\Controllers\AdmPost))
 4 SYSTEMPATH\CodeIgniter.php(368): CodeIgniter\CodeIgniter->handleRequest(null, Object(Config\Cache), false)
 5 FCPATH\index.php(67): CodeIgniter\CodeIgniter->run()
CRITICAL - 2024-06-05 14:36:49 --> Undefined array key "usuario"
in APPPATH\Controllers\AdmPost.php on line 223.
 1 APPPATH\Controllers\AdmPost.php(223): CodeIgniter\Debug\Exceptions->errorHandler(2, 'Undefined array key "usuario"', 'C:\\xampp\\htdocs\\codi\\app\\Controllers\\AdmPost.php', 223)
 2 SYSTEMPATH\CodeIgniter.php(934): App\Controllers\AdmPost->desenho_meus()
 3 SYSTEMPATH\CodeIgniter.php(499): CodeIgniter\CodeIgniter->runController(Object(App\Controllers\AdmPost))
 4 SYSTEMPATH\CodeIgniter.php(368): CodeIgniter\CodeIgniter->handleRequest(null, Object(Config\Cache), false)
 5 FCPATH\index.php(67): CodeIgniter\CodeIgniter->run()
CRITICAL - 2024-06-05 14:37:49 --> Undefined array key "usuario"
in APPPATH\Controllers\AdmPost.php on line 223.
 1 APPPATH\Controllers\AdmPost.php(223): CodeIgniter\Debug\Exceptions->errorHandler(2, 'Undefined array key "usuario"', 'C:\\xampp\\htdocs\\codi\\app\\Controllers\\AdmPost.php', 223)
 2 SYSTEMPATH\CodeIgniter.php(934): App\Controllers\AdmPost->desenho_meus()
 3 SYSTEMPATH\CodeIgniter.php(499): CodeIgniter\CodeIgniter->runController(Object(App\Controllers\AdmPost))
 4 SYSTEMPATH\CodeIgniter.php(368): CodeIgniter\CodeIgniter->handleRequest(null, Object(Config\Cache), false)
 5 FCPATH\index.php(67): CodeIgniter\CodeIgniter->run()
CRITICAL - 2024-06-05 14:38:49 --> Undefined array key "usuario"
in APPPATH\Controllers\AdmPost.php on line 223.
 1 APPPATH\Controllers\AdmPost.php(223): CodeIgniter\Debug\Exceptions->errorHandler(2, 'Undefined array key "usuario"', 'C:\\xampp\\htdocs\\codi\\app\\Controllers\\AdmPost.php', 223)
 2 SYSTEMPATH\CodeIgniter.php(934): App\Controllers\AdmPost->desenho_meus()
 3 SYSTEMPATH\CodeIgniter.php(499): CodeIgniter\CodeIgniter->runController(Object(App\Controllers\AdmPost))
 4 SYSTEMPATH\CodeIgniter.php(368): CodeIgniter\CodeIgniter->handleRequest(null, Object(Config\Cache), false)
 5 FCPATH\index.php(67): CodeIgniter\CodeIgniter->run()
CRITICAL - 2024-06-05 14:39:49 --> Undefined array key "usuario"
in APPPATH\Controllers\AdmPost.php on line 223.
 1 APPPATH\Controllers\AdmPost.php(223): CodeIgniter\Debug\Exceptions->errorHandler(2, 'Undefined array key "usuario"', 'C:\\xampp\\htdocs\\codi\\app\\Controllers\\AdmPost.php', 223)
 2 SYSTEMPATH\CodeIgniter.php(934): App\Controllers\AdmPost->desenho_meus()
 3 SYSTEMPATH\CodeIgniter.php(499): CodeIgniter\CodeIgniter->runController(Object(App\Controllers\AdmPost))
 4 SYSTEMPATH\CodeIgniter.php(368): CodeIgniter\CodeIgniter->handleRequest(null, Object(Config\Cache), false)
 5 FCPATH\index.php(67): CodeIgniter\CodeIgniter->run()
CRITICAL - 2024-06-05 14:40:49 --> Undefined array key "usuario"
in APPPATH\Controllers\AdmPost.php on line 223.
 1 APPPATH\Controllers\AdmPost.php(223): CodeIgniter\Debug\Exceptions->errorHandler(2, 'Undefined array key "usuario"', 'C:\\xampp\\htdocs\\codi\\app\\Controllers\\AdmPost.php', 223)
 2 SYSTEMPATH\CodeIgniter.php(934): App\Controllers\AdmPost->desenho_meus()
 3 SYSTEMPATH\CodeIgniter.php(499): CodeIgniter\CodeIgniter->runController(Object(App\Controllers\AdmPost))
 4 SYSTEMPATH\CodeIgniter.php(368): CodeIgniter\CodeIgniter->handleRequest(null, Object(Config\Cache), false)
 5 FCPATH\index.php(67): CodeIgniter\CodeIgniter->run()
CRITICAL - 2024-06-05 14:41:49 --> Undefined array key "usuario"
in APPPATH\Controllers\AdmPost.php on line 223.
 1 APPPATH\Controllers\AdmPost.php(223): CodeIgniter\Debug\Exceptions->errorHandler(2, 'Undefined array key "usuario"', 'C:\\xampp\\htdocs\\codi\\app\\Controllers\\AdmPost.php', 223)
 2 SYSTEMPATH\CodeIgniter.php(934): App\Controllers\AdmPost->desenho_meus()
 3 SYSTEMPATH\CodeIgniter.php(499): CodeIgniter\CodeIgniter->runController(Object(App\Controllers\AdmPost))
 4 SYSTEMPATH\CodeIgniter.php(368): CodeIgniter\CodeIgniter->handleRequest(null, Object(Config\Cache), false)
 5 FCPATH\index.php(67): CodeIgniter\CodeIgniter->run()
CRITICAL - 2024-06-05 14:42:49 --> Undefined array key "usuario"
in APPPATH\Controllers\AdmPost.php on line 223.
 1 APPPATH\Controllers\AdmPost.php(223): CodeIgniter\Debug\Exceptions->errorHandler(2, 'Undefined array key "usuario"', 'C:\\xampp\\htdocs\\codi\\app\\Controllers\\AdmPost.php', 223)
 2 SYSTEMPATH\CodeIgniter.php(934): App\Controllers\AdmPost->desenho_meus()
 3 SYSTEMPATH\CodeIgniter.php(499): CodeIgniter\CodeIgniter->runController(Object(App\Controllers\AdmPost))
 4 SYSTEMPATH\CodeIgniter.php(368): CodeIgniter\CodeIgniter->handleRequest(null, Object(Config\Cache), false)
 5 FCPATH\index.php(67): CodeIgniter\CodeIgniter->run()
CRITICAL - 2024-06-05 14:43:49 --> Undefined array key "usuario"
in APPPATH\Controllers\AdmPost.php on line 223.
 1 APPPATH\Controllers\AdmPost.php(223): CodeIgniter\Debug\Exceptions->errorHandler(2, 'Undefined array key "usuario"', 'C:\\xampp\\htdocs\\codi\\app\\Controllers\\AdmPost.php', 223)
 2 SYSTEMPATH\CodeIgniter.php(934): App\Controllers\AdmPost->desenho_meus()
 3 SYSTEMPATH\CodeIgniter.php(499): CodeIgniter\CodeIgniter->runController(Object(App\Controllers\AdmPost))
 4 SYSTEMPATH\CodeIgniter.php(368): CodeIgniter\CodeIgniter->handleRequest(null, Object(Config\Cache), false)
 5 FCPATH\index.php(67): CodeIgniter\CodeIgniter->run()
CRITICAL - 2024-06-05 14:44:49 --> Undefined array key "usuario"
in APPPATH\Controllers\AdmPost.php on line 223.
 1 APPPATH\Controllers\AdmPost.php(223): CodeIgniter\Debug\Exceptions->errorHandler(2, 'Undefined array key "usuario"', 'C:\\xampp\\htdocs\\codi\\app\\Controllers\\AdmPost.php', 223)
 2 SYSTEMPATH\CodeIgniter.php(934): App\Controllers\AdmPost->desenho_meus()
 3 SYSTEMPATH\CodeIgniter.php(499): CodeIgniter\CodeIgniter->runController(Object(App\Controllers\AdmPost))
 4 SYSTEMPATH\CodeIgniter.php(368): CodeIgniter\CodeIgniter->handleRequest(null, Object(Config\Cache), false)
 5 FCPATH\index.php(67): CodeIgniter\CodeIgniter->run()
CRITICAL - 2024-06-05 14:45:49 --> Undefined array key "usuario"
in APPPATH\Controllers\AdmPost.php on line 223.
 1 APPPATH\Controllers\AdmPost.php(223): CodeIgniter\Debug\Exceptions->errorHandler(2, 'Undefined array key "usuario"', 'C:\\xampp\\htdocs\\codi\\app\\Controllers\\AdmPost.php', 223)
 2 SYSTEMPATH\CodeIgniter.php(934): App\Controllers\AdmPost->desenho_meus()
 3 SYSTEMPATH\CodeIgniter.php(499): CodeIgniter\CodeIgniter->runController(Object(App\Controllers\AdmPost))
 4 SYSTEMPATH\CodeIgniter.php(368): CodeIgniter\CodeIgniter->handleRequest(null, Object(Config\Cache), false)
 5 FCPATH\index.php(67): CodeIgniter\CodeIgniter->run()
CRITICAL - 2024-06-05 14:46:49 --> Undefined array key "usuario"
in APPPATH\Controllers\AdmPost.php on line 223.
 1 APPPATH\Controllers\AdmPost.php(223): CodeIgniter\Debug\Exceptions->errorHandler(2, 'Undefined array key "usuario"', 'C:\\xampp\\htdocs\\codi\\app\\Controllers\\AdmPost.php', 223)
 2 SYSTEMPATH\CodeIgniter.php(934): App\Controllers\AdmPost->desenho_meus()
 3 SYSTEMPATH\CodeIgniter.php(499): CodeIgniter\CodeIgniter->runController(Object(App\Controllers\AdmPost))
 4 SYSTEMPATH\CodeIgniter.php(368): CodeIgniter\CodeIgniter->handleRequest(null, Object(Config\Cache), false)
 5 FCPATH\index.php(67): CodeIgniter\CodeIgniter->run()
CRITICAL - 2024-06-05 14:47:49 --> Undefined array key "usuario"
in APPPATH\Controllers\AdmPost.php on line 223.
 1 APPPATH\Controllers\AdmPost.php(223): CodeIgniter\Debug\Exceptions->errorHandler(2, 'Undefined array key "usuario"', 'C:\\xampp\\htdocs\\codi\\app\\Controllers\\AdmPost.php', 223)
 2 SYSTEMPATH\CodeIgniter.php(934): App\Controllers\AdmPost->desenho_meus()
 3 SYSTEMPATH\CodeIgniter.php(499): CodeIgniter\CodeIgniter->runController(Object(App\Controllers\AdmPost))
 4 SYSTEMPATH\CodeIgniter.php(368): CodeIgniter\CodeIgniter->handleRequest(null, Object(Config\Cache), false)
 5 FCPATH\index.php(67): CodeIgniter\CodeIgniter->run()
CRITICAL - 2024-06-05 14:48:49 --> Undefined array key "usuario"
in APPPATH\Controllers\AdmPost.php on line 223.
 1 APPPATH\Controllers\AdmPost.php(223): CodeIgniter\Debug\Exceptions->errorHandler(2, 'Undefined array key "usuario"', 'C:\\xampp\\htdocs\\codi\\app\\Controllers\\AdmPost.php', 223)
 2 SYSTEMPATH\CodeIgniter.php(934): App\Controllers\AdmPost->desenho_meus()
 3 SYSTEMPATH\CodeIgniter.php(499): CodeIgniter\CodeIgniter->runController(Object(App\Controllers\AdmPost))
 4 SYSTEMPATH\CodeIgniter.php(368): CodeIgniter\CodeIgniter->handleRequest(null, Object(Config\Cache), false)
 5 FCPATH\index.php(67): CodeIgniter\CodeIgniter->run()
CRITICAL - 2024-06-05 14:49:49 --> Undefined array key "usuario"
in APPPATH\Controllers\AdmPost.php on line 223.
 1 APPPATH\Controllers\AdmPost.php(223): CodeIgniter\Debug\Exceptions->errorHandler(2, 'Undefined array key "usuario"', 'C:\\xampp\\htdocs\\codi\\app\\Controllers\\AdmPost.php', 223)
 2 SYSTEMPATH\CodeIgniter.php(934): App\Controllers\AdmPost->desenho_meus()
 3 SYSTEMPATH\CodeIgniter.php(499): CodeIgniter\CodeIgniter->runController(Object(App\Controllers\AdmPost))
 4 SYSTEMPATH\CodeIgniter.php(368): CodeIgniter\CodeIgniter->handleRequest(null, Object(Config\Cache), false)
 5 FCPATH\index.php(67): CodeIgniter\CodeIgniter->run()
CRITICAL - 2024-06-05 14:50:49 --> Undefined array key "usuario"
in APPPATH\Controllers\AdmPost.php on line 223.
 1 APPPATH\Controllers\AdmPost.php(223): CodeIgniter\Debug\Exceptions->errorHandler(2, 'Undefined array key "usuario"', 'C:\\xampp\\htdocs\\codi\\app\\Controllers\\AdmPost.php', 223)
 2 SYSTEMPATH\CodeIgniter.php(934): App\Controllers\AdmPost->desenho_meus()
 3 SYSTEMPATH\CodeIgniter.php(499): CodeIgniter\CodeIgniter->runController(Object(App\Controllers\AdmPost))
 4 SYSTEMPATH\CodeIgniter.php(368): CodeIgniter\CodeIgniter->handleRequest(null, Object(Config\Cache), false)
 5 FCPATH\index.php(67): CodeIgniter\CodeIgniter->run()
CRITICAL - 2024-06-05 14:51:49 --> Undefined array key "usuario"
in APPPATH\Controllers\AdmPost.php on line 223.
 1 APPPATH\Controllers\AdmPost.php(223): CodeIgniter\Debug\Exceptions->errorHandler(2, 'Undefined array key "usuario"', 'C:\\xampp\\htdocs\\codi\\app\\Controllers\\AdmPost.php', 223)
 2 SYSTEMPATH\CodeIgniter.php(934): App\Controllers\AdmPost->desenho_meus()
 3 SYSTEMPATH\CodeIgniter.php(499): CodeIgniter\CodeIgniter->runController(Object(App\Controllers\AdmPost))
 4 SYSTEMPATH\CodeIgniter.php(368): CodeIgniter\CodeIgniter->handleRequest(null, Object(Config\Cache), false)
 5 FCPATH\index.php(67): CodeIgniter\CodeIgniter->run()
CRITICAL - 2024-06-05 14:52:49 --> Undefined array key "usuario"
in APPPATH\Controllers\AdmPost.php on line 223.
 1 APPPATH\Controllers\AdmPost.php(223): CodeIgniter\Debug\Exceptions->errorHandler(2, 'Undefined array key "usuario"', 'C:\\xampp\\htdocs\\codi\\app\\Controllers\\AdmPost.php', 223)
 2 SYSTEMPATH\CodeIgniter.php(934): App\Controllers\AdmPost->desenho_meus()
 3 SYSTEMPATH\CodeIgniter.php(499): CodeIgniter\CodeIgniter->runController(Object(App\Controllers\AdmPost))
 4 SYSTEMPATH\CodeIgniter.php(368): CodeIgniter\CodeIgniter->handleRequest(null, Object(Config\Cache), false)
 5 FCPATH\index.php(67): CodeIgniter\CodeIgniter->run()
CRITICAL - 2024-06-05 14:53:49 --> Undefined array key "usuario"
in APPPATH\Controllers\AdmPost.php on line 223.
 1 APPPATH\Controllers\AdmPost.php(223): CodeIgniter\Debug\Exceptions->errorHandler(2, 'Undefined array key "usuario"', 'C:\\xampp\\htdocs\\codi\\app\\Controllers\\AdmPost.php', 223)
 2 SYSTEMPATH\CodeIgniter.php(934): App\Controllers\AdmPost->desenho_meus()
 3 SYSTEMPATH\CodeIgniter.php(499): CodeIgniter\CodeIgniter->runController(Object(App\Controllers\AdmPost))
 4 SYSTEMPATH\CodeIgniter.php(368): CodeIgniter\CodeIgniter->handleRequest(null, Object(Config\Cache), false)
 5 FCPATH\index.php(67): CodeIgniter\CodeIgniter->run()
CRITICAL - 2024-06-05 14:54:49 --> Undefined array key "usuario"
in APPPATH\Controllers\AdmPost.php on line 223.
 1 APPPATH\Controllers\AdmPost.php(223): CodeIgniter\Debug\Exceptions->errorHandler(2, 'Undefined array key "usuario"', 'C:\\xampp\\htdocs\\codi\\app\\Controllers\\AdmPost.php', 223)
 2 SYSTEMPATH\CodeIgniter.php(934): App\Controllers\AdmPost->desenho_meus()
 3 SYSTEMPATH\CodeIgniter.php(499): CodeIgniter\CodeIgniter->runController(Object(App\Controllers\AdmPost))
 4 SYSTEMPATH\CodeIgniter.php(368): CodeIgniter\CodeIgniter->handleRequest(null, Object(Config\Cache), false)
 5 FCPATH\index.php(67): CodeIgniter\CodeIgniter->run()
CRITICAL - 2024-06-05 14:55:49 --> Undefined array key "usuario"
in APPPATH\Controllers\AdmPost.php on line 223.
 1 APPPATH\Controllers\AdmPost.php(223): CodeIgniter\Debug\Exceptions->errorHandler(2, 'Undefined array key "usuario"', 'C:\\xampp\\htdocs\\codi\\app\\Controllers\\AdmPost.php', 223)
 2 SYSTEMPATH\CodeIgniter.php(934): App\Controllers\AdmPost->desenho_meus()
 3 SYSTEMPATH\CodeIgniter.php(499): CodeIgniter\CodeIgniter->runController(Object(App\Controllers\AdmPost))
 4 SYSTEMPATH\CodeIgniter.php(368): CodeIgniter\CodeIgniter->handleRequest(null, Object(Config\Cache), false)
 5 FCPATH\index.php(67): CodeIgniter\CodeIgniter->run()
CRITICAL - 2024-06-05 14:56:49 --> Undefined array key "usuario"
in APPPATH\Controllers\AdmPost.php on line 223.
 1 APPPATH\Controllers\AdmPost.php(223): CodeIgniter\Debug\Exceptions->errorHandler(2, 'Undefined array key "usuario"', 'C:\\xampp\\htdocs\\codi\\app\\Controllers\\AdmPost.php', 223)
 2 SYSTEMPATH\CodeIgniter.php(934): App\Controllers\AdmPost->desenho_meus()
 3 SYSTEMPATH\CodeIgniter.php(499): CodeIgniter\CodeIgniter->runController(Object(App\Controllers\AdmPost))
 4 SYSTEMPATH\CodeIgniter.php(368): CodeIgniter\CodeIgniter->handleRequest(null, Object(Config\Cache), false)
 5 FCPATH\index.php(67): CodeIgniter\CodeIgniter->run()
CRITICAL - 2024-06-05 14:57:49 --> Undefined array key "usuario"
in APPPATH\Controllers\AdmPost.php on line 223.
 1 APPPATH\Controllers\AdmPost.php(223): CodeIgniter\Debug\Exceptions->errorHandler(2, 'Undefined array key "usuario"', 'C:\\xampp\\htdocs\\codi\\app\\Controllers\\AdmPost.php', 223)
 2 SYSTEMPATH\CodeIgniter.php(934): App\Controllers\AdmPost->desenho_meus()
 3 SYSTEMPATH\CodeIgniter.php(499): CodeIgniter\CodeIgniter->runController(Object(App\Controllers\AdmPost))
 4 SYSTEMPATH\CodeIgniter.php(368): CodeIgniter\CodeIgniter->handleRequest(null, Object(Config\Cache), false)
 5 FCPATH\index.php(67): CodeIgniter\CodeIgniter->run()
CRITICAL - 2024-06-05 14:58:49 --> Undefined array key "usuario"
in APPPATH\Controllers\AdmPost.php on line 223.
 1 APPPATH\Controllers\AdmPost.php(223): CodeIgniter\Debug\Exceptions->errorHandler(2, 'Undefined array key "usuario"', 'C:\\xampp\\htdocs\\codi\\app\\Controllers\\AdmPost.php', 223)
 2 SYSTEMPATH\CodeIgniter.php(934): App\Controllers\AdmPost->desenho_meus()
 3 SYSTEMPATH\CodeIgniter.php(499): CodeIgniter\CodeIgniter->runController(Object(App\Controllers\AdmPost))
 4 SYSTEMPATH\CodeIgniter.php(368): CodeIgniter\CodeIgniter->handleRequest(null, Object(Config\Cache), false)
 5 FCPATH\index.php(67): CodeIgniter\CodeIgniter->run()
CRITICAL - 2024-06-05 14:59:49 --> Undefined array key "usuario"
in APPPATH\Controllers\AdmPost.php on line 223.
 1 APPPATH\Controllers\AdmPost.php(223): CodeIgniter\Debug\Exceptions->errorHandler(2, 'Undefined array key "usuario"', 'C:\\xampp\\htdocs\\codi\\app\\Controllers\\AdmPost.php', 223)
 2 SYSTEMPATH\CodeIgniter.php(934): App\Controllers\AdmPost->desenho_meus()
 3 SYSTEMPATH\CodeIgniter.php(499): CodeIgniter\CodeIgniter->runController(Object(App\Controllers\AdmPost))
 4 SYSTEMPATH\CodeIgniter.php(368): CodeIgniter\CodeIgniter->handleRequest(null, Object(Config\Cache), false)
 5 FCPATH\index.php(67): CodeIgniter\CodeIgniter->run()
CRITICAL - 2024-06-05 15:00:49 --> Undefined array key "usuario"
in APPPATH\Controllers\AdmPost.php on line 223.
 1 APPPATH\Controllers\AdmPost.php(223): CodeIgniter\Debug\Exceptions->errorHandler(2, 'Undefined array key "usuario"', 'C:\\xampp\\htdocs\\codi\\app\\Controllers\\AdmPost.php', 223)
 2 SYSTEMPATH\CodeIgniter.php(934): App\Controllers\AdmPost->desenho_meus()
 3 SYSTEMPATH\CodeIgniter.php(499): CodeIgniter\CodeIgniter->runController(Object(App\Controllers\AdmPost))
 4 SYSTEMPATH\CodeIgniter.php(368): CodeIgniter\CodeIgniter->handleRequest(null, Object(Config\Cache), false)
 5 FCPATH\index.php(67): CodeIgniter\CodeIgniter->run()
CRITICAL - 2024-06-05 15:01:49 --> Undefined array key "usuario"
in APPPATH\Controllers\AdmPost.php on line 223.
 1 APPPATH\Controllers\AdmPost.php(223): CodeIgniter\Debug\Exceptions->errorHandler(2, 'Undefined array key "usuario"', 'C:\\xampp\\htdocs\\codi\\app\\Controllers\\AdmPost.php', 223)
 2 SYSTEMPATH\CodeIgniter.php(934): App\Controllers\AdmPost->desenho_meus()
 3 SYSTEMPATH\CodeIgniter.php(499): CodeIgniter\CodeIgniter->runController(Object(App\Controllers\AdmPost))
 4 SYSTEMPATH\CodeIgniter.php(368): CodeIgniter\CodeIgniter->handleRequest(null, Object(Config\Cache), false)
 5 FCPATH\index.php(67): CodeIgniter\CodeIgniter->run()
CRITICAL - 2024-06-05 15:02:49 --> Undefined array key "usuario"
in APPPATH\Controllers\AdmPost.php on line 223.
 1 APPPATH\Controllers\AdmPost.php(223): CodeIgniter\Debug\Exceptions->errorHandler(2, 'Undefined array key "usuario"', 'C:\\xampp\\htdocs\\codi\\app\\Controllers\\AdmPost.php', 223)
 2 SYSTEMPATH\CodeIgniter.php(934): App\Controllers\AdmPost->desenho_meus()
 3 SYSTEMPATH\CodeIgniter.php(499): CodeIgniter\CodeIgniter->runController(Object(App\Controllers\AdmPost))
 4 SYSTEMPATH\CodeIgniter.php(368): CodeIgniter\CodeIgniter->handleRequest(null, Object(Config\Cache), false)
 5 FCPATH\index.php(67): CodeIgniter\CodeIgniter->run()
CRITICAL - 2024-06-05 15:03:49 --> Undefined array key "usuario"
in APPPATH\Controllers\AdmPost.php on line 223.
 1 APPPATH\Controllers\AdmPost.php(223): CodeIgniter\Debug\Exceptions->errorHandler(2, 'Undefined array key "usuario"', 'C:\\xampp\\htdocs\\codi\\app\\Controllers\\AdmPost.php', 223)
 2 SYSTEMPATH\CodeIgniter.php(934): App\Controllers\AdmPost->desenho_meus()
 3 SYSTEMPATH\CodeIgniter.php(499): CodeIgniter\CodeIgniter->runController(Object(App\Controllers\AdmPost))
 4 SYSTEMPATH\CodeIgniter.php(368): CodeIgniter\CodeIgniter->handleRequest(null, Object(Config\Cache), false)
 5 FCPATH\index.php(67): CodeIgniter\CodeIgniter->run()
CRITICAL - 2024-06-05 15:04:49 --> Undefined array key "usuario"
in APPPATH\Controllers\AdmPost.php on line 223.
 1 APPPATH\Controllers\AdmPost.php(223): CodeIgniter\Debug\Exceptions->errorHandler(2, 'Undefined array key "usuario"', 'C:\\xampp\\htdocs\\codi\\app\\Controllers\\AdmPost.php', 223)
 2 SYSTEMPATH\CodeIgniter.php(934): App\Controllers\AdmPost->desenho_meus()
 3 SYSTEMPATH\CodeIgniter.php(499): CodeIgniter\CodeIgniter->runController(Object(App\Controllers\AdmPost))
 4 SYSTEMPATH\CodeIgniter.php(368): CodeIgniter\CodeIgniter->handleRequest(null, Object(Config\Cache), false)
 5 FCPATH\index.php(67): CodeIgniter\CodeIgniter->run()
CRITICAL - 2024-06-05 15:05:49 --> Undefined array key "usuario"
in APPPATH\Controllers\AdmPost.php on line 223.
 1 APPPATH\Controllers\AdmPost.php(223): CodeIgniter\Debug\Exceptions->errorHandler(2, 'Undefined array key "usuario"', 'C:\\xampp\\htdocs\\codi\\app\\Controllers\\AdmPost.php', 223)
 2 SYSTEMPATH\CodeIgniter.php(934): App\Controllers\AdmPost->desenho_meus()
 3 SYSTEMPATH\CodeIgniter.php(499): CodeIgniter\CodeIgniter->runController(Object(App\Controllers\AdmPost))
 4 SYSTEMPATH\CodeIgniter.php(368): CodeIgniter\CodeIgniter->handleRequest(null, Object(Config\Cache), false)
 5 FCPATH\index.php(67): CodeIgniter\CodeIgniter->run()
CRITICAL - 2024-06-05 15:06:49 --> Undefined array key "usuario"
in APPPATH\Controllers\AdmPost.php on line 223.
 1 APPPATH\Controllers\AdmPost.php(223): CodeIgniter\Debug\Exceptions->errorHandler(2, 'Undefined array key "usuario"', 'C:\\xampp\\htdocs\\codi\\app\\Controllers\\AdmPost.php', 223)
 2 SYSTEMPATH\CodeIgniter.php(934): App\Controllers\AdmPost->desenho_meus()
 3 SYSTEMPATH\CodeIgniter.php(499): CodeIgniter\CodeIgniter->runController(Object(App\Controllers\AdmPost))
 4 SYSTEMPATH\CodeIgniter.php(368): CodeIgniter\CodeIgniter->handleRequest(null, Object(Config\Cache), false)
 5 FCPATH\index.php(67): CodeIgniter\CodeIgniter->run()
CRITICAL - 2024-06-05 15:07:49 --> Undefined array key "usuario"
in APPPATH\Controllers\AdmPost.php on line 223.
 1 APPPATH\Controllers\AdmPost.php(223): CodeIgniter\Debug\Exceptions->errorHandler(2, 'Undefined array key "usuario"', 'C:\\xampp\\htdocs\\codi\\app\\Controllers\\AdmPost.php', 223)
 2 SYSTEMPATH\CodeIgniter.php(934): App\Controllers\AdmPost->desenho_meus()
 3 SYSTEMPATH\CodeIgniter.php(499): CodeIgniter\CodeIgniter->runController(Object(App\Controllers\AdmPost))
 4 SYSTEMPATH\CodeIgniter.php(368): CodeIgniter\CodeIgniter->handleRequest(null, Object(Config\Cache), false)
 5 FCPATH\index.php(67): CodeIgniter\CodeIgniter->run()
CRITICAL - 2024-06-05 15:08:49 --> Undefined array key "usuario"
in APPPATH\Controllers\AdmPost.php on line 223.
 1 APPPATH\Controllers\AdmPost.php(223): CodeIgniter\Debug\Exceptions->errorHandler(2, 'Undefined array key "usuario"', 'C:\\xampp\\htdocs\\codi\\app\\Controllers\\AdmPost.php', 223)
 2 SYSTEMPATH\CodeIgniter.php(934): App\Controllers\AdmPost->desenho_meus()
 3 SYSTEMPATH\CodeIgniter.php(499): CodeIgniter\CodeIgniter->runController(Object(App\Controllers\AdmPost))
 4 SYSTEMPATH\CodeIgniter.php(368): CodeIgniter\CodeIgniter->handleRequest(null, Object(Config\Cache), false)
 5 FCPATH\index.php(67): CodeIgniter\CodeIgniter->run()
CRITICAL - 2024-06-05 15:09:49 --> Undefined array key "usuario"
in APPPATH\Controllers\AdmPost.php on line 223.
 1 APPPATH\Controllers\AdmPost.php(223): CodeIgniter\Debug\Exceptions->errorHandler(2, 'Undefined array key "usuario"', 'C:\\xampp\\htdocs\\codi\\app\\Controllers\\AdmPost.php', 223)
 2 SYSTEMPATH\CodeIgniter.php(934): App\Controllers\AdmPost->desenho_meus()
 3 SYSTEMPATH\CodeIgniter.php(499): CodeIgniter\CodeIgniter->runController(Object(App\Controllers\AdmPost))
 4 SYSTEMPATH\CodeIgniter.php(368): CodeIgniter\CodeIgniter->handleRequest(null, Object(Config\Cache), false)
 5 FCPATH\index.php(67): CodeIgniter\CodeIgniter->run()
CRITICAL - 2024-06-05 15:10:49 --> Undefined array key "usuario"
in APPPATH\Controllers\AdmPost.php on line 223.
 1 APPPATH\Controllers\AdmPost.php(223): CodeIgniter\Debug\Exceptions->errorHandler(2, 'Undefined array key "usuario"', 'C:\\xampp\\htdocs\\codi\\app\\Controllers\\AdmPost.php', 223)
 2 SYSTEMPATH\CodeIgniter.php(934): App\Controllers\AdmPost->desenho_meus()
 3 SYSTEMPATH\CodeIgniter.php(499): CodeIgniter\CodeIgniter->runController(Object(App\Controllers\AdmPost))
 4 SYSTEMPATH\CodeIgniter.php(368): CodeIgniter\CodeIgniter->handleRequest(null, Object(Config\Cache), false)
 5 FCPATH\index.php(67): CodeIgniter\CodeIgniter->run()
CRITICAL - 2024-06-05 15:11:49 --> Undefined array key "usuario"
in APPPATH\Controllers\AdmPost.php on line 223.
 1 APPPATH\Controllers\AdmPost.php(223): CodeIgniter\Debug\Exceptions->errorHandler(2, 'Undefined array key "usuario"', 'C:\\xampp\\htdocs\\codi\\app\\Controllers\\AdmPost.php', 223)
 2 SYSTEMPATH\CodeIgniter.php(934): App\Controllers\AdmPost->desenho_meus()
 3 SYSTEMPATH\CodeIgniter.php(499): CodeIgniter\CodeIgniter->runController(Object(App\Controllers\AdmPost))
 4 SYSTEMPATH\CodeIgniter.php(368): CodeIgniter\CodeIgniter->handleRequest(null, Object(Config\Cache), false)
 5 FCPATH\index.php(67): CodeIgniter\CodeIgniter->run()
CRITICAL - 2024-06-05 15:12:49 --> Undefined array key "usuario"
in APPPATH\Controllers\AdmPost.php on line 223.
 1 APPPATH\Controllers\AdmPost.php(223): CodeIgniter\Debug\Exceptions->errorHandler(2, 'Undefined array key "usuario"', 'C:\\xampp\\htdocs\\codi\\app\\Controllers\\AdmPost.php', 223)
 2 SYSTEMPATH\CodeIgniter.php(934): App\Controllers\AdmPost->desenho_meus()
 3 SYSTEMPATH\CodeIgniter.php(499): CodeIgniter\CodeIgniter->runController(Object(App\Controllers\AdmPost))
 4 SYSTEMPATH\CodeIgniter.php(368): CodeIgniter\CodeIgniter->handleRequest(null, Object(Config\Cache), false)
 5 FCPATH\index.php(67): CodeIgniter\CodeIgniter->run()
CRITICAL - 2024-06-05 15:13:49 --> Undefined array key "usuario"
in APPPATH\Controllers\AdmPost.php on line 223.
 1 APPPATH\Controllers\AdmPost.php(223): CodeIgniter\Debug\Exceptions->errorHandler(2, 'Undefined array key "usuario"', 'C:\\xampp\\htdocs\\codi\\app\\Controllers\\AdmPost.php', 223)
 2 SYSTEMPATH\CodeIgniter.php(934): App\Controllers\AdmPost->desenho_meus()
 3 SYSTEMPATH\CodeIgniter.php(499): CodeIgniter\CodeIgniter->runController(Object(App\Controllers\AdmPost))
 4 SYSTEMPATH\CodeIgniter.php(368): CodeIgniter\CodeIgniter->handleRequest(null, Object(Config\Cache), false)
 5 FCPATH\index.php(67): CodeIgniter\CodeIgniter->run()
CRITICAL - 2024-06-05 15:14:49 --> Undefined array key "usuario"
in APPPATH\Controllers\AdmPost.php on line 223.
 1 APPPATH\Controllers\AdmPost.php(223): CodeIgniter\Debug\Exceptions->errorHandler(2, 'Undefined array key "usuario"', 'C:\\xampp\\htdocs\\codi\\app\\Controllers\\AdmPost.php', 223)
 2 SYSTEMPATH\CodeIgniter.php(934): App\Controllers\AdmPost->desenho_meus()
 3 SYSTEMPATH\CodeIgniter.php(499): CodeIgniter\CodeIgniter->runController(Object(App\Controllers\AdmPost))
 4 SYSTEMPATH\CodeIgniter.php(368): CodeIgniter\CodeIgniter->handleRequest(null, Object(Config\Cache), false)
 5 FCPATH\index.php(67): CodeIgniter\CodeIgniter->run()
CRITICAL - 2024-06-05 15:15:49 --> Undefined array key "usuario"
in APPPATH\Controllers\AdmPost.php on line 223.
 1 APPPATH\Controllers\AdmPost.php(223): CodeIgniter\Debug\Exceptions->errorHandler(2, 'Undefined array key "usuario"', 'C:\\xampp\\htdocs\\codi\\app\\Controllers\\AdmPost.php', 223)
 2 SYSTEMPATH\CodeIgniter.php(934): App\Controllers\AdmPost->desenho_meus()
 3 SYSTEMPATH\CodeIgniter.php(499): CodeIgniter\CodeIgniter->runController(Object(App\Controllers\AdmPost))
 4 SYSTEMPATH\CodeIgniter.php(368): CodeIgniter\CodeIgniter->handleRequest(null, Object(Config\Cache), false)
 5 FCPATH\index.php(67): CodeIgniter\CodeIgniter->run()
CRITICAL - 2024-06-05 15:16:49 --> Undefined array key "usuario"
in APPPATH\Controllers\AdmPost.php on line 223.
 1 APPPATH\Controllers\AdmPost.php(223): CodeIgniter\Debug\Exceptions->errorHandler(2, 'Undefined array key "usuario"', 'C:\\xampp\\htdocs\\codi\\app\\Controllers\\AdmPost.php', 223)
 2 SYSTEMPATH\CodeIgniter.php(934): App\Controllers\AdmPost->desenho_meus()
 3 SYSTEMPATH\CodeIgniter.php(499): CodeIgniter\CodeIgniter->runController(Object(App\Controllers\AdmPost))
 4 SYSTEMPATH\CodeIgniter.php(368): CodeIgniter\CodeIgniter->handleRequest(null, Object(Config\Cache), false)
 5 FCPATH\index.php(67): CodeIgniter\CodeIgniter->run()
CRITICAL - 2024-06-05 15:17:49 --> Undefined array key "usuario"
in APPPATH\Controllers\AdmPost.php on line 223.
 1 APPPATH\Controllers\AdmPost.php(223): CodeIgniter\Debug\Exceptions->errorHandler(2, 'Undefined array key "usuario"', 'C:\\xampp\\htdocs\\codi\\app\\Controllers\\AdmPost.php', 223)
 2 SYSTEMPATH\CodeIgniter.php(934): App\Controllers\AdmPost->desenho_meus()
 3 SYSTEMPATH\CodeIgniter.php(499): CodeIgniter\CodeIgniter->runController(Object(App\Controllers\AdmPost))
 4 SYSTEMPATH\CodeIgniter.php(368): CodeIgniter\CodeIgniter->handleRequest(null, Object(Config\Cache), false)
 5 FCPATH\index.php(67): CodeIgniter\CodeIgniter->run()
CRITICAL - 2024-06-05 15:18:49 --> Undefined array key "usuario"
in APPPATH\Controllers\AdmPost.php on line 223.
 1 APPPATH\Controllers\AdmPost.php(223): CodeIgniter\Debug\Exceptions->errorHandler(2, 'Undefined array key "usuario"', 'C:\\xampp\\htdocs\\codi\\app\\Controllers\\AdmPost.php', 223)
 2 SYSTEMPATH\CodeIgniter.php(934): App\Controllers\AdmPost->desenho_meus()
 3 SYSTEMPATH\CodeIgniter.php(499): CodeIgniter\CodeIgniter->runController(Object(App\Controllers\AdmPost))
 4 SYSTEMPATH\CodeIgniter.php(368): CodeIgniter\CodeIgniter->handleRequest(null, Object(Config\Cache), false)
 5 FCPATH\index.php(67): CodeIgniter\CodeIgniter->run()
CRITICAL - 2024-06-05 15:19:49 --> Undefined array key "usuario"
in APPPATH\Controllers\AdmPost.php on line 223.
 1 APPPATH\Controllers\AdmPost.php(223): CodeIgniter\Debug\Exceptions->errorHandler(2, 'Undefined array key "usuario"', 'C:\\xampp\\htdocs\\codi\\app\\Controllers\\AdmPost.php', 223)
 2 SYSTEMPATH\CodeIgniter.php(934): App\Controllers\AdmPost->desenho_meus()
 3 SYSTEMPATH\CodeIgniter.php(499): CodeIgniter\CodeIgniter->runController(Object(App\Controllers\AdmPost))
 4 SYSTEMPATH\CodeIgniter.php(368): CodeIgniter\CodeIgniter->handleRequest(null, Object(Config\Cache), false)
 5 FCPATH\index.php(67): CodeIgniter\CodeIgniter->run()
CRITICAL - 2024-06-05 15:20:49 --> Undefined array key "usuario"
in APPPATH\Controllers\AdmPost.php on line 223.
 1 APPPATH\Controllers\AdmPost.php(223): CodeIgniter\Debug\Exceptions->errorHandler(2, 'Undefined array key "usuario"', 'C:\\xampp\\htdocs\\codi\\app\\Controllers\\AdmPost.php', 223)
 2 SYSTEMPATH\CodeIgniter.php(934): App\Controllers\AdmPost->desenho_meus()
 3 SYSTEMPATH\CodeIgniter.php(499): CodeIgniter\CodeIgniter->runController(Object(App\Controllers\AdmPost))
 4 SYSTEMPATH\CodeIgniter.php(368): CodeIgniter\CodeIgniter->handleRequest(null, Object(Config\Cache), false)
 5 FCPATH\index.php(67): CodeIgniter\CodeIgniter->run()
CRITICAL - 2024-06-05 15:21:49 --> Undefined array key "usuario"
in APPPATH\Controllers\AdmPost.php on line 223.
 1 APPPATH\Controllers\AdmPost.php(223): CodeIgniter\Debug\Exceptions->errorHandler(2, 'Undefined array key "usuario"', 'C:\\xampp\\htdocs\\codi\\app\\Controllers\\AdmPost.php', 223)
 2 SYSTEMPATH\CodeIgniter.php(934): App\Controllers\AdmPost->desenho_meus()
 3 SYSTEMPATH\CodeIgniter.php(499): CodeIgniter\CodeIgniter->runController(Object(App\Controllers\AdmPost))
 4 SYSTEMPATH\CodeIgniter.php(368): CodeIgniter\CodeIgniter->handleRequest(null, Object(Config\Cache), false)
 5 FCPATH\index.php(67): CodeIgniter\CodeIgniter->run()
CRITICAL - 2024-06-05 15:22:49 --> Undefined array key "usuario"
in APPPATH\Controllers\AdmPost.php on line 223.
 1 APPPATH\Controllers\AdmPost.php(223): CodeIgniter\Debug\Exceptions->errorHandler(2, 'Undefined array key "usuario"', 'C:\\xampp\\htdocs\\codi\\app\\Controllers\\AdmPost.php', 223)
 2 SYSTEMPATH\CodeIgniter.php(934): App\Controllers\AdmPost->desenho_meus()
 3 SYSTEMPATH\CodeIgniter.php(499): CodeIgniter\CodeIgniter->runController(Object(App\Controllers\AdmPost))
 4 SYSTEMPATH\CodeIgniter.php(368): CodeIgniter\CodeIgniter->handleRequest(null, Object(Config\Cache), false)
 5 FCPATH\index.php(67): CodeIgniter\CodeIgniter->run()
CRITICAL - 2024-06-05 15:23:49 --> Undefined array key "usuario"
in APPPATH\Controllers\AdmPost.php on line 223.
 1 APPPATH\Controllers\AdmPost.php(223): CodeIgniter\Debug\Exceptions->errorHandler(2, 'Undefined array key "usuario"', 'C:\\xampp\\htdocs\\codi\\app\\Controllers\\AdmPost.php', 223)
 2 SYSTEMPATH\CodeIgniter.php(934): App\Controllers\AdmPost->desenho_meus()
 3 SYSTEMPATH\CodeIgniter.php(499): CodeIgniter\CodeIgniter->runController(Object(App\Controllers\AdmPost))
 4 SYSTEMPATH\CodeIgniter.php(368): CodeIgniter\CodeIgniter->handleRequest(null, Object(Config\Cache), false)
 5 FCPATH\index.php(67): CodeIgniter\CodeIgniter->run()
CRITICAL - 2024-06-05 15:24:49 --> Undefined array key "usuario"
in APPPATH\Controllers\AdmPost.php on line 223.
 1 APPPATH\Controllers\AdmPost.php(223): CodeIgniter\Debug\Exceptions->errorHandler(2, 'Undefined array key "usuario"', 'C:\\xampp\\htdocs\\codi\\app\\Controllers\\AdmPost.php', 223)
 2 SYSTEMPATH\CodeIgniter.php(934): App\Controllers\AdmPost->desenho_meus()
 3 SYSTEMPATH\CodeIgniter.php(499): CodeIgniter\CodeIgniter->runController(Object(App\Controllers\AdmPost))
 4 SYSTEMPATH\CodeIgniter.php(368): CodeIgniter\CodeIgniter->handleRequest(null, Object(Config\Cache), false)
 5 FCPATH\index.php(67): CodeIgniter\CodeIgniter->run()
CRITICAL - 2024-06-05 15:25:49 --> Undefined array key "usuario"
in APPPATH\Controllers\AdmPost.php on line 223.
 1 APPPATH\Controllers\AdmPost.php(223): CodeIgniter\Debug\Exceptions->errorHandler(2, 'Undefined array key "usuario"', 'C:\\xampp\\htdocs\\codi\\app\\Controllers\\AdmPost.php', 223)
 2 SYSTEMPATH\CodeIgniter.php(934): App\Controllers\AdmPost->desenho_meus()
 3 SYSTEMPATH\CodeIgniter.php(499): CodeIgniter\CodeIgniter->runController(Object(App\Controllers\AdmPost))
 4 SYSTEMPATH\CodeIgniter.php(368): CodeIgniter\CodeIgniter->handleRequest(null, Object(Config\Cache), false)
 5 FCPATH\index.php(67): CodeIgniter\CodeIgniter->run()
CRITICAL - 2024-06-05 15:45:59 --> Undefined array key "usuario"
in APPPATH\Controllers\CortadorPost.php on line 355.
 1 APPPATH\Controllers\CortadorPost.php(355): CodeIgniter\Debug\Exceptions->errorHandler(2, 'Undefined array key "usuario"', 'C:\\xampp\\htdocs\\codi\\app\\Controllers\\CortadorPost.php', 355)
 2 SYSTEMPATH\CodeIgniter.php(934): App\Controllers\CortadorPost->caminho_desenho()
 3 SYSTEMPATH\CodeIgniter.php(499): CodeIgniter\CodeIgniter->runController(Object(App\Controllers\CortadorPost))
 4 SYSTEMPATH\CodeIgniter.php(368): CodeIgniter\CodeIgniter->handleRequest(null, Object(Config\Cache), false)
 5 FCPATH\index.php(67): CodeIgniter\CodeIgniter->run()
CRITICAL - 2024-06-05 15:46:04 --> Undefined array key "usuario"
in APPPATH\Controllers\CortadorPost.php on line 355.
 1 APPPATH\Controllers\CortadorPost.php(355): CodeIgniter\Debug\Exceptions->errorHandler(2, 'Undefined array key "usuario"', 'C:\\xampp\\htdocs\\codi\\app\\Controllers\\CortadorPost.php', 355)
 2 SYSTEMPATH\CodeIgniter.php(934): App\Controllers\CortadorPost->caminho_desenho()
 3 SYSTEMPATH\CodeIgniter.php(499): CodeIgniter\CodeIgniter->runController(Object(App\Controllers\CortadorPost))
 4 SYSTEMPATH\CodeIgniter.php(368): CodeIgniter\CodeIgniter->handleRequest(null, Object(Config\Cache), false)
 5 FCPATH\index.php(67): CodeIgniter\CodeIgniter->run()
CRITICAL - 2024-06-05 17:22:11 --> Undefined array key "usuario"
in APPPATH\Controllers\CortadorPost.php on line 455.
 1 APPPATH\Controllers\CortadorPost.php(455): CodeIgniter\Debug\Exceptions->errorHandler(2, 'Undefined array key "usuario"', 'C:\\xampp\\htdocs\\codi\\app\\Controllers\\CortadorPost.php', 455)
 2 SYSTEMPATH\CodeIgniter.php(934): App\Controllers\CortadorPost->confirmar_corte()
 3 SYSTEMPATH\CodeIgniter.php(499): CodeIgniter\CodeIgniter->runController(Object(App\Controllers\CortadorPost))
 4 SYSTEMPATH\CodeIgniter.php(368): CodeIgniter\CodeIgniter->handleRequest(null, Object(Config\Cache), false)
 5 FCPATH\index.php(67): CodeIgniter\CodeIgniter->run()
