CRITICAL - 2024-07-01 12:28:07 --> session_start(): open(C:\xampp\tmp\sess_l2om08h2elke26maj8lueq44md, O_RDWR) failed: Permission denied (13)
in APPPATH\Controllers\AdmPost.php on line 758.
 1 [internal function]: CodeIgniter\Debug\Exceptions->errorHandler(2, 'session_start(): open(C:\\xampp\\tmp\\sess_l2om08h2elke26maj8lueq44md, O_RDWR) failed: Permission denied (13)', 'C:\\xampp\\htdocs\\codi\\app\\Controllers\\AdmPost.php', 758)
 2 APPPATH\Controllers\AdmPost.php(758): session_start()
 3 SYSTEMPATH\CodeIgniter.php(934): App\Controllers\AdmPost->config_prioridade_lista()
 4 SYSTEMPATH\CodeIgniter.php(499): CodeIgniter\CodeIgniter->runController(Object(App\Controllers\AdmPost))
 5 SYSTEMPATH\CodeIgniter.php(368): CodeIgniter\CodeIgniter->handleRequest(null, Object(Config\Cache), false)
 6 FCPATH\index.php(67): CodeIgniter\CodeIgniter->run()
CRITICAL - 2024-07-01 12:28:07 --> session_start(): open(C:\xampp\tmp\sess_l2om08h2elke26maj8lueq44md, O_RDWR) failed: Permission denied (13)
in APPPATH\Controllers\AdmPost.php on line 156.
 1 [internal function]: CodeIgniter\Debug\Exceptions->errorHandler(2, 'session_start(): open(C:\\xampp\\tmp\\sess_l2om08h2elke26maj8lueq44md, O_RDWR) failed: Permission denied (13)', 'C:\\xampp\\htdocs\\codi\\app\\Controllers\\AdmPost.php', 156)
 2 APPPATH\Controllers\AdmPost.php(156): session_start()
 3 SYSTEMPATH\CodeIgniter.php(934): App\Controllers\AdmPost->desenho_meus()
 4 SYSTEMPATH\CodeIgniter.php(499): CodeIgniter\CodeIgniter->runController(Object(App\Controllers\AdmPost))
 5 SYSTEMPATH\CodeIgniter.php(368): CodeIgniter\CodeIgniter->handleRequest(null, Object(Config\Cache), false)
 6 FCPATH\index.php(67): CodeIgniter\CodeIgniter->run()
CRITICAL - 2024-07-01 12:28:07 --> session_start(): open(C:\xampp\tmp\sess_l2om08h2elke26maj8lueq44md, O_RDWR) failed: Permission denied (13)
in APPPATH\Controllers\AdmPost.php on line 758.
 1 [internal function]: CodeIgniter\Debug\Exceptions->errorHandler(2, 'session_start(): open(C:\\xampp\\tmp\\sess_l2om08h2elke26maj8lueq44md, O_RDWR) failed: Permission denied (13)', 'C:\\xampp\\htdocs\\codi\\app\\Controllers\\AdmPost.php', 758)
 2 APPPATH\Controllers\AdmPost.php(758): session_start()
 3 SYSTEMPATH\CodeIgniter.php(934): App\Controllers\AdmPost->config_prioridade_lista()
 4 SYSTEMPATH\CodeIgniter.php(499): CodeIgniter\CodeIgniter->runController(Object(App\Controllers\AdmPost))
 5 SYSTEMPATH\CodeIgniter.php(368): CodeIgniter\CodeIgniter->handleRequest(null, Object(Config\Cache), false)
 6 FCPATH\index.php(67): CodeIgniter\CodeIgniter->run()
WARNING - 2024-07-01 12:28:24 --> [DEPRECATED] Implicit conversion from float 1032.625 to int loses precision in APPPATH\Controllers\AdmPost.php on line 3059.
 1 APPPATH\Controllers\AdmPost.php(3234): App\Controllers\AdmPost->secondsToTime(1032.625)
 2 SYSTEMPATH\CodeIgniter.php(934): App\Controllers\AdmPost->relatorio_analitico()
 3 SYSTEMPATH\CodeIgniter.php(499): CodeIgniter\CodeIgniter->runController(Object(App\Controllers\AdmPost))
 4 SYSTEMPATH\CodeIgniter.php(368): CodeIgniter\CodeIgniter->handleRequest(null, Object(Config\Cache), false)
 5 FCPATH\index.php(67): CodeIgniter\CodeIgniter->run()
WARNING - 2024-07-01 12:28:24 --> [DEPRECATED] Implicit conversion from float 1032.625 to int loses precision in APPPATH\Controllers\AdmPost.php on line 3060.
 1 APPPATH\Controllers\AdmPost.php(3234): App\Controllers\AdmPost->secondsToTime(1032.625)
 2 SYSTEMPATH\CodeIgniter.php(934): App\Controllers\AdmPost->relatorio_analitico()
 3 SYSTEMPATH\CodeIgniter.php(499): CodeIgniter\CodeIgniter->runController(Object(App\Controllers\AdmPost))
 4 SYSTEMPATH\CodeIgniter.php(368): CodeIgniter\CodeIgniter->handleRequest(null, Object(Config\Cache), false)
 5 FCPATH\index.php(67): CodeIgniter\CodeIgniter->run()
WARNING - 2024-07-01 12:28:24 --> [DEPRECATED] Implicit conversion from float 42.333333333333336 to int loses precision in APPPATH\Controllers\AdmPost.php on line 3059.
 1 APPPATH\Controllers\AdmPost.php(3234): App\Controllers\AdmPost->secondsToTime(42.333333333333336)
 2 SYSTEMPATH\CodeIgniter.php(934): App\Controllers\AdmPost->relatorio_analitico()
 3 SYSTEMPATH\CodeIgniter.php(499): CodeIgniter\CodeIgniter->runController(Object(App\Controllers\AdmPost))
 4 SYSTEMPATH\CodeIgniter.php(368): CodeIgniter\CodeIgniter->handleRequest(null, Object(Config\Cache), false)
 5 FCPATH\index.php(67): CodeIgniter\CodeIgniter->run()
WARNING - 2024-07-01 12:28:24 --> [DEPRECATED] Implicit conversion from float 42.333333333333336 to int loses precision in APPPATH\Controllers\AdmPost.php on line 3060.
 1 APPPATH\Controllers\AdmPost.php(3234): App\Controllers\AdmPost->secondsToTime(42.333333333333336)
 2 SYSTEMPATH\CodeIgniter.php(934): App\Controllers\AdmPost->relatorio_analitico()
 3 SYSTEMPATH\CodeIgniter.php(499): CodeIgniter\CodeIgniter->runController(Object(App\Controllers\AdmPost))
 4 SYSTEMPATH\CodeIgniter.php(368): CodeIgniter\CodeIgniter->handleRequest(null, Object(Config\Cache), false)
 5 FCPATH\index.php(67): CodeIgniter\CodeIgniter->run()
WARNING - 2024-07-01 12:28:35 --> [DEPRECATED] Implicit conversion from float 1032.625 to int loses precision in APPPATH\Controllers\AdmPost.php on line 3059.
 1 APPPATH\Controllers\AdmPost.php(3234): App\Controllers\AdmPost->secondsToTime(1032.625)
 2 SYSTEMPATH\CodeIgniter.php(934): App\Controllers\AdmPost->relatorio_analitico()
 3 SYSTEMPATH\CodeIgniter.php(499): CodeIgniter\CodeIgniter->runController(Object(App\Controllers\AdmPost))
 4 SYSTEMPATH\CodeIgniter.php(368): CodeIgniter\CodeIgniter->handleRequest(null, Object(Config\Cache), false)
 5 FCPATH\index.php(67): CodeIgniter\CodeIgniter->run()
WARNING - 2024-07-01 12:28:35 --> [DEPRECATED] Implicit conversion from float 1032.625 to int loses precision in APPPATH\Controllers\AdmPost.php on line 3060.
 1 APPPATH\Controllers\AdmPost.php(3234): App\Controllers\AdmPost->secondsToTime(1032.625)
 2 SYSTEMPATH\CodeIgniter.php(934): App\Controllers\AdmPost->relatorio_analitico()
 3 SYSTEMPATH\CodeIgniter.php(499): CodeIgniter\CodeIgniter->runController(Object(App\Controllers\AdmPost))
 4 SYSTEMPATH\CodeIgniter.php(368): CodeIgniter\CodeIgniter->handleRequest(null, Object(Config\Cache), false)
 5 FCPATH\index.php(67): CodeIgniter\CodeIgniter->run()
WARNING - 2024-07-01 12:28:35 --> [DEPRECATED] Implicit conversion from float 42.333333333333336 to int loses precision in APPPATH\Controllers\AdmPost.php on line 3059.
 1 APPPATH\Controllers\AdmPost.php(3234): App\Controllers\AdmPost->secondsToTime(42.333333333333336)
 2 SYSTEMPATH\CodeIgniter.php(934): App\Controllers\AdmPost->relatorio_analitico()
 3 SYSTEMPATH\CodeIgniter.php(499): CodeIgniter\CodeIgniter->runController(Object(App\Controllers\AdmPost))
 4 SYSTEMPATH\CodeIgniter.php(368): CodeIgniter\CodeIgniter->handleRequest(null, Object(Config\Cache), false)
 5 FCPATH\index.php(67): CodeIgniter\CodeIgniter->run()
WARNING - 2024-07-01 12:28:35 --> [DEPRECATED] Implicit conversion from float 42.333333333333336 to int loses precision in APPPATH\Controllers\AdmPost.php on line 3060.
 1 APPPATH\Controllers\AdmPost.php(3234): App\Controllers\AdmPost->secondsToTime(42.333333333333336)
 2 SYSTEMPATH\CodeIgniter.php(934): App\Controllers\AdmPost->relatorio_analitico()
 3 SYSTEMPATH\CodeIgniter.php(499): CodeIgniter\CodeIgniter->runController(Object(App\Controllers\AdmPost))
 4 SYSTEMPATH\CodeIgniter.php(368): CodeIgniter\CodeIgniter->handleRequest(null, Object(Config\Cache), false)
 5 FCPATH\index.php(67): CodeIgniter\CodeIgniter->run()
WARNING - 2024-07-01 12:32:03 --> [DEPRECATED] Implicit conversion from float 1032.625 to int loses precision in APPPATH\Controllers\AdmPost.php on line 3059.
 1 APPPATH\Controllers\AdmPost.php(3234): App\Controllers\AdmPost->secondsToTime(1032.625)
 2 SYSTEMPATH\CodeIgniter.php(934): App\Controllers\AdmPost->relatorio_analitico()
 3 SYSTEMPATH\CodeIgniter.php(499): CodeIgniter\CodeIgniter->runController(Object(App\Controllers\AdmPost))
 4 SYSTEMPATH\CodeIgniter.php(368): CodeIgniter\CodeIgniter->handleRequest(null, Object(Config\Cache), false)
 5 FCPATH\index.php(67): CodeIgniter\CodeIgniter->run()
WARNING - 2024-07-01 12:32:03 --> [DEPRECATED] Implicit conversion from float 1032.625 to int loses precision in APPPATH\Controllers\AdmPost.php on line 3060.
 1 APPPATH\Controllers\AdmPost.php(3234): App\Controllers\AdmPost->secondsToTime(1032.625)
 2 SYSTEMPATH\CodeIgniter.php(934): App\Controllers\AdmPost->relatorio_analitico()
 3 SYSTEMPATH\CodeIgniter.php(499): CodeIgniter\CodeIgniter->runController(Object(App\Controllers\AdmPost))
 4 SYSTEMPATH\CodeIgniter.php(368): CodeIgniter\CodeIgniter->handleRequest(null, Object(Config\Cache), false)
 5 FCPATH\index.php(67): CodeIgniter\CodeIgniter->run()
WARNING - 2024-07-01 12:32:03 --> [DEPRECATED] Implicit conversion from float 42.333333333333336 to int loses precision in APPPATH\Controllers\AdmPost.php on line 3059.
 1 APPPATH\Controllers\AdmPost.php(3234): App\Controllers\AdmPost->secondsToTime(42.333333333333336)
 2 SYSTEMPATH\CodeIgniter.php(934): App\Controllers\AdmPost->relatorio_analitico()
 3 SYSTEMPATH\CodeIgniter.php(499): CodeIgniter\CodeIgniter->runController(Object(App\Controllers\AdmPost))
 4 SYSTEMPATH\CodeIgniter.php(368): CodeIgniter\CodeIgniter->handleRequest(null, Object(Config\Cache), false)
 5 FCPATH\index.php(67): CodeIgniter\CodeIgniter->run()
WARNING - 2024-07-01 12:32:03 --> [DEPRECATED] Implicit conversion from float 42.333333333333336 to int loses precision in APPPATH\Controllers\AdmPost.php on line 3060.
 1 APPPATH\Controllers\AdmPost.php(3234): App\Controllers\AdmPost->secondsToTime(42.333333333333336)
 2 SYSTEMPATH\CodeIgniter.php(934): App\Controllers\AdmPost->relatorio_analitico()
 3 SYSTEMPATH\CodeIgniter.php(499): CodeIgniter\CodeIgniter->runController(Object(App\Controllers\AdmPost))
 4 SYSTEMPATH\CodeIgniter.php(368): CodeIgniter\CodeIgniter->handleRequest(null, Object(Config\Cache), false)
 5 FCPATH\index.php(67): CodeIgniter\CodeIgniter->run()
WARNING - 2024-07-01 12:33:07 --> [DEPRECATED] Implicit conversion from float 1621.4 to int loses precision in APPPATH\Controllers\AdmPost.php on line 3059.
 1 APPPATH\Controllers\AdmPost.php(3234): App\Controllers\AdmPost->secondsToTime(1621.4)
 2 SYSTEMPATH\CodeIgniter.php(934): App\Controllers\AdmPost->relatorio_analitico()
 3 SYSTEMPATH\CodeIgniter.php(499): CodeIgniter\CodeIgniter->runController(Object(App\Controllers\AdmPost))
 4 SYSTEMPATH\CodeIgniter.php(368): CodeIgniter\CodeIgniter->handleRequest(null, Object(Config\Cache), false)
 5 FCPATH\index.php(67): CodeIgniter\CodeIgniter->run()
WARNING - 2024-07-01 12:33:07 --> [DEPRECATED] Implicit conversion from float 1621.4 to int loses precision in APPPATH\Controllers\AdmPost.php on line 3060.
 1 APPPATH\Controllers\AdmPost.php(3234): App\Controllers\AdmPost->secondsToTime(1621.4)
 2 SYSTEMPATH\CodeIgniter.php(934): App\Controllers\AdmPost->relatorio_analitico()
 3 SYSTEMPATH\CodeIgniter.php(499): CodeIgniter\CodeIgniter->runController(Object(App\Controllers\AdmPost))
 4 SYSTEMPATH\CodeIgniter.php(368): CodeIgniter\CodeIgniter->handleRequest(null, Object(Config\Cache), false)
 5 FCPATH\index.php(67): CodeIgniter\CodeIgniter->run()
WARNING - 2024-07-01 12:37:02 --> [DEPRECATED] Implicit conversion from float 42.333333333333336 to int loses precision in APPPATH\Controllers\AdmPost.php on line 3059.
 1 APPPATH\Controllers\AdmPost.php(3234): App\Controllers\AdmPost->secondsToTime(42.333333333333336)
 2 SYSTEMPATH\CodeIgniter.php(934): App\Controllers\AdmPost->relatorio_analitico()
 3 SYSTEMPATH\CodeIgniter.php(499): CodeIgniter\CodeIgniter->runController(Object(App\Controllers\AdmPost))
 4 SYSTEMPATH\CodeIgniter.php(368): CodeIgniter\CodeIgniter->handleRequest(null, Object(Config\Cache), false)
 5 FCPATH\index.php(67): CodeIgniter\CodeIgniter->run()
WARNING - 2024-07-01 12:37:02 --> [DEPRECATED] Implicit conversion from float 42.333333333333336 to int loses precision in APPPATH\Controllers\AdmPost.php on line 3060.
 1 APPPATH\Controllers\AdmPost.php(3234): App\Controllers\AdmPost->secondsToTime(42.333333333333336)
 2 SYSTEMPATH\CodeIgniter.php(934): App\Controllers\AdmPost->relatorio_analitico()
 3 SYSTEMPATH\CodeIgniter.php(499): CodeIgniter\CodeIgniter->runController(Object(App\Controllers\AdmPost))
 4 SYSTEMPATH\CodeIgniter.php(368): CodeIgniter\CodeIgniter->handleRequest(null, Object(Config\Cache), false)
 5 FCPATH\index.php(67): CodeIgniter\CodeIgniter->run()
WARNING - 2024-07-01 12:37:02 --> [DEPRECATED] Implicit conversion from float 1346.7826086956522 to int loses precision in APPPATH\Controllers\AdmPost.php on line 3059.
 1 APPPATH\Controllers\AdmPost.php(3234): App\Controllers\AdmPost->secondsToTime(1346.7826086956522)
 2 SYSTEMPATH\CodeIgniter.php(934): App\Controllers\AdmPost->relatorio_analitico()
 3 SYSTEMPATH\CodeIgniter.php(499): CodeIgniter\CodeIgniter->runController(Object(App\Controllers\AdmPost))
 4 SYSTEMPATH\CodeIgniter.php(368): CodeIgniter\CodeIgniter->handleRequest(null, Object(Config\Cache), false)
 5 FCPATH\index.php(67): CodeIgniter\CodeIgniter->run()
WARNING - 2024-07-01 12:37:02 --> [DEPRECATED] Implicit conversion from float 1346.7826086956522 to int loses precision in APPPATH\Controllers\AdmPost.php on line 3060.
 1 APPPATH\Controllers\AdmPost.php(3234): App\Controllers\AdmPost->secondsToTime(1346.7826086956522)
 2 SYSTEMPATH\CodeIgniter.php(934): App\Controllers\AdmPost->relatorio_analitico()
 3 SYSTEMPATH\CodeIgniter.php(499): CodeIgniter\CodeIgniter->runController(Object(App\Controllers\AdmPost))
 4 SYSTEMPATH\CodeIgniter.php(368): CodeIgniter\CodeIgniter->handleRequest(null, Object(Config\Cache), false)
 5 FCPATH\index.php(67): CodeIgniter\CodeIgniter->run()
WARNING - 2024-07-01 12:37:59 --> [DEPRECATED] Implicit conversion from float 1032.625 to int loses precision in APPPATH\Controllers\AdmPost.php on line 3059.
 1 APPPATH\Controllers\AdmPost.php(3234): App\Controllers\AdmPost->secondsToTime(1032.625)
 2 SYSTEMPATH\CodeIgniter.php(934): App\Controllers\AdmPost->relatorio_analitico()
 3 SYSTEMPATH\CodeIgniter.php(499): CodeIgniter\CodeIgniter->runController(Object(App\Controllers\AdmPost))
 4 SYSTEMPATH\CodeIgniter.php(368): CodeIgniter\CodeIgniter->handleRequest(null, Object(Config\Cache), false)
 5 FCPATH\index.php(67): CodeIgniter\CodeIgniter->run()
WARNING - 2024-07-01 12:37:59 --> [DEPRECATED] Implicit conversion from float 1032.625 to int loses precision in APPPATH\Controllers\AdmPost.php on line 3060.
 1 APPPATH\Controllers\AdmPost.php(3234): App\Controllers\AdmPost->secondsToTime(1032.625)
 2 SYSTEMPATH\CodeIgniter.php(934): App\Controllers\AdmPost->relatorio_analitico()
 3 SYSTEMPATH\CodeIgniter.php(499): CodeIgniter\CodeIgniter->runController(Object(App\Controllers\AdmPost))
 4 SYSTEMPATH\CodeIgniter.php(368): CodeIgniter\CodeIgniter->handleRequest(null, Object(Config\Cache), false)
 5 FCPATH\index.php(67): CodeIgniter\CodeIgniter->run()
WARNING - 2024-07-01 12:37:59 --> [DEPRECATED] Implicit conversion from float 42.333333333333336 to int loses precision in APPPATH\Controllers\AdmPost.php on line 3059.
 1 APPPATH\Controllers\AdmPost.php(3234): App\Controllers\AdmPost->secondsToTime(42.333333333333336)
 2 SYSTEMPATH\CodeIgniter.php(934): App\Controllers\AdmPost->relatorio_analitico()
 3 SYSTEMPATH\CodeIgniter.php(499): CodeIgniter\CodeIgniter->runController(Object(App\Controllers\AdmPost))
 4 SYSTEMPATH\CodeIgniter.php(368): CodeIgniter\CodeIgniter->handleRequest(null, Object(Config\Cache), false)
 5 FCPATH\index.php(67): CodeIgniter\CodeIgniter->run()
WARNING - 2024-07-01 12:37:59 --> [DEPRECATED] Implicit conversion from float 42.333333333333336 to int loses precision in APPPATH\Controllers\AdmPost.php on line 3060.
 1 APPPATH\Controllers\AdmPost.php(3234): App\Controllers\AdmPost->secondsToTime(42.333333333333336)
 2 SYSTEMPATH\CodeIgniter.php(934): App\Controllers\AdmPost->relatorio_analitico()
 3 SYSTEMPATH\CodeIgniter.php(499): CodeIgniter\CodeIgniter->runController(Object(App\Controllers\AdmPost))
 4 SYSTEMPATH\CodeIgniter.php(368): CodeIgniter\CodeIgniter->handleRequest(null, Object(Config\Cache), false)
 5 FCPATH\index.php(67): CodeIgniter\CodeIgniter->run()
WARNING - 2024-07-01 12:41:01 --> [DEPRECATED] Implicit conversion from float 1032.625 to int loses precision in APPPATH\Controllers\AdmPost.php on line 3059.
 1 APPPATH\Controllers\AdmPost.php(3234): App\Controllers\AdmPost->secondsToTime(1032.625)
 2 SYSTEMPATH\CodeIgniter.php(934): App\Controllers\AdmPost->relatorio_analitico()
 3 SYSTEMPATH\CodeIgniter.php(499): CodeIgniter\CodeIgniter->runController(Object(App\Controllers\AdmPost))
 4 SYSTEMPATH\CodeIgniter.php(368): CodeIgniter\CodeIgniter->handleRequest(null, Object(Config\Cache), false)
 5 FCPATH\index.php(67): CodeIgniter\CodeIgniter->run()
WARNING - 2024-07-01 12:41:01 --> [DEPRECATED] Implicit conversion from float 1032.625 to int loses precision in APPPATH\Controllers\AdmPost.php on line 3060.
 1 APPPATH\Controllers\AdmPost.php(3234): App\Controllers\AdmPost->secondsToTime(1032.625)
 2 SYSTEMPATH\CodeIgniter.php(934): App\Controllers\AdmPost->relatorio_analitico()
 3 SYSTEMPATH\CodeIgniter.php(499): CodeIgniter\CodeIgniter->runController(Object(App\Controllers\AdmPost))
 4 SYSTEMPATH\CodeIgniter.php(368): CodeIgniter\CodeIgniter->handleRequest(null, Object(Config\Cache), false)
 5 FCPATH\index.php(67): CodeIgniter\CodeIgniter->run()
WARNING - 2024-07-01 12:41:01 --> [DEPRECATED] Implicit conversion from float 42.333333333333336 to int loses precision in APPPATH\Controllers\AdmPost.php on line 3059.
 1 APPPATH\Controllers\AdmPost.php(3234): App\Controllers\AdmPost->secondsToTime(42.333333333333336)
 2 SYSTEMPATH\CodeIgniter.php(934): App\Controllers\AdmPost->relatorio_analitico()
 3 SYSTEMPATH\CodeIgniter.php(499): CodeIgniter\CodeIgniter->runController(Object(App\Controllers\AdmPost))
 4 SYSTEMPATH\CodeIgniter.php(368): CodeIgniter\CodeIgniter->handleRequest(null, Object(Config\Cache), false)
 5 FCPATH\index.php(67): CodeIgniter\CodeIgniter->run()
WARNING - 2024-07-01 12:41:01 --> [DEPRECATED] Implicit conversion from float 42.333333333333336 to int loses precision in APPPATH\Controllers\AdmPost.php on line 3060.
 1 APPPATH\Controllers\AdmPost.php(3234): App\Controllers\AdmPost->secondsToTime(42.333333333333336)
 2 SYSTEMPATH\CodeIgniter.php(934): App\Controllers\AdmPost->relatorio_analitico()
 3 SYSTEMPATH\CodeIgniter.php(499): CodeIgniter\CodeIgniter->runController(Object(App\Controllers\AdmPost))
 4 SYSTEMPATH\CodeIgniter.php(368): CodeIgniter\CodeIgniter->handleRequest(null, Object(Config\Cache), false)
 5 FCPATH\index.php(67): CodeIgniter\CodeIgniter->run()
WARNING - 2024-07-01 12:42:17 --> [DEPRECATED] Implicit conversion from float 1032.625 to int loses precision in APPPATH\Controllers\AdmPost.php on line 3059.
 1 APPPATH\Controllers\AdmPost.php(3234): App\Controllers\AdmPost->secondsToTime(1032.625)
 2 SYSTEMPATH\CodeIgniter.php(934): App\Controllers\AdmPost->relatorio_analitico()
 3 SYSTEMPATH\CodeIgniter.php(499): CodeIgniter\CodeIgniter->runController(Object(App\Controllers\AdmPost))
 4 SYSTEMPATH\CodeIgniter.php(368): CodeIgniter\CodeIgniter->handleRequest(null, Object(Config\Cache), false)
 5 FCPATH\index.php(67): CodeIgniter\CodeIgniter->run()
WARNING - 2024-07-01 12:42:17 --> [DEPRECATED] Implicit conversion from float 1032.625 to int loses precision in APPPATH\Controllers\AdmPost.php on line 3060.
 1 APPPATH\Controllers\AdmPost.php(3234): App\Controllers\AdmPost->secondsToTime(1032.625)
 2 SYSTEMPATH\CodeIgniter.php(934): App\Controllers\AdmPost->relatorio_analitico()
 3 SYSTEMPATH\CodeIgniter.php(499): CodeIgniter\CodeIgniter->runController(Object(App\Controllers\AdmPost))
 4 SYSTEMPATH\CodeIgniter.php(368): CodeIgniter\CodeIgniter->handleRequest(null, Object(Config\Cache), false)
 5 FCPATH\index.php(67): CodeIgniter\CodeIgniter->run()
WARNING - 2024-07-01 12:42:17 --> [DEPRECATED] Implicit conversion from float 42.333333333333336 to int loses precision in APPPATH\Controllers\AdmPost.php on line 3059.
 1 APPPATH\Controllers\AdmPost.php(3234): App\Controllers\AdmPost->secondsToTime(42.333333333333336)
 2 SYSTEMPATH\CodeIgniter.php(934): App\Controllers\AdmPost->relatorio_analitico()
 3 SYSTEMPATH\CodeIgniter.php(499): CodeIgniter\CodeIgniter->runController(Object(App\Controllers\AdmPost))
 4 SYSTEMPATH\CodeIgniter.php(368): CodeIgniter\CodeIgniter->handleRequest(null, Object(Config\Cache), false)
 5 FCPATH\index.php(67): CodeIgniter\CodeIgniter->run()
WARNING - 2024-07-01 12:42:17 --> [DEPRECATED] Implicit conversion from float 42.333333333333336 to int loses precision in APPPATH\Controllers\AdmPost.php on line 3060.
 1 APPPATH\Controllers\AdmPost.php(3234): App\Controllers\AdmPost->secondsToTime(42.333333333333336)
 2 SYSTEMPATH\CodeIgniter.php(934): App\Controllers\AdmPost->relatorio_analitico()
 3 SYSTEMPATH\CodeIgniter.php(499): CodeIgniter\CodeIgniter->runController(Object(App\Controllers\AdmPost))
 4 SYSTEMPATH\CodeIgniter.php(368): CodeIgniter\CodeIgniter->handleRequest(null, Object(Config\Cache), false)
 5 FCPATH\index.php(67): CodeIgniter\CodeIgniter->run()
WARNING - 2024-07-01 12:42:34 --> [DEPRECATED] Implicit conversion from float 1032.625 to int loses precision in APPPATH\Controllers\AdmPost.php on line 3059.
 1 APPPATH\Controllers\AdmPost.php(3234): App\Controllers\AdmPost->secondsToTime(1032.625)
 2 SYSTEMPATH\CodeIgniter.php(934): App\Controllers\AdmPost->relatorio_analitico()
 3 SYSTEMPATH\CodeIgniter.php(499): CodeIgniter\CodeIgniter->runController(Object(App\Controllers\AdmPost))
 4 SYSTEMPATH\CodeIgniter.php(368): CodeIgniter\CodeIgniter->handleRequest(null, Object(Config\Cache), false)
 5 FCPATH\index.php(67): CodeIgniter\CodeIgniter->run()
WARNING - 2024-07-01 12:42:34 --> [DEPRECATED] Implicit conversion from float 1032.625 to int loses precision in APPPATH\Controllers\AdmPost.php on line 3060.
 1 APPPATH\Controllers\AdmPost.php(3234): App\Controllers\AdmPost->secondsToTime(1032.625)
 2 SYSTEMPATH\CodeIgniter.php(934): App\Controllers\AdmPost->relatorio_analitico()
 3 SYSTEMPATH\CodeIgniter.php(499): CodeIgniter\CodeIgniter->runController(Object(App\Controllers\AdmPost))
 4 SYSTEMPATH\CodeIgniter.php(368): CodeIgniter\CodeIgniter->handleRequest(null, Object(Config\Cache), false)
 5 FCPATH\index.php(67): CodeIgniter\CodeIgniter->run()
WARNING - 2024-07-01 12:42:34 --> [DEPRECATED] Implicit conversion from float 42.333333333333336 to int loses precision in APPPATH\Controllers\AdmPost.php on line 3059.
 1 APPPATH\Controllers\AdmPost.php(3234): App\Controllers\AdmPost->secondsToTime(42.333333333333336)
 2 SYSTEMPATH\CodeIgniter.php(934): App\Controllers\AdmPost->relatorio_analitico()
 3 SYSTEMPATH\CodeIgniter.php(499): CodeIgniter\CodeIgniter->runController(Object(App\Controllers\AdmPost))
 4 SYSTEMPATH\CodeIgniter.php(368): CodeIgniter\CodeIgniter->handleRequest(null, Object(Config\Cache), false)
 5 FCPATH\index.php(67): CodeIgniter\CodeIgniter->run()
WARNING - 2024-07-01 12:42:34 --> [DEPRECATED] Implicit conversion from float 42.333333333333336 to int loses precision in APPPATH\Controllers\AdmPost.php on line 3060.
 1 APPPATH\Controllers\AdmPost.php(3234): App\Controllers\AdmPost->secondsToTime(42.333333333333336)
 2 SYSTEMPATH\CodeIgniter.php(934): App\Controllers\AdmPost->relatorio_analitico()
 3 SYSTEMPATH\CodeIgniter.php(499): CodeIgniter\CodeIgniter->runController(Object(App\Controllers\AdmPost))
 4 SYSTEMPATH\CodeIgniter.php(368): CodeIgniter\CodeIgniter->handleRequest(null, Object(Config\Cache), false)
 5 FCPATH\index.php(67): CodeIgniter\CodeIgniter->run()
WARNING - 2024-07-01 12:43:00 --> [DEPRECATED] Implicit conversion from float 1032.625 to int loses precision in APPPATH\Controllers\AdmPost.php on line 3059.
 1 APPPATH\Controllers\AdmPost.php(3234): App\Controllers\AdmPost->secondsToTime(1032.625)
 2 SYSTEMPATH\CodeIgniter.php(934): App\Controllers\AdmPost->relatorio_analitico()
 3 SYSTEMPATH\CodeIgniter.php(499): CodeIgniter\CodeIgniter->runController(Object(App\Controllers\AdmPost))
 4 SYSTEMPATH\CodeIgniter.php(368): CodeIgniter\CodeIgniter->handleRequest(null, Object(Config\Cache), false)
 5 FCPATH\index.php(67): CodeIgniter\CodeIgniter->run()
WARNING - 2024-07-01 12:43:00 --> [DEPRECATED] Implicit conversion from float 1032.625 to int loses precision in APPPATH\Controllers\AdmPost.php on line 3060.
 1 APPPATH\Controllers\AdmPost.php(3234): App\Controllers\AdmPost->secondsToTime(1032.625)
 2 SYSTEMPATH\CodeIgniter.php(934): App\Controllers\AdmPost->relatorio_analitico()
 3 SYSTEMPATH\CodeIgniter.php(499): CodeIgniter\CodeIgniter->runController(Object(App\Controllers\AdmPost))
 4 SYSTEMPATH\CodeIgniter.php(368): CodeIgniter\CodeIgniter->handleRequest(null, Object(Config\Cache), false)
 5 FCPATH\index.php(67): CodeIgniter\CodeIgniter->run()
WARNING - 2024-07-01 12:43:00 --> [DEPRECATED] Implicit conversion from float 42.333333333333336 to int loses precision in APPPATH\Controllers\AdmPost.php on line 3059.
 1 APPPATH\Controllers\AdmPost.php(3234): App\Controllers\AdmPost->secondsToTime(42.333333333333336)
 2 SYSTEMPATH\CodeIgniter.php(934): App\Controllers\AdmPost->relatorio_analitico()
 3 SYSTEMPATH\CodeIgniter.php(499): CodeIgniter\CodeIgniter->runController(Object(App\Controllers\AdmPost))
 4 SYSTEMPATH\CodeIgniter.php(368): CodeIgniter\CodeIgniter->handleRequest(null, Object(Config\Cache), false)
 5 FCPATH\index.php(67): CodeIgniter\CodeIgniter->run()
WARNING - 2024-07-01 12:43:00 --> [DEPRECATED] Implicit conversion from float 42.333333333333336 to int loses precision in APPPATH\Controllers\AdmPost.php on line 3060.
 1 APPPATH\Controllers\AdmPost.php(3234): App\Controllers\AdmPost->secondsToTime(42.333333333333336)
 2 SYSTEMPATH\CodeIgniter.php(934): App\Controllers\AdmPost->relatorio_analitico()
 3 SYSTEMPATH\CodeIgniter.php(499): CodeIgniter\CodeIgniter->runController(Object(App\Controllers\AdmPost))
 4 SYSTEMPATH\CodeIgniter.php(368): CodeIgniter\CodeIgniter->handleRequest(null, Object(Config\Cache), false)
 5 FCPATH\index.php(67): CodeIgniter\CodeIgniter->run()
WARNING - 2024-07-01 12:43:20 --> [DEPRECATED] Implicit conversion from float 1032.625 to int loses precision in APPPATH\Controllers\AdmPost.php on line 3059.
 1 APPPATH\Controllers\AdmPost.php(3234): App\Controllers\AdmPost->secondsToTime(1032.625)
 2 SYSTEMPATH\CodeIgniter.php(934): App\Controllers\AdmPost->relatorio_analitico()
 3 SYSTEMPATH\CodeIgniter.php(499): CodeIgniter\CodeIgniter->runController(Object(App\Controllers\AdmPost))
 4 SYSTEMPATH\CodeIgniter.php(368): CodeIgniter\CodeIgniter->handleRequest(null, Object(Config\Cache), false)
 5 FCPATH\index.php(67): CodeIgniter\CodeIgniter->run()
WARNING - 2024-07-01 12:43:20 --> [DEPRECATED] Implicit conversion from float 1032.625 to int loses precision in APPPATH\Controllers\AdmPost.php on line 3060.
 1 APPPATH\Controllers\AdmPost.php(3234): App\Controllers\AdmPost->secondsToTime(1032.625)
 2 SYSTEMPATH\CodeIgniter.php(934): App\Controllers\AdmPost->relatorio_analitico()
 3 SYSTEMPATH\CodeIgniter.php(499): CodeIgniter\CodeIgniter->runController(Object(App\Controllers\AdmPost))
 4 SYSTEMPATH\CodeIgniter.php(368): CodeIgniter\CodeIgniter->handleRequest(null, Object(Config\Cache), false)
 5 FCPATH\index.php(67): CodeIgniter\CodeIgniter->run()
WARNING - 2024-07-01 12:43:20 --> [DEPRECATED] Implicit conversion from float 42.333333333333336 to int loses precision in APPPATH\Controllers\AdmPost.php on line 3059.
 1 APPPATH\Controllers\AdmPost.php(3234): App\Controllers\AdmPost->secondsToTime(42.333333333333336)
 2 SYSTEMPATH\CodeIgniter.php(934): App\Controllers\AdmPost->relatorio_analitico()
 3 SYSTEMPATH\CodeIgniter.php(499): CodeIgniter\CodeIgniter->runController(Object(App\Controllers\AdmPost))
 4 SYSTEMPATH\CodeIgniter.php(368): CodeIgniter\CodeIgniter->handleRequest(null, Object(Config\Cache), false)
 5 FCPATH\index.php(67): CodeIgniter\CodeIgniter->run()
WARNING - 2024-07-01 12:43:20 --> [DEPRECATED] Implicit conversion from float 42.333333333333336 to int loses precision in APPPATH\Controllers\AdmPost.php on line 3060.
 1 APPPATH\Controllers\AdmPost.php(3234): App\Controllers\AdmPost->secondsToTime(42.333333333333336)
 2 SYSTEMPATH\CodeIgniter.php(934): App\Controllers\AdmPost->relatorio_analitico()
 3 SYSTEMPATH\CodeIgniter.php(499): CodeIgniter\CodeIgniter->runController(Object(App\Controllers\AdmPost))
 4 SYSTEMPATH\CodeIgniter.php(368): CodeIgniter\CodeIgniter->handleRequest(null, Object(Config\Cache), false)
 5 FCPATH\index.php(67): CodeIgniter\CodeIgniter->run()
WARNING - 2024-07-01 12:43:57 --> [DEPRECATED] Implicit conversion from float 1032.625 to int loses precision in APPPATH\Controllers\AdmPost.php on line 3059.
 1 APPPATH\Controllers\AdmPost.php(3234): App\Controllers\AdmPost->secondsToTime(1032.625)
 2 SYSTEMPATH\CodeIgniter.php(934): App\Controllers\AdmPost->relatorio_analitico()
 3 SYSTEMPATH\CodeIgniter.php(499): CodeIgniter\CodeIgniter->runController(Object(App\Controllers\AdmPost))
 4 SYSTEMPATH\CodeIgniter.php(368): CodeIgniter\CodeIgniter->handleRequest(null, Object(Config\Cache), false)
 5 FCPATH\index.php(67): CodeIgniter\CodeIgniter->run()
WARNING - 2024-07-01 12:43:57 --> [DEPRECATED] Implicit conversion from float 1032.625 to int loses precision in APPPATH\Controllers\AdmPost.php on line 3060.
 1 APPPATH\Controllers\AdmPost.php(3234): App\Controllers\AdmPost->secondsToTime(1032.625)
 2 SYSTEMPATH\CodeIgniter.php(934): App\Controllers\AdmPost->relatorio_analitico()
 3 SYSTEMPATH\CodeIgniter.php(499): CodeIgniter\CodeIgniter->runController(Object(App\Controllers\AdmPost))
 4 SYSTEMPATH\CodeIgniter.php(368): CodeIgniter\CodeIgniter->handleRequest(null, Object(Config\Cache), false)
 5 FCPATH\index.php(67): CodeIgniter\CodeIgniter->run()
WARNING - 2024-07-01 12:43:57 --> [DEPRECATED] Implicit conversion from float 42.333333333333336 to int loses precision in APPPATH\Controllers\AdmPost.php on line 3059.
 1 APPPATH\Controllers\AdmPost.php(3234): App\Controllers\AdmPost->secondsToTime(42.333333333333336)
 2 SYSTEMPATH\CodeIgniter.php(934): App\Controllers\AdmPost->relatorio_analitico()
 3 SYSTEMPATH\CodeIgniter.php(499): CodeIgniter\CodeIgniter->runController(Object(App\Controllers\AdmPost))
 4 SYSTEMPATH\CodeIgniter.php(368): CodeIgniter\CodeIgniter->handleRequest(null, Object(Config\Cache), false)
 5 FCPATH\index.php(67): CodeIgniter\CodeIgniter->run()
WARNING - 2024-07-01 12:43:57 --> [DEPRECATED] Implicit conversion from float 42.333333333333336 to int loses precision in APPPATH\Controllers\AdmPost.php on line 3060.
 1 APPPATH\Controllers\AdmPost.php(3234): App\Controllers\AdmPost->secondsToTime(42.333333333333336)
 2 SYSTEMPATH\CodeIgniter.php(934): App\Controllers\AdmPost->relatorio_analitico()
 3 SYSTEMPATH\CodeIgniter.php(499): CodeIgniter\CodeIgniter->runController(Object(App\Controllers\AdmPost))
 4 SYSTEMPATH\CodeIgniter.php(368): CodeIgniter\CodeIgniter->handleRequest(null, Object(Config\Cache), false)
 5 FCPATH\index.php(67): CodeIgniter\CodeIgniter->run()
WARNING - 2024-07-01 12:44:32 --> [DEPRECATED] Implicit conversion from float 1032.625 to int loses precision in APPPATH\Controllers\AdmPost.php on line 3059.
 1 APPPATH\Controllers\AdmPost.php(3234): App\Controllers\AdmPost->secondsToTime(1032.625)
 2 SYSTEMPATH\CodeIgniter.php(934): App\Controllers\AdmPost->relatorio_analitico()
 3 SYSTEMPATH\CodeIgniter.php(499): CodeIgniter\CodeIgniter->runController(Object(App\Controllers\AdmPost))
 4 SYSTEMPATH\CodeIgniter.php(368): CodeIgniter\CodeIgniter->handleRequest(null, Object(Config\Cache), false)
 5 FCPATH\index.php(67): CodeIgniter\CodeIgniter->run()
WARNING - 2024-07-01 12:44:32 --> [DEPRECATED] Implicit conversion from float 1032.625 to int loses precision in APPPATH\Controllers\AdmPost.php on line 3060.
 1 APPPATH\Controllers\AdmPost.php(3234): App\Controllers\AdmPost->secondsToTime(1032.625)
 2 SYSTEMPATH\CodeIgniter.php(934): App\Controllers\AdmPost->relatorio_analitico()
 3 SYSTEMPATH\CodeIgniter.php(499): CodeIgniter\CodeIgniter->runController(Object(App\Controllers\AdmPost))
 4 SYSTEMPATH\CodeIgniter.php(368): CodeIgniter\CodeIgniter->handleRequest(null, Object(Config\Cache), false)
 5 FCPATH\index.php(67): CodeIgniter\CodeIgniter->run()
WARNING - 2024-07-01 12:44:32 --> [DEPRECATED] Implicit conversion from float 42.333333333333336 to int loses precision in APPPATH\Controllers\AdmPost.php on line 3059.
 1 APPPATH\Controllers\AdmPost.php(3234): App\Controllers\AdmPost->secondsToTime(42.333333333333336)
 2 SYSTEMPATH\CodeIgniter.php(934): App\Controllers\AdmPost->relatorio_analitico()
 3 SYSTEMPATH\CodeIgniter.php(499): CodeIgniter\CodeIgniter->runController(Object(App\Controllers\AdmPost))
 4 SYSTEMPATH\CodeIgniter.php(368): CodeIgniter\CodeIgniter->handleRequest(null, Object(Config\Cache), false)
 5 FCPATH\index.php(67): CodeIgniter\CodeIgniter->run()
WARNING - 2024-07-01 12:44:32 --> [DEPRECATED] Implicit conversion from float 42.333333333333336 to int loses precision in APPPATH\Controllers\AdmPost.php on line 3060.
 1 APPPATH\Controllers\AdmPost.php(3234): App\Controllers\AdmPost->secondsToTime(42.333333333333336)
 2 SYSTEMPATH\CodeIgniter.php(934): App\Controllers\AdmPost->relatorio_analitico()
 3 SYSTEMPATH\CodeIgniter.php(499): CodeIgniter\CodeIgniter->runController(Object(App\Controllers\AdmPost))
 4 SYSTEMPATH\CodeIgniter.php(368): CodeIgniter\CodeIgniter->handleRequest(null, Object(Config\Cache), false)
 5 FCPATH\index.php(67): CodeIgniter\CodeIgniter->run()
WARNING - 2024-07-01 12:45:56 --> [DEPRECATED] Implicit conversion from float 1032.625 to int loses precision in APPPATH\Controllers\AdmPost.php on line 3059.
 1 APPPATH\Controllers\AdmPost.php(3234): App\Controllers\AdmPost->secondsToTime(1032.625)
 2 SYSTEMPATH\CodeIgniter.php(934): App\Controllers\AdmPost->relatorio_analitico()
 3 SYSTEMPATH\CodeIgniter.php(499): CodeIgniter\CodeIgniter->runController(Object(App\Controllers\AdmPost))
 4 SYSTEMPATH\CodeIgniter.php(368): CodeIgniter\CodeIgniter->handleRequest(null, Object(Config\Cache), false)
 5 FCPATH\index.php(67): CodeIgniter\CodeIgniter->run()
WARNING - 2024-07-01 12:45:56 --> [DEPRECATED] Implicit conversion from float 1032.625 to int loses precision in APPPATH\Controllers\AdmPost.php on line 3060.
 1 APPPATH\Controllers\AdmPost.php(3234): App\Controllers\AdmPost->secondsToTime(1032.625)
 2 SYSTEMPATH\CodeIgniter.php(934): App\Controllers\AdmPost->relatorio_analitico()
 3 SYSTEMPATH\CodeIgniter.php(499): CodeIgniter\CodeIgniter->runController(Object(App\Controllers\AdmPost))
 4 SYSTEMPATH\CodeIgniter.php(368): CodeIgniter\CodeIgniter->handleRequest(null, Object(Config\Cache), false)
 5 FCPATH\index.php(67): CodeIgniter\CodeIgniter->run()
WARNING - 2024-07-01 12:45:56 --> [DEPRECATED] Implicit conversion from float 42.333333333333336 to int loses precision in APPPATH\Controllers\AdmPost.php on line 3059.
 1 APPPATH\Controllers\AdmPost.php(3234): App\Controllers\AdmPost->secondsToTime(42.333333333333336)
 2 SYSTEMPATH\CodeIgniter.php(934): App\Controllers\AdmPost->relatorio_analitico()
 3 SYSTEMPATH\CodeIgniter.php(499): CodeIgniter\CodeIgniter->runController(Object(App\Controllers\AdmPost))
 4 SYSTEMPATH\CodeIgniter.php(368): CodeIgniter\CodeIgniter->handleRequest(null, Object(Config\Cache), false)
 5 FCPATH\index.php(67): CodeIgniter\CodeIgniter->run()
WARNING - 2024-07-01 12:45:56 --> [DEPRECATED] Implicit conversion from float 42.333333333333336 to int loses precision in APPPATH\Controllers\AdmPost.php on line 3060.
 1 APPPATH\Controllers\AdmPost.php(3234): App\Controllers\AdmPost->secondsToTime(42.333333333333336)
 2 SYSTEMPATH\CodeIgniter.php(934): App\Controllers\AdmPost->relatorio_analitico()
 3 SYSTEMPATH\CodeIgniter.php(499): CodeIgniter\CodeIgniter->runController(Object(App\Controllers\AdmPost))
 4 SYSTEMPATH\CodeIgniter.php(368): CodeIgniter\CodeIgniter->handleRequest(null, Object(Config\Cache), false)
 5 FCPATH\index.php(67): CodeIgniter\CodeIgniter->run()
WARNING - 2024-07-01 12:46:51 --> [DEPRECATED] Implicit conversion from float 9453.557692307691 to int loses precision in APPPATH\Controllers\AdmPost.php on line 3059.
 1 APPPATH\Controllers\AdmPost.php(3234): App\Controllers\AdmPost->secondsToTime(9453.557692307691)
 2 SYSTEMPATH\CodeIgniter.php(934): App\Controllers\AdmPost->relatorio_analitico()
 3 SYSTEMPATH\CodeIgniter.php(499): CodeIgniter\CodeIgniter->runController(Object(App\Controllers\AdmPost))
 4 SYSTEMPATH\CodeIgniter.php(368): CodeIgniter\CodeIgniter->handleRequest(null, Object(Config\Cache), false)
 5 FCPATH\index.php(67): CodeIgniter\CodeIgniter->run()
WARNING - 2024-07-01 12:46:51 --> [DEPRECATED] Implicit conversion from float 9453.557692307691 to int loses precision in APPPATH\Controllers\AdmPost.php on line 3060.
 1 APPPATH\Controllers\AdmPost.php(3234): App\Controllers\AdmPost->secondsToTime(9453.557692307691)
 2 SYSTEMPATH\CodeIgniter.php(934): App\Controllers\AdmPost->relatorio_analitico()
 3 SYSTEMPATH\CodeIgniter.php(499): CodeIgniter\CodeIgniter->runController(Object(App\Controllers\AdmPost))
 4 SYSTEMPATH\CodeIgniter.php(368): CodeIgniter\CodeIgniter->handleRequest(null, Object(Config\Cache), false)
 5 FCPATH\index.php(67): CodeIgniter\CodeIgniter->run()
WARNING - 2024-07-01 12:46:51 --> [DEPRECATED] Implicit conversion from float 670.6 to int loses precision in APPPATH\Controllers\AdmPost.php on line 3059.
 1 APPPATH\Controllers\AdmPost.php(3234): App\Controllers\AdmPost->secondsToTime(670.6)
 2 SYSTEMPATH\CodeIgniter.php(934): App\Controllers\AdmPost->relatorio_analitico()
 3 SYSTEMPATH\CodeIgniter.php(499): CodeIgniter\CodeIgniter->runController(Object(App\Controllers\AdmPost))
 4 SYSTEMPATH\CodeIgniter.php(368): CodeIgniter\CodeIgniter->handleRequest(null, Object(Config\Cache), false)
 5 FCPATH\index.php(67): CodeIgniter\CodeIgniter->run()
WARNING - 2024-07-01 12:46:51 --> [DEPRECATED] Implicit conversion from float 670.6 to int loses precision in APPPATH\Controllers\AdmPost.php on line 3060.
 1 APPPATH\Controllers\AdmPost.php(3234): App\Controllers\AdmPost->secondsToTime(670.6)
 2 SYSTEMPATH\CodeIgniter.php(934): App\Controllers\AdmPost->relatorio_analitico()
 3 SYSTEMPATH\CodeIgniter.php(499): CodeIgniter\CodeIgniter->runController(Object(App\Controllers\AdmPost))
 4 SYSTEMPATH\CodeIgniter.php(368): CodeIgniter\CodeIgniter->handleRequest(null, Object(Config\Cache), false)
 5 FCPATH\index.php(67): CodeIgniter\CodeIgniter->run()
WARNING - 2024-07-01 13:54:38 --> [DEPRECATED] Implicit conversion from float 9453.557692307691 to int loses precision in APPPATH\Controllers\AdmPost.php on line 3059.
 1 APPPATH\Controllers\AdmPost.php(3234): App\Controllers\AdmPost->secondsToTime(9453.557692307691)
 2 SYSTEMPATH\CodeIgniter.php(934): App\Controllers\AdmPost->relatorio_analitico()
 3 SYSTEMPATH\CodeIgniter.php(499): CodeIgniter\CodeIgniter->runController(Object(App\Controllers\AdmPost))
 4 SYSTEMPATH\CodeIgniter.php(368): CodeIgniter\CodeIgniter->handleRequest(null, Object(Config\Cache), false)
 5 FCPATH\index.php(67): CodeIgniter\CodeIgniter->run()
WARNING - 2024-07-01 13:54:38 --> [DEPRECATED] Implicit conversion from float 9453.557692307691 to int loses precision in APPPATH\Controllers\AdmPost.php on line 3060.
 1 APPPATH\Controllers\AdmPost.php(3234): App\Controllers\AdmPost->secondsToTime(9453.557692307691)
 2 SYSTEMPATH\CodeIgniter.php(934): App\Controllers\AdmPost->relatorio_analitico()
 3 SYSTEMPATH\CodeIgniter.php(499): CodeIgniter\CodeIgniter->runController(Object(App\Controllers\AdmPost))
 4 SYSTEMPATH\CodeIgniter.php(368): CodeIgniter\CodeIgniter->handleRequest(null, Object(Config\Cache), false)
 5 FCPATH\index.php(67): CodeIgniter\CodeIgniter->run()
WARNING - 2024-07-01 13:54:38 --> [DEPRECATED] Implicit conversion from float 670.6 to int loses precision in APPPATH\Controllers\AdmPost.php on line 3059.
 1 APPPATH\Controllers\AdmPost.php(3234): App\Controllers\AdmPost->secondsToTime(670.6)
 2 SYSTEMPATH\CodeIgniter.php(934): App\Controllers\AdmPost->relatorio_analitico()
 3 SYSTEMPATH\CodeIgniter.php(499): CodeIgniter\CodeIgniter->runController(Object(App\Controllers\AdmPost))
 4 SYSTEMPATH\CodeIgniter.php(368): CodeIgniter\CodeIgniter->handleRequest(null, Object(Config\Cache), false)
 5 FCPATH\index.php(67): CodeIgniter\CodeIgniter->run()
WARNING - 2024-07-01 13:54:38 --> [DEPRECATED] Implicit conversion from float 670.6 to int loses precision in APPPATH\Controllers\AdmPost.php on line 3060.
 1 APPPATH\Controllers\AdmPost.php(3234): App\Controllers\AdmPost->secondsToTime(670.6)
 2 SYSTEMPATH\CodeIgniter.php(934): App\Controllers\AdmPost->relatorio_analitico()
 3 SYSTEMPATH\CodeIgniter.php(499): CodeIgniter\CodeIgniter->runController(Object(App\Controllers\AdmPost))
 4 SYSTEMPATH\CodeIgniter.php(368): CodeIgniter\CodeIgniter->handleRequest(null, Object(Config\Cache), false)
 5 FCPATH\index.php(67): CodeIgniter\CodeIgniter->run()
WARNING - 2024-07-01 13:55:15 --> [DEPRECATED] Implicit conversion from float 9453.557692307691 to int loses precision in APPPATH\Controllers\AdmPost.php on line 3059.
 1 APPPATH\Controllers\AdmPost.php(3234): App\Controllers\AdmPost->secondsToTime(9453.557692307691)
 2 SYSTEMPATH\CodeIgniter.php(934): App\Controllers\AdmPost->relatorio_analitico()
 3 SYSTEMPATH\CodeIgniter.php(499): CodeIgniter\CodeIgniter->runController(Object(App\Controllers\AdmPost))
 4 SYSTEMPATH\CodeIgniter.php(368): CodeIgniter\CodeIgniter->handleRequest(null, Object(Config\Cache), false)
 5 FCPATH\index.php(67): CodeIgniter\CodeIgniter->run()
WARNING - 2024-07-01 13:55:15 --> [DEPRECATED] Implicit conversion from float 9453.557692307691 to int loses precision in APPPATH\Controllers\AdmPost.php on line 3060.
 1 APPPATH\Controllers\AdmPost.php(3234): App\Controllers\AdmPost->secondsToTime(9453.557692307691)
 2 SYSTEMPATH\CodeIgniter.php(934): App\Controllers\AdmPost->relatorio_analitico()
 3 SYSTEMPATH\CodeIgniter.php(499): CodeIgniter\CodeIgniter->runController(Object(App\Controllers\AdmPost))
 4 SYSTEMPATH\CodeIgniter.php(368): CodeIgniter\CodeIgniter->handleRequest(null, Object(Config\Cache), false)
 5 FCPATH\index.php(67): CodeIgniter\CodeIgniter->run()
WARNING - 2024-07-01 13:55:15 --> [DEPRECATED] Implicit conversion from float 670.6 to int loses precision in APPPATH\Controllers\AdmPost.php on line 3059.
 1 APPPATH\Controllers\AdmPost.php(3234): App\Controllers\AdmPost->secondsToTime(670.6)
 2 SYSTEMPATH\CodeIgniter.php(934): App\Controllers\AdmPost->relatorio_analitico()
 3 SYSTEMPATH\CodeIgniter.php(499): CodeIgniter\CodeIgniter->runController(Object(App\Controllers\AdmPost))
 4 SYSTEMPATH\CodeIgniter.php(368): CodeIgniter\CodeIgniter->handleRequest(null, Object(Config\Cache), false)
 5 FCPATH\index.php(67): CodeIgniter\CodeIgniter->run()
WARNING - 2024-07-01 13:55:15 --> [DEPRECATED] Implicit conversion from float 670.6 to int loses precision in APPPATH\Controllers\AdmPost.php on line 3060.
 1 APPPATH\Controllers\AdmPost.php(3234): App\Controllers\AdmPost->secondsToTime(670.6)
 2 SYSTEMPATH\CodeIgniter.php(934): App\Controllers\AdmPost->relatorio_analitico()
 3 SYSTEMPATH\CodeIgniter.php(499): CodeIgniter\CodeIgniter->runController(Object(App\Controllers\AdmPost))
 4 SYSTEMPATH\CodeIgniter.php(368): CodeIgniter\CodeIgniter->handleRequest(null, Object(Config\Cache), false)
 5 FCPATH\index.php(67): CodeIgniter\CodeIgniter->run()
WARNING - 2024-07-01 14:20:56 --> [DEPRECATED] Implicit conversion from float 9453.557692307691 to int loses precision in APPPATH\Controllers\AdmPost.php on line 3059.
 1 APPPATH\Controllers\AdmPost.php(3234): App\Controllers\AdmPost->secondsToTime(9453.557692307691)
 2 SYSTEMPATH\CodeIgniter.php(934): App\Controllers\AdmPost->relatorio_analitico()
 3 SYSTEMPATH\CodeIgniter.php(499): CodeIgniter\CodeIgniter->runController(Object(App\Controllers\AdmPost))
 4 SYSTEMPATH\CodeIgniter.php(368): CodeIgniter\CodeIgniter->handleRequest(null, Object(Config\Cache), false)
 5 FCPATH\index.php(67): CodeIgniter\CodeIgniter->run()
WARNING - 2024-07-01 14:20:56 --> [DEPRECATED] Implicit conversion from float 9453.557692307691 to int loses precision in APPPATH\Controllers\AdmPost.php on line 3060.
 1 APPPATH\Controllers\AdmPost.php(3234): App\Controllers\AdmPost->secondsToTime(9453.557692307691)
 2 SYSTEMPATH\CodeIgniter.php(934): App\Controllers\AdmPost->relatorio_analitico()
 3 SYSTEMPATH\CodeIgniter.php(499): CodeIgniter\CodeIgniter->runController(Object(App\Controllers\AdmPost))
 4 SYSTEMPATH\CodeIgniter.php(368): CodeIgniter\CodeIgniter->handleRequest(null, Object(Config\Cache), false)
 5 FCPATH\index.php(67): CodeIgniter\CodeIgniter->run()
WARNING - 2024-07-01 14:20:56 --> [DEPRECATED] Implicit conversion from float 670.6 to int loses precision in APPPATH\Controllers\AdmPost.php on line 3059.
 1 APPPATH\Controllers\AdmPost.php(3234): App\Controllers\AdmPost->secondsToTime(670.6)
 2 SYSTEMPATH\CodeIgniter.php(934): App\Controllers\AdmPost->relatorio_analitico()
 3 SYSTEMPATH\CodeIgniter.php(499): CodeIgniter\CodeIgniter->runController(Object(App\Controllers\AdmPost))
 4 SYSTEMPATH\CodeIgniter.php(368): CodeIgniter\CodeIgniter->handleRequest(null, Object(Config\Cache), false)
 5 FCPATH\index.php(67): CodeIgniter\CodeIgniter->run()
WARNING - 2024-07-01 14:20:56 --> [DEPRECATED] Implicit conversion from float 670.6 to int loses precision in APPPATH\Controllers\AdmPost.php on line 3060.
 1 APPPATH\Controllers\AdmPost.php(3234): App\Controllers\AdmPost->secondsToTime(670.6)
 2 SYSTEMPATH\CodeIgniter.php(934): App\Controllers\AdmPost->relatorio_analitico()
 3 SYSTEMPATH\CodeIgniter.php(499): CodeIgniter\CodeIgniter->runController(Object(App\Controllers\AdmPost))
 4 SYSTEMPATH\CodeIgniter.php(368): CodeIgniter\CodeIgniter->handleRequest(null, Object(Config\Cache), false)
 5 FCPATH\index.php(67): CodeIgniter\CodeIgniter->run()
WARNING - 2024-07-01 14:22:37 --> [DEPRECATED] Implicit conversion from float 9453.557692307691 to int loses precision in APPPATH\Controllers\AdmPost.php on line 3059.
 1 APPPATH\Controllers\AdmPost.php(3234): App\Controllers\AdmPost->secondsToTime(9453.557692307691)
 2 SYSTEMPATH\CodeIgniter.php(934): App\Controllers\AdmPost->relatorio_analitico()
 3 SYSTEMPATH\CodeIgniter.php(499): CodeIgniter\CodeIgniter->runController(Object(App\Controllers\AdmPost))
 4 SYSTEMPATH\CodeIgniter.php(368): CodeIgniter\CodeIgniter->handleRequest(null, Object(Config\Cache), false)
 5 FCPATH\index.php(67): CodeIgniter\CodeIgniter->run()
WARNING - 2024-07-01 14:22:37 --> [DEPRECATED] Implicit conversion from float 9453.557692307691 to int loses precision in APPPATH\Controllers\AdmPost.php on line 3060.
 1 APPPATH\Controllers\AdmPost.php(3234): App\Controllers\AdmPost->secondsToTime(9453.557692307691)
 2 SYSTEMPATH\CodeIgniter.php(934): App\Controllers\AdmPost->relatorio_analitico()
 3 SYSTEMPATH\CodeIgniter.php(499): CodeIgniter\CodeIgniter->runController(Object(App\Controllers\AdmPost))
 4 SYSTEMPATH\CodeIgniter.php(368): CodeIgniter\CodeIgniter->handleRequest(null, Object(Config\Cache), false)
 5 FCPATH\index.php(67): CodeIgniter\CodeIgniter->run()
WARNING - 2024-07-01 14:22:37 --> [DEPRECATED] Implicit conversion from float 670.6 to int loses precision in APPPATH\Controllers\AdmPost.php on line 3059.
 1 APPPATH\Controllers\AdmPost.php(3234): App\Controllers\AdmPost->secondsToTime(670.6)
 2 SYSTEMPATH\CodeIgniter.php(934): App\Controllers\AdmPost->relatorio_analitico()
 3 SYSTEMPATH\CodeIgniter.php(499): CodeIgniter\CodeIgniter->runController(Object(App\Controllers\AdmPost))
 4 SYSTEMPATH\CodeIgniter.php(368): CodeIgniter\CodeIgniter->handleRequest(null, Object(Config\Cache), false)
 5 FCPATH\index.php(67): CodeIgniter\CodeIgniter->run()
WARNING - 2024-07-01 14:22:37 --> [DEPRECATED] Implicit conversion from float 670.6 to int loses precision in APPPATH\Controllers\AdmPost.php on line 3060.
 1 APPPATH\Controllers\AdmPost.php(3234): App\Controllers\AdmPost->secondsToTime(670.6)
 2 SYSTEMPATH\CodeIgniter.php(934): App\Controllers\AdmPost->relatorio_analitico()
 3 SYSTEMPATH\CodeIgniter.php(499): CodeIgniter\CodeIgniter->runController(Object(App\Controllers\AdmPost))
 4 SYSTEMPATH\CodeIgniter.php(368): CodeIgniter\CodeIgniter->handleRequest(null, Object(Config\Cache), false)
 5 FCPATH\index.php(67): CodeIgniter\CodeIgniter->run()
WARNING - 2024-07-01 14:26:59 --> [DEPRECATED] Implicit conversion from float 9453.557692307691 to int loses precision in APPPATH\Controllers\AdmPost.php on line 3059.
 1 APPPATH\Controllers\AdmPost.php(3234): App\Controllers\AdmPost->secondsToTime(9453.557692307691)
 2 SYSTEMPATH\CodeIgniter.php(934): App\Controllers\AdmPost->relatorio_analitico()
 3 SYSTEMPATH\CodeIgniter.php(499): CodeIgniter\CodeIgniter->runController(Object(App\Controllers\AdmPost))
 4 SYSTEMPATH\CodeIgniter.php(368): CodeIgniter\CodeIgniter->handleRequest(null, Object(Config\Cache), false)
 5 FCPATH\index.php(67): CodeIgniter\CodeIgniter->run()
WARNING - 2024-07-01 14:26:59 --> [DEPRECATED] Implicit conversion from float 9453.557692307691 to int loses precision in APPPATH\Controllers\AdmPost.php on line 3060.
 1 APPPATH\Controllers\AdmPost.php(3234): App\Controllers\AdmPost->secondsToTime(9453.557692307691)
 2 SYSTEMPATH\CodeIgniter.php(934): App\Controllers\AdmPost->relatorio_analitico()
 3 SYSTEMPATH\CodeIgniter.php(499): CodeIgniter\CodeIgniter->runController(Object(App\Controllers\AdmPost))
 4 SYSTEMPATH\CodeIgniter.php(368): CodeIgniter\CodeIgniter->handleRequest(null, Object(Config\Cache), false)
 5 FCPATH\index.php(67): CodeIgniter\CodeIgniter->run()
WARNING - 2024-07-01 14:26:59 --> [DEPRECATED] Implicit conversion from float 670.6 to int loses precision in APPPATH\Controllers\AdmPost.php on line 3059.
 1 APPPATH\Controllers\AdmPost.php(3234): App\Controllers\AdmPost->secondsToTime(670.6)
 2 SYSTEMPATH\CodeIgniter.php(934): App\Controllers\AdmPost->relatorio_analitico()
 3 SYSTEMPATH\CodeIgniter.php(499): CodeIgniter\CodeIgniter->runController(Object(App\Controllers\AdmPost))
 4 SYSTEMPATH\CodeIgniter.php(368): CodeIgniter\CodeIgniter->handleRequest(null, Object(Config\Cache), false)
 5 FCPATH\index.php(67): CodeIgniter\CodeIgniter->run()
WARNING - 2024-07-01 14:26:59 --> [DEPRECATED] Implicit conversion from float 670.6 to int loses precision in APPPATH\Controllers\AdmPost.php on line 3060.
 1 APPPATH\Controllers\AdmPost.php(3234): App\Controllers\AdmPost->secondsToTime(670.6)
 2 SYSTEMPATH\CodeIgniter.php(934): App\Controllers\AdmPost->relatorio_analitico()
 3 SYSTEMPATH\CodeIgniter.php(499): CodeIgniter\CodeIgniter->runController(Object(App\Controllers\AdmPost))
 4 SYSTEMPATH\CodeIgniter.php(368): CodeIgniter\CodeIgniter->handleRequest(null, Object(Config\Cache), false)
 5 FCPATH\index.php(67): CodeIgniter\CodeIgniter->run()
WARNING - 2024-07-01 14:30:00 --> [DEPRECATED] Implicit conversion from float 9453.557692307691 to int loses precision in APPPATH\Controllers\AdmPost.php on line 3059.
 1 APPPATH\Controllers\AdmPost.php(3234): App\Controllers\AdmPost->secondsToTime(9453.557692307691)
 2 SYSTEMPATH\CodeIgniter.php(934): App\Controllers\AdmPost->relatorio_analitico()
 3 SYSTEMPATH\CodeIgniter.php(499): CodeIgniter\CodeIgniter->runController(Object(App\Controllers\AdmPost))
 4 SYSTEMPATH\CodeIgniter.php(368): CodeIgniter\CodeIgniter->handleRequest(null, Object(Config\Cache), false)
 5 FCPATH\index.php(67): CodeIgniter\CodeIgniter->run()
WARNING - 2024-07-01 14:30:00 --> [DEPRECATED] Implicit conversion from float 9453.557692307691 to int loses precision in APPPATH\Controllers\AdmPost.php on line 3060.
 1 APPPATH\Controllers\AdmPost.php(3234): App\Controllers\AdmPost->secondsToTime(9453.557692307691)
 2 SYSTEMPATH\CodeIgniter.php(934): App\Controllers\AdmPost->relatorio_analitico()
 3 SYSTEMPATH\CodeIgniter.php(499): CodeIgniter\CodeIgniter->runController(Object(App\Controllers\AdmPost))
 4 SYSTEMPATH\CodeIgniter.php(368): CodeIgniter\CodeIgniter->handleRequest(null, Object(Config\Cache), false)
 5 FCPATH\index.php(67): CodeIgniter\CodeIgniter->run()
WARNING - 2024-07-01 14:30:00 --> [DEPRECATED] Implicit conversion from float 670.6 to int loses precision in APPPATH\Controllers\AdmPost.php on line 3059.
 1 APPPATH\Controllers\AdmPost.php(3234): App\Controllers\AdmPost->secondsToTime(670.6)
 2 SYSTEMPATH\CodeIgniter.php(934): App\Controllers\AdmPost->relatorio_analitico()
 3 SYSTEMPATH\CodeIgniter.php(499): CodeIgniter\CodeIgniter->runController(Object(App\Controllers\AdmPost))
 4 SYSTEMPATH\CodeIgniter.php(368): CodeIgniter\CodeIgniter->handleRequest(null, Object(Config\Cache), false)
 5 FCPATH\index.php(67): CodeIgniter\CodeIgniter->run()
WARNING - 2024-07-01 14:30:00 --> [DEPRECATED] Implicit conversion from float 670.6 to int loses precision in APPPATH\Controllers\AdmPost.php on line 3060.
 1 APPPATH\Controllers\AdmPost.php(3234): App\Controllers\AdmPost->secondsToTime(670.6)
 2 SYSTEMPATH\CodeIgniter.php(934): App\Controllers\AdmPost->relatorio_analitico()
 3 SYSTEMPATH\CodeIgniter.php(499): CodeIgniter\CodeIgniter->runController(Object(App\Controllers\AdmPost))
 4 SYSTEMPATH\CodeIgniter.php(368): CodeIgniter\CodeIgniter->handleRequest(null, Object(Config\Cache), false)
 5 FCPATH\index.php(67): CodeIgniter\CodeIgniter->run()
WARNING - 2024-07-01 14:31:40 --> [DEPRECATED] Implicit conversion from float 9453.557692307691 to int loses precision in APPPATH\Controllers\AdmPost.php on line 3059.
 1 APPPATH\Controllers\AdmPost.php(3234): App\Controllers\AdmPost->secondsToTime(9453.557692307691)
 2 SYSTEMPATH\CodeIgniter.php(934): App\Controllers\AdmPost->relatorio_analitico()
 3 SYSTEMPATH\CodeIgniter.php(499): CodeIgniter\CodeIgniter->runController(Object(App\Controllers\AdmPost))
 4 SYSTEMPATH\CodeIgniter.php(368): CodeIgniter\CodeIgniter->handleRequest(null, Object(Config\Cache), false)
 5 FCPATH\index.php(67): CodeIgniter\CodeIgniter->run()
WARNING - 2024-07-01 14:31:40 --> [DEPRECATED] Implicit conversion from float 9453.557692307691 to int loses precision in APPPATH\Controllers\AdmPost.php on line 3060.
 1 APPPATH\Controllers\AdmPost.php(3234): App\Controllers\AdmPost->secondsToTime(9453.557692307691)
 2 SYSTEMPATH\CodeIgniter.php(934): App\Controllers\AdmPost->relatorio_analitico()
 3 SYSTEMPATH\CodeIgniter.php(499): CodeIgniter\CodeIgniter->runController(Object(App\Controllers\AdmPost))
 4 SYSTEMPATH\CodeIgniter.php(368): CodeIgniter\CodeIgniter->handleRequest(null, Object(Config\Cache), false)
 5 FCPATH\index.php(67): CodeIgniter\CodeIgniter->run()
WARNING - 2024-07-01 14:31:40 --> [DEPRECATED] Implicit conversion from float 670.6 to int loses precision in APPPATH\Controllers\AdmPost.php on line 3059.
 1 APPPATH\Controllers\AdmPost.php(3234): App\Controllers\AdmPost->secondsToTime(670.6)
 2 SYSTEMPATH\CodeIgniter.php(934): App\Controllers\AdmPost->relatorio_analitico()
 3 SYSTEMPATH\CodeIgniter.php(499): CodeIgniter\CodeIgniter->runController(Object(App\Controllers\AdmPost))
 4 SYSTEMPATH\CodeIgniter.php(368): CodeIgniter\CodeIgniter->handleRequest(null, Object(Config\Cache), false)
 5 FCPATH\index.php(67): CodeIgniter\CodeIgniter->run()
WARNING - 2024-07-01 14:31:40 --> [DEPRECATED] Implicit conversion from float 670.6 to int loses precision in APPPATH\Controllers\AdmPost.php on line 3060.
 1 APPPATH\Controllers\AdmPost.php(3234): App\Controllers\AdmPost->secondsToTime(670.6)
 2 SYSTEMPATH\CodeIgniter.php(934): App\Controllers\AdmPost->relatorio_analitico()
 3 SYSTEMPATH\CodeIgniter.php(499): CodeIgniter\CodeIgniter->runController(Object(App\Controllers\AdmPost))
 4 SYSTEMPATH\CodeIgniter.php(368): CodeIgniter\CodeIgniter->handleRequest(null, Object(Config\Cache), false)
 5 FCPATH\index.php(67): CodeIgniter\CodeIgniter->run()
WARNING - 2024-07-01 14:33:18 --> [DEPRECATED] Implicit conversion from float 9453.557692307691 to int loses precision in APPPATH\Controllers\AdmPost.php on line 3059.
 1 APPPATH\Controllers\AdmPost.php(3234): App\Controllers\AdmPost->secondsToTime(9453.557692307691)
 2 SYSTEMPATH\CodeIgniter.php(934): App\Controllers\AdmPost->relatorio_analitico()
 3 SYSTEMPATH\CodeIgniter.php(499): CodeIgniter\CodeIgniter->runController(Object(App\Controllers\AdmPost))
 4 SYSTEMPATH\CodeIgniter.php(368): CodeIgniter\CodeIgniter->handleRequest(null, Object(Config\Cache), false)
 5 FCPATH\index.php(67): CodeIgniter\CodeIgniter->run()
WARNING - 2024-07-01 14:33:18 --> [DEPRECATED] Implicit conversion from float 9453.557692307691 to int loses precision in APPPATH\Controllers\AdmPost.php on line 3060.
 1 APPPATH\Controllers\AdmPost.php(3234): App\Controllers\AdmPost->secondsToTime(9453.557692307691)
 2 SYSTEMPATH\CodeIgniter.php(934): App\Controllers\AdmPost->relatorio_analitico()
 3 SYSTEMPATH\CodeIgniter.php(499): CodeIgniter\CodeIgniter->runController(Object(App\Controllers\AdmPost))
 4 SYSTEMPATH\CodeIgniter.php(368): CodeIgniter\CodeIgniter->handleRequest(null, Object(Config\Cache), false)
 5 FCPATH\index.php(67): CodeIgniter\CodeIgniter->run()
WARNING - 2024-07-01 14:33:18 --> [DEPRECATED] Implicit conversion from float 670.6 to int loses precision in APPPATH\Controllers\AdmPost.php on line 3059.
 1 APPPATH\Controllers\AdmPost.php(3234): App\Controllers\AdmPost->secondsToTime(670.6)
 2 SYSTEMPATH\CodeIgniter.php(934): App\Controllers\AdmPost->relatorio_analitico()
 3 SYSTEMPATH\CodeIgniter.php(499): CodeIgniter\CodeIgniter->runController(Object(App\Controllers\AdmPost))
 4 SYSTEMPATH\CodeIgniter.php(368): CodeIgniter\CodeIgniter->handleRequest(null, Object(Config\Cache), false)
 5 FCPATH\index.php(67): CodeIgniter\CodeIgniter->run()
WARNING - 2024-07-01 14:33:18 --> [DEPRECATED] Implicit conversion from float 670.6 to int loses precision in APPPATH\Controllers\AdmPost.php on line 3060.
 1 APPPATH\Controllers\AdmPost.php(3234): App\Controllers\AdmPost->secondsToTime(670.6)
 2 SYSTEMPATH\CodeIgniter.php(934): App\Controllers\AdmPost->relatorio_analitico()
 3 SYSTEMPATH\CodeIgniter.php(499): CodeIgniter\CodeIgniter->runController(Object(App\Controllers\AdmPost))
 4 SYSTEMPATH\CodeIgniter.php(368): CodeIgniter\CodeIgniter->handleRequest(null, Object(Config\Cache), false)
 5 FCPATH\index.php(67): CodeIgniter\CodeIgniter->run()
WARNING - 2024-07-01 18:32:16 --> [DEPRECATED] Implicit conversion from float 9453.557692307691 to int loses precision in APPPATH\Controllers\AdmPost.php on line 3059.
 1 APPPATH\Controllers\AdmPost.php(3240): App\Controllers\AdmPost->secondsToTime(9453.557692307691)
 2 SYSTEMPATH\CodeIgniter.php(934): App\Controllers\AdmPost->relatorio_analitico()
 3 SYSTEMPATH\CodeIgniter.php(499): CodeIgniter\CodeIgniter->runController(Object(App\Controllers\AdmPost))
 4 SYSTEMPATH\CodeIgniter.php(368): CodeIgniter\CodeIgniter->handleRequest(null, Object(Config\Cache), false)
 5 FCPATH\index.php(67): CodeIgniter\CodeIgniter->run()
WARNING - 2024-07-01 18:32:16 --> [DEPRECATED] Implicit conversion from float 9453.557692307691 to int loses precision in APPPATH\Controllers\AdmPost.php on line 3060.
 1 APPPATH\Controllers\AdmPost.php(3240): App\Controllers\AdmPost->secondsToTime(9453.557692307691)
 2 SYSTEMPATH\CodeIgniter.php(934): App\Controllers\AdmPost->relatorio_analitico()
 3 SYSTEMPATH\CodeIgniter.php(499): CodeIgniter\CodeIgniter->runController(Object(App\Controllers\AdmPost))
 4 SYSTEMPATH\CodeIgniter.php(368): CodeIgniter\CodeIgniter->handleRequest(null, Object(Config\Cache), false)
 5 FCPATH\index.php(67): CodeIgniter\CodeIgniter->run()
WARNING - 2024-07-01 18:32:16 --> [DEPRECATED] Implicit conversion from float 670.6 to int loses precision in APPPATH\Controllers\AdmPost.php on line 3059.
 1 APPPATH\Controllers\AdmPost.php(3240): App\Controllers\AdmPost->secondsToTime(670.6)
 2 SYSTEMPATH\CodeIgniter.php(934): App\Controllers\AdmPost->relatorio_analitico()
 3 SYSTEMPATH\CodeIgniter.php(499): CodeIgniter\CodeIgniter->runController(Object(App\Controllers\AdmPost))
 4 SYSTEMPATH\CodeIgniter.php(368): CodeIgniter\CodeIgniter->handleRequest(null, Object(Config\Cache), false)
 5 FCPATH\index.php(67): CodeIgniter\CodeIgniter->run()
WARNING - 2024-07-01 18:32:16 --> [DEPRECATED] Implicit conversion from float 670.6 to int loses precision in APPPATH\Controllers\AdmPost.php on line 3060.
 1 APPPATH\Controllers\AdmPost.php(3240): App\Controllers\AdmPost->secondsToTime(670.6)
 2 SYSTEMPATH\CodeIgniter.php(934): App\Controllers\AdmPost->relatorio_analitico()
 3 SYSTEMPATH\CodeIgniter.php(499): CodeIgniter\CodeIgniter->runController(Object(App\Controllers\AdmPost))
 4 SYSTEMPATH\CodeIgniter.php(368): CodeIgniter\CodeIgniter->handleRequest(null, Object(Config\Cache), false)
 5 FCPATH\index.php(67): CodeIgniter\CodeIgniter->run()
WARNING - 2024-07-01 18:33:32 --> [DEPRECATED] Implicit conversion from float 9453.557692307691 to int loses precision in APPPATH\Controllers\AdmPost.php on line 3059.
 1 APPPATH\Controllers\AdmPost.php(3240): App\Controllers\AdmPost->secondsToTime(9453.557692307691)
 2 SYSTEMPATH\CodeIgniter.php(934): App\Controllers\AdmPost->relatorio_analitico()
 3 SYSTEMPATH\CodeIgniter.php(499): CodeIgniter\CodeIgniter->runController(Object(App\Controllers\AdmPost))
 4 SYSTEMPATH\CodeIgniter.php(368): CodeIgniter\CodeIgniter->handleRequest(null, Object(Config\Cache), false)
 5 FCPATH\index.php(67): CodeIgniter\CodeIgniter->run()
WARNING - 2024-07-01 18:33:32 --> [DEPRECATED] Implicit conversion from float 9453.557692307691 to int loses precision in APPPATH\Controllers\AdmPost.php on line 3060.
 1 APPPATH\Controllers\AdmPost.php(3240): App\Controllers\AdmPost->secondsToTime(9453.557692307691)
 2 SYSTEMPATH\CodeIgniter.php(934): App\Controllers\AdmPost->relatorio_analitico()
 3 SYSTEMPATH\CodeIgniter.php(499): CodeIgniter\CodeIgniter->runController(Object(App\Controllers\AdmPost))
 4 SYSTEMPATH\CodeIgniter.php(368): CodeIgniter\CodeIgniter->handleRequest(null, Object(Config\Cache), false)
 5 FCPATH\index.php(67): CodeIgniter\CodeIgniter->run()
WARNING - 2024-07-01 18:33:32 --> [DEPRECATED] Implicit conversion from float 670.6 to int loses precision in APPPATH\Controllers\AdmPost.php on line 3059.
 1 APPPATH\Controllers\AdmPost.php(3240): App\Controllers\AdmPost->secondsToTime(670.6)
 2 SYSTEMPATH\CodeIgniter.php(934): App\Controllers\AdmPost->relatorio_analitico()
 3 SYSTEMPATH\CodeIgniter.php(499): CodeIgniter\CodeIgniter->runController(Object(App\Controllers\AdmPost))
 4 SYSTEMPATH\CodeIgniter.php(368): CodeIgniter\CodeIgniter->handleRequest(null, Object(Config\Cache), false)
 5 FCPATH\index.php(67): CodeIgniter\CodeIgniter->run()
WARNING - 2024-07-01 18:33:32 --> [DEPRECATED] Implicit conversion from float 670.6 to int loses precision in APPPATH\Controllers\AdmPost.php on line 3060.
 1 APPPATH\Controllers\AdmPost.php(3240): App\Controllers\AdmPost->secondsToTime(670.6)
 2 SYSTEMPATH\CodeIgniter.php(934): App\Controllers\AdmPost->relatorio_analitico()
 3 SYSTEMPATH\CodeIgniter.php(499): CodeIgniter\CodeIgniter->runController(Object(App\Controllers\AdmPost))
 4 SYSTEMPATH\CodeIgniter.php(368): CodeIgniter\CodeIgniter->handleRequest(null, Object(Config\Cache), false)
 5 FCPATH\index.php(67): CodeIgniter\CodeIgniter->run()
WARNING - 2024-07-01 18:33:56 --> [DEPRECATED] Implicit conversion from float 9453.557692307691 to int loses precision in APPPATH\Controllers\AdmPost.php on line 3059.
 1 APPPATH\Controllers\AdmPost.php(3240): App\Controllers\AdmPost->secondsToTime(9453.557692307691)
 2 SYSTEMPATH\CodeIgniter.php(934): App\Controllers\AdmPost->relatorio_analitico()
 3 SYSTEMPATH\CodeIgniter.php(499): CodeIgniter\CodeIgniter->runController(Object(App\Controllers\AdmPost))
 4 SYSTEMPATH\CodeIgniter.php(368): CodeIgniter\CodeIgniter->handleRequest(null, Object(Config\Cache), false)
 5 FCPATH\index.php(67): CodeIgniter\CodeIgniter->run()
WARNING - 2024-07-01 18:33:56 --> [DEPRECATED] Implicit conversion from float 9453.557692307691 to int loses precision in APPPATH\Controllers\AdmPost.php on line 3060.
 1 APPPATH\Controllers\AdmPost.php(3240): App\Controllers\AdmPost->secondsToTime(9453.557692307691)
 2 SYSTEMPATH\CodeIgniter.php(934): App\Controllers\AdmPost->relatorio_analitico()
 3 SYSTEMPATH\CodeIgniter.php(499): CodeIgniter\CodeIgniter->runController(Object(App\Controllers\AdmPost))
 4 SYSTEMPATH\CodeIgniter.php(368): CodeIgniter\CodeIgniter->handleRequest(null, Object(Config\Cache), false)
 5 FCPATH\index.php(67): CodeIgniter\CodeIgniter->run()
WARNING - 2024-07-01 18:33:56 --> [DEPRECATED] Implicit conversion from float 670.6 to int loses precision in APPPATH\Controllers\AdmPost.php on line 3059.
 1 APPPATH\Controllers\AdmPost.php(3240): App\Controllers\AdmPost->secondsToTime(670.6)
 2 SYSTEMPATH\CodeIgniter.php(934): App\Controllers\AdmPost->relatorio_analitico()
 3 SYSTEMPATH\CodeIgniter.php(499): CodeIgniter\CodeIgniter->runController(Object(App\Controllers\AdmPost))
 4 SYSTEMPATH\CodeIgniter.php(368): CodeIgniter\CodeIgniter->handleRequest(null, Object(Config\Cache), false)
 5 FCPATH\index.php(67): CodeIgniter\CodeIgniter->run()
WARNING - 2024-07-01 18:33:56 --> [DEPRECATED] Implicit conversion from float 670.6 to int loses precision in APPPATH\Controllers\AdmPost.php on line 3060.
 1 APPPATH\Controllers\AdmPost.php(3240): App\Controllers\AdmPost->secondsToTime(670.6)
 2 SYSTEMPATH\CodeIgniter.php(934): App\Controllers\AdmPost->relatorio_analitico()
 3 SYSTEMPATH\CodeIgniter.php(499): CodeIgniter\CodeIgniter->runController(Object(App\Controllers\AdmPost))
 4 SYSTEMPATH\CodeIgniter.php(368): CodeIgniter\CodeIgniter->handleRequest(null, Object(Config\Cache), false)
 5 FCPATH\index.php(67): CodeIgniter\CodeIgniter->run()
WARNING - 2024-07-01 18:39:32 --> [DEPRECATED] Implicit conversion from float 9453.557692307691 to int loses precision in APPPATH\Controllers\AdmPost.php on line 3059.
 1 APPPATH\Controllers\AdmPost.php(3240): App\Controllers\AdmPost->secondsToTime(9453.557692307691)
 2 SYSTEMPATH\CodeIgniter.php(934): App\Controllers\AdmPost->relatorio_analitico()
 3 SYSTEMPATH\CodeIgniter.php(499): CodeIgniter\CodeIgniter->runController(Object(App\Controllers\AdmPost))
 4 SYSTEMPATH\CodeIgniter.php(368): CodeIgniter\CodeIgniter->handleRequest(null, Object(Config\Cache), false)
 5 FCPATH\index.php(67): CodeIgniter\CodeIgniter->run()
WARNING - 2024-07-01 18:39:32 --> [DEPRECATED] Implicit conversion from float 9453.557692307691 to int loses precision in APPPATH\Controllers\AdmPost.php on line 3060.
 1 APPPATH\Controllers\AdmPost.php(3240): App\Controllers\AdmPost->secondsToTime(9453.557692307691)
 2 SYSTEMPATH\CodeIgniter.php(934): App\Controllers\AdmPost->relatorio_analitico()
 3 SYSTEMPATH\CodeIgniter.php(499): CodeIgniter\CodeIgniter->runController(Object(App\Controllers\AdmPost))
 4 SYSTEMPATH\CodeIgniter.php(368): CodeIgniter\CodeIgniter->handleRequest(null, Object(Config\Cache), false)
 5 FCPATH\index.php(67): CodeIgniter\CodeIgniter->run()
WARNING - 2024-07-01 18:39:32 --> [DEPRECATED] Implicit conversion from float 670.6 to int loses precision in APPPATH\Controllers\AdmPost.php on line 3059.
 1 APPPATH\Controllers\AdmPost.php(3240): App\Controllers\AdmPost->secondsToTime(670.6)
 2 SYSTEMPATH\CodeIgniter.php(934): App\Controllers\AdmPost->relatorio_analitico()
 3 SYSTEMPATH\CodeIgniter.php(499): CodeIgniter\CodeIgniter->runController(Object(App\Controllers\AdmPost))
 4 SYSTEMPATH\CodeIgniter.php(368): CodeIgniter\CodeIgniter->handleRequest(null, Object(Config\Cache), false)
 5 FCPATH\index.php(67): CodeIgniter\CodeIgniter->run()
WARNING - 2024-07-01 18:39:32 --> [DEPRECATED] Implicit conversion from float 670.6 to int loses precision in APPPATH\Controllers\AdmPost.php on line 3060.
 1 APPPATH\Controllers\AdmPost.php(3240): App\Controllers\AdmPost->secondsToTime(670.6)
 2 SYSTEMPATH\CodeIgniter.php(934): App\Controllers\AdmPost->relatorio_analitico()
 3 SYSTEMPATH\CodeIgniter.php(499): CodeIgniter\CodeIgniter->runController(Object(App\Controllers\AdmPost))
 4 SYSTEMPATH\CodeIgniter.php(368): CodeIgniter\CodeIgniter->handleRequest(null, Object(Config\Cache), false)
 5 FCPATH\index.php(67): CodeIgniter\CodeIgniter->run()
WARNING - 2024-07-01 18:40:26 --> [DEPRECATED] Implicit conversion from float 9453.557692307691 to int loses precision in APPPATH\Controllers\AdmPost.php on line 3059.
 1 APPPATH\Controllers\AdmPost.php(3240): App\Controllers\AdmPost->secondsToTime(9453.557692307691)
 2 SYSTEMPATH\CodeIgniter.php(934): App\Controllers\AdmPost->relatorio_analitico()
 3 SYSTEMPATH\CodeIgniter.php(499): CodeIgniter\CodeIgniter->runController(Object(App\Controllers\AdmPost))
 4 SYSTEMPATH\CodeIgniter.php(368): CodeIgniter\CodeIgniter->handleRequest(null, Object(Config\Cache), false)
 5 FCPATH\index.php(67): CodeIgniter\CodeIgniter->run()
WARNING - 2024-07-01 18:40:26 --> [DEPRECATED] Implicit conversion from float 9453.557692307691 to int loses precision in APPPATH\Controllers\AdmPost.php on line 3060.
 1 APPPATH\Controllers\AdmPost.php(3240): App\Controllers\AdmPost->secondsToTime(9453.557692307691)
 2 SYSTEMPATH\CodeIgniter.php(934): App\Controllers\AdmPost->relatorio_analitico()
 3 SYSTEMPATH\CodeIgniter.php(499): CodeIgniter\CodeIgniter->runController(Object(App\Controllers\AdmPost))
 4 SYSTEMPATH\CodeIgniter.php(368): CodeIgniter\CodeIgniter->handleRequest(null, Object(Config\Cache), false)
 5 FCPATH\index.php(67): CodeIgniter\CodeIgniter->run()
WARNING - 2024-07-01 18:40:26 --> [DEPRECATED] Implicit conversion from float 670.6 to int loses precision in APPPATH\Controllers\AdmPost.php on line 3059.
 1 APPPATH\Controllers\AdmPost.php(3240): App\Controllers\AdmPost->secondsToTime(670.6)
 2 SYSTEMPATH\CodeIgniter.php(934): App\Controllers\AdmPost->relatorio_analitico()
 3 SYSTEMPATH\CodeIgniter.php(499): CodeIgniter\CodeIgniter->runController(Object(App\Controllers\AdmPost))
 4 SYSTEMPATH\CodeIgniter.php(368): CodeIgniter\CodeIgniter->handleRequest(null, Object(Config\Cache), false)
 5 FCPATH\index.php(67): CodeIgniter\CodeIgniter->run()
WARNING - 2024-07-01 18:40:26 --> [DEPRECATED] Implicit conversion from float 670.6 to int loses precision in APPPATH\Controllers\AdmPost.php on line 3060.
 1 APPPATH\Controllers\AdmPost.php(3240): App\Controllers\AdmPost->secondsToTime(670.6)
 2 SYSTEMPATH\CodeIgniter.php(934): App\Controllers\AdmPost->relatorio_analitico()
 3 SYSTEMPATH\CodeIgniter.php(499): CodeIgniter\CodeIgniter->runController(Object(App\Controllers\AdmPost))
 4 SYSTEMPATH\CodeIgniter.php(368): CodeIgniter\CodeIgniter->handleRequest(null, Object(Config\Cache), false)
 5 FCPATH\index.php(67): CodeIgniter\CodeIgniter->run()
WARNING - 2024-07-01 18:41:38 --> [DEPRECATED] Implicit conversion from float 9453.557692307691 to int loses precision in APPPATH\Controllers\AdmPost.php on line 3059.
 1 APPPATH\Controllers\AdmPost.php(3240): App\Controllers\AdmPost->secondsToTime(9453.557692307691)
 2 SYSTEMPATH\CodeIgniter.php(934): App\Controllers\AdmPost->relatorio_analitico()
 3 SYSTEMPATH\CodeIgniter.php(499): CodeIgniter\CodeIgniter->runController(Object(App\Controllers\AdmPost))
 4 SYSTEMPATH\CodeIgniter.php(368): CodeIgniter\CodeIgniter->handleRequest(null, Object(Config\Cache), false)
 5 FCPATH\index.php(67): CodeIgniter\CodeIgniter->run()
WARNING - 2024-07-01 18:41:38 --> [DEPRECATED] Implicit conversion from float 9453.557692307691 to int loses precision in APPPATH\Controllers\AdmPost.php on line 3060.
 1 APPPATH\Controllers\AdmPost.php(3240): App\Controllers\AdmPost->secondsToTime(9453.557692307691)
 2 SYSTEMPATH\CodeIgniter.php(934): App\Controllers\AdmPost->relatorio_analitico()
 3 SYSTEMPATH\CodeIgniter.php(499): CodeIgniter\CodeIgniter->runController(Object(App\Controllers\AdmPost))
 4 SYSTEMPATH\CodeIgniter.php(368): CodeIgniter\CodeIgniter->handleRequest(null, Object(Config\Cache), false)
 5 FCPATH\index.php(67): CodeIgniter\CodeIgniter->run()
WARNING - 2024-07-01 18:41:38 --> [DEPRECATED] Implicit conversion from float 670.6 to int loses precision in APPPATH\Controllers\AdmPost.php on line 3059.
 1 APPPATH\Controllers\AdmPost.php(3240): App\Controllers\AdmPost->secondsToTime(670.6)
 2 SYSTEMPATH\CodeIgniter.php(934): App\Controllers\AdmPost->relatorio_analitico()
 3 SYSTEMPATH\CodeIgniter.php(499): CodeIgniter\CodeIgniter->runController(Object(App\Controllers\AdmPost))
 4 SYSTEMPATH\CodeIgniter.php(368): CodeIgniter\CodeIgniter->handleRequest(null, Object(Config\Cache), false)
 5 FCPATH\index.php(67): CodeIgniter\CodeIgniter->run()
WARNING - 2024-07-01 18:41:38 --> [DEPRECATED] Implicit conversion from float 670.6 to int loses precision in APPPATH\Controllers\AdmPost.php on line 3060.
 1 APPPATH\Controllers\AdmPost.php(3240): App\Controllers\AdmPost->secondsToTime(670.6)
 2 SYSTEMPATH\CodeIgniter.php(934): App\Controllers\AdmPost->relatorio_analitico()
 3 SYSTEMPATH\CodeIgniter.php(499): CodeIgniter\CodeIgniter->runController(Object(App\Controllers\AdmPost))
 4 SYSTEMPATH\CodeIgniter.php(368): CodeIgniter\CodeIgniter->handleRequest(null, Object(Config\Cache), false)
 5 FCPATH\index.php(67): CodeIgniter\CodeIgniter->run()
WARNING - 2024-07-01 18:41:56 --> [DEPRECATED] Implicit conversion from float 9453.557692307691 to int loses precision in APPPATH\Controllers\AdmPost.php on line 3059.
 1 APPPATH\Controllers\AdmPost.php(3240): App\Controllers\AdmPost->secondsToTime(9453.557692307691)
 2 SYSTEMPATH\CodeIgniter.php(934): App\Controllers\AdmPost->relatorio_analitico()
 3 SYSTEMPATH\CodeIgniter.php(499): CodeIgniter\CodeIgniter->runController(Object(App\Controllers\AdmPost))
 4 SYSTEMPATH\CodeIgniter.php(368): CodeIgniter\CodeIgniter->handleRequest(null, Object(Config\Cache), false)
 5 FCPATH\index.php(67): CodeIgniter\CodeIgniter->run()
WARNING - 2024-07-01 18:41:56 --> [DEPRECATED] Implicit conversion from float 9453.557692307691 to int loses precision in APPPATH\Controllers\AdmPost.php on line 3060.
 1 APPPATH\Controllers\AdmPost.php(3240): App\Controllers\AdmPost->secondsToTime(9453.557692307691)
 2 SYSTEMPATH\CodeIgniter.php(934): App\Controllers\AdmPost->relatorio_analitico()
 3 SYSTEMPATH\CodeIgniter.php(499): CodeIgniter\CodeIgniter->runController(Object(App\Controllers\AdmPost))
 4 SYSTEMPATH\CodeIgniter.php(368): CodeIgniter\CodeIgniter->handleRequest(null, Object(Config\Cache), false)
 5 FCPATH\index.php(67): CodeIgniter\CodeIgniter->run()
WARNING - 2024-07-01 18:41:56 --> [DEPRECATED] Implicit conversion from float 670.6 to int loses precision in APPPATH\Controllers\AdmPost.php on line 3059.
 1 APPPATH\Controllers\AdmPost.php(3240): App\Controllers\AdmPost->secondsToTime(670.6)
 2 SYSTEMPATH\CodeIgniter.php(934): App\Controllers\AdmPost->relatorio_analitico()
 3 SYSTEMPATH\CodeIgniter.php(499): CodeIgniter\CodeIgniter->runController(Object(App\Controllers\AdmPost))
 4 SYSTEMPATH\CodeIgniter.php(368): CodeIgniter\CodeIgniter->handleRequest(null, Object(Config\Cache), false)
 5 FCPATH\index.php(67): CodeIgniter\CodeIgniter->run()
WARNING - 2024-07-01 18:41:56 --> [DEPRECATED] Implicit conversion from float 670.6 to int loses precision in APPPATH\Controllers\AdmPost.php on line 3060.
 1 APPPATH\Controllers\AdmPost.php(3240): App\Controllers\AdmPost->secondsToTime(670.6)
 2 SYSTEMPATH\CodeIgniter.php(934): App\Controllers\AdmPost->relatorio_analitico()
 3 SYSTEMPATH\CodeIgniter.php(499): CodeIgniter\CodeIgniter->runController(Object(App\Controllers\AdmPost))
 4 SYSTEMPATH\CodeIgniter.php(368): CodeIgniter\CodeIgniter->handleRequest(null, Object(Config\Cache), false)
 5 FCPATH\index.php(67): CodeIgniter\CodeIgniter->run()
WARNING - 2024-07-01 18:45:54 --> [DEPRECATED] Implicit conversion from float 9453.557692307691 to int loses precision in APPPATH\Controllers\AdmPost.php on line 3059.
 1 APPPATH\Controllers\AdmPost.php(3240): App\Controllers\AdmPost->secondsToTime(9453.557692307691)
 2 SYSTEMPATH\CodeIgniter.php(934): App\Controllers\AdmPost->relatorio_analitico()
 3 SYSTEMPATH\CodeIgniter.php(499): CodeIgniter\CodeIgniter->runController(Object(App\Controllers\AdmPost))
 4 SYSTEMPATH\CodeIgniter.php(368): CodeIgniter\CodeIgniter->handleRequest(null, Object(Config\Cache), false)
 5 FCPATH\index.php(67): CodeIgniter\CodeIgniter->run()
WARNING - 2024-07-01 18:45:54 --> [DEPRECATED] Implicit conversion from float 9453.557692307691 to int loses precision in APPPATH\Controllers\AdmPost.php on line 3060.
 1 APPPATH\Controllers\AdmPost.php(3240): App\Controllers\AdmPost->secondsToTime(9453.557692307691)
 2 SYSTEMPATH\CodeIgniter.php(934): App\Controllers\AdmPost->relatorio_analitico()
 3 SYSTEMPATH\CodeIgniter.php(499): CodeIgniter\CodeIgniter->runController(Object(App\Controllers\AdmPost))
 4 SYSTEMPATH\CodeIgniter.php(368): CodeIgniter\CodeIgniter->handleRequest(null, Object(Config\Cache), false)
 5 FCPATH\index.php(67): CodeIgniter\CodeIgniter->run()
WARNING - 2024-07-01 18:45:54 --> [DEPRECATED] Implicit conversion from float 670.6 to int loses precision in APPPATH\Controllers\AdmPost.php on line 3059.
 1 APPPATH\Controllers\AdmPost.php(3240): App\Controllers\AdmPost->secondsToTime(670.6)
 2 SYSTEMPATH\CodeIgniter.php(934): App\Controllers\AdmPost->relatorio_analitico()
 3 SYSTEMPATH\CodeIgniter.php(499): CodeIgniter\CodeIgniter->runController(Object(App\Controllers\AdmPost))
 4 SYSTEMPATH\CodeIgniter.php(368): CodeIgniter\CodeIgniter->handleRequest(null, Object(Config\Cache), false)
 5 FCPATH\index.php(67): CodeIgniter\CodeIgniter->run()
WARNING - 2024-07-01 18:45:54 --> [DEPRECATED] Implicit conversion from float 670.6 to int loses precision in APPPATH\Controllers\AdmPost.php on line 3060.
 1 APPPATH\Controllers\AdmPost.php(3240): App\Controllers\AdmPost->secondsToTime(670.6)
 2 SYSTEMPATH\CodeIgniter.php(934): App\Controllers\AdmPost->relatorio_analitico()
 3 SYSTEMPATH\CodeIgniter.php(499): CodeIgniter\CodeIgniter->runController(Object(App\Controllers\AdmPost))
 4 SYSTEMPATH\CodeIgniter.php(368): CodeIgniter\CodeIgniter->handleRequest(null, Object(Config\Cache), false)
 5 FCPATH\index.php(67): CodeIgniter\CodeIgniter->run()
WARNING - 2024-07-01 18:46:29 --> [DEPRECATED] Implicit conversion from float 9453.557692307691 to int loses precision in APPPATH\Controllers\AdmPost.php on line 3059.
 1 APPPATH\Controllers\AdmPost.php(3240): App\Controllers\AdmPost->secondsToTime(9453.557692307691)
 2 SYSTEMPATH\CodeIgniter.php(934): App\Controllers\AdmPost->relatorio_analitico()
 3 SYSTEMPATH\CodeIgniter.php(499): CodeIgniter\CodeIgniter->runController(Object(App\Controllers\AdmPost))
 4 SYSTEMPATH\CodeIgniter.php(368): CodeIgniter\CodeIgniter->handleRequest(null, Object(Config\Cache), false)
 5 FCPATH\index.php(67): CodeIgniter\CodeIgniter->run()
WARNING - 2024-07-01 18:46:29 --> [DEPRECATED] Implicit conversion from float 9453.557692307691 to int loses precision in APPPATH\Controllers\AdmPost.php on line 3060.
 1 APPPATH\Controllers\AdmPost.php(3240): App\Controllers\AdmPost->secondsToTime(9453.557692307691)
 2 SYSTEMPATH\CodeIgniter.php(934): App\Controllers\AdmPost->relatorio_analitico()
 3 SYSTEMPATH\CodeIgniter.php(499): CodeIgniter\CodeIgniter->runController(Object(App\Controllers\AdmPost))
 4 SYSTEMPATH\CodeIgniter.php(368): CodeIgniter\CodeIgniter->handleRequest(null, Object(Config\Cache), false)
 5 FCPATH\index.php(67): CodeIgniter\CodeIgniter->run()
WARNING - 2024-07-01 18:46:29 --> [DEPRECATED] Implicit conversion from float 670.6 to int loses precision in APPPATH\Controllers\AdmPost.php on line 3059.
 1 APPPATH\Controllers\AdmPost.php(3240): App\Controllers\AdmPost->secondsToTime(670.6)
 2 SYSTEMPATH\CodeIgniter.php(934): App\Controllers\AdmPost->relatorio_analitico()
 3 SYSTEMPATH\CodeIgniter.php(499): CodeIgniter\CodeIgniter->runController(Object(App\Controllers\AdmPost))
 4 SYSTEMPATH\CodeIgniter.php(368): CodeIgniter\CodeIgniter->handleRequest(null, Object(Config\Cache), false)
 5 FCPATH\index.php(67): CodeIgniter\CodeIgniter->run()
WARNING - 2024-07-01 18:46:29 --> [DEPRECATED] Implicit conversion from float 670.6 to int loses precision in APPPATH\Controllers\AdmPost.php on line 3060.
 1 APPPATH\Controllers\AdmPost.php(3240): App\Controllers\AdmPost->secondsToTime(670.6)
 2 SYSTEMPATH\CodeIgniter.php(934): App\Controllers\AdmPost->relatorio_analitico()
 3 SYSTEMPATH\CodeIgniter.php(499): CodeIgniter\CodeIgniter->runController(Object(App\Controllers\AdmPost))
 4 SYSTEMPATH\CodeIgniter.php(368): CodeIgniter\CodeIgniter->handleRequest(null, Object(Config\Cache), false)
 5 FCPATH\index.php(67): CodeIgniter\CodeIgniter->run()
WARNING - 2024-07-01 18:47:10 --> [DEPRECATED] Implicit conversion from float 9453.557692307691 to int loses precision in APPPATH\Controllers\AdmPost.php on line 3059.
 1 APPPATH\Controllers\AdmPost.php(3240): App\Controllers\AdmPost->secondsToTime(9453.557692307691)
 2 SYSTEMPATH\CodeIgniter.php(934): App\Controllers\AdmPost->relatorio_analitico()
 3 SYSTEMPATH\CodeIgniter.php(499): CodeIgniter\CodeIgniter->runController(Object(App\Controllers\AdmPost))
 4 SYSTEMPATH\CodeIgniter.php(368): CodeIgniter\CodeIgniter->handleRequest(null, Object(Config\Cache), false)
 5 FCPATH\index.php(67): CodeIgniter\CodeIgniter->run()
WARNING - 2024-07-01 18:47:10 --> [DEPRECATED] Implicit conversion from float 9453.557692307691 to int loses precision in APPPATH\Controllers\AdmPost.php on line 3060.
 1 APPPATH\Controllers\AdmPost.php(3240): App\Controllers\AdmPost->secondsToTime(9453.557692307691)
 2 SYSTEMPATH\CodeIgniter.php(934): App\Controllers\AdmPost->relatorio_analitico()
 3 SYSTEMPATH\CodeIgniter.php(499): CodeIgniter\CodeIgniter->runController(Object(App\Controllers\AdmPost))
 4 SYSTEMPATH\CodeIgniter.php(368): CodeIgniter\CodeIgniter->handleRequest(null, Object(Config\Cache), false)
 5 FCPATH\index.php(67): CodeIgniter\CodeIgniter->run()
WARNING - 2024-07-01 18:47:10 --> [DEPRECATED] Implicit conversion from float 670.6 to int loses precision in APPPATH\Controllers\AdmPost.php on line 3059.
 1 APPPATH\Controllers\AdmPost.php(3240): App\Controllers\AdmPost->secondsToTime(670.6)
 2 SYSTEMPATH\CodeIgniter.php(934): App\Controllers\AdmPost->relatorio_analitico()
 3 SYSTEMPATH\CodeIgniter.php(499): CodeIgniter\CodeIgniter->runController(Object(App\Controllers\AdmPost))
 4 SYSTEMPATH\CodeIgniter.php(368): CodeIgniter\CodeIgniter->handleRequest(null, Object(Config\Cache), false)
 5 FCPATH\index.php(67): CodeIgniter\CodeIgniter->run()
WARNING - 2024-07-01 18:47:10 --> [DEPRECATED] Implicit conversion from float 670.6 to int loses precision in APPPATH\Controllers\AdmPost.php on line 3060.
 1 APPPATH\Controllers\AdmPost.php(3240): App\Controllers\AdmPost->secondsToTime(670.6)
 2 SYSTEMPATH\CodeIgniter.php(934): App\Controllers\AdmPost->relatorio_analitico()
 3 SYSTEMPATH\CodeIgniter.php(499): CodeIgniter\CodeIgniter->runController(Object(App\Controllers\AdmPost))
 4 SYSTEMPATH\CodeIgniter.php(368): CodeIgniter\CodeIgniter->handleRequest(null, Object(Config\Cache), false)
 5 FCPATH\index.php(67): CodeIgniter\CodeIgniter->run()
WARNING - 2024-07-01 18:49:40 --> [DEPRECATED] Implicit conversion from float 9453.557692307691 to int loses precision in APPPATH\Controllers\AdmPost.php on line 3059.
 1 APPPATH\Controllers\AdmPost.php(3240): App\Controllers\AdmPost->secondsToTime(9453.557692307691)
 2 SYSTEMPATH\CodeIgniter.php(934): App\Controllers\AdmPost->relatorio_analitico()
 3 SYSTEMPATH\CodeIgniter.php(499): CodeIgniter\CodeIgniter->runController(Object(App\Controllers\AdmPost))
 4 SYSTEMPATH\CodeIgniter.php(368): CodeIgniter\CodeIgniter->handleRequest(null, Object(Config\Cache), false)
 5 FCPATH\index.php(67): CodeIgniter\CodeIgniter->run()
WARNING - 2024-07-01 18:49:40 --> [DEPRECATED] Implicit conversion from float 9453.557692307691 to int loses precision in APPPATH\Controllers\AdmPost.php on line 3060.
 1 APPPATH\Controllers\AdmPost.php(3240): App\Controllers\AdmPost->secondsToTime(9453.557692307691)
 2 SYSTEMPATH\CodeIgniter.php(934): App\Controllers\AdmPost->relatorio_analitico()
 3 SYSTEMPATH\CodeIgniter.php(499): CodeIgniter\CodeIgniter->runController(Object(App\Controllers\AdmPost))
 4 SYSTEMPATH\CodeIgniter.php(368): CodeIgniter\CodeIgniter->handleRequest(null, Object(Config\Cache), false)
 5 FCPATH\index.php(67): CodeIgniter\CodeIgniter->run()
WARNING - 2024-07-01 18:49:40 --> [DEPRECATED] Implicit conversion from float 670.6 to int loses precision in APPPATH\Controllers\AdmPost.php on line 3059.
 1 APPPATH\Controllers\AdmPost.php(3240): App\Controllers\AdmPost->secondsToTime(670.6)
 2 SYSTEMPATH\CodeIgniter.php(934): App\Controllers\AdmPost->relatorio_analitico()
 3 SYSTEMPATH\CodeIgniter.php(499): CodeIgniter\CodeIgniter->runController(Object(App\Controllers\AdmPost))
 4 SYSTEMPATH\CodeIgniter.php(368): CodeIgniter\CodeIgniter->handleRequest(null, Object(Config\Cache), false)
 5 FCPATH\index.php(67): CodeIgniter\CodeIgniter->run()
WARNING - 2024-07-01 18:49:40 --> [DEPRECATED] Implicit conversion from float 670.6 to int loses precision in APPPATH\Controllers\AdmPost.php on line 3060.
 1 APPPATH\Controllers\AdmPost.php(3240): App\Controllers\AdmPost->secondsToTime(670.6)
 2 SYSTEMPATH\CodeIgniter.php(934): App\Controllers\AdmPost->relatorio_analitico()
 3 SYSTEMPATH\CodeIgniter.php(499): CodeIgniter\CodeIgniter->runController(Object(App\Controllers\AdmPost))
 4 SYSTEMPATH\CodeIgniter.php(368): CodeIgniter\CodeIgniter->handleRequest(null, Object(Config\Cache), false)
 5 FCPATH\index.php(67): CodeIgniter\CodeIgniter->run()
WARNING - 2024-07-01 18:51:38 --> [DEPRECATED] Implicit conversion from float 9453.557692307691 to int loses precision in APPPATH\Controllers\AdmPost.php on line 3059.
 1 APPPATH\Controllers\AdmPost.php(3240): App\Controllers\AdmPost->secondsToTime(9453.557692307691)
 2 SYSTEMPATH\CodeIgniter.php(934): App\Controllers\AdmPost->relatorio_analitico()
 3 SYSTEMPATH\CodeIgniter.php(499): CodeIgniter\CodeIgniter->runController(Object(App\Controllers\AdmPost))
 4 SYSTEMPATH\CodeIgniter.php(368): CodeIgniter\CodeIgniter->handleRequest(null, Object(Config\Cache), false)
 5 FCPATH\index.php(67): CodeIgniter\CodeIgniter->run()
WARNING - 2024-07-01 18:51:38 --> [DEPRECATED] Implicit conversion from float 9453.557692307691 to int loses precision in APPPATH\Controllers\AdmPost.php on line 3060.
 1 APPPATH\Controllers\AdmPost.php(3240): App\Controllers\AdmPost->secondsToTime(9453.557692307691)
 2 SYSTEMPATH\CodeIgniter.php(934): App\Controllers\AdmPost->relatorio_analitico()
 3 SYSTEMPATH\CodeIgniter.php(499): CodeIgniter\CodeIgniter->runController(Object(App\Controllers\AdmPost))
 4 SYSTEMPATH\CodeIgniter.php(368): CodeIgniter\CodeIgniter->handleRequest(null, Object(Config\Cache), false)
 5 FCPATH\index.php(67): CodeIgniter\CodeIgniter->run()
WARNING - 2024-07-01 18:51:38 --> [DEPRECATED] Implicit conversion from float 670.6 to int loses precision in APPPATH\Controllers\AdmPost.php on line 3059.
 1 APPPATH\Controllers\AdmPost.php(3240): App\Controllers\AdmPost->secondsToTime(670.6)
 2 SYSTEMPATH\CodeIgniter.php(934): App\Controllers\AdmPost->relatorio_analitico()
 3 SYSTEMPATH\CodeIgniter.php(499): CodeIgniter\CodeIgniter->runController(Object(App\Controllers\AdmPost))
 4 SYSTEMPATH\CodeIgniter.php(368): CodeIgniter\CodeIgniter->handleRequest(null, Object(Config\Cache), false)
 5 FCPATH\index.php(67): CodeIgniter\CodeIgniter->run()
WARNING - 2024-07-01 18:51:38 --> [DEPRECATED] Implicit conversion from float 670.6 to int loses precision in APPPATH\Controllers\AdmPost.php on line 3060.
 1 APPPATH\Controllers\AdmPost.php(3240): App\Controllers\AdmPost->secondsToTime(670.6)
 2 SYSTEMPATH\CodeIgniter.php(934): App\Controllers\AdmPost->relatorio_analitico()
 3 SYSTEMPATH\CodeIgniter.php(499): CodeIgniter\CodeIgniter->runController(Object(App\Controllers\AdmPost))
 4 SYSTEMPATH\CodeIgniter.php(368): CodeIgniter\CodeIgniter->handleRequest(null, Object(Config\Cache), false)
 5 FCPATH\index.php(67): CodeIgniter\CodeIgniter->run()
WARNING - 2024-07-01 18:52:21 --> [DEPRECATED] Implicit conversion from float 9453.557692307691 to int loses precision in APPPATH\Controllers\AdmPost.php on line 3059.
 1 APPPATH\Controllers\AdmPost.php(3240): App\Controllers\AdmPost->secondsToTime(9453.557692307691)
 2 SYSTEMPATH\CodeIgniter.php(934): App\Controllers\AdmPost->relatorio_analitico()
 3 SYSTEMPATH\CodeIgniter.php(499): CodeIgniter\CodeIgniter->runController(Object(App\Controllers\AdmPost))
 4 SYSTEMPATH\CodeIgniter.php(368): CodeIgniter\CodeIgniter->handleRequest(null, Object(Config\Cache), false)
 5 FCPATH\index.php(67): CodeIgniter\CodeIgniter->run()
WARNING - 2024-07-01 18:52:21 --> [DEPRECATED] Implicit conversion from float 9453.557692307691 to int loses precision in APPPATH\Controllers\AdmPost.php on line 3060.
 1 APPPATH\Controllers\AdmPost.php(3240): App\Controllers\AdmPost->secondsToTime(9453.557692307691)
 2 SYSTEMPATH\CodeIgniter.php(934): App\Controllers\AdmPost->relatorio_analitico()
 3 SYSTEMPATH\CodeIgniter.php(499): CodeIgniter\CodeIgniter->runController(Object(App\Controllers\AdmPost))
 4 SYSTEMPATH\CodeIgniter.php(368): CodeIgniter\CodeIgniter->handleRequest(null, Object(Config\Cache), false)
 5 FCPATH\index.php(67): CodeIgniter\CodeIgniter->run()
WARNING - 2024-07-01 18:52:21 --> [DEPRECATED] Implicit conversion from float 670.6 to int loses precision in APPPATH\Controllers\AdmPost.php on line 3059.
 1 APPPATH\Controllers\AdmPost.php(3240): App\Controllers\AdmPost->secondsToTime(670.6)
 2 SYSTEMPATH\CodeIgniter.php(934): App\Controllers\AdmPost->relatorio_analitico()
 3 SYSTEMPATH\CodeIgniter.php(499): CodeIgniter\CodeIgniter->runController(Object(App\Controllers\AdmPost))
 4 SYSTEMPATH\CodeIgniter.php(368): CodeIgniter\CodeIgniter->handleRequest(null, Object(Config\Cache), false)
 5 FCPATH\index.php(67): CodeIgniter\CodeIgniter->run()
WARNING - 2024-07-01 18:52:21 --> [DEPRECATED] Implicit conversion from float 670.6 to int loses precision in APPPATH\Controllers\AdmPost.php on line 3060.
 1 APPPATH\Controllers\AdmPost.php(3240): App\Controllers\AdmPost->secondsToTime(670.6)
 2 SYSTEMPATH\CodeIgniter.php(934): App\Controllers\AdmPost->relatorio_analitico()
 3 SYSTEMPATH\CodeIgniter.php(499): CodeIgniter\CodeIgniter->runController(Object(App\Controllers\AdmPost))
 4 SYSTEMPATH\CodeIgniter.php(368): CodeIgniter\CodeIgniter->handleRequest(null, Object(Config\Cache), false)
 5 FCPATH\index.php(67): CodeIgniter\CodeIgniter->run()
WARNING - 2024-07-01 18:52:45 --> [DEPRECATED] Implicit conversion from float 9453.557692307691 to int loses precision in APPPATH\Controllers\AdmPost.php on line 3059.
 1 APPPATH\Controllers\AdmPost.php(3240): App\Controllers\AdmPost->secondsToTime(9453.557692307691)
 2 SYSTEMPATH\CodeIgniter.php(934): App\Controllers\AdmPost->relatorio_analitico()
 3 SYSTEMPATH\CodeIgniter.php(499): CodeIgniter\CodeIgniter->runController(Object(App\Controllers\AdmPost))
 4 SYSTEMPATH\CodeIgniter.php(368): CodeIgniter\CodeIgniter->handleRequest(null, Object(Config\Cache), false)
 5 FCPATH\index.php(67): CodeIgniter\CodeIgniter->run()
WARNING - 2024-07-01 18:52:45 --> [DEPRECATED] Implicit conversion from float 9453.557692307691 to int loses precision in APPPATH\Controllers\AdmPost.php on line 3060.
 1 APPPATH\Controllers\AdmPost.php(3240): App\Controllers\AdmPost->secondsToTime(9453.557692307691)
 2 SYSTEMPATH\CodeIgniter.php(934): App\Controllers\AdmPost->relatorio_analitico()
 3 SYSTEMPATH\CodeIgniter.php(499): CodeIgniter\CodeIgniter->runController(Object(App\Controllers\AdmPost))
 4 SYSTEMPATH\CodeIgniter.php(368): CodeIgniter\CodeIgniter->handleRequest(null, Object(Config\Cache), false)
 5 FCPATH\index.php(67): CodeIgniter\CodeIgniter->run()
WARNING - 2024-07-01 18:52:45 --> [DEPRECATED] Implicit conversion from float 670.6 to int loses precision in APPPATH\Controllers\AdmPost.php on line 3059.
 1 APPPATH\Controllers\AdmPost.php(3240): App\Controllers\AdmPost->secondsToTime(670.6)
 2 SYSTEMPATH\CodeIgniter.php(934): App\Controllers\AdmPost->relatorio_analitico()
 3 SYSTEMPATH\CodeIgniter.php(499): CodeIgniter\CodeIgniter->runController(Object(App\Controllers\AdmPost))
 4 SYSTEMPATH\CodeIgniter.php(368): CodeIgniter\CodeIgniter->handleRequest(null, Object(Config\Cache), false)
 5 FCPATH\index.php(67): CodeIgniter\CodeIgniter->run()
WARNING - 2024-07-01 18:52:45 --> [DEPRECATED] Implicit conversion from float 670.6 to int loses precision in APPPATH\Controllers\AdmPost.php on line 3060.
 1 APPPATH\Controllers\AdmPost.php(3240): App\Controllers\AdmPost->secondsToTime(670.6)
 2 SYSTEMPATH\CodeIgniter.php(934): App\Controllers\AdmPost->relatorio_analitico()
 3 SYSTEMPATH\CodeIgniter.php(499): CodeIgniter\CodeIgniter->runController(Object(App\Controllers\AdmPost))
 4 SYSTEMPATH\CodeIgniter.php(368): CodeIgniter\CodeIgniter->handleRequest(null, Object(Config\Cache), false)
 5 FCPATH\index.php(67): CodeIgniter\CodeIgniter->run()
CRITICAL - 2024-07-01 21:55:48 --> syntax error, unexpected token "."
in APPPATH\Controllers\AdmPost.php on line 3270.
 1 SYSTEMPATH\Autoloader\Autoloader.php(289): CodeIgniter\Autoloader\Autoloader->includeFile('C:\\xampp\\htdocs\\codi\\app\\Controllers\\AdmPost.php')
 2 SYSTEMPATH\Autoloader\Autoloader.php(267): CodeIgniter\Autoloader\Autoloader->loadInNamespace('App\\Controllers\\AdmPost')
 3 [internal function]: CodeIgniter\Autoloader\Autoloader->loadClass('App\\Controllers\\AdmPost')
 4 SYSTEMPATH\CodeIgniter.php(892): class_exists('\\App\\Controllers\\AdmPost', true)
 5 SYSTEMPATH\CodeIgniter.php(486): CodeIgniter\CodeIgniter->startController()
 6 SYSTEMPATH\CodeIgniter.php(368): CodeIgniter\CodeIgniter->handleRequest(null, Object(Config\Cache), false)
 7 FCPATH\index.php(67): CodeIgniter\CodeIgniter->run()
WARNING - 2024-07-01 18:55:54 --> [DEPRECATED] Implicit conversion from float 9453.557692307691 to int loses precision in APPPATH\Controllers\AdmPost.php on line 3059.
 1 APPPATH\Controllers\AdmPost.php(3240): App\Controllers\AdmPost->secondsToTime(9453.557692307691)
 2 SYSTEMPATH\CodeIgniter.php(934): App\Controllers\AdmPost->relatorio_analitico()
 3 SYSTEMPATH\CodeIgniter.php(499): CodeIgniter\CodeIgniter->runController(Object(App\Controllers\AdmPost))
 4 SYSTEMPATH\CodeIgniter.php(368): CodeIgniter\CodeIgniter->handleRequest(null, Object(Config\Cache), false)
 5 FCPATH\index.php(67): CodeIgniter\CodeIgniter->run()
WARNING - 2024-07-01 18:55:54 --> [DEPRECATED] Implicit conversion from float 9453.557692307691 to int loses precision in APPPATH\Controllers\AdmPost.php on line 3060.
 1 APPPATH\Controllers\AdmPost.php(3240): App\Controllers\AdmPost->secondsToTime(9453.557692307691)
 2 SYSTEMPATH\CodeIgniter.php(934): App\Controllers\AdmPost->relatorio_analitico()
 3 SYSTEMPATH\CodeIgniter.php(499): CodeIgniter\CodeIgniter->runController(Object(App\Controllers\AdmPost))
 4 SYSTEMPATH\CodeIgniter.php(368): CodeIgniter\CodeIgniter->handleRequest(null, Object(Config\Cache), false)
 5 FCPATH\index.php(67): CodeIgniter\CodeIgniter->run()
WARNING - 2024-07-01 18:55:54 --> [DEPRECATED] Implicit conversion from float 670.6 to int loses precision in APPPATH\Controllers\AdmPost.php on line 3059.
 1 APPPATH\Controllers\AdmPost.php(3240): App\Controllers\AdmPost->secondsToTime(670.6)
 2 SYSTEMPATH\CodeIgniter.php(934): App\Controllers\AdmPost->relatorio_analitico()
 3 SYSTEMPATH\CodeIgniter.php(499): CodeIgniter\CodeIgniter->runController(Object(App\Controllers\AdmPost))
 4 SYSTEMPATH\CodeIgniter.php(368): CodeIgniter\CodeIgniter->handleRequest(null, Object(Config\Cache), false)
 5 FCPATH\index.php(67): CodeIgniter\CodeIgniter->run()
WARNING - 2024-07-01 18:55:54 --> [DEPRECATED] Implicit conversion from float 670.6 to int loses precision in APPPATH\Controllers\AdmPost.php on line 3060.
 1 APPPATH\Controllers\AdmPost.php(3240): App\Controllers\AdmPost->secondsToTime(670.6)
 2 SYSTEMPATH\CodeIgniter.php(934): App\Controllers\AdmPost->relatorio_analitico()
 3 SYSTEMPATH\CodeIgniter.php(499): CodeIgniter\CodeIgniter->runController(Object(App\Controllers\AdmPost))
 4 SYSTEMPATH\CodeIgniter.php(368): CodeIgniter\CodeIgniter->handleRequest(null, Object(Config\Cache), false)
 5 FCPATH\index.php(67): CodeIgniter\CodeIgniter->run()
CRITICAL - 2024-07-01 18:55:54 --> Undefined array key 1
in APPPATH\Controllers\AdmPost.php on line 3052.
 1 APPPATH\Controllers\AdmPost.php(3052): CodeIgniter\Debug\Exceptions->errorHandler(2, 'Undefined array key 1', 'C:\\xampp\\htdocs\\codi\\app\\Controllers\\AdmPost.php', 3052)
 2 APPPATH\Controllers\AdmPost.php(3270): App\Controllers\AdmPost->timeToSeconds(1714532400)
 3 SYSTEMPATH\CodeIgniter.php(934): App\Controllers\AdmPost->relatorio_analitico()
 4 SYSTEMPATH\CodeIgniter.php(499): CodeIgniter\CodeIgniter->runController(Object(App\Controllers\AdmPost))
 5 SYSTEMPATH\CodeIgniter.php(368): CodeIgniter\CodeIgniter->handleRequest(null, Object(Config\Cache), false)
 6 FCPATH\index.php(67): CodeIgniter\CodeIgniter->run()
WARNING - 2024-07-01 18:56:13 --> [DEPRECATED] Implicit conversion from float 9453.557692307691 to int loses precision in APPPATH\Controllers\AdmPost.php on line 3059.
 1 APPPATH\Controllers\AdmPost.php(3240): App\Controllers\AdmPost->secondsToTime(9453.557692307691)
 2 SYSTEMPATH\CodeIgniter.php(934): App\Controllers\AdmPost->relatorio_analitico()
 3 SYSTEMPATH\CodeIgniter.php(499): CodeIgniter\CodeIgniter->runController(Object(App\Controllers\AdmPost))
 4 SYSTEMPATH\CodeIgniter.php(368): CodeIgniter\CodeIgniter->handleRequest(null, Object(Config\Cache), false)
 5 FCPATH\index.php(67): CodeIgniter\CodeIgniter->run()
WARNING - 2024-07-01 18:56:13 --> [DEPRECATED] Implicit conversion from float 9453.557692307691 to int loses precision in APPPATH\Controllers\AdmPost.php on line 3060.
 1 APPPATH\Controllers\AdmPost.php(3240): App\Controllers\AdmPost->secondsToTime(9453.557692307691)
 2 SYSTEMPATH\CodeIgniter.php(934): App\Controllers\AdmPost->relatorio_analitico()
 3 SYSTEMPATH\CodeIgniter.php(499): CodeIgniter\CodeIgniter->runController(Object(App\Controllers\AdmPost))
 4 SYSTEMPATH\CodeIgniter.php(368): CodeIgniter\CodeIgniter->handleRequest(null, Object(Config\Cache), false)
 5 FCPATH\index.php(67): CodeIgniter\CodeIgniter->run()
WARNING - 2024-07-01 18:56:13 --> [DEPRECATED] Implicit conversion from float 670.6 to int loses precision in APPPATH\Controllers\AdmPost.php on line 3059.
 1 APPPATH\Controllers\AdmPost.php(3240): App\Controllers\AdmPost->secondsToTime(670.6)
 2 SYSTEMPATH\CodeIgniter.php(934): App\Controllers\AdmPost->relatorio_analitico()
 3 SYSTEMPATH\CodeIgniter.php(499): CodeIgniter\CodeIgniter->runController(Object(App\Controllers\AdmPost))
 4 SYSTEMPATH\CodeIgniter.php(368): CodeIgniter\CodeIgniter->handleRequest(null, Object(Config\Cache), false)
 5 FCPATH\index.php(67): CodeIgniter\CodeIgniter->run()
WARNING - 2024-07-01 18:56:13 --> [DEPRECATED] Implicit conversion from float 670.6 to int loses precision in APPPATH\Controllers\AdmPost.php on line 3060.
 1 APPPATH\Controllers\AdmPost.php(3240): App\Controllers\AdmPost->secondsToTime(670.6)
 2 SYSTEMPATH\CodeIgniter.php(934): App\Controllers\AdmPost->relatorio_analitico()
 3 SYSTEMPATH\CodeIgniter.php(499): CodeIgniter\CodeIgniter->runController(Object(App\Controllers\AdmPost))
 4 SYSTEMPATH\CodeIgniter.php(368): CodeIgniter\CodeIgniter->handleRequest(null, Object(Config\Cache), false)
 5 FCPATH\index.php(67): CodeIgniter\CodeIgniter->run()
WARNING - 2024-07-01 18:56:27 --> [DEPRECATED] Implicit conversion from float 9453.557692307691 to int loses precision in APPPATH\Controllers\AdmPost.php on line 3059.
 1 APPPATH\Controllers\AdmPost.php(3240): App\Controllers\AdmPost->secondsToTime(9453.557692307691)
 2 SYSTEMPATH\CodeIgniter.php(934): App\Controllers\AdmPost->relatorio_analitico()
 3 SYSTEMPATH\CodeIgniter.php(499): CodeIgniter\CodeIgniter->runController(Object(App\Controllers\AdmPost))
 4 SYSTEMPATH\CodeIgniter.php(368): CodeIgniter\CodeIgniter->handleRequest(null, Object(Config\Cache), false)
 5 FCPATH\index.php(67): CodeIgniter\CodeIgniter->run()
WARNING - 2024-07-01 18:56:27 --> [DEPRECATED] Implicit conversion from float 9453.557692307691 to int loses precision in APPPATH\Controllers\AdmPost.php on line 3060.
 1 APPPATH\Controllers\AdmPost.php(3240): App\Controllers\AdmPost->secondsToTime(9453.557692307691)
 2 SYSTEMPATH\CodeIgniter.php(934): App\Controllers\AdmPost->relatorio_analitico()
 3 SYSTEMPATH\CodeIgniter.php(499): CodeIgniter\CodeIgniter->runController(Object(App\Controllers\AdmPost))
 4 SYSTEMPATH\CodeIgniter.php(368): CodeIgniter\CodeIgniter->handleRequest(null, Object(Config\Cache), false)
 5 FCPATH\index.php(67): CodeIgniter\CodeIgniter->run()
WARNING - 2024-07-01 18:56:27 --> [DEPRECATED] Implicit conversion from float 670.6 to int loses precision in APPPATH\Controllers\AdmPost.php on line 3059.
 1 APPPATH\Controllers\AdmPost.php(3240): App\Controllers\AdmPost->secondsToTime(670.6)
 2 SYSTEMPATH\CodeIgniter.php(934): App\Controllers\AdmPost->relatorio_analitico()
 3 SYSTEMPATH\CodeIgniter.php(499): CodeIgniter\CodeIgniter->runController(Object(App\Controllers\AdmPost))
 4 SYSTEMPATH\CodeIgniter.php(368): CodeIgniter\CodeIgniter->handleRequest(null, Object(Config\Cache), false)
 5 FCPATH\index.php(67): CodeIgniter\CodeIgniter->run()
WARNING - 2024-07-01 18:56:27 --> [DEPRECATED] Implicit conversion from float 670.6 to int loses precision in APPPATH\Controllers\AdmPost.php on line 3060.
 1 APPPATH\Controllers\AdmPost.php(3240): App\Controllers\AdmPost->secondsToTime(670.6)
 2 SYSTEMPATH\CodeIgniter.php(934): App\Controllers\AdmPost->relatorio_analitico()
 3 SYSTEMPATH\CodeIgniter.php(499): CodeIgniter\CodeIgniter->runController(Object(App\Controllers\AdmPost))
 4 SYSTEMPATH\CodeIgniter.php(368): CodeIgniter\CodeIgniter->handleRequest(null, Object(Config\Cache), false)
 5 FCPATH\index.php(67): CodeIgniter\CodeIgniter->run()
CRITICAL - 2024-07-01 18:56:27 --> Undefined array key 1
in APPPATH\Controllers\AdmPost.php on line 3052.
 1 APPPATH\Controllers\AdmPost.php(3052): CodeIgniter\Debug\Exceptions->errorHandler(2, 'Undefined array key 1', 'C:\\xampp\\htdocs\\codi\\app\\Controllers\\AdmPost.php', 3052)
 2 APPPATH\Controllers\AdmPost.php(3270): App\Controllers\AdmPost->timeToSeconds(1714532400)
 3 SYSTEMPATH\CodeIgniter.php(934): App\Controllers\AdmPost->relatorio_analitico()
 4 SYSTEMPATH\CodeIgniter.php(499): CodeIgniter\CodeIgniter->runController(Object(App\Controllers\AdmPost))
 5 SYSTEMPATH\CodeIgniter.php(368): CodeIgniter\CodeIgniter->handleRequest(null, Object(Config\Cache), false)
 6 FCPATH\index.php(67): CodeIgniter\CodeIgniter->run()
WARNING - 2024-07-01 19:05:24 --> [DEPRECATED] Implicit conversion from float 9453.557692307691 to int loses precision in APPPATH\Controllers\AdmPost.php on line 3059.
 1 APPPATH\Controllers\AdmPost.php(3240): App\Controllers\AdmPost->secondsToTime(9453.557692307691)
 2 SYSTEMPATH\CodeIgniter.php(934): App\Controllers\AdmPost->relatorio_analitico()
 3 SYSTEMPATH\CodeIgniter.php(499): CodeIgniter\CodeIgniter->runController(Object(App\Controllers\AdmPost))
 4 SYSTEMPATH\CodeIgniter.php(368): CodeIgniter\CodeIgniter->handleRequest(null, Object(Config\Cache), false)
 5 FCPATH\index.php(67): CodeIgniter\CodeIgniter->run()
WARNING - 2024-07-01 19:05:24 --> [DEPRECATED] Implicit conversion from float 9453.557692307691 to int loses precision in APPPATH\Controllers\AdmPost.php on line 3060.
 1 APPPATH\Controllers\AdmPost.php(3240): App\Controllers\AdmPost->secondsToTime(9453.557692307691)
 2 SYSTEMPATH\CodeIgniter.php(934): App\Controllers\AdmPost->relatorio_analitico()
 3 SYSTEMPATH\CodeIgniter.php(499): CodeIgniter\CodeIgniter->runController(Object(App\Controllers\AdmPost))
 4 SYSTEMPATH\CodeIgniter.php(368): CodeIgniter\CodeIgniter->handleRequest(null, Object(Config\Cache), false)
 5 FCPATH\index.php(67): CodeIgniter\CodeIgniter->run()
WARNING - 2024-07-01 19:05:24 --> [DEPRECATED] Implicit conversion from float 670.6 to int loses precision in APPPATH\Controllers\AdmPost.php on line 3059.
 1 APPPATH\Controllers\AdmPost.php(3240): App\Controllers\AdmPost->secondsToTime(670.6)
 2 SYSTEMPATH\CodeIgniter.php(934): App\Controllers\AdmPost->relatorio_analitico()
 3 SYSTEMPATH\CodeIgniter.php(499): CodeIgniter\CodeIgniter->runController(Object(App\Controllers\AdmPost))
 4 SYSTEMPATH\CodeIgniter.php(368): CodeIgniter\CodeIgniter->handleRequest(null, Object(Config\Cache), false)
 5 FCPATH\index.php(67): CodeIgniter\CodeIgniter->run()
WARNING - 2024-07-01 19:05:24 --> [DEPRECATED] Implicit conversion from float 670.6 to int loses precision in APPPATH\Controllers\AdmPost.php on line 3060.
 1 APPPATH\Controllers\AdmPost.php(3240): App\Controllers\AdmPost->secondsToTime(670.6)
 2 SYSTEMPATH\CodeIgniter.php(934): App\Controllers\AdmPost->relatorio_analitico()
 3 SYSTEMPATH\CodeIgniter.php(499): CodeIgniter\CodeIgniter->runController(Object(App\Controllers\AdmPost))
 4 SYSTEMPATH\CodeIgniter.php(368): CodeIgniter\CodeIgniter->handleRequest(null, Object(Config\Cache), false)
 5 FCPATH\index.php(67): CodeIgniter\CodeIgniter->run()
WARNING - 2024-07-01 19:06:18 --> [DEPRECATED] Implicit conversion from float 9453.557692307691 to int loses precision in APPPATH\Controllers\AdmPost.php on line 3059.
 1 APPPATH\Controllers\AdmPost.php(3240): App\Controllers\AdmPost->secondsToTime(9453.557692307691)
 2 SYSTEMPATH\CodeIgniter.php(934): App\Controllers\AdmPost->relatorio_analitico()
 3 SYSTEMPATH\CodeIgniter.php(499): CodeIgniter\CodeIgniter->runController(Object(App\Controllers\AdmPost))
 4 SYSTEMPATH\CodeIgniter.php(368): CodeIgniter\CodeIgniter->handleRequest(null, Object(Config\Cache), false)
 5 FCPATH\index.php(67): CodeIgniter\CodeIgniter->run()
WARNING - 2024-07-01 19:06:18 --> [DEPRECATED] Implicit conversion from float 9453.557692307691 to int loses precision in APPPATH\Controllers\AdmPost.php on line 3060.
 1 APPPATH\Controllers\AdmPost.php(3240): App\Controllers\AdmPost->secondsToTime(9453.557692307691)
 2 SYSTEMPATH\CodeIgniter.php(934): App\Controllers\AdmPost->relatorio_analitico()
 3 SYSTEMPATH\CodeIgniter.php(499): CodeIgniter\CodeIgniter->runController(Object(App\Controllers\AdmPost))
 4 SYSTEMPATH\CodeIgniter.php(368): CodeIgniter\CodeIgniter->handleRequest(null, Object(Config\Cache), false)
 5 FCPATH\index.php(67): CodeIgniter\CodeIgniter->run()
WARNING - 2024-07-01 19:06:18 --> [DEPRECATED] Implicit conversion from float 670.6 to int loses precision in APPPATH\Controllers\AdmPost.php on line 3059.
 1 APPPATH\Controllers\AdmPost.php(3240): App\Controllers\AdmPost->secondsToTime(670.6)
 2 SYSTEMPATH\CodeIgniter.php(934): App\Controllers\AdmPost->relatorio_analitico()
 3 SYSTEMPATH\CodeIgniter.php(499): CodeIgniter\CodeIgniter->runController(Object(App\Controllers\AdmPost))
 4 SYSTEMPATH\CodeIgniter.php(368): CodeIgniter\CodeIgniter->handleRequest(null, Object(Config\Cache), false)
 5 FCPATH\index.php(67): CodeIgniter\CodeIgniter->run()
WARNING - 2024-07-01 19:06:18 --> [DEPRECATED] Implicit conversion from float 670.6 to int loses precision in APPPATH\Controllers\AdmPost.php on line 3060.
 1 APPPATH\Controllers\AdmPost.php(3240): App\Controllers\AdmPost->secondsToTime(670.6)
 2 SYSTEMPATH\CodeIgniter.php(934): App\Controllers\AdmPost->relatorio_analitico()
 3 SYSTEMPATH\CodeIgniter.php(499): CodeIgniter\CodeIgniter->runController(Object(App\Controllers\AdmPost))
 4 SYSTEMPATH\CodeIgniter.php(368): CodeIgniter\CodeIgniter->handleRequest(null, Object(Config\Cache), false)
 5 FCPATH\index.php(67): CodeIgniter\CodeIgniter->run()
WARNING - 2024-07-01 19:09:40 --> [DEPRECATED] Implicit conversion from float 9453.557692307691 to int loses precision in APPPATH\Controllers\AdmPost.php on line 3059.
 1 APPPATH\Controllers\AdmPost.php(3240): App\Controllers\AdmPost->secondsToTime(9453.557692307691)
 2 SYSTEMPATH\CodeIgniter.php(934): App\Controllers\AdmPost->relatorio_analitico()
 3 SYSTEMPATH\CodeIgniter.php(499): CodeIgniter\CodeIgniter->runController(Object(App\Controllers\AdmPost))
 4 SYSTEMPATH\CodeIgniter.php(368): CodeIgniter\CodeIgniter->handleRequest(null, Object(Config\Cache), false)
 5 FCPATH\index.php(67): CodeIgniter\CodeIgniter->run()
WARNING - 2024-07-01 19:09:40 --> [DEPRECATED] Implicit conversion from float 9453.557692307691 to int loses precision in APPPATH\Controllers\AdmPost.php on line 3060.
 1 APPPATH\Controllers\AdmPost.php(3240): App\Controllers\AdmPost->secondsToTime(9453.557692307691)
 2 SYSTEMPATH\CodeIgniter.php(934): App\Controllers\AdmPost->relatorio_analitico()
 3 SYSTEMPATH\CodeIgniter.php(499): CodeIgniter\CodeIgniter->runController(Object(App\Controllers\AdmPost))
 4 SYSTEMPATH\CodeIgniter.php(368): CodeIgniter\CodeIgniter->handleRequest(null, Object(Config\Cache), false)
 5 FCPATH\index.php(67): CodeIgniter\CodeIgniter->run()
WARNING - 2024-07-01 19:09:40 --> [DEPRECATED] Implicit conversion from float 670.6 to int loses precision in APPPATH\Controllers\AdmPost.php on line 3059.
 1 APPPATH\Controllers\AdmPost.php(3240): App\Controllers\AdmPost->secondsToTime(670.6)
 2 SYSTEMPATH\CodeIgniter.php(934): App\Controllers\AdmPost->relatorio_analitico()
 3 SYSTEMPATH\CodeIgniter.php(499): CodeIgniter\CodeIgniter->runController(Object(App\Controllers\AdmPost))
 4 SYSTEMPATH\CodeIgniter.php(368): CodeIgniter\CodeIgniter->handleRequest(null, Object(Config\Cache), false)
 5 FCPATH\index.php(67): CodeIgniter\CodeIgniter->run()
WARNING - 2024-07-01 19:09:40 --> [DEPRECATED] Implicit conversion from float 670.6 to int loses precision in APPPATH\Controllers\AdmPost.php on line 3060.
 1 APPPATH\Controllers\AdmPost.php(3240): App\Controllers\AdmPost->secondsToTime(670.6)
 2 SYSTEMPATH\CodeIgniter.php(934): App\Controllers\AdmPost->relatorio_analitico()
 3 SYSTEMPATH\CodeIgniter.php(499): CodeIgniter\CodeIgniter->runController(Object(App\Controllers\AdmPost))
 4 SYSTEMPATH\CodeIgniter.php(368): CodeIgniter\CodeIgniter->handleRequest(null, Object(Config\Cache), false)
 5 FCPATH\index.php(67): CodeIgniter\CodeIgniter->run()
CRITICAL - 2024-07-01 19:11:05 --> count(): Argument #1 ($value) must be of type Countable|array, string given
in APPPATH\Controllers\AdmPost.php on line 3196.
 1 APPPATH\Controllers\AdmPost.php(3196): count('8')
 2 SYSTEMPATH\CodeIgniter.php(934): App\Controllers\AdmPost->relatorio_analitico()
 3 SYSTEMPATH\CodeIgniter.php(499): CodeIgniter\CodeIgniter->runController(Object(App\Controllers\AdmPost))
 4 SYSTEMPATH\CodeIgniter.php(368): CodeIgniter\CodeIgniter->handleRequest(null, Object(Config\Cache), false)
 5 FCPATH\index.php(67): CodeIgniter\CodeIgniter->run()
WARNING - 2024-07-01 19:11:40 --> [DEPRECATED] Implicit conversion from float 9453.557692307691 to int loses precision in APPPATH\Controllers\AdmPost.php on line 3059.
 1 APPPATH\Controllers\AdmPost.php(3240): App\Controllers\AdmPost->secondsToTime(9453.557692307691)
 2 SYSTEMPATH\CodeIgniter.php(934): App\Controllers\AdmPost->relatorio_analitico()
 3 SYSTEMPATH\CodeIgniter.php(499): CodeIgniter\CodeIgniter->runController(Object(App\Controllers\AdmPost))
 4 SYSTEMPATH\CodeIgniter.php(368): CodeIgniter\CodeIgniter->handleRequest(null, Object(Config\Cache), false)
 5 FCPATH\index.php(67): CodeIgniter\CodeIgniter->run()
WARNING - 2024-07-01 19:11:40 --> [DEPRECATED] Implicit conversion from float 9453.557692307691 to int loses precision in APPPATH\Controllers\AdmPost.php on line 3060.
 1 APPPATH\Controllers\AdmPost.php(3240): App\Controllers\AdmPost->secondsToTime(9453.557692307691)
 2 SYSTEMPATH\CodeIgniter.php(934): App\Controllers\AdmPost->relatorio_analitico()
 3 SYSTEMPATH\CodeIgniter.php(499): CodeIgniter\CodeIgniter->runController(Object(App\Controllers\AdmPost))
 4 SYSTEMPATH\CodeIgniter.php(368): CodeIgniter\CodeIgniter->handleRequest(null, Object(Config\Cache), false)
 5 FCPATH\index.php(67): CodeIgniter\CodeIgniter->run()
WARNING - 2024-07-01 19:11:40 --> [DEPRECATED] Implicit conversion from float 670.6 to int loses precision in APPPATH\Controllers\AdmPost.php on line 3059.
 1 APPPATH\Controllers\AdmPost.php(3240): App\Controllers\AdmPost->secondsToTime(670.6)
 2 SYSTEMPATH\CodeIgniter.php(934): App\Controllers\AdmPost->relatorio_analitico()
 3 SYSTEMPATH\CodeIgniter.php(499): CodeIgniter\CodeIgniter->runController(Object(App\Controllers\AdmPost))
 4 SYSTEMPATH\CodeIgniter.php(368): CodeIgniter\CodeIgniter->handleRequest(null, Object(Config\Cache), false)
 5 FCPATH\index.php(67): CodeIgniter\CodeIgniter->run()
WARNING - 2024-07-01 19:11:40 --> [DEPRECATED] Implicit conversion from float 670.6 to int loses precision in APPPATH\Controllers\AdmPost.php on line 3060.
 1 APPPATH\Controllers\AdmPost.php(3240): App\Controllers\AdmPost->secondsToTime(670.6)
 2 SYSTEMPATH\CodeIgniter.php(934): App\Controllers\AdmPost->relatorio_analitico()
 3 SYSTEMPATH\CodeIgniter.php(499): CodeIgniter\CodeIgniter->runController(Object(App\Controllers\AdmPost))
 4 SYSTEMPATH\CodeIgniter.php(368): CodeIgniter\CodeIgniter->handleRequest(null, Object(Config\Cache), false)
 5 FCPATH\index.php(67): CodeIgniter\CodeIgniter->run()
WARNING - 2024-07-01 19:12:45 --> [DEPRECATED] Implicit conversion from float 9453.557692307691 to int loses precision in APPPATH\Controllers\AdmPost.php on line 3059.
 1 APPPATH\Controllers\AdmPost.php(3240): App\Controllers\AdmPost->secondsToTime(9453.557692307691)
 2 SYSTEMPATH\CodeIgniter.php(934): App\Controllers\AdmPost->relatorio_analitico()
 3 SYSTEMPATH\CodeIgniter.php(499): CodeIgniter\CodeIgniter->runController(Object(App\Controllers\AdmPost))
 4 SYSTEMPATH\CodeIgniter.php(368): CodeIgniter\CodeIgniter->handleRequest(null, Object(Config\Cache), false)
 5 FCPATH\index.php(67): CodeIgniter\CodeIgniter->run()
WARNING - 2024-07-01 19:12:45 --> [DEPRECATED] Implicit conversion from float 9453.557692307691 to int loses precision in APPPATH\Controllers\AdmPost.php on line 3060.
 1 APPPATH\Controllers\AdmPost.php(3240): App\Controllers\AdmPost->secondsToTime(9453.557692307691)
 2 SYSTEMPATH\CodeIgniter.php(934): App\Controllers\AdmPost->relatorio_analitico()
 3 SYSTEMPATH\CodeIgniter.php(499): CodeIgniter\CodeIgniter->runController(Object(App\Controllers\AdmPost))
 4 SYSTEMPATH\CodeIgniter.php(368): CodeIgniter\CodeIgniter->handleRequest(null, Object(Config\Cache), false)
 5 FCPATH\index.php(67): CodeIgniter\CodeIgniter->run()
WARNING - 2024-07-01 19:12:45 --> [DEPRECATED] Implicit conversion from float 670.6 to int loses precision in APPPATH\Controllers\AdmPost.php on line 3059.
 1 APPPATH\Controllers\AdmPost.php(3240): App\Controllers\AdmPost->secondsToTime(670.6)
 2 SYSTEMPATH\CodeIgniter.php(934): App\Controllers\AdmPost->relatorio_analitico()
 3 SYSTEMPATH\CodeIgniter.php(499): CodeIgniter\CodeIgniter->runController(Object(App\Controllers\AdmPost))
 4 SYSTEMPATH\CodeIgniter.php(368): CodeIgniter\CodeIgniter->handleRequest(null, Object(Config\Cache), false)
 5 FCPATH\index.php(67): CodeIgniter\CodeIgniter->run()
WARNING - 2024-07-01 19:12:45 --> [DEPRECATED] Implicit conversion from float 670.6 to int loses precision in APPPATH\Controllers\AdmPost.php on line 3060.
 1 APPPATH\Controllers\AdmPost.php(3240): App\Controllers\AdmPost->secondsToTime(670.6)
 2 SYSTEMPATH\CodeIgniter.php(934): App\Controllers\AdmPost->relatorio_analitico()
 3 SYSTEMPATH\CodeIgniter.php(499): CodeIgniter\CodeIgniter->runController(Object(App\Controllers\AdmPost))
 4 SYSTEMPATH\CodeIgniter.php(368): CodeIgniter\CodeIgniter->handleRequest(null, Object(Config\Cache), false)
 5 FCPATH\index.php(67): CodeIgniter\CodeIgniter->run()
WARNING - 2024-07-01 19:19:10 --> [DEPRECATED] Implicit conversion from float 9453.557692307691 to int loses precision in APPPATH\Controllers\AdmPost.php on line 3059.
 1 APPPATH\Controllers\AdmPost.php(3249): App\Controllers\AdmPost->secondsToTime(9453.557692307691)
 2 SYSTEMPATH\CodeIgniter.php(934): App\Controllers\AdmPost->relatorio_analitico()
 3 SYSTEMPATH\CodeIgniter.php(499): CodeIgniter\CodeIgniter->runController(Object(App\Controllers\AdmPost))
 4 SYSTEMPATH\CodeIgniter.php(368): CodeIgniter\CodeIgniter->handleRequest(null, Object(Config\Cache), false)
 5 FCPATH\index.php(67): CodeIgniter\CodeIgniter->run()
WARNING - 2024-07-01 19:19:10 --> [DEPRECATED] Implicit conversion from float 9453.557692307691 to int loses precision in APPPATH\Controllers\AdmPost.php on line 3060.
 1 APPPATH\Controllers\AdmPost.php(3249): App\Controllers\AdmPost->secondsToTime(9453.557692307691)
 2 SYSTEMPATH\CodeIgniter.php(934): App\Controllers\AdmPost->relatorio_analitico()
 3 SYSTEMPATH\CodeIgniter.php(499): CodeIgniter\CodeIgniter->runController(Object(App\Controllers\AdmPost))
 4 SYSTEMPATH\CodeIgniter.php(368): CodeIgniter\CodeIgniter->handleRequest(null, Object(Config\Cache), false)
 5 FCPATH\index.php(67): CodeIgniter\CodeIgniter->run()
WARNING - 2024-07-01 19:19:10 --> [DEPRECATED] Implicit conversion from float 670.6 to int loses precision in APPPATH\Controllers\AdmPost.php on line 3059.
 1 APPPATH\Controllers\AdmPost.php(3249): App\Controllers\AdmPost->secondsToTime(670.6)
 2 SYSTEMPATH\CodeIgniter.php(934): App\Controllers\AdmPost->relatorio_analitico()
 3 SYSTEMPATH\CodeIgniter.php(499): CodeIgniter\CodeIgniter->runController(Object(App\Controllers\AdmPost))
 4 SYSTEMPATH\CodeIgniter.php(368): CodeIgniter\CodeIgniter->handleRequest(null, Object(Config\Cache), false)
 5 FCPATH\index.php(67): CodeIgniter\CodeIgniter->run()
WARNING - 2024-07-01 19:19:10 --> [DEPRECATED] Implicit conversion from float 670.6 to int loses precision in APPPATH\Controllers\AdmPost.php on line 3060.
 1 APPPATH\Controllers\AdmPost.php(3249): App\Controllers\AdmPost->secondsToTime(670.6)
 2 SYSTEMPATH\CodeIgniter.php(934): App\Controllers\AdmPost->relatorio_analitico()
 3 SYSTEMPATH\CodeIgniter.php(499): CodeIgniter\CodeIgniter->runController(Object(App\Controllers\AdmPost))
 4 SYSTEMPATH\CodeIgniter.php(368): CodeIgniter\CodeIgniter->handleRequest(null, Object(Config\Cache), false)
 5 FCPATH\index.php(67): CodeIgniter\CodeIgniter->run()
WARNING - 2024-07-01 19:29:14 --> [DEPRECATED] Implicit conversion from float 1619.3333333333333 to int loses precision in APPPATH\Controllers\AdmPost.php on line 3059.
 1 APPPATH\Controllers\AdmPost.php(3249): App\Controllers\AdmPost->secondsToTime(1619.3333333333333)
 2 SYSTEMPATH\CodeIgniter.php(934): App\Controllers\AdmPost->relatorio_analitico()
 3 SYSTEMPATH\CodeIgniter.php(499): CodeIgniter\CodeIgniter->runController(Object(App\Controllers\AdmPost))
 4 SYSTEMPATH\CodeIgniter.php(368): CodeIgniter\CodeIgniter->handleRequest(null, Object(Config\Cache), false)
 5 FCPATH\index.php(67): CodeIgniter\CodeIgniter->run()
WARNING - 2024-07-01 19:29:14 --> [DEPRECATED] Implicit conversion from float 1619.3333333333333 to int loses precision in APPPATH\Controllers\AdmPost.php on line 3060.
 1 APPPATH\Controllers\AdmPost.php(3249): App\Controllers\AdmPost->secondsToTime(1619.3333333333333)
 2 SYSTEMPATH\CodeIgniter.php(934): App\Controllers\AdmPost->relatorio_analitico()
 3 SYSTEMPATH\CodeIgniter.php(499): CodeIgniter\CodeIgniter->runController(Object(App\Controllers\AdmPost))
 4 SYSTEMPATH\CodeIgniter.php(368): CodeIgniter\CodeIgniter->handleRequest(null, Object(Config\Cache), false)
 5 FCPATH\index.php(67): CodeIgniter\CodeIgniter->run()
WARNING - 2024-07-01 19:33:15 --> [DEPRECATED] Implicit conversion from float 1619.3333333333333 to int loses precision in APPPATH\Controllers\AdmPost.php on line 3059.
 1 APPPATH\Controllers\AdmPost.php(3249): App\Controllers\AdmPost->secondsToTime(1619.3333333333333)
 2 SYSTEMPATH\CodeIgniter.php(934): App\Controllers\AdmPost->relatorio_analitico()
 3 SYSTEMPATH\CodeIgniter.php(499): CodeIgniter\CodeIgniter->runController(Object(App\Controllers\AdmPost))
 4 SYSTEMPATH\CodeIgniter.php(368): CodeIgniter\CodeIgniter->handleRequest(null, Object(Config\Cache), false)
 5 FCPATH\index.php(67): CodeIgniter\CodeIgniter->run()
WARNING - 2024-07-01 19:33:15 --> [DEPRECATED] Implicit conversion from float 1619.3333333333333 to int loses precision in APPPATH\Controllers\AdmPost.php on line 3060.
 1 APPPATH\Controllers\AdmPost.php(3249): App\Controllers\AdmPost->secondsToTime(1619.3333333333333)
 2 SYSTEMPATH\CodeIgniter.php(934): App\Controllers\AdmPost->relatorio_analitico()
 3 SYSTEMPATH\CodeIgniter.php(499): CodeIgniter\CodeIgniter->runController(Object(App\Controllers\AdmPost))
 4 SYSTEMPATH\CodeIgniter.php(368): CodeIgniter\CodeIgniter->handleRequest(null, Object(Config\Cache), false)
 5 FCPATH\index.php(67): CodeIgniter\CodeIgniter->run()
WARNING - 2024-07-01 19:34:24 --> [DEPRECATED] Implicit conversion from float 1619.3333333333333 to int loses precision in APPPATH\Controllers\AdmPost.php on line 3059.
 1 APPPATH\Controllers\AdmPost.php(3249): App\Controllers\AdmPost->secondsToTime(1619.3333333333333)
 2 SYSTEMPATH\CodeIgniter.php(934): App\Controllers\AdmPost->relatorio_analitico()
 3 SYSTEMPATH\CodeIgniter.php(499): CodeIgniter\CodeIgniter->runController(Object(App\Controllers\AdmPost))
 4 SYSTEMPATH\CodeIgniter.php(368): CodeIgniter\CodeIgniter->handleRequest(null, Object(Config\Cache), false)
 5 FCPATH\index.php(67): CodeIgniter\CodeIgniter->run()
WARNING - 2024-07-01 19:34:24 --> [DEPRECATED] Implicit conversion from float 1619.3333333333333 to int loses precision in APPPATH\Controllers\AdmPost.php on line 3060.
 1 APPPATH\Controllers\AdmPost.php(3249): App\Controllers\AdmPost->secondsToTime(1619.3333333333333)
 2 SYSTEMPATH\CodeIgniter.php(934): App\Controllers\AdmPost->relatorio_analitico()
 3 SYSTEMPATH\CodeIgniter.php(499): CodeIgniter\CodeIgniter->runController(Object(App\Controllers\AdmPost))
 4 SYSTEMPATH\CodeIgniter.php(368): CodeIgniter\CodeIgniter->handleRequest(null, Object(Config\Cache), false)
 5 FCPATH\index.php(67): CodeIgniter\CodeIgniter->run()
WARNING - 2024-07-01 19:35:25 --> [DEPRECATED] Implicit conversion from float 1619.3333333333333 to int loses precision in APPPATH\Controllers\AdmPost.php on line 3059.
 1 APPPATH\Controllers\AdmPost.php(3249): App\Controllers\AdmPost->secondsToTime(1619.3333333333333)
 2 SYSTEMPATH\CodeIgniter.php(934): App\Controllers\AdmPost->relatorio_analitico()
 3 SYSTEMPATH\CodeIgniter.php(499): CodeIgniter\CodeIgniter->runController(Object(App\Controllers\AdmPost))
 4 SYSTEMPATH\CodeIgniter.php(368): CodeIgniter\CodeIgniter->handleRequest(null, Object(Config\Cache), false)
 5 FCPATH\index.php(67): CodeIgniter\CodeIgniter->run()
WARNING - 2024-07-01 19:35:25 --> [DEPRECATED] Implicit conversion from float 1619.3333333333333 to int loses precision in APPPATH\Controllers\AdmPost.php on line 3060.
 1 APPPATH\Controllers\AdmPost.php(3249): App\Controllers\AdmPost->secondsToTime(1619.3333333333333)
 2 SYSTEMPATH\CodeIgniter.php(934): App\Controllers\AdmPost->relatorio_analitico()
 3 SYSTEMPATH\CodeIgniter.php(499): CodeIgniter\CodeIgniter->runController(Object(App\Controllers\AdmPost))
 4 SYSTEMPATH\CodeIgniter.php(368): CodeIgniter\CodeIgniter->handleRequest(null, Object(Config\Cache), false)
 5 FCPATH\index.php(67): CodeIgniter\CodeIgniter->run()
WARNING - 2024-07-01 19:37:18 --> [DEPRECATED] Implicit conversion from float 1619.3333333333333 to int loses precision in APPPATH\Controllers\AdmPost.php on line 3059.
 1 APPPATH\Controllers\AdmPost.php(3249): App\Controllers\AdmPost->secondsToTime(1619.3333333333333)
 2 SYSTEMPATH\CodeIgniter.php(934): App\Controllers\AdmPost->relatorio_analitico()
 3 SYSTEMPATH\CodeIgniter.php(499): CodeIgniter\CodeIgniter->runController(Object(App\Controllers\AdmPost))
 4 SYSTEMPATH\CodeIgniter.php(368): CodeIgniter\CodeIgniter->handleRequest(null, Object(Config\Cache), false)
 5 FCPATH\index.php(67): CodeIgniter\CodeIgniter->run()
WARNING - 2024-07-01 19:37:18 --> [DEPRECATED] Implicit conversion from float 1619.3333333333333 to int loses precision in APPPATH\Controllers\AdmPost.php on line 3060.
 1 APPPATH\Controllers\AdmPost.php(3249): App\Controllers\AdmPost->secondsToTime(1619.3333333333333)
 2 SYSTEMPATH\CodeIgniter.php(934): App\Controllers\AdmPost->relatorio_analitico()
 3 SYSTEMPATH\CodeIgniter.php(499): CodeIgniter\CodeIgniter->runController(Object(App\Controllers\AdmPost))
 4 SYSTEMPATH\CodeIgniter.php(368): CodeIgniter\CodeIgniter->handleRequest(null, Object(Config\Cache), false)
 5 FCPATH\index.php(67): CodeIgniter\CodeIgniter->run()
WARNING - 2024-07-01 19:37:45 --> [DEPRECATED] Implicit conversion from float 1619.3333333333333 to int loses precision in APPPATH\Controllers\AdmPost.php on line 3059.
 1 APPPATH\Controllers\AdmPost.php(3249): App\Controllers\AdmPost->secondsToTime(1619.3333333333333)
 2 SYSTEMPATH\CodeIgniter.php(934): App\Controllers\AdmPost->relatorio_analitico()
 3 SYSTEMPATH\CodeIgniter.php(499): CodeIgniter\CodeIgniter->runController(Object(App\Controllers\AdmPost))
 4 SYSTEMPATH\CodeIgniter.php(368): CodeIgniter\CodeIgniter->handleRequest(null, Object(Config\Cache), false)
 5 FCPATH\index.php(67): CodeIgniter\CodeIgniter->run()
WARNING - 2024-07-01 19:37:45 --> [DEPRECATED] Implicit conversion from float 1619.3333333333333 to int loses precision in APPPATH\Controllers\AdmPost.php on line 3060.
 1 APPPATH\Controllers\AdmPost.php(3249): App\Controllers\AdmPost->secondsToTime(1619.3333333333333)
 2 SYSTEMPATH\CodeIgniter.php(934): App\Controllers\AdmPost->relatorio_analitico()
 3 SYSTEMPATH\CodeIgniter.php(499): CodeIgniter\CodeIgniter->runController(Object(App\Controllers\AdmPost))
 4 SYSTEMPATH\CodeIgniter.php(368): CodeIgniter\CodeIgniter->handleRequest(null, Object(Config\Cache), false)
 5 FCPATH\index.php(67): CodeIgniter\CodeIgniter->run()
WARNING - 2024-07-01 19:38:54 --> [DEPRECATED] Implicit conversion from float 1619.3333333333333 to int loses precision in APPPATH\Controllers\AdmPost.php on line 3059.
 1 APPPATH\Controllers\AdmPost.php(3249): App\Controllers\AdmPost->secondsToTime(1619.3333333333333)
 2 SYSTEMPATH\CodeIgniter.php(934): App\Controllers\AdmPost->relatorio_analitico()
 3 SYSTEMPATH\CodeIgniter.php(499): CodeIgniter\CodeIgniter->runController(Object(App\Controllers\AdmPost))
 4 SYSTEMPATH\CodeIgniter.php(368): CodeIgniter\CodeIgniter->handleRequest(null, Object(Config\Cache), false)
 5 FCPATH\index.php(67): CodeIgniter\CodeIgniter->run()
WARNING - 2024-07-01 19:38:54 --> [DEPRECATED] Implicit conversion from float 1619.3333333333333 to int loses precision in APPPATH\Controllers\AdmPost.php on line 3060.
 1 APPPATH\Controllers\AdmPost.php(3249): App\Controllers\AdmPost->secondsToTime(1619.3333333333333)
 2 SYSTEMPATH\CodeIgniter.php(934): App\Controllers\AdmPost->relatorio_analitico()
 3 SYSTEMPATH\CodeIgniter.php(499): CodeIgniter\CodeIgniter->runController(Object(App\Controllers\AdmPost))
 4 SYSTEMPATH\CodeIgniter.php(368): CodeIgniter\CodeIgniter->handleRequest(null, Object(Config\Cache), false)
 5 FCPATH\index.php(67): CodeIgniter\CodeIgniter->run()
CRITICAL - 2024-07-01 23:42:42 --> Cannot use [] for reading
in APPPATH\Controllers\AdmPost.php on line 3099.
 1 [internal function]: CodeIgniter\Debug\Exceptions->shutdownHandler()
CRITICAL - 2024-07-01 20:54:03 --> Undefined variable $ativos
in APPPATH\Controllers\AdmPost.php on line 3062.
 1 APPPATH\Controllers\AdmPost.php(3062): CodeIgniter\Debug\Exceptions->errorHandler(2, 'Undefined variable $ativos', 'C:\\xampp\\htdocs\\codi\\app\\Controllers\\AdmPost.php', 3062)
 2 SYSTEMPATH\CodeIgniter.php(934): App\Controllers\AdmPost->lista_desenhistas()
 3 SYSTEMPATH\CodeIgniter.php(499): CodeIgniter\CodeIgniter->runController(Object(App\Controllers\AdmPost))
 4 SYSTEMPATH\CodeIgniter.php(368): CodeIgniter\CodeIgniter->handleRequest(null, Object(Config\Cache), false)
 5 FCPATH\index.php(67): CodeIgniter\CodeIgniter->run()
CRITICAL - 2024-07-01 20:54:53 --> Undefined array key "funcao"
in APPPATH\Controllers\AdmPost.php on line 3063.
 1 APPPATH\Controllers\AdmPost.php(3063): CodeIgniter\Debug\Exceptions->errorHandler(2, 'Undefined array key "funcao"', 'C:\\xampp\\htdocs\\codi\\app\\Controllers\\AdmPost.php', 3063)
 2 SYSTEMPATH\CodeIgniter.php(934): App\Controllers\AdmPost->lista_desenhistas()
 3 SYSTEMPATH\CodeIgniter.php(499): CodeIgniter\CodeIgniter->runController(Object(App\Controllers\AdmPost))
 4 SYSTEMPATH\CodeIgniter.php(368): CodeIgniter\CodeIgniter->handleRequest(null, Object(Config\Cache), false)
 5 FCPATH\index.php(67): CodeIgniter\CodeIgniter->run()
CRITICAL - 2024-07-01 21:15:16 --> foreach() argument must be of type array|object, null given
in APPPATH\Controllers\AdmPost.php on line 3134.
 1 APPPATH\Controllers\AdmPost.php(3134): CodeIgniter\Debug\Exceptions->errorHandler(2, 'foreach() argument must be of type array|object, null given', 'C:\\xampp\\htdocs\\codi\\app\\Controllers\\AdmPost.php', 3134)
 2 SYSTEMPATH\CodeIgniter.php(934): App\Controllers\AdmPost->relatorio_analitico()
 3 SYSTEMPATH\CodeIgniter.php(499): CodeIgniter\CodeIgniter->runController(Object(App\Controllers\AdmPost))
 4 SYSTEMPATH\CodeIgniter.php(368): CodeIgniter\CodeIgniter->handleRequest(null, Object(Config\Cache), false)
 5 FCPATH\index.php(67): CodeIgniter\CodeIgniter->run()
CRITICAL - 2024-07-01 21:16:07 --> foreach() argument must be of type array|object, null given
in APPPATH\Controllers\AdmPost.php on line 3134.
 1 APPPATH\Controllers\AdmPost.php(3134): CodeIgniter\Debug\Exceptions->errorHandler(2, 'foreach() argument must be of type array|object, null given', 'C:\\xampp\\htdocs\\codi\\app\\Controllers\\AdmPost.php', 3134)
 2 SYSTEMPATH\CodeIgniter.php(934): App\Controllers\AdmPost->relatorio_analitico()
 3 SYSTEMPATH\CodeIgniter.php(499): CodeIgniter\CodeIgniter->runController(Object(App\Controllers\AdmPost))
 4 SYSTEMPATH\CodeIgniter.php(368): CodeIgniter\CodeIgniter->handleRequest(null, Object(Config\Cache), false)
 5 FCPATH\index.php(67): CodeIgniter\CodeIgniter->run()
CRITICAL - 2024-07-01 21:23:38 --> Cannot access offset of type string on string
in APPPATH\Controllers\AdmPost.php on line 3134.
 1 SYSTEMPATH\CodeIgniter.php(934): App\Controllers\AdmPost->relatorio_analitico()
 2 SYSTEMPATH\CodeIgniter.php(499): CodeIgniter\CodeIgniter->runController(Object(App\Controllers\AdmPost))
 3 SYSTEMPATH\CodeIgniter.php(368): CodeIgniter\CodeIgniter->handleRequest(null, Object(Config\Cache), false)
 4 FCPATH\index.php(67): CodeIgniter\CodeIgniter->run()
CRITICAL - 2024-07-01 21:23:55 --> Cannot access offset of type string on string
in APPPATH\Controllers\AdmPost.php on line 3134.
 1 SYSTEMPATH\CodeIgniter.php(934): App\Controllers\AdmPost->relatorio_analitico()
 2 SYSTEMPATH\CodeIgniter.php(499): CodeIgniter\CodeIgniter->runController(Object(App\Controllers\AdmPost))
 3 SYSTEMPATH\CodeIgniter.php(368): CodeIgniter\CodeIgniter->handleRequest(null, Object(Config\Cache), false)
 4 FCPATH\index.php(67): CodeIgniter\CodeIgniter->run()
CRITICAL - 2024-07-01 21:23:59 --> Cannot access offset of type string on string
in APPPATH\Controllers\AdmPost.php on line 3134.
 1 SYSTEMPATH\CodeIgniter.php(934): App\Controllers\AdmPost->relatorio_analitico()
 2 SYSTEMPATH\CodeIgniter.php(499): CodeIgniter\CodeIgniter->runController(Object(App\Controllers\AdmPost))
 3 SYSTEMPATH\CodeIgniter.php(368): CodeIgniter\CodeIgniter->handleRequest(null, Object(Config\Cache), false)
 4 FCPATH\index.php(67): CodeIgniter\CodeIgniter->run()
CRITICAL - 2024-07-01 21:26:29 --> Cannot access offset of type string on string
in APPPATH\Controllers\AdmPost.php on line 3134.
 1 SYSTEMPATH\CodeIgniter.php(934): App\Controllers\AdmPost->relatorio_analitico()
 2 SYSTEMPATH\CodeIgniter.php(499): CodeIgniter\CodeIgniter->runController(Object(App\Controllers\AdmPost))
 3 SYSTEMPATH\CodeIgniter.php(368): CodeIgniter\CodeIgniter->handleRequest(null, Object(Config\Cache), false)
 4 FCPATH\index.php(67): CodeIgniter\CodeIgniter->run()
CRITICAL - 2024-07-01 21:26:48 --> Cannot access offset of type string on string
in APPPATH\Controllers\AdmPost.php on line 3134.
 1 SYSTEMPATH\CodeIgniter.php(934): App\Controllers\AdmPost->relatorio_analitico()
 2 SYSTEMPATH\CodeIgniter.php(499): CodeIgniter\CodeIgniter->runController(Object(App\Controllers\AdmPost))
 3 SYSTEMPATH\CodeIgniter.php(368): CodeIgniter\CodeIgniter->handleRequest(null, Object(Config\Cache), false)
 4 FCPATH\index.php(67): CodeIgniter\CodeIgniter->run()
CRITICAL - 2024-07-01 21:26:50 --> Cannot access offset of type string on string
in APPPATH\Controllers\AdmPost.php on line 3134.
 1 SYSTEMPATH\CodeIgniter.php(934): App\Controllers\AdmPost->relatorio_analitico()
 2 SYSTEMPATH\CodeIgniter.php(499): CodeIgniter\CodeIgniter->runController(Object(App\Controllers\AdmPost))
 3 SYSTEMPATH\CodeIgniter.php(368): CodeIgniter\CodeIgniter->handleRequest(null, Object(Config\Cache), false)
 4 FCPATH\index.php(67): CodeIgniter\CodeIgniter->run()
CRITICAL - 2024-07-01 21:30:52 --> Cannot access offset of type string on string
in APPPATH\Controllers\AdmPost.php on line 3135.
 1 SYSTEMPATH\CodeIgniter.php(934): App\Controllers\AdmPost->relatorio_analitico()
 2 SYSTEMPATH\CodeIgniter.php(499): CodeIgniter\CodeIgniter->runController(Object(App\Controllers\AdmPost))
 3 SYSTEMPATH\CodeIgniter.php(368): CodeIgniter\CodeIgniter->handleRequest(null, Object(Config\Cache), false)
 4 FCPATH\index.php(67): CodeIgniter\CodeIgniter->run()
WARNING - 2024-07-01 21:38:32 --> [DEPRECATED] Implicit conversion from float 6170.74832962138 to int loses precision in APPPATH\Controllers\AdmPost.php on line 3091.
 1 APPPATH\Controllers\AdmPost.php(3295): App\Controllers\AdmPost->secondsToTime(6170.74832962138)
 2 SYSTEMPATH\CodeIgniter.php(934): App\Controllers\AdmPost->relatorio_analitico()
 3 SYSTEMPATH\CodeIgniter.php(499): CodeIgniter\CodeIgniter->runController(Object(App\Controllers\AdmPost))
 4 SYSTEMPATH\CodeIgniter.php(368): CodeIgniter\CodeIgniter->handleRequest(null, Object(Config\Cache), false)
 5 FCPATH\index.php(67): CodeIgniter\CodeIgniter->run()
WARNING - 2024-07-01 21:38:32 --> [DEPRECATED] Implicit conversion from float 6170.74832962138 to int loses precision in APPPATH\Controllers\AdmPost.php on line 3092.
 1 APPPATH\Controllers\AdmPost.php(3295): App\Controllers\AdmPost->secondsToTime(6170.74832962138)
 2 SYSTEMPATH\CodeIgniter.php(934): App\Controllers\AdmPost->relatorio_analitico()
 3 SYSTEMPATH\CodeIgniter.php(499): CodeIgniter\CodeIgniter->runController(Object(App\Controllers\AdmPost))
 4 SYSTEMPATH\CodeIgniter.php(368): CodeIgniter\CodeIgniter->handleRequest(null, Object(Config\Cache), false)
 5 FCPATH\index.php(67): CodeIgniter\CodeIgniter->run()
WARNING - 2024-07-01 21:38:32 --> [DEPRECATED] Implicit conversion from float 516.8285714285714 to int loses precision in APPPATH\Controllers\AdmPost.php on line 3091.
 1 APPPATH\Controllers\AdmPost.php(3295): App\Controllers\AdmPost->secondsToTime(516.8285714285714)
 2 SYSTEMPATH\CodeIgniter.php(934): App\Controllers\AdmPost->relatorio_analitico()
 3 SYSTEMPATH\CodeIgniter.php(499): CodeIgniter\CodeIgniter->runController(Object(App\Controllers\AdmPost))
 4 SYSTEMPATH\CodeIgniter.php(368): CodeIgniter\CodeIgniter->handleRequest(null, Object(Config\Cache), false)
 5 FCPATH\index.php(67): CodeIgniter\CodeIgniter->run()
WARNING - 2024-07-01 21:38:32 --> [DEPRECATED] Implicit conversion from float 516.8285714285714 to int loses precision in APPPATH\Controllers\AdmPost.php on line 3092.
 1 APPPATH\Controllers\AdmPost.php(3295): App\Controllers\AdmPost->secondsToTime(516.8285714285714)
 2 SYSTEMPATH\CodeIgniter.php(934): App\Controllers\AdmPost->relatorio_analitico()
 3 SYSTEMPATH\CodeIgniter.php(499): CodeIgniter\CodeIgniter->runController(Object(App\Controllers\AdmPost))
 4 SYSTEMPATH\CodeIgniter.php(368): CodeIgniter\CodeIgniter->handleRequest(null, Object(Config\Cache), false)
 5 FCPATH\index.php(67): CodeIgniter\CodeIgniter->run()
WARNING - 2024-07-01 21:39:01 --> [DEPRECATED] Implicit conversion from float 1267.5 to int loses precision in APPPATH\Controllers\AdmPost.php on line 3091.
 1 APPPATH\Controllers\AdmPost.php(3295): App\Controllers\AdmPost->secondsToTime(1267.5)
 2 SYSTEMPATH\CodeIgniter.php(934): App\Controllers\AdmPost->relatorio_analitico()
 3 SYSTEMPATH\CodeIgniter.php(499): CodeIgniter\CodeIgniter->runController(Object(App\Controllers\AdmPost))
 4 SYSTEMPATH\CodeIgniter.php(368): CodeIgniter\CodeIgniter->handleRequest(null, Object(Config\Cache), false)
 5 FCPATH\index.php(67): CodeIgniter\CodeIgniter->run()
WARNING - 2024-07-01 21:39:01 --> [DEPRECATED] Implicit conversion from float 1267.5 to int loses precision in APPPATH\Controllers\AdmPost.php on line 3092.
 1 APPPATH\Controllers\AdmPost.php(3295): App\Controllers\AdmPost->secondsToTime(1267.5)
 2 SYSTEMPATH\CodeIgniter.php(934): App\Controllers\AdmPost->relatorio_analitico()
 3 SYSTEMPATH\CodeIgniter.php(499): CodeIgniter\CodeIgniter->runController(Object(App\Controllers\AdmPost))
 4 SYSTEMPATH\CodeIgniter.php(368): CodeIgniter\CodeIgniter->handleRequest(null, Object(Config\Cache), false)
 5 FCPATH\index.php(67): CodeIgniter\CodeIgniter->run()
WARNING - 2024-07-01 21:39:01 --> [DEPRECATED] Implicit conversion from float 2645.5 to int loses precision in APPPATH\Controllers\AdmPost.php on line 3091.
 1 APPPATH\Controllers\AdmPost.php(3295): App\Controllers\AdmPost->secondsToTime(2645.5)
 2 SYSTEMPATH\CodeIgniter.php(934): App\Controllers\AdmPost->relatorio_analitico()
 3 SYSTEMPATH\CodeIgniter.php(499): CodeIgniter\CodeIgniter->runController(Object(App\Controllers\AdmPost))
 4 SYSTEMPATH\CodeIgniter.php(368): CodeIgniter\CodeIgniter->handleRequest(null, Object(Config\Cache), false)
 5 FCPATH\index.php(67): CodeIgniter\CodeIgniter->run()
WARNING - 2024-07-01 21:39:01 --> [DEPRECATED] Implicit conversion from float 2645.5 to int loses precision in APPPATH\Controllers\AdmPost.php on line 3092.
 1 APPPATH\Controllers\AdmPost.php(3295): App\Controllers\AdmPost->secondsToTime(2645.5)
 2 SYSTEMPATH\CodeIgniter.php(934): App\Controllers\AdmPost->relatorio_analitico()
 3 SYSTEMPATH\CodeIgniter.php(499): CodeIgniter\CodeIgniter->runController(Object(App\Controllers\AdmPost))
 4 SYSTEMPATH\CodeIgniter.php(368): CodeIgniter\CodeIgniter->handleRequest(null, Object(Config\Cache), false)
 5 FCPATH\index.php(67): CodeIgniter\CodeIgniter->run()
WARNING - 2024-07-01 21:39:40 --> [DEPRECATED] Implicit conversion from float 6170.74832962138 to int loses precision in APPPATH\Controllers\AdmPost.php on line 3091.
 1 APPPATH\Controllers\AdmPost.php(3295): App\Controllers\AdmPost->secondsToTime(6170.74832962138)
 2 SYSTEMPATH\CodeIgniter.php(934): App\Controllers\AdmPost->relatorio_analitico()
 3 SYSTEMPATH\CodeIgniter.php(499): CodeIgniter\CodeIgniter->runController(Object(App\Controllers\AdmPost))
 4 SYSTEMPATH\CodeIgniter.php(368): CodeIgniter\CodeIgniter->handleRequest(null, Object(Config\Cache), false)
 5 FCPATH\index.php(67): CodeIgniter\CodeIgniter->run()
WARNING - 2024-07-01 21:39:40 --> [DEPRECATED] Implicit conversion from float 6170.74832962138 to int loses precision in APPPATH\Controllers\AdmPost.php on line 3092.
 1 APPPATH\Controllers\AdmPost.php(3295): App\Controllers\AdmPost->secondsToTime(6170.74832962138)
 2 SYSTEMPATH\CodeIgniter.php(934): App\Controllers\AdmPost->relatorio_analitico()
 3 SYSTEMPATH\CodeIgniter.php(499): CodeIgniter\CodeIgniter->runController(Object(App\Controllers\AdmPost))
 4 SYSTEMPATH\CodeIgniter.php(368): CodeIgniter\CodeIgniter->handleRequest(null, Object(Config\Cache), false)
 5 FCPATH\index.php(67): CodeIgniter\CodeIgniter->run()
WARNING - 2024-07-01 21:39:40 --> [DEPRECATED] Implicit conversion from float 516.8285714285714 to int loses precision in APPPATH\Controllers\AdmPost.php on line 3091.
 1 APPPATH\Controllers\AdmPost.php(3295): App\Controllers\AdmPost->secondsToTime(516.8285714285714)
 2 SYSTEMPATH\CodeIgniter.php(934): App\Controllers\AdmPost->relatorio_analitico()
 3 SYSTEMPATH\CodeIgniter.php(499): CodeIgniter\CodeIgniter->runController(Object(App\Controllers\AdmPost))
 4 SYSTEMPATH\CodeIgniter.php(368): CodeIgniter\CodeIgniter->handleRequest(null, Object(Config\Cache), false)
 5 FCPATH\index.php(67): CodeIgniter\CodeIgniter->run()
WARNING - 2024-07-01 21:39:40 --> [DEPRECATED] Implicit conversion from float 516.8285714285714 to int loses precision in APPPATH\Controllers\AdmPost.php on line 3092.
 1 APPPATH\Controllers\AdmPost.php(3295): App\Controllers\AdmPost->secondsToTime(516.8285714285714)
 2 SYSTEMPATH\CodeIgniter.php(934): App\Controllers\AdmPost->relatorio_analitico()
 3 SYSTEMPATH\CodeIgniter.php(499): CodeIgniter\CodeIgniter->runController(Object(App\Controllers\AdmPost))
 4 SYSTEMPATH\CodeIgniter.php(368): CodeIgniter\CodeIgniter->handleRequest(null, Object(Config\Cache), false)
 5 FCPATH\index.php(67): CodeIgniter\CodeIgniter->run()
WARNING - 2024-07-01 21:41:40 --> [DEPRECATED] Implicit conversion from float 976.7692307692307 to int loses precision in APPPATH\Controllers\AdmPost.php on line 3091.
 1 APPPATH\Controllers\AdmPost.php(3295): App\Controllers\AdmPost->secondsToTime(976.7692307692307)
 2 SYSTEMPATH\CodeIgniter.php(934): App\Controllers\AdmPost->relatorio_analitico()
 3 SYSTEMPATH\CodeIgniter.php(499): CodeIgniter\CodeIgniter->runController(Object(App\Controllers\AdmPost))
 4 SYSTEMPATH\CodeIgniter.php(368): CodeIgniter\CodeIgniter->handleRequest(null, Object(Config\Cache), false)
 5 FCPATH\index.php(67): CodeIgniter\CodeIgniter->run()
WARNING - 2024-07-01 21:41:40 --> [DEPRECATED] Implicit conversion from float 976.7692307692307 to int loses precision in APPPATH\Controllers\AdmPost.php on line 3092.
 1 APPPATH\Controllers\AdmPost.php(3295): App\Controllers\AdmPost->secondsToTime(976.7692307692307)
 2 SYSTEMPATH\CodeIgniter.php(934): App\Controllers\AdmPost->relatorio_analitico()
 3 SYSTEMPATH\CodeIgniter.php(499): CodeIgniter\CodeIgniter->runController(Object(App\Controllers\AdmPost))
 4 SYSTEMPATH\CodeIgniter.php(368): CodeIgniter\CodeIgniter->handleRequest(null, Object(Config\Cache), false)
 5 FCPATH\index.php(67): CodeIgniter\CodeIgniter->run()
WARNING - 2024-07-01 21:41:53 --> [DEPRECATED] Implicit conversion from float 1093.6 to int loses precision in APPPATH\Controllers\AdmPost.php on line 3091.
 1 APPPATH\Controllers\AdmPost.php(3295): App\Controllers\AdmPost->secondsToTime(1093.6)
 2 SYSTEMPATH\CodeIgniter.php(934): App\Controllers\AdmPost->relatorio_analitico()
 3 SYSTEMPATH\CodeIgniter.php(499): CodeIgniter\CodeIgniter->runController(Object(App\Controllers\AdmPost))
 4 SYSTEMPATH\CodeIgniter.php(368): CodeIgniter\CodeIgniter->handleRequest(null, Object(Config\Cache), false)
 5 FCPATH\index.php(67): CodeIgniter\CodeIgniter->run()
WARNING - 2024-07-01 21:41:53 --> [DEPRECATED] Implicit conversion from float 1093.6 to int loses precision in APPPATH\Controllers\AdmPost.php on line 3092.
 1 APPPATH\Controllers\AdmPost.php(3295): App\Controllers\AdmPost->secondsToTime(1093.6)
 2 SYSTEMPATH\CodeIgniter.php(934): App\Controllers\AdmPost->relatorio_analitico()
 3 SYSTEMPATH\CodeIgniter.php(499): CodeIgniter\CodeIgniter->runController(Object(App\Controllers\AdmPost))
 4 SYSTEMPATH\CodeIgniter.php(368): CodeIgniter\CodeIgniter->handleRequest(null, Object(Config\Cache), false)
 5 FCPATH\index.php(67): CodeIgniter\CodeIgniter->run()
WARNING - 2024-07-01 21:44:24 --> [DEPRECATED] Implicit conversion from float 719.5833333333334 to int loses precision in APPPATH\Controllers\AdmPost.php on line 3091.
 1 APPPATH\Controllers\AdmPost.php(3295): App\Controllers\AdmPost->secondsToTime(719.5833333333334)
 2 SYSTEMPATH\CodeIgniter.php(934): App\Controllers\AdmPost->relatorio_analitico()
 3 SYSTEMPATH\CodeIgniter.php(499): CodeIgniter\CodeIgniter->runController(Object(App\Controllers\AdmPost))
 4 SYSTEMPATH\CodeIgniter.php(368): CodeIgniter\CodeIgniter->handleRequest(null, Object(Config\Cache), false)
 5 FCPATH\index.php(67): CodeIgniter\CodeIgniter->run()
WARNING - 2024-07-01 21:44:24 --> [DEPRECATED] Implicit conversion from float 719.5833333333334 to int loses precision in APPPATH\Controllers\AdmPost.php on line 3092.
 1 APPPATH\Controllers\AdmPost.php(3295): App\Controllers\AdmPost->secondsToTime(719.5833333333334)
 2 SYSTEMPATH\CodeIgniter.php(934): App\Controllers\AdmPost->relatorio_analitico()
 3 SYSTEMPATH\CodeIgniter.php(499): CodeIgniter\CodeIgniter->runController(Object(App\Controllers\AdmPost))
 4 SYSTEMPATH\CodeIgniter.php(368): CodeIgniter\CodeIgniter->handleRequest(null, Object(Config\Cache), false)
 5 FCPATH\index.php(67): CodeIgniter\CodeIgniter->run()
WARNING - 2024-07-01 21:46:13 --> [DEPRECATED] Implicit conversion from float 719.5833333333334 to int loses precision in APPPATH\Controllers\AdmPost.php on line 3091.
 1 APPPATH\Controllers\AdmPost.php(3295): App\Controllers\AdmPost->secondsToTime(719.5833333333334)
 2 SYSTEMPATH\CodeIgniter.php(934): App\Controllers\AdmPost->relatorio_analitico()
 3 SYSTEMPATH\CodeIgniter.php(499): CodeIgniter\CodeIgniter->runController(Object(App\Controllers\AdmPost))
 4 SYSTEMPATH\CodeIgniter.php(368): CodeIgniter\CodeIgniter->handleRequest(null, Object(Config\Cache), false)
 5 FCPATH\index.php(67): CodeIgniter\CodeIgniter->run()
WARNING - 2024-07-01 21:46:13 --> [DEPRECATED] Implicit conversion from float 719.5833333333334 to int loses precision in APPPATH\Controllers\AdmPost.php on line 3092.
 1 APPPATH\Controllers\AdmPost.php(3295): App\Controllers\AdmPost->secondsToTime(719.5833333333334)
 2 SYSTEMPATH\CodeIgniter.php(934): App\Controllers\AdmPost->relatorio_analitico()
 3 SYSTEMPATH\CodeIgniter.php(499): CodeIgniter\CodeIgniter->runController(Object(App\Controllers\AdmPost))
 4 SYSTEMPATH\CodeIgniter.php(368): CodeIgniter\CodeIgniter->handleRequest(null, Object(Config\Cache), false)
 5 FCPATH\index.php(67): CodeIgniter\CodeIgniter->run()
WARNING - 2024-07-01 21:53:39 --> [DEPRECATED] Implicit conversion from float 719.5833333333334 to int loses precision in APPPATH\Controllers\AdmPost.php on line 3091.
 1 APPPATH\Controllers\AdmPost.php(3299): App\Controllers\AdmPost->secondsToTime(719.5833333333334)
 2 SYSTEMPATH\CodeIgniter.php(934): App\Controllers\AdmPost->relatorio_analitico()
 3 SYSTEMPATH\CodeIgniter.php(499): CodeIgniter\CodeIgniter->runController(Object(App\Controllers\AdmPost))
 4 SYSTEMPATH\CodeIgniter.php(368): CodeIgniter\CodeIgniter->handleRequest(null, Object(Config\Cache), false)
 5 FCPATH\index.php(67): CodeIgniter\CodeIgniter->run()
WARNING - 2024-07-01 21:53:39 --> [DEPRECATED] Implicit conversion from float 719.5833333333334 to int loses precision in APPPATH\Controllers\AdmPost.php on line 3092.
 1 APPPATH\Controllers\AdmPost.php(3299): App\Controllers\AdmPost->secondsToTime(719.5833333333334)
 2 SYSTEMPATH\CodeIgniter.php(934): App\Controllers\AdmPost->relatorio_analitico()
 3 SYSTEMPATH\CodeIgniter.php(499): CodeIgniter\CodeIgniter->runController(Object(App\Controllers\AdmPost))
 4 SYSTEMPATH\CodeIgniter.php(368): CodeIgniter\CodeIgniter->handleRequest(null, Object(Config\Cache), false)
 5 FCPATH\index.php(67): CodeIgniter\CodeIgniter->run()
WARNING - 2024-07-01 22:11:58 --> [DEPRECATED] Implicit conversion from float 527.7 to int loses precision in APPPATH\Controllers\AdmPost.php on line 3091.
 1 APPPATH\Controllers\AdmPost.php(3299): App\Controllers\AdmPost->secondsToTime(527.7)
 2 SYSTEMPATH\CodeIgniter.php(934): App\Controllers\AdmPost->relatorio_analitico()
 3 SYSTEMPATH\CodeIgniter.php(499): CodeIgniter\CodeIgniter->runController(Object(App\Controllers\AdmPost))
 4 SYSTEMPATH\CodeIgniter.php(368): CodeIgniter\CodeIgniter->handleRequest(null, Object(Config\Cache), false)
 5 FCPATH\index.php(67): CodeIgniter\CodeIgniter->run()
WARNING - 2024-07-01 22:11:58 --> [DEPRECATED] Implicit conversion from float 527.7 to int loses precision in APPPATH\Controllers\AdmPost.php on line 3092.
 1 APPPATH\Controllers\AdmPost.php(3299): App\Controllers\AdmPost->secondsToTime(527.7)
 2 SYSTEMPATH\CodeIgniter.php(934): App\Controllers\AdmPost->relatorio_analitico()
 3 SYSTEMPATH\CodeIgniter.php(499): CodeIgniter\CodeIgniter->runController(Object(App\Controllers\AdmPost))
 4 SYSTEMPATH\CodeIgniter.php(368): CodeIgniter\CodeIgniter->handleRequest(null, Object(Config\Cache), false)
 5 FCPATH\index.php(67): CodeIgniter\CodeIgniter->run()
