CRITICAL - 2023-07-25 00:53:06 --> syntax error, unexpected identifier "fun", expecting "function" or "const"
in APPPATH\Controllers\AdmPost.php on line 108.
 1 SYSTEMPATH\Autoloader\Autoloader.php(289): CodeIgniter\Autoloader\Autoloader->includeFile('C:\\xampp\\htdocs\\codi\\app\\Controllers\\AdmPost.php')
 2 SYSTEMPATH\Autoloader\Autoloader.php(267): CodeIgniter\Autoloader\Autoloader->loadInNamespace('App\\Controllers\\AdmPost')
 3 [internal function]: CodeIgniter\Autoloader\Autoloader->loadClass('App\\Controllers\\AdmPost')
 4 SYSTEMPATH\CodeIgniter.php(892): class_exists('\\App\\Controllers\\AdmPost', true)
 5 SYSTEMPATH\CodeIgniter.php(486): CodeIgniter\CodeIgniter->startController()
 6 SYSTEMPATH\CodeIgniter.php(368): CodeIgniter\CodeIgniter->handleRequest(null, Object(Config\Cache), false)
 7 FCPATH\index.php(67): CodeIgniter\CodeIgniter->run()
CRITICAL - 2023-07-25 00:53:07 --> syntax error, unexpected identifier "fun", expecting "function" or "const"
in APPPATH\Controllers\AdmPost.php on line 108.
 1 SYSTEMPATH\Autoloader\Autoloader.php(289): CodeIgniter\Autoloader\Autoloader->includeFile('C:\\xampp\\htdocs\\codi\\app\\Controllers\\AdmPost.php')
 2 SYSTEMPATH\Autoloader\Autoloader.php(267): CodeIgniter\Autoloader\Autoloader->loadInNamespace('App\\Controllers\\AdmPost')
 3 [internal function]: CodeIgniter\Autoloader\Autoloader->loadClass('App\\Controllers\\AdmPost')
 4 SYSTEMPATH\CodeIgniter.php(892): class_exists('\\App\\Controllers\\AdmPost', true)
 5 SYSTEMPATH\CodeIgniter.php(486): CodeIgniter\CodeIgniter->startController()
 6 SYSTEMPATH\CodeIgniter.php(368): CodeIgniter\CodeIgniter->handleRequest(null, Object(Config\Cache), false)
 7 FCPATH\index.php(67): CodeIgniter\CodeIgniter->run()
CRITICAL - 2023-07-25 00:53:08 --> syntax error, unexpected identifier "fun", expecting "function" or "const"
in APPPATH\Controllers\AdmPost.php on line 108.
 1 SYSTEMPATH\Autoloader\Autoloader.php(289): CodeIgniter\Autoloader\Autoloader->includeFile('C:\\xampp\\htdocs\\codi\\app\\Controllers\\AdmPost.php')
 2 SYSTEMPATH\Autoloader\Autoloader.php(267): CodeIgniter\Autoloader\Autoloader->loadInNamespace('App\\Controllers\\AdmPost')
 3 [internal function]: CodeIgniter\Autoloader\Autoloader->loadClass('App\\Controllers\\AdmPost')
 4 SYSTEMPATH\CodeIgniter.php(892): class_exists('\\App\\Controllers\\AdmPost', true)
 5 SYSTEMPATH\CodeIgniter.php(486): CodeIgniter\CodeIgniter->startController()
 6 SYSTEMPATH\CodeIgniter.php(368): CodeIgniter\CodeIgniter->handleRequest(null, Object(Config\Cache), false)
 7 FCPATH\index.php(67): CodeIgniter\CodeIgniter->run()
CRITICAL - 2023-07-25 00:53:09 --> syntax error, unexpected identifier "fun", expecting "function" or "const"
in APPPATH\Controllers\AdmPost.php on line 108.
 1 SYSTEMPATH\Autoloader\Autoloader.php(289): CodeIgniter\Autoloader\Autoloader->includeFile('C:\\xampp\\htdocs\\codi\\app\\Controllers\\AdmPost.php')
 2 SYSTEMPATH\Autoloader\Autoloader.php(267): CodeIgniter\Autoloader\Autoloader->loadInNamespace('App\\Controllers\\AdmPost')
 3 [internal function]: CodeIgniter\Autoloader\Autoloader->loadClass('App\\Controllers\\AdmPost')
 4 SYSTEMPATH\CodeIgniter.php(892): class_exists('\\App\\Controllers\\AdmPost', true)
 5 SYSTEMPATH\CodeIgniter.php(486): CodeIgniter\CodeIgniter->startController()
 6 SYSTEMPATH\CodeIgniter.php(368): CodeIgniter\CodeIgniter->handleRequest(null, Object(Config\Cache), false)
 7 FCPATH\index.php(67): CodeIgniter\CodeIgniter->run()
CRITICAL - 2023-07-25 00:53:10 --> syntax error, unexpected identifier "fun", expecting "function" or "const"
in APPPATH\Controllers\AdmPost.php on line 108.
 1 SYSTEMPATH\Autoloader\Autoloader.php(289): CodeIgniter\Autoloader\Autoloader->includeFile('C:\\xampp\\htdocs\\codi\\app\\Controllers\\AdmPost.php')
 2 SYSTEMPATH\Autoloader\Autoloader.php(267): CodeIgniter\Autoloader\Autoloader->loadInNamespace('App\\Controllers\\AdmPost')
 3 [internal function]: CodeIgniter\Autoloader\Autoloader->loadClass('App\\Controllers\\AdmPost')
 4 SYSTEMPATH\CodeIgniter.php(892): class_exists('\\App\\Controllers\\AdmPost', true)
 5 SYSTEMPATH\CodeIgniter.php(486): CodeIgniter\CodeIgniter->startController()
 6 SYSTEMPATH\CodeIgniter.php(368): CodeIgniter\CodeIgniter->handleRequest(null, Object(Config\Cache), false)
 7 FCPATH\index.php(67): CodeIgniter\CodeIgniter->run()
CRITICAL - 2023-07-25 00:53:11 --> syntax error, unexpected token "function", expecting "("
in APPPATH\Controllers\AdmPost.php on line 110.
 1 SYSTEMPATH\Autoloader\Autoloader.php(289): CodeIgniter\Autoloader\Autoloader->includeFile('C:\\xampp\\htdocs\\codi\\app\\Controllers\\AdmPost.php')
 2 SYSTEMPATH\Autoloader\Autoloader.php(267): CodeIgniter\Autoloader\Autoloader->loadInNamespace('App\\Controllers\\AdmPost')
 3 [internal function]: CodeIgniter\Autoloader\Autoloader->loadClass('App\\Controllers\\AdmPost')
 4 SYSTEMPATH\CodeIgniter.php(892): class_exists('\\App\\Controllers\\AdmPost', true)
 5 SYSTEMPATH\CodeIgniter.php(486): CodeIgniter\CodeIgniter->startController()
 6 SYSTEMPATH\CodeIgniter.php(368): CodeIgniter\CodeIgniter->handleRequest(null, Object(Config\Cache), false)
 7 FCPATH\index.php(67): CodeIgniter\CodeIgniter->run()
CRITICAL - 2023-07-25 00:53:12 --> syntax error, unexpected token "function", expecting "("
in APPPATH\Controllers\AdmPost.php on line 110.
 1 SYSTEMPATH\Autoloader\Autoloader.php(289): CodeIgniter\Autoloader\Autoloader->includeFile('C:\\xampp\\htdocs\\codi\\app\\Controllers\\AdmPost.php')
 2 SYSTEMPATH\Autoloader\Autoloader.php(267): CodeIgniter\Autoloader\Autoloader->loadInNamespace('App\\Controllers\\AdmPost')
 3 [internal function]: CodeIgniter\Autoloader\Autoloader->loadClass('App\\Controllers\\AdmPost')
 4 SYSTEMPATH\CodeIgniter.php(892): class_exists('\\App\\Controllers\\AdmPost', true)
 5 SYSTEMPATH\CodeIgniter.php(486): CodeIgniter\CodeIgniter->startController()
 6 SYSTEMPATH\CodeIgniter.php(368): CodeIgniter\CodeIgniter->handleRequest(null, Object(Config\Cache), false)
 7 FCPATH\index.php(67): CodeIgniter\CodeIgniter->run()
CRITICAL - 2023-07-25 00:53:13 --> syntax error, unexpected token "function", expecting "("
in APPPATH\Controllers\AdmPost.php on line 110.
 1 SYSTEMPATH\Autoloader\Autoloader.php(289): CodeIgniter\Autoloader\Autoloader->includeFile('C:\\xampp\\htdocs\\codi\\app\\Controllers\\AdmPost.php')
 2 SYSTEMPATH\Autoloader\Autoloader.php(267): CodeIgniter\Autoloader\Autoloader->loadInNamespace('App\\Controllers\\AdmPost')
 3 [internal function]: CodeIgniter\Autoloader\Autoloader->loadClass('App\\Controllers\\AdmPost')
 4 SYSTEMPATH\CodeIgniter.php(892): class_exists('\\App\\Controllers\\AdmPost', true)
 5 SYSTEMPATH\CodeIgniter.php(486): CodeIgniter\CodeIgniter->startController()
 6 SYSTEMPATH\CodeIgniter.php(368): CodeIgniter\CodeIgniter->handleRequest(null, Object(Config\Cache), false)
 7 FCPATH\index.php(67): CodeIgniter\CodeIgniter->run()
CRITICAL - 2023-07-25 00:53:14 --> syntax error, unexpected token "function", expecting "("
in APPPATH\Controllers\AdmPost.php on line 110.
 1 SYSTEMPATH\Autoloader\Autoloader.php(289): CodeIgniter\Autoloader\Autoloader->includeFile('C:\\xampp\\htdocs\\codi\\app\\Controllers\\AdmPost.php')
 2 SYSTEMPATH\Autoloader\Autoloader.php(267): CodeIgniter\Autoloader\Autoloader->loadInNamespace('App\\Controllers\\AdmPost')
 3 [internal function]: CodeIgniter\Autoloader\Autoloader->loadClass('App\\Controllers\\AdmPost')
 4 SYSTEMPATH\CodeIgniter.php(892): class_exists('\\App\\Controllers\\AdmPost', true)
 5 SYSTEMPATH\CodeIgniter.php(486): CodeIgniter\CodeIgniter->startController()
 6 SYSTEMPATH\CodeIgniter.php(368): CodeIgniter\CodeIgniter->handleRequest(null, Object(Config\Cache), false)
 7 FCPATH\index.php(67): CodeIgniter\CodeIgniter->run()
CRITICAL - 2023-07-25 00:53:15 --> syntax error, unexpected token "function", expecting "("
in APPPATH\Controllers\AdmPost.php on line 110.
 1 SYSTEMPATH\Autoloader\Autoloader.php(289): CodeIgniter\Autoloader\Autoloader->includeFile('C:\\xampp\\htdocs\\codi\\app\\Controllers\\AdmPost.php')
 2 SYSTEMPATH\Autoloader\Autoloader.php(267): CodeIgniter\Autoloader\Autoloader->loadInNamespace('App\\Controllers\\AdmPost')
 3 [internal function]: CodeIgniter\Autoloader\Autoloader->loadClass('App\\Controllers\\AdmPost')
 4 SYSTEMPATH\CodeIgniter.php(892): class_exists('\\App\\Controllers\\AdmPost', true)
 5 SYSTEMPATH\CodeIgniter.php(486): CodeIgniter\CodeIgniter->startController()
 6 SYSTEMPATH\CodeIgniter.php(368): CodeIgniter\CodeIgniter->handleRequest(null, Object(Config\Cache), false)
 7 FCPATH\index.php(67): CodeIgniter\CodeIgniter->run()
CRITICAL - 2023-07-25 00:53:16 --> syntax error, unexpected token "function", expecting "("
in APPPATH\Controllers\AdmPost.php on line 110.
 1 SYSTEMPATH\Autoloader\Autoloader.php(289): CodeIgniter\Autoloader\Autoloader->includeFile('C:\\xampp\\htdocs\\codi\\app\\Controllers\\AdmPost.php')
 2 SYSTEMPATH\Autoloader\Autoloader.php(267): CodeIgniter\Autoloader\Autoloader->loadInNamespace('App\\Controllers\\AdmPost')
 3 [internal function]: CodeIgniter\Autoloader\Autoloader->loadClass('App\\Controllers\\AdmPost')
 4 SYSTEMPATH\CodeIgniter.php(892): class_exists('\\App\\Controllers\\AdmPost', true)
 5 SYSTEMPATH\CodeIgniter.php(486): CodeIgniter\CodeIgniter->startController()
 6 SYSTEMPATH\CodeIgniter.php(368): CodeIgniter\CodeIgniter->handleRequest(null, Object(Config\Cache), false)
 7 FCPATH\index.php(67): CodeIgniter\CodeIgniter->run()
CRITICAL - 2023-07-25 00:53:17 --> syntax error, unexpected token "function", expecting "("
in APPPATH\Controllers\AdmPost.php on line 110.
 1 SYSTEMPATH\Autoloader\Autoloader.php(289): CodeIgniter\Autoloader\Autoloader->includeFile('C:\\xampp\\htdocs\\codi\\app\\Controllers\\AdmPost.php')
 2 SYSTEMPATH\Autoloader\Autoloader.php(267): CodeIgniter\Autoloader\Autoloader->loadInNamespace('App\\Controllers\\AdmPost')
 3 [internal function]: CodeIgniter\Autoloader\Autoloader->loadClass('App\\Controllers\\AdmPost')
 4 SYSTEMPATH\CodeIgniter.php(892): class_exists('\\App\\Controllers\\AdmPost', true)
 5 SYSTEMPATH\CodeIgniter.php(486): CodeIgniter\CodeIgniter->startController()
 6 SYSTEMPATH\CodeIgniter.php(368): CodeIgniter\CodeIgniter->handleRequest(null, Object(Config\Cache), false)
 7 FCPATH\index.php(67): CodeIgniter\CodeIgniter->run()
CRITICAL - 2023-07-25 00:53:18 --> syntax error, unexpected token "function", expecting "("
in APPPATH\Controllers\AdmPost.php on line 110.
 1 SYSTEMPATH\Autoloader\Autoloader.php(289): CodeIgniter\Autoloader\Autoloader->includeFile('C:\\xampp\\htdocs\\codi\\app\\Controllers\\AdmPost.php')
 2 SYSTEMPATH\Autoloader\Autoloader.php(267): CodeIgniter\Autoloader\Autoloader->loadInNamespace('App\\Controllers\\AdmPost')
 3 [internal function]: CodeIgniter\Autoloader\Autoloader->loadClass('App\\Controllers\\AdmPost')
 4 SYSTEMPATH\CodeIgniter.php(892): class_exists('\\App\\Controllers\\AdmPost', true)
 5 SYSTEMPATH\CodeIgniter.php(486): CodeIgniter\CodeIgniter->startController()
 6 SYSTEMPATH\CodeIgniter.php(368): CodeIgniter\CodeIgniter->handleRequest(null, Object(Config\Cache), false)
 7 FCPATH\index.php(67): CodeIgniter\CodeIgniter->run()
CRITICAL - 2023-07-25 00:53:19 --> syntax error, unexpected token "function", expecting "("
in APPPATH\Controllers\AdmPost.php on line 110.
 1 SYSTEMPATH\Autoloader\Autoloader.php(289): CodeIgniter\Autoloader\Autoloader->includeFile('C:\\xampp\\htdocs\\codi\\app\\Controllers\\AdmPost.php')
 2 SYSTEMPATH\Autoloader\Autoloader.php(267): CodeIgniter\Autoloader\Autoloader->loadInNamespace('App\\Controllers\\AdmPost')
 3 [internal function]: CodeIgniter\Autoloader\Autoloader->loadClass('App\\Controllers\\AdmPost')
 4 SYSTEMPATH\CodeIgniter.php(892): class_exists('\\App\\Controllers\\AdmPost', true)
 5 SYSTEMPATH\CodeIgniter.php(486): CodeIgniter\CodeIgniter->startController()
 6 SYSTEMPATH\CodeIgniter.php(368): CodeIgniter\CodeIgniter->handleRequest(null, Object(Config\Cache), false)
 7 FCPATH\index.php(67): CodeIgniter\CodeIgniter->run()
CRITICAL - 2023-07-25 00:53:20 --> syntax error, unexpected token "function", expecting "("
in APPPATH\Controllers\AdmPost.php on line 110.
 1 SYSTEMPATH\Autoloader\Autoloader.php(289): CodeIgniter\Autoloader\Autoloader->includeFile('C:\\xampp\\htdocs\\codi\\app\\Controllers\\AdmPost.php')
 2 SYSTEMPATH\Autoloader\Autoloader.php(267): CodeIgniter\Autoloader\Autoloader->loadInNamespace('App\\Controllers\\AdmPost')
 3 [internal function]: CodeIgniter\Autoloader\Autoloader->loadClass('App\\Controllers\\AdmPost')
 4 SYSTEMPATH\CodeIgniter.php(892): class_exists('\\App\\Controllers\\AdmPost', true)
 5 SYSTEMPATH\CodeIgniter.php(486): CodeIgniter\CodeIgniter->startController()
 6 SYSTEMPATH\CodeIgniter.php(368): CodeIgniter\CodeIgniter->handleRequest(null, Object(Config\Cache), false)
 7 FCPATH\index.php(67): CodeIgniter\CodeIgniter->run()
CRITICAL - 2023-07-25 00:53:21 --> syntax error, unexpected token "[", expecting ";" or "{"
in APPPATH\Controllers\AdmPost.php on line 108.
 1 SYSTEMPATH\Autoloader\Autoloader.php(289): CodeIgniter\Autoloader\Autoloader->includeFile('C:\\xampp\\htdocs\\codi\\app\\Controllers\\AdmPost.php')
 2 SYSTEMPATH\Autoloader\Autoloader.php(267): CodeIgniter\Autoloader\Autoloader->loadInNamespace('App\\Controllers\\AdmPost')
 3 [internal function]: CodeIgniter\Autoloader\Autoloader->loadClass('App\\Controllers\\AdmPost')
 4 SYSTEMPATH\CodeIgniter.php(892): class_exists('\\App\\Controllers\\AdmPost', true)
 5 SYSTEMPATH\CodeIgniter.php(486): CodeIgniter\CodeIgniter->startController()
 6 SYSTEMPATH\CodeIgniter.php(368): CodeIgniter\CodeIgniter->handleRequest(null, Object(Config\Cache), false)
 7 FCPATH\index.php(67): CodeIgniter\CodeIgniter->run()
CRITICAL - 2023-07-25 00:53:22 --> syntax error, unexpected token "[", expecting ";" or "{"
in APPPATH\Controllers\AdmPost.php on line 108.
 1 SYSTEMPATH\Autoloader\Autoloader.php(289): CodeIgniter\Autoloader\Autoloader->includeFile('C:\\xampp\\htdocs\\codi\\app\\Controllers\\AdmPost.php')
 2 SYSTEMPATH\Autoloader\Autoloader.php(267): CodeIgniter\Autoloader\Autoloader->loadInNamespace('App\\Controllers\\AdmPost')
 3 [internal function]: CodeIgniter\Autoloader\Autoloader->loadClass('App\\Controllers\\AdmPost')
 4 SYSTEMPATH\CodeIgniter.php(892): class_exists('\\App\\Controllers\\AdmPost', true)
 5 SYSTEMPATH\CodeIgniter.php(486): CodeIgniter\CodeIgniter->startController()
 6 SYSTEMPATH\CodeIgniter.php(368): CodeIgniter\CodeIgniter->handleRequest(null, Object(Config\Cache), false)
 7 FCPATH\index.php(67): CodeIgniter\CodeIgniter->run()
CRITICAL - 2023-07-25 00:53:24 --> syntax error, unexpected token "[", expecting ";" or "{"
in APPPATH\Controllers\AdmPost.php on line 108.
 1 SYSTEMPATH\Autoloader\Autoloader.php(289): CodeIgniter\Autoloader\Autoloader->includeFile('C:\\xampp\\htdocs\\codi\\app\\Controllers\\AdmPost.php')
 2 SYSTEMPATH\Autoloader\Autoloader.php(267): CodeIgniter\Autoloader\Autoloader->loadInNamespace('App\\Controllers\\AdmPost')
 3 [internal function]: CodeIgniter\Autoloader\Autoloader->loadClass('App\\Controllers\\AdmPost')
 4 SYSTEMPATH\CodeIgniter.php(892): class_exists('\\App\\Controllers\\AdmPost', true)
 5 SYSTEMPATH\CodeIgniter.php(486): CodeIgniter\CodeIgniter->startController()
 6 SYSTEMPATH\CodeIgniter.php(368): CodeIgniter\CodeIgniter->handleRequest(null, Object(Config\Cache), false)
 7 FCPATH\index.php(67): CodeIgniter\CodeIgniter->run()
CRITICAL - 2023-07-25 00:53:24 --> syntax error, unexpected token "function", expecting ";" or "{"
in APPPATH\Controllers\AdmPost.php on line 110.
 1 SYSTEMPATH\Autoloader\Autoloader.php(289): CodeIgniter\Autoloader\Autoloader->includeFile('C:\\xampp\\htdocs\\codi\\app\\Controllers\\AdmPost.php')
 2 SYSTEMPATH\Autoloader\Autoloader.php(267): CodeIgniter\Autoloader\Autoloader->loadInNamespace('App\\Controllers\\AdmPost')
 3 [internal function]: CodeIgniter\Autoloader\Autoloader->loadClass('App\\Controllers\\AdmPost')
 4 SYSTEMPATH\CodeIgniter.php(892): class_exists('\\App\\Controllers\\AdmPost', true)
 5 SYSTEMPATH\CodeIgniter.php(486): CodeIgniter\CodeIgniter->startController()
 6 SYSTEMPATH\CodeIgniter.php(368): CodeIgniter\CodeIgniter->handleRequest(null, Object(Config\Cache), false)
 7 FCPATH\index.php(67): CodeIgniter\CodeIgniter->run()
CRITICAL - 2023-07-25 00:53:25 --> syntax error, unexpected token "function", expecting ";" or "{"
in APPPATH\Controllers\AdmPost.php on line 110.
 1 SYSTEMPATH\Autoloader\Autoloader.php(289): CodeIgniter\Autoloader\Autoloader->includeFile('C:\\xampp\\htdocs\\codi\\app\\Controllers\\AdmPost.php')
 2 SYSTEMPATH\Autoloader\Autoloader.php(267): CodeIgniter\Autoloader\Autoloader->loadInNamespace('App\\Controllers\\AdmPost')
 3 [internal function]: CodeIgniter\Autoloader\Autoloader->loadClass('App\\Controllers\\AdmPost')
 4 SYSTEMPATH\CodeIgniter.php(892): class_exists('\\App\\Controllers\\AdmPost', true)
 5 SYSTEMPATH\CodeIgniter.php(486): CodeIgniter\CodeIgniter->startController()
 6 SYSTEMPATH\CodeIgniter.php(368): CodeIgniter\CodeIgniter->handleRequest(null, Object(Config\Cache), false)
 7 FCPATH\index.php(67): CodeIgniter\CodeIgniter->run()
CRITICAL - 2023-07-25 00:53:26 --> Cannot redeclare App\Controllers\AdmPost::desenho_meus()
in APPPATH\Controllers\AdmPost.php on line 108.
 1 [internal function]: CodeIgniter\Debug\Exceptions->shutdownHandler()
CRITICAL - 2023-07-25 00:53:27 --> Cannot redeclare App\Controllers\AdmPost::desenho_meus()
in APPPATH\Controllers\AdmPost.php on line 108.
 1 [internal function]: CodeIgniter\Debug\Exceptions->shutdownHandler()
CRITICAL - 2023-07-25 00:53:28 --> Cannot redeclare App\Controllers\AdmPost::desenho_meus()
in APPPATH\Controllers\AdmPost.php on line 108.
 1 [internal function]: CodeIgniter\Debug\Exceptions->shutdownHandler()
CRITICAL - 2023-07-25 00:53:29 --> Cannot redeclare App\Controllers\AdmPost::desenho_meus()
in APPPATH\Controllers\AdmPost.php on line 108.
 1 [internal function]: CodeIgniter\Debug\Exceptions->shutdownHandler()
CRITICAL - 2023-07-25 00:53:30 --> Cannot redeclare App\Controllers\AdmPost::desenho_meus()
in APPPATH\Controllers\AdmPost.php on line 108.
 1 [internal function]: CodeIgniter\Debug\Exceptions->shutdownHandler()
CRITICAL - 2023-07-25 00:53:31 --> Cannot redeclare App\Controllers\AdmPost::desenho_meus()
in APPPATH\Controllers\AdmPost.php on line 108.
 1 [internal function]: CodeIgniter\Debug\Exceptions->shutdownHandler()
CRITICAL - 2023-07-25 00:53:32 --> Cannot redeclare App\Controllers\AdmPost::desenho_meus()
in APPPATH\Controllers\AdmPost.php on line 108.
 1 [internal function]: CodeIgniter\Debug\Exceptions->shutdownHandler()
CRITICAL - 2023-07-25 00:53:33 --> Cannot redeclare App\Controllers\AdmPost::desenho_meus()
in APPPATH\Controllers\AdmPost.php on line 108.
 1 [internal function]: CodeIgniter\Debug\Exceptions->shutdownHandler()
CRITICAL - 2023-07-25 00:55:26 --> session_start(): Ignoring session_start() because a session is already active
in APPPATH\Controllers\AdmPost.php on line 100.
 1 [internal function]: CodeIgniter\Debug\Exceptions->errorHandler(8, 'session_start(): Ignoring session_start() because a session is already active', 'C:\\xampp\\htdocs\\codi\\app\\Controllers\\AdmPost.php', 100)
 2 APPPATH\Controllers\AdmPost.php(100): session_start()
 3 SYSTEMPATH\CodeIgniter.php(934): App\Controllers\AdmPost->desenho_meus()
 4 SYSTEMPATH\CodeIgniter.php(499): CodeIgniter\CodeIgniter->runController(Object(App\Controllers\AdmPost))
 5 SYSTEMPATH\CodeIgniter.php(368): CodeIgniter\CodeIgniter->handleRequest(null, Object(Config\Cache), false)
 6 FCPATH\index.php(67): CodeIgniter\CodeIgniter->run()
CRITICAL - 2023-07-25 00:56:26 --> session_start(): Ignoring session_start() because a session is already active
in APPPATH\Controllers\AdmPost.php on line 100.
 1 [internal function]: CodeIgniter\Debug\Exceptions->errorHandler(8, 'session_start(): Ignoring session_start() because a session is already active', 'C:\\xampp\\htdocs\\codi\\app\\Controllers\\AdmPost.php', 100)
 2 APPPATH\Controllers\AdmPost.php(100): session_start()
 3 SYSTEMPATH\CodeIgniter.php(934): App\Controllers\AdmPost->desenho_meus()
 4 SYSTEMPATH\CodeIgniter.php(499): CodeIgniter\CodeIgniter->runController(Object(App\Controllers\AdmPost))
 5 SYSTEMPATH\CodeIgniter.php(368): CodeIgniter\CodeIgniter->handleRequest(null, Object(Config\Cache), false)
 6 FCPATH\index.php(67): CodeIgniter\CodeIgniter->run()
CRITICAL - 2023-07-25 00:57:26 --> syntax error, unexpected variable "$routes"
in APPPATH\Config\Routes.php on line 57.
 1 SYSTEMPATH\CodeIgniter.php(802): CodeIgniter\Router\RouteCollection->loadRoutes()
 2 SYSTEMPATH\CodeIgniter.php(449): CodeIgniter\CodeIgniter->tryToRouteIt(null)
 3 SYSTEMPATH\CodeIgniter.php(368): CodeIgniter\CodeIgniter->handleRequest(null, Object(Config\Cache), false)
 4 FCPATH\index.php(67): CodeIgniter\CodeIgniter->run()
CRITICAL - 2023-07-25 00:58:26 --> session_start(): Ignoring session_start() because a session is already active
in APPPATH\Controllers\AdmPost.php on line 100.
 1 [internal function]: CodeIgniter\Debug\Exceptions->errorHandler(8, 'session_start(): Ignoring session_start() because a session is already active', 'C:\\xampp\\htdocs\\codi\\app\\Controllers\\AdmPost.php', 100)
 2 APPPATH\Controllers\AdmPost.php(100): session_start()
 3 SYSTEMPATH\CodeIgniter.php(934): App\Controllers\AdmPost->desenho_meus()
 4 SYSTEMPATH\CodeIgniter.php(499): CodeIgniter\CodeIgniter->runController(Object(App\Controllers\AdmPost))
 5 SYSTEMPATH\CodeIgniter.php(368): CodeIgniter\CodeIgniter->handleRequest(null, Object(Config\Cache), false)
 6 FCPATH\index.php(67): CodeIgniter\CodeIgniter->run()
CRITICAL - 2023-07-25 00:59:26 --> session_start(): Ignoring session_start() because a session is already active
in APPPATH\Controllers\AdmPost.php on line 100.
 1 [internal function]: CodeIgniter\Debug\Exceptions->errorHandler(8, 'session_start(): Ignoring session_start() because a session is already active', 'C:\\xampp\\htdocs\\codi\\app\\Controllers\\AdmPost.php', 100)
 2 APPPATH\Controllers\AdmPost.php(100): session_start()
 3 SYSTEMPATH\CodeIgniter.php(934): App\Controllers\AdmPost->desenho_meus()
 4 SYSTEMPATH\CodeIgniter.php(499): CodeIgniter\CodeIgniter->runController(Object(App\Controllers\AdmPost))
 5 SYSTEMPATH\CodeIgniter.php(368): CodeIgniter\CodeIgniter->handleRequest(null, Object(Config\Cache), false)
 6 FCPATH\index.php(67): CodeIgniter\CodeIgniter->run()
CRITICAL - 2023-07-25 00:59:33 --> session_start(): Ignoring session_start() because a session is already active
in APPPATH\Controllers\AdmPost.php on line 100.
 1 [internal function]: CodeIgniter\Debug\Exceptions->errorHandler(8, 'session_start(): Ignoring session_start() because a session is already active', 'C:\\xampp\\htdocs\\codi\\app\\Controllers\\AdmPost.php', 100)
 2 APPPATH\Controllers\AdmPost.php(100): session_start()
 3 SYSTEMPATH\CodeIgniter.php(934): App\Controllers\AdmPost->desenho_meus()
 4 SYSTEMPATH\CodeIgniter.php(499): CodeIgniter\CodeIgniter->runController(Object(App\Controllers\AdmPost))
 5 SYSTEMPATH\CodeIgniter.php(368): CodeIgniter\CodeIgniter->handleRequest(null, Object(Config\Cache), false)
 6 FCPATH\index.php(67): CodeIgniter\CodeIgniter->run()
CRITICAL - 2023-07-25 00:59:34 --> session_start(): Ignoring session_start() because a session is already active
in APPPATH\Controllers\AdmPost.php on line 100.
 1 [internal function]: CodeIgniter\Debug\Exceptions->errorHandler(8, 'session_start(): Ignoring session_start() because a session is already active', 'C:\\xampp\\htdocs\\codi\\app\\Controllers\\AdmPost.php', 100)
 2 APPPATH\Controllers\AdmPost.php(100): session_start()
 3 SYSTEMPATH\CodeIgniter.php(934): App\Controllers\AdmPost->desenho_meus()
 4 SYSTEMPATH\CodeIgniter.php(499): CodeIgniter\CodeIgniter->runController(Object(App\Controllers\AdmPost))
 5 SYSTEMPATH\CodeIgniter.php(368): CodeIgniter\CodeIgniter->handleRequest(null, Object(Config\Cache), false)
 6 FCPATH\index.php(67): CodeIgniter\CodeIgniter->run()
CRITICAL - 2023-07-25 00:59:35 --> session_start(): Ignoring session_start() because a session is already active
in APPPATH\Controllers\AdmPost.php on line 100.
 1 [internal function]: CodeIgniter\Debug\Exceptions->errorHandler(8, 'session_start(): Ignoring session_start() because a session is already active', 'C:\\xampp\\htdocs\\codi\\app\\Controllers\\AdmPost.php', 100)
 2 APPPATH\Controllers\AdmPost.php(100): session_start()
 3 SYSTEMPATH\CodeIgniter.php(934): App\Controllers\AdmPost->desenho_meus()
 4 SYSTEMPATH\CodeIgniter.php(499): CodeIgniter\CodeIgniter->runController(Object(App\Controllers\AdmPost))
 5 SYSTEMPATH\CodeIgniter.php(368): CodeIgniter\CodeIgniter->handleRequest(null, Object(Config\Cache), false)
 6 FCPATH\index.php(67): CodeIgniter\CodeIgniter->run()
CRITICAL - 2023-07-25 00:59:36 --> session_start(): Ignoring session_start() because a session is already active
in APPPATH\Controllers\AdmPost.php on line 100.
 1 [internal function]: CodeIgniter\Debug\Exceptions->errorHandler(8, 'session_start(): Ignoring session_start() because a session is already active', 'C:\\xampp\\htdocs\\codi\\app\\Controllers\\AdmPost.php', 100)
 2 APPPATH\Controllers\AdmPost.php(100): session_start()
 3 SYSTEMPATH\CodeIgniter.php(934): App\Controllers\AdmPost->desenho_meus()
 4 SYSTEMPATH\CodeIgniter.php(499): CodeIgniter\CodeIgniter->runController(Object(App\Controllers\AdmPost))
 5 SYSTEMPATH\CodeIgniter.php(368): CodeIgniter\CodeIgniter->handleRequest(null, Object(Config\Cache), false)
 6 FCPATH\index.php(67): CodeIgniter\CodeIgniter->run()
CRITICAL - 2023-07-25 00:59:37 --> session_start(): Ignoring session_start() because a session is already active
in APPPATH\Controllers\AdmPost.php on line 100.
 1 [internal function]: CodeIgniter\Debug\Exceptions->errorHandler(8, 'session_start(): Ignoring session_start() because a session is already active', 'C:\\xampp\\htdocs\\codi\\app\\Controllers\\AdmPost.php', 100)
 2 APPPATH\Controllers\AdmPost.php(100): session_start()
 3 SYSTEMPATH\CodeIgniter.php(934): App\Controllers\AdmPost->desenho_meus()
 4 SYSTEMPATH\CodeIgniter.php(499): CodeIgniter\CodeIgniter->runController(Object(App\Controllers\AdmPost))
 5 SYSTEMPATH\CodeIgniter.php(368): CodeIgniter\CodeIgniter->handleRequest(null, Object(Config\Cache), false)
 6 FCPATH\index.php(67): CodeIgniter\CodeIgniter->run()
CRITICAL - 2023-07-25 00:59:38 --> session_start(): Ignoring session_start() because a session is already active
in APPPATH\Controllers\AdmPost.php on line 100.
 1 [internal function]: CodeIgniter\Debug\Exceptions->errorHandler(8, 'session_start(): Ignoring session_start() because a session is already active', 'C:\\xampp\\htdocs\\codi\\app\\Controllers\\AdmPost.php', 100)
 2 APPPATH\Controllers\AdmPost.php(100): session_start()
 3 SYSTEMPATH\CodeIgniter.php(934): App\Controllers\AdmPost->desenho_meus()
 4 SYSTEMPATH\CodeIgniter.php(499): CodeIgniter\CodeIgniter->runController(Object(App\Controllers\AdmPost))
 5 SYSTEMPATH\CodeIgniter.php(368): CodeIgniter\CodeIgniter->handleRequest(null, Object(Config\Cache), false)
 6 FCPATH\index.php(67): CodeIgniter\CodeIgniter->run()
CRITICAL - 2023-07-25 00:59:39 --> session_start(): Ignoring session_start() because a session is already active
in APPPATH\Controllers\AdmPost.php on line 100.
 1 [internal function]: CodeIgniter\Debug\Exceptions->errorHandler(8, 'session_start(): Ignoring session_start() because a session is already active', 'C:\\xampp\\htdocs\\codi\\app\\Controllers\\AdmPost.php', 100)
 2 APPPATH\Controllers\AdmPost.php(100): session_start()
 3 SYSTEMPATH\CodeIgniter.php(934): App\Controllers\AdmPost->desenho_meus()
 4 SYSTEMPATH\CodeIgniter.php(499): CodeIgniter\CodeIgniter->runController(Object(App\Controllers\AdmPost))
 5 SYSTEMPATH\CodeIgniter.php(368): CodeIgniter\CodeIgniter->handleRequest(null, Object(Config\Cache), false)
 6 FCPATH\index.php(67): CodeIgniter\CodeIgniter->run()
CRITICAL - 2023-07-25 00:59:40 --> session_start(): Ignoring session_start() because a session is already active
in APPPATH\Controllers\AdmPost.php on line 100.
 1 [internal function]: CodeIgniter\Debug\Exceptions->errorHandler(8, 'session_start(): Ignoring session_start() because a session is already active', 'C:\\xampp\\htdocs\\codi\\app\\Controllers\\AdmPost.php', 100)
 2 APPPATH\Controllers\AdmPost.php(100): session_start()
 3 SYSTEMPATH\CodeIgniter.php(934): App\Controllers\AdmPost->desenho_meus()
 4 SYSTEMPATH\CodeIgniter.php(499): CodeIgniter\CodeIgniter->runController(Object(App\Controllers\AdmPost))
 5 SYSTEMPATH\CodeIgniter.php(368): CodeIgniter\CodeIgniter->handleRequest(null, Object(Config\Cache), false)
 6 FCPATH\index.php(67): CodeIgniter\CodeIgniter->run()
CRITICAL - 2023-07-25 00:59:41 --> session_start(): Ignoring session_start() because a session is already active
in APPPATH\Controllers\AdmPost.php on line 100.
 1 [internal function]: CodeIgniter\Debug\Exceptions->errorHandler(8, 'session_start(): Ignoring session_start() because a session is already active', 'C:\\xampp\\htdocs\\codi\\app\\Controllers\\AdmPost.php', 100)
 2 APPPATH\Controllers\AdmPost.php(100): session_start()
 3 SYSTEMPATH\CodeIgniter.php(934): App\Controllers\AdmPost->desenho_meus()
 4 SYSTEMPATH\CodeIgniter.php(499): CodeIgniter\CodeIgniter->runController(Object(App\Controllers\AdmPost))
 5 SYSTEMPATH\CodeIgniter.php(368): CodeIgniter\CodeIgniter->handleRequest(null, Object(Config\Cache), false)
 6 FCPATH\index.php(67): CodeIgniter\CodeIgniter->run()
CRITICAL - 2023-07-25 00:59:42 --> session_start(): Ignoring session_start() because a session is already active
in APPPATH\Controllers\AdmPost.php on line 100.
 1 [internal function]: CodeIgniter\Debug\Exceptions->errorHandler(8, 'session_start(): Ignoring session_start() because a session is already active', 'C:\\xampp\\htdocs\\codi\\app\\Controllers\\AdmPost.php', 100)
 2 APPPATH\Controllers\AdmPost.php(100): session_start()
 3 SYSTEMPATH\CodeIgniter.php(934): App\Controllers\AdmPost->desenho_meus()
 4 SYSTEMPATH\CodeIgniter.php(499): CodeIgniter\CodeIgniter->runController(Object(App\Controllers\AdmPost))
 5 SYSTEMPATH\CodeIgniter.php(368): CodeIgniter\CodeIgniter->handleRequest(null, Object(Config\Cache), false)
 6 FCPATH\index.php(67): CodeIgniter\CodeIgniter->run()
CRITICAL - 2023-07-25 00:59:43 --> session_start(): Ignoring session_start() because a session is already active
in APPPATH\Controllers\AdmPost.php on line 100.
 1 [internal function]: CodeIgniter\Debug\Exceptions->errorHandler(8, 'session_start(): Ignoring session_start() because a session is already active', 'C:\\xampp\\htdocs\\codi\\app\\Controllers\\AdmPost.php', 100)
 2 APPPATH\Controllers\AdmPost.php(100): session_start()
 3 SYSTEMPATH\CodeIgniter.php(934): App\Controllers\AdmPost->desenho_meus()
 4 SYSTEMPATH\CodeIgniter.php(499): CodeIgniter\CodeIgniter->runController(Object(App\Controllers\AdmPost))
 5 SYSTEMPATH\CodeIgniter.php(368): CodeIgniter\CodeIgniter->handleRequest(null, Object(Config\Cache), false)
 6 FCPATH\index.php(67): CodeIgniter\CodeIgniter->run()
CRITICAL - 2023-07-25 00:59:44 --> session_start(): Ignoring session_start() because a session is already active
in APPPATH\Controllers\AdmPost.php on line 100.
 1 [internal function]: CodeIgniter\Debug\Exceptions->errorHandler(8, 'session_start(): Ignoring session_start() because a session is already active', 'C:\\xampp\\htdocs\\codi\\app\\Controllers\\AdmPost.php', 100)
 2 APPPATH\Controllers\AdmPost.php(100): session_start()
 3 SYSTEMPATH\CodeIgniter.php(934): App\Controllers\AdmPost->desenho_meus()
 4 SYSTEMPATH\CodeIgniter.php(499): CodeIgniter\CodeIgniter->runController(Object(App\Controllers\AdmPost))
 5 SYSTEMPATH\CodeIgniter.php(368): CodeIgniter\CodeIgniter->handleRequest(null, Object(Config\Cache), false)
 6 FCPATH\index.php(67): CodeIgniter\CodeIgniter->run()
CRITICAL - 2023-07-25 00:59:45 --> session_start(): Ignoring session_start() because a session is already active
in APPPATH\Controllers\AdmPost.php on line 100.
 1 [internal function]: CodeIgniter\Debug\Exceptions->errorHandler(8, 'session_start(): Ignoring session_start() because a session is already active', 'C:\\xampp\\htdocs\\codi\\app\\Controllers\\AdmPost.php', 100)
 2 APPPATH\Controllers\AdmPost.php(100): session_start()
 3 SYSTEMPATH\CodeIgniter.php(934): App\Controllers\AdmPost->desenho_meus()
 4 SYSTEMPATH\CodeIgniter.php(499): CodeIgniter\CodeIgniter->runController(Object(App\Controllers\AdmPost))
 5 SYSTEMPATH\CodeIgniter.php(368): CodeIgniter\CodeIgniter->handleRequest(null, Object(Config\Cache), false)
 6 FCPATH\index.php(67): CodeIgniter\CodeIgniter->run()
CRITICAL - 2023-07-25 00:59:46 --> session_start(): Ignoring session_start() because a session is already active
in APPPATH\Controllers\AdmPost.php on line 100.
 1 [internal function]: CodeIgniter\Debug\Exceptions->errorHandler(8, 'session_start(): Ignoring session_start() because a session is already active', 'C:\\xampp\\htdocs\\codi\\app\\Controllers\\AdmPost.php', 100)
 2 APPPATH\Controllers\AdmPost.php(100): session_start()
 3 SYSTEMPATH\CodeIgniter.php(934): App\Controllers\AdmPost->desenho_meus()
 4 SYSTEMPATH\CodeIgniter.php(499): CodeIgniter\CodeIgniter->runController(Object(App\Controllers\AdmPost))
 5 SYSTEMPATH\CodeIgniter.php(368): CodeIgniter\CodeIgniter->handleRequest(null, Object(Config\Cache), false)
 6 FCPATH\index.php(67): CodeIgniter\CodeIgniter->run()
CRITICAL - 2023-07-25 00:59:46 --> session_start(): Ignoring session_start() because a session is already active
in APPPATH\Controllers\AdmPost.php on line 100.
 1 [internal function]: CodeIgniter\Debug\Exceptions->errorHandler(8, 'session_start(): Ignoring session_start() because a session is already active', 'C:\\xampp\\htdocs\\codi\\app\\Controllers\\AdmPost.php', 100)
 2 APPPATH\Controllers\AdmPost.php(100): session_start()
 3 SYSTEMPATH\CodeIgniter.php(934): App\Controllers\AdmPost->desenho_meus()
 4 SYSTEMPATH\CodeIgniter.php(499): CodeIgniter\CodeIgniter->runController(Object(App\Controllers\AdmPost))
 5 SYSTEMPATH\CodeIgniter.php(368): CodeIgniter\CodeIgniter->handleRequest(null, Object(Config\Cache), false)
 6 FCPATH\index.php(67): CodeIgniter\CodeIgniter->run()
CRITICAL - 2023-07-25 00:59:47 --> session_start(): Ignoring session_start() because a session is already active
in APPPATH\Controllers\AdmPost.php on line 100.
 1 [internal function]: CodeIgniter\Debug\Exceptions->errorHandler(8, 'session_start(): Ignoring session_start() because a session is already active', 'C:\\xampp\\htdocs\\codi\\app\\Controllers\\AdmPost.php', 100)
 2 APPPATH\Controllers\AdmPost.php(100): session_start()
 3 SYSTEMPATH\CodeIgniter.php(934): App\Controllers\AdmPost->desenho_meus()
 4 SYSTEMPATH\CodeIgniter.php(499): CodeIgniter\CodeIgniter->runController(Object(App\Controllers\AdmPost))
 5 SYSTEMPATH\CodeIgniter.php(368): CodeIgniter\CodeIgniter->handleRequest(null, Object(Config\Cache), false)
 6 FCPATH\index.php(67): CodeIgniter\CodeIgniter->run()
CRITICAL - 2023-07-25 00:59:49 --> session_start(): Ignoring session_start() because a session is already active
in APPPATH\Controllers\AdmPost.php on line 100.
 1 [internal function]: CodeIgniter\Debug\Exceptions->errorHandler(8, 'session_start(): Ignoring session_start() because a session is already active', 'C:\\xampp\\htdocs\\codi\\app\\Controllers\\AdmPost.php', 100)
 2 APPPATH\Controllers\AdmPost.php(100): session_start()
 3 SYSTEMPATH\CodeIgniter.php(934): App\Controllers\AdmPost->desenho_meus()
 4 SYSTEMPATH\CodeIgniter.php(499): CodeIgniter\CodeIgniter->runController(Object(App\Controllers\AdmPost))
 5 SYSTEMPATH\CodeIgniter.php(368): CodeIgniter\CodeIgniter->handleRequest(null, Object(Config\Cache), false)
 6 FCPATH\index.php(67): CodeIgniter\CodeIgniter->run()
CRITICAL - 2023-07-25 00:59:50 --> session_start(): Ignoring session_start() because a session is already active
in APPPATH\Controllers\AdmPost.php on line 100.
 1 [internal function]: CodeIgniter\Debug\Exceptions->errorHandler(8, 'session_start(): Ignoring session_start() because a session is already active', 'C:\\xampp\\htdocs\\codi\\app\\Controllers\\AdmPost.php', 100)
 2 APPPATH\Controllers\AdmPost.php(100): session_start()
 3 SYSTEMPATH\CodeIgniter.php(934): App\Controllers\AdmPost->desenho_meus()
 4 SYSTEMPATH\CodeIgniter.php(499): CodeIgniter\CodeIgniter->runController(Object(App\Controllers\AdmPost))
 5 SYSTEMPATH\CodeIgniter.php(368): CodeIgniter\CodeIgniter->handleRequest(null, Object(Config\Cache), false)
 6 FCPATH\index.php(67): CodeIgniter\CodeIgniter->run()
CRITICAL - 2023-07-25 00:59:51 --> session_start(): Ignoring session_start() because a session is already active
in APPPATH\Controllers\AdmPost.php on line 100.
 1 [internal function]: CodeIgniter\Debug\Exceptions->errorHandler(8, 'session_start(): Ignoring session_start() because a session is already active', 'C:\\xampp\\htdocs\\codi\\app\\Controllers\\AdmPost.php', 100)
 2 APPPATH\Controllers\AdmPost.php(100): session_start()
 3 SYSTEMPATH\CodeIgniter.php(934): App\Controllers\AdmPost->desenho_meus()
 4 SYSTEMPATH\CodeIgniter.php(499): CodeIgniter\CodeIgniter->runController(Object(App\Controllers\AdmPost))
 5 SYSTEMPATH\CodeIgniter.php(368): CodeIgniter\CodeIgniter->handleRequest(null, Object(Config\Cache), false)
 6 FCPATH\index.php(67): CodeIgniter\CodeIgniter->run()
CRITICAL - 2023-07-25 00:59:52 --> session_start(): Ignoring session_start() because a session is already active
in APPPATH\Controllers\AdmPost.php on line 100.
 1 [internal function]: CodeIgniter\Debug\Exceptions->errorHandler(8, 'session_start(): Ignoring session_start() because a session is already active', 'C:\\xampp\\htdocs\\codi\\app\\Controllers\\AdmPost.php', 100)
 2 APPPATH\Controllers\AdmPost.php(100): session_start()
 3 SYSTEMPATH\CodeIgniter.php(934): App\Controllers\AdmPost->desenho_meus()
 4 SYSTEMPATH\CodeIgniter.php(499): CodeIgniter\CodeIgniter->runController(Object(App\Controllers\AdmPost))
 5 SYSTEMPATH\CodeIgniter.php(368): CodeIgniter\CodeIgniter->handleRequest(null, Object(Config\Cache), false)
 6 FCPATH\index.php(67): CodeIgniter\CodeIgniter->run()
CRITICAL - 2023-07-25 00:59:53 --> session_start(): Ignoring session_start() because a session is already active
in APPPATH\Controllers\AdmPost.php on line 100.
 1 [internal function]: CodeIgniter\Debug\Exceptions->errorHandler(8, 'session_start(): Ignoring session_start() because a session is already active', 'C:\\xampp\\htdocs\\codi\\app\\Controllers\\AdmPost.php', 100)
 2 APPPATH\Controllers\AdmPost.php(100): session_start()
 3 SYSTEMPATH\CodeIgniter.php(934): App\Controllers\AdmPost->desenho_meus()
 4 SYSTEMPATH\CodeIgniter.php(499): CodeIgniter\CodeIgniter->runController(Object(App\Controllers\AdmPost))
 5 SYSTEMPATH\CodeIgniter.php(368): CodeIgniter\CodeIgniter->handleRequest(null, Object(Config\Cache), false)
 6 FCPATH\index.php(67): CodeIgniter\CodeIgniter->run()
CRITICAL - 2023-07-25 00:59:54 --> session_start(): Ignoring session_start() because a session is already active
in APPPATH\Controllers\AdmPost.php on line 100.
 1 [internal function]: CodeIgniter\Debug\Exceptions->errorHandler(8, 'session_start(): Ignoring session_start() because a session is already active', 'C:\\xampp\\htdocs\\codi\\app\\Controllers\\AdmPost.php', 100)
 2 APPPATH\Controllers\AdmPost.php(100): session_start()
 3 SYSTEMPATH\CodeIgniter.php(934): App\Controllers\AdmPost->desenho_meus()
 4 SYSTEMPATH\CodeIgniter.php(499): CodeIgniter\CodeIgniter->runController(Object(App\Controllers\AdmPost))
 5 SYSTEMPATH\CodeIgniter.php(368): CodeIgniter\CodeIgniter->handleRequest(null, Object(Config\Cache), false)
 6 FCPATH\index.php(67): CodeIgniter\CodeIgniter->run()
CRITICAL - 2023-07-25 00:59:55 --> session_start(): Ignoring session_start() because a session is already active
in APPPATH\Controllers\AdmPost.php on line 100.
 1 [internal function]: CodeIgniter\Debug\Exceptions->errorHandler(8, 'session_start(): Ignoring session_start() because a session is already active', 'C:\\xampp\\htdocs\\codi\\app\\Controllers\\AdmPost.php', 100)
 2 APPPATH\Controllers\AdmPost.php(100): session_start()
 3 SYSTEMPATH\CodeIgniter.php(934): App\Controllers\AdmPost->desenho_meus()
 4 SYSTEMPATH\CodeIgniter.php(499): CodeIgniter\CodeIgniter->runController(Object(App\Controllers\AdmPost))
 5 SYSTEMPATH\CodeIgniter.php(368): CodeIgniter\CodeIgniter->handleRequest(null, Object(Config\Cache), false)
 6 FCPATH\index.php(67): CodeIgniter\CodeIgniter->run()
CRITICAL - 2023-07-25 00:59:56 --> session_start(): Ignoring session_start() because a session is already active
in APPPATH\Controllers\AdmPost.php on line 100.
 1 [internal function]: CodeIgniter\Debug\Exceptions->errorHandler(8, 'session_start(): Ignoring session_start() because a session is already active', 'C:\\xampp\\htdocs\\codi\\app\\Controllers\\AdmPost.php', 100)
 2 APPPATH\Controllers\AdmPost.php(100): session_start()
 3 SYSTEMPATH\CodeIgniter.php(934): App\Controllers\AdmPost->desenho_meus()
 4 SYSTEMPATH\CodeIgniter.php(499): CodeIgniter\CodeIgniter->runController(Object(App\Controllers\AdmPost))
 5 SYSTEMPATH\CodeIgniter.php(368): CodeIgniter\CodeIgniter->handleRequest(null, Object(Config\Cache), false)
 6 FCPATH\index.php(67): CodeIgniter\CodeIgniter->run()
CRITICAL - 2023-07-25 00:59:57 --> session_start(): Ignoring session_start() because a session is already active
in APPPATH\Controllers\AdmPost.php on line 100.
 1 [internal function]: CodeIgniter\Debug\Exceptions->errorHandler(8, 'session_start(): Ignoring session_start() because a session is already active', 'C:\\xampp\\htdocs\\codi\\app\\Controllers\\AdmPost.php', 100)
 2 APPPATH\Controllers\AdmPost.php(100): session_start()
 3 SYSTEMPATH\CodeIgniter.php(934): App\Controllers\AdmPost->desenho_meus()
 4 SYSTEMPATH\CodeIgniter.php(499): CodeIgniter\CodeIgniter->runController(Object(App\Controllers\AdmPost))
 5 SYSTEMPATH\CodeIgniter.php(368): CodeIgniter\CodeIgniter->handleRequest(null, Object(Config\Cache), false)
 6 FCPATH\index.php(67): CodeIgniter\CodeIgniter->run()
CRITICAL - 2023-07-25 00:59:58 --> session_start(): Ignoring session_start() because a session is already active
in APPPATH\Controllers\AdmPost.php on line 100.
 1 [internal function]: CodeIgniter\Debug\Exceptions->errorHandler(8, 'session_start(): Ignoring session_start() because a session is already active', 'C:\\xampp\\htdocs\\codi\\app\\Controllers\\AdmPost.php', 100)
 2 APPPATH\Controllers\AdmPost.php(100): session_start()
 3 SYSTEMPATH\CodeIgniter.php(934): App\Controllers\AdmPost->desenho_meus()
 4 SYSTEMPATH\CodeIgniter.php(499): CodeIgniter\CodeIgniter->runController(Object(App\Controllers\AdmPost))
 5 SYSTEMPATH\CodeIgniter.php(368): CodeIgniter\CodeIgniter->handleRequest(null, Object(Config\Cache), false)
 6 FCPATH\index.php(67): CodeIgniter\CodeIgniter->run()
CRITICAL - 2023-07-25 00:59:59 --> session_start(): Ignoring session_start() because a session is already active
in APPPATH\Controllers\AdmPost.php on line 100.
 1 [internal function]: CodeIgniter\Debug\Exceptions->errorHandler(8, 'session_start(): Ignoring session_start() because a session is already active', 'C:\\xampp\\htdocs\\codi\\app\\Controllers\\AdmPost.php', 100)
 2 APPPATH\Controllers\AdmPost.php(100): session_start()
 3 SYSTEMPATH\CodeIgniter.php(934): App\Controllers\AdmPost->desenho_meus()
 4 SYSTEMPATH\CodeIgniter.php(499): CodeIgniter\CodeIgniter->runController(Object(App\Controllers\AdmPost))
 5 SYSTEMPATH\CodeIgniter.php(368): CodeIgniter\CodeIgniter->handleRequest(null, Object(Config\Cache), false)
 6 FCPATH\index.php(67): CodeIgniter\CodeIgniter->run()
CRITICAL - 2023-07-25 01:00:00 --> session_start(): Ignoring session_start() because a session is already active
in APPPATH\Controllers\AdmPost.php on line 100.
 1 [internal function]: CodeIgniter\Debug\Exceptions->errorHandler(8, 'session_start(): Ignoring session_start() because a session is already active', 'C:\\xampp\\htdocs\\codi\\app\\Controllers\\AdmPost.php', 100)
 2 APPPATH\Controllers\AdmPost.php(100): session_start()
 3 SYSTEMPATH\CodeIgniter.php(934): App\Controllers\AdmPost->desenho_meus()
 4 SYSTEMPATH\CodeIgniter.php(499): CodeIgniter\CodeIgniter->runController(Object(App\Controllers\AdmPost))
 5 SYSTEMPATH\CodeIgniter.php(368): CodeIgniter\CodeIgniter->handleRequest(null, Object(Config\Cache), false)
 6 FCPATH\index.php(67): CodeIgniter\CodeIgniter->run()
CRITICAL - 2023-07-25 01:00:01 --> session_start(): Ignoring session_start() because a session is already active
in APPPATH\Controllers\AdmPost.php on line 100.
 1 [internal function]: CodeIgniter\Debug\Exceptions->errorHandler(8, 'session_start(): Ignoring session_start() because a session is already active', 'C:\\xampp\\htdocs\\codi\\app\\Controllers\\AdmPost.php', 100)
 2 APPPATH\Controllers\AdmPost.php(100): session_start()
 3 SYSTEMPATH\CodeIgniter.php(934): App\Controllers\AdmPost->desenho_meus()
 4 SYSTEMPATH\CodeIgniter.php(499): CodeIgniter\CodeIgniter->runController(Object(App\Controllers\AdmPost))
 5 SYSTEMPATH\CodeIgniter.php(368): CodeIgniter\CodeIgniter->handleRequest(null, Object(Config\Cache), false)
 6 FCPATH\index.php(67): CodeIgniter\CodeIgniter->run()
CRITICAL - 2023-07-25 01:00:02 --> session_start(): Ignoring session_start() because a session is already active
in APPPATH\Controllers\AdmPost.php on line 100.
 1 [internal function]: CodeIgniter\Debug\Exceptions->errorHandler(8, 'session_start(): Ignoring session_start() because a session is already active', 'C:\\xampp\\htdocs\\codi\\app\\Controllers\\AdmPost.php', 100)
 2 APPPATH\Controllers\AdmPost.php(100): session_start()
 3 SYSTEMPATH\CodeIgniter.php(934): App\Controllers\AdmPost->desenho_meus()
 4 SYSTEMPATH\CodeIgniter.php(499): CodeIgniter\CodeIgniter->runController(Object(App\Controllers\AdmPost))
 5 SYSTEMPATH\CodeIgniter.php(368): CodeIgniter\CodeIgniter->handleRequest(null, Object(Config\Cache), false)
 6 FCPATH\index.php(67): CodeIgniter\CodeIgniter->run()
CRITICAL - 2023-07-25 01:00:03 --> session_start(): Ignoring session_start() because a session is already active
in APPPATH\Controllers\AdmPost.php on line 100.
 1 [internal function]: CodeIgniter\Debug\Exceptions->errorHandler(8, 'session_start(): Ignoring session_start() because a session is already active', 'C:\\xampp\\htdocs\\codi\\app\\Controllers\\AdmPost.php', 100)
 2 APPPATH\Controllers\AdmPost.php(100): session_start()
 3 SYSTEMPATH\CodeIgniter.php(934): App\Controllers\AdmPost->desenho_meus()
 4 SYSTEMPATH\CodeIgniter.php(499): CodeIgniter\CodeIgniter->runController(Object(App\Controllers\AdmPost))
 5 SYSTEMPATH\CodeIgniter.php(368): CodeIgniter\CodeIgniter->handleRequest(null, Object(Config\Cache), false)
 6 FCPATH\index.php(67): CodeIgniter\CodeIgniter->run()
CRITICAL - 2023-07-25 01:00:04 --> session_start(): Ignoring session_start() because a session is already active
in APPPATH\Controllers\AdmPost.php on line 100.
 1 [internal function]: CodeIgniter\Debug\Exceptions->errorHandler(8, 'session_start(): Ignoring session_start() because a session is already active', 'C:\\xampp\\htdocs\\codi\\app\\Controllers\\AdmPost.php', 100)
 2 APPPATH\Controllers\AdmPost.php(100): session_start()
 3 SYSTEMPATH\CodeIgniter.php(934): App\Controllers\AdmPost->desenho_meus()
 4 SYSTEMPATH\CodeIgniter.php(499): CodeIgniter\CodeIgniter->runController(Object(App\Controllers\AdmPost))
 5 SYSTEMPATH\CodeIgniter.php(368): CodeIgniter\CodeIgniter->handleRequest(null, Object(Config\Cache), false)
 6 FCPATH\index.php(67): CodeIgniter\CodeIgniter->run()
CRITICAL - 2023-07-25 01:00:05 --> session_start(): Ignoring session_start() because a session is already active
in APPPATH\Controllers\AdmPost.php on line 100.
 1 [internal function]: CodeIgniter\Debug\Exceptions->errorHandler(8, 'session_start(): Ignoring session_start() because a session is already active', 'C:\\xampp\\htdocs\\codi\\app\\Controllers\\AdmPost.php', 100)
 2 APPPATH\Controllers\AdmPost.php(100): session_start()
 3 SYSTEMPATH\CodeIgniter.php(934): App\Controllers\AdmPost->desenho_meus()
 4 SYSTEMPATH\CodeIgniter.php(499): CodeIgniter\CodeIgniter->runController(Object(App\Controllers\AdmPost))
 5 SYSTEMPATH\CodeIgniter.php(368): CodeIgniter\CodeIgniter->handleRequest(null, Object(Config\Cache), false)
 6 FCPATH\index.php(67): CodeIgniter\CodeIgniter->run()
CRITICAL - 2023-07-25 01:00:06 --> session_start(): Ignoring session_start() because a session is already active
in APPPATH\Controllers\AdmPost.php on line 100.
 1 [internal function]: CodeIgniter\Debug\Exceptions->errorHandler(8, 'session_start(): Ignoring session_start() because a session is already active', 'C:\\xampp\\htdocs\\codi\\app\\Controllers\\AdmPost.php', 100)
 2 APPPATH\Controllers\AdmPost.php(100): session_start()
 3 SYSTEMPATH\CodeIgniter.php(934): App\Controllers\AdmPost->desenho_meus()
 4 SYSTEMPATH\CodeIgniter.php(499): CodeIgniter\CodeIgniter->runController(Object(App\Controllers\AdmPost))
 5 SYSTEMPATH\CodeIgniter.php(368): CodeIgniter\CodeIgniter->handleRequest(null, Object(Config\Cache), false)
 6 FCPATH\index.php(67): CodeIgniter\CodeIgniter->run()
CRITICAL - 2023-07-25 01:00:07 --> session_start(): Ignoring session_start() because a session is already active
in APPPATH\Controllers\AdmPost.php on line 100.
 1 [internal function]: CodeIgniter\Debug\Exceptions->errorHandler(8, 'session_start(): Ignoring session_start() because a session is already active', 'C:\\xampp\\htdocs\\codi\\app\\Controllers\\AdmPost.php', 100)
 2 APPPATH\Controllers\AdmPost.php(100): session_start()
 3 SYSTEMPATH\CodeIgniter.php(934): App\Controllers\AdmPost->desenho_meus()
 4 SYSTEMPATH\CodeIgniter.php(499): CodeIgniter\CodeIgniter->runController(Object(App\Controllers\AdmPost))
 5 SYSTEMPATH\CodeIgniter.php(368): CodeIgniter\CodeIgniter->handleRequest(null, Object(Config\Cache), false)
 6 FCPATH\index.php(67): CodeIgniter\CodeIgniter->run()
CRITICAL - 2023-07-25 01:00:08 --> session_start(): Ignoring session_start() because a session is already active
in APPPATH\Controllers\AdmPost.php on line 100.
 1 [internal function]: CodeIgniter\Debug\Exceptions->errorHandler(8, 'session_start(): Ignoring session_start() because a session is already active', 'C:\\xampp\\htdocs\\codi\\app\\Controllers\\AdmPost.php', 100)
 2 APPPATH\Controllers\AdmPost.php(100): session_start()
 3 SYSTEMPATH\CodeIgniter.php(934): App\Controllers\AdmPost->desenho_meus()
 4 SYSTEMPATH\CodeIgniter.php(499): CodeIgniter\CodeIgniter->runController(Object(App\Controllers\AdmPost))
 5 SYSTEMPATH\CodeIgniter.php(368): CodeIgniter\CodeIgniter->handleRequest(null, Object(Config\Cache), false)
 6 FCPATH\index.php(67): CodeIgniter\CodeIgniter->run()
CRITICAL - 2023-07-25 01:00:09 --> session_start(): Ignoring session_start() because a session is already active
in APPPATH\Controllers\AdmPost.php on line 100.
 1 [internal function]: CodeIgniter\Debug\Exceptions->errorHandler(8, 'session_start(): Ignoring session_start() because a session is already active', 'C:\\xampp\\htdocs\\codi\\app\\Controllers\\AdmPost.php', 100)
 2 APPPATH\Controllers\AdmPost.php(100): session_start()
 3 SYSTEMPATH\CodeIgniter.php(934): App\Controllers\AdmPost->desenho_meus()
 4 SYSTEMPATH\CodeIgniter.php(499): CodeIgniter\CodeIgniter->runController(Object(App\Controllers\AdmPost))
 5 SYSTEMPATH\CodeIgniter.php(368): CodeIgniter\CodeIgniter->handleRequest(null, Object(Config\Cache), false)
 6 FCPATH\index.php(67): CodeIgniter\CodeIgniter->run()
CRITICAL - 2023-07-25 01:00:10 --> session_start(): Ignoring session_start() because a session is already active
in APPPATH\Controllers\AdmPost.php on line 100.
 1 [internal function]: CodeIgniter\Debug\Exceptions->errorHandler(8, 'session_start(): Ignoring session_start() because a session is already active', 'C:\\xampp\\htdocs\\codi\\app\\Controllers\\AdmPost.php', 100)
 2 APPPATH\Controllers\AdmPost.php(100): session_start()
 3 SYSTEMPATH\CodeIgniter.php(934): App\Controllers\AdmPost->desenho_meus()
 4 SYSTEMPATH\CodeIgniter.php(499): CodeIgniter\CodeIgniter->runController(Object(App\Controllers\AdmPost))
 5 SYSTEMPATH\CodeIgniter.php(368): CodeIgniter\CodeIgniter->handleRequest(null, Object(Config\Cache), false)
 6 FCPATH\index.php(67): CodeIgniter\CodeIgniter->run()
CRITICAL - 2023-07-25 01:00:10 --> session_start(): Ignoring session_start() because a session is already active
in APPPATH\Controllers\AdmPost.php on line 100.
 1 [internal function]: CodeIgniter\Debug\Exceptions->errorHandler(8, 'session_start(): Ignoring session_start() because a session is already active', 'C:\\xampp\\htdocs\\codi\\app\\Controllers\\AdmPost.php', 100)
 2 APPPATH\Controllers\AdmPost.php(100): session_start()
 3 SYSTEMPATH\CodeIgniter.php(934): App\Controllers\AdmPost->desenho_meus()
 4 SYSTEMPATH\CodeIgniter.php(499): CodeIgniter\CodeIgniter->runController(Object(App\Controllers\AdmPost))
 5 SYSTEMPATH\CodeIgniter.php(368): CodeIgniter\CodeIgniter->handleRequest(null, Object(Config\Cache), false)
 6 FCPATH\index.php(67): CodeIgniter\CodeIgniter->run()
CRITICAL - 2023-07-25 01:00:11 --> session_start(): Ignoring session_start() because a session is already active
in APPPATH\Controllers\AdmPost.php on line 100.
 1 [internal function]: CodeIgniter\Debug\Exceptions->errorHandler(8, 'session_start(): Ignoring session_start() because a session is already active', 'C:\\xampp\\htdocs\\codi\\app\\Controllers\\AdmPost.php', 100)
 2 APPPATH\Controllers\AdmPost.php(100): session_start()
 3 SYSTEMPATH\CodeIgniter.php(934): App\Controllers\AdmPost->desenho_meus()
 4 SYSTEMPATH\CodeIgniter.php(499): CodeIgniter\CodeIgniter->runController(Object(App\Controllers\AdmPost))
 5 SYSTEMPATH\CodeIgniter.php(368): CodeIgniter\CodeIgniter->handleRequest(null, Object(Config\Cache), false)
 6 FCPATH\index.php(67): CodeIgniter\CodeIgniter->run()
CRITICAL - 2023-07-25 01:00:12 --> session_start(): Ignoring session_start() because a session is already active
in APPPATH\Controllers\AdmPost.php on line 100.
 1 [internal function]: CodeIgniter\Debug\Exceptions->errorHandler(8, 'session_start(): Ignoring session_start() because a session is already active', 'C:\\xampp\\htdocs\\codi\\app\\Controllers\\AdmPost.php', 100)
 2 APPPATH\Controllers\AdmPost.php(100): session_start()
 3 SYSTEMPATH\CodeIgniter.php(934): App\Controllers\AdmPost->desenho_meus()
 4 SYSTEMPATH\CodeIgniter.php(499): CodeIgniter\CodeIgniter->runController(Object(App\Controllers\AdmPost))
 5 SYSTEMPATH\CodeIgniter.php(368): CodeIgniter\CodeIgniter->handleRequest(null, Object(Config\Cache), false)
 6 FCPATH\index.php(67): CodeIgniter\CodeIgniter->run()
CRITICAL - 2023-07-25 01:00:13 --> session_start(): Ignoring session_start() because a session is already active
in APPPATH\Controllers\AdmPost.php on line 100.
 1 [internal function]: CodeIgniter\Debug\Exceptions->errorHandler(8, 'session_start(): Ignoring session_start() because a session is already active', 'C:\\xampp\\htdocs\\codi\\app\\Controllers\\AdmPost.php', 100)
 2 APPPATH\Controllers\AdmPost.php(100): session_start()
 3 SYSTEMPATH\CodeIgniter.php(934): App\Controllers\AdmPost->desenho_meus()
 4 SYSTEMPATH\CodeIgniter.php(499): CodeIgniter\CodeIgniter->runController(Object(App\Controllers\AdmPost))
 5 SYSTEMPATH\CodeIgniter.php(368): CodeIgniter\CodeIgniter->handleRequest(null, Object(Config\Cache), false)
 6 FCPATH\index.php(67): CodeIgniter\CodeIgniter->run()
CRITICAL - 2023-07-25 01:00:14 --> session_start(): Ignoring session_start() because a session is already active
in APPPATH\Controllers\AdmPost.php on line 100.
 1 [internal function]: CodeIgniter\Debug\Exceptions->errorHandler(8, 'session_start(): Ignoring session_start() because a session is already active', 'C:\\xampp\\htdocs\\codi\\app\\Controllers\\AdmPost.php', 100)
 2 APPPATH\Controllers\AdmPost.php(100): session_start()
 3 SYSTEMPATH\CodeIgniter.php(934): App\Controllers\AdmPost->desenho_meus()
 4 SYSTEMPATH\CodeIgniter.php(499): CodeIgniter\CodeIgniter->runController(Object(App\Controllers\AdmPost))
 5 SYSTEMPATH\CodeIgniter.php(368): CodeIgniter\CodeIgniter->handleRequest(null, Object(Config\Cache), false)
 6 FCPATH\index.php(67): CodeIgniter\CodeIgniter->run()
CRITICAL - 2023-07-25 01:00:15 --> session_start(): Ignoring session_start() because a session is already active
in APPPATH\Controllers\AdmPost.php on line 100.
 1 [internal function]: CodeIgniter\Debug\Exceptions->errorHandler(8, 'session_start(): Ignoring session_start() because a session is already active', 'C:\\xampp\\htdocs\\codi\\app\\Controllers\\AdmPost.php', 100)
 2 APPPATH\Controllers\AdmPost.php(100): session_start()
 3 SYSTEMPATH\CodeIgniter.php(934): App\Controllers\AdmPost->desenho_meus()
 4 SYSTEMPATH\CodeIgniter.php(499): CodeIgniter\CodeIgniter->runController(Object(App\Controllers\AdmPost))
 5 SYSTEMPATH\CodeIgniter.php(368): CodeIgniter\CodeIgniter->handleRequest(null, Object(Config\Cache), false)
 6 FCPATH\index.php(67): CodeIgniter\CodeIgniter->run()
CRITICAL - 2023-07-25 01:00:17 --> session_start(): Ignoring session_start() because a session is already active
in APPPATH\Controllers\AdmPost.php on line 100.
 1 [internal function]: CodeIgniter\Debug\Exceptions->errorHandler(8, 'session_start(): Ignoring session_start() because a session is already active', 'C:\\xampp\\htdocs\\codi\\app\\Controllers\\AdmPost.php', 100)
 2 APPPATH\Controllers\AdmPost.php(100): session_start()
 3 SYSTEMPATH\CodeIgniter.php(934): App\Controllers\AdmPost->desenho_meus()
 4 SYSTEMPATH\CodeIgniter.php(499): CodeIgniter\CodeIgniter->runController(Object(App\Controllers\AdmPost))
 5 SYSTEMPATH\CodeIgniter.php(368): CodeIgniter\CodeIgniter->handleRequest(null, Object(Config\Cache), false)
 6 FCPATH\index.php(67): CodeIgniter\CodeIgniter->run()
CRITICAL - 2023-07-25 01:00:18 --> session_start(): Ignoring session_start() because a session is already active
in APPPATH\Controllers\AdmPost.php on line 100.
 1 [internal function]: CodeIgniter\Debug\Exceptions->errorHandler(8, 'session_start(): Ignoring session_start() because a session is already active', 'C:\\xampp\\htdocs\\codi\\app\\Controllers\\AdmPost.php', 100)
 2 APPPATH\Controllers\AdmPost.php(100): session_start()
 3 SYSTEMPATH\CodeIgniter.php(934): App\Controllers\AdmPost->desenho_meus()
 4 SYSTEMPATH\CodeIgniter.php(499): CodeIgniter\CodeIgniter->runController(Object(App\Controllers\AdmPost))
 5 SYSTEMPATH\CodeIgniter.php(368): CodeIgniter\CodeIgniter->handleRequest(null, Object(Config\Cache), false)
 6 FCPATH\index.php(67): CodeIgniter\CodeIgniter->run()
CRITICAL - 2023-07-25 01:00:19 --> session_start(): Ignoring session_start() because a session is already active
in APPPATH\Controllers\AdmPost.php on line 100.
 1 [internal function]: CodeIgniter\Debug\Exceptions->errorHandler(8, 'session_start(): Ignoring session_start() because a session is already active', 'C:\\xampp\\htdocs\\codi\\app\\Controllers\\AdmPost.php', 100)
 2 APPPATH\Controllers\AdmPost.php(100): session_start()
 3 SYSTEMPATH\CodeIgniter.php(934): App\Controllers\AdmPost->desenho_meus()
 4 SYSTEMPATH\CodeIgniter.php(499): CodeIgniter\CodeIgniter->runController(Object(App\Controllers\AdmPost))
 5 SYSTEMPATH\CodeIgniter.php(368): CodeIgniter\CodeIgniter->handleRequest(null, Object(Config\Cache), false)
 6 FCPATH\index.php(67): CodeIgniter\CodeIgniter->run()
CRITICAL - 2023-07-25 01:00:20 --> session_start(): Ignoring session_start() because a session is already active
in APPPATH\Controllers\AdmPost.php on line 100.
 1 [internal function]: CodeIgniter\Debug\Exceptions->errorHandler(8, 'session_start(): Ignoring session_start() because a session is already active', 'C:\\xampp\\htdocs\\codi\\app\\Controllers\\AdmPost.php', 100)
 2 APPPATH\Controllers\AdmPost.php(100): session_start()
 3 SYSTEMPATH\CodeIgniter.php(934): App\Controllers\AdmPost->desenho_meus()
 4 SYSTEMPATH\CodeIgniter.php(499): CodeIgniter\CodeIgniter->runController(Object(App\Controllers\AdmPost))
 5 SYSTEMPATH\CodeIgniter.php(368): CodeIgniter\CodeIgniter->handleRequest(null, Object(Config\Cache), false)
 6 FCPATH\index.php(67): CodeIgniter\CodeIgniter->run()
CRITICAL - 2023-07-25 01:00:21 --> session_start(): Ignoring session_start() because a session is already active
in APPPATH\Controllers\AdmPost.php on line 100.
 1 [internal function]: CodeIgniter\Debug\Exceptions->errorHandler(8, 'session_start(): Ignoring session_start() because a session is already active', 'C:\\xampp\\htdocs\\codi\\app\\Controllers\\AdmPost.php', 100)
 2 APPPATH\Controllers\AdmPost.php(100): session_start()
 3 SYSTEMPATH\CodeIgniter.php(934): App\Controllers\AdmPost->desenho_meus()
 4 SYSTEMPATH\CodeIgniter.php(499): CodeIgniter\CodeIgniter->runController(Object(App\Controllers\AdmPost))
 5 SYSTEMPATH\CodeIgniter.php(368): CodeIgniter\CodeIgniter->handleRequest(null, Object(Config\Cache), false)
 6 FCPATH\index.php(67): CodeIgniter\CodeIgniter->run()
CRITICAL - 2023-07-25 01:00:22 --> syntax error, unexpected variable "$routes"
in APPPATH\Config\Routes.php on line 58.
 1 SYSTEMPATH\CodeIgniter.php(802): CodeIgniter\Router\RouteCollection->loadRoutes()
 2 SYSTEMPATH\CodeIgniter.php(449): CodeIgniter\CodeIgniter->tryToRouteIt(null)
 3 SYSTEMPATH\CodeIgniter.php(368): CodeIgniter\CodeIgniter->handleRequest(null, Object(Config\Cache), false)
 4 FCPATH\index.php(67): CodeIgniter\CodeIgniter->run()
CRITICAL - 2023-07-25 01:00:23 --> syntax error, unexpected variable "$routes"
in APPPATH\Config\Routes.php on line 58.
 1 SYSTEMPATH\CodeIgniter.php(802): CodeIgniter\Router\RouteCollection->loadRoutes()
 2 SYSTEMPATH\CodeIgniter.php(449): CodeIgniter\CodeIgniter->tryToRouteIt(null)
 3 SYSTEMPATH\CodeIgniter.php(368): CodeIgniter\CodeIgniter->handleRequest(null, Object(Config\Cache), false)
 4 FCPATH\index.php(67): CodeIgniter\CodeIgniter->run()
CRITICAL - 2023-07-25 01:00:24 --> syntax error, unexpected variable "$routes"
in APPPATH\Config\Routes.php on line 58.
 1 SYSTEMPATH\CodeIgniter.php(802): CodeIgniter\Router\RouteCollection->loadRoutes()
 2 SYSTEMPATH\CodeIgniter.php(449): CodeIgniter\CodeIgniter->tryToRouteIt(null)
 3 SYSTEMPATH\CodeIgniter.php(368): CodeIgniter\CodeIgniter->handleRequest(null, Object(Config\Cache), false)
 4 FCPATH\index.php(67): CodeIgniter\CodeIgniter->run()
CRITICAL - 2023-07-25 01:00:25 --> session_start(): Ignoring session_start() because a session is already active
in APPPATH\Controllers\AdmPost.php on line 100.
 1 [internal function]: CodeIgniter\Debug\Exceptions->errorHandler(8, 'session_start(): Ignoring session_start() because a session is already active', 'C:\\xampp\\htdocs\\codi\\app\\Controllers\\AdmPost.php', 100)
 2 APPPATH\Controllers\AdmPost.php(100): session_start()
 3 SYSTEMPATH\CodeIgniter.php(934): App\Controllers\AdmPost->desenho_meus()
 4 SYSTEMPATH\CodeIgniter.php(499): CodeIgniter\CodeIgniter->runController(Object(App\Controllers\AdmPost))
 5 SYSTEMPATH\CodeIgniter.php(368): CodeIgniter\CodeIgniter->handleRequest(null, Object(Config\Cache), false)
 6 FCPATH\index.php(67): CodeIgniter\CodeIgniter->run()
CRITICAL - 2023-07-25 01:00:26 --> session_start(): Ignoring session_start() because a session is already active
in APPPATH\Controllers\AdmPost.php on line 100.
 1 [internal function]: CodeIgniter\Debug\Exceptions->errorHandler(8, 'session_start(): Ignoring session_start() because a session is already active', 'C:\\xampp\\htdocs\\codi\\app\\Controllers\\AdmPost.php', 100)
 2 APPPATH\Controllers\AdmPost.php(100): session_start()
 3 SYSTEMPATH\CodeIgniter.php(934): App\Controllers\AdmPost->desenho_meus()
 4 SYSTEMPATH\CodeIgniter.php(499): CodeIgniter\CodeIgniter->runController(Object(App\Controllers\AdmPost))
 5 SYSTEMPATH\CodeIgniter.php(368): CodeIgniter\CodeIgniter->handleRequest(null, Object(Config\Cache), false)
 6 FCPATH\index.php(67): CodeIgniter\CodeIgniter->run()
CRITICAL - 2023-07-25 01:00:27 --> session_start(): Ignoring session_start() because a session is already active
in APPPATH\Controllers\AdmPost.php on line 100.
 1 [internal function]: CodeIgniter\Debug\Exceptions->errorHandler(8, 'session_start(): Ignoring session_start() because a session is already active', 'C:\\xampp\\htdocs\\codi\\app\\Controllers\\AdmPost.php', 100)
 2 APPPATH\Controllers\AdmPost.php(100): session_start()
 3 SYSTEMPATH\CodeIgniter.php(934): App\Controllers\AdmPost->desenho_meus()
 4 SYSTEMPATH\CodeIgniter.php(499): CodeIgniter\CodeIgniter->runController(Object(App\Controllers\AdmPost))
 5 SYSTEMPATH\CodeIgniter.php(368): CodeIgniter\CodeIgniter->handleRequest(null, Object(Config\Cache), false)
 6 FCPATH\index.php(67): CodeIgniter\CodeIgniter->run()
CRITICAL - 2023-07-25 01:00:28 --> session_start(): Ignoring session_start() because a session is already active
in APPPATH\Controllers\AdmPost.php on line 100.
 1 [internal function]: CodeIgniter\Debug\Exceptions->errorHandler(8, 'session_start(): Ignoring session_start() because a session is already active', 'C:\\xampp\\htdocs\\codi\\app\\Controllers\\AdmPost.php', 100)
 2 APPPATH\Controllers\AdmPost.php(100): session_start()
 3 SYSTEMPATH\CodeIgniter.php(934): App\Controllers\AdmPost->desenho_meus()
 4 SYSTEMPATH\CodeIgniter.php(499): CodeIgniter\CodeIgniter->runController(Object(App\Controllers\AdmPost))
 5 SYSTEMPATH\CodeIgniter.php(368): CodeIgniter\CodeIgniter->handleRequest(null, Object(Config\Cache), false)
 6 FCPATH\index.php(67): CodeIgniter\CodeIgniter->run()
CRITICAL - 2023-07-25 01:00:29 --> session_start(): Ignoring session_start() because a session is already active
in APPPATH\Controllers\AdmPost.php on line 100.
 1 [internal function]: CodeIgniter\Debug\Exceptions->errorHandler(8, 'session_start(): Ignoring session_start() because a session is already active', 'C:\\xampp\\htdocs\\codi\\app\\Controllers\\AdmPost.php', 100)
 2 APPPATH\Controllers\AdmPost.php(100): session_start()
 3 SYSTEMPATH\CodeIgniter.php(934): App\Controllers\AdmPost->desenho_meus()
 4 SYSTEMPATH\CodeIgniter.php(499): CodeIgniter\CodeIgniter->runController(Object(App\Controllers\AdmPost))
 5 SYSTEMPATH\CodeIgniter.php(368): CodeIgniter\CodeIgniter->handleRequest(null, Object(Config\Cache), false)
 6 FCPATH\index.php(67): CodeIgniter\CodeIgniter->run()
CRITICAL - 2023-07-25 01:00:30 --> session_start(): Ignoring session_start() because a session is already active
in APPPATH\Controllers\AdmPost.php on line 100.
 1 [internal function]: CodeIgniter\Debug\Exceptions->errorHandler(8, 'session_start(): Ignoring session_start() because a session is already active', 'C:\\xampp\\htdocs\\codi\\app\\Controllers\\AdmPost.php', 100)
 2 APPPATH\Controllers\AdmPost.php(100): session_start()
 3 SYSTEMPATH\CodeIgniter.php(934): App\Controllers\AdmPost->desenho_meus()
 4 SYSTEMPATH\CodeIgniter.php(499): CodeIgniter\CodeIgniter->runController(Object(App\Controllers\AdmPost))
 5 SYSTEMPATH\CodeIgniter.php(368): CodeIgniter\CodeIgniter->handleRequest(null, Object(Config\Cache), false)
 6 FCPATH\index.php(67): CodeIgniter\CodeIgniter->run()
CRITICAL - 2023-07-25 01:00:31 --> session_start(): Ignoring session_start() because a session is already active
in APPPATH\Controllers\AdmPost.php on line 100.
 1 [internal function]: CodeIgniter\Debug\Exceptions->errorHandler(8, 'session_start(): Ignoring session_start() because a session is already active', 'C:\\xampp\\htdocs\\codi\\app\\Controllers\\AdmPost.php', 100)
 2 APPPATH\Controllers\AdmPost.php(100): session_start()
 3 SYSTEMPATH\CodeIgniter.php(934): App\Controllers\AdmPost->desenho_meus()
 4 SYSTEMPATH\CodeIgniter.php(499): CodeIgniter\CodeIgniter->runController(Object(App\Controllers\AdmPost))
 5 SYSTEMPATH\CodeIgniter.php(368): CodeIgniter\CodeIgniter->handleRequest(null, Object(Config\Cache), false)
 6 FCPATH\index.php(67): CodeIgniter\CodeIgniter->run()
CRITICAL - 2023-07-25 01:00:32 --> session_start(): Ignoring session_start() because a session is already active
in APPPATH\Controllers\AdmPost.php on line 100.
 1 [internal function]: CodeIgniter\Debug\Exceptions->errorHandler(8, 'session_start(): Ignoring session_start() because a session is already active', 'C:\\xampp\\htdocs\\codi\\app\\Controllers\\AdmPost.php', 100)
 2 APPPATH\Controllers\AdmPost.php(100): session_start()
 3 SYSTEMPATH\CodeIgniter.php(934): App\Controllers\AdmPost->desenho_meus()
 4 SYSTEMPATH\CodeIgniter.php(499): CodeIgniter\CodeIgniter->runController(Object(App\Controllers\AdmPost))
 5 SYSTEMPATH\CodeIgniter.php(368): CodeIgniter\CodeIgniter->handleRequest(null, Object(Config\Cache), false)
 6 FCPATH\index.php(67): CodeIgniter\CodeIgniter->run()
CRITICAL - 2023-07-25 01:00:33 --> session_start(): Ignoring session_start() because a session is already active
in APPPATH\Controllers\AdmPost.php on line 100.
 1 [internal function]: CodeIgniter\Debug\Exceptions->errorHandler(8, 'session_start(): Ignoring session_start() because a session is already active', 'C:\\xampp\\htdocs\\codi\\app\\Controllers\\AdmPost.php', 100)
 2 APPPATH\Controllers\AdmPost.php(100): session_start()
 3 SYSTEMPATH\CodeIgniter.php(934): App\Controllers\AdmPost->desenho_meus()
 4 SYSTEMPATH\CodeIgniter.php(499): CodeIgniter\CodeIgniter->runController(Object(App\Controllers\AdmPost))
 5 SYSTEMPATH\CodeIgniter.php(368): CodeIgniter\CodeIgniter->handleRequest(null, Object(Config\Cache), false)
 6 FCPATH\index.php(67): CodeIgniter\CodeIgniter->run()
CRITICAL - 2023-07-25 01:00:34 --> session_start(): Ignoring session_start() because a session is already active
in APPPATH\Controllers\AdmPost.php on line 100.
 1 [internal function]: CodeIgniter\Debug\Exceptions->errorHandler(8, 'session_start(): Ignoring session_start() because a session is already active', 'C:\\xampp\\htdocs\\codi\\app\\Controllers\\AdmPost.php', 100)
 2 APPPATH\Controllers\AdmPost.php(100): session_start()
 3 SYSTEMPATH\CodeIgniter.php(934): App\Controllers\AdmPost->desenho_meus()
 4 SYSTEMPATH\CodeIgniter.php(499): CodeIgniter\CodeIgniter->runController(Object(App\Controllers\AdmPost))
 5 SYSTEMPATH\CodeIgniter.php(368): CodeIgniter\CodeIgniter->handleRequest(null, Object(Config\Cache), false)
 6 FCPATH\index.php(67): CodeIgniter\CodeIgniter->run()
CRITICAL - 2023-07-25 01:00:35 --> session_start(): Ignoring session_start() because a session is already active
in APPPATH\Controllers\AdmPost.php on line 100.
 1 [internal function]: CodeIgniter\Debug\Exceptions->errorHandler(8, 'session_start(): Ignoring session_start() because a session is already active', 'C:\\xampp\\htdocs\\codi\\app\\Controllers\\AdmPost.php', 100)
 2 APPPATH\Controllers\AdmPost.php(100): session_start()
 3 SYSTEMPATH\CodeIgniter.php(934): App\Controllers\AdmPost->desenho_meus()
 4 SYSTEMPATH\CodeIgniter.php(499): CodeIgniter\CodeIgniter->runController(Object(App\Controllers\AdmPost))
 5 SYSTEMPATH\CodeIgniter.php(368): CodeIgniter\CodeIgniter->handleRequest(null, Object(Config\Cache), false)
 6 FCPATH\index.php(67): CodeIgniter\CodeIgniter->run()
CRITICAL - 2023-07-25 01:00:36 --> session_start(): Ignoring session_start() because a session is already active
in APPPATH\Controllers\AdmPost.php on line 100.
 1 [internal function]: CodeIgniter\Debug\Exceptions->errorHandler(8, 'session_start(): Ignoring session_start() because a session is already active', 'C:\\xampp\\htdocs\\codi\\app\\Controllers\\AdmPost.php', 100)
 2 APPPATH\Controllers\AdmPost.php(100): session_start()
 3 SYSTEMPATH\CodeIgniter.php(934): App\Controllers\AdmPost->desenho_meus()
 4 SYSTEMPATH\CodeIgniter.php(499): CodeIgniter\CodeIgniter->runController(Object(App\Controllers\AdmPost))
 5 SYSTEMPATH\CodeIgniter.php(368): CodeIgniter\CodeIgniter->handleRequest(null, Object(Config\Cache), false)
 6 FCPATH\index.php(67): CodeIgniter\CodeIgniter->run()
CRITICAL - 2023-07-25 01:00:37 --> session_start(): Ignoring session_start() because a session is already active
in APPPATH\Controllers\AdmPost.php on line 100.
 1 [internal function]: CodeIgniter\Debug\Exceptions->errorHandler(8, 'session_start(): Ignoring session_start() because a session is already active', 'C:\\xampp\\htdocs\\codi\\app\\Controllers\\AdmPost.php', 100)
 2 APPPATH\Controllers\AdmPost.php(100): session_start()
 3 SYSTEMPATH\CodeIgniter.php(934): App\Controllers\AdmPost->desenho_meus()
 4 SYSTEMPATH\CodeIgniter.php(499): CodeIgniter\CodeIgniter->runController(Object(App\Controllers\AdmPost))
 5 SYSTEMPATH\CodeIgniter.php(368): CodeIgniter\CodeIgniter->handleRequest(null, Object(Config\Cache), false)
 6 FCPATH\index.php(67): CodeIgniter\CodeIgniter->run()
CRITICAL - 2023-07-25 01:00:38 --> session_start(): Ignoring session_start() because a session is already active
in APPPATH\Controllers\AdmPost.php on line 100.
 1 [internal function]: CodeIgniter\Debug\Exceptions->errorHandler(8, 'session_start(): Ignoring session_start() because a session is already active', 'C:\\xampp\\htdocs\\codi\\app\\Controllers\\AdmPost.php', 100)
 2 APPPATH\Controllers\AdmPost.php(100): session_start()
 3 SYSTEMPATH\CodeIgniter.php(934): App\Controllers\AdmPost->desenho_meus()
 4 SYSTEMPATH\CodeIgniter.php(499): CodeIgniter\CodeIgniter->runController(Object(App\Controllers\AdmPost))
 5 SYSTEMPATH\CodeIgniter.php(368): CodeIgniter\CodeIgniter->handleRequest(null, Object(Config\Cache), false)
 6 FCPATH\index.php(67): CodeIgniter\CodeIgniter->run()
CRITICAL - 2023-07-25 01:00:39 --> session_start(): Ignoring session_start() because a session is already active
in APPPATH\Controllers\AdmPost.php on line 100.
 1 [internal function]: CodeIgniter\Debug\Exceptions->errorHandler(8, 'session_start(): Ignoring session_start() because a session is already active', 'C:\\xampp\\htdocs\\codi\\app\\Controllers\\AdmPost.php', 100)
 2 APPPATH\Controllers\AdmPost.php(100): session_start()
 3 SYSTEMPATH\CodeIgniter.php(934): App\Controllers\AdmPost->desenho_meus()
 4 SYSTEMPATH\CodeIgniter.php(499): CodeIgniter\CodeIgniter->runController(Object(App\Controllers\AdmPost))
 5 SYSTEMPATH\CodeIgniter.php(368): CodeIgniter\CodeIgniter->handleRequest(null, Object(Config\Cache), false)
 6 FCPATH\index.php(67): CodeIgniter\CodeIgniter->run()
CRITICAL - 2023-07-25 01:00:40 --> session_start(): Ignoring session_start() because a session is already active
in APPPATH\Controllers\AdmPost.php on line 100.
 1 [internal function]: CodeIgniter\Debug\Exceptions->errorHandler(8, 'session_start(): Ignoring session_start() because a session is already active', 'C:\\xampp\\htdocs\\codi\\app\\Controllers\\AdmPost.php', 100)
 2 APPPATH\Controllers\AdmPost.php(100): session_start()
 3 SYSTEMPATH\CodeIgniter.php(934): App\Controllers\AdmPost->desenho_meus()
 4 SYSTEMPATH\CodeIgniter.php(499): CodeIgniter\CodeIgniter->runController(Object(App\Controllers\AdmPost))
 5 SYSTEMPATH\CodeIgniter.php(368): CodeIgniter\CodeIgniter->handleRequest(null, Object(Config\Cache), false)
 6 FCPATH\index.php(67): CodeIgniter\CodeIgniter->run()
CRITICAL - 2023-07-25 01:00:41 --> session_start(): Ignoring session_start() because a session is already active
in APPPATH\Controllers\AdmPost.php on line 100.
 1 [internal function]: CodeIgniter\Debug\Exceptions->errorHandler(8, 'session_start(): Ignoring session_start() because a session is already active', 'C:\\xampp\\htdocs\\codi\\app\\Controllers\\AdmPost.php', 100)
 2 APPPATH\Controllers\AdmPost.php(100): session_start()
 3 SYSTEMPATH\CodeIgniter.php(934): App\Controllers\AdmPost->desenho_meus()
 4 SYSTEMPATH\CodeIgniter.php(499): CodeIgniter\CodeIgniter->runController(Object(App\Controllers\AdmPost))
 5 SYSTEMPATH\CodeIgniter.php(368): CodeIgniter\CodeIgniter->handleRequest(null, Object(Config\Cache), false)
 6 FCPATH\index.php(67): CodeIgniter\CodeIgniter->run()
CRITICAL - 2023-07-25 01:00:42 --> session_start(): Ignoring session_start() because a session is already active
in APPPATH\Controllers\AdmPost.php on line 100.
 1 [internal function]: CodeIgniter\Debug\Exceptions->errorHandler(8, 'session_start(): Ignoring session_start() because a session is already active', 'C:\\xampp\\htdocs\\codi\\app\\Controllers\\AdmPost.php', 100)
 2 APPPATH\Controllers\AdmPost.php(100): session_start()
 3 SYSTEMPATH\CodeIgniter.php(934): App\Controllers\AdmPost->desenho_meus()
 4 SYSTEMPATH\CodeIgniter.php(499): CodeIgniter\CodeIgniter->runController(Object(App\Controllers\AdmPost))
 5 SYSTEMPATH\CodeIgniter.php(368): CodeIgniter\CodeIgniter->handleRequest(null, Object(Config\Cache), false)
 6 FCPATH\index.php(67): CodeIgniter\CodeIgniter->run()
CRITICAL - 2023-07-25 01:00:43 --> session_start(): Ignoring session_start() because a session is already active
in APPPATH\Controllers\AdmPost.php on line 100.
 1 [internal function]: CodeIgniter\Debug\Exceptions->errorHandler(8, 'session_start(): Ignoring session_start() because a session is already active', 'C:\\xampp\\htdocs\\codi\\app\\Controllers\\AdmPost.php', 100)
 2 APPPATH\Controllers\AdmPost.php(100): session_start()
 3 SYSTEMPATH\CodeIgniter.php(934): App\Controllers\AdmPost->desenho_meus()
 4 SYSTEMPATH\CodeIgniter.php(499): CodeIgniter\CodeIgniter->runController(Object(App\Controllers\AdmPost))
 5 SYSTEMPATH\CodeIgniter.php(368): CodeIgniter\CodeIgniter->handleRequest(null, Object(Config\Cache), false)
 6 FCPATH\index.php(67): CodeIgniter\CodeIgniter->run()
CRITICAL - 2023-07-25 01:00:44 --> session_start(): Ignoring session_start() because a session is already active
in APPPATH\Controllers\AdmPost.php on line 100.
 1 [internal function]: CodeIgniter\Debug\Exceptions->errorHandler(8, 'session_start(): Ignoring session_start() because a session is already active', 'C:\\xampp\\htdocs\\codi\\app\\Controllers\\AdmPost.php', 100)
 2 APPPATH\Controllers\AdmPost.php(100): session_start()
 3 SYSTEMPATH\CodeIgniter.php(934): App\Controllers\AdmPost->desenho_meus()
 4 SYSTEMPATH\CodeIgniter.php(499): CodeIgniter\CodeIgniter->runController(Object(App\Controllers\AdmPost))
 5 SYSTEMPATH\CodeIgniter.php(368): CodeIgniter\CodeIgniter->handleRequest(null, Object(Config\Cache), false)
 6 FCPATH\index.php(67): CodeIgniter\CodeIgniter->run()
CRITICAL - 2023-07-25 01:00:45 --> session_start(): Ignoring session_start() because a session is already active
in APPPATH\Controllers\AdmPost.php on line 100.
 1 [internal function]: CodeIgniter\Debug\Exceptions->errorHandler(8, 'session_start(): Ignoring session_start() because a session is already active', 'C:\\xampp\\htdocs\\codi\\app\\Controllers\\AdmPost.php', 100)
 2 APPPATH\Controllers\AdmPost.php(100): session_start()
 3 SYSTEMPATH\CodeIgniter.php(934): App\Controllers\AdmPost->desenho_meus()
 4 SYSTEMPATH\CodeIgniter.php(499): CodeIgniter\CodeIgniter->runController(Object(App\Controllers\AdmPost))
 5 SYSTEMPATH\CodeIgniter.php(368): CodeIgniter\CodeIgniter->handleRequest(null, Object(Config\Cache), false)
 6 FCPATH\index.php(67): CodeIgniter\CodeIgniter->run()
CRITICAL - 2023-07-25 01:00:46 --> session_start(): Ignoring session_start() because a session is already active
in APPPATH\Controllers\AdmPost.php on line 100.
 1 [internal function]: CodeIgniter\Debug\Exceptions->errorHandler(8, 'session_start(): Ignoring session_start() because a session is already active', 'C:\\xampp\\htdocs\\codi\\app\\Controllers\\AdmPost.php', 100)
 2 APPPATH\Controllers\AdmPost.php(100): session_start()
 3 SYSTEMPATH\CodeIgniter.php(934): App\Controllers\AdmPost->desenho_meus()
 4 SYSTEMPATH\CodeIgniter.php(499): CodeIgniter\CodeIgniter->runController(Object(App\Controllers\AdmPost))
 5 SYSTEMPATH\CodeIgniter.php(368): CodeIgniter\CodeIgniter->handleRequest(null, Object(Config\Cache), false)
 6 FCPATH\index.php(67): CodeIgniter\CodeIgniter->run()
CRITICAL - 2023-07-25 01:00:47 --> Unclosed '{' on line 8
in APPPATH\Controllers\AdmPost.php on line 1611.
 1 SYSTEMPATH\Autoloader\Autoloader.php(289): CodeIgniter\Autoloader\Autoloader->includeFile('C:\\xampp\\htdocs\\codi\\app\\Controllers\\AdmPost.php')
 2 SYSTEMPATH\Autoloader\Autoloader.php(267): CodeIgniter\Autoloader\Autoloader->loadInNamespace('App\\Controllers\\AdmPost')
 3 [internal function]: CodeIgniter\Autoloader\Autoloader->loadClass('App\\Controllers\\AdmPost')
 4 SYSTEMPATH\CodeIgniter.php(892): class_exists('\\App\\Controllers\\AdmPost', true)
 5 SYSTEMPATH\CodeIgniter.php(486): CodeIgniter\CodeIgniter->startController()
 6 SYSTEMPATH\CodeIgniter.php(368): CodeIgniter\CodeIgniter->handleRequest(null, Object(Config\Cache), false)
 7 FCPATH\index.php(67): CodeIgniter\CodeIgniter->run()
CRITICAL - 2023-07-25 01:00:48 --> Unclosed '{' on line 8
in APPPATH\Controllers\AdmPost.php on line 1611.
 1 SYSTEMPATH\Autoloader\Autoloader.php(289): CodeIgniter\Autoloader\Autoloader->includeFile('C:\\xampp\\htdocs\\codi\\app\\Controllers\\AdmPost.php')
 2 SYSTEMPATH\Autoloader\Autoloader.php(267): CodeIgniter\Autoloader\Autoloader->loadInNamespace('App\\Controllers\\AdmPost')
 3 [internal function]: CodeIgniter\Autoloader\Autoloader->loadClass('App\\Controllers\\AdmPost')
 4 SYSTEMPATH\CodeIgniter.php(892): class_exists('\\App\\Controllers\\AdmPost', true)
 5 SYSTEMPATH\CodeIgniter.php(486): CodeIgniter\CodeIgniter->startController()
 6 SYSTEMPATH\CodeIgniter.php(368): CodeIgniter\CodeIgniter->handleRequest(null, Object(Config\Cache), false)
 7 FCPATH\index.php(67): CodeIgniter\CodeIgniter->run()
CRITICAL - 2023-07-25 01:00:49 --> Unclosed '{' on line 8
in APPPATH\Controllers\AdmPost.php on line 1612.
 1 SYSTEMPATH\Autoloader\Autoloader.php(289): CodeIgniter\Autoloader\Autoloader->includeFile('C:\\xampp\\htdocs\\codi\\app\\Controllers\\AdmPost.php')
 2 SYSTEMPATH\Autoloader\Autoloader.php(267): CodeIgniter\Autoloader\Autoloader->loadInNamespace('App\\Controllers\\AdmPost')
 3 [internal function]: CodeIgniter\Autoloader\Autoloader->loadClass('App\\Controllers\\AdmPost')
 4 SYSTEMPATH\CodeIgniter.php(892): class_exists('\\App\\Controllers\\AdmPost', true)
 5 SYSTEMPATH\CodeIgniter.php(486): CodeIgniter\CodeIgniter->startController()
 6 SYSTEMPATH\CodeIgniter.php(368): CodeIgniter\CodeIgniter->handleRequest(null, Object(Config\Cache), false)
 7 FCPATH\index.php(67): CodeIgniter\CodeIgniter->run()
CRITICAL - 2023-07-25 01:00:50 --> session_start(): Ignoring session_start() because a session is already active
in APPPATH\Controllers\AdmPost.php on line 101.
 1 [internal function]: CodeIgniter\Debug\Exceptions->errorHandler(8, 'session_start(): Ignoring session_start() because a session is already active', 'C:\\xampp\\htdocs\\codi\\app\\Controllers\\AdmPost.php', 101)
 2 APPPATH\Controllers\AdmPost.php(101): session_start()
 3 SYSTEMPATH\CodeIgniter.php(934): App\Controllers\AdmPost->desenho_meus()
 4 SYSTEMPATH\CodeIgniter.php(499): CodeIgniter\CodeIgniter->runController(Object(App\Controllers\AdmPost))
 5 SYSTEMPATH\CodeIgniter.php(368): CodeIgniter\CodeIgniter->handleRequest(null, Object(Config\Cache), false)
 6 FCPATH\index.php(67): CodeIgniter\CodeIgniter->run()
CRITICAL - 2023-07-25 01:00:51 --> session_start(): Ignoring session_start() because a session is already active
in APPPATH\Controllers\AdmPost.php on line 101.
 1 [internal function]: CodeIgniter\Debug\Exceptions->errorHandler(8, 'session_start(): Ignoring session_start() because a session is already active', 'C:\\xampp\\htdocs\\codi\\app\\Controllers\\AdmPost.php', 101)
 2 APPPATH\Controllers\AdmPost.php(101): session_start()
 3 SYSTEMPATH\CodeIgniter.php(934): App\Controllers\AdmPost->desenho_meus()
 4 SYSTEMPATH\CodeIgniter.php(499): CodeIgniter\CodeIgniter->runController(Object(App\Controllers\AdmPost))
 5 SYSTEMPATH\CodeIgniter.php(368): CodeIgniter\CodeIgniter->handleRequest(null, Object(Config\Cache), false)
 6 FCPATH\index.php(67): CodeIgniter\CodeIgniter->run()
CRITICAL - 2023-07-25 01:00:52 --> session_start(): Ignoring session_start() because a session is already active
in APPPATH\Controllers\AdmPost.php on line 101.
 1 [internal function]: CodeIgniter\Debug\Exceptions->errorHandler(8, 'session_start(): Ignoring session_start() because a session is already active', 'C:\\xampp\\htdocs\\codi\\app\\Controllers\\AdmPost.php', 101)
 2 APPPATH\Controllers\AdmPost.php(101): session_start()
 3 SYSTEMPATH\CodeIgniter.php(934): App\Controllers\AdmPost->desenho_meus()
 4 SYSTEMPATH\CodeIgniter.php(499): CodeIgniter\CodeIgniter->runController(Object(App\Controllers\AdmPost))
 5 SYSTEMPATH\CodeIgniter.php(368): CodeIgniter\CodeIgniter->handleRequest(null, Object(Config\Cache), false)
 6 FCPATH\index.php(67): CodeIgniter\CodeIgniter->run()
CRITICAL - 2023-07-25 01:00:53 --> session_start(): Ignoring session_start() because a session is already active
in APPPATH\Controllers\AdmPost.php on line 101.
 1 [internal function]: CodeIgniter\Debug\Exceptions->errorHandler(8, 'session_start(): Ignoring session_start() because a session is already active', 'C:\\xampp\\htdocs\\codi\\app\\Controllers\\AdmPost.php', 101)
 2 APPPATH\Controllers\AdmPost.php(101): session_start()
 3 SYSTEMPATH\CodeIgniter.php(934): App\Controllers\AdmPost->desenho_meus()
 4 SYSTEMPATH\CodeIgniter.php(499): CodeIgniter\CodeIgniter->runController(Object(App\Controllers\AdmPost))
 5 SYSTEMPATH\CodeIgniter.php(368): CodeIgniter\CodeIgniter->handleRequest(null, Object(Config\Cache), false)
 6 FCPATH\index.php(67): CodeIgniter\CodeIgniter->run()
CRITICAL - 2023-07-25 01:00:54 --> session_start(): Ignoring session_start() because a session is already active
in APPPATH\Controllers\AdmPost.php on line 101.
 1 [internal function]: CodeIgniter\Debug\Exceptions->errorHandler(8, 'session_start(): Ignoring session_start() because a session is already active', 'C:\\xampp\\htdocs\\codi\\app\\Controllers\\AdmPost.php', 101)
 2 APPPATH\Controllers\AdmPost.php(101): session_start()
 3 SYSTEMPATH\CodeIgniter.php(934): App\Controllers\AdmPost->desenho_meus()
 4 SYSTEMPATH\CodeIgniter.php(499): CodeIgniter\CodeIgniter->runController(Object(App\Controllers\AdmPost))
 5 SYSTEMPATH\CodeIgniter.php(368): CodeIgniter\CodeIgniter->handleRequest(null, Object(Config\Cache), false)
 6 FCPATH\index.php(67): CodeIgniter\CodeIgniter->run()
CRITICAL - 2023-07-25 01:00:55 --> Unclosed '{' on line 8
in APPPATH\Controllers\AdmPost.php on line 1612.
 1 SYSTEMPATH\Autoloader\Autoloader.php(289): CodeIgniter\Autoloader\Autoloader->includeFile('C:\\xampp\\htdocs\\codi\\app\\Controllers\\AdmPost.php')
 2 SYSTEMPATH\Autoloader\Autoloader.php(267): CodeIgniter\Autoloader\Autoloader->loadInNamespace('App\\Controllers\\AdmPost')
 3 [internal function]: CodeIgniter\Autoloader\Autoloader->loadClass('App\\Controllers\\AdmPost')
 4 SYSTEMPATH\CodeIgniter.php(892): class_exists('\\App\\Controllers\\AdmPost', true)
 5 SYSTEMPATH\CodeIgniter.php(486): CodeIgniter\CodeIgniter->startController()
 6 SYSTEMPATH\CodeIgniter.php(368): CodeIgniter\CodeIgniter->handleRequest(null, Object(Config\Cache), false)
 7 FCPATH\index.php(67): CodeIgniter\CodeIgniter->run()
CRITICAL - 2023-07-25 01:00:56 --> Unclosed '{' on line 8
in APPPATH\Controllers\AdmPost.php on line 1612.
 1 SYSTEMPATH\Autoloader\Autoloader.php(289): CodeIgniter\Autoloader\Autoloader->includeFile('C:\\xampp\\htdocs\\codi\\app\\Controllers\\AdmPost.php')
 2 SYSTEMPATH\Autoloader\Autoloader.php(267): CodeIgniter\Autoloader\Autoloader->loadInNamespace('App\\Controllers\\AdmPost')
 3 [internal function]: CodeIgniter\Autoloader\Autoloader->loadClass('App\\Controllers\\AdmPost')
 4 SYSTEMPATH\CodeIgniter.php(892): class_exists('\\App\\Controllers\\AdmPost', true)
 5 SYSTEMPATH\CodeIgniter.php(486): CodeIgniter\CodeIgniter->startController()
 6 SYSTEMPATH\CodeIgniter.php(368): CodeIgniter\CodeIgniter->handleRequest(null, Object(Config\Cache), false)
 7 FCPATH\index.php(67): CodeIgniter\CodeIgniter->run()
CRITICAL - 2023-07-25 01:00:57 --> Unclosed '{' on line 8
in APPPATH\Controllers\AdmPost.php on line 1612.
 1 SYSTEMPATH\Autoloader\Autoloader.php(289): CodeIgniter\Autoloader\Autoloader->includeFile('C:\\xampp\\htdocs\\codi\\app\\Controllers\\AdmPost.php')
 2 SYSTEMPATH\Autoloader\Autoloader.php(267): CodeIgniter\Autoloader\Autoloader->loadInNamespace('App\\Controllers\\AdmPost')
 3 [internal function]: CodeIgniter\Autoloader\Autoloader->loadClass('App\\Controllers\\AdmPost')
 4 SYSTEMPATH\CodeIgniter.php(892): class_exists('\\App\\Controllers\\AdmPost', true)
 5 SYSTEMPATH\CodeIgniter.php(486): CodeIgniter\CodeIgniter->startController()
 6 SYSTEMPATH\CodeIgniter.php(368): CodeIgniter\CodeIgniter->handleRequest(null, Object(Config\Cache), false)
 7 FCPATH\index.php(67): CodeIgniter\CodeIgniter->run()
CRITICAL - 2023-07-25 01:00:58 --> Unclosed '{' on line 8
in APPPATH\Controllers\AdmPost.php on line 1612.
 1 SYSTEMPATH\Autoloader\Autoloader.php(289): CodeIgniter\Autoloader\Autoloader->includeFile('C:\\xampp\\htdocs\\codi\\app\\Controllers\\AdmPost.php')
 2 SYSTEMPATH\Autoloader\Autoloader.php(267): CodeIgniter\Autoloader\Autoloader->loadInNamespace('App\\Controllers\\AdmPost')
 3 [internal function]: CodeIgniter\Autoloader\Autoloader->loadClass('App\\Controllers\\AdmPost')
 4 SYSTEMPATH\CodeIgniter.php(892): class_exists('\\App\\Controllers\\AdmPost', true)
 5 SYSTEMPATH\CodeIgniter.php(486): CodeIgniter\CodeIgniter->startController()
 6 SYSTEMPATH\CodeIgniter.php(368): CodeIgniter\CodeIgniter->handleRequest(null, Object(Config\Cache), false)
 7 FCPATH\index.php(67): CodeIgniter\CodeIgniter->run()
CRITICAL - 2023-07-25 01:00:59 --> session_start(): Ignoring session_start() because a session is already active
in APPPATH\Controllers\AdmPost.php on line 101.
 1 [internal function]: CodeIgniter\Debug\Exceptions->errorHandler(8, 'session_start(): Ignoring session_start() because a session is already active', 'C:\\xampp\\htdocs\\codi\\app\\Controllers\\AdmPost.php', 101)
 2 APPPATH\Controllers\AdmPost.php(101): session_start()
 3 SYSTEMPATH\CodeIgniter.php(934): App\Controllers\AdmPost->desenho_meus()
 4 SYSTEMPATH\CodeIgniter.php(499): CodeIgniter\CodeIgniter->runController(Object(App\Controllers\AdmPost))
 5 SYSTEMPATH\CodeIgniter.php(368): CodeIgniter\CodeIgniter->handleRequest(null, Object(Config\Cache), false)
 6 FCPATH\index.php(67): CodeIgniter\CodeIgniter->run()
CRITICAL - 2023-07-25 01:01:00 --> session_start(): Ignoring session_start() because a session is already active
in APPPATH\Controllers\AdmPost.php on line 101.
 1 [internal function]: CodeIgniter\Debug\Exceptions->errorHandler(8, 'session_start(): Ignoring session_start() because a session is already active', 'C:\\xampp\\htdocs\\codi\\app\\Controllers\\AdmPost.php', 101)
 2 APPPATH\Controllers\AdmPost.php(101): session_start()
 3 SYSTEMPATH\CodeIgniter.php(934): App\Controllers\AdmPost->desenho_meus()
 4 SYSTEMPATH\CodeIgniter.php(499): CodeIgniter\CodeIgniter->runController(Object(App\Controllers\AdmPost))
 5 SYSTEMPATH\CodeIgniter.php(368): CodeIgniter\CodeIgniter->handleRequest(null, Object(Config\Cache), false)
 6 FCPATH\index.php(67): CodeIgniter\CodeIgniter->run()
CRITICAL - 2023-07-25 01:01:01 --> session_start(): Ignoring session_start() because a session is already active
in APPPATH\Controllers\AdmPost.php on line 102.
 1 [internal function]: CodeIgniter\Debug\Exceptions->errorHandler(8, 'session_start(): Ignoring session_start() because a session is already active', 'C:\\xampp\\htdocs\\codi\\app\\Controllers\\AdmPost.php', 102)
 2 APPPATH\Controllers\AdmPost.php(102): session_start()
 3 SYSTEMPATH\CodeIgniter.php(934): App\Controllers\AdmPost->desenho_meus()
 4 SYSTEMPATH\CodeIgniter.php(499): CodeIgniter\CodeIgniter->runController(Object(App\Controllers\AdmPost))
 5 SYSTEMPATH\CodeIgniter.php(368): CodeIgniter\CodeIgniter->handleRequest(null, Object(Config\Cache), false)
 6 FCPATH\index.php(67): CodeIgniter\CodeIgniter->run()
CRITICAL - 2023-07-25 01:01:02 --> session_start(): Ignoring session_start() because a session is already active
in APPPATH\Controllers\AdmPost.php on line 102.
 1 [internal function]: CodeIgniter\Debug\Exceptions->errorHandler(8, 'session_start(): Ignoring session_start() because a session is already active', 'C:\\xampp\\htdocs\\codi\\app\\Controllers\\AdmPost.php', 102)
 2 APPPATH\Controllers\AdmPost.php(102): session_start()
 3 SYSTEMPATH\CodeIgniter.php(934): App\Controllers\AdmPost->desenho_meus()
 4 SYSTEMPATH\CodeIgniter.php(499): CodeIgniter\CodeIgniter->runController(Object(App\Controllers\AdmPost))
 5 SYSTEMPATH\CodeIgniter.php(368): CodeIgniter\CodeIgniter->handleRequest(null, Object(Config\Cache), false)
 6 FCPATH\index.php(67): CodeIgniter\CodeIgniter->run()
CRITICAL - 2023-07-25 01:01:03 --> session_start(): Ignoring session_start() because a session is already active
in APPPATH\Controllers\AdmPost.php on line 102.
 1 [internal function]: CodeIgniter\Debug\Exceptions->errorHandler(8, 'session_start(): Ignoring session_start() because a session is already active', 'C:\\xampp\\htdocs\\codi\\app\\Controllers\\AdmPost.php', 102)
 2 APPPATH\Controllers\AdmPost.php(102): session_start()
 3 SYSTEMPATH\CodeIgniter.php(934): App\Controllers\AdmPost->desenho_meus()
 4 SYSTEMPATH\CodeIgniter.php(499): CodeIgniter\CodeIgniter->runController(Object(App\Controllers\AdmPost))
 5 SYSTEMPATH\CodeIgniter.php(368): CodeIgniter\CodeIgniter->handleRequest(null, Object(Config\Cache), false)
 6 FCPATH\index.php(67): CodeIgniter\CodeIgniter->run()
CRITICAL - 2023-07-25 01:01:04 --> session_start(): Ignoring session_start() because a session is already active
in APPPATH\Controllers\AdmPost.php on line 102.
 1 [internal function]: CodeIgniter\Debug\Exceptions->errorHandler(8, 'session_start(): Ignoring session_start() because a session is already active', 'C:\\xampp\\htdocs\\codi\\app\\Controllers\\AdmPost.php', 102)
 2 APPPATH\Controllers\AdmPost.php(102): session_start()
 3 SYSTEMPATH\CodeIgniter.php(934): App\Controllers\AdmPost->desenho_meus()
 4 SYSTEMPATH\CodeIgniter.php(499): CodeIgniter\CodeIgniter->runController(Object(App\Controllers\AdmPost))
 5 SYSTEMPATH\CodeIgniter.php(368): CodeIgniter\CodeIgniter->handleRequest(null, Object(Config\Cache), false)
 6 FCPATH\index.php(67): CodeIgniter\CodeIgniter->run()
CRITICAL - 2023-07-25 01:01:05 --> session_start(): Ignoring session_start() because a session is already active
in APPPATH\Controllers\AdmPost.php on line 102.
 1 [internal function]: CodeIgniter\Debug\Exceptions->errorHandler(8, 'session_start(): Ignoring session_start() because a session is already active', 'C:\\xampp\\htdocs\\codi\\app\\Controllers\\AdmPost.php', 102)
 2 APPPATH\Controllers\AdmPost.php(102): session_start()
 3 SYSTEMPATH\CodeIgniter.php(934): App\Controllers\AdmPost->desenho_meus()
 4 SYSTEMPATH\CodeIgniter.php(499): CodeIgniter\CodeIgniter->runController(Object(App\Controllers\AdmPost))
 5 SYSTEMPATH\CodeIgniter.php(368): CodeIgniter\CodeIgniter->handleRequest(null, Object(Config\Cache), false)
 6 FCPATH\index.php(67): CodeIgniter\CodeIgniter->run()
CRITICAL - 2023-07-25 01:01:05 --> session_start(): Ignoring session_start() because a session is already active
in APPPATH\Controllers\AdmPost.php on line 102.
 1 [internal function]: CodeIgniter\Debug\Exceptions->errorHandler(8, 'session_start(): Ignoring session_start() because a session is already active', 'C:\\xampp\\htdocs\\codi\\app\\Controllers\\AdmPost.php', 102)
 2 APPPATH\Controllers\AdmPost.php(102): session_start()
 3 SYSTEMPATH\CodeIgniter.php(934): App\Controllers\AdmPost->desenho_meus()
 4 SYSTEMPATH\CodeIgniter.php(499): CodeIgniter\CodeIgniter->runController(Object(App\Controllers\AdmPost))
 5 SYSTEMPATH\CodeIgniter.php(368): CodeIgniter\CodeIgniter->handleRequest(null, Object(Config\Cache), false)
 6 FCPATH\index.php(67): CodeIgniter\CodeIgniter->run()
CRITICAL - 2023-07-25 01:01:06 --> session_start(): Ignoring session_start() because a session is already active
in APPPATH\Controllers\AdmPost.php on line 102.
 1 [internal function]: CodeIgniter\Debug\Exceptions->errorHandler(8, 'session_start(): Ignoring session_start() because a session is already active', 'C:\\xampp\\htdocs\\codi\\app\\Controllers\\AdmPost.php', 102)
 2 APPPATH\Controllers\AdmPost.php(102): session_start()
 3 SYSTEMPATH\CodeIgniter.php(934): App\Controllers\AdmPost->desenho_meus()
 4 SYSTEMPATH\CodeIgniter.php(499): CodeIgniter\CodeIgniter->runController(Object(App\Controllers\AdmPost))
 5 SYSTEMPATH\CodeIgniter.php(368): CodeIgniter\CodeIgniter->handleRequest(null, Object(Config\Cache), false)
 6 FCPATH\index.php(67): CodeIgniter\CodeIgniter->run()
CRITICAL - 2023-07-25 01:01:07 --> session_start(): Ignoring session_start() because a session is already active
in APPPATH\Controllers\AdmPost.php on line 102.
 1 [internal function]: CodeIgniter\Debug\Exceptions->errorHandler(8, 'session_start(): Ignoring session_start() because a session is already active', 'C:\\xampp\\htdocs\\codi\\app\\Controllers\\AdmPost.php', 102)
 2 APPPATH\Controllers\AdmPost.php(102): session_start()
 3 SYSTEMPATH\CodeIgniter.php(934): App\Controllers\AdmPost->desenho_meus()
 4 SYSTEMPATH\CodeIgniter.php(499): CodeIgniter\CodeIgniter->runController(Object(App\Controllers\AdmPost))
 5 SYSTEMPATH\CodeIgniter.php(368): CodeIgniter\CodeIgniter->handleRequest(null, Object(Config\Cache), false)
 6 FCPATH\index.php(67): CodeIgniter\CodeIgniter->run()
CRITICAL - 2023-07-25 01:01:08 --> session_start(): Ignoring session_start() because a session is already active
in APPPATH\Controllers\AdmPost.php on line 102.
 1 [internal function]: CodeIgniter\Debug\Exceptions->errorHandler(8, 'session_start(): Ignoring session_start() because a session is already active', 'C:\\xampp\\htdocs\\codi\\app\\Controllers\\AdmPost.php', 102)
 2 APPPATH\Controllers\AdmPost.php(102): session_start()
 3 SYSTEMPATH\CodeIgniter.php(934): App\Controllers\AdmPost->desenho_meus()
 4 SYSTEMPATH\CodeIgniter.php(499): CodeIgniter\CodeIgniter->runController(Object(App\Controllers\AdmPost))
 5 SYSTEMPATH\CodeIgniter.php(368): CodeIgniter\CodeIgniter->handleRequest(null, Object(Config\Cache), false)
 6 FCPATH\index.php(67): CodeIgniter\CodeIgniter->run()
CRITICAL - 2023-07-25 01:01:09 --> session_start(): Ignoring session_start() because a session is already active
in APPPATH\Controllers\AdmPost.php on line 102.
 1 [internal function]: CodeIgniter\Debug\Exceptions->errorHandler(8, 'session_start(): Ignoring session_start() because a session is already active', 'C:\\xampp\\htdocs\\codi\\app\\Controllers\\AdmPost.php', 102)
 2 APPPATH\Controllers\AdmPost.php(102): session_start()
 3 SYSTEMPATH\CodeIgniter.php(934): App\Controllers\AdmPost->desenho_meus()
 4 SYSTEMPATH\CodeIgniter.php(499): CodeIgniter\CodeIgniter->runController(Object(App\Controllers\AdmPost))
 5 SYSTEMPATH\CodeIgniter.php(368): CodeIgniter\CodeIgniter->handleRequest(null, Object(Config\Cache), false)
 6 FCPATH\index.php(67): CodeIgniter\CodeIgniter->run()
CRITICAL - 2023-07-25 01:01:10 --> session_start(): Ignoring session_start() because a session is already active
in APPPATH\Controllers\AdmPost.php on line 102.
 1 [internal function]: CodeIgniter\Debug\Exceptions->errorHandler(8, 'session_start(): Ignoring session_start() because a session is already active', 'C:\\xampp\\htdocs\\codi\\app\\Controllers\\AdmPost.php', 102)
 2 APPPATH\Controllers\AdmPost.php(102): session_start()
 3 SYSTEMPATH\CodeIgniter.php(934): App\Controllers\AdmPost->desenho_meus()
 4 SYSTEMPATH\CodeIgniter.php(499): CodeIgniter\CodeIgniter->runController(Object(App\Controllers\AdmPost))
 5 SYSTEMPATH\CodeIgniter.php(368): CodeIgniter\CodeIgniter->handleRequest(null, Object(Config\Cache), false)
 6 FCPATH\index.php(67): CodeIgniter\CodeIgniter->run()
CRITICAL - 2023-07-25 01:01:11 --> session_start(): Ignoring session_start() because a session is already active
in APPPATH\Controllers\AdmPost.php on line 102.
 1 [internal function]: CodeIgniter\Debug\Exceptions->errorHandler(8, 'session_start(): Ignoring session_start() because a session is already active', 'C:\\xampp\\htdocs\\codi\\app\\Controllers\\AdmPost.php', 102)
 2 APPPATH\Controllers\AdmPost.php(102): session_start()
 3 SYSTEMPATH\CodeIgniter.php(934): App\Controllers\AdmPost->desenho_meus()
 4 SYSTEMPATH\CodeIgniter.php(499): CodeIgniter\CodeIgniter->runController(Object(App\Controllers\AdmPost))
 5 SYSTEMPATH\CodeIgniter.php(368): CodeIgniter\CodeIgniter->handleRequest(null, Object(Config\Cache), false)
 6 FCPATH\index.php(67): CodeIgniter\CodeIgniter->run()
CRITICAL - 2023-07-25 01:01:12 --> session_start(): Ignoring session_start() because a session is already active
in APPPATH\Controllers\AdmPost.php on line 102.
 1 [internal function]: CodeIgniter\Debug\Exceptions->errorHandler(8, 'session_start(): Ignoring session_start() because a session is already active', 'C:\\xampp\\htdocs\\codi\\app\\Controllers\\AdmPost.php', 102)
 2 APPPATH\Controllers\AdmPost.php(102): session_start()
 3 SYSTEMPATH\CodeIgniter.php(934): App\Controllers\AdmPost->desenho_meus()
 4 SYSTEMPATH\CodeIgniter.php(499): CodeIgniter\CodeIgniter->runController(Object(App\Controllers\AdmPost))
 5 SYSTEMPATH\CodeIgniter.php(368): CodeIgniter\CodeIgniter->handleRequest(null, Object(Config\Cache), false)
 6 FCPATH\index.php(67): CodeIgniter\CodeIgniter->run()
CRITICAL - 2023-07-25 01:01:13 --> session_start(): Ignoring session_start() because a session is already active
in APPPATH\Controllers\AdmPost.php on line 102.
 1 [internal function]: CodeIgniter\Debug\Exceptions->errorHandler(8, 'session_start(): Ignoring session_start() because a session is already active', 'C:\\xampp\\htdocs\\codi\\app\\Controllers\\AdmPost.php', 102)
 2 APPPATH\Controllers\AdmPost.php(102): session_start()
 3 SYSTEMPATH\CodeIgniter.php(934): App\Controllers\AdmPost->desenho_meus()
 4 SYSTEMPATH\CodeIgniter.php(499): CodeIgniter\CodeIgniter->runController(Object(App\Controllers\AdmPost))
 5 SYSTEMPATH\CodeIgniter.php(368): CodeIgniter\CodeIgniter->handleRequest(null, Object(Config\Cache), false)
 6 FCPATH\index.php(67): CodeIgniter\CodeIgniter->run()
CRITICAL - 2023-07-25 01:01:14 --> session_start(): Ignoring session_start() because a session is already active
in APPPATH\Controllers\AdmPost.php on line 102.
 1 [internal function]: CodeIgniter\Debug\Exceptions->errorHandler(8, 'session_start(): Ignoring session_start() because a session is already active', 'C:\\xampp\\htdocs\\codi\\app\\Controllers\\AdmPost.php', 102)
 2 APPPATH\Controllers\AdmPost.php(102): session_start()
 3 SYSTEMPATH\CodeIgniter.php(934): App\Controllers\AdmPost->desenho_meus()
 4 SYSTEMPATH\CodeIgniter.php(499): CodeIgniter\CodeIgniter->runController(Object(App\Controllers\AdmPost))
 5 SYSTEMPATH\CodeIgniter.php(368): CodeIgniter\CodeIgniter->handleRequest(null, Object(Config\Cache), false)
 6 FCPATH\index.php(67): CodeIgniter\CodeIgniter->run()
CRITICAL - 2023-07-25 01:01:15 --> session_start(): Ignoring session_start() because a session is already active
in APPPATH\Controllers\AdmPost.php on line 100.
 1 [internal function]: CodeIgniter\Debug\Exceptions->errorHandler(8, 'session_start(): Ignoring session_start() because a session is already active', 'C:\\xampp\\htdocs\\codi\\app\\Controllers\\AdmPost.php', 100)
 2 APPPATH\Controllers\AdmPost.php(100): session_start()
 3 SYSTEMPATH\CodeIgniter.php(934): App\Controllers\AdmPost->desenho_meus()
 4 SYSTEMPATH\CodeIgniter.php(499): CodeIgniter\CodeIgniter->runController(Object(App\Controllers\AdmPost))
 5 SYSTEMPATH\CodeIgniter.php(368): CodeIgniter\CodeIgniter->handleRequest(null, Object(Config\Cache), false)
 6 FCPATH\index.php(67): CodeIgniter\CodeIgniter->run()
CRITICAL - 2023-07-25 01:01:16 --> session_start(): Ignoring session_start() because a session is already active
in APPPATH\Controllers\AdmPost.php on line 100.
 1 [internal function]: CodeIgniter\Debug\Exceptions->errorHandler(8, 'session_start(): Ignoring session_start() because a session is already active', 'C:\\xampp\\htdocs\\codi\\app\\Controllers\\AdmPost.php', 100)
 2 APPPATH\Controllers\AdmPost.php(100): session_start()
 3 SYSTEMPATH\CodeIgniter.php(934): App\Controllers\AdmPost->desenho_meus()
 4 SYSTEMPATH\CodeIgniter.php(499): CodeIgniter\CodeIgniter->runController(Object(App\Controllers\AdmPost))
 5 SYSTEMPATH\CodeIgniter.php(368): CodeIgniter\CodeIgniter->handleRequest(null, Object(Config\Cache), false)
 6 FCPATH\index.php(67): CodeIgniter\CodeIgniter->run()
CRITICAL - 2023-07-25 01:01:17 --> session_start(): Ignoring session_start() because a session is already active
in APPPATH\Controllers\AdmPost.php on line 100.
 1 [internal function]: CodeIgniter\Debug\Exceptions->errorHandler(8, 'session_start(): Ignoring session_start() because a session is already active', 'C:\\xampp\\htdocs\\codi\\app\\Controllers\\AdmPost.php', 100)
 2 APPPATH\Controllers\AdmPost.php(100): session_start()
 3 SYSTEMPATH\CodeIgniter.php(934): App\Controllers\AdmPost->desenho_meus()
 4 SYSTEMPATH\CodeIgniter.php(499): CodeIgniter\CodeIgniter->runController(Object(App\Controllers\AdmPost))
 5 SYSTEMPATH\CodeIgniter.php(368): CodeIgniter\CodeIgniter->handleRequest(null, Object(Config\Cache), false)
 6 FCPATH\index.php(67): CodeIgniter\CodeIgniter->run()
CRITICAL - 2023-07-25 01:01:18 --> session_start(): Ignoring session_start() because a session is already active
in APPPATH\Controllers\AdmPost.php on line 100.
 1 [internal function]: CodeIgniter\Debug\Exceptions->errorHandler(8, 'session_start(): Ignoring session_start() because a session is already active', 'C:\\xampp\\htdocs\\codi\\app\\Controllers\\AdmPost.php', 100)
 2 APPPATH\Controllers\AdmPost.php(100): session_start()
 3 SYSTEMPATH\CodeIgniter.php(934): App\Controllers\AdmPost->desenho_meus()
 4 SYSTEMPATH\CodeIgniter.php(499): CodeIgniter\CodeIgniter->runController(Object(App\Controllers\AdmPost))
 5 SYSTEMPATH\CodeIgniter.php(368): CodeIgniter\CodeIgniter->handleRequest(null, Object(Config\Cache), false)
 6 FCPATH\index.php(67): CodeIgniter\CodeIgniter->run()
CRITICAL - 2023-07-25 01:01:19 --> session_start(): Ignoring session_start() because a session is already active
in APPPATH\Controllers\AdmPost.php on line 100.
 1 [internal function]: CodeIgniter\Debug\Exceptions->errorHandler(8, 'session_start(): Ignoring session_start() because a session is already active', 'C:\\xampp\\htdocs\\codi\\app\\Controllers\\AdmPost.php', 100)
 2 APPPATH\Controllers\AdmPost.php(100): session_start()
 3 SYSTEMPATH\CodeIgniter.php(934): App\Controllers\AdmPost->desenho_meus()
 4 SYSTEMPATH\CodeIgniter.php(499): CodeIgniter\CodeIgniter->runController(Object(App\Controllers\AdmPost))
 5 SYSTEMPATH\CodeIgniter.php(368): CodeIgniter\CodeIgniter->handleRequest(null, Object(Config\Cache), false)
 6 FCPATH\index.php(67): CodeIgniter\CodeIgniter->run()
CRITICAL - 2023-07-25 01:01:20 --> session_start(): Ignoring session_start() because a session is already active
in APPPATH\Controllers\AdmPost.php on line 100.
 1 [internal function]: CodeIgniter\Debug\Exceptions->errorHandler(8, 'session_start(): Ignoring session_start() because a session is already active', 'C:\\xampp\\htdocs\\codi\\app\\Controllers\\AdmPost.php', 100)
 2 APPPATH\Controllers\AdmPost.php(100): session_start()
 3 SYSTEMPATH\CodeIgniter.php(934): App\Controllers\AdmPost->desenho_meus()
 4 SYSTEMPATH\CodeIgniter.php(499): CodeIgniter\CodeIgniter->runController(Object(App\Controllers\AdmPost))
 5 SYSTEMPATH\CodeIgniter.php(368): CodeIgniter\CodeIgniter->handleRequest(null, Object(Config\Cache), false)
 6 FCPATH\index.php(67): CodeIgniter\CodeIgniter->run()
CRITICAL - 2023-07-25 01:01:21 --> session_start(): Ignoring session_start() because a session is already active
in APPPATH\Controllers\AdmPost.php on line 100.
 1 [internal function]: CodeIgniter\Debug\Exceptions->errorHandler(8, 'session_start(): Ignoring session_start() because a session is already active', 'C:\\xampp\\htdocs\\codi\\app\\Controllers\\AdmPost.php', 100)
 2 APPPATH\Controllers\AdmPost.php(100): session_start()
 3 SYSTEMPATH\CodeIgniter.php(934): App\Controllers\AdmPost->desenho_meus()
 4 SYSTEMPATH\CodeIgniter.php(499): CodeIgniter\CodeIgniter->runController(Object(App\Controllers\AdmPost))
 5 SYSTEMPATH\CodeIgniter.php(368): CodeIgniter\CodeIgniter->handleRequest(null, Object(Config\Cache), false)
 6 FCPATH\index.php(67): CodeIgniter\CodeIgniter->run()
CRITICAL - 2023-07-25 01:01:22 --> session_start(): Ignoring session_start() because a session is already active
in APPPATH\Controllers\AdmPost.php on line 100.
 1 [internal function]: CodeIgniter\Debug\Exceptions->errorHandler(8, 'session_start(): Ignoring session_start() because a session is already active', 'C:\\xampp\\htdocs\\codi\\app\\Controllers\\AdmPost.php', 100)
 2 APPPATH\Controllers\AdmPost.php(100): session_start()
 3 SYSTEMPATH\CodeIgniter.php(934): App\Controllers\AdmPost->desenho_meus()
 4 SYSTEMPATH\CodeIgniter.php(499): CodeIgniter\CodeIgniter->runController(Object(App\Controllers\AdmPost))
 5 SYSTEMPATH\CodeIgniter.php(368): CodeIgniter\CodeIgniter->handleRequest(null, Object(Config\Cache), false)
 6 FCPATH\index.php(67): CodeIgniter\CodeIgniter->run()
CRITICAL - 2023-07-25 01:01:23 --> session_start(): Ignoring session_start() because a session is already active
in APPPATH\Controllers\AdmPost.php on line 100.
 1 [internal function]: CodeIgniter\Debug\Exceptions->errorHandler(8, 'session_start(): Ignoring session_start() because a session is already active', 'C:\\xampp\\htdocs\\codi\\app\\Controllers\\AdmPost.php', 100)
 2 APPPATH\Controllers\AdmPost.php(100): session_start()
 3 SYSTEMPATH\CodeIgniter.php(934): App\Controllers\AdmPost->desenho_meus()
 4 SYSTEMPATH\CodeIgniter.php(499): CodeIgniter\CodeIgniter->runController(Object(App\Controllers\AdmPost))
 5 SYSTEMPATH\CodeIgniter.php(368): CodeIgniter\CodeIgniter->handleRequest(null, Object(Config\Cache), false)
 6 FCPATH\index.php(67): CodeIgniter\CodeIgniter->run()
CRITICAL - 2023-07-25 01:01:24 --> syntax error, unexpected token ";"
in APPPATH\Controllers\AdmPost.php on line 101.
 1 SYSTEMPATH\Autoloader\Autoloader.php(289): CodeIgniter\Autoloader\Autoloader->includeFile('C:\\xampp\\htdocs\\codi\\app\\Controllers\\AdmPost.php')
 2 SYSTEMPATH\Autoloader\Autoloader.php(267): CodeIgniter\Autoloader\Autoloader->loadInNamespace('App\\Controllers\\AdmPost')
 3 [internal function]: CodeIgniter\Autoloader\Autoloader->loadClass('App\\Controllers\\AdmPost')
 4 SYSTEMPATH\CodeIgniter.php(892): class_exists('\\App\\Controllers\\AdmPost', true)
 5 SYSTEMPATH\CodeIgniter.php(486): CodeIgniter\CodeIgniter->startController()
 6 SYSTEMPATH\CodeIgniter.php(368): CodeIgniter\CodeIgniter->handleRequest(null, Object(Config\Cache), false)
 7 FCPATH\index.php(67): CodeIgniter\CodeIgniter->run()
CRITICAL - 2023-07-25 01:01:25 --> syntax error, unexpected token ";"
in APPPATH\Controllers\AdmPost.php on line 101.
 1 SYSTEMPATH\Autoloader\Autoloader.php(289): CodeIgniter\Autoloader\Autoloader->includeFile('C:\\xampp\\htdocs\\codi\\app\\Controllers\\AdmPost.php')
 2 SYSTEMPATH\Autoloader\Autoloader.php(267): CodeIgniter\Autoloader\Autoloader->loadInNamespace('App\\Controllers\\AdmPost')
 3 [internal function]: CodeIgniter\Autoloader\Autoloader->loadClass('App\\Controllers\\AdmPost')
 4 SYSTEMPATH\CodeIgniter.php(892): class_exists('\\App\\Controllers\\AdmPost', true)
 5 SYSTEMPATH\CodeIgniter.php(486): CodeIgniter\CodeIgniter->startController()
 6 SYSTEMPATH\CodeIgniter.php(368): CodeIgniter\CodeIgniter->handleRequest(null, Object(Config\Cache), false)
 7 FCPATH\index.php(67): CodeIgniter\CodeIgniter->run()
CRITICAL - 2023-07-25 01:01:26 --> syntax error, unexpected token ";"
in APPPATH\Controllers\AdmPost.php on line 101.
 1 SYSTEMPATH\Autoloader\Autoloader.php(289): CodeIgniter\Autoloader\Autoloader->includeFile('C:\\xampp\\htdocs\\codi\\app\\Controllers\\AdmPost.php')
 2 SYSTEMPATH\Autoloader\Autoloader.php(267): CodeIgniter\Autoloader\Autoloader->loadInNamespace('App\\Controllers\\AdmPost')
 3 [internal function]: CodeIgniter\Autoloader\Autoloader->loadClass('App\\Controllers\\AdmPost')
 4 SYSTEMPATH\CodeIgniter.php(892): class_exists('\\App\\Controllers\\AdmPost', true)
 5 SYSTEMPATH\CodeIgniter.php(486): CodeIgniter\CodeIgniter->startController()
 6 SYSTEMPATH\CodeIgniter.php(368): CodeIgniter\CodeIgniter->handleRequest(null, Object(Config\Cache), false)
 7 FCPATH\index.php(67): CodeIgniter\CodeIgniter->run()
CRITICAL - 2023-07-25 01:01:27 --> syntax error, unexpected token ";"
in APPPATH\Controllers\AdmPost.php on line 101.
 1 SYSTEMPATH\Autoloader\Autoloader.php(289): CodeIgniter\Autoloader\Autoloader->includeFile('C:\\xampp\\htdocs\\codi\\app\\Controllers\\AdmPost.php')
 2 SYSTEMPATH\Autoloader\Autoloader.php(267): CodeIgniter\Autoloader\Autoloader->loadInNamespace('App\\Controllers\\AdmPost')
 3 [internal function]: CodeIgniter\Autoloader\Autoloader->loadClass('App\\Controllers\\AdmPost')
 4 SYSTEMPATH\CodeIgniter.php(892): class_exists('\\App\\Controllers\\AdmPost', true)
 5 SYSTEMPATH\CodeIgniter.php(486): CodeIgniter\CodeIgniter->startController()
 6 SYSTEMPATH\CodeIgniter.php(368): CodeIgniter\CodeIgniter->handleRequest(null, Object(Config\Cache), false)
 7 FCPATH\index.php(67): CodeIgniter\CodeIgniter->run()
CRITICAL - 2023-07-25 01:01:28 --> syntax error, unexpected token ";"
in APPPATH\Controllers\AdmPost.php on line 101.
 1 SYSTEMPATH\Autoloader\Autoloader.php(289): CodeIgniter\Autoloader\Autoloader->includeFile('C:\\xampp\\htdocs\\codi\\app\\Controllers\\AdmPost.php')
 2 SYSTEMPATH\Autoloader\Autoloader.php(267): CodeIgniter\Autoloader\Autoloader->loadInNamespace('App\\Controllers\\AdmPost')
 3 [internal function]: CodeIgniter\Autoloader\Autoloader->loadClass('App\\Controllers\\AdmPost')
 4 SYSTEMPATH\CodeIgniter.php(892): class_exists('\\App\\Controllers\\AdmPost', true)
 5 SYSTEMPATH\CodeIgniter.php(486): CodeIgniter\CodeIgniter->startController()
 6 SYSTEMPATH\CodeIgniter.php(368): CodeIgniter\CodeIgniter->handleRequest(null, Object(Config\Cache), false)
 7 FCPATH\index.php(67): CodeIgniter\CodeIgniter->run()
CRITICAL - 2023-07-25 01:01:29 --> session_start(): Ignoring session_start() because a session is already active
in APPPATH\Controllers\AdmPost.php on line 100.
 1 [internal function]: CodeIgniter\Debug\Exceptions->errorHandler(8, 'session_start(): Ignoring session_start() because a session is already active', 'C:\\xampp\\htdocs\\codi\\app\\Controllers\\AdmPost.php', 100)
 2 APPPATH\Controllers\AdmPost.php(100): session_start()
 3 SYSTEMPATH\CodeIgniter.php(934): App\Controllers\AdmPost->desenho_meus()
 4 SYSTEMPATH\CodeIgniter.php(499): CodeIgniter\CodeIgniter->runController(Object(App\Controllers\AdmPost))
 5 SYSTEMPATH\CodeIgniter.php(368): CodeIgniter\CodeIgniter->handleRequest(null, Object(Config\Cache), false)
 6 FCPATH\index.php(67): CodeIgniter\CodeIgniter->run()
CRITICAL - 2023-07-25 01:01:30 --> session_start(): Ignoring session_start() because a session is already active
in APPPATH\Controllers\AdmPost.php on line 100.
 1 [internal function]: CodeIgniter\Debug\Exceptions->errorHandler(8, 'session_start(): Ignoring session_start() because a session is already active', 'C:\\xampp\\htdocs\\codi\\app\\Controllers\\AdmPost.php', 100)
 2 APPPATH\Controllers\AdmPost.php(100): session_start()
 3 SYSTEMPATH\CodeIgniter.php(934): App\Controllers\AdmPost->desenho_meus()
 4 SYSTEMPATH\CodeIgniter.php(499): CodeIgniter\CodeIgniter->runController(Object(App\Controllers\AdmPost))
 5 SYSTEMPATH\CodeIgniter.php(368): CodeIgniter\CodeIgniter->handleRequest(null, Object(Config\Cache), false)
 6 FCPATH\index.php(67): CodeIgniter\CodeIgniter->run()
CRITICAL - 2023-07-25 01:01:31 --> session_start(): Ignoring session_start() because a session is already active
in APPPATH\Controllers\AdmPost.php on line 100.
 1 [internal function]: CodeIgniter\Debug\Exceptions->errorHandler(8, 'session_start(): Ignoring session_start() because a session is already active', 'C:\\xampp\\htdocs\\codi\\app\\Controllers\\AdmPost.php', 100)
 2 APPPATH\Controllers\AdmPost.php(100): session_start()
 3 SYSTEMPATH\CodeIgniter.php(934): App\Controllers\AdmPost->desenho_meus()
 4 SYSTEMPATH\CodeIgniter.php(499): CodeIgniter\CodeIgniter->runController(Object(App\Controllers\AdmPost))
 5 SYSTEMPATH\CodeIgniter.php(368): CodeIgniter\CodeIgniter->handleRequest(null, Object(Config\Cache), false)
 6 FCPATH\index.php(67): CodeIgniter\CodeIgniter->run()
CRITICAL - 2023-07-25 01:01:32 --> session_start(): Ignoring session_start() because a session is already active
in APPPATH\Controllers\AdmPost.php on line 100.
 1 [internal function]: CodeIgniter\Debug\Exceptions->errorHandler(8, 'session_start(): Ignoring session_start() because a session is already active', 'C:\\xampp\\htdocs\\codi\\app\\Controllers\\AdmPost.php', 100)
 2 APPPATH\Controllers\AdmPost.php(100): session_start()
 3 SYSTEMPATH\CodeIgniter.php(934): App\Controllers\AdmPost->desenho_meus()
 4 SYSTEMPATH\CodeIgniter.php(499): CodeIgniter\CodeIgniter->runController(Object(App\Controllers\AdmPost))
 5 SYSTEMPATH\CodeIgniter.php(368): CodeIgniter\CodeIgniter->handleRequest(null, Object(Config\Cache), false)
 6 FCPATH\index.php(67): CodeIgniter\CodeIgniter->run()
CRITICAL - 2023-07-25 01:01:33 --> session_start(): Ignoring session_start() because a session is already active
in APPPATH\Controllers\AdmPost.php on line 100.
 1 [internal function]: CodeIgniter\Debug\Exceptions->errorHandler(8, 'session_start(): Ignoring session_start() because a session is already active', 'C:\\xampp\\htdocs\\codi\\app\\Controllers\\AdmPost.php', 100)
 2 APPPATH\Controllers\AdmPost.php(100): session_start()
 3 SYSTEMPATH\CodeIgniter.php(934): App\Controllers\AdmPost->desenho_meus()
 4 SYSTEMPATH\CodeIgniter.php(499): CodeIgniter\CodeIgniter->runController(Object(App\Controllers\AdmPost))
 5 SYSTEMPATH\CodeIgniter.php(368): CodeIgniter\CodeIgniter->handleRequest(null, Object(Config\Cache), false)
 6 FCPATH\index.php(67): CodeIgniter\CodeIgniter->run()
CRITICAL - 2023-07-25 01:01:40 --> session_start(): Ignoring session_start() because a session is already active
in APPPATH\Controllers\AdmPost.php on line 102.
 1 [internal function]: CodeIgniter\Debug\Exceptions->errorHandler(8, 'session_start(): Ignoring session_start() because a session is already active', 'C:\\xampp\\htdocs\\codi\\app\\Controllers\\AdmPost.php', 102)
 2 APPPATH\Controllers\AdmPost.php(102): session_start()
 3 SYSTEMPATH\CodeIgniter.php(934): App\Controllers\AdmPost->desenho_meus()
 4 SYSTEMPATH\CodeIgniter.php(499): CodeIgniter\CodeIgniter->runController(Object(App\Controllers\AdmPost))
 5 SYSTEMPATH\CodeIgniter.php(368): CodeIgniter\CodeIgniter->handleRequest(null, Object(Config\Cache), false)
 6 FCPATH\index.php(67): CodeIgniter\CodeIgniter->run()
CRITICAL - 2023-07-25 01:01:41 --> session_start(): Ignoring session_start() because a session is already active
in APPPATH\Controllers\AdmPost.php on line 102.
 1 [internal function]: CodeIgniter\Debug\Exceptions->errorHandler(8, 'session_start(): Ignoring session_start() because a session is already active', 'C:\\xampp\\htdocs\\codi\\app\\Controllers\\AdmPost.php', 102)
 2 APPPATH\Controllers\AdmPost.php(102): session_start()
 3 SYSTEMPATH\CodeIgniter.php(934): App\Controllers\AdmPost->desenho_meus()
 4 SYSTEMPATH\CodeIgniter.php(499): CodeIgniter\CodeIgniter->runController(Object(App\Controllers\AdmPost))
 5 SYSTEMPATH\CodeIgniter.php(368): CodeIgniter\CodeIgniter->handleRequest(null, Object(Config\Cache), false)
 6 FCPATH\index.php(67): CodeIgniter\CodeIgniter->run()
CRITICAL - 2023-07-25 01:01:42 --> session_start(): Ignoring session_start() because a session is already active
in APPPATH\Controllers\AdmPost.php on line 102.
 1 [internal function]: CodeIgniter\Debug\Exceptions->errorHandler(8, 'session_start(): Ignoring session_start() because a session is already active', 'C:\\xampp\\htdocs\\codi\\app\\Controllers\\AdmPost.php', 102)
 2 APPPATH\Controllers\AdmPost.php(102): session_start()
 3 SYSTEMPATH\CodeIgniter.php(934): App\Controllers\AdmPost->desenho_meus()
 4 SYSTEMPATH\CodeIgniter.php(499): CodeIgniter\CodeIgniter->runController(Object(App\Controllers\AdmPost))
 5 SYSTEMPATH\CodeIgniter.php(368): CodeIgniter\CodeIgniter->handleRequest(null, Object(Config\Cache), false)
 6 FCPATH\index.php(67): CodeIgniter\CodeIgniter->run()
CRITICAL - 2023-07-25 01:01:43 --> session_start(): Ignoring session_start() because a session is already active
in APPPATH\Controllers\AdmPost.php on line 102.
 1 [internal function]: CodeIgniter\Debug\Exceptions->errorHandler(8, 'session_start(): Ignoring session_start() because a session is already active', 'C:\\xampp\\htdocs\\codi\\app\\Controllers\\AdmPost.php', 102)
 2 APPPATH\Controllers\AdmPost.php(102): session_start()
 3 SYSTEMPATH\CodeIgniter.php(934): App\Controllers\AdmPost->desenho_meus()
 4 SYSTEMPATH\CodeIgniter.php(499): CodeIgniter\CodeIgniter->runController(Object(App\Controllers\AdmPost))
 5 SYSTEMPATH\CodeIgniter.php(368): CodeIgniter\CodeIgniter->handleRequest(null, Object(Config\Cache), false)
 6 FCPATH\index.php(67): CodeIgniter\CodeIgniter->run()
CRITICAL - 2023-07-25 01:01:44 --> session_start(): Ignoring session_start() because a session is already active
in APPPATH\Controllers\AdmPost.php on line 102.
 1 [internal function]: CodeIgniter\Debug\Exceptions->errorHandler(8, 'session_start(): Ignoring session_start() because a session is already active', 'C:\\xampp\\htdocs\\codi\\app\\Controllers\\AdmPost.php', 102)
 2 APPPATH\Controllers\AdmPost.php(102): session_start()
 3 SYSTEMPATH\CodeIgniter.php(934): App\Controllers\AdmPost->desenho_meus()
 4 SYSTEMPATH\CodeIgniter.php(499): CodeIgniter\CodeIgniter->runController(Object(App\Controllers\AdmPost))
 5 SYSTEMPATH\CodeIgniter.php(368): CodeIgniter\CodeIgniter->handleRequest(null, Object(Config\Cache), false)
 6 FCPATH\index.php(67): CodeIgniter\CodeIgniter->run()
CRITICAL - 2023-07-25 01:01:45 --> session_start(): Ignoring session_start() because a session is already active
in APPPATH\Controllers\AdmPost.php on line 102.
 1 [internal function]: CodeIgniter\Debug\Exceptions->errorHandler(8, 'session_start(): Ignoring session_start() because a session is already active', 'C:\\xampp\\htdocs\\codi\\app\\Controllers\\AdmPost.php', 102)
 2 APPPATH\Controllers\AdmPost.php(102): session_start()
 3 SYSTEMPATH\CodeIgniter.php(934): App\Controllers\AdmPost->desenho_meus()
 4 SYSTEMPATH\CodeIgniter.php(499): CodeIgniter\CodeIgniter->runController(Object(App\Controllers\AdmPost))
 5 SYSTEMPATH\CodeIgniter.php(368): CodeIgniter\CodeIgniter->handleRequest(null, Object(Config\Cache), false)
 6 FCPATH\index.php(67): CodeIgniter\CodeIgniter->run()
CRITICAL - 2023-07-25 01:09:26 --> syntax error, unexpected token ";"
in APPPATH\Controllers\AdmPost.php on line 99.
 1 SYSTEMPATH\Autoloader\Autoloader.php(289): CodeIgniter\Autoloader\Autoloader->includeFile('C:\\xampp\\htdocs\\codi\\app\\Controllers\\AdmPost.php')
 2 SYSTEMPATH\Autoloader\Autoloader.php(267): CodeIgniter\Autoloader\Autoloader->loadInNamespace('App\\Controllers\\AdmPost')
 3 [internal function]: CodeIgniter\Autoloader\Autoloader->loadClass('App\\Controllers\\AdmPost')
 4 SYSTEMPATH\CodeIgniter.php(892): class_exists('\\App\\Controllers\\AdmPost', true)
 5 SYSTEMPATH\CodeIgniter.php(486): CodeIgniter\CodeIgniter->startController()
 6 SYSTEMPATH\CodeIgniter.php(368): CodeIgniter\CodeIgniter->handleRequest(null, Object(Config\Cache), false)
 7 FCPATH\index.php(67): CodeIgniter\CodeIgniter->run()
CRITICAL - 2023-07-25 01:38:26 --> Cannot redeclare App\Controllers\AdmPost::config_prioridade()
in APPPATH\Controllers\AdmPost.php on line 258.
 1 [internal function]: CodeIgniter\Debug\Exceptions->shutdownHandler()
CRITICAL - 2023-07-25 01:39:26 --> syntax error, unexpected token "."
in APPPATH\Controllers\AdmPost.php on line 273.
 1 SYSTEMPATH\Autoloader\Autoloader.php(289): CodeIgniter\Autoloader\Autoloader->includeFile('C:\\xampp\\htdocs\\codi\\app\\Controllers\\AdmPost.php')
 2 SYSTEMPATH\Autoloader\Autoloader.php(267): CodeIgniter\Autoloader\Autoloader->loadInNamespace('App\\Controllers\\AdmPost')
 3 [internal function]: CodeIgniter\Autoloader\Autoloader->loadClass('App\\Controllers\\AdmPost')
 4 SYSTEMPATH\CodeIgniter.php(892): class_exists('\\App\\Controllers\\AdmPost', true)
 5 SYSTEMPATH\CodeIgniter.php(486): CodeIgniter\CodeIgniter->startController()
 6 SYSTEMPATH\CodeIgniter.php(368): CodeIgniter\CodeIgniter->handleRequest(null, Object(Config\Cache), false)
 7 FCPATH\index.php(67): CodeIgniter\CodeIgniter->run()
CRITICAL - 2023-07-25 01:40:26 --> syntax error, unexpected variable "$temp"
in APPPATH\Controllers\AdmPost.php on line 274.
 1 SYSTEMPATH\Autoloader\Autoloader.php(289): CodeIgniter\Autoloader\Autoloader->includeFile('C:\\xampp\\htdocs\\codi\\app\\Controllers\\AdmPost.php')
 2 SYSTEMPATH\Autoloader\Autoloader.php(267): CodeIgniter\Autoloader\Autoloader->loadInNamespace('App\\Controllers\\AdmPost')
 3 [internal function]: CodeIgniter\Autoloader\Autoloader->loadClass('App\\Controllers\\AdmPost')
 4 SYSTEMPATH\CodeIgniter.php(892): class_exists('\\App\\Controllers\\AdmPost', true)
 5 SYSTEMPATH\CodeIgniter.php(486): CodeIgniter\CodeIgniter->startController()
 6 SYSTEMPATH\CodeIgniter.php(368): CodeIgniter\CodeIgniter->handleRequest(null, Object(Config\Cache), false)
 7 FCPATH\index.php(67): CodeIgniter\CodeIgniter->run()
CRITICAL - 2023-07-25 01:47:19 --> Undefined array key ""
in APPPATH\Controllers\AdmPost.php on line 130.
 1 APPPATH\Controllers\AdmPost.php(130): CodeIgniter\Debug\Exceptions->errorHandler(2, 'Undefined array key ""', 'C:\\xampp\\htdocs\\codi\\app\\Controllers\\AdmPost.php', 130)
 2 SYSTEMPATH\CodeIgniter.php(934): App\Controllers\AdmPost->desenho_meus_update()
 3 SYSTEMPATH\CodeIgniter.php(499): CodeIgniter\CodeIgniter->runController(Object(App\Controllers\AdmPost))
 4 SYSTEMPATH\CodeIgniter.php(368): CodeIgniter\CodeIgniter->handleRequest(null, Object(Config\Cache), false)
 5 FCPATH\index.php(67): CodeIgniter\CodeIgniter->run()
CRITICAL - 2023-07-25 01:47:20 --> Undefined array key ""
in APPPATH\Controllers\AdmPost.php on line 130.
 1 APPPATH\Controllers\AdmPost.php(130): CodeIgniter\Debug\Exceptions->errorHandler(2, 'Undefined array key ""', 'C:\\xampp\\htdocs\\codi\\app\\Controllers\\AdmPost.php', 130)
 2 SYSTEMPATH\CodeIgniter.php(934): App\Controllers\AdmPost->desenho_meus_update()
 3 SYSTEMPATH\CodeIgniter.php(499): CodeIgniter\CodeIgniter->runController(Object(App\Controllers\AdmPost))
 4 SYSTEMPATH\CodeIgniter.php(368): CodeIgniter\CodeIgniter->handleRequest(null, Object(Config\Cache), false)
 5 FCPATH\index.php(67): CodeIgniter\CodeIgniter->run()
CRITICAL - 2023-07-25 01:47:21 --> Undefined array key ""
in APPPATH\Controllers\AdmPost.php on line 130.
 1 APPPATH\Controllers\AdmPost.php(130): CodeIgniter\Debug\Exceptions->errorHandler(2, 'Undefined array key ""', 'C:\\xampp\\htdocs\\codi\\app\\Controllers\\AdmPost.php', 130)
 2 SYSTEMPATH\CodeIgniter.php(934): App\Controllers\AdmPost->desenho_meus_update()
 3 SYSTEMPATH\CodeIgniter.php(499): CodeIgniter\CodeIgniter->runController(Object(App\Controllers\AdmPost))
 4 SYSTEMPATH\CodeIgniter.php(368): CodeIgniter\CodeIgniter->handleRequest(null, Object(Config\Cache), false)
 5 FCPATH\index.php(67): CodeIgniter\CodeIgniter->run()
CRITICAL - 2023-07-25 01:47:22 --> Undefined array key ""
in APPPATH\Controllers\AdmPost.php on line 130.
 1 APPPATH\Controllers\AdmPost.php(130): CodeIgniter\Debug\Exceptions->errorHandler(2, 'Undefined array key ""', 'C:\\xampp\\htdocs\\codi\\app\\Controllers\\AdmPost.php', 130)
 2 SYSTEMPATH\CodeIgniter.php(934): App\Controllers\AdmPost->desenho_meus_update()
 3 SYSTEMPATH\CodeIgniter.php(499): CodeIgniter\CodeIgniter->runController(Object(App\Controllers\AdmPost))
 4 SYSTEMPATH\CodeIgniter.php(368): CodeIgniter\CodeIgniter->handleRequest(null, Object(Config\Cache), false)
 5 FCPATH\index.php(67): CodeIgniter\CodeIgniter->run()
CRITICAL - 2023-07-25 01:47:23 --> Undefined array key ""
in APPPATH\Controllers\AdmPost.php on line 130.
 1 APPPATH\Controllers\AdmPost.php(130): CodeIgniter\Debug\Exceptions->errorHandler(2, 'Undefined array key ""', 'C:\\xampp\\htdocs\\codi\\app\\Controllers\\AdmPost.php', 130)
 2 SYSTEMPATH\CodeIgniter.php(934): App\Controllers\AdmPost->desenho_meus_update()
 3 SYSTEMPATH\CodeIgniter.php(499): CodeIgniter\CodeIgniter->runController(Object(App\Controllers\AdmPost))
 4 SYSTEMPATH\CodeIgniter.php(368): CodeIgniter\CodeIgniter->handleRequest(null, Object(Config\Cache), false)
 5 FCPATH\index.php(67): CodeIgniter\CodeIgniter->run()
CRITICAL - 2023-07-25 01:47:24 --> Undefined array key ""
in APPPATH\Controllers\AdmPost.php on line 130.
 1 APPPATH\Controllers\AdmPost.php(130): CodeIgniter\Debug\Exceptions->errorHandler(2, 'Undefined array key ""', 'C:\\xampp\\htdocs\\codi\\app\\Controllers\\AdmPost.php', 130)
 2 SYSTEMPATH\CodeIgniter.php(934): App\Controllers\AdmPost->desenho_meus_update()
 3 SYSTEMPATH\CodeIgniter.php(499): CodeIgniter\CodeIgniter->runController(Object(App\Controllers\AdmPost))
 4 SYSTEMPATH\CodeIgniter.php(368): CodeIgniter\CodeIgniter->handleRequest(null, Object(Config\Cache), false)
 5 FCPATH\index.php(67): CodeIgniter\CodeIgniter->run()
CRITICAL - 2023-07-25 01:47:25 --> Undefined array key ""
in APPPATH\Controllers\AdmPost.php on line 130.
 1 APPPATH\Controllers\AdmPost.php(130): CodeIgniter\Debug\Exceptions->errorHandler(2, 'Undefined array key ""', 'C:\\xampp\\htdocs\\codi\\app\\Controllers\\AdmPost.php', 130)
 2 SYSTEMPATH\CodeIgniter.php(934): App\Controllers\AdmPost->desenho_meus_update()
 3 SYSTEMPATH\CodeIgniter.php(499): CodeIgniter\CodeIgniter->runController(Object(App\Controllers\AdmPost))
 4 SYSTEMPATH\CodeIgniter.php(368): CodeIgniter\CodeIgniter->handleRequest(null, Object(Config\Cache), false)
 5 FCPATH\index.php(67): CodeIgniter\CodeIgniter->run()
CRITICAL - 2023-07-25 01:47:26 --> Undefined array key ""
in APPPATH\Controllers\AdmPost.php on line 130.
 1 APPPATH\Controllers\AdmPost.php(130): CodeIgniter\Debug\Exceptions->errorHandler(2, 'Undefined array key ""', 'C:\\xampp\\htdocs\\codi\\app\\Controllers\\AdmPost.php', 130)
 2 SYSTEMPATH\CodeIgniter.php(934): App\Controllers\AdmPost->desenho_meus_update()
 3 SYSTEMPATH\CodeIgniter.php(499): CodeIgniter\CodeIgniter->runController(Object(App\Controllers\AdmPost))
 4 SYSTEMPATH\CodeIgniter.php(368): CodeIgniter\CodeIgniter->handleRequest(null, Object(Config\Cache), false)
 5 FCPATH\index.php(67): CodeIgniter\CodeIgniter->run()
CRITICAL - 2023-07-25 01:47:27 --> Undefined array key ""
in APPPATH\Controllers\AdmPost.php on line 130.
 1 APPPATH\Controllers\AdmPost.php(130): CodeIgniter\Debug\Exceptions->errorHandler(2, 'Undefined array key ""', 'C:\\xampp\\htdocs\\codi\\app\\Controllers\\AdmPost.php', 130)
 2 SYSTEMPATH\CodeIgniter.php(934): App\Controllers\AdmPost->desenho_meus_update()
 3 SYSTEMPATH\CodeIgniter.php(499): CodeIgniter\CodeIgniter->runController(Object(App\Controllers\AdmPost))
 4 SYSTEMPATH\CodeIgniter.php(368): CodeIgniter\CodeIgniter->handleRequest(null, Object(Config\Cache), false)
 5 FCPATH\index.php(67): CodeIgniter\CodeIgniter->run()
CRITICAL - 2023-07-25 01:47:28 --> Undefined array key ""
in APPPATH\Controllers\AdmPost.php on line 130.
 1 APPPATH\Controllers\AdmPost.php(130): CodeIgniter\Debug\Exceptions->errorHandler(2, 'Undefined array key ""', 'C:\\xampp\\htdocs\\codi\\app\\Controllers\\AdmPost.php', 130)
 2 SYSTEMPATH\CodeIgniter.php(934): App\Controllers\AdmPost->desenho_meus_update()
 3 SYSTEMPATH\CodeIgniter.php(499): CodeIgniter\CodeIgniter->runController(Object(App\Controllers\AdmPost))
 4 SYSTEMPATH\CodeIgniter.php(368): CodeIgniter\CodeIgniter->handleRequest(null, Object(Config\Cache), false)
 5 FCPATH\index.php(67): CodeIgniter\CodeIgniter->run()
CRITICAL - 2023-07-25 01:47:29 --> Undefined array key ""
in APPPATH\Controllers\AdmPost.php on line 130.
 1 APPPATH\Controllers\AdmPost.php(130): CodeIgniter\Debug\Exceptions->errorHandler(2, 'Undefined array key ""', 'C:\\xampp\\htdocs\\codi\\app\\Controllers\\AdmPost.php', 130)
 2 SYSTEMPATH\CodeIgniter.php(934): App\Controllers\AdmPost->desenho_meus_update()
 3 SYSTEMPATH\CodeIgniter.php(499): CodeIgniter\CodeIgniter->runController(Object(App\Controllers\AdmPost))
 4 SYSTEMPATH\CodeIgniter.php(368): CodeIgniter\CodeIgniter->handleRequest(null, Object(Config\Cache), false)
 5 FCPATH\index.php(67): CodeIgniter\CodeIgniter->run()
CRITICAL - 2023-07-25 01:47:30 --> Undefined array key ""
in APPPATH\Controllers\AdmPost.php on line 130.
 1 APPPATH\Controllers\AdmPost.php(130): CodeIgniter\Debug\Exceptions->errorHandler(2, 'Undefined array key ""', 'C:\\xampp\\htdocs\\codi\\app\\Controllers\\AdmPost.php', 130)
 2 SYSTEMPATH\CodeIgniter.php(934): App\Controllers\AdmPost->desenho_meus_update()
 3 SYSTEMPATH\CodeIgniter.php(499): CodeIgniter\CodeIgniter->runController(Object(App\Controllers\AdmPost))
 4 SYSTEMPATH\CodeIgniter.php(368): CodeIgniter\CodeIgniter->handleRequest(null, Object(Config\Cache), false)
 5 FCPATH\index.php(67): CodeIgniter\CodeIgniter->run()
CRITICAL - 2023-07-25 01:47:31 --> Undefined array key ""
in APPPATH\Controllers\AdmPost.php on line 130.
 1 APPPATH\Controllers\AdmPost.php(130): CodeIgniter\Debug\Exceptions->errorHandler(2, 'Undefined array key ""', 'C:\\xampp\\htdocs\\codi\\app\\Controllers\\AdmPost.php', 130)
 2 SYSTEMPATH\CodeIgniter.php(934): App\Controllers\AdmPost->desenho_meus_update()
 3 SYSTEMPATH\CodeIgniter.php(499): CodeIgniter\CodeIgniter->runController(Object(App\Controllers\AdmPost))
 4 SYSTEMPATH\CodeIgniter.php(368): CodeIgniter\CodeIgniter->handleRequest(null, Object(Config\Cache), false)
 5 FCPATH\index.php(67): CodeIgniter\CodeIgniter->run()
CRITICAL - 2023-07-25 01:47:32 --> Undefined array key ""
in APPPATH\Controllers\AdmPost.php on line 130.
 1 APPPATH\Controllers\AdmPost.php(130): CodeIgniter\Debug\Exceptions->errorHandler(2, 'Undefined array key ""', 'C:\\xampp\\htdocs\\codi\\app\\Controllers\\AdmPost.php', 130)
 2 SYSTEMPATH\CodeIgniter.php(934): App\Controllers\AdmPost->desenho_meus_update()
 3 SYSTEMPATH\CodeIgniter.php(499): CodeIgniter\CodeIgniter->runController(Object(App\Controllers\AdmPost))
 4 SYSTEMPATH\CodeIgniter.php(368): CodeIgniter\CodeIgniter->handleRequest(null, Object(Config\Cache), false)
 5 FCPATH\index.php(67): CodeIgniter\CodeIgniter->run()
CRITICAL - 2023-07-25 01:47:33 --> Undefined array key ""
in APPPATH\Controllers\AdmPost.php on line 130.
 1 APPPATH\Controllers\AdmPost.php(130): CodeIgniter\Debug\Exceptions->errorHandler(2, 'Undefined array key ""', 'C:\\xampp\\htdocs\\codi\\app\\Controllers\\AdmPost.php', 130)
 2 SYSTEMPATH\CodeIgniter.php(934): App\Controllers\AdmPost->desenho_meus_update()
 3 SYSTEMPATH\CodeIgniter.php(499): CodeIgniter\CodeIgniter->runController(Object(App\Controllers\AdmPost))
 4 SYSTEMPATH\CodeIgniter.php(368): CodeIgniter\CodeIgniter->handleRequest(null, Object(Config\Cache), false)
 5 FCPATH\index.php(67): CodeIgniter\CodeIgniter->run()
CRITICAL - 2023-07-25 01:47:34 --> Undefined array key ""
in APPPATH\Controllers\AdmPost.php on line 130.
 1 APPPATH\Controllers\AdmPost.php(130): CodeIgniter\Debug\Exceptions->errorHandler(2, 'Undefined array key ""', 'C:\\xampp\\htdocs\\codi\\app\\Controllers\\AdmPost.php', 130)
 2 SYSTEMPATH\CodeIgniter.php(934): App\Controllers\AdmPost->desenho_meus_update()
 3 SYSTEMPATH\CodeIgniter.php(499): CodeIgniter\CodeIgniter->runController(Object(App\Controllers\AdmPost))
 4 SYSTEMPATH\CodeIgniter.php(368): CodeIgniter\CodeIgniter->handleRequest(null, Object(Config\Cache), false)
 5 FCPATH\index.php(67): CodeIgniter\CodeIgniter->run()
CRITICAL - 2023-07-25 01:47:35 --> Undefined array key ""
in APPPATH\Controllers\AdmPost.php on line 130.
 1 APPPATH\Controllers\AdmPost.php(130): CodeIgniter\Debug\Exceptions->errorHandler(2, 'Undefined array key ""', 'C:\\xampp\\htdocs\\codi\\app\\Controllers\\AdmPost.php', 130)
 2 SYSTEMPATH\CodeIgniter.php(934): App\Controllers\AdmPost->desenho_meus_update()
 3 SYSTEMPATH\CodeIgniter.php(499): CodeIgniter\CodeIgniter->runController(Object(App\Controllers\AdmPost))
 4 SYSTEMPATH\CodeIgniter.php(368): CodeIgniter\CodeIgniter->handleRequest(null, Object(Config\Cache), false)
 5 FCPATH\index.php(67): CodeIgniter\CodeIgniter->run()
CRITICAL - 2023-07-25 01:47:36 --> Undefined array key ""
in APPPATH\Controllers\AdmPost.php on line 130.
 1 APPPATH\Controllers\AdmPost.php(130): CodeIgniter\Debug\Exceptions->errorHandler(2, 'Undefined array key ""', 'C:\\xampp\\htdocs\\codi\\app\\Controllers\\AdmPost.php', 130)
 2 SYSTEMPATH\CodeIgniter.php(934): App\Controllers\AdmPost->desenho_meus_update()
 3 SYSTEMPATH\CodeIgniter.php(499): CodeIgniter\CodeIgniter->runController(Object(App\Controllers\AdmPost))
 4 SYSTEMPATH\CodeIgniter.php(368): CodeIgniter\CodeIgniter->handleRequest(null, Object(Config\Cache), false)
 5 FCPATH\index.php(67): CodeIgniter\CodeIgniter->run()
CRITICAL - 2023-07-25 01:47:37 --> Undefined array key ""
in APPPATH\Controllers\AdmPost.php on line 130.
 1 APPPATH\Controllers\AdmPost.php(130): CodeIgniter\Debug\Exceptions->errorHandler(2, 'Undefined array key ""', 'C:\\xampp\\htdocs\\codi\\app\\Controllers\\AdmPost.php', 130)
 2 SYSTEMPATH\CodeIgniter.php(934): App\Controllers\AdmPost->desenho_meus_update()
 3 SYSTEMPATH\CodeIgniter.php(499): CodeIgniter\CodeIgniter->runController(Object(App\Controllers\AdmPost))
 4 SYSTEMPATH\CodeIgniter.php(368): CodeIgniter\CodeIgniter->handleRequest(null, Object(Config\Cache), false)
 5 FCPATH\index.php(67): CodeIgniter\CodeIgniter->run()
CRITICAL - 2023-07-25 01:47:38 --> Undefined array key ""
in APPPATH\Controllers\AdmPost.php on line 130.
 1 APPPATH\Controllers\AdmPost.php(130): CodeIgniter\Debug\Exceptions->errorHandler(2, 'Undefined array key ""', 'C:\\xampp\\htdocs\\codi\\app\\Controllers\\AdmPost.php', 130)
 2 SYSTEMPATH\CodeIgniter.php(934): App\Controllers\AdmPost->desenho_meus_update()
 3 SYSTEMPATH\CodeIgniter.php(499): CodeIgniter\CodeIgniter->runController(Object(App\Controllers\AdmPost))
 4 SYSTEMPATH\CodeIgniter.php(368): CodeIgniter\CodeIgniter->handleRequest(null, Object(Config\Cache), false)
 5 FCPATH\index.php(67): CodeIgniter\CodeIgniter->run()
CRITICAL - 2023-07-25 01:47:39 --> Undefined array key ""
in APPPATH\Controllers\AdmPost.php on line 130.
 1 APPPATH\Controllers\AdmPost.php(130): CodeIgniter\Debug\Exceptions->errorHandler(2, 'Undefined array key ""', 'C:\\xampp\\htdocs\\codi\\app\\Controllers\\AdmPost.php', 130)
 2 SYSTEMPATH\CodeIgniter.php(934): App\Controllers\AdmPost->desenho_meus_update()
 3 SYSTEMPATH\CodeIgniter.php(499): CodeIgniter\CodeIgniter->runController(Object(App\Controllers\AdmPost))
 4 SYSTEMPATH\CodeIgniter.php(368): CodeIgniter\CodeIgniter->handleRequest(null, Object(Config\Cache), false)
 5 FCPATH\index.php(67): CodeIgniter\CodeIgniter->run()
CRITICAL - 2023-07-25 01:47:40 --> Undefined array key ""
in APPPATH\Controllers\AdmPost.php on line 130.
 1 APPPATH\Controllers\AdmPost.php(130): CodeIgniter\Debug\Exceptions->errorHandler(2, 'Undefined array key ""', 'C:\\xampp\\htdocs\\codi\\app\\Controllers\\AdmPost.php', 130)
 2 SYSTEMPATH\CodeIgniter.php(934): App\Controllers\AdmPost->desenho_meus_update()
 3 SYSTEMPATH\CodeIgniter.php(499): CodeIgniter\CodeIgniter->runController(Object(App\Controllers\AdmPost))
 4 SYSTEMPATH\CodeIgniter.php(368): CodeIgniter\CodeIgniter->handleRequest(null, Object(Config\Cache), false)
 5 FCPATH\index.php(67): CodeIgniter\CodeIgniter->run()
CRITICAL - 2023-07-25 01:47:41 --> Undefined array key ""
in APPPATH\Controllers\AdmPost.php on line 130.
 1 APPPATH\Controllers\AdmPost.php(130): CodeIgniter\Debug\Exceptions->errorHandler(2, 'Undefined array key ""', 'C:\\xampp\\htdocs\\codi\\app\\Controllers\\AdmPost.php', 130)
 2 SYSTEMPATH\CodeIgniter.php(934): App\Controllers\AdmPost->desenho_meus_update()
 3 SYSTEMPATH\CodeIgniter.php(499): CodeIgniter\CodeIgniter->runController(Object(App\Controllers\AdmPost))
 4 SYSTEMPATH\CodeIgniter.php(368): CodeIgniter\CodeIgniter->handleRequest(null, Object(Config\Cache), false)
 5 FCPATH\index.php(67): CodeIgniter\CodeIgniter->run()
CRITICAL - 2023-07-25 01:47:42 --> Undefined array key ""
in APPPATH\Controllers\AdmPost.php on line 130.
 1 APPPATH\Controllers\AdmPost.php(130): CodeIgniter\Debug\Exceptions->errorHandler(2, 'Undefined array key ""', 'C:\\xampp\\htdocs\\codi\\app\\Controllers\\AdmPost.php', 130)
 2 SYSTEMPATH\CodeIgniter.php(934): App\Controllers\AdmPost->desenho_meus_update()
 3 SYSTEMPATH\CodeIgniter.php(499): CodeIgniter\CodeIgniter->runController(Object(App\Controllers\AdmPost))
 4 SYSTEMPATH\CodeIgniter.php(368): CodeIgniter\CodeIgniter->handleRequest(null, Object(Config\Cache), false)
 5 FCPATH\index.php(67): CodeIgniter\CodeIgniter->run()
CRITICAL - 2023-07-25 01:47:43 --> Undefined array key ""
in APPPATH\Controllers\AdmPost.php on line 130.
 1 APPPATH\Controllers\AdmPost.php(130): CodeIgniter\Debug\Exceptions->errorHandler(2, 'Undefined array key ""', 'C:\\xampp\\htdocs\\codi\\app\\Controllers\\AdmPost.php', 130)
 2 SYSTEMPATH\CodeIgniter.php(934): App\Controllers\AdmPost->desenho_meus_update()
 3 SYSTEMPATH\CodeIgniter.php(499): CodeIgniter\CodeIgniter->runController(Object(App\Controllers\AdmPost))
 4 SYSTEMPATH\CodeIgniter.php(368): CodeIgniter\CodeIgniter->handleRequest(null, Object(Config\Cache), false)
 5 FCPATH\index.php(67): CodeIgniter\CodeIgniter->run()
CRITICAL - 2023-07-25 01:47:44 --> Undefined array key ""
in APPPATH\Controllers\AdmPost.php on line 130.
 1 APPPATH\Controllers\AdmPost.php(130): CodeIgniter\Debug\Exceptions->errorHandler(2, 'Undefined array key ""', 'C:\\xampp\\htdocs\\codi\\app\\Controllers\\AdmPost.php', 130)
 2 SYSTEMPATH\CodeIgniter.php(934): App\Controllers\AdmPost->desenho_meus_update()
 3 SYSTEMPATH\CodeIgniter.php(499): CodeIgniter\CodeIgniter->runController(Object(App\Controllers\AdmPost))
 4 SYSTEMPATH\CodeIgniter.php(368): CodeIgniter\CodeIgniter->handleRequest(null, Object(Config\Cache), false)
 5 FCPATH\index.php(67): CodeIgniter\CodeIgniter->run()
CRITICAL - 2023-07-25 01:47:45 --> Undefined array key ""
in APPPATH\Controllers\AdmPost.php on line 130.
 1 APPPATH\Controllers\AdmPost.php(130): CodeIgniter\Debug\Exceptions->errorHandler(2, 'Undefined array key ""', 'C:\\xampp\\htdocs\\codi\\app\\Controllers\\AdmPost.php', 130)
 2 SYSTEMPATH\CodeIgniter.php(934): App\Controllers\AdmPost->desenho_meus_update()
 3 SYSTEMPATH\CodeIgniter.php(499): CodeIgniter\CodeIgniter->runController(Object(App\Controllers\AdmPost))
 4 SYSTEMPATH\CodeIgniter.php(368): CodeIgniter\CodeIgniter->handleRequest(null, Object(Config\Cache), false)
 5 FCPATH\index.php(67): CodeIgniter\CodeIgniter->run()
CRITICAL - 2023-07-25 01:47:46 --> Undefined array key ""
in APPPATH\Controllers\AdmPost.php on line 130.
 1 APPPATH\Controllers\AdmPost.php(130): CodeIgniter\Debug\Exceptions->errorHandler(2, 'Undefined array key ""', 'C:\\xampp\\htdocs\\codi\\app\\Controllers\\AdmPost.php', 130)
 2 SYSTEMPATH\CodeIgniter.php(934): App\Controllers\AdmPost->desenho_meus_update()
 3 SYSTEMPATH\CodeIgniter.php(499): CodeIgniter\CodeIgniter->runController(Object(App\Controllers\AdmPost))
 4 SYSTEMPATH\CodeIgniter.php(368): CodeIgniter\CodeIgniter->handleRequest(null, Object(Config\Cache), false)
 5 FCPATH\index.php(67): CodeIgniter\CodeIgniter->run()
CRITICAL - 2023-07-25 01:47:47 --> Undefined array key ""
in APPPATH\Controllers\AdmPost.php on line 130.
 1 APPPATH\Controllers\AdmPost.php(130): CodeIgniter\Debug\Exceptions->errorHandler(2, 'Undefined array key ""', 'C:\\xampp\\htdocs\\codi\\app\\Controllers\\AdmPost.php', 130)
 2 SYSTEMPATH\CodeIgniter.php(934): App\Controllers\AdmPost->desenho_meus_update()
 3 SYSTEMPATH\CodeIgniter.php(499): CodeIgniter\CodeIgniter->runController(Object(App\Controllers\AdmPost))
 4 SYSTEMPATH\CodeIgniter.php(368): CodeIgniter\CodeIgniter->handleRequest(null, Object(Config\Cache), false)
 5 FCPATH\index.php(67): CodeIgniter\CodeIgniter->run()
CRITICAL - 2023-07-25 01:47:48 --> Undefined array key ""
in APPPATH\Controllers\AdmPost.php on line 130.
 1 APPPATH\Controllers\AdmPost.php(130): CodeIgniter\Debug\Exceptions->errorHandler(2, 'Undefined array key ""', 'C:\\xampp\\htdocs\\codi\\app\\Controllers\\AdmPost.php', 130)
 2 SYSTEMPATH\CodeIgniter.php(934): App\Controllers\AdmPost->desenho_meus_update()
 3 SYSTEMPATH\CodeIgniter.php(499): CodeIgniter\CodeIgniter->runController(Object(App\Controllers\AdmPost))
 4 SYSTEMPATH\CodeIgniter.php(368): CodeIgniter\CodeIgniter->handleRequest(null, Object(Config\Cache), false)
 5 FCPATH\index.php(67): CodeIgniter\CodeIgniter->run()
CRITICAL - 2023-07-25 01:47:49 --> Undefined array key ""
in APPPATH\Controllers\AdmPost.php on line 130.
 1 APPPATH\Controllers\AdmPost.php(130): CodeIgniter\Debug\Exceptions->errorHandler(2, 'Undefined array key ""', 'C:\\xampp\\htdocs\\codi\\app\\Controllers\\AdmPost.php', 130)
 2 SYSTEMPATH\CodeIgniter.php(934): App\Controllers\AdmPost->desenho_meus_update()
 3 SYSTEMPATH\CodeIgniter.php(499): CodeIgniter\CodeIgniter->runController(Object(App\Controllers\AdmPost))
 4 SYSTEMPATH\CodeIgniter.php(368): CodeIgniter\CodeIgniter->handleRequest(null, Object(Config\Cache), false)
 5 FCPATH\index.php(67): CodeIgniter\CodeIgniter->run()
CRITICAL - 2023-07-25 01:47:50 --> Undefined array key ""
in APPPATH\Controllers\AdmPost.php on line 130.
 1 APPPATH\Controllers\AdmPost.php(130): CodeIgniter\Debug\Exceptions->errorHandler(2, 'Undefined array key ""', 'C:\\xampp\\htdocs\\codi\\app\\Controllers\\AdmPost.php', 130)
 2 SYSTEMPATH\CodeIgniter.php(934): App\Controllers\AdmPost->desenho_meus_update()
 3 SYSTEMPATH\CodeIgniter.php(499): CodeIgniter\CodeIgniter->runController(Object(App\Controllers\AdmPost))
 4 SYSTEMPATH\CodeIgniter.php(368): CodeIgniter\CodeIgniter->handleRequest(null, Object(Config\Cache), false)
 5 FCPATH\index.php(67): CodeIgniter\CodeIgniter->run()
CRITICAL - 2023-07-25 01:47:51 --> Undefined array key ""
in APPPATH\Controllers\AdmPost.php on line 130.
 1 APPPATH\Controllers\AdmPost.php(130): CodeIgniter\Debug\Exceptions->errorHandler(2, 'Undefined array key ""', 'C:\\xampp\\htdocs\\codi\\app\\Controllers\\AdmPost.php', 130)
 2 SYSTEMPATH\CodeIgniter.php(934): App\Controllers\AdmPost->desenho_meus_update()
 3 SYSTEMPATH\CodeIgniter.php(499): CodeIgniter\CodeIgniter->runController(Object(App\Controllers\AdmPost))
 4 SYSTEMPATH\CodeIgniter.php(368): CodeIgniter\CodeIgniter->handleRequest(null, Object(Config\Cache), false)
 5 FCPATH\index.php(67): CodeIgniter\CodeIgniter->run()
CRITICAL - 2023-07-25 01:47:52 --> Undefined array key ""
in APPPATH\Controllers\AdmPost.php on line 130.
 1 APPPATH\Controllers\AdmPost.php(130): CodeIgniter\Debug\Exceptions->errorHandler(2, 'Undefined array key ""', 'C:\\xampp\\htdocs\\codi\\app\\Controllers\\AdmPost.php', 130)
 2 SYSTEMPATH\CodeIgniter.php(934): App\Controllers\AdmPost->desenho_meus_update()
 3 SYSTEMPATH\CodeIgniter.php(499): CodeIgniter\CodeIgniter->runController(Object(App\Controllers\AdmPost))
 4 SYSTEMPATH\CodeIgniter.php(368): CodeIgniter\CodeIgniter->handleRequest(null, Object(Config\Cache), false)
 5 FCPATH\index.php(67): CodeIgniter\CodeIgniter->run()
CRITICAL - 2023-07-25 01:47:53 --> Undefined array key ""
in APPPATH\Controllers\AdmPost.php on line 130.
 1 APPPATH\Controllers\AdmPost.php(130): CodeIgniter\Debug\Exceptions->errorHandler(2, 'Undefined array key ""', 'C:\\xampp\\htdocs\\codi\\app\\Controllers\\AdmPost.php', 130)
 2 SYSTEMPATH\CodeIgniter.php(934): App\Controllers\AdmPost->desenho_meus_update()
 3 SYSTEMPATH\CodeIgniter.php(499): CodeIgniter\CodeIgniter->runController(Object(App\Controllers\AdmPost))
 4 SYSTEMPATH\CodeIgniter.php(368): CodeIgniter\CodeIgniter->handleRequest(null, Object(Config\Cache), false)
 5 FCPATH\index.php(67): CodeIgniter\CodeIgniter->run()
CRITICAL - 2023-07-25 01:47:54 --> Undefined array key ""
in APPPATH\Controllers\AdmPost.php on line 130.
 1 APPPATH\Controllers\AdmPost.php(130): CodeIgniter\Debug\Exceptions->errorHandler(2, 'Undefined array key ""', 'C:\\xampp\\htdocs\\codi\\app\\Controllers\\AdmPost.php', 130)
 2 SYSTEMPATH\CodeIgniter.php(934): App\Controllers\AdmPost->desenho_meus_update()
 3 SYSTEMPATH\CodeIgniter.php(499): CodeIgniter\CodeIgniter->runController(Object(App\Controllers\AdmPost))
 4 SYSTEMPATH\CodeIgniter.php(368): CodeIgniter\CodeIgniter->handleRequest(null, Object(Config\Cache), false)
 5 FCPATH\index.php(67): CodeIgniter\CodeIgniter->run()
CRITICAL - 2023-07-25 01:47:55 --> Undefined array key ""
in APPPATH\Controllers\AdmPost.php on line 130.
 1 APPPATH\Controllers\AdmPost.php(130): CodeIgniter\Debug\Exceptions->errorHandler(2, 'Undefined array key ""', 'C:\\xampp\\htdocs\\codi\\app\\Controllers\\AdmPost.php', 130)
 2 SYSTEMPATH\CodeIgniter.php(934): App\Controllers\AdmPost->desenho_meus_update()
 3 SYSTEMPATH\CodeIgniter.php(499): CodeIgniter\CodeIgniter->runController(Object(App\Controllers\AdmPost))
 4 SYSTEMPATH\CodeIgniter.php(368): CodeIgniter\CodeIgniter->handleRequest(null, Object(Config\Cache), false)
 5 FCPATH\index.php(67): CodeIgniter\CodeIgniter->run()
CRITICAL - 2023-07-25 01:47:56 --> Undefined array key ""
in APPPATH\Controllers\AdmPost.php on line 130.
 1 APPPATH\Controllers\AdmPost.php(130): CodeIgniter\Debug\Exceptions->errorHandler(2, 'Undefined array key ""', 'C:\\xampp\\htdocs\\codi\\app\\Controllers\\AdmPost.php', 130)
 2 SYSTEMPATH\CodeIgniter.php(934): App\Controllers\AdmPost->desenho_meus_update()
 3 SYSTEMPATH\CodeIgniter.php(499): CodeIgniter\CodeIgniter->runController(Object(App\Controllers\AdmPost))
 4 SYSTEMPATH\CodeIgniter.php(368): CodeIgniter\CodeIgniter->handleRequest(null, Object(Config\Cache), false)
 5 FCPATH\index.php(67): CodeIgniter\CodeIgniter->run()
CRITICAL - 2023-07-25 01:47:57 --> Undefined array key ""
in APPPATH\Controllers\AdmPost.php on line 130.
 1 APPPATH\Controllers\AdmPost.php(130): CodeIgniter\Debug\Exceptions->errorHandler(2, 'Undefined array key ""', 'C:\\xampp\\htdocs\\codi\\app\\Controllers\\AdmPost.php', 130)
 2 SYSTEMPATH\CodeIgniter.php(934): App\Controllers\AdmPost->desenho_meus_update()
 3 SYSTEMPATH\CodeIgniter.php(499): CodeIgniter\CodeIgniter->runController(Object(App\Controllers\AdmPost))
 4 SYSTEMPATH\CodeIgniter.php(368): CodeIgniter\CodeIgniter->handleRequest(null, Object(Config\Cache), false)
 5 FCPATH\index.php(67): CodeIgniter\CodeIgniter->run()
CRITICAL - 2023-07-25 01:47:58 --> Undefined array key ""
in APPPATH\Controllers\AdmPost.php on line 130.
 1 APPPATH\Controllers\AdmPost.php(130): CodeIgniter\Debug\Exceptions->errorHandler(2, 'Undefined array key ""', 'C:\\xampp\\htdocs\\codi\\app\\Controllers\\AdmPost.php', 130)
 2 SYSTEMPATH\CodeIgniter.php(934): App\Controllers\AdmPost->desenho_meus_update()
 3 SYSTEMPATH\CodeIgniter.php(499): CodeIgniter\CodeIgniter->runController(Object(App\Controllers\AdmPost))
 4 SYSTEMPATH\CodeIgniter.php(368): CodeIgniter\CodeIgniter->handleRequest(null, Object(Config\Cache), false)
 5 FCPATH\index.php(67): CodeIgniter\CodeIgniter->run()
CRITICAL - 2023-07-25 01:47:59 --> Undefined array key ""
in APPPATH\Controllers\AdmPost.php on line 130.
 1 APPPATH\Controllers\AdmPost.php(130): CodeIgniter\Debug\Exceptions->errorHandler(2, 'Undefined array key ""', 'C:\\xampp\\htdocs\\codi\\app\\Controllers\\AdmPost.php', 130)
 2 SYSTEMPATH\CodeIgniter.php(934): App\Controllers\AdmPost->desenho_meus_update()
 3 SYSTEMPATH\CodeIgniter.php(499): CodeIgniter\CodeIgniter->runController(Object(App\Controllers\AdmPost))
 4 SYSTEMPATH\CodeIgniter.php(368): CodeIgniter\CodeIgniter->handleRequest(null, Object(Config\Cache), false)
 5 FCPATH\index.php(67): CodeIgniter\CodeIgniter->run()
CRITICAL - 2023-07-25 01:48:00 --> Undefined array key ""
in APPPATH\Controllers\AdmPost.php on line 130.
 1 APPPATH\Controllers\AdmPost.php(130): CodeIgniter\Debug\Exceptions->errorHandler(2, 'Undefined array key ""', 'C:\\xampp\\htdocs\\codi\\app\\Controllers\\AdmPost.php', 130)
 2 SYSTEMPATH\CodeIgniter.php(934): App\Controllers\AdmPost->desenho_meus_update()
 3 SYSTEMPATH\CodeIgniter.php(499): CodeIgniter\CodeIgniter->runController(Object(App\Controllers\AdmPost))
 4 SYSTEMPATH\CodeIgniter.php(368): CodeIgniter\CodeIgniter->handleRequest(null, Object(Config\Cache), false)
 5 FCPATH\index.php(67): CodeIgniter\CodeIgniter->run()
CRITICAL - 2023-07-25 01:48:01 --> Undefined array key ""
in APPPATH\Controllers\AdmPost.php on line 130.
 1 APPPATH\Controllers\AdmPost.php(130): CodeIgniter\Debug\Exceptions->errorHandler(2, 'Undefined array key ""', 'C:\\xampp\\htdocs\\codi\\app\\Controllers\\AdmPost.php', 130)
 2 SYSTEMPATH\CodeIgniter.php(934): App\Controllers\AdmPost->desenho_meus_update()
 3 SYSTEMPATH\CodeIgniter.php(499): CodeIgniter\CodeIgniter->runController(Object(App\Controllers\AdmPost))
 4 SYSTEMPATH\CodeIgniter.php(368): CodeIgniter\CodeIgniter->handleRequest(null, Object(Config\Cache), false)
 5 FCPATH\index.php(67): CodeIgniter\CodeIgniter->run()
CRITICAL - 2023-07-25 01:48:02 --> Undefined array key ""
in APPPATH\Controllers\AdmPost.php on line 130.
 1 APPPATH\Controllers\AdmPost.php(130): CodeIgniter\Debug\Exceptions->errorHandler(2, 'Undefined array key ""', 'C:\\xampp\\htdocs\\codi\\app\\Controllers\\AdmPost.php', 130)
 2 SYSTEMPATH\CodeIgniter.php(934): App\Controllers\AdmPost->desenho_meus_update()
 3 SYSTEMPATH\CodeIgniter.php(499): CodeIgniter\CodeIgniter->runController(Object(App\Controllers\AdmPost))
 4 SYSTEMPATH\CodeIgniter.php(368): CodeIgniter\CodeIgniter->handleRequest(null, Object(Config\Cache), false)
 5 FCPATH\index.php(67): CodeIgniter\CodeIgniter->run()
CRITICAL - 2023-07-25 01:48:03 --> Undefined array key ""
in APPPATH\Controllers\AdmPost.php on line 130.
 1 APPPATH\Controllers\AdmPost.php(130): CodeIgniter\Debug\Exceptions->errorHandler(2, 'Undefined array key ""', 'C:\\xampp\\htdocs\\codi\\app\\Controllers\\AdmPost.php', 130)
 2 SYSTEMPATH\CodeIgniter.php(934): App\Controllers\AdmPost->desenho_meus_update()
 3 SYSTEMPATH\CodeIgniter.php(499): CodeIgniter\CodeIgniter->runController(Object(App\Controllers\AdmPost))
 4 SYSTEMPATH\CodeIgniter.php(368): CodeIgniter\CodeIgniter->handleRequest(null, Object(Config\Cache), false)
 5 FCPATH\index.php(67): CodeIgniter\CodeIgniter->run()
CRITICAL - 2023-07-25 01:48:04 --> Undefined array key ""
in APPPATH\Controllers\AdmPost.php on line 130.
 1 APPPATH\Controllers\AdmPost.php(130): CodeIgniter\Debug\Exceptions->errorHandler(2, 'Undefined array key ""', 'C:\\xampp\\htdocs\\codi\\app\\Controllers\\AdmPost.php', 130)
 2 SYSTEMPATH\CodeIgniter.php(934): App\Controllers\AdmPost->desenho_meus_update()
 3 SYSTEMPATH\CodeIgniter.php(499): CodeIgniter\CodeIgniter->runController(Object(App\Controllers\AdmPost))
 4 SYSTEMPATH\CodeIgniter.php(368): CodeIgniter\CodeIgniter->handleRequest(null, Object(Config\Cache), false)
 5 FCPATH\index.php(67): CodeIgniter\CodeIgniter->run()
CRITICAL - 2023-07-25 01:48:05 --> Undefined array key ""
in APPPATH\Controllers\AdmPost.php on line 130.
 1 APPPATH\Controllers\AdmPost.php(130): CodeIgniter\Debug\Exceptions->errorHandler(2, 'Undefined array key ""', 'C:\\xampp\\htdocs\\codi\\app\\Controllers\\AdmPost.php', 130)
 2 SYSTEMPATH\CodeIgniter.php(934): App\Controllers\AdmPost->desenho_meus_update()
 3 SYSTEMPATH\CodeIgniter.php(499): CodeIgniter\CodeIgniter->runController(Object(App\Controllers\AdmPost))
 4 SYSTEMPATH\CodeIgniter.php(368): CodeIgniter\CodeIgniter->handleRequest(null, Object(Config\Cache), false)
 5 FCPATH\index.php(67): CodeIgniter\CodeIgniter->run()
CRITICAL - 2023-07-25 01:48:06 --> Undefined array key ""
in APPPATH\Controllers\AdmPost.php on line 130.
 1 APPPATH\Controllers\AdmPost.php(130): CodeIgniter\Debug\Exceptions->errorHandler(2, 'Undefined array key ""', 'C:\\xampp\\htdocs\\codi\\app\\Controllers\\AdmPost.php', 130)
 2 SYSTEMPATH\CodeIgniter.php(934): App\Controllers\AdmPost->desenho_meus_update()
 3 SYSTEMPATH\CodeIgniter.php(499): CodeIgniter\CodeIgniter->runController(Object(App\Controllers\AdmPost))
 4 SYSTEMPATH\CodeIgniter.php(368): CodeIgniter\CodeIgniter->handleRequest(null, Object(Config\Cache), false)
 5 FCPATH\index.php(67): CodeIgniter\CodeIgniter->run()
CRITICAL - 2023-07-25 01:48:07 --> Undefined array key ""
in APPPATH\Controllers\AdmPost.php on line 130.
 1 APPPATH\Controllers\AdmPost.php(130): CodeIgniter\Debug\Exceptions->errorHandler(2, 'Undefined array key ""', 'C:\\xampp\\htdocs\\codi\\app\\Controllers\\AdmPost.php', 130)
 2 SYSTEMPATH\CodeIgniter.php(934): App\Controllers\AdmPost->desenho_meus_update()
 3 SYSTEMPATH\CodeIgniter.php(499): CodeIgniter\CodeIgniter->runController(Object(App\Controllers\AdmPost))
 4 SYSTEMPATH\CodeIgniter.php(368): CodeIgniter\CodeIgniter->handleRequest(null, Object(Config\Cache), false)
 5 FCPATH\index.php(67): CodeIgniter\CodeIgniter->run()
CRITICAL - 2023-07-25 01:48:08 --> Undefined array key ""
in APPPATH\Controllers\AdmPost.php on line 130.
 1 APPPATH\Controllers\AdmPost.php(130): CodeIgniter\Debug\Exceptions->errorHandler(2, 'Undefined array key ""', 'C:\\xampp\\htdocs\\codi\\app\\Controllers\\AdmPost.php', 130)
 2 SYSTEMPATH\CodeIgniter.php(934): App\Controllers\AdmPost->desenho_meus_update()
 3 SYSTEMPATH\CodeIgniter.php(499): CodeIgniter\CodeIgniter->runController(Object(App\Controllers\AdmPost))
 4 SYSTEMPATH\CodeIgniter.php(368): CodeIgniter\CodeIgniter->handleRequest(null, Object(Config\Cache), false)
 5 FCPATH\index.php(67): CodeIgniter\CodeIgniter->run()
CRITICAL - 2023-07-25 01:48:09 --> Undefined array key ""
in APPPATH\Controllers\AdmPost.php on line 130.
 1 APPPATH\Controllers\AdmPost.php(130): CodeIgniter\Debug\Exceptions->errorHandler(2, 'Undefined array key ""', 'C:\\xampp\\htdocs\\codi\\app\\Controllers\\AdmPost.php', 130)
 2 SYSTEMPATH\CodeIgniter.php(934): App\Controllers\AdmPost->desenho_meus_update()
 3 SYSTEMPATH\CodeIgniter.php(499): CodeIgniter\CodeIgniter->runController(Object(App\Controllers\AdmPost))
 4 SYSTEMPATH\CodeIgniter.php(368): CodeIgniter\CodeIgniter->handleRequest(null, Object(Config\Cache), false)
 5 FCPATH\index.php(67): CodeIgniter\CodeIgniter->run()
CRITICAL - 2023-07-25 01:48:10 --> Undefined array key ""
in APPPATH\Controllers\AdmPost.php on line 130.
 1 APPPATH\Controllers\AdmPost.php(130): CodeIgniter\Debug\Exceptions->errorHandler(2, 'Undefined array key ""', 'C:\\xampp\\htdocs\\codi\\app\\Controllers\\AdmPost.php', 130)
 2 SYSTEMPATH\CodeIgniter.php(934): App\Controllers\AdmPost->desenho_meus_update()
 3 SYSTEMPATH\CodeIgniter.php(499): CodeIgniter\CodeIgniter->runController(Object(App\Controllers\AdmPost))
 4 SYSTEMPATH\CodeIgniter.php(368): CodeIgniter\CodeIgniter->handleRequest(null, Object(Config\Cache), false)
 5 FCPATH\index.php(67): CodeIgniter\CodeIgniter->run()
CRITICAL - 2023-07-25 01:48:11 --> Undefined array key ""
in APPPATH\Controllers\AdmPost.php on line 130.
 1 APPPATH\Controllers\AdmPost.php(130): CodeIgniter\Debug\Exceptions->errorHandler(2, 'Undefined array key ""', 'C:\\xampp\\htdocs\\codi\\app\\Controllers\\AdmPost.php', 130)
 2 SYSTEMPATH\CodeIgniter.php(934): App\Controllers\AdmPost->desenho_meus_update()
 3 SYSTEMPATH\CodeIgniter.php(499): CodeIgniter\CodeIgniter->runController(Object(App\Controllers\AdmPost))
 4 SYSTEMPATH\CodeIgniter.php(368): CodeIgniter\CodeIgniter->handleRequest(null, Object(Config\Cache), false)
 5 FCPATH\index.php(67): CodeIgniter\CodeIgniter->run()
CRITICAL - 2023-07-25 01:48:12 --> Undefined array key ""
in APPPATH\Controllers\AdmPost.php on line 130.
 1 APPPATH\Controllers\AdmPost.php(130): CodeIgniter\Debug\Exceptions->errorHandler(2, 'Undefined array key ""', 'C:\\xampp\\htdocs\\codi\\app\\Controllers\\AdmPost.php', 130)
 2 SYSTEMPATH\CodeIgniter.php(934): App\Controllers\AdmPost->desenho_meus_update()
 3 SYSTEMPATH\CodeIgniter.php(499): CodeIgniter\CodeIgniter->runController(Object(App\Controllers\AdmPost))
 4 SYSTEMPATH\CodeIgniter.php(368): CodeIgniter\CodeIgniter->handleRequest(null, Object(Config\Cache), false)
 5 FCPATH\index.php(67): CodeIgniter\CodeIgniter->run()
CRITICAL - 2023-07-25 01:48:13 --> Undefined array key ""
in APPPATH\Controllers\AdmPost.php on line 130.
 1 APPPATH\Controllers\AdmPost.php(130): CodeIgniter\Debug\Exceptions->errorHandler(2, 'Undefined array key ""', 'C:\\xampp\\htdocs\\codi\\app\\Controllers\\AdmPost.php', 130)
 2 SYSTEMPATH\CodeIgniter.php(934): App\Controllers\AdmPost->desenho_meus_update()
 3 SYSTEMPATH\CodeIgniter.php(499): CodeIgniter\CodeIgniter->runController(Object(App\Controllers\AdmPost))
 4 SYSTEMPATH\CodeIgniter.php(368): CodeIgniter\CodeIgniter->handleRequest(null, Object(Config\Cache), false)
 5 FCPATH\index.php(67): CodeIgniter\CodeIgniter->run()
CRITICAL - 2023-07-25 01:48:14 --> Undefined array key ""
in APPPATH\Controllers\AdmPost.php on line 130.
 1 APPPATH\Controllers\AdmPost.php(130): CodeIgniter\Debug\Exceptions->errorHandler(2, 'Undefined array key ""', 'C:\\xampp\\htdocs\\codi\\app\\Controllers\\AdmPost.php', 130)
 2 SYSTEMPATH\CodeIgniter.php(934): App\Controllers\AdmPost->desenho_meus_update()
 3 SYSTEMPATH\CodeIgniter.php(499): CodeIgniter\CodeIgniter->runController(Object(App\Controllers\AdmPost))
 4 SYSTEMPATH\CodeIgniter.php(368): CodeIgniter\CodeIgniter->handleRequest(null, Object(Config\Cache), false)
 5 FCPATH\index.php(67): CodeIgniter\CodeIgniter->run()
CRITICAL - 2023-07-25 01:48:15 --> [] operator not supported for strings
in APPPATH\Controllers\AdmPost.php on line 276.
 1 SYSTEMPATH\CodeIgniter.php(934): App\Controllers\AdmPost->config_prioridade_lista()
 2 SYSTEMPATH\CodeIgniter.php(499): CodeIgniter\CodeIgniter->runController(Object(App\Controllers\AdmPost))
 3 SYSTEMPATH\CodeIgniter.php(368): CodeIgniter\CodeIgniter->handleRequest(null, Object(Config\Cache), false)
 4 FCPATH\index.php(67): CodeIgniter\CodeIgniter->run()
CRITICAL - 2023-07-25 01:48:16 --> [] operator not supported for strings
in APPPATH\Controllers\AdmPost.php on line 276.
 1 SYSTEMPATH\CodeIgniter.php(934): App\Controllers\AdmPost->config_prioridade_lista()
 2 SYSTEMPATH\CodeIgniter.php(499): CodeIgniter\CodeIgniter->runController(Object(App\Controllers\AdmPost))
 3 SYSTEMPATH\CodeIgniter.php(368): CodeIgniter\CodeIgniter->handleRequest(null, Object(Config\Cache), false)
 4 FCPATH\index.php(67): CodeIgniter\CodeIgniter->run()
CRITICAL - 2023-07-25 01:48:17 --> [] operator not supported for strings
in APPPATH\Controllers\AdmPost.php on line 276.
 1 SYSTEMPATH\CodeIgniter.php(934): App\Controllers\AdmPost->config_prioridade_lista()
 2 SYSTEMPATH\CodeIgniter.php(499): CodeIgniter\CodeIgniter->runController(Object(App\Controllers\AdmPost))
 3 SYSTEMPATH\CodeIgniter.php(368): CodeIgniter\CodeIgniter->handleRequest(null, Object(Config\Cache), false)
 4 FCPATH\index.php(67): CodeIgniter\CodeIgniter->run()
CRITICAL - 2023-07-25 01:48:18 --> [] operator not supported for strings
in APPPATH\Controllers\AdmPost.php on line 276.
 1 SYSTEMPATH\CodeIgniter.php(934): App\Controllers\AdmPost->config_prioridade_lista()
 2 SYSTEMPATH\CodeIgniter.php(499): CodeIgniter\CodeIgniter->runController(Object(App\Controllers\AdmPost))
 3 SYSTEMPATH\CodeIgniter.php(368): CodeIgniter\CodeIgniter->handleRequest(null, Object(Config\Cache), false)
 4 FCPATH\index.php(67): CodeIgniter\CodeIgniter->run()
CRITICAL - 2023-07-25 01:48:19 --> [] operator not supported for strings
in APPPATH\Controllers\AdmPost.php on line 276.
 1 SYSTEMPATH\CodeIgniter.php(934): App\Controllers\AdmPost->config_prioridade_lista()
 2 SYSTEMPATH\CodeIgniter.php(499): CodeIgniter\CodeIgniter->runController(Object(App\Controllers\AdmPost))
 3 SYSTEMPATH\CodeIgniter.php(368): CodeIgniter\CodeIgniter->handleRequest(null, Object(Config\Cache), false)
 4 FCPATH\index.php(67): CodeIgniter\CodeIgniter->run()
CRITICAL - 2023-07-25 01:48:20 --> [] operator not supported for strings
in APPPATH\Controllers\AdmPost.php on line 276.
 1 SYSTEMPATH\CodeIgniter.php(934): App\Controllers\AdmPost->config_prioridade_lista()
 2 SYSTEMPATH\CodeIgniter.php(499): CodeIgniter\CodeIgniter->runController(Object(App\Controllers\AdmPost))
 3 SYSTEMPATH\CodeIgniter.php(368): CodeIgniter\CodeIgniter->handleRequest(null, Object(Config\Cache), false)
 4 FCPATH\index.php(67): CodeIgniter\CodeIgniter->run()
CRITICAL - 2023-07-25 01:48:21 --> [] operator not supported for strings
in APPPATH\Controllers\AdmPost.php on line 276.
 1 SYSTEMPATH\CodeIgniter.php(934): App\Controllers\AdmPost->config_prioridade_lista()
 2 SYSTEMPATH\CodeIgniter.php(499): CodeIgniter\CodeIgniter->runController(Object(App\Controllers\AdmPost))
 3 SYSTEMPATH\CodeIgniter.php(368): CodeIgniter\CodeIgniter->handleRequest(null, Object(Config\Cache), false)
 4 FCPATH\index.php(67): CodeIgniter\CodeIgniter->run()
CRITICAL - 2023-07-25 01:48:22 --> [] operator not supported for strings
in APPPATH\Controllers\AdmPost.php on line 276.
 1 SYSTEMPATH\CodeIgniter.php(934): App\Controllers\AdmPost->config_prioridade_lista()
 2 SYSTEMPATH\CodeIgniter.php(499): CodeIgniter\CodeIgniter->runController(Object(App\Controllers\AdmPost))
 3 SYSTEMPATH\CodeIgniter.php(368): CodeIgniter\CodeIgniter->handleRequest(null, Object(Config\Cache), false)
 4 FCPATH\index.php(67): CodeIgniter\CodeIgniter->run()
CRITICAL - 2023-07-25 01:48:23 --> [] operator not supported for strings
in APPPATH\Controllers\AdmPost.php on line 276.
 1 SYSTEMPATH\CodeIgniter.php(934): App\Controllers\AdmPost->config_prioridade_lista()
 2 SYSTEMPATH\CodeIgniter.php(499): CodeIgniter\CodeIgniter->runController(Object(App\Controllers\AdmPost))
 3 SYSTEMPATH\CodeIgniter.php(368): CodeIgniter\CodeIgniter->handleRequest(null, Object(Config\Cache), false)
 4 FCPATH\index.php(67): CodeIgniter\CodeIgniter->run()
CRITICAL - 2023-07-25 01:48:24 --> [] operator not supported for strings
in APPPATH\Controllers\AdmPost.php on line 276.
 1 SYSTEMPATH\CodeIgniter.php(934): App\Controllers\AdmPost->config_prioridade_lista()
 2 SYSTEMPATH\CodeIgniter.php(499): CodeIgniter\CodeIgniter->runController(Object(App\Controllers\AdmPost))
 3 SYSTEMPATH\CodeIgniter.php(368): CodeIgniter\CodeIgniter->handleRequest(null, Object(Config\Cache), false)
 4 FCPATH\index.php(67): CodeIgniter\CodeIgniter->run()
CRITICAL - 2023-07-25 01:48:25 --> [] operator not supported for strings
in APPPATH\Controllers\AdmPost.php on line 276.
 1 SYSTEMPATH\CodeIgniter.php(934): App\Controllers\AdmPost->config_prioridade_lista()
 2 SYSTEMPATH\CodeIgniter.php(499): CodeIgniter\CodeIgniter->runController(Object(App\Controllers\AdmPost))
 3 SYSTEMPATH\CodeIgniter.php(368): CodeIgniter\CodeIgniter->handleRequest(null, Object(Config\Cache), false)
 4 FCPATH\index.php(67): CodeIgniter\CodeIgniter->run()
CRITICAL - 2023-07-25 01:48:26 --> [] operator not supported for strings
in APPPATH\Controllers\AdmPost.php on line 276.
 1 SYSTEMPATH\CodeIgniter.php(934): App\Controllers\AdmPost->config_prioridade_lista()
 2 SYSTEMPATH\CodeIgniter.php(499): CodeIgniter\CodeIgniter->runController(Object(App\Controllers\AdmPost))
 3 SYSTEMPATH\CodeIgniter.php(368): CodeIgniter\CodeIgniter->handleRequest(null, Object(Config\Cache), false)
 4 FCPATH\index.php(67): CodeIgniter\CodeIgniter->run()
CRITICAL - 2023-07-25 01:48:27 --> [] operator not supported for strings
in APPPATH\Controllers\AdmPost.php on line 276.
 1 SYSTEMPATH\CodeIgniter.php(934): App\Controllers\AdmPost->config_prioridade_lista()
 2 SYSTEMPATH\CodeIgniter.php(499): CodeIgniter\CodeIgniter->runController(Object(App\Controllers\AdmPost))
 3 SYSTEMPATH\CodeIgniter.php(368): CodeIgniter\CodeIgniter->handleRequest(null, Object(Config\Cache), false)
 4 FCPATH\index.php(67): CodeIgniter\CodeIgniter->run()
CRITICAL - 2023-07-25 01:48:28 --> [] operator not supported for strings
in APPPATH\Controllers\AdmPost.php on line 276.
 1 SYSTEMPATH\CodeIgniter.php(934): App\Controllers\AdmPost->config_prioridade_lista()
 2 SYSTEMPATH\CodeIgniter.php(499): CodeIgniter\CodeIgniter->runController(Object(App\Controllers\AdmPost))
 3 SYSTEMPATH\CodeIgniter.php(368): CodeIgniter\CodeIgniter->handleRequest(null, Object(Config\Cache), false)
 4 FCPATH\index.php(67): CodeIgniter\CodeIgniter->run()
CRITICAL - 2023-07-25 01:48:29 --> [] operator not supported for strings
in APPPATH\Controllers\AdmPost.php on line 276.
 1 SYSTEMPATH\CodeIgniter.php(934): App\Controllers\AdmPost->config_prioridade_lista()
 2 SYSTEMPATH\CodeIgniter.php(499): CodeIgniter\CodeIgniter->runController(Object(App\Controllers\AdmPost))
 3 SYSTEMPATH\CodeIgniter.php(368): CodeIgniter\CodeIgniter->handleRequest(null, Object(Config\Cache), false)
 4 FCPATH\index.php(67): CodeIgniter\CodeIgniter->run()
CRITICAL - 2023-07-25 01:48:30 --> [] operator not supported for strings
in APPPATH\Controllers\AdmPost.php on line 276.
 1 SYSTEMPATH\CodeIgniter.php(934): App\Controllers\AdmPost->config_prioridade_lista()
 2 SYSTEMPATH\CodeIgniter.php(499): CodeIgniter\CodeIgniter->runController(Object(App\Controllers\AdmPost))
 3 SYSTEMPATH\CodeIgniter.php(368): CodeIgniter\CodeIgniter->handleRequest(null, Object(Config\Cache), false)
 4 FCPATH\index.php(67): CodeIgniter\CodeIgniter->run()
CRITICAL - 2023-07-25 01:48:31 --> [] operator not supported for strings
in APPPATH\Controllers\AdmPost.php on line 276.
 1 SYSTEMPATH\CodeIgniter.php(934): App\Controllers\AdmPost->config_prioridade_lista()
 2 SYSTEMPATH\CodeIgniter.php(499): CodeIgniter\CodeIgniter->runController(Object(App\Controllers\AdmPost))
 3 SYSTEMPATH\CodeIgniter.php(368): CodeIgniter\CodeIgniter->handleRequest(null, Object(Config\Cache), false)
 4 FCPATH\index.php(67): CodeIgniter\CodeIgniter->run()
CRITICAL - 2023-07-25 01:48:32 --> [] operator not supported for strings
in APPPATH\Controllers\AdmPost.php on line 276.
 1 SYSTEMPATH\CodeIgniter.php(934): App\Controllers\AdmPost->config_prioridade_lista()
 2 SYSTEMPATH\CodeIgniter.php(499): CodeIgniter\CodeIgniter->runController(Object(App\Controllers\AdmPost))
 3 SYSTEMPATH\CodeIgniter.php(368): CodeIgniter\CodeIgniter->handleRequest(null, Object(Config\Cache), false)
 4 FCPATH\index.php(67): CodeIgniter\CodeIgniter->run()
CRITICAL - 2023-07-25 01:48:33 --> [] operator not supported for strings
in APPPATH\Controllers\AdmPost.php on line 276.
 1 SYSTEMPATH\CodeIgniter.php(934): App\Controllers\AdmPost->config_prioridade_lista()
 2 SYSTEMPATH\CodeIgniter.php(499): CodeIgniter\CodeIgniter->runController(Object(App\Controllers\AdmPost))
 3 SYSTEMPATH\CodeIgniter.php(368): CodeIgniter\CodeIgniter->handleRequest(null, Object(Config\Cache), false)
 4 FCPATH\index.php(67): CodeIgniter\CodeIgniter->run()
CRITICAL - 2023-07-25 01:48:34 --> [] operator not supported for strings
in APPPATH\Controllers\AdmPost.php on line 276.
 1 SYSTEMPATH\CodeIgniter.php(934): App\Controllers\AdmPost->config_prioridade_lista()
 2 SYSTEMPATH\CodeIgniter.php(499): CodeIgniter\CodeIgniter->runController(Object(App\Controllers\AdmPost))
 3 SYSTEMPATH\CodeIgniter.php(368): CodeIgniter\CodeIgniter->handleRequest(null, Object(Config\Cache), false)
 4 FCPATH\index.php(67): CodeIgniter\CodeIgniter->run()
CRITICAL - 2023-07-25 01:48:35 --> [] operator not supported for strings
in APPPATH\Controllers\AdmPost.php on line 276.
 1 SYSTEMPATH\CodeIgniter.php(934): App\Controllers\AdmPost->config_prioridade_lista()
 2 SYSTEMPATH\CodeIgniter.php(499): CodeIgniter\CodeIgniter->runController(Object(App\Controllers\AdmPost))
 3 SYSTEMPATH\CodeIgniter.php(368): CodeIgniter\CodeIgniter->handleRequest(null, Object(Config\Cache), false)
 4 FCPATH\index.php(67): CodeIgniter\CodeIgniter->run()
CRITICAL - 2023-07-25 01:48:36 --> [] operator not supported for strings
in APPPATH\Controllers\AdmPost.php on line 276.
 1 SYSTEMPATH\CodeIgniter.php(934): App\Controllers\AdmPost->config_prioridade_lista()
 2 SYSTEMPATH\CodeIgniter.php(499): CodeIgniter\CodeIgniter->runController(Object(App\Controllers\AdmPost))
 3 SYSTEMPATH\CodeIgniter.php(368): CodeIgniter\CodeIgniter->handleRequest(null, Object(Config\Cache), false)
 4 FCPATH\index.php(67): CodeIgniter\CodeIgniter->run()
CRITICAL - 2023-07-25 01:48:37 --> [] operator not supported for strings
in APPPATH\Controllers\AdmPost.php on line 276.
 1 SYSTEMPATH\CodeIgniter.php(934): App\Controllers\AdmPost->config_prioridade_lista()
 2 SYSTEMPATH\CodeIgniter.php(499): CodeIgniter\CodeIgniter->runController(Object(App\Controllers\AdmPost))
 3 SYSTEMPATH\CodeIgniter.php(368): CodeIgniter\CodeIgniter->handleRequest(null, Object(Config\Cache), false)
 4 FCPATH\index.php(67): CodeIgniter\CodeIgniter->run()
CRITICAL - 2023-07-25 01:48:38 --> [] operator not supported for strings
in APPPATH\Controllers\AdmPost.php on line 276.
 1 SYSTEMPATH\CodeIgniter.php(934): App\Controllers\AdmPost->config_prioridade_lista()
 2 SYSTEMPATH\CodeIgniter.php(499): CodeIgniter\CodeIgniter->runController(Object(App\Controllers\AdmPost))
 3 SYSTEMPATH\CodeIgniter.php(368): CodeIgniter\CodeIgniter->handleRequest(null, Object(Config\Cache), false)
 4 FCPATH\index.php(67): CodeIgniter\CodeIgniter->run()
CRITICAL - 2023-07-25 01:48:39 --> [] operator not supported for strings
in APPPATH\Controllers\AdmPost.php on line 276.
 1 SYSTEMPATH\CodeIgniter.php(934): App\Controllers\AdmPost->config_prioridade_lista()
 2 SYSTEMPATH\CodeIgniter.php(499): CodeIgniter\CodeIgniter->runController(Object(App\Controllers\AdmPost))
 3 SYSTEMPATH\CodeIgniter.php(368): CodeIgniter\CodeIgniter->handleRequest(null, Object(Config\Cache), false)
 4 FCPATH\index.php(67): CodeIgniter\CodeIgniter->run()
CRITICAL - 2023-07-25 01:48:40 --> [] operator not supported for strings
in APPPATH\Controllers\AdmPost.php on line 276.
 1 SYSTEMPATH\CodeIgniter.php(934): App\Controllers\AdmPost->config_prioridade_lista()
 2 SYSTEMPATH\CodeIgniter.php(499): CodeIgniter\CodeIgniter->runController(Object(App\Controllers\AdmPost))
 3 SYSTEMPATH\CodeIgniter.php(368): CodeIgniter\CodeIgniter->handleRequest(null, Object(Config\Cache), false)
 4 FCPATH\index.php(67): CodeIgniter\CodeIgniter->run()
CRITICAL - 2023-07-25 01:48:41 --> [] operator not supported for strings
in APPPATH\Controllers\AdmPost.php on line 276.
 1 SYSTEMPATH\CodeIgniter.php(934): App\Controllers\AdmPost->config_prioridade_lista()
 2 SYSTEMPATH\CodeIgniter.php(499): CodeIgniter\CodeIgniter->runController(Object(App\Controllers\AdmPost))
 3 SYSTEMPATH\CodeIgniter.php(368): CodeIgniter\CodeIgniter->handleRequest(null, Object(Config\Cache), false)
 4 FCPATH\index.php(67): CodeIgniter\CodeIgniter->run()
CRITICAL - 2023-07-25 01:48:42 --> [] operator not supported for strings
in APPPATH\Controllers\AdmPost.php on line 276.
 1 SYSTEMPATH\CodeIgniter.php(934): App\Controllers\AdmPost->config_prioridade_lista()
 2 SYSTEMPATH\CodeIgniter.php(499): CodeIgniter\CodeIgniter->runController(Object(App\Controllers\AdmPost))
 3 SYSTEMPATH\CodeIgniter.php(368): CodeIgniter\CodeIgniter->handleRequest(null, Object(Config\Cache), false)
 4 FCPATH\index.php(67): CodeIgniter\CodeIgniter->run()
CRITICAL - 2023-07-25 01:48:43 --> [] operator not supported for strings
in APPPATH\Controllers\AdmPost.php on line 276.
 1 SYSTEMPATH\CodeIgniter.php(934): App\Controllers\AdmPost->config_prioridade_lista()
 2 SYSTEMPATH\CodeIgniter.php(499): CodeIgniter\CodeIgniter->runController(Object(App\Controllers\AdmPost))
 3 SYSTEMPATH\CodeIgniter.php(368): CodeIgniter\CodeIgniter->handleRequest(null, Object(Config\Cache), false)
 4 FCPATH\index.php(67): CodeIgniter\CodeIgniter->run()
CRITICAL - 2023-07-25 01:48:44 --> [] operator not supported for strings
in APPPATH\Controllers\AdmPost.php on line 276.
 1 SYSTEMPATH\CodeIgniter.php(934): App\Controllers\AdmPost->config_prioridade_lista()
 2 SYSTEMPATH\CodeIgniter.php(499): CodeIgniter\CodeIgniter->runController(Object(App\Controllers\AdmPost))
 3 SYSTEMPATH\CodeIgniter.php(368): CodeIgniter\CodeIgniter->handleRequest(null, Object(Config\Cache), false)
 4 FCPATH\index.php(67): CodeIgniter\CodeIgniter->run()
CRITICAL - 2023-07-25 01:48:45 --> [] operator not supported for strings
in APPPATH\Controllers\AdmPost.php on line 276.
 1 SYSTEMPATH\CodeIgniter.php(934): App\Controllers\AdmPost->config_prioridade_lista()
 2 SYSTEMPATH\CodeIgniter.php(499): CodeIgniter\CodeIgniter->runController(Object(App\Controllers\AdmPost))
 3 SYSTEMPATH\CodeIgniter.php(368): CodeIgniter\CodeIgniter->handleRequest(null, Object(Config\Cache), false)
 4 FCPATH\index.php(67): CodeIgniter\CodeIgniter->run()
CRITICAL - 2023-07-25 01:48:46 --> [] operator not supported for strings
in APPPATH\Controllers\AdmPost.php on line 276.
 1 SYSTEMPATH\CodeIgniter.php(934): App\Controllers\AdmPost->config_prioridade_lista()
 2 SYSTEMPATH\CodeIgniter.php(499): CodeIgniter\CodeIgniter->runController(Object(App\Controllers\AdmPost))
 3 SYSTEMPATH\CodeIgniter.php(368): CodeIgniter\CodeIgniter->handleRequest(null, Object(Config\Cache), false)
 4 FCPATH\index.php(67): CodeIgniter\CodeIgniter->run()
CRITICAL - 2023-07-25 01:48:47 --> [] operator not supported for strings
in APPPATH\Controllers\AdmPost.php on line 276.
 1 SYSTEMPATH\CodeIgniter.php(934): App\Controllers\AdmPost->config_prioridade_lista()
 2 SYSTEMPATH\CodeIgniter.php(499): CodeIgniter\CodeIgniter->runController(Object(App\Controllers\AdmPost))
 3 SYSTEMPATH\CodeIgniter.php(368): CodeIgniter\CodeIgniter->handleRequest(null, Object(Config\Cache), false)
 4 FCPATH\index.php(67): CodeIgniter\CodeIgniter->run()
CRITICAL - 2023-07-25 01:48:48 --> [] operator not supported for strings
in APPPATH\Controllers\AdmPost.php on line 276.
 1 SYSTEMPATH\CodeIgniter.php(934): App\Controllers\AdmPost->config_prioridade_lista()
 2 SYSTEMPATH\CodeIgniter.php(499): CodeIgniter\CodeIgniter->runController(Object(App\Controllers\AdmPost))
 3 SYSTEMPATH\CodeIgniter.php(368): CodeIgniter\CodeIgniter->handleRequest(null, Object(Config\Cache), false)
 4 FCPATH\index.php(67): CodeIgniter\CodeIgniter->run()
CRITICAL - 2023-07-25 01:48:49 --> [] operator not supported for strings
in APPPATH\Controllers\AdmPost.php on line 276.
 1 SYSTEMPATH\CodeIgniter.php(934): App\Controllers\AdmPost->config_prioridade_lista()
 2 SYSTEMPATH\CodeIgniter.php(499): CodeIgniter\CodeIgniter->runController(Object(App\Controllers\AdmPost))
 3 SYSTEMPATH\CodeIgniter.php(368): CodeIgniter\CodeIgniter->handleRequest(null, Object(Config\Cache), false)
 4 FCPATH\index.php(67): CodeIgniter\CodeIgniter->run()
CRITICAL - 2023-07-25 01:48:50 --> [] operator not supported for strings
in APPPATH\Controllers\AdmPost.php on line 276.
 1 SYSTEMPATH\CodeIgniter.php(934): App\Controllers\AdmPost->config_prioridade_lista()
 2 SYSTEMPATH\CodeIgniter.php(499): CodeIgniter\CodeIgniter->runController(Object(App\Controllers\AdmPost))
 3 SYSTEMPATH\CodeIgniter.php(368): CodeIgniter\CodeIgniter->handleRequest(null, Object(Config\Cache), false)
 4 FCPATH\index.php(67): CodeIgniter\CodeIgniter->run()
CRITICAL - 2023-07-25 01:48:51 --> [] operator not supported for strings
in APPPATH\Controllers\AdmPost.php on line 276.
 1 SYSTEMPATH\CodeIgniter.php(934): App\Controllers\AdmPost->config_prioridade_lista()
 2 SYSTEMPATH\CodeIgniter.php(499): CodeIgniter\CodeIgniter->runController(Object(App\Controllers\AdmPost))
 3 SYSTEMPATH\CodeIgniter.php(368): CodeIgniter\CodeIgniter->handleRequest(null, Object(Config\Cache), false)
 4 FCPATH\index.php(67): CodeIgniter\CodeIgniter->run()
CRITICAL - 2023-07-25 01:48:52 --> [] operator not supported for strings
in APPPATH\Controllers\AdmPost.php on line 276.
 1 SYSTEMPATH\CodeIgniter.php(934): App\Controllers\AdmPost->config_prioridade_lista()
 2 SYSTEMPATH\CodeIgniter.php(499): CodeIgniter\CodeIgniter->runController(Object(App\Controllers\AdmPost))
 3 SYSTEMPATH\CodeIgniter.php(368): CodeIgniter\CodeIgniter->handleRequest(null, Object(Config\Cache), false)
 4 FCPATH\index.php(67): CodeIgniter\CodeIgniter->run()
CRITICAL - 2023-07-25 01:48:53 --> [] operator not supported for strings
in APPPATH\Controllers\AdmPost.php on line 276.
 1 SYSTEMPATH\CodeIgniter.php(934): App\Controllers\AdmPost->config_prioridade_lista()
 2 SYSTEMPATH\CodeIgniter.php(499): CodeIgniter\CodeIgniter->runController(Object(App\Controllers\AdmPost))
 3 SYSTEMPATH\CodeIgniter.php(368): CodeIgniter\CodeIgniter->handleRequest(null, Object(Config\Cache), false)
 4 FCPATH\index.php(67): CodeIgniter\CodeIgniter->run()
CRITICAL - 2023-07-25 01:48:54 --> [] operator not supported for strings
in APPPATH\Controllers\AdmPost.php on line 276.
 1 SYSTEMPATH\CodeIgniter.php(934): App\Controllers\AdmPost->config_prioridade_lista()
 2 SYSTEMPATH\CodeIgniter.php(499): CodeIgniter\CodeIgniter->runController(Object(App\Controllers\AdmPost))
 3 SYSTEMPATH\CodeIgniter.php(368): CodeIgniter\CodeIgniter->handleRequest(null, Object(Config\Cache), false)
 4 FCPATH\index.php(67): CodeIgniter\CodeIgniter->run()
CRITICAL - 2023-07-25 01:48:55 --> [] operator not supported for strings
in APPPATH\Controllers\AdmPost.php on line 276.
 1 SYSTEMPATH\CodeIgniter.php(934): App\Controllers\AdmPost->config_prioridade_lista()
 2 SYSTEMPATH\CodeIgniter.php(499): CodeIgniter\CodeIgniter->runController(Object(App\Controllers\AdmPost))
 3 SYSTEMPATH\CodeIgniter.php(368): CodeIgniter\CodeIgniter->handleRequest(null, Object(Config\Cache), false)
 4 FCPATH\index.php(67): CodeIgniter\CodeIgniter->run()
CRITICAL - 2023-07-25 01:48:56 --> [] operator not supported for strings
in APPPATH\Controllers\AdmPost.php on line 276.
 1 SYSTEMPATH\CodeIgniter.php(934): App\Controllers\AdmPost->config_prioridade_lista()
 2 SYSTEMPATH\CodeIgniter.php(499): CodeIgniter\CodeIgniter->runController(Object(App\Controllers\AdmPost))
 3 SYSTEMPATH\CodeIgniter.php(368): CodeIgniter\CodeIgniter->handleRequest(null, Object(Config\Cache), false)
 4 FCPATH\index.php(67): CodeIgniter\CodeIgniter->run()
CRITICAL - 2023-07-25 01:48:57 --> [] operator not supported for strings
in APPPATH\Controllers\AdmPost.php on line 276.
 1 SYSTEMPATH\CodeIgniter.php(934): App\Controllers\AdmPost->config_prioridade_lista()
 2 SYSTEMPATH\CodeIgniter.php(499): CodeIgniter\CodeIgniter->runController(Object(App\Controllers\AdmPost))
 3 SYSTEMPATH\CodeIgniter.php(368): CodeIgniter\CodeIgniter->handleRequest(null, Object(Config\Cache), false)
 4 FCPATH\index.php(67): CodeIgniter\CodeIgniter->run()
CRITICAL - 2023-07-25 01:48:58 --> [] operator not supported for strings
in APPPATH\Controllers\AdmPost.php on line 276.
 1 SYSTEMPATH\CodeIgniter.php(934): App\Controllers\AdmPost->config_prioridade_lista()
 2 SYSTEMPATH\CodeIgniter.php(499): CodeIgniter\CodeIgniter->runController(Object(App\Controllers\AdmPost))
 3 SYSTEMPATH\CodeIgniter.php(368): CodeIgniter\CodeIgniter->handleRequest(null, Object(Config\Cache), false)
 4 FCPATH\index.php(67): CodeIgniter\CodeIgniter->run()
CRITICAL - 2023-07-25 01:48:59 --> [] operator not supported for strings
in APPPATH\Controllers\AdmPost.php on line 276.
 1 SYSTEMPATH\CodeIgniter.php(934): App\Controllers\AdmPost->config_prioridade_lista()
 2 SYSTEMPATH\CodeIgniter.php(499): CodeIgniter\CodeIgniter->runController(Object(App\Controllers\AdmPost))
 3 SYSTEMPATH\CodeIgniter.php(368): CodeIgniter\CodeIgniter->handleRequest(null, Object(Config\Cache), false)
 4 FCPATH\index.php(67): CodeIgniter\CodeIgniter->run()
CRITICAL - 2023-07-25 01:49:00 --> [] operator not supported for strings
in APPPATH\Controllers\AdmPost.php on line 276.
 1 SYSTEMPATH\CodeIgniter.php(934): App\Controllers\AdmPost->config_prioridade_lista()
 2 SYSTEMPATH\CodeIgniter.php(499): CodeIgniter\CodeIgniter->runController(Object(App\Controllers\AdmPost))
 3 SYSTEMPATH\CodeIgniter.php(368): CodeIgniter\CodeIgniter->handleRequest(null, Object(Config\Cache), false)
 4 FCPATH\index.php(67): CodeIgniter\CodeIgniter->run()
CRITICAL - 2023-07-25 01:49:01 --> [] operator not supported for strings
in APPPATH\Controllers\AdmPost.php on line 276.
 1 SYSTEMPATH\CodeIgniter.php(934): App\Controllers\AdmPost->config_prioridade_lista()
 2 SYSTEMPATH\CodeIgniter.php(499): CodeIgniter\CodeIgniter->runController(Object(App\Controllers\AdmPost))
 3 SYSTEMPATH\CodeIgniter.php(368): CodeIgniter\CodeIgniter->handleRequest(null, Object(Config\Cache), false)
 4 FCPATH\index.php(67): CodeIgniter\CodeIgniter->run()
CRITICAL - 2023-07-25 01:49:02 --> [] operator not supported for strings
in APPPATH\Controllers\AdmPost.php on line 276.
 1 SYSTEMPATH\CodeIgniter.php(934): App\Controllers\AdmPost->config_prioridade_lista()
 2 SYSTEMPATH\CodeIgniter.php(499): CodeIgniter\CodeIgniter->runController(Object(App\Controllers\AdmPost))
 3 SYSTEMPATH\CodeIgniter.php(368): CodeIgniter\CodeIgniter->handleRequest(null, Object(Config\Cache), false)
 4 FCPATH\index.php(67): CodeIgniter\CodeIgniter->run()
CRITICAL - 2023-07-25 01:49:03 --> [] operator not supported for strings
in APPPATH\Controllers\AdmPost.php on line 276.
 1 SYSTEMPATH\CodeIgniter.php(934): App\Controllers\AdmPost->config_prioridade_lista()
 2 SYSTEMPATH\CodeIgniter.php(499): CodeIgniter\CodeIgniter->runController(Object(App\Controllers\AdmPost))
 3 SYSTEMPATH\CodeIgniter.php(368): CodeIgniter\CodeIgniter->handleRequest(null, Object(Config\Cache), false)
 4 FCPATH\index.php(67): CodeIgniter\CodeIgniter->run()
CRITICAL - 2023-07-25 01:49:04 --> [] operator not supported for strings
in APPPATH\Controllers\AdmPost.php on line 276.
 1 SYSTEMPATH\CodeIgniter.php(934): App\Controllers\AdmPost->config_prioridade_lista()
 2 SYSTEMPATH\CodeIgniter.php(499): CodeIgniter\CodeIgniter->runController(Object(App\Controllers\AdmPost))
 3 SYSTEMPATH\CodeIgniter.php(368): CodeIgniter\CodeIgniter->handleRequest(null, Object(Config\Cache), false)
 4 FCPATH\index.php(67): CodeIgniter\CodeIgniter->run()
CRITICAL - 2023-07-25 01:49:05 --> [] operator not supported for strings
in APPPATH\Controllers\AdmPost.php on line 276.
 1 SYSTEMPATH\CodeIgniter.php(934): App\Controllers\AdmPost->config_prioridade_lista()
 2 SYSTEMPATH\CodeIgniter.php(499): CodeIgniter\CodeIgniter->runController(Object(App\Controllers\AdmPost))
 3 SYSTEMPATH\CodeIgniter.php(368): CodeIgniter\CodeIgniter->handleRequest(null, Object(Config\Cache), false)
 4 FCPATH\index.php(67): CodeIgniter\CodeIgniter->run()
CRITICAL - 2023-07-25 01:49:06 --> [] operator not supported for strings
in APPPATH\Controllers\AdmPost.php on line 276.
 1 SYSTEMPATH\CodeIgniter.php(934): App\Controllers\AdmPost->config_prioridade_lista()
 2 SYSTEMPATH\CodeIgniter.php(499): CodeIgniter\CodeIgniter->runController(Object(App\Controllers\AdmPost))
 3 SYSTEMPATH\CodeIgniter.php(368): CodeIgniter\CodeIgniter->handleRequest(null, Object(Config\Cache), false)
 4 FCPATH\index.php(67): CodeIgniter\CodeIgniter->run()
CRITICAL - 2023-07-25 01:49:07 --> [] operator not supported for strings
in APPPATH\Controllers\AdmPost.php on line 276.
 1 SYSTEMPATH\CodeIgniter.php(934): App\Controllers\AdmPost->config_prioridade_lista()
 2 SYSTEMPATH\CodeIgniter.php(499): CodeIgniter\CodeIgniter->runController(Object(App\Controllers\AdmPost))
 3 SYSTEMPATH\CodeIgniter.php(368): CodeIgniter\CodeIgniter->handleRequest(null, Object(Config\Cache), false)
 4 FCPATH\index.php(67): CodeIgniter\CodeIgniter->run()
CRITICAL - 2023-07-25 01:49:08 --> [] operator not supported for strings
in APPPATH\Controllers\AdmPost.php on line 276.
 1 SYSTEMPATH\CodeIgniter.php(934): App\Controllers\AdmPost->config_prioridade_lista()
 2 SYSTEMPATH\CodeIgniter.php(499): CodeIgniter\CodeIgniter->runController(Object(App\Controllers\AdmPost))
 3 SYSTEMPATH\CodeIgniter.php(368): CodeIgniter\CodeIgniter->handleRequest(null, Object(Config\Cache), false)
 4 FCPATH\index.php(67): CodeIgniter\CodeIgniter->run()
CRITICAL - 2023-07-25 01:49:09 --> [] operator not supported for strings
in APPPATH\Controllers\AdmPost.php on line 276.
 1 SYSTEMPATH\CodeIgniter.php(934): App\Controllers\AdmPost->config_prioridade_lista()
 2 SYSTEMPATH\CodeIgniter.php(499): CodeIgniter\CodeIgniter->runController(Object(App\Controllers\AdmPost))
 3 SYSTEMPATH\CodeIgniter.php(368): CodeIgniter\CodeIgniter->handleRequest(null, Object(Config\Cache), false)
 4 FCPATH\index.php(67): CodeIgniter\CodeIgniter->run()
CRITICAL - 2023-07-25 01:49:10 --> [] operator not supported for strings
in APPPATH\Controllers\AdmPost.php on line 276.
 1 SYSTEMPATH\CodeIgniter.php(934): App\Controllers\AdmPost->config_prioridade_lista()
 2 SYSTEMPATH\CodeIgniter.php(499): CodeIgniter\CodeIgniter->runController(Object(App\Controllers\AdmPost))
 3 SYSTEMPATH\CodeIgniter.php(368): CodeIgniter\CodeIgniter->handleRequest(null, Object(Config\Cache), false)
 4 FCPATH\index.php(67): CodeIgniter\CodeIgniter->run()
CRITICAL - 2023-07-25 01:49:11 --> [] operator not supported for strings
in APPPATH\Controllers\AdmPost.php on line 276.
 1 SYSTEMPATH\CodeIgniter.php(934): App\Controllers\AdmPost->config_prioridade_lista()
 2 SYSTEMPATH\CodeIgniter.php(499): CodeIgniter\CodeIgniter->runController(Object(App\Controllers\AdmPost))
 3 SYSTEMPATH\CodeIgniter.php(368): CodeIgniter\CodeIgniter->handleRequest(null, Object(Config\Cache), false)
 4 FCPATH\index.php(67): CodeIgniter\CodeIgniter->run()
CRITICAL - 2023-07-25 01:49:12 --> [] operator not supported for strings
in APPPATH\Controllers\AdmPost.php on line 276.
 1 SYSTEMPATH\CodeIgniter.php(934): App\Controllers\AdmPost->config_prioridade_lista()
 2 SYSTEMPATH\CodeIgniter.php(499): CodeIgniter\CodeIgniter->runController(Object(App\Controllers\AdmPost))
 3 SYSTEMPATH\CodeIgniter.php(368): CodeIgniter\CodeIgniter->handleRequest(null, Object(Config\Cache), false)
 4 FCPATH\index.php(67): CodeIgniter\CodeIgniter->run()
CRITICAL - 2023-07-25 01:49:13 --> [] operator not supported for strings
in APPPATH\Controllers\AdmPost.php on line 276.
 1 SYSTEMPATH\CodeIgniter.php(934): App\Controllers\AdmPost->config_prioridade_lista()
 2 SYSTEMPATH\CodeIgniter.php(499): CodeIgniter\CodeIgniter->runController(Object(App\Controllers\AdmPost))
 3 SYSTEMPATH\CodeIgniter.php(368): CodeIgniter\CodeIgniter->handleRequest(null, Object(Config\Cache), false)
 4 FCPATH\index.php(67): CodeIgniter\CodeIgniter->run()
CRITICAL - 2023-07-25 01:49:14 --> [] operator not supported for strings
in APPPATH\Controllers\AdmPost.php on line 276.
 1 SYSTEMPATH\CodeIgniter.php(934): App\Controllers\AdmPost->config_prioridade_lista()
 2 SYSTEMPATH\CodeIgniter.php(499): CodeIgniter\CodeIgniter->runController(Object(App\Controllers\AdmPost))
 3 SYSTEMPATH\CodeIgniter.php(368): CodeIgniter\CodeIgniter->handleRequest(null, Object(Config\Cache), false)
 4 FCPATH\index.php(67): CodeIgniter\CodeIgniter->run()
CRITICAL - 2023-07-25 01:49:15 --> [] operator not supported for strings
in APPPATH\Controllers\AdmPost.php on line 276.
 1 SYSTEMPATH\CodeIgniter.php(934): App\Controllers\AdmPost->config_prioridade_lista()
 2 SYSTEMPATH\CodeIgniter.php(499): CodeIgniter\CodeIgniter->runController(Object(App\Controllers\AdmPost))
 3 SYSTEMPATH\CodeIgniter.php(368): CodeIgniter\CodeIgniter->handleRequest(null, Object(Config\Cache), false)
 4 FCPATH\index.php(67): CodeIgniter\CodeIgniter->run()
CRITICAL - 2023-07-25 01:49:16 --> [] operator not supported for strings
in APPPATH\Controllers\AdmPost.php on line 276.
 1 SYSTEMPATH\CodeIgniter.php(934): App\Controllers\AdmPost->config_prioridade_lista()
 2 SYSTEMPATH\CodeIgniter.php(499): CodeIgniter\CodeIgniter->runController(Object(App\Controllers\AdmPost))
 3 SYSTEMPATH\CodeIgniter.php(368): CodeIgniter\CodeIgniter->handleRequest(null, Object(Config\Cache), false)
 4 FCPATH\index.php(67): CodeIgniter\CodeIgniter->run()
CRITICAL - 2023-07-25 01:49:17 --> [] operator not supported for strings
in APPPATH\Controllers\AdmPost.php on line 276.
 1 SYSTEMPATH\CodeIgniter.php(934): App\Controllers\AdmPost->config_prioridade_lista()
 2 SYSTEMPATH\CodeIgniter.php(499): CodeIgniter\CodeIgniter->runController(Object(App\Controllers\AdmPost))
 3 SYSTEMPATH\CodeIgniter.php(368): CodeIgniter\CodeIgniter->handleRequest(null, Object(Config\Cache), false)
 4 FCPATH\index.php(67): CodeIgniter\CodeIgniter->run()
CRITICAL - 2023-07-25 01:49:18 --> [] operator not supported for strings
in APPPATH\Controllers\AdmPost.php on line 276.
 1 SYSTEMPATH\CodeIgniter.php(934): App\Controllers\AdmPost->config_prioridade_lista()
 2 SYSTEMPATH\CodeIgniter.php(499): CodeIgniter\CodeIgniter->runController(Object(App\Controllers\AdmPost))
 3 SYSTEMPATH\CodeIgniter.php(368): CodeIgniter\CodeIgniter->handleRequest(null, Object(Config\Cache), false)
 4 FCPATH\index.php(67): CodeIgniter\CodeIgniter->run()
CRITICAL - 2023-07-25 01:49:19 --> [] operator not supported for strings
in APPPATH\Controllers\AdmPost.php on line 276.
 1 SYSTEMPATH\CodeIgniter.php(934): App\Controllers\AdmPost->config_prioridade_lista()
 2 SYSTEMPATH\CodeIgniter.php(499): CodeIgniter\CodeIgniter->runController(Object(App\Controllers\AdmPost))
 3 SYSTEMPATH\CodeIgniter.php(368): CodeIgniter\CodeIgniter->handleRequest(null, Object(Config\Cache), false)
 4 FCPATH\index.php(67): CodeIgniter\CodeIgniter->run()
CRITICAL - 2023-07-25 01:49:20 --> [] operator not supported for strings
in APPPATH\Controllers\AdmPost.php on line 276.
 1 SYSTEMPATH\CodeIgniter.php(934): App\Controllers\AdmPost->config_prioridade_lista()
 2 SYSTEMPATH\CodeIgniter.php(499): CodeIgniter\CodeIgniter->runController(Object(App\Controllers\AdmPost))
 3 SYSTEMPATH\CodeIgniter.php(368): CodeIgniter\CodeIgniter->handleRequest(null, Object(Config\Cache), false)
 4 FCPATH\index.php(67): CodeIgniter\CodeIgniter->run()
CRITICAL - 2023-07-25 01:49:21 --> [] operator not supported for strings
in APPPATH\Controllers\AdmPost.php on line 276.
 1 SYSTEMPATH\CodeIgniter.php(934): App\Controllers\AdmPost->config_prioridade_lista()
 2 SYSTEMPATH\CodeIgniter.php(499): CodeIgniter\CodeIgniter->runController(Object(App\Controllers\AdmPost))
 3 SYSTEMPATH\CodeIgniter.php(368): CodeIgniter\CodeIgniter->handleRequest(null, Object(Config\Cache), false)
 4 FCPATH\index.php(67): CodeIgniter\CodeIgniter->run()
CRITICAL - 2023-07-25 01:49:22 --> [] operator not supported for strings
in APPPATH\Controllers\AdmPost.php on line 276.
 1 SYSTEMPATH\CodeIgniter.php(934): App\Controllers\AdmPost->config_prioridade_lista()
 2 SYSTEMPATH\CodeIgniter.php(499): CodeIgniter\CodeIgniter->runController(Object(App\Controllers\AdmPost))
 3 SYSTEMPATH\CodeIgniter.php(368): CodeIgniter\CodeIgniter->handleRequest(null, Object(Config\Cache), false)
 4 FCPATH\index.php(67): CodeIgniter\CodeIgniter->run()
CRITICAL - 2023-07-25 01:49:23 --> [] operator not supported for strings
in APPPATH\Controllers\AdmPost.php on line 276.
 1 SYSTEMPATH\CodeIgniter.php(934): App\Controllers\AdmPost->config_prioridade_lista()
 2 SYSTEMPATH\CodeIgniter.php(499): CodeIgniter\CodeIgniter->runController(Object(App\Controllers\AdmPost))
 3 SYSTEMPATH\CodeIgniter.php(368): CodeIgniter\CodeIgniter->handleRequest(null, Object(Config\Cache), false)
 4 FCPATH\index.php(67): CodeIgniter\CodeIgniter->run()
CRITICAL - 2023-07-25 16:23:34 --> syntax error, unexpected token "function", expecting ";" or "{"
in APPPATH\Controllers\AdmPost.php on line 140.
 1 SYSTEMPATH\Autoloader\Autoloader.php(289): CodeIgniter\Autoloader\Autoloader->includeFile('C:\\xampp\\htdocs\\codi\\app\\Controllers\\AdmPost.php')
 2 SYSTEMPATH\Autoloader\Autoloader.php(267): CodeIgniter\Autoloader\Autoloader->loadInNamespace('App\\Controllers\\AdmPost')
 3 [internal function]: CodeIgniter\Autoloader\Autoloader->loadClass('App\\Controllers\\AdmPost')
 4 SYSTEMPATH\CodeIgniter.php(892): class_exists('\\App\\Controllers\\AdmPost', true)
 5 SYSTEMPATH\CodeIgniter.php(486): CodeIgniter\CodeIgniter->startController()
 6 SYSTEMPATH\CodeIgniter.php(368): CodeIgniter\CodeIgniter->handleRequest(null, Object(Config\Cache), false)
 7 FCPATH\index.php(67): CodeIgniter\CodeIgniter->run()
CRITICAL - 2023-07-25 16:23:34 --> syntax error, unexpected token "function", expecting ";" or "{"
in APPPATH\Controllers\AdmPost.php on line 140.
 1 SYSTEMPATH\Autoloader\Autoloader.php(289): CodeIgniter\Autoloader\Autoloader->includeFile('C:\\xampp\\htdocs\\codi\\app\\Controllers\\AdmPost.php')
 2 SYSTEMPATH\Autoloader\Autoloader.php(267): CodeIgniter\Autoloader\Autoloader->loadInNamespace('App\\Controllers\\AdmPost')
 3 [internal function]: CodeIgniter\Autoloader\Autoloader->loadClass('App\\Controllers\\AdmPost')
 4 SYSTEMPATH\CodeIgniter.php(892): class_exists('\\App\\Controllers\\AdmPost', true)
 5 SYSTEMPATH\CodeIgniter.php(486): CodeIgniter\CodeIgniter->startController()
 6 SYSTEMPATH\CodeIgniter.php(368): CodeIgniter\CodeIgniter->handleRequest(null, Object(Config\Cache), false)
 7 FCPATH\index.php(67): CodeIgniter\CodeIgniter->run()
CRITICAL - 2023-07-25 16:23:35 --> syntax error, unexpected token "function", expecting ";" or "{"
in APPPATH\Controllers\AdmPost.php on line 140.
 1 SYSTEMPATH\Autoloader\Autoloader.php(289): CodeIgniter\Autoloader\Autoloader->includeFile('C:\\xampp\\htdocs\\codi\\app\\Controllers\\AdmPost.php')
 2 SYSTEMPATH\Autoloader\Autoloader.php(267): CodeIgniter\Autoloader\Autoloader->loadInNamespace('App\\Controllers\\AdmPost')
 3 [internal function]: CodeIgniter\Autoloader\Autoloader->loadClass('App\\Controllers\\AdmPost')
 4 SYSTEMPATH\CodeIgniter.php(892): class_exists('\\App\\Controllers\\AdmPost', true)
 5 SYSTEMPATH\CodeIgniter.php(486): CodeIgniter\CodeIgniter->startController()
 6 SYSTEMPATH\CodeIgniter.php(368): CodeIgniter\CodeIgniter->handleRequest(null, Object(Config\Cache), false)
 7 FCPATH\index.php(67): CodeIgniter\CodeIgniter->run()
CRITICAL - 2023-07-25 16:23:35 --> syntax error, unexpected token "function", expecting ";" or "{"
in APPPATH\Controllers\AdmPost.php on line 140.
 1 SYSTEMPATH\Autoloader\Autoloader.php(289): CodeIgniter\Autoloader\Autoloader->includeFile('C:\\xampp\\htdocs\\codi\\app\\Controllers\\AdmPost.php')
 2 SYSTEMPATH\Autoloader\Autoloader.php(267): CodeIgniter\Autoloader\Autoloader->loadInNamespace('App\\Controllers\\AdmPost')
 3 [internal function]: CodeIgniter\Autoloader\Autoloader->loadClass('App\\Controllers\\AdmPost')
 4 SYSTEMPATH\CodeIgniter.php(892): class_exists('\\App\\Controllers\\AdmPost', true)
 5 SYSTEMPATH\CodeIgniter.php(486): CodeIgniter\CodeIgniter->startController()
 6 SYSTEMPATH\CodeIgniter.php(368): CodeIgniter\CodeIgniter->handleRequest(null, Object(Config\Cache), false)
 7 FCPATH\index.php(67): CodeIgniter\CodeIgniter->run()
CRITICAL - 2023-07-25 16:36:25 --> syntax error, unexpected token "}"
in APPPATH\Controllers\AdmPost.php on line 145.
 1 SYSTEMPATH\Autoloader\Autoloader.php(289): CodeIgniter\Autoloader\Autoloader->includeFile('C:\\xampp\\htdocs\\codi\\app\\Controllers\\AdmPost.php')
 2 SYSTEMPATH\Autoloader\Autoloader.php(267): CodeIgniter\Autoloader\Autoloader->loadInNamespace('App\\Controllers\\AdmPost')
 3 [internal function]: CodeIgniter\Autoloader\Autoloader->loadClass('App\\Controllers\\AdmPost')
 4 SYSTEMPATH\CodeIgniter.php(892): class_exists('\\App\\Controllers\\AdmPost', true)
 5 SYSTEMPATH\CodeIgniter.php(486): CodeIgniter\CodeIgniter->startController()
 6 SYSTEMPATH\CodeIgniter.php(368): CodeIgniter\CodeIgniter->handleRequest(null, Object(Config\Cache), false)
 7 FCPATH\index.php(67): CodeIgniter\CodeIgniter->run()
CRITICAL - 2023-07-25 16:36:25 --> syntax error, unexpected token "}"
in APPPATH\Controllers\AdmPost.php on line 145.
 1 SYSTEMPATH\Autoloader\Autoloader.php(289): CodeIgniter\Autoloader\Autoloader->includeFile('C:\\xampp\\htdocs\\codi\\app\\Controllers\\AdmPost.php')
 2 SYSTEMPATH\Autoloader\Autoloader.php(267): CodeIgniter\Autoloader\Autoloader->loadInNamespace('App\\Controllers\\AdmPost')
 3 [internal function]: CodeIgniter\Autoloader\Autoloader->loadClass('App\\Controllers\\AdmPost')
 4 SYSTEMPATH\CodeIgniter.php(892): class_exists('\\App\\Controllers\\AdmPost', true)
 5 SYSTEMPATH\CodeIgniter.php(486): CodeIgniter\CodeIgniter->startController()
 6 SYSTEMPATH\CodeIgniter.php(368): CodeIgniter\CodeIgniter->handleRequest(null, Object(Config\Cache), false)
 7 FCPATH\index.php(67): CodeIgniter\CodeIgniter->run()
CRITICAL - 2023-07-25 16:36:25 --> syntax error, unexpected token "}"
in APPPATH\Controllers\AdmPost.php on line 145.
 1 SYSTEMPATH\Autoloader\Autoloader.php(289): CodeIgniter\Autoloader\Autoloader->includeFile('C:\\xampp\\htdocs\\codi\\app\\Controllers\\AdmPost.php')
 2 SYSTEMPATH\Autoloader\Autoloader.php(267): CodeIgniter\Autoloader\Autoloader->loadInNamespace('App\\Controllers\\AdmPost')
 3 [internal function]: CodeIgniter\Autoloader\Autoloader->loadClass('App\\Controllers\\AdmPost')
 4 SYSTEMPATH\CodeIgniter.php(892): class_exists('\\App\\Controllers\\AdmPost', true)
 5 SYSTEMPATH\CodeIgniter.php(486): CodeIgniter\CodeIgniter->startController()
 6 SYSTEMPATH\CodeIgniter.php(368): CodeIgniter\CodeIgniter->handleRequest(null, Object(Config\Cache), false)
 7 FCPATH\index.php(67): CodeIgniter\CodeIgniter->run()
CRITICAL - 2023-07-25 16:56:09 --> foreach() argument must be of type array|object, null given
in APPPATH\Controllers\AdmPost.php on line 143.
 1 APPPATH\Controllers\AdmPost.php(143): CodeIgniter\Debug\Exceptions->errorHandler(2, 'foreach() argument must be of type array|object, null given', 'C:\\xampp\\htdocs\\codi\\app\\Controllers\\AdmPost.php', 143)
 2 SYSTEMPATH\CodeIgniter.php(934): App\Controllers\AdmPost->desenho_meus_update()
 3 SYSTEMPATH\CodeIgniter.php(499): CodeIgniter\CodeIgniter->runController(Object(App\Controllers\AdmPost))
 4 SYSTEMPATH\CodeIgniter.php(368): CodeIgniter\CodeIgniter->handleRequest(null, Object(Config\Cache), false)
 5 FCPATH\index.php(67): CodeIgniter\CodeIgniter->run()
CRITICAL - 2023-07-25 16:56:38 --> foreach() argument must be of type array|object, null given
in APPPATH\Controllers\AdmPost.php on line 143.
 1 APPPATH\Controllers\AdmPost.php(143): CodeIgniter\Debug\Exceptions->errorHandler(2, 'foreach() argument must be of type array|object, null given', 'C:\\xampp\\htdocs\\codi\\app\\Controllers\\AdmPost.php', 143)
 2 SYSTEMPATH\CodeIgniter.php(934): App\Controllers\AdmPost->desenho_meus_update()
 3 SYSTEMPATH\CodeIgniter.php(499): CodeIgniter\CodeIgniter->runController(Object(App\Controllers\AdmPost))
 4 SYSTEMPATH\CodeIgniter.php(368): CodeIgniter\CodeIgniter->handleRequest(null, Object(Config\Cache), false)
 5 FCPATH\index.php(67): CodeIgniter\CodeIgniter->run()
CRITICAL - 2023-07-25 17:16:31 --> str_replace(): Argument #3 ($subject) must be of type array|string, App\Models\Prioridade given
in APPPATH\Controllers\Ferramentas.php on line 282.
 1 APPPATH\Controllers\Ferramentas.php(282): str_replace([...], [...], Object(App\Models\Prioridade))
 2 APPPATH\Controllers\AdmPost.php(153): App\Controllers\Ferramentas::codificador(Object(App\Models\Prioridade))
 3 SYSTEMPATH\CodeIgniter.php(934): App\Controllers\AdmPost->desenho_meus_update()
 4 SYSTEMPATH\CodeIgniter.php(499): CodeIgniter\CodeIgniter->runController(Object(App\Controllers\AdmPost))
 5 SYSTEMPATH\CodeIgniter.php(368): CodeIgniter\CodeIgniter->handleRequest(null, Object(Config\Cache), false)
 6 FCPATH\index.php(67): CodeIgniter\CodeIgniter->run()
CRITICAL - 2023-07-25 17:16:53 --> syntax error, unexpected token "]"
in APPPATH\Controllers\AdmPost.php on line 155.
 1 SYSTEMPATH\Autoloader\Autoloader.php(289): CodeIgniter\Autoloader\Autoloader->includeFile('C:\\xampp\\htdocs\\codi\\app\\Controllers\\AdmPost.php')
 2 SYSTEMPATH\Autoloader\Autoloader.php(267): CodeIgniter\Autoloader\Autoloader->loadInNamespace('App\\Controllers\\AdmPost')
 3 [internal function]: CodeIgniter\Autoloader\Autoloader->loadClass('App\\Controllers\\AdmPost')
 4 SYSTEMPATH\CodeIgniter.php(892): class_exists('\\App\\Controllers\\AdmPost', true)
 5 SYSTEMPATH\CodeIgniter.php(486): CodeIgniter\CodeIgniter->startController()
 6 SYSTEMPATH\CodeIgniter.php(368): CodeIgniter\CodeIgniter->handleRequest(null, Object(Config\Cache), false)
 7 FCPATH\index.php(67): CodeIgniter\CodeIgniter->run()
CRITICAL - 2023-07-25 17:16:53 --> syntax error, unexpected token "]"
in APPPATH\Controllers\AdmPost.php on line 155.
 1 SYSTEMPATH\Autoloader\Autoloader.php(289): CodeIgniter\Autoloader\Autoloader->includeFile('C:\\xampp\\htdocs\\codi\\app\\Controllers\\AdmPost.php')
 2 SYSTEMPATH\Autoloader\Autoloader.php(267): CodeIgniter\Autoloader\Autoloader->loadInNamespace('App\\Controllers\\AdmPost')
 3 [internal function]: CodeIgniter\Autoloader\Autoloader->loadClass('App\\Controllers\\AdmPost')
 4 SYSTEMPATH\CodeIgniter.php(892): class_exists('\\App\\Controllers\\AdmPost', true)
 5 SYSTEMPATH\CodeIgniter.php(486): CodeIgniter\CodeIgniter->startController()
 6 SYSTEMPATH\CodeIgniter.php(368): CodeIgniter\CodeIgniter->handleRequest(null, Object(Config\Cache), false)
 7 FCPATH\index.php(67): CodeIgniter\CodeIgniter->run()
CRITICAL - 2023-07-25 17:16:54 --> syntax error, unexpected token "]"
in APPPATH\Controllers\AdmPost.php on line 155.
 1 SYSTEMPATH\Autoloader\Autoloader.php(289): CodeIgniter\Autoloader\Autoloader->includeFile('C:\\xampp\\htdocs\\codi\\app\\Controllers\\AdmPost.php')
 2 SYSTEMPATH\Autoloader\Autoloader.php(267): CodeIgniter\Autoloader\Autoloader->loadInNamespace('App\\Controllers\\AdmPost')
 3 [internal function]: CodeIgniter\Autoloader\Autoloader->loadClass('App\\Controllers\\AdmPost')
 4 SYSTEMPATH\CodeIgniter.php(892): class_exists('\\App\\Controllers\\AdmPost', true)
 5 SYSTEMPATH\CodeIgniter.php(486): CodeIgniter\CodeIgniter->startController()
 6 SYSTEMPATH\CodeIgniter.php(368): CodeIgniter\CodeIgniter->handleRequest(null, Object(Config\Cache), false)
 7 FCPATH\index.php(67): CodeIgniter\CodeIgniter->run()
CRITICAL - 2023-07-25 17:16:54 --> syntax error, unexpected token "]"
in APPPATH\Controllers\AdmPost.php on line 155.
 1 SYSTEMPATH\Autoloader\Autoloader.php(289): CodeIgniter\Autoloader\Autoloader->includeFile('C:\\xampp\\htdocs\\codi\\app\\Controllers\\AdmPost.php')
 2 SYSTEMPATH\Autoloader\Autoloader.php(267): CodeIgniter\Autoloader\Autoloader->loadInNamespace('App\\Controllers\\AdmPost')
 3 [internal function]: CodeIgniter\Autoloader\Autoloader->loadClass('App\\Controllers\\AdmPost')
 4 SYSTEMPATH\CodeIgniter.php(892): class_exists('\\App\\Controllers\\AdmPost', true)
 5 SYSTEMPATH\CodeIgniter.php(486): CodeIgniter\CodeIgniter->startController()
 6 SYSTEMPATH\CodeIgniter.php(368): CodeIgniter\CodeIgniter->handleRequest(null, Object(Config\Cache), false)
 7 FCPATH\index.php(67): CodeIgniter\CodeIgniter->run()
CRITICAL - 2023-07-25 17:17:11 --> Cannot use [] for reading
in APPPATH\Controllers\AdmPost.php on line 152.
 1 [internal function]: CodeIgniter\Debug\Exceptions->shutdownHandler()
CRITICAL - 2023-07-25 17:17:11 --> Cannot use [] for reading
in APPPATH\Controllers\AdmPost.php on line 152.
 1 [internal function]: CodeIgniter\Debug\Exceptions->shutdownHandler()
CRITICAL - 2023-07-25 17:17:12 --> Cannot use [] for reading
in APPPATH\Controllers\AdmPost.php on line 152.
 1 [internal function]: CodeIgniter\Debug\Exceptions->shutdownHandler()
CRITICAL - 2023-07-25 17:17:12 --> Cannot use [] for reading
in APPPATH\Controllers\AdmPost.php on line 152.
 1 [internal function]: CodeIgniter\Debug\Exceptions->shutdownHandler()
CRITICAL - 2023-07-25 17:17:13 --> Cannot use [] for reading
in APPPATH\Controllers\AdmPost.php on line 152.
 1 [internal function]: CodeIgniter\Debug\Exceptions->shutdownHandler()
CRITICAL - 2023-07-25 17:17:13 --> Cannot use [] for reading
in APPPATH\Controllers\AdmPost.php on line 152.
 1 [internal function]: CodeIgniter\Debug\Exceptions->shutdownHandler()
CRITICAL - 2023-07-25 17:17:22 --> str_replace(): Argument #3 ($subject) must be of type array|string, App\Models\Prioridade given
in APPPATH\Controllers\Ferramentas.php on line 282.
 1 APPPATH\Controllers\Ferramentas.php(282): str_replace([...], [...], Object(App\Models\Prioridade))
 2 APPPATH\Controllers\AdmPost.php(153): App\Controllers\Ferramentas::codificador(Object(App\Models\Prioridade))
 3 SYSTEMPATH\CodeIgniter.php(934): App\Controllers\AdmPost->desenho_meus_update()
 4 SYSTEMPATH\CodeIgniter.php(499): CodeIgniter\CodeIgniter->runController(Object(App\Controllers\AdmPost))
 5 SYSTEMPATH\CodeIgniter.php(368): CodeIgniter\CodeIgniter->handleRequest(null, Object(Config\Cache), false)
 6 FCPATH\index.php(67): CodeIgniter\CodeIgniter->run()
CRITICAL - 2023-07-25 17:18:29 --> str_replace(): Argument #3 ($subject) must be of type array|string, App\Models\Prioridade given
in APPPATH\Controllers\Ferramentas.php on line 282.
 1 APPPATH\Controllers\Ferramentas.php(282): str_replace([...], [...], Object(App\Models\Prioridade))
 2 APPPATH\Controllers\AdmPost.php(153): App\Controllers\Ferramentas::codificador(Object(App\Models\Prioridade))
 3 SYSTEMPATH\CodeIgniter.php(934): App\Controllers\AdmPost->desenho_meus_update()
 4 SYSTEMPATH\CodeIgniter.php(499): CodeIgniter\CodeIgniter->runController(Object(App\Controllers\AdmPost))
 5 SYSTEMPATH\CodeIgniter.php(368): CodeIgniter\CodeIgniter->handleRequest(null, Object(Config\Cache), false)
 6 FCPATH\index.php(67): CodeIgniter\CodeIgniter->run()
CRITICAL - 2023-07-25 17:18:56 --> syntax error, unexpected token "]"
in APPPATH\Controllers\AdmPost.php on line 155.
 1 SYSTEMPATH\Autoloader\Autoloader.php(289): CodeIgniter\Autoloader\Autoloader->includeFile('C:\\xampp\\htdocs\\codi\\app\\Controllers\\AdmPost.php')
 2 SYSTEMPATH\Autoloader\Autoloader.php(267): CodeIgniter\Autoloader\Autoloader->loadInNamespace('App\\Controllers\\AdmPost')
 3 [internal function]: CodeIgniter\Autoloader\Autoloader->loadClass('App\\Controllers\\AdmPost')
 4 SYSTEMPATH\CodeIgniter.php(892): class_exists('\\App\\Controllers\\AdmPost', true)
 5 SYSTEMPATH\CodeIgniter.php(486): CodeIgniter\CodeIgniter->startController()
 6 SYSTEMPATH\CodeIgniter.php(368): CodeIgniter\CodeIgniter->handleRequest(null, Object(Config\Cache), false)
 7 FCPATH\index.php(67): CodeIgniter\CodeIgniter->run()
CRITICAL - 2023-07-25 17:18:56 --> syntax error, unexpected token "]"
in APPPATH\Controllers\AdmPost.php on line 155.
 1 SYSTEMPATH\Autoloader\Autoloader.php(289): CodeIgniter\Autoloader\Autoloader->includeFile('C:\\xampp\\htdocs\\codi\\app\\Controllers\\AdmPost.php')
 2 SYSTEMPATH\Autoloader\Autoloader.php(267): CodeIgniter\Autoloader\Autoloader->loadInNamespace('App\\Controllers\\AdmPost')
 3 [internal function]: CodeIgniter\Autoloader\Autoloader->loadClass('App\\Controllers\\AdmPost')
 4 SYSTEMPATH\CodeIgniter.php(892): class_exists('\\App\\Controllers\\AdmPost', true)
 5 SYSTEMPATH\CodeIgniter.php(486): CodeIgniter\CodeIgniter->startController()
 6 SYSTEMPATH\CodeIgniter.php(368): CodeIgniter\CodeIgniter->handleRequest(null, Object(Config\Cache), false)
 7 FCPATH\index.php(67): CodeIgniter\CodeIgniter->run()
CRITICAL - 2023-07-25 17:18:57 --> syntax error, unexpected token "]"
in APPPATH\Controllers\AdmPost.php on line 155.
 1 SYSTEMPATH\Autoloader\Autoloader.php(289): CodeIgniter\Autoloader\Autoloader->includeFile('C:\\xampp\\htdocs\\codi\\app\\Controllers\\AdmPost.php')
 2 SYSTEMPATH\Autoloader\Autoloader.php(267): CodeIgniter\Autoloader\Autoloader->loadInNamespace('App\\Controllers\\AdmPost')
 3 [internal function]: CodeIgniter\Autoloader\Autoloader->loadClass('App\\Controllers\\AdmPost')
 4 SYSTEMPATH\CodeIgniter.php(892): class_exists('\\App\\Controllers\\AdmPost', true)
 5 SYSTEMPATH\CodeIgniter.php(486): CodeIgniter\CodeIgniter->startController()
 6 SYSTEMPATH\CodeIgniter.php(368): CodeIgniter\CodeIgniter->handleRequest(null, Object(Config\Cache), false)
 7 FCPATH\index.php(67): CodeIgniter\CodeIgniter->run()
CRITICAL - 2023-07-25 17:18:57 --> syntax error, unexpected token "]"
in APPPATH\Controllers\AdmPost.php on line 155.
 1 SYSTEMPATH\Autoloader\Autoloader.php(289): CodeIgniter\Autoloader\Autoloader->includeFile('C:\\xampp\\htdocs\\codi\\app\\Controllers\\AdmPost.php')
 2 SYSTEMPATH\Autoloader\Autoloader.php(267): CodeIgniter\Autoloader\Autoloader->loadInNamespace('App\\Controllers\\AdmPost')
 3 [internal function]: CodeIgniter\Autoloader\Autoloader->loadClass('App\\Controllers\\AdmPost')
 4 SYSTEMPATH\CodeIgniter.php(892): class_exists('\\App\\Controllers\\AdmPost', true)
 5 SYSTEMPATH\CodeIgniter.php(486): CodeIgniter\CodeIgniter->startController()
 6 SYSTEMPATH\CodeIgniter.php(368): CodeIgniter\CodeIgniter->handleRequest(null, Object(Config\Cache), false)
 7 FCPATH\index.php(67): CodeIgniter\CodeIgniter->run()
CRITICAL - 2023-07-25 17:18:58 --> syntax error, unexpected token "]"
in APPPATH\Controllers\AdmPost.php on line 155.
 1 SYSTEMPATH\Autoloader\Autoloader.php(289): CodeIgniter\Autoloader\Autoloader->includeFile('C:\\xampp\\htdocs\\codi\\app\\Controllers\\AdmPost.php')
 2 SYSTEMPATH\Autoloader\Autoloader.php(267): CodeIgniter\Autoloader\Autoloader->loadInNamespace('App\\Controllers\\AdmPost')
 3 [internal function]: CodeIgniter\Autoloader\Autoloader->loadClass('App\\Controllers\\AdmPost')
 4 SYSTEMPATH\CodeIgniter.php(892): class_exists('\\App\\Controllers\\AdmPost', true)
 5 SYSTEMPATH\CodeIgniter.php(486): CodeIgniter\CodeIgniter->startController()
 6 SYSTEMPATH\CodeIgniter.php(368): CodeIgniter\CodeIgniter->handleRequest(null, Object(Config\Cache), false)
 7 FCPATH\index.php(67): CodeIgniter\CodeIgniter->run()
CRITICAL - 2023-07-25 17:18:58 --> syntax error, unexpected token "]"
in APPPATH\Controllers\AdmPost.php on line 155.
 1 SYSTEMPATH\Autoloader\Autoloader.php(289): CodeIgniter\Autoloader\Autoloader->includeFile('C:\\xampp\\htdocs\\codi\\app\\Controllers\\AdmPost.php')
 2 SYSTEMPATH\Autoloader\Autoloader.php(267): CodeIgniter\Autoloader\Autoloader->loadInNamespace('App\\Controllers\\AdmPost')
 3 [internal function]: CodeIgniter\Autoloader\Autoloader->loadClass('App\\Controllers\\AdmPost')
 4 SYSTEMPATH\CodeIgniter.php(892): class_exists('\\App\\Controllers\\AdmPost', true)
 5 SYSTEMPATH\CodeIgniter.php(486): CodeIgniter\CodeIgniter->startController()
 6 SYSTEMPATH\CodeIgniter.php(368): CodeIgniter\CodeIgniter->handleRequest(null, Object(Config\Cache), false)
 7 FCPATH\index.php(67): CodeIgniter\CodeIgniter->run()
CRITICAL - 2023-07-25 17:19:07 --> syntax error, unexpected variable "$data"
in APPPATH\Controllers\AdmPost.php on line 151.
 1 SYSTEMPATH\Autoloader\Autoloader.php(289): CodeIgniter\Autoloader\Autoloader->includeFile('C:\\xampp\\htdocs\\codi\\app\\Controllers\\AdmPost.php')
 2 SYSTEMPATH\Autoloader\Autoloader.php(267): CodeIgniter\Autoloader\Autoloader->loadInNamespace('App\\Controllers\\AdmPost')
 3 [internal function]: CodeIgniter\Autoloader\Autoloader->loadClass('App\\Controllers\\AdmPost')
 4 SYSTEMPATH\CodeIgniter.php(892): class_exists('\\App\\Controllers\\AdmPost', true)
 5 SYSTEMPATH\CodeIgniter.php(486): CodeIgniter\CodeIgniter->startController()
 6 SYSTEMPATH\CodeIgniter.php(368): CodeIgniter\CodeIgniter->handleRequest(null, Object(Config\Cache), false)
 7 FCPATH\index.php(67): CodeIgniter\CodeIgniter->run()
CRITICAL - 2023-07-25 17:19:07 --> syntax error, unexpected variable "$data"
in APPPATH\Controllers\AdmPost.php on line 151.
 1 SYSTEMPATH\Autoloader\Autoloader.php(289): CodeIgniter\Autoloader\Autoloader->includeFile('C:\\xampp\\htdocs\\codi\\app\\Controllers\\AdmPost.php')
 2 SYSTEMPATH\Autoloader\Autoloader.php(267): CodeIgniter\Autoloader\Autoloader->loadInNamespace('App\\Controllers\\AdmPost')
 3 [internal function]: CodeIgniter\Autoloader\Autoloader->loadClass('App\\Controllers\\AdmPost')
 4 SYSTEMPATH\CodeIgniter.php(892): class_exists('\\App\\Controllers\\AdmPost', true)
 5 SYSTEMPATH\CodeIgniter.php(486): CodeIgniter\CodeIgniter->startController()
 6 SYSTEMPATH\CodeIgniter.php(368): CodeIgniter\CodeIgniter->handleRequest(null, Object(Config\Cache), false)
 7 FCPATH\index.php(67): CodeIgniter\CodeIgniter->run()
CRITICAL - 2023-07-25 17:19:15 --> str_replace(): Argument #3 ($subject) must be of type array|string, App\Models\Prioridade given
in APPPATH\Controllers\Ferramentas.php on line 282.
 1 APPPATH\Controllers\Ferramentas.php(282): str_replace([...], [...], Object(App\Models\Prioridade))
 2 APPPATH\Controllers\AdmPost.php(150): App\Controllers\Ferramentas::codificador(Object(App\Models\Prioridade))
 3 SYSTEMPATH\CodeIgniter.php(934): App\Controllers\AdmPost->desenho_meus_update()
 4 SYSTEMPATH\CodeIgniter.php(499): CodeIgniter\CodeIgniter->runController(Object(App\Controllers\AdmPost))
 5 SYSTEMPATH\CodeIgniter.php(368): CodeIgniter\CodeIgniter->handleRequest(null, Object(Config\Cache), false)
 6 FCPATH\index.php(67): CodeIgniter\CodeIgniter->run()
CRITICAL - 2023-07-25 17:20:54 --> syntax error, unexpected token "]"
in APPPATH\Controllers\AdmPost.php on line 155.
 1 SYSTEMPATH\Autoloader\Autoloader.php(289): CodeIgniter\Autoloader\Autoloader->includeFile('C:\\xampp\\htdocs\\codi\\app\\Controllers\\AdmPost.php')
 2 SYSTEMPATH\Autoloader\Autoloader.php(267): CodeIgniter\Autoloader\Autoloader->loadInNamespace('App\\Controllers\\AdmPost')
 3 [internal function]: CodeIgniter\Autoloader\Autoloader->loadClass('App\\Controllers\\AdmPost')
 4 SYSTEMPATH\CodeIgniter.php(892): class_exists('\\App\\Controllers\\AdmPost', true)
 5 SYSTEMPATH\CodeIgniter.php(486): CodeIgniter\CodeIgniter->startController()
 6 SYSTEMPATH\CodeIgniter.php(368): CodeIgniter\CodeIgniter->handleRequest(null, Object(Config\Cache), false)
 7 FCPATH\index.php(67): CodeIgniter\CodeIgniter->run()
CRITICAL - 2023-07-25 17:20:54 --> syntax error, unexpected token "]"
in APPPATH\Controllers\AdmPost.php on line 155.
 1 SYSTEMPATH\Autoloader\Autoloader.php(289): CodeIgniter\Autoloader\Autoloader->includeFile('C:\\xampp\\htdocs\\codi\\app\\Controllers\\AdmPost.php')
 2 SYSTEMPATH\Autoloader\Autoloader.php(267): CodeIgniter\Autoloader\Autoloader->loadInNamespace('App\\Controllers\\AdmPost')
 3 [internal function]: CodeIgniter\Autoloader\Autoloader->loadClass('App\\Controllers\\AdmPost')
 4 SYSTEMPATH\CodeIgniter.php(892): class_exists('\\App\\Controllers\\AdmPost', true)
 5 SYSTEMPATH\CodeIgniter.php(486): CodeIgniter\CodeIgniter->startController()
 6 SYSTEMPATH\CodeIgniter.php(368): CodeIgniter\CodeIgniter->handleRequest(null, Object(Config\Cache), false)
 7 FCPATH\index.php(67): CodeIgniter\CodeIgniter->run()
CRITICAL - 2023-07-25 17:20:55 --> syntax error, unexpected token "]"
in APPPATH\Controllers\AdmPost.php on line 155.
 1 SYSTEMPATH\Autoloader\Autoloader.php(289): CodeIgniter\Autoloader\Autoloader->includeFile('C:\\xampp\\htdocs\\codi\\app\\Controllers\\AdmPost.php')
 2 SYSTEMPATH\Autoloader\Autoloader.php(267): CodeIgniter\Autoloader\Autoloader->loadInNamespace('App\\Controllers\\AdmPost')
 3 [internal function]: CodeIgniter\Autoloader\Autoloader->loadClass('App\\Controllers\\AdmPost')
 4 SYSTEMPATH\CodeIgniter.php(892): class_exists('\\App\\Controllers\\AdmPost', true)
 5 SYSTEMPATH\CodeIgniter.php(486): CodeIgniter\CodeIgniter->startController()
 6 SYSTEMPATH\CodeIgniter.php(368): CodeIgniter\CodeIgniter->handleRequest(null, Object(Config\Cache), false)
 7 FCPATH\index.php(67): CodeIgniter\CodeIgniter->run()
CRITICAL - 2023-07-25 17:20:55 --> syntax error, unexpected token "]"
in APPPATH\Controllers\AdmPost.php on line 155.
 1 SYSTEMPATH\Autoloader\Autoloader.php(289): CodeIgniter\Autoloader\Autoloader->includeFile('C:\\xampp\\htdocs\\codi\\app\\Controllers\\AdmPost.php')
 2 SYSTEMPATH\Autoloader\Autoloader.php(267): CodeIgniter\Autoloader\Autoloader->loadInNamespace('App\\Controllers\\AdmPost')
 3 [internal function]: CodeIgniter\Autoloader\Autoloader->loadClass('App\\Controllers\\AdmPost')
 4 SYSTEMPATH\CodeIgniter.php(892): class_exists('\\App\\Controllers\\AdmPost', true)
 5 SYSTEMPATH\CodeIgniter.php(486): CodeIgniter\CodeIgniter->startController()
 6 SYSTEMPATH\CodeIgniter.php(368): CodeIgniter\CodeIgniter->handleRequest(null, Object(Config\Cache), false)
 7 FCPATH\index.php(67): CodeIgniter\CodeIgniter->run()
CRITICAL - 2023-07-25 17:20:56 --> syntax error, unexpected token "]"
in APPPATH\Controllers\AdmPost.php on line 156.
 1 SYSTEMPATH\Autoloader\Autoloader.php(289): CodeIgniter\Autoloader\Autoloader->includeFile('C:\\xampp\\htdocs\\codi\\app\\Controllers\\AdmPost.php')
 2 SYSTEMPATH\Autoloader\Autoloader.php(267): CodeIgniter\Autoloader\Autoloader->loadInNamespace('App\\Controllers\\AdmPost')
 3 [internal function]: CodeIgniter\Autoloader\Autoloader->loadClass('App\\Controllers\\AdmPost')
 4 SYSTEMPATH\CodeIgniter.php(892): class_exists('\\App\\Controllers\\AdmPost', true)
 5 SYSTEMPATH\CodeIgniter.php(486): CodeIgniter\CodeIgniter->startController()
 6 SYSTEMPATH\CodeIgniter.php(368): CodeIgniter\CodeIgniter->handleRequest(null, Object(Config\Cache), false)
 7 FCPATH\index.php(67): CodeIgniter\CodeIgniter->run()
CRITICAL - 2023-07-25 17:20:56 --> syntax error, unexpected token "]"
in APPPATH\Controllers\AdmPost.php on line 156.
 1 SYSTEMPATH\Autoloader\Autoloader.php(289): CodeIgniter\Autoloader\Autoloader->includeFile('C:\\xampp\\htdocs\\codi\\app\\Controllers\\AdmPost.php')
 2 SYSTEMPATH\Autoloader\Autoloader.php(267): CodeIgniter\Autoloader\Autoloader->loadInNamespace('App\\Controllers\\AdmPost')
 3 [internal function]: CodeIgniter\Autoloader\Autoloader->loadClass('App\\Controllers\\AdmPost')
 4 SYSTEMPATH\CodeIgniter.php(892): class_exists('\\App\\Controllers\\AdmPost', true)
 5 SYSTEMPATH\CodeIgniter.php(486): CodeIgniter\CodeIgniter->startController()
 6 SYSTEMPATH\CodeIgniter.php(368): CodeIgniter\CodeIgniter->handleRequest(null, Object(Config\Cache), false)
 7 FCPATH\index.php(67): CodeIgniter\CodeIgniter->run()
CRITICAL - 2023-07-25 17:20:57 --> syntax error, unexpected variable "$ids"
in APPPATH\Controllers\AdmPost.php on line 147.
 1 SYSTEMPATH\Autoloader\Autoloader.php(289): CodeIgniter\Autoloader\Autoloader->includeFile('C:\\xampp\\htdocs\\codi\\app\\Controllers\\AdmPost.php')
 2 SYSTEMPATH\Autoloader\Autoloader.php(267): CodeIgniter\Autoloader\Autoloader->loadInNamespace('App\\Controllers\\AdmPost')
 3 [internal function]: CodeIgniter\Autoloader\Autoloader->loadClass('App\\Controllers\\AdmPost')
 4 SYSTEMPATH\CodeIgniter.php(892): class_exists('\\App\\Controllers\\AdmPost', true)
 5 SYSTEMPATH\CodeIgniter.php(486): CodeIgniter\CodeIgniter->startController()
 6 SYSTEMPATH\CodeIgniter.php(368): CodeIgniter\CodeIgniter->handleRequest(null, Object(Config\Cache), false)
 7 FCPATH\index.php(67): CodeIgniter\CodeIgniter->run()
CRITICAL - 2023-07-25 17:20:57 --> syntax error, unexpected variable "$ids"
in APPPATH\Controllers\AdmPost.php on line 147.
 1 SYSTEMPATH\Autoloader\Autoloader.php(289): CodeIgniter\Autoloader\Autoloader->includeFile('C:\\xampp\\htdocs\\codi\\app\\Controllers\\AdmPost.php')
 2 SYSTEMPATH\Autoloader\Autoloader.php(267): CodeIgniter\Autoloader\Autoloader->loadInNamespace('App\\Controllers\\AdmPost')
 3 [internal function]: CodeIgniter\Autoloader\Autoloader->loadClass('App\\Controllers\\AdmPost')
 4 SYSTEMPATH\CodeIgniter.php(892): class_exists('\\App\\Controllers\\AdmPost', true)
 5 SYSTEMPATH\CodeIgniter.php(486): CodeIgniter\CodeIgniter->startController()
 6 SYSTEMPATH\CodeIgniter.php(368): CodeIgniter\CodeIgniter->handleRequest(null, Object(Config\Cache), false)
 7 FCPATH\index.php(67): CodeIgniter\CodeIgniter->run()
CRITICAL - 2023-07-25 17:20:58 --> syntax error, unexpected variable "$ids"
in APPPATH\Controllers\AdmPost.php on line 147.
 1 SYSTEMPATH\Autoloader\Autoloader.php(289): CodeIgniter\Autoloader\Autoloader->includeFile('C:\\xampp\\htdocs\\codi\\app\\Controllers\\AdmPost.php')
 2 SYSTEMPATH\Autoloader\Autoloader.php(267): CodeIgniter\Autoloader\Autoloader->loadInNamespace('App\\Controllers\\AdmPost')
 3 [internal function]: CodeIgniter\Autoloader\Autoloader->loadClass('App\\Controllers\\AdmPost')
 4 SYSTEMPATH\CodeIgniter.php(892): class_exists('\\App\\Controllers\\AdmPost', true)
 5 SYSTEMPATH\CodeIgniter.php(486): CodeIgniter\CodeIgniter->startController()
 6 SYSTEMPATH\CodeIgniter.php(368): CodeIgniter\CodeIgniter->handleRequest(null, Object(Config\Cache), false)
 7 FCPATH\index.php(67): CodeIgniter\CodeIgniter->run()
CRITICAL - 2023-07-25 17:20:58 --> syntax error, unexpected variable "$ids"
in APPPATH\Controllers\AdmPost.php on line 147.
 1 SYSTEMPATH\Autoloader\Autoloader.php(289): CodeIgniter\Autoloader\Autoloader->includeFile('C:\\xampp\\htdocs\\codi\\app\\Controllers\\AdmPost.php')
 2 SYSTEMPATH\Autoloader\Autoloader.php(267): CodeIgniter\Autoloader\Autoloader->loadInNamespace('App\\Controllers\\AdmPost')
 3 [internal function]: CodeIgniter\Autoloader\Autoloader->loadClass('App\\Controllers\\AdmPost')
 4 SYSTEMPATH\CodeIgniter.php(892): class_exists('\\App\\Controllers\\AdmPost', true)
 5 SYSTEMPATH\CodeIgniter.php(486): CodeIgniter\CodeIgniter->startController()
 6 SYSTEMPATH\CodeIgniter.php(368): CodeIgniter\CodeIgniter->handleRequest(null, Object(Config\Cache), false)
 7 FCPATH\index.php(67): CodeIgniter\CodeIgniter->run()
CRITICAL - 2023-07-25 17:20:59 --> syntax error, unexpected variable "$ids"
in APPPATH\Controllers\AdmPost.php on line 147.
 1 SYSTEMPATH\Autoloader\Autoloader.php(289): CodeIgniter\Autoloader\Autoloader->includeFile('C:\\xampp\\htdocs\\codi\\app\\Controllers\\AdmPost.php')
 2 SYSTEMPATH\Autoloader\Autoloader.php(267): CodeIgniter\Autoloader\Autoloader->loadInNamespace('App\\Controllers\\AdmPost')
 3 [internal function]: CodeIgniter\Autoloader\Autoloader->loadClass('App\\Controllers\\AdmPost')
 4 SYSTEMPATH\CodeIgniter.php(892): class_exists('\\App\\Controllers\\AdmPost', true)
 5 SYSTEMPATH\CodeIgniter.php(486): CodeIgniter\CodeIgniter->startController()
 6 SYSTEMPATH\CodeIgniter.php(368): CodeIgniter\CodeIgniter->handleRequest(null, Object(Config\Cache), false)
 7 FCPATH\index.php(67): CodeIgniter\CodeIgniter->run()
CRITICAL - 2023-07-25 17:20:59 --> syntax error, unexpected variable "$ids"
in APPPATH\Controllers\AdmPost.php on line 147.
 1 SYSTEMPATH\Autoloader\Autoloader.php(289): CodeIgniter\Autoloader\Autoloader->includeFile('C:\\xampp\\htdocs\\codi\\app\\Controllers\\AdmPost.php')
 2 SYSTEMPATH\Autoloader\Autoloader.php(267): CodeIgniter\Autoloader\Autoloader->loadInNamespace('App\\Controllers\\AdmPost')
 3 [internal function]: CodeIgniter\Autoloader\Autoloader->loadClass('App\\Controllers\\AdmPost')
 4 SYSTEMPATH\CodeIgniter.php(892): class_exists('\\App\\Controllers\\AdmPost', true)
 5 SYSTEMPATH\CodeIgniter.php(486): CodeIgniter\CodeIgniter->startController()
 6 SYSTEMPATH\CodeIgniter.php(368): CodeIgniter\CodeIgniter->handleRequest(null, Object(Config\Cache), false)
 7 FCPATH\index.php(67): CodeIgniter\CodeIgniter->run()
CRITICAL - 2023-07-25 17:21:00 --> syntax error, unexpected variable "$ids"
in APPPATH\Controllers\AdmPost.php on line 147.
 1 SYSTEMPATH\Autoloader\Autoloader.php(289): CodeIgniter\Autoloader\Autoloader->includeFile('C:\\xampp\\htdocs\\codi\\app\\Controllers\\AdmPost.php')
 2 SYSTEMPATH\Autoloader\Autoloader.php(267): CodeIgniter\Autoloader\Autoloader->loadInNamespace('App\\Controllers\\AdmPost')
 3 [internal function]: CodeIgniter\Autoloader\Autoloader->loadClass('App\\Controllers\\AdmPost')
 4 SYSTEMPATH\CodeIgniter.php(892): class_exists('\\App\\Controllers\\AdmPost', true)
 5 SYSTEMPATH\CodeIgniter.php(486): CodeIgniter\CodeIgniter->startController()
 6 SYSTEMPATH\CodeIgniter.php(368): CodeIgniter\CodeIgniter->handleRequest(null, Object(Config\Cache), false)
 7 FCPATH\index.php(67): CodeIgniter\CodeIgniter->run()
CRITICAL - 2023-07-25 17:21:00 --> syntax error, unexpected variable "$ids"
in APPPATH\Controllers\AdmPost.php on line 147.
 1 SYSTEMPATH\Autoloader\Autoloader.php(289): CodeIgniter\Autoloader\Autoloader->includeFile('C:\\xampp\\htdocs\\codi\\app\\Controllers\\AdmPost.php')
 2 SYSTEMPATH\Autoloader\Autoloader.php(267): CodeIgniter\Autoloader\Autoloader->loadInNamespace('App\\Controllers\\AdmPost')
 3 [internal function]: CodeIgniter\Autoloader\Autoloader->loadClass('App\\Controllers\\AdmPost')
 4 SYSTEMPATH\CodeIgniter.php(892): class_exists('\\App\\Controllers\\AdmPost', true)
 5 SYSTEMPATH\CodeIgniter.php(486): CodeIgniter\CodeIgniter->startController()
 6 SYSTEMPATH\CodeIgniter.php(368): CodeIgniter\CodeIgniter->handleRequest(null, Object(Config\Cache), false)
 7 FCPATH\index.php(67): CodeIgniter\CodeIgniter->run()
CRITICAL - 2023-07-25 17:21:01 --> syntax error, unexpected variable "$ids"
in APPPATH\Controllers\AdmPost.php on line 147.
 1 SYSTEMPATH\Autoloader\Autoloader.php(289): CodeIgniter\Autoloader\Autoloader->includeFile('C:\\xampp\\htdocs\\codi\\app\\Controllers\\AdmPost.php')
 2 SYSTEMPATH\Autoloader\Autoloader.php(267): CodeIgniter\Autoloader\Autoloader->loadInNamespace('App\\Controllers\\AdmPost')
 3 [internal function]: CodeIgniter\Autoloader\Autoloader->loadClass('App\\Controllers\\AdmPost')
 4 SYSTEMPATH\CodeIgniter.php(892): class_exists('\\App\\Controllers\\AdmPost', true)
 5 SYSTEMPATH\CodeIgniter.php(486): CodeIgniter\CodeIgniter->startController()
 6 SYSTEMPATH\CodeIgniter.php(368): CodeIgniter\CodeIgniter->handleRequest(null, Object(Config\Cache), false)
 7 FCPATH\index.php(67): CodeIgniter\CodeIgniter->run()
CRITICAL - 2023-07-25 17:21:01 --> syntax error, unexpected variable "$ids"
in APPPATH\Controllers\AdmPost.php on line 147.
 1 SYSTEMPATH\Autoloader\Autoloader.php(289): CodeIgniter\Autoloader\Autoloader->includeFile('C:\\xampp\\htdocs\\codi\\app\\Controllers\\AdmPost.php')
 2 SYSTEMPATH\Autoloader\Autoloader.php(267): CodeIgniter\Autoloader\Autoloader->loadInNamespace('App\\Controllers\\AdmPost')
 3 [internal function]: CodeIgniter\Autoloader\Autoloader->loadClass('App\\Controllers\\AdmPost')
 4 SYSTEMPATH\CodeIgniter.php(892): class_exists('\\App\\Controllers\\AdmPost', true)
 5 SYSTEMPATH\CodeIgniter.php(486): CodeIgniter\CodeIgniter->startController()
 6 SYSTEMPATH\CodeIgniter.php(368): CodeIgniter\CodeIgniter->handleRequest(null, Object(Config\Cache), false)
 7 FCPATH\index.php(67): CodeIgniter\CodeIgniter->run()
CRITICAL - 2023-07-25 17:21:02 --> syntax error, unexpected variable "$ids"
in APPPATH\Controllers\AdmPost.php on line 147.
 1 SYSTEMPATH\Autoloader\Autoloader.php(289): CodeIgniter\Autoloader\Autoloader->includeFile('C:\\xampp\\htdocs\\codi\\app\\Controllers\\AdmPost.php')
 2 SYSTEMPATH\Autoloader\Autoloader.php(267): CodeIgniter\Autoloader\Autoloader->loadInNamespace('App\\Controllers\\AdmPost')
 3 [internal function]: CodeIgniter\Autoloader\Autoloader->loadClass('App\\Controllers\\AdmPost')
 4 SYSTEMPATH\CodeIgniter.php(892): class_exists('\\App\\Controllers\\AdmPost', true)
 5 SYSTEMPATH\CodeIgniter.php(486): CodeIgniter\CodeIgniter->startController()
 6 SYSTEMPATH\CodeIgniter.php(368): CodeIgniter\CodeIgniter->handleRequest(null, Object(Config\Cache), false)
 7 FCPATH\index.php(67): CodeIgniter\CodeIgniter->run()
CRITICAL - 2023-07-25 17:21:02 --> syntax error, unexpected variable "$ids"
in APPPATH\Controllers\AdmPost.php on line 147.
 1 SYSTEMPATH\Autoloader\Autoloader.php(289): CodeIgniter\Autoloader\Autoloader->includeFile('C:\\xampp\\htdocs\\codi\\app\\Controllers\\AdmPost.php')
 2 SYSTEMPATH\Autoloader\Autoloader.php(267): CodeIgniter\Autoloader\Autoloader->loadInNamespace('App\\Controllers\\AdmPost')
 3 [internal function]: CodeIgniter\Autoloader\Autoloader->loadClass('App\\Controllers\\AdmPost')
 4 SYSTEMPATH\CodeIgniter.php(892): class_exists('\\App\\Controllers\\AdmPost', true)
 5 SYSTEMPATH\CodeIgniter.php(486): CodeIgniter\CodeIgniter->startController()
 6 SYSTEMPATH\CodeIgniter.php(368): CodeIgniter\CodeIgniter->handleRequest(null, Object(Config\Cache), false)
 7 FCPATH\index.php(67): CodeIgniter\CodeIgniter->run()
CRITICAL - 2023-07-25 17:21:03 --> syntax error, unexpected token "]"
in APPPATH\Controllers\AdmPost.php on line 156.
 1 SYSTEMPATH\Autoloader\Autoloader.php(289): CodeIgniter\Autoloader\Autoloader->includeFile('C:\\xampp\\htdocs\\codi\\app\\Controllers\\AdmPost.php')
 2 SYSTEMPATH\Autoloader\Autoloader.php(267): CodeIgniter\Autoloader\Autoloader->loadInNamespace('App\\Controllers\\AdmPost')
 3 [internal function]: CodeIgniter\Autoloader\Autoloader->loadClass('App\\Controllers\\AdmPost')
 4 SYSTEMPATH\CodeIgniter.php(892): class_exists('\\App\\Controllers\\AdmPost', true)
 5 SYSTEMPATH\CodeIgniter.php(486): CodeIgniter\CodeIgniter->startController()
 6 SYSTEMPATH\CodeIgniter.php(368): CodeIgniter\CodeIgniter->handleRequest(null, Object(Config\Cache), false)
 7 FCPATH\index.php(67): CodeIgniter\CodeIgniter->run()
CRITICAL - 2023-07-25 17:21:03 --> syntax error, unexpected token "]"
in APPPATH\Controllers\AdmPost.php on line 156.
 1 SYSTEMPATH\Autoloader\Autoloader.php(289): CodeIgniter\Autoloader\Autoloader->includeFile('C:\\xampp\\htdocs\\codi\\app\\Controllers\\AdmPost.php')
 2 SYSTEMPATH\Autoloader\Autoloader.php(267): CodeIgniter\Autoloader\Autoloader->loadInNamespace('App\\Controllers\\AdmPost')
 3 [internal function]: CodeIgniter\Autoloader\Autoloader->loadClass('App\\Controllers\\AdmPost')
 4 SYSTEMPATH\CodeIgniter.php(892): class_exists('\\App\\Controllers\\AdmPost', true)
 5 SYSTEMPATH\CodeIgniter.php(486): CodeIgniter\CodeIgniter->startController()
 6 SYSTEMPATH\CodeIgniter.php(368): CodeIgniter\CodeIgniter->handleRequest(null, Object(Config\Cache), false)
 7 FCPATH\index.php(67): CodeIgniter\CodeIgniter->run()
CRITICAL - 2023-07-25 17:21:04 --> syntax error, unexpected token "]"
in APPPATH\Controllers\AdmPost.php on line 156.
 1 SYSTEMPATH\Autoloader\Autoloader.php(289): CodeIgniter\Autoloader\Autoloader->includeFile('C:\\xampp\\htdocs\\codi\\app\\Controllers\\AdmPost.php')
 2 SYSTEMPATH\Autoloader\Autoloader.php(267): CodeIgniter\Autoloader\Autoloader->loadInNamespace('App\\Controllers\\AdmPost')
 3 [internal function]: CodeIgniter\Autoloader\Autoloader->loadClass('App\\Controllers\\AdmPost')
 4 SYSTEMPATH\CodeIgniter.php(892): class_exists('\\App\\Controllers\\AdmPost', true)
 5 SYSTEMPATH\CodeIgniter.php(486): CodeIgniter\CodeIgniter->startController()
 6 SYSTEMPATH\CodeIgniter.php(368): CodeIgniter\CodeIgniter->handleRequest(null, Object(Config\Cache), false)
 7 FCPATH\index.php(67): CodeIgniter\CodeIgniter->run()
CRITICAL - 2023-07-25 17:21:04 --> syntax error, unexpected token "]"
in APPPATH\Controllers\AdmPost.php on line 156.
 1 SYSTEMPATH\Autoloader\Autoloader.php(289): CodeIgniter\Autoloader\Autoloader->includeFile('C:\\xampp\\htdocs\\codi\\app\\Controllers\\AdmPost.php')
 2 SYSTEMPATH\Autoloader\Autoloader.php(267): CodeIgniter\Autoloader\Autoloader->loadInNamespace('App\\Controllers\\AdmPost')
 3 [internal function]: CodeIgniter\Autoloader\Autoloader->loadClass('App\\Controllers\\AdmPost')
 4 SYSTEMPATH\CodeIgniter.php(892): class_exists('\\App\\Controllers\\AdmPost', true)
 5 SYSTEMPATH\CodeIgniter.php(486): CodeIgniter\CodeIgniter->startController()
 6 SYSTEMPATH\CodeIgniter.php(368): CodeIgniter\CodeIgniter->handleRequest(null, Object(Config\Cache), false)
 7 FCPATH\index.php(67): CodeIgniter\CodeIgniter->run()
CRITICAL - 2023-07-25 17:21:05 --> syntax error, unexpected token "]"
in APPPATH\Controllers\AdmPost.php on line 156.
 1 SYSTEMPATH\Autoloader\Autoloader.php(289): CodeIgniter\Autoloader\Autoloader->includeFile('C:\\xampp\\htdocs\\codi\\app\\Controllers\\AdmPost.php')
 2 SYSTEMPATH\Autoloader\Autoloader.php(267): CodeIgniter\Autoloader\Autoloader->loadInNamespace('App\\Controllers\\AdmPost')
 3 [internal function]: CodeIgniter\Autoloader\Autoloader->loadClass('App\\Controllers\\AdmPost')
 4 SYSTEMPATH\CodeIgniter.php(892): class_exists('\\App\\Controllers\\AdmPost', true)
 5 SYSTEMPATH\CodeIgniter.php(486): CodeIgniter\CodeIgniter->startController()
 6 SYSTEMPATH\CodeIgniter.php(368): CodeIgniter\CodeIgniter->handleRequest(null, Object(Config\Cache), false)
 7 FCPATH\index.php(67): CodeIgniter\CodeIgniter->run()
CRITICAL - 2023-07-25 17:21:05 --> syntax error, unexpected token "]"
in APPPATH\Controllers\AdmPost.php on line 156.
 1 SYSTEMPATH\Autoloader\Autoloader.php(289): CodeIgniter\Autoloader\Autoloader->includeFile('C:\\xampp\\htdocs\\codi\\app\\Controllers\\AdmPost.php')
 2 SYSTEMPATH\Autoloader\Autoloader.php(267): CodeIgniter\Autoloader\Autoloader->loadInNamespace('App\\Controllers\\AdmPost')
 3 [internal function]: CodeIgniter\Autoloader\Autoloader->loadClass('App\\Controllers\\AdmPost')
 4 SYSTEMPATH\CodeIgniter.php(892): class_exists('\\App\\Controllers\\AdmPost', true)
 5 SYSTEMPATH\CodeIgniter.php(486): CodeIgniter\CodeIgniter->startController()
 6 SYSTEMPATH\CodeIgniter.php(368): CodeIgniter\CodeIgniter->handleRequest(null, Object(Config\Cache), false)
 7 FCPATH\index.php(67): CodeIgniter\CodeIgniter->run()
CRITICAL - 2023-07-25 17:21:06 --> syntax error, unexpected token "]"
in APPPATH\Controllers\AdmPost.php on line 156.
 1 SYSTEMPATH\Autoloader\Autoloader.php(289): CodeIgniter\Autoloader\Autoloader->includeFile('C:\\xampp\\htdocs\\codi\\app\\Controllers\\AdmPost.php')
 2 SYSTEMPATH\Autoloader\Autoloader.php(267): CodeIgniter\Autoloader\Autoloader->loadInNamespace('App\\Controllers\\AdmPost')
 3 [internal function]: CodeIgniter\Autoloader\Autoloader->loadClass('App\\Controllers\\AdmPost')
 4 SYSTEMPATH\CodeIgniter.php(892): class_exists('\\App\\Controllers\\AdmPost', true)
 5 SYSTEMPATH\CodeIgniter.php(486): CodeIgniter\CodeIgniter->startController()
 6 SYSTEMPATH\CodeIgniter.php(368): CodeIgniter\CodeIgniter->handleRequest(null, Object(Config\Cache), false)
 7 FCPATH\index.php(67): CodeIgniter\CodeIgniter->run()
CRITICAL - 2023-07-25 17:21:06 --> syntax error, unexpected token "]"
in APPPATH\Controllers\AdmPost.php on line 156.
 1 SYSTEMPATH\Autoloader\Autoloader.php(289): CodeIgniter\Autoloader\Autoloader->includeFile('C:\\xampp\\htdocs\\codi\\app\\Controllers\\AdmPost.php')
 2 SYSTEMPATH\Autoloader\Autoloader.php(267): CodeIgniter\Autoloader\Autoloader->loadInNamespace('App\\Controllers\\AdmPost')
 3 [internal function]: CodeIgniter\Autoloader\Autoloader->loadClass('App\\Controllers\\AdmPost')
 4 SYSTEMPATH\CodeIgniter.php(892): class_exists('\\App\\Controllers\\AdmPost', true)
 5 SYSTEMPATH\CodeIgniter.php(486): CodeIgniter\CodeIgniter->startController()
 6 SYSTEMPATH\CodeIgniter.php(368): CodeIgniter\CodeIgniter->handleRequest(null, Object(Config\Cache), false)
 7 FCPATH\index.php(67): CodeIgniter\CodeIgniter->run()
CRITICAL - 2023-07-25 17:21:07 --> syntax error, unexpected token "]"
in APPPATH\Controllers\AdmPost.php on line 157.
 1 SYSTEMPATH\Autoloader\Autoloader.php(289): CodeIgniter\Autoloader\Autoloader->includeFile('C:\\xampp\\htdocs\\codi\\app\\Controllers\\AdmPost.php')
 2 SYSTEMPATH\Autoloader\Autoloader.php(267): CodeIgniter\Autoloader\Autoloader->loadInNamespace('App\\Controllers\\AdmPost')
 3 [internal function]: CodeIgniter\Autoloader\Autoloader->loadClass('App\\Controllers\\AdmPost')
 4 SYSTEMPATH\CodeIgniter.php(892): class_exists('\\App\\Controllers\\AdmPost', true)
 5 SYSTEMPATH\CodeIgniter.php(486): CodeIgniter\CodeIgniter->startController()
 6 SYSTEMPATH\CodeIgniter.php(368): CodeIgniter\CodeIgniter->handleRequest(null, Object(Config\Cache), false)
 7 FCPATH\index.php(67): CodeIgniter\CodeIgniter->run()
CRITICAL - 2023-07-25 17:21:07 --> syntax error, unexpected token "]"
in APPPATH\Controllers\AdmPost.php on line 157.
 1 SYSTEMPATH\Autoloader\Autoloader.php(289): CodeIgniter\Autoloader\Autoloader->includeFile('C:\\xampp\\htdocs\\codi\\app\\Controllers\\AdmPost.php')
 2 SYSTEMPATH\Autoloader\Autoloader.php(267): CodeIgniter\Autoloader\Autoloader->loadInNamespace('App\\Controllers\\AdmPost')
 3 [internal function]: CodeIgniter\Autoloader\Autoloader->loadClass('App\\Controllers\\AdmPost')
 4 SYSTEMPATH\CodeIgniter.php(892): class_exists('\\App\\Controllers\\AdmPost', true)
 5 SYSTEMPATH\CodeIgniter.php(486): CodeIgniter\CodeIgniter->startController()
 6 SYSTEMPATH\CodeIgniter.php(368): CodeIgniter\CodeIgniter->handleRequest(null, Object(Config\Cache), false)
 7 FCPATH\index.php(67): CodeIgniter\CodeIgniter->run()
CRITICAL - 2023-07-25 17:21:08 --> syntax error, unexpected token "]"
in APPPATH\Controllers\AdmPost.php on line 157.
 1 SYSTEMPATH\Autoloader\Autoloader.php(289): CodeIgniter\Autoloader\Autoloader->includeFile('C:\\xampp\\htdocs\\codi\\app\\Controllers\\AdmPost.php')
 2 SYSTEMPATH\Autoloader\Autoloader.php(267): CodeIgniter\Autoloader\Autoloader->loadInNamespace('App\\Controllers\\AdmPost')
 3 [internal function]: CodeIgniter\Autoloader\Autoloader->loadClass('App\\Controllers\\AdmPost')
 4 SYSTEMPATH\CodeIgniter.php(892): class_exists('\\App\\Controllers\\AdmPost', true)
 5 SYSTEMPATH\CodeIgniter.php(486): CodeIgniter\CodeIgniter->startController()
 6 SYSTEMPATH\CodeIgniter.php(368): CodeIgniter\CodeIgniter->handleRequest(null, Object(Config\Cache), false)
 7 FCPATH\index.php(67): CodeIgniter\CodeIgniter->run()
CRITICAL - 2023-07-25 17:21:08 --> syntax error, unexpected token "]"
in APPPATH\Controllers\AdmPost.php on line 157.
 1 SYSTEMPATH\Autoloader\Autoloader.php(289): CodeIgniter\Autoloader\Autoloader->includeFile('C:\\xampp\\htdocs\\codi\\app\\Controllers\\AdmPost.php')
 2 SYSTEMPATH\Autoloader\Autoloader.php(267): CodeIgniter\Autoloader\Autoloader->loadInNamespace('App\\Controllers\\AdmPost')
 3 [internal function]: CodeIgniter\Autoloader\Autoloader->loadClass('App\\Controllers\\AdmPost')
 4 SYSTEMPATH\CodeIgniter.php(892): class_exists('\\App\\Controllers\\AdmPost', true)
 5 SYSTEMPATH\CodeIgniter.php(486): CodeIgniter\CodeIgniter->startController()
 6 SYSTEMPATH\CodeIgniter.php(368): CodeIgniter\CodeIgniter->handleRequest(null, Object(Config\Cache), false)
 7 FCPATH\index.php(67): CodeIgniter\CodeIgniter->run()
CRITICAL - 2023-07-25 17:21:09 --> syntax error, unexpected token "]"
in APPPATH\Controllers\AdmPost.php on line 157.
 1 SYSTEMPATH\Autoloader\Autoloader.php(289): CodeIgniter\Autoloader\Autoloader->includeFile('C:\\xampp\\htdocs\\codi\\app\\Controllers\\AdmPost.php')
 2 SYSTEMPATH\Autoloader\Autoloader.php(267): CodeIgniter\Autoloader\Autoloader->loadInNamespace('App\\Controllers\\AdmPost')
 3 [internal function]: CodeIgniter\Autoloader\Autoloader->loadClass('App\\Controllers\\AdmPost')
 4 SYSTEMPATH\CodeIgniter.php(892): class_exists('\\App\\Controllers\\AdmPost', true)
 5 SYSTEMPATH\CodeIgniter.php(486): CodeIgniter\CodeIgniter->startController()
 6 SYSTEMPATH\CodeIgniter.php(368): CodeIgniter\CodeIgniter->handleRequest(null, Object(Config\Cache), false)
 7 FCPATH\index.php(67): CodeIgniter\CodeIgniter->run()
CRITICAL - 2023-07-25 17:21:09 --> syntax error, unexpected token "]"
in APPPATH\Controllers\AdmPost.php on line 157.
 1 SYSTEMPATH\Autoloader\Autoloader.php(289): CodeIgniter\Autoloader\Autoloader->includeFile('C:\\xampp\\htdocs\\codi\\app\\Controllers\\AdmPost.php')
 2 SYSTEMPATH\Autoloader\Autoloader.php(267): CodeIgniter\Autoloader\Autoloader->loadInNamespace('App\\Controllers\\AdmPost')
 3 [internal function]: CodeIgniter\Autoloader\Autoloader->loadClass('App\\Controllers\\AdmPost')
 4 SYSTEMPATH\CodeIgniter.php(892): class_exists('\\App\\Controllers\\AdmPost', true)
 5 SYSTEMPATH\CodeIgniter.php(486): CodeIgniter\CodeIgniter->startController()
 6 SYSTEMPATH\CodeIgniter.php(368): CodeIgniter\CodeIgniter->handleRequest(null, Object(Config\Cache), false)
 7 FCPATH\index.php(67): CodeIgniter\CodeIgniter->run()
CRITICAL - 2023-07-25 17:21:10 --> syntax error, unexpected token "]"
in APPPATH\Controllers\AdmPost.php on line 157.
 1 SYSTEMPATH\Autoloader\Autoloader.php(289): CodeIgniter\Autoloader\Autoloader->includeFile('C:\\xampp\\htdocs\\codi\\app\\Controllers\\AdmPost.php')
 2 SYSTEMPATH\Autoloader\Autoloader.php(267): CodeIgniter\Autoloader\Autoloader->loadInNamespace('App\\Controllers\\AdmPost')
 3 [internal function]: CodeIgniter\Autoloader\Autoloader->loadClass('App\\Controllers\\AdmPost')
 4 SYSTEMPATH\CodeIgniter.php(892): class_exists('\\App\\Controllers\\AdmPost', true)
 5 SYSTEMPATH\CodeIgniter.php(486): CodeIgniter\CodeIgniter->startController()
 6 SYSTEMPATH\CodeIgniter.php(368): CodeIgniter\CodeIgniter->handleRequest(null, Object(Config\Cache), false)
 7 FCPATH\index.php(67): CodeIgniter\CodeIgniter->run()
CRITICAL - 2023-07-25 17:21:10 --> syntax error, unexpected token "]"
in APPPATH\Controllers\AdmPost.php on line 157.
 1 SYSTEMPATH\Autoloader\Autoloader.php(289): CodeIgniter\Autoloader\Autoloader->includeFile('C:\\xampp\\htdocs\\codi\\app\\Controllers\\AdmPost.php')
 2 SYSTEMPATH\Autoloader\Autoloader.php(267): CodeIgniter\Autoloader\Autoloader->loadInNamespace('App\\Controllers\\AdmPost')
 3 [internal function]: CodeIgniter\Autoloader\Autoloader->loadClass('App\\Controllers\\AdmPost')
 4 SYSTEMPATH\CodeIgniter.php(892): class_exists('\\App\\Controllers\\AdmPost', true)
 5 SYSTEMPATH\CodeIgniter.php(486): CodeIgniter\CodeIgniter->startController()
 6 SYSTEMPATH\CodeIgniter.php(368): CodeIgniter\CodeIgniter->handleRequest(null, Object(Config\Cache), false)
 7 FCPATH\index.php(67): CodeIgniter\CodeIgniter->run()
CRITICAL - 2023-07-25 17:21:11 --> syntax error, unexpected token "]"
in APPPATH\Controllers\AdmPost.php on line 157.
 1 SYSTEMPATH\Autoloader\Autoloader.php(289): CodeIgniter\Autoloader\Autoloader->includeFile('C:\\xampp\\htdocs\\codi\\app\\Controllers\\AdmPost.php')
 2 SYSTEMPATH\Autoloader\Autoloader.php(267): CodeIgniter\Autoloader\Autoloader->loadInNamespace('App\\Controllers\\AdmPost')
 3 [internal function]: CodeIgniter\Autoloader\Autoloader->loadClass('App\\Controllers\\AdmPost')
 4 SYSTEMPATH\CodeIgniter.php(892): class_exists('\\App\\Controllers\\AdmPost', true)
 5 SYSTEMPATH\CodeIgniter.php(486): CodeIgniter\CodeIgniter->startController()
 6 SYSTEMPATH\CodeIgniter.php(368): CodeIgniter\CodeIgniter->handleRequest(null, Object(Config\Cache), false)
 7 FCPATH\index.php(67): CodeIgniter\CodeIgniter->run()
CRITICAL - 2023-07-25 17:21:11 --> syntax error, unexpected token "]"
in APPPATH\Controllers\AdmPost.php on line 157.
 1 SYSTEMPATH\Autoloader\Autoloader.php(289): CodeIgniter\Autoloader\Autoloader->includeFile('C:\\xampp\\htdocs\\codi\\app\\Controllers\\AdmPost.php')
 2 SYSTEMPATH\Autoloader\Autoloader.php(267): CodeIgniter\Autoloader\Autoloader->loadInNamespace('App\\Controllers\\AdmPost')
 3 [internal function]: CodeIgniter\Autoloader\Autoloader->loadClass('App\\Controllers\\AdmPost')
 4 SYSTEMPATH\CodeIgniter.php(892): class_exists('\\App\\Controllers\\AdmPost', true)
 5 SYSTEMPATH\CodeIgniter.php(486): CodeIgniter\CodeIgniter->startController()
 6 SYSTEMPATH\CodeIgniter.php(368): CodeIgniter\CodeIgniter->handleRequest(null, Object(Config\Cache), false)
 7 FCPATH\index.php(67): CodeIgniter\CodeIgniter->run()
CRITICAL - 2023-07-25 17:21:12 --> syntax error, unexpected token "]"
in APPPATH\Controllers\AdmPost.php on line 157.
 1 SYSTEMPATH\Autoloader\Autoloader.php(289): CodeIgniter\Autoloader\Autoloader->includeFile('C:\\xampp\\htdocs\\codi\\app\\Controllers\\AdmPost.php')
 2 SYSTEMPATH\Autoloader\Autoloader.php(267): CodeIgniter\Autoloader\Autoloader->loadInNamespace('App\\Controllers\\AdmPost')
 3 [internal function]: CodeIgniter\Autoloader\Autoloader->loadClass('App\\Controllers\\AdmPost')
 4 SYSTEMPATH\CodeIgniter.php(892): class_exists('\\App\\Controllers\\AdmPost', true)
 5 SYSTEMPATH\CodeIgniter.php(486): CodeIgniter\CodeIgniter->startController()
 6 SYSTEMPATH\CodeIgniter.php(368): CodeIgniter\CodeIgniter->handleRequest(null, Object(Config\Cache), false)
 7 FCPATH\index.php(67): CodeIgniter\CodeIgniter->run()
CRITICAL - 2023-07-25 17:21:12 --> syntax error, unexpected token "]"
in APPPATH\Controllers\AdmPost.php on line 157.
 1 SYSTEMPATH\Autoloader\Autoloader.php(289): CodeIgniter\Autoloader\Autoloader->includeFile('C:\\xampp\\htdocs\\codi\\app\\Controllers\\AdmPost.php')
 2 SYSTEMPATH\Autoloader\Autoloader.php(267): CodeIgniter\Autoloader\Autoloader->loadInNamespace('App\\Controllers\\AdmPost')
 3 [internal function]: CodeIgniter\Autoloader\Autoloader->loadClass('App\\Controllers\\AdmPost')
 4 SYSTEMPATH\CodeIgniter.php(892): class_exists('\\App\\Controllers\\AdmPost', true)
 5 SYSTEMPATH\CodeIgniter.php(486): CodeIgniter\CodeIgniter->startController()
 6 SYSTEMPATH\CodeIgniter.php(368): CodeIgniter\CodeIgniter->handleRequest(null, Object(Config\Cache), false)
 7 FCPATH\index.php(67): CodeIgniter\CodeIgniter->run()
CRITICAL - 2023-07-25 17:21:13 --> syntax error, unexpected token "]"
in APPPATH\Controllers\AdmPost.php on line 157.
 1 SYSTEMPATH\Autoloader\Autoloader.php(289): CodeIgniter\Autoloader\Autoloader->includeFile('C:\\xampp\\htdocs\\codi\\app\\Controllers\\AdmPost.php')
 2 SYSTEMPATH\Autoloader\Autoloader.php(267): CodeIgniter\Autoloader\Autoloader->loadInNamespace('App\\Controllers\\AdmPost')
 3 [internal function]: CodeIgniter\Autoloader\Autoloader->loadClass('App\\Controllers\\AdmPost')
 4 SYSTEMPATH\CodeIgniter.php(892): class_exists('\\App\\Controllers\\AdmPost', true)
 5 SYSTEMPATH\CodeIgniter.php(486): CodeIgniter\CodeIgniter->startController()
 6 SYSTEMPATH\CodeIgniter.php(368): CodeIgniter\CodeIgniter->handleRequest(null, Object(Config\Cache), false)
 7 FCPATH\index.php(67): CodeIgniter\CodeIgniter->run()
CRITICAL - 2023-07-25 17:21:13 --> syntax error, unexpected token "]"
in APPPATH\Controllers\AdmPost.php on line 157.
 1 SYSTEMPATH\Autoloader\Autoloader.php(289): CodeIgniter\Autoloader\Autoloader->includeFile('C:\\xampp\\htdocs\\codi\\app\\Controllers\\AdmPost.php')
 2 SYSTEMPATH\Autoloader\Autoloader.php(267): CodeIgniter\Autoloader\Autoloader->loadInNamespace('App\\Controllers\\AdmPost')
 3 [internal function]: CodeIgniter\Autoloader\Autoloader->loadClass('App\\Controllers\\AdmPost')
 4 SYSTEMPATH\CodeIgniter.php(892): class_exists('\\App\\Controllers\\AdmPost', true)
 5 SYSTEMPATH\CodeIgniter.php(486): CodeIgniter\CodeIgniter->startController()
 6 SYSTEMPATH\CodeIgniter.php(368): CodeIgniter\CodeIgniter->handleRequest(null, Object(Config\Cache), false)
 7 FCPATH\index.php(67): CodeIgniter\CodeIgniter->run()
CRITICAL - 2023-07-25 17:21:14 --> syntax error, unexpected token "]"
in APPPATH\Controllers\AdmPost.php on line 157.
 1 SYSTEMPATH\Autoloader\Autoloader.php(289): CodeIgniter\Autoloader\Autoloader->includeFile('C:\\xampp\\htdocs\\codi\\app\\Controllers\\AdmPost.php')
 2 SYSTEMPATH\Autoloader\Autoloader.php(267): CodeIgniter\Autoloader\Autoloader->loadInNamespace('App\\Controllers\\AdmPost')
 3 [internal function]: CodeIgniter\Autoloader\Autoloader->loadClass('App\\Controllers\\AdmPost')
 4 SYSTEMPATH\CodeIgniter.php(892): class_exists('\\App\\Controllers\\AdmPost', true)
 5 SYSTEMPATH\CodeIgniter.php(486): CodeIgniter\CodeIgniter->startController()
 6 SYSTEMPATH\CodeIgniter.php(368): CodeIgniter\CodeIgniter->handleRequest(null, Object(Config\Cache), false)
 7 FCPATH\index.php(67): CodeIgniter\CodeIgniter->run()
CRITICAL - 2023-07-25 17:21:14 --> syntax error, unexpected token "]"
in APPPATH\Controllers\AdmPost.php on line 157.
 1 SYSTEMPATH\Autoloader\Autoloader.php(289): CodeIgniter\Autoloader\Autoloader->includeFile('C:\\xampp\\htdocs\\codi\\app\\Controllers\\AdmPost.php')
 2 SYSTEMPATH\Autoloader\Autoloader.php(267): CodeIgniter\Autoloader\Autoloader->loadInNamespace('App\\Controllers\\AdmPost')
 3 [internal function]: CodeIgniter\Autoloader\Autoloader->loadClass('App\\Controllers\\AdmPost')
 4 SYSTEMPATH\CodeIgniter.php(892): class_exists('\\App\\Controllers\\AdmPost', true)
 5 SYSTEMPATH\CodeIgniter.php(486): CodeIgniter\CodeIgniter->startController()
 6 SYSTEMPATH\CodeIgniter.php(368): CodeIgniter\CodeIgniter->handleRequest(null, Object(Config\Cache), false)
 7 FCPATH\index.php(67): CodeIgniter\CodeIgniter->run()
CRITICAL - 2023-07-25 18:01:25 --> Undefined variable $id_temp
in APPPATH\Controllers\AdmPost.php on line 53.
 1 APPPATH\Controllers\AdmPost.php(53): CodeIgniter\Debug\Exceptions->errorHandler(2, 'Undefined variable $id_temp', 'C:\\xampp\\htdocs\\codi\\app\\Controllers\\AdmPost.php', 53)
 2 SYSTEMPATH\CodeIgniter.php(934): App\Controllers\AdmPost->lista_corte()
 3 SYSTEMPATH\CodeIgniter.php(499): CodeIgniter\CodeIgniter->runController(Object(App\Controllers\AdmPost))
 4 SYSTEMPATH\CodeIgniter.php(368): CodeIgniter\CodeIgniter->handleRequest(null, Object(Config\Cache), false)
 5 FCPATH\index.php(67): CodeIgniter\CodeIgniter->run()
CRITICAL - 2023-07-25 18:01:46 --> Undefined variable $id_temp
in APPPATH\Controllers\AdmPost.php on line 53.
 1 APPPATH\Controllers\AdmPost.php(53): CodeIgniter\Debug\Exceptions->errorHandler(2, 'Undefined variable $id_temp', 'C:\\xampp\\htdocs\\codi\\app\\Controllers\\AdmPost.php', 53)
 2 SYSTEMPATH\CodeIgniter.php(934): App\Controllers\AdmPost->lista_corte()
 3 SYSTEMPATH\CodeIgniter.php(499): CodeIgniter\CodeIgniter->runController(Object(App\Controllers\AdmPost))
 4 SYSTEMPATH\CodeIgniter.php(368): CodeIgniter\CodeIgniter->handleRequest(null, Object(Config\Cache), false)
 5 FCPATH\index.php(67): CodeIgniter\CodeIgniter->run()
CRITICAL - 2023-07-25 18:01:46 --> Undefined variable $id_temp
in APPPATH\Controllers\AdmPost.php on line 53.
 1 APPPATH\Controllers\AdmPost.php(53): CodeIgniter\Debug\Exceptions->errorHandler(2, 'Undefined variable $id_temp', 'C:\\xampp\\htdocs\\codi\\app\\Controllers\\AdmPost.php', 53)
 2 SYSTEMPATH\CodeIgniter.php(934): App\Controllers\AdmPost->lista_corte()
 3 SYSTEMPATH\CodeIgniter.php(499): CodeIgniter\CodeIgniter->runController(Object(App\Controllers\AdmPost))
 4 SYSTEMPATH\CodeIgniter.php(368): CodeIgniter\CodeIgniter->handleRequest(null, Object(Config\Cache), false)
 5 FCPATH\index.php(67): CodeIgniter\CodeIgniter->run()
CRITICAL - 2023-07-25 18:01:47 --> Undefined variable $id_temp
in APPPATH\Controllers\AdmPost.php on line 53.
 1 APPPATH\Controllers\AdmPost.php(53): CodeIgniter\Debug\Exceptions->errorHandler(2, 'Undefined variable $id_temp', 'C:\\xampp\\htdocs\\codi\\app\\Controllers\\AdmPost.php', 53)
 2 SYSTEMPATH\CodeIgniter.php(934): App\Controllers\AdmPost->lista_corte()
 3 SYSTEMPATH\CodeIgniter.php(499): CodeIgniter\CodeIgniter->runController(Object(App\Controllers\AdmPost))
 4 SYSTEMPATH\CodeIgniter.php(368): CodeIgniter\CodeIgniter->handleRequest(null, Object(Config\Cache), false)
 5 FCPATH\index.php(67): CodeIgniter\CodeIgniter->run()
CRITICAL - 2023-07-25 18:01:48 --> Undefined variable $id_temp
in APPPATH\Controllers\AdmPost.php on line 53.
 1 APPPATH\Controllers\AdmPost.php(53): CodeIgniter\Debug\Exceptions->errorHandler(2, 'Undefined variable $id_temp', 'C:\\xampp\\htdocs\\codi\\app\\Controllers\\AdmPost.php', 53)
 2 SYSTEMPATH\CodeIgniter.php(934): App\Controllers\AdmPost->lista_corte()
 3 SYSTEMPATH\CodeIgniter.php(499): CodeIgniter\CodeIgniter->runController(Object(App\Controllers\AdmPost))
 4 SYSTEMPATH\CodeIgniter.php(368): CodeIgniter\CodeIgniter->handleRequest(null, Object(Config\Cache), false)
 5 FCPATH\index.php(67): CodeIgniter\CodeIgniter->run()
CRITICAL - 2023-07-25 18:01:49 --> Undefined variable $id_temp
in APPPATH\Controllers\AdmPost.php on line 53.
 1 APPPATH\Controllers\AdmPost.php(53): CodeIgniter\Debug\Exceptions->errorHandler(2, 'Undefined variable $id_temp', 'C:\\xampp\\htdocs\\codi\\app\\Controllers\\AdmPost.php', 53)
 2 SYSTEMPATH\CodeIgniter.php(934): App\Controllers\AdmPost->lista_corte()
 3 SYSTEMPATH\CodeIgniter.php(499): CodeIgniter\CodeIgniter->runController(Object(App\Controllers\AdmPost))
 4 SYSTEMPATH\CodeIgniter.php(368): CodeIgniter\CodeIgniter->handleRequest(null, Object(Config\Cache), false)
 5 FCPATH\index.php(67): CodeIgniter\CodeIgniter->run()
CRITICAL - 2023-07-25 18:01:50 --> Undefined variable $id_temp
in APPPATH\Controllers\AdmPost.php on line 53.
 1 APPPATH\Controllers\AdmPost.php(53): CodeIgniter\Debug\Exceptions->errorHandler(2, 'Undefined variable $id_temp', 'C:\\xampp\\htdocs\\codi\\app\\Controllers\\AdmPost.php', 53)
 2 SYSTEMPATH\CodeIgniter.php(934): App\Controllers\AdmPost->lista_corte()
 3 SYSTEMPATH\CodeIgniter.php(499): CodeIgniter\CodeIgniter->runController(Object(App\Controllers\AdmPost))
 4 SYSTEMPATH\CodeIgniter.php(368): CodeIgniter\CodeIgniter->handleRequest(null, Object(Config\Cache), false)
 5 FCPATH\index.php(67): CodeIgniter\CodeIgniter->run()
CRITICAL - 2023-07-25 18:01:51 --> Undefined variable $id_temp
in APPPATH\Controllers\AdmPost.php on line 53.
 1 APPPATH\Controllers\AdmPost.php(53): CodeIgniter\Debug\Exceptions->errorHandler(2, 'Undefined variable $id_temp', 'C:\\xampp\\htdocs\\codi\\app\\Controllers\\AdmPost.php', 53)
 2 SYSTEMPATH\CodeIgniter.php(934): App\Controllers\AdmPost->lista_corte()
 3 SYSTEMPATH\CodeIgniter.php(499): CodeIgniter\CodeIgniter->runController(Object(App\Controllers\AdmPost))
 4 SYSTEMPATH\CodeIgniter.php(368): CodeIgniter\CodeIgniter->handleRequest(null, Object(Config\Cache), false)
 5 FCPATH\index.php(67): CodeIgniter\CodeIgniter->run()
CRITICAL - 2023-07-25 18:01:52 --> Undefined variable $id_temp
in APPPATH\Controllers\AdmPost.php on line 53.
 1 APPPATH\Controllers\AdmPost.php(53): CodeIgniter\Debug\Exceptions->errorHandler(2, 'Undefined variable $id_temp', 'C:\\xampp\\htdocs\\codi\\app\\Controllers\\AdmPost.php', 53)
 2 SYSTEMPATH\CodeIgniter.php(934): App\Controllers\AdmPost->lista_corte()
 3 SYSTEMPATH\CodeIgniter.php(499): CodeIgniter\CodeIgniter->runController(Object(App\Controllers\AdmPost))
 4 SYSTEMPATH\CodeIgniter.php(368): CodeIgniter\CodeIgniter->handleRequest(null, Object(Config\Cache), false)
 5 FCPATH\index.php(67): CodeIgniter\CodeIgniter->run()
CRITICAL - 2023-07-25 18:01:53 --> Undefined variable $id_temp
in APPPATH\Controllers\AdmPost.php on line 53.
 1 APPPATH\Controllers\AdmPost.php(53): CodeIgniter\Debug\Exceptions->errorHandler(2, 'Undefined variable $id_temp', 'C:\\xampp\\htdocs\\codi\\app\\Controllers\\AdmPost.php', 53)
 2 SYSTEMPATH\CodeIgniter.php(934): App\Controllers\AdmPost->lista_corte()
 3 SYSTEMPATH\CodeIgniter.php(499): CodeIgniter\CodeIgniter->runController(Object(App\Controllers\AdmPost))
 4 SYSTEMPATH\CodeIgniter.php(368): CodeIgniter\CodeIgniter->handleRequest(null, Object(Config\Cache), false)
 5 FCPATH\index.php(67): CodeIgniter\CodeIgniter->run()
CRITICAL - 2023-07-25 18:01:54 --> Undefined variable $id_temp
in APPPATH\Controllers\AdmPost.php on line 53.
 1 APPPATH\Controllers\AdmPost.php(53): CodeIgniter\Debug\Exceptions->errorHandler(2, 'Undefined variable $id_temp', 'C:\\xampp\\htdocs\\codi\\app\\Controllers\\AdmPost.php', 53)
 2 SYSTEMPATH\CodeIgniter.php(934): App\Controllers\AdmPost->lista_corte()
 3 SYSTEMPATH\CodeIgniter.php(499): CodeIgniter\CodeIgniter->runController(Object(App\Controllers\AdmPost))
 4 SYSTEMPATH\CodeIgniter.php(368): CodeIgniter\CodeIgniter->handleRequest(null, Object(Config\Cache), false)
 5 FCPATH\index.php(67): CodeIgniter\CodeIgniter->run()
CRITICAL - 2023-07-25 18:01:55 --> Undefined variable $id_temp
in APPPATH\Controllers\AdmPost.php on line 53.
 1 APPPATH\Controllers\AdmPost.php(53): CodeIgniter\Debug\Exceptions->errorHandler(2, 'Undefined variable $id_temp', 'C:\\xampp\\htdocs\\codi\\app\\Controllers\\AdmPost.php', 53)
 2 SYSTEMPATH\CodeIgniter.php(934): App\Controllers\AdmPost->lista_corte()
 3 SYSTEMPATH\CodeIgniter.php(499): CodeIgniter\CodeIgniter->runController(Object(App\Controllers\AdmPost))
 4 SYSTEMPATH\CodeIgniter.php(368): CodeIgniter\CodeIgniter->handleRequest(null, Object(Config\Cache), false)
 5 FCPATH\index.php(67): CodeIgniter\CodeIgniter->run()
CRITICAL - 2023-07-25 18:01:56 --> Undefined variable $id_temp
in APPPATH\Controllers\AdmPost.php on line 53.
 1 APPPATH\Controllers\AdmPost.php(53): CodeIgniter\Debug\Exceptions->errorHandler(2, 'Undefined variable $id_temp', 'C:\\xampp\\htdocs\\codi\\app\\Controllers\\AdmPost.php', 53)
 2 SYSTEMPATH\CodeIgniter.php(934): App\Controllers\AdmPost->lista_corte()
 3 SYSTEMPATH\CodeIgniter.php(499): CodeIgniter\CodeIgniter->runController(Object(App\Controllers\AdmPost))
 4 SYSTEMPATH\CodeIgniter.php(368): CodeIgniter\CodeIgniter->handleRequest(null, Object(Config\Cache), false)
 5 FCPATH\index.php(67): CodeIgniter\CodeIgniter->run()
CRITICAL - 2023-07-25 18:01:57 --> Undefined variable $id_temp
in APPPATH\Controllers\AdmPost.php on line 53.
 1 APPPATH\Controllers\AdmPost.php(53): CodeIgniter\Debug\Exceptions->errorHandler(2, 'Undefined variable $id_temp', 'C:\\xampp\\htdocs\\codi\\app\\Controllers\\AdmPost.php', 53)
 2 SYSTEMPATH\CodeIgniter.php(934): App\Controllers\AdmPost->lista_corte()
 3 SYSTEMPATH\CodeIgniter.php(499): CodeIgniter\CodeIgniter->runController(Object(App\Controllers\AdmPost))
 4 SYSTEMPATH\CodeIgniter.php(368): CodeIgniter\CodeIgniter->handleRequest(null, Object(Config\Cache), false)
 5 FCPATH\index.php(67): CodeIgniter\CodeIgniter->run()
CRITICAL - 2023-07-25 18:02:02 --> Undefined variable $id_temp
in APPPATH\Controllers\AdmPost.php on line 53.
 1 APPPATH\Controllers\AdmPost.php(53): CodeIgniter\Debug\Exceptions->errorHandler(2, 'Undefined variable $id_temp', 'C:\\xampp\\htdocs\\codi\\app\\Controllers\\AdmPost.php', 53)
 2 SYSTEMPATH\CodeIgniter.php(934): App\Controllers\AdmPost->lista_corte()
 3 SYSTEMPATH\CodeIgniter.php(499): CodeIgniter\CodeIgniter->runController(Object(App\Controllers\AdmPost))
 4 SYSTEMPATH\CodeIgniter.php(368): CodeIgniter\CodeIgniter->handleRequest(null, Object(Config\Cache), false)
 5 FCPATH\index.php(67): CodeIgniter\CodeIgniter->run()
CRITICAL - 2023-07-25 18:02:03 --> Undefined variable $id_temp
in APPPATH\Controllers\AdmPost.php on line 53.
 1 APPPATH\Controllers\AdmPost.php(53): CodeIgniter\Debug\Exceptions->errorHandler(2, 'Undefined variable $id_temp', 'C:\\xampp\\htdocs\\codi\\app\\Controllers\\AdmPost.php', 53)
 2 SYSTEMPATH\CodeIgniter.php(934): App\Controllers\AdmPost->lista_corte()
 3 SYSTEMPATH\CodeIgniter.php(499): CodeIgniter\CodeIgniter->runController(Object(App\Controllers\AdmPost))
 4 SYSTEMPATH\CodeIgniter.php(368): CodeIgniter\CodeIgniter->handleRequest(null, Object(Config\Cache), false)
 5 FCPATH\index.php(67): CodeIgniter\CodeIgniter->run()
CRITICAL - 2023-07-25 18:02:05 --> Undefined variable $id_temp
in APPPATH\Controllers\AdmPost.php on line 53.
 1 APPPATH\Controllers\AdmPost.php(53): CodeIgniter\Debug\Exceptions->errorHandler(2, 'Undefined variable $id_temp', 'C:\\xampp\\htdocs\\codi\\app\\Controllers\\AdmPost.php', 53)
 2 SYSTEMPATH\CodeIgniter.php(934): App\Controllers\AdmPost->lista_corte()
 3 SYSTEMPATH\CodeIgniter.php(499): CodeIgniter\CodeIgniter->runController(Object(App\Controllers\AdmPost))
 4 SYSTEMPATH\CodeIgniter.php(368): CodeIgniter\CodeIgniter->handleRequest(null, Object(Config\Cache), false)
 5 FCPATH\index.php(67): CodeIgniter\CodeIgniter->run()
CRITICAL - 2023-07-25 18:02:06 --> Undefined variable $id_temp
in APPPATH\Controllers\AdmPost.php on line 53.
 1 APPPATH\Controllers\AdmPost.php(53): CodeIgniter\Debug\Exceptions->errorHandler(2, 'Undefined variable $id_temp', 'C:\\xampp\\htdocs\\codi\\app\\Controllers\\AdmPost.php', 53)
 2 SYSTEMPATH\CodeIgniter.php(934): App\Controllers\AdmPost->lista_corte()
 3 SYSTEMPATH\CodeIgniter.php(499): CodeIgniter\CodeIgniter->runController(Object(App\Controllers\AdmPost))
 4 SYSTEMPATH\CodeIgniter.php(368): CodeIgniter\CodeIgniter->handleRequest(null, Object(Config\Cache), false)
 5 FCPATH\index.php(67): CodeIgniter\CodeIgniter->run()
CRITICAL - 2023-07-25 18:02:07 --> Undefined variable $id_temp
in APPPATH\Controllers\AdmPost.php on line 53.
 1 APPPATH\Controllers\AdmPost.php(53): CodeIgniter\Debug\Exceptions->errorHandler(2, 'Undefined variable $id_temp', 'C:\\xampp\\htdocs\\codi\\app\\Controllers\\AdmPost.php', 53)
 2 SYSTEMPATH\CodeIgniter.php(934): App\Controllers\AdmPost->lista_corte()
 3 SYSTEMPATH\CodeIgniter.php(499): CodeIgniter\CodeIgniter->runController(Object(App\Controllers\AdmPost))
 4 SYSTEMPATH\CodeIgniter.php(368): CodeIgniter\CodeIgniter->handleRequest(null, Object(Config\Cache), false)
 5 FCPATH\index.php(67): CodeIgniter\CodeIgniter->run()
CRITICAL - 2023-07-25 18:02:08 --> Undefined variable $id_temp
in APPPATH\Controllers\AdmPost.php on line 53.
 1 APPPATH\Controllers\AdmPost.php(53): CodeIgniter\Debug\Exceptions->errorHandler(2, 'Undefined variable $id_temp', 'C:\\xampp\\htdocs\\codi\\app\\Controllers\\AdmPost.php', 53)
 2 SYSTEMPATH\CodeIgniter.php(934): App\Controllers\AdmPost->lista_corte()
 3 SYSTEMPATH\CodeIgniter.php(499): CodeIgniter\CodeIgniter->runController(Object(App\Controllers\AdmPost))
 4 SYSTEMPATH\CodeIgniter.php(368): CodeIgniter\CodeIgniter->handleRequest(null, Object(Config\Cache), false)
 5 FCPATH\index.php(67): CodeIgniter\CodeIgniter->run()
CRITICAL - 2023-07-25 18:02:09 --> Undefined variable $id_temp
in APPPATH\Controllers\AdmPost.php on line 53.
 1 APPPATH\Controllers\AdmPost.php(53): CodeIgniter\Debug\Exceptions->errorHandler(2, 'Undefined variable $id_temp', 'C:\\xampp\\htdocs\\codi\\app\\Controllers\\AdmPost.php', 53)
 2 SYSTEMPATH\CodeIgniter.php(934): App\Controllers\AdmPost->lista_corte()
 3 SYSTEMPATH\CodeIgniter.php(499): CodeIgniter\CodeIgniter->runController(Object(App\Controllers\AdmPost))
 4 SYSTEMPATH\CodeIgniter.php(368): CodeIgniter\CodeIgniter->handleRequest(null, Object(Config\Cache), false)
 5 FCPATH\index.php(67): CodeIgniter\CodeIgniter->run()
CRITICAL - 2023-07-25 18:02:10 --> Undefined variable $id_temp
in APPPATH\Controllers\AdmPost.php on line 53.
 1 APPPATH\Controllers\AdmPost.php(53): CodeIgniter\Debug\Exceptions->errorHandler(2, 'Undefined variable $id_temp', 'C:\\xampp\\htdocs\\codi\\app\\Controllers\\AdmPost.php', 53)
 2 SYSTEMPATH\CodeIgniter.php(934): App\Controllers\AdmPost->lista_corte()
 3 SYSTEMPATH\CodeIgniter.php(499): CodeIgniter\CodeIgniter->runController(Object(App\Controllers\AdmPost))
 4 SYSTEMPATH\CodeIgniter.php(368): CodeIgniter\CodeIgniter->handleRequest(null, Object(Config\Cache), false)
 5 FCPATH\index.php(67): CodeIgniter\CodeIgniter->run()
CRITICAL - 2023-07-25 18:02:11 --> Undefined variable $id_temp
in APPPATH\Controllers\AdmPost.php on line 53.
 1 APPPATH\Controllers\AdmPost.php(53): CodeIgniter\Debug\Exceptions->errorHandler(2, 'Undefined variable $id_temp', 'C:\\xampp\\htdocs\\codi\\app\\Controllers\\AdmPost.php', 53)
 2 SYSTEMPATH\CodeIgniter.php(934): App\Controllers\AdmPost->lista_corte()
 3 SYSTEMPATH\CodeIgniter.php(499): CodeIgniter\CodeIgniter->runController(Object(App\Controllers\AdmPost))
 4 SYSTEMPATH\CodeIgniter.php(368): CodeIgniter\CodeIgniter->handleRequest(null, Object(Config\Cache), false)
 5 FCPATH\index.php(67): CodeIgniter\CodeIgniter->run()
CRITICAL - 2023-07-25 18:02:12 --> Undefined variable $id_temp
in APPPATH\Controllers\AdmPost.php on line 53.
 1 APPPATH\Controllers\AdmPost.php(53): CodeIgniter\Debug\Exceptions->errorHandler(2, 'Undefined variable $id_temp', 'C:\\xampp\\htdocs\\codi\\app\\Controllers\\AdmPost.php', 53)
 2 SYSTEMPATH\CodeIgniter.php(934): App\Controllers\AdmPost->lista_corte()
 3 SYSTEMPATH\CodeIgniter.php(499): CodeIgniter\CodeIgniter->runController(Object(App\Controllers\AdmPost))
 4 SYSTEMPATH\CodeIgniter.php(368): CodeIgniter\CodeIgniter->handleRequest(null, Object(Config\Cache), false)
 5 FCPATH\index.php(67): CodeIgniter\CodeIgniter->run()
CRITICAL - 2023-07-25 18:02:13 --> Undefined variable $id_temp
in APPPATH\Controllers\AdmPost.php on line 53.
 1 APPPATH\Controllers\AdmPost.php(53): CodeIgniter\Debug\Exceptions->errorHandler(2, 'Undefined variable $id_temp', 'C:\\xampp\\htdocs\\codi\\app\\Controllers\\AdmPost.php', 53)
 2 SYSTEMPATH\CodeIgniter.php(934): App\Controllers\AdmPost->lista_corte()
 3 SYSTEMPATH\CodeIgniter.php(499): CodeIgniter\CodeIgniter->runController(Object(App\Controllers\AdmPost))
 4 SYSTEMPATH\CodeIgniter.php(368): CodeIgniter\CodeIgniter->handleRequest(null, Object(Config\Cache), false)
 5 FCPATH\index.php(67): CodeIgniter\CodeIgniter->run()
CRITICAL - 2023-07-25 18:02:14 --> Undefined variable $id_temp
in APPPATH\Controllers\AdmPost.php on line 53.
 1 APPPATH\Controllers\AdmPost.php(53): CodeIgniter\Debug\Exceptions->errorHandler(2, 'Undefined variable $id_temp', 'C:\\xampp\\htdocs\\codi\\app\\Controllers\\AdmPost.php', 53)
 2 SYSTEMPATH\CodeIgniter.php(934): App\Controllers\AdmPost->lista_corte()
 3 SYSTEMPATH\CodeIgniter.php(499): CodeIgniter\CodeIgniter->runController(Object(App\Controllers\AdmPost))
 4 SYSTEMPATH\CodeIgniter.php(368): CodeIgniter\CodeIgniter->handleRequest(null, Object(Config\Cache), false)
 5 FCPATH\index.php(67): CodeIgniter\CodeIgniter->run()
CRITICAL - 2023-07-25 18:02:15 --> Undefined variable $id_temp
in APPPATH\Controllers\AdmPost.php on line 53.
 1 APPPATH\Controllers\AdmPost.php(53): CodeIgniter\Debug\Exceptions->errorHandler(2, 'Undefined variable $id_temp', 'C:\\xampp\\htdocs\\codi\\app\\Controllers\\AdmPost.php', 53)
 2 SYSTEMPATH\CodeIgniter.php(934): App\Controllers\AdmPost->lista_corte()
 3 SYSTEMPATH\CodeIgniter.php(499): CodeIgniter\CodeIgniter->runController(Object(App\Controllers\AdmPost))
 4 SYSTEMPATH\CodeIgniter.php(368): CodeIgniter\CodeIgniter->handleRequest(null, Object(Config\Cache), false)
 5 FCPATH\index.php(67): CodeIgniter\CodeIgniter->run()
CRITICAL - 2023-07-25 18:02:16 --> Undefined variable $id_temp
in APPPATH\Controllers\AdmPost.php on line 53.
 1 APPPATH\Controllers\AdmPost.php(53): CodeIgniter\Debug\Exceptions->errorHandler(2, 'Undefined variable $id_temp', 'C:\\xampp\\htdocs\\codi\\app\\Controllers\\AdmPost.php', 53)
 2 SYSTEMPATH\CodeIgniter.php(934): App\Controllers\AdmPost->lista_corte()
 3 SYSTEMPATH\CodeIgniter.php(499): CodeIgniter\CodeIgniter->runController(Object(App\Controllers\AdmPost))
 4 SYSTEMPATH\CodeIgniter.php(368): CodeIgniter\CodeIgniter->handleRequest(null, Object(Config\Cache), false)
 5 FCPATH\index.php(67): CodeIgniter\CodeIgniter->run()
CRITICAL - 2023-07-25 18:02:17 --> Undefined variable $id_temp
in APPPATH\Controllers\AdmPost.php on line 53.
 1 APPPATH\Controllers\AdmPost.php(53): CodeIgniter\Debug\Exceptions->errorHandler(2, 'Undefined variable $id_temp', 'C:\\xampp\\htdocs\\codi\\app\\Controllers\\AdmPost.php', 53)
 2 SYSTEMPATH\CodeIgniter.php(934): App\Controllers\AdmPost->lista_corte()
 3 SYSTEMPATH\CodeIgniter.php(499): CodeIgniter\CodeIgniter->runController(Object(App\Controllers\AdmPost))
 4 SYSTEMPATH\CodeIgniter.php(368): CodeIgniter\CodeIgniter->handleRequest(null, Object(Config\Cache), false)
 5 FCPATH\index.php(67): CodeIgniter\CodeIgniter->run()
CRITICAL - 2023-07-25 18:02:18 --> Undefined variable $id_temp
in APPPATH\Controllers\AdmPost.php on line 53.
 1 APPPATH\Controllers\AdmPost.php(53): CodeIgniter\Debug\Exceptions->errorHandler(2, 'Undefined variable $id_temp', 'C:\\xampp\\htdocs\\codi\\app\\Controllers\\AdmPost.php', 53)
 2 SYSTEMPATH\CodeIgniter.php(934): App\Controllers\AdmPost->lista_corte()
 3 SYSTEMPATH\CodeIgniter.php(499): CodeIgniter\CodeIgniter->runController(Object(App\Controllers\AdmPost))
 4 SYSTEMPATH\CodeIgniter.php(368): CodeIgniter\CodeIgniter->handleRequest(null, Object(Config\Cache), false)
 5 FCPATH\index.php(67): CodeIgniter\CodeIgniter->run()
CRITICAL - 2023-07-25 18:02:19 --> Undefined variable $id_temp
in APPPATH\Controllers\AdmPost.php on line 53.
 1 APPPATH\Controllers\AdmPost.php(53): CodeIgniter\Debug\Exceptions->errorHandler(2, 'Undefined variable $id_temp', 'C:\\xampp\\htdocs\\codi\\app\\Controllers\\AdmPost.php', 53)
 2 SYSTEMPATH\CodeIgniter.php(934): App\Controllers\AdmPost->lista_corte()
 3 SYSTEMPATH\CodeIgniter.php(499): CodeIgniter\CodeIgniter->runController(Object(App\Controllers\AdmPost))
 4 SYSTEMPATH\CodeIgniter.php(368): CodeIgniter\CodeIgniter->handleRequest(null, Object(Config\Cache), false)
 5 FCPATH\index.php(67): CodeIgniter\CodeIgniter->run()
CRITICAL - 2023-07-25 18:02:20 --> Undefined variable $id_temp
in APPPATH\Controllers\AdmPost.php on line 53.
 1 APPPATH\Controllers\AdmPost.php(53): CodeIgniter\Debug\Exceptions->errorHandler(2, 'Undefined variable $id_temp', 'C:\\xampp\\htdocs\\codi\\app\\Controllers\\AdmPost.php', 53)
 2 SYSTEMPATH\CodeIgniter.php(934): App\Controllers\AdmPost->lista_corte()
 3 SYSTEMPATH\CodeIgniter.php(499): CodeIgniter\CodeIgniter->runController(Object(App\Controllers\AdmPost))
 4 SYSTEMPATH\CodeIgniter.php(368): CodeIgniter\CodeIgniter->handleRequest(null, Object(Config\Cache), false)
 5 FCPATH\index.php(67): CodeIgniter\CodeIgniter->run()
CRITICAL - 2023-07-25 18:02:21 --> Undefined variable $id_temp
in APPPATH\Controllers\AdmPost.php on line 53.
 1 APPPATH\Controllers\AdmPost.php(53): CodeIgniter\Debug\Exceptions->errorHandler(2, 'Undefined variable $id_temp', 'C:\\xampp\\htdocs\\codi\\app\\Controllers\\AdmPost.php', 53)
 2 SYSTEMPATH\CodeIgniter.php(934): App\Controllers\AdmPost->lista_corte()
 3 SYSTEMPATH\CodeIgniter.php(499): CodeIgniter\CodeIgniter->runController(Object(App\Controllers\AdmPost))
 4 SYSTEMPATH\CodeIgniter.php(368): CodeIgniter\CodeIgniter->handleRequest(null, Object(Config\Cache), false)
 5 FCPATH\index.php(67): CodeIgniter\CodeIgniter->run()
CRITICAL - 2023-07-25 18:02:22 --> Undefined variable $id_temp
in APPPATH\Controllers\AdmPost.php on line 53.
 1 APPPATH\Controllers\AdmPost.php(53): CodeIgniter\Debug\Exceptions->errorHandler(2, 'Undefined variable $id_temp', 'C:\\xampp\\htdocs\\codi\\app\\Controllers\\AdmPost.php', 53)
 2 SYSTEMPATH\CodeIgniter.php(934): App\Controllers\AdmPost->lista_corte()
 3 SYSTEMPATH\CodeIgniter.php(499): CodeIgniter\CodeIgniter->runController(Object(App\Controllers\AdmPost))
 4 SYSTEMPATH\CodeIgniter.php(368): CodeIgniter\CodeIgniter->handleRequest(null, Object(Config\Cache), false)
 5 FCPATH\index.php(67): CodeIgniter\CodeIgniter->run()
CRITICAL - 2023-07-25 18:02:23 --> Undefined variable $id_temp
in APPPATH\Controllers\AdmPost.php on line 53.
 1 APPPATH\Controllers\AdmPost.php(53): CodeIgniter\Debug\Exceptions->errorHandler(2, 'Undefined variable $id_temp', 'C:\\xampp\\htdocs\\codi\\app\\Controllers\\AdmPost.php', 53)
 2 SYSTEMPATH\CodeIgniter.php(934): App\Controllers\AdmPost->lista_corte()
 3 SYSTEMPATH\CodeIgniter.php(499): CodeIgniter\CodeIgniter->runController(Object(App\Controllers\AdmPost))
 4 SYSTEMPATH\CodeIgniter.php(368): CodeIgniter\CodeIgniter->handleRequest(null, Object(Config\Cache), false)
 5 FCPATH\index.php(67): CodeIgniter\CodeIgniter->run()
CRITICAL - 2023-07-25 18:02:24 --> Undefined variable $id_temp
in APPPATH\Controllers\AdmPost.php on line 53.
 1 APPPATH\Controllers\AdmPost.php(53): CodeIgniter\Debug\Exceptions->errorHandler(2, 'Undefined variable $id_temp', 'C:\\xampp\\htdocs\\codi\\app\\Controllers\\AdmPost.php', 53)
 2 SYSTEMPATH\CodeIgniter.php(934): App\Controllers\AdmPost->lista_corte()
 3 SYSTEMPATH\CodeIgniter.php(499): CodeIgniter\CodeIgniter->runController(Object(App\Controllers\AdmPost))
 4 SYSTEMPATH\CodeIgniter.php(368): CodeIgniter\CodeIgniter->handleRequest(null, Object(Config\Cache), false)
 5 FCPATH\index.php(67): CodeIgniter\CodeIgniter->run()
CRITICAL - 2023-07-25 18:02:25 --> Undefined variable $id_temp
in APPPATH\Controllers\AdmPost.php on line 53.
 1 APPPATH\Controllers\AdmPost.php(53): CodeIgniter\Debug\Exceptions->errorHandler(2, 'Undefined variable $id_temp', 'C:\\xampp\\htdocs\\codi\\app\\Controllers\\AdmPost.php', 53)
 2 SYSTEMPATH\CodeIgniter.php(934): App\Controllers\AdmPost->lista_corte()
 3 SYSTEMPATH\CodeIgniter.php(499): CodeIgniter\CodeIgniter->runController(Object(App\Controllers\AdmPost))
 4 SYSTEMPATH\CodeIgniter.php(368): CodeIgniter\CodeIgniter->handleRequest(null, Object(Config\Cache), false)
 5 FCPATH\index.php(67): CodeIgniter\CodeIgniter->run()
CRITICAL - 2023-07-25 18:02:26 --> Undefined variable $id_temp
in APPPATH\Controllers\AdmPost.php on line 53.
 1 APPPATH\Controllers\AdmPost.php(53): CodeIgniter\Debug\Exceptions->errorHandler(2, 'Undefined variable $id_temp', 'C:\\xampp\\htdocs\\codi\\app\\Controllers\\AdmPost.php', 53)
 2 SYSTEMPATH\CodeIgniter.php(934): App\Controllers\AdmPost->lista_corte()
 3 SYSTEMPATH\CodeIgniter.php(499): CodeIgniter\CodeIgniter->runController(Object(App\Controllers\AdmPost))
 4 SYSTEMPATH\CodeIgniter.php(368): CodeIgniter\CodeIgniter->handleRequest(null, Object(Config\Cache), false)
 5 FCPATH\index.php(67): CodeIgniter\CodeIgniter->run()
CRITICAL - 2023-07-25 18:02:27 --> Undefined variable $id_temp
in APPPATH\Controllers\AdmPost.php on line 53.
 1 APPPATH\Controllers\AdmPost.php(53): CodeIgniter\Debug\Exceptions->errorHandler(2, 'Undefined variable $id_temp', 'C:\\xampp\\htdocs\\codi\\app\\Controllers\\AdmPost.php', 53)
 2 SYSTEMPATH\CodeIgniter.php(934): App\Controllers\AdmPost->lista_corte()
 3 SYSTEMPATH\CodeIgniter.php(499): CodeIgniter\CodeIgniter->runController(Object(App\Controllers\AdmPost))
 4 SYSTEMPATH\CodeIgniter.php(368): CodeIgniter\CodeIgniter->handleRequest(null, Object(Config\Cache), false)
 5 FCPATH\index.php(67): CodeIgniter\CodeIgniter->run()
CRITICAL - 2023-07-25 18:02:28 --> Undefined variable $id_temp
in APPPATH\Controllers\AdmPost.php on line 53.
 1 APPPATH\Controllers\AdmPost.php(53): CodeIgniter\Debug\Exceptions->errorHandler(2, 'Undefined variable $id_temp', 'C:\\xampp\\htdocs\\codi\\app\\Controllers\\AdmPost.php', 53)
 2 SYSTEMPATH\CodeIgniter.php(934): App\Controllers\AdmPost->lista_corte()
 3 SYSTEMPATH\CodeIgniter.php(499): CodeIgniter\CodeIgniter->runController(Object(App\Controllers\AdmPost))
 4 SYSTEMPATH\CodeIgniter.php(368): CodeIgniter\CodeIgniter->handleRequest(null, Object(Config\Cache), false)
 5 FCPATH\index.php(67): CodeIgniter\CodeIgniter->run()
CRITICAL - 2023-07-25 18:02:29 --> Undefined variable $id_temp
in APPPATH\Controllers\AdmPost.php on line 53.
 1 APPPATH\Controllers\AdmPost.php(53): CodeIgniter\Debug\Exceptions->errorHandler(2, 'Undefined variable $id_temp', 'C:\\xampp\\htdocs\\codi\\app\\Controllers\\AdmPost.php', 53)
 2 SYSTEMPATH\CodeIgniter.php(934): App\Controllers\AdmPost->lista_corte()
 3 SYSTEMPATH\CodeIgniter.php(499): CodeIgniter\CodeIgniter->runController(Object(App\Controllers\AdmPost))
 4 SYSTEMPATH\CodeIgniter.php(368): CodeIgniter\CodeIgniter->handleRequest(null, Object(Config\Cache), false)
 5 FCPATH\index.php(67): CodeIgniter\CodeIgniter->run()
CRITICAL - 2023-07-25 18:02:30 --> Undefined variable $id_temp
in APPPATH\Controllers\AdmPost.php on line 53.
 1 APPPATH\Controllers\AdmPost.php(53): CodeIgniter\Debug\Exceptions->errorHandler(2, 'Undefined variable $id_temp', 'C:\\xampp\\htdocs\\codi\\app\\Controllers\\AdmPost.php', 53)
 2 SYSTEMPATH\CodeIgniter.php(934): App\Controllers\AdmPost->lista_corte()
 3 SYSTEMPATH\CodeIgniter.php(499): CodeIgniter\CodeIgniter->runController(Object(App\Controllers\AdmPost))
 4 SYSTEMPATH\CodeIgniter.php(368): CodeIgniter\CodeIgniter->handleRequest(null, Object(Config\Cache), false)
 5 FCPATH\index.php(67): CodeIgniter\CodeIgniter->run()
CRITICAL - 2023-07-25 18:02:31 --> Undefined variable $id_temp
in APPPATH\Controllers\AdmPost.php on line 53.
 1 APPPATH\Controllers\AdmPost.php(53): CodeIgniter\Debug\Exceptions->errorHandler(2, 'Undefined variable $id_temp', 'C:\\xampp\\htdocs\\codi\\app\\Controllers\\AdmPost.php', 53)
 2 SYSTEMPATH\CodeIgniter.php(934): App\Controllers\AdmPost->lista_corte()
 3 SYSTEMPATH\CodeIgniter.php(499): CodeIgniter\CodeIgniter->runController(Object(App\Controllers\AdmPost))
 4 SYSTEMPATH\CodeIgniter.php(368): CodeIgniter\CodeIgniter->handleRequest(null, Object(Config\Cache), false)
 5 FCPATH\index.php(67): CodeIgniter\CodeIgniter->run()
CRITICAL - 2023-07-25 18:02:32 --> Undefined variable $id_temp
in APPPATH\Controllers\AdmPost.php on line 53.
 1 APPPATH\Controllers\AdmPost.php(53): CodeIgniter\Debug\Exceptions->errorHandler(2, 'Undefined variable $id_temp', 'C:\\xampp\\htdocs\\codi\\app\\Controllers\\AdmPost.php', 53)
 2 SYSTEMPATH\CodeIgniter.php(934): App\Controllers\AdmPost->lista_corte()
 3 SYSTEMPATH\CodeIgniter.php(499): CodeIgniter\CodeIgniter->runController(Object(App\Controllers\AdmPost))
 4 SYSTEMPATH\CodeIgniter.php(368): CodeIgniter\CodeIgniter->handleRequest(null, Object(Config\Cache), false)
 5 FCPATH\index.php(67): CodeIgniter\CodeIgniter->run()
CRITICAL - 2023-07-25 18:02:33 --> Undefined variable $id_temp
in APPPATH\Controllers\AdmPost.php on line 53.
 1 APPPATH\Controllers\AdmPost.php(53): CodeIgniter\Debug\Exceptions->errorHandler(2, 'Undefined variable $id_temp', 'C:\\xampp\\htdocs\\codi\\app\\Controllers\\AdmPost.php', 53)
 2 SYSTEMPATH\CodeIgniter.php(934): App\Controllers\AdmPost->lista_corte()
 3 SYSTEMPATH\CodeIgniter.php(499): CodeIgniter\CodeIgniter->runController(Object(App\Controllers\AdmPost))
 4 SYSTEMPATH\CodeIgniter.php(368): CodeIgniter\CodeIgniter->handleRequest(null, Object(Config\Cache), false)
 5 FCPATH\index.php(67): CodeIgniter\CodeIgniter->run()
CRITICAL - 2023-07-25 18:02:34 --> Undefined variable $id_temp
in APPPATH\Controllers\AdmPost.php on line 53.
 1 APPPATH\Controllers\AdmPost.php(53): CodeIgniter\Debug\Exceptions->errorHandler(2, 'Undefined variable $id_temp', 'C:\\xampp\\htdocs\\codi\\app\\Controllers\\AdmPost.php', 53)
 2 SYSTEMPATH\CodeIgniter.php(934): App\Controllers\AdmPost->lista_corte()
 3 SYSTEMPATH\CodeIgniter.php(499): CodeIgniter\CodeIgniter->runController(Object(App\Controllers\AdmPost))
 4 SYSTEMPATH\CodeIgniter.php(368): CodeIgniter\CodeIgniter->handleRequest(null, Object(Config\Cache), false)
 5 FCPATH\index.php(67): CodeIgniter\CodeIgniter->run()
CRITICAL - 2023-07-25 18:02:35 --> Undefined variable $id_temp
in APPPATH\Controllers\AdmPost.php on line 53.
 1 APPPATH\Controllers\AdmPost.php(53): CodeIgniter\Debug\Exceptions->errorHandler(2, 'Undefined variable $id_temp', 'C:\\xampp\\htdocs\\codi\\app\\Controllers\\AdmPost.php', 53)
 2 SYSTEMPATH\CodeIgniter.php(934): App\Controllers\AdmPost->lista_corte()
 3 SYSTEMPATH\CodeIgniter.php(499): CodeIgniter\CodeIgniter->runController(Object(App\Controllers\AdmPost))
 4 SYSTEMPATH\CodeIgniter.php(368): CodeIgniter\CodeIgniter->handleRequest(null, Object(Config\Cache), false)
 5 FCPATH\index.php(67): CodeIgniter\CodeIgniter->run()
CRITICAL - 2023-07-25 18:02:36 --> Undefined variable $id_temp
in APPPATH\Controllers\AdmPost.php on line 53.
 1 APPPATH\Controllers\AdmPost.php(53): CodeIgniter\Debug\Exceptions->errorHandler(2, 'Undefined variable $id_temp', 'C:\\xampp\\htdocs\\codi\\app\\Controllers\\AdmPost.php', 53)
 2 SYSTEMPATH\CodeIgniter.php(934): App\Controllers\AdmPost->lista_corte()
 3 SYSTEMPATH\CodeIgniter.php(499): CodeIgniter\CodeIgniter->runController(Object(App\Controllers\AdmPost))
 4 SYSTEMPATH\CodeIgniter.php(368): CodeIgniter\CodeIgniter->handleRequest(null, Object(Config\Cache), false)
 5 FCPATH\index.php(67): CodeIgniter\CodeIgniter->run()
CRITICAL - 2023-07-25 18:02:37 --> Undefined variable $id_temp
in APPPATH\Controllers\AdmPost.php on line 53.
 1 APPPATH\Controllers\AdmPost.php(53): CodeIgniter\Debug\Exceptions->errorHandler(2, 'Undefined variable $id_temp', 'C:\\xampp\\htdocs\\codi\\app\\Controllers\\AdmPost.php', 53)
 2 SYSTEMPATH\CodeIgniter.php(934): App\Controllers\AdmPost->lista_corte()
 3 SYSTEMPATH\CodeIgniter.php(499): CodeIgniter\CodeIgniter->runController(Object(App\Controllers\AdmPost))
 4 SYSTEMPATH\CodeIgniter.php(368): CodeIgniter\CodeIgniter->handleRequest(null, Object(Config\Cache), false)
 5 FCPATH\index.php(67): CodeIgniter\CodeIgniter->run()
CRITICAL - 2023-07-25 18:02:38 --> Undefined variable $id_temp
in APPPATH\Controllers\AdmPost.php on line 53.
 1 APPPATH\Controllers\AdmPost.php(53): CodeIgniter\Debug\Exceptions->errorHandler(2, 'Undefined variable $id_temp', 'C:\\xampp\\htdocs\\codi\\app\\Controllers\\AdmPost.php', 53)
 2 SYSTEMPATH\CodeIgniter.php(934): App\Controllers\AdmPost->lista_corte()
 3 SYSTEMPATH\CodeIgniter.php(499): CodeIgniter\CodeIgniter->runController(Object(App\Controllers\AdmPost))
 4 SYSTEMPATH\CodeIgniter.php(368): CodeIgniter\CodeIgniter->handleRequest(null, Object(Config\Cache), false)
 5 FCPATH\index.php(67): CodeIgniter\CodeIgniter->run()
CRITICAL - 2023-07-25 18:02:39 --> Undefined variable $id_temp
in APPPATH\Controllers\AdmPost.php on line 53.
 1 APPPATH\Controllers\AdmPost.php(53): CodeIgniter\Debug\Exceptions->errorHandler(2, 'Undefined variable $id_temp', 'C:\\xampp\\htdocs\\codi\\app\\Controllers\\AdmPost.php', 53)
 2 SYSTEMPATH\CodeIgniter.php(934): App\Controllers\AdmPost->lista_corte()
 3 SYSTEMPATH\CodeIgniter.php(499): CodeIgniter\CodeIgniter->runController(Object(App\Controllers\AdmPost))
 4 SYSTEMPATH\CodeIgniter.php(368): CodeIgniter\CodeIgniter->handleRequest(null, Object(Config\Cache), false)
 5 FCPATH\index.php(67): CodeIgniter\CodeIgniter->run()
CRITICAL - 2023-07-25 18:02:40 --> Undefined variable $id_temp
in APPPATH\Controllers\AdmPost.php on line 53.
 1 APPPATH\Controllers\AdmPost.php(53): CodeIgniter\Debug\Exceptions->errorHandler(2, 'Undefined variable $id_temp', 'C:\\xampp\\htdocs\\codi\\app\\Controllers\\AdmPost.php', 53)
 2 SYSTEMPATH\CodeIgniter.php(934): App\Controllers\AdmPost->lista_corte()
 3 SYSTEMPATH\CodeIgniter.php(499): CodeIgniter\CodeIgniter->runController(Object(App\Controllers\AdmPost))
 4 SYSTEMPATH\CodeIgniter.php(368): CodeIgniter\CodeIgniter->handleRequest(null, Object(Config\Cache), false)
 5 FCPATH\index.php(67): CodeIgniter\CodeIgniter->run()
CRITICAL - 2023-07-25 18:02:41 --> Undefined variable $id_temp
in APPPATH\Controllers\AdmPost.php on line 53.
 1 APPPATH\Controllers\AdmPost.php(53): CodeIgniter\Debug\Exceptions->errorHandler(2, 'Undefined variable $id_temp', 'C:\\xampp\\htdocs\\codi\\app\\Controllers\\AdmPost.php', 53)
 2 SYSTEMPATH\CodeIgniter.php(934): App\Controllers\AdmPost->lista_corte()
 3 SYSTEMPATH\CodeIgniter.php(499): CodeIgniter\CodeIgniter->runController(Object(App\Controllers\AdmPost))
 4 SYSTEMPATH\CodeIgniter.php(368): CodeIgniter\CodeIgniter->handleRequest(null, Object(Config\Cache), false)
 5 FCPATH\index.php(67): CodeIgniter\CodeIgniter->run()
CRITICAL - 2023-07-25 18:02:42 --> Undefined variable $id_temp
in APPPATH\Controllers\AdmPost.php on line 53.
 1 APPPATH\Controllers\AdmPost.php(53): CodeIgniter\Debug\Exceptions->errorHandler(2, 'Undefined variable $id_temp', 'C:\\xampp\\htdocs\\codi\\app\\Controllers\\AdmPost.php', 53)
 2 SYSTEMPATH\CodeIgniter.php(934): App\Controllers\AdmPost->lista_corte()
 3 SYSTEMPATH\CodeIgniter.php(499): CodeIgniter\CodeIgniter->runController(Object(App\Controllers\AdmPost))
 4 SYSTEMPATH\CodeIgniter.php(368): CodeIgniter\CodeIgniter->handleRequest(null, Object(Config\Cache), false)
 5 FCPATH\index.php(67): CodeIgniter\CodeIgniter->run()
CRITICAL - 2023-07-25 18:02:43 --> Undefined variable $id_temp
in APPPATH\Controllers\AdmPost.php on line 53.
 1 APPPATH\Controllers\AdmPost.php(53): CodeIgniter\Debug\Exceptions->errorHandler(2, 'Undefined variable $id_temp', 'C:\\xampp\\htdocs\\codi\\app\\Controllers\\AdmPost.php', 53)
 2 SYSTEMPATH\CodeIgniter.php(934): App\Controllers\AdmPost->lista_corte()
 3 SYSTEMPATH\CodeIgniter.php(499): CodeIgniter\CodeIgniter->runController(Object(App\Controllers\AdmPost))
 4 SYSTEMPATH\CodeIgniter.php(368): CodeIgniter\CodeIgniter->handleRequest(null, Object(Config\Cache), false)
 5 FCPATH\index.php(67): CodeIgniter\CodeIgniter->run()
CRITICAL - 2023-07-25 18:02:44 --> Undefined variable $id_temp
in APPPATH\Controllers\AdmPost.php on line 53.
 1 APPPATH\Controllers\AdmPost.php(53): CodeIgniter\Debug\Exceptions->errorHandler(2, 'Undefined variable $id_temp', 'C:\\xampp\\htdocs\\codi\\app\\Controllers\\AdmPost.php', 53)
 2 SYSTEMPATH\CodeIgniter.php(934): App\Controllers\AdmPost->lista_corte()
 3 SYSTEMPATH\CodeIgniter.php(499): CodeIgniter\CodeIgniter->runController(Object(App\Controllers\AdmPost))
 4 SYSTEMPATH\CodeIgniter.php(368): CodeIgniter\CodeIgniter->handleRequest(null, Object(Config\Cache), false)
 5 FCPATH\index.php(67): CodeIgniter\CodeIgniter->run()
CRITICAL - 2023-07-25 18:02:45 --> Undefined variable $id_temp
in APPPATH\Controllers\AdmPost.php on line 53.
 1 APPPATH\Controllers\AdmPost.php(53): CodeIgniter\Debug\Exceptions->errorHandler(2, 'Undefined variable $id_temp', 'C:\\xampp\\htdocs\\codi\\app\\Controllers\\AdmPost.php', 53)
 2 SYSTEMPATH\CodeIgniter.php(934): App\Controllers\AdmPost->lista_corte()
 3 SYSTEMPATH\CodeIgniter.php(499): CodeIgniter\CodeIgniter->runController(Object(App\Controllers\AdmPost))
 4 SYSTEMPATH\CodeIgniter.php(368): CodeIgniter\CodeIgniter->handleRequest(null, Object(Config\Cache), false)
 5 FCPATH\index.php(67): CodeIgniter\CodeIgniter->run()
CRITICAL - 2023-07-25 18:02:46 --> Undefined variable $id_temp
in APPPATH\Controllers\AdmPost.php on line 53.
 1 APPPATH\Controllers\AdmPost.php(53): CodeIgniter\Debug\Exceptions->errorHandler(2, 'Undefined variable $id_temp', 'C:\\xampp\\htdocs\\codi\\app\\Controllers\\AdmPost.php', 53)
 2 SYSTEMPATH\CodeIgniter.php(934): App\Controllers\AdmPost->lista_corte()
 3 SYSTEMPATH\CodeIgniter.php(499): CodeIgniter\CodeIgniter->runController(Object(App\Controllers\AdmPost))
 4 SYSTEMPATH\CodeIgniter.php(368): CodeIgniter\CodeIgniter->handleRequest(null, Object(Config\Cache), false)
 5 FCPATH\index.php(67): CodeIgniter\CodeIgniter->run()
CRITICAL - 2023-07-25 18:02:47 --> Undefined variable $id_temp
in APPPATH\Controllers\AdmPost.php on line 53.
 1 APPPATH\Controllers\AdmPost.php(53): CodeIgniter\Debug\Exceptions->errorHandler(2, 'Undefined variable $id_temp', 'C:\\xampp\\htdocs\\codi\\app\\Controllers\\AdmPost.php', 53)
 2 SYSTEMPATH\CodeIgniter.php(934): App\Controllers\AdmPost->lista_corte()
 3 SYSTEMPATH\CodeIgniter.php(499): CodeIgniter\CodeIgniter->runController(Object(App\Controllers\AdmPost))
 4 SYSTEMPATH\CodeIgniter.php(368): CodeIgniter\CodeIgniter->handleRequest(null, Object(Config\Cache), false)
 5 FCPATH\index.php(67): CodeIgniter\CodeIgniter->run()
CRITICAL - 2023-07-25 18:02:48 --> Undefined variable $id_temp
in APPPATH\Controllers\AdmPost.php on line 53.
 1 APPPATH\Controllers\AdmPost.php(53): CodeIgniter\Debug\Exceptions->errorHandler(2, 'Undefined variable $id_temp', 'C:\\xampp\\htdocs\\codi\\app\\Controllers\\AdmPost.php', 53)
 2 SYSTEMPATH\CodeIgniter.php(934): App\Controllers\AdmPost->lista_corte()
 3 SYSTEMPATH\CodeIgniter.php(499): CodeIgniter\CodeIgniter->runController(Object(App\Controllers\AdmPost))
 4 SYSTEMPATH\CodeIgniter.php(368): CodeIgniter\CodeIgniter->handleRequest(null, Object(Config\Cache), false)
 5 FCPATH\index.php(67): CodeIgniter\CodeIgniter->run()
CRITICAL - 2023-07-25 18:02:49 --> Undefined variable $id_temp
in APPPATH\Controllers\AdmPost.php on line 53.
 1 APPPATH\Controllers\AdmPost.php(53): CodeIgniter\Debug\Exceptions->errorHandler(2, 'Undefined variable $id_temp', 'C:\\xampp\\htdocs\\codi\\app\\Controllers\\AdmPost.php', 53)
 2 SYSTEMPATH\CodeIgniter.php(934): App\Controllers\AdmPost->lista_corte()
 3 SYSTEMPATH\CodeIgniter.php(499): CodeIgniter\CodeIgniter->runController(Object(App\Controllers\AdmPost))
 4 SYSTEMPATH\CodeIgniter.php(368): CodeIgniter\CodeIgniter->handleRequest(null, Object(Config\Cache), false)
 5 FCPATH\index.php(67): CodeIgniter\CodeIgniter->run()
CRITICAL - 2023-07-25 18:02:50 --> Undefined variable $id_temp
in APPPATH\Controllers\AdmPost.php on line 53.
 1 APPPATH\Controllers\AdmPost.php(53): CodeIgniter\Debug\Exceptions->errorHandler(2, 'Undefined variable $id_temp', 'C:\\xampp\\htdocs\\codi\\app\\Controllers\\AdmPost.php', 53)
 2 SYSTEMPATH\CodeIgniter.php(934): App\Controllers\AdmPost->lista_corte()
 3 SYSTEMPATH\CodeIgniter.php(499): CodeIgniter\CodeIgniter->runController(Object(App\Controllers\AdmPost))
 4 SYSTEMPATH\CodeIgniter.php(368): CodeIgniter\CodeIgniter->handleRequest(null, Object(Config\Cache), false)
 5 FCPATH\index.php(67): CodeIgniter\CodeIgniter->run()
CRITICAL - 2023-07-25 18:02:51 --> Undefined variable $id_temp
in APPPATH\Controllers\AdmPost.php on line 53.
 1 APPPATH\Controllers\AdmPost.php(53): CodeIgniter\Debug\Exceptions->errorHandler(2, 'Undefined variable $id_temp', 'C:\\xampp\\htdocs\\codi\\app\\Controllers\\AdmPost.php', 53)
 2 SYSTEMPATH\CodeIgniter.php(934): App\Controllers\AdmPost->lista_corte()
 3 SYSTEMPATH\CodeIgniter.php(499): CodeIgniter\CodeIgniter->runController(Object(App\Controllers\AdmPost))
 4 SYSTEMPATH\CodeIgniter.php(368): CodeIgniter\CodeIgniter->handleRequest(null, Object(Config\Cache), false)
 5 FCPATH\index.php(67): CodeIgniter\CodeIgniter->run()
CRITICAL - 2023-07-25 18:02:52 --> Undefined variable $id_temp
in APPPATH\Controllers\AdmPost.php on line 53.
 1 APPPATH\Controllers\AdmPost.php(53): CodeIgniter\Debug\Exceptions->errorHandler(2, 'Undefined variable $id_temp', 'C:\\xampp\\htdocs\\codi\\app\\Controllers\\AdmPost.php', 53)
 2 SYSTEMPATH\CodeIgniter.php(934): App\Controllers\AdmPost->lista_corte()
 3 SYSTEMPATH\CodeIgniter.php(499): CodeIgniter\CodeIgniter->runController(Object(App\Controllers\AdmPost))
 4 SYSTEMPATH\CodeIgniter.php(368): CodeIgniter\CodeIgniter->handleRequest(null, Object(Config\Cache), false)
 5 FCPATH\index.php(67): CodeIgniter\CodeIgniter->run()
CRITICAL - 2023-07-25 18:02:53 --> Undefined variable $id_temp
in APPPATH\Controllers\AdmPost.php on line 53.
 1 APPPATH\Controllers\AdmPost.php(53): CodeIgniter\Debug\Exceptions->errorHandler(2, 'Undefined variable $id_temp', 'C:\\xampp\\htdocs\\codi\\app\\Controllers\\AdmPost.php', 53)
 2 SYSTEMPATH\CodeIgniter.php(934): App\Controllers\AdmPost->lista_corte()
 3 SYSTEMPATH\CodeIgniter.php(499): CodeIgniter\CodeIgniter->runController(Object(App\Controllers\AdmPost))
 4 SYSTEMPATH\CodeIgniter.php(368): CodeIgniter\CodeIgniter->handleRequest(null, Object(Config\Cache), false)
 5 FCPATH\index.php(67): CodeIgniter\CodeIgniter->run()
CRITICAL - 2023-07-25 18:02:54 --> Undefined variable $id_temp
in APPPATH\Controllers\AdmPost.php on line 53.
 1 APPPATH\Controllers\AdmPost.php(53): CodeIgniter\Debug\Exceptions->errorHandler(2, 'Undefined variable $id_temp', 'C:\\xampp\\htdocs\\codi\\app\\Controllers\\AdmPost.php', 53)
 2 SYSTEMPATH\CodeIgniter.php(934): App\Controllers\AdmPost->lista_corte()
 3 SYSTEMPATH\CodeIgniter.php(499): CodeIgniter\CodeIgniter->runController(Object(App\Controllers\AdmPost))
 4 SYSTEMPATH\CodeIgniter.php(368): CodeIgniter\CodeIgniter->handleRequest(null, Object(Config\Cache), false)
 5 FCPATH\index.php(67): CodeIgniter\CodeIgniter->run()
CRITICAL - 2023-07-25 18:02:55 --> Undefined variable $id_temp
in APPPATH\Controllers\AdmPost.php on line 53.
 1 APPPATH\Controllers\AdmPost.php(53): CodeIgniter\Debug\Exceptions->errorHandler(2, 'Undefined variable $id_temp', 'C:\\xampp\\htdocs\\codi\\app\\Controllers\\AdmPost.php', 53)
 2 SYSTEMPATH\CodeIgniter.php(934): App\Controllers\AdmPost->lista_corte()
 3 SYSTEMPATH\CodeIgniter.php(499): CodeIgniter\CodeIgniter->runController(Object(App\Controllers\AdmPost))
 4 SYSTEMPATH\CodeIgniter.php(368): CodeIgniter\CodeIgniter->handleRequest(null, Object(Config\Cache), false)
 5 FCPATH\index.php(67): CodeIgniter\CodeIgniter->run()
CRITICAL - 2023-07-25 18:02:56 --> Undefined variable $id_temp
in APPPATH\Controllers\AdmPost.php on line 53.
 1 APPPATH\Controllers\AdmPost.php(53): CodeIgniter\Debug\Exceptions->errorHandler(2, 'Undefined variable $id_temp', 'C:\\xampp\\htdocs\\codi\\app\\Controllers\\AdmPost.php', 53)
 2 SYSTEMPATH\CodeIgniter.php(934): App\Controllers\AdmPost->lista_corte()
 3 SYSTEMPATH\CodeIgniter.php(499): CodeIgniter\CodeIgniter->runController(Object(App\Controllers\AdmPost))
 4 SYSTEMPATH\CodeIgniter.php(368): CodeIgniter\CodeIgniter->handleRequest(null, Object(Config\Cache), false)
 5 FCPATH\index.php(67): CodeIgniter\CodeIgniter->run()
CRITICAL - 2023-07-25 18:02:57 --> Undefined variable $id_temp
in APPPATH\Controllers\AdmPost.php on line 53.
 1 APPPATH\Controllers\AdmPost.php(53): CodeIgniter\Debug\Exceptions->errorHandler(2, 'Undefined variable $id_temp', 'C:\\xampp\\htdocs\\codi\\app\\Controllers\\AdmPost.php', 53)
 2 SYSTEMPATH\CodeIgniter.php(934): App\Controllers\AdmPost->lista_corte()
 3 SYSTEMPATH\CodeIgniter.php(499): CodeIgniter\CodeIgniter->runController(Object(App\Controllers\AdmPost))
 4 SYSTEMPATH\CodeIgniter.php(368): CodeIgniter\CodeIgniter->handleRequest(null, Object(Config\Cache), false)
 5 FCPATH\index.php(67): CodeIgniter\CodeIgniter->run()
CRITICAL - 2023-07-25 18:02:58 --> Undefined variable $id_temp
in APPPATH\Controllers\AdmPost.php on line 53.
 1 APPPATH\Controllers\AdmPost.php(53): CodeIgniter\Debug\Exceptions->errorHandler(2, 'Undefined variable $id_temp', 'C:\\xampp\\htdocs\\codi\\app\\Controllers\\AdmPost.php', 53)
 2 SYSTEMPATH\CodeIgniter.php(934): App\Controllers\AdmPost->lista_corte()
 3 SYSTEMPATH\CodeIgniter.php(499): CodeIgniter\CodeIgniter->runController(Object(App\Controllers\AdmPost))
 4 SYSTEMPATH\CodeIgniter.php(368): CodeIgniter\CodeIgniter->handleRequest(null, Object(Config\Cache), false)
 5 FCPATH\index.php(67): CodeIgniter\CodeIgniter->run()
CRITICAL - 2023-07-25 18:02:59 --> Undefined variable $id_temp
in APPPATH\Controllers\AdmPost.php on line 53.
 1 APPPATH\Controllers\AdmPost.php(53): CodeIgniter\Debug\Exceptions->errorHandler(2, 'Undefined variable $id_temp', 'C:\\xampp\\htdocs\\codi\\app\\Controllers\\AdmPost.php', 53)
 2 SYSTEMPATH\CodeIgniter.php(934): App\Controllers\AdmPost->lista_corte()
 3 SYSTEMPATH\CodeIgniter.php(499): CodeIgniter\CodeIgniter->runController(Object(App\Controllers\AdmPost))
 4 SYSTEMPATH\CodeIgniter.php(368): CodeIgniter\CodeIgniter->handleRequest(null, Object(Config\Cache), false)
 5 FCPATH\index.php(67): CodeIgniter\CodeIgniter->run()
CRITICAL - 2023-07-25 18:03:00 --> Undefined variable $id_temp
in APPPATH\Controllers\AdmPost.php on line 53.
 1 APPPATH\Controllers\AdmPost.php(53): CodeIgniter\Debug\Exceptions->errorHandler(2, 'Undefined variable $id_temp', 'C:\\xampp\\htdocs\\codi\\app\\Controllers\\AdmPost.php', 53)
 2 SYSTEMPATH\CodeIgniter.php(934): App\Controllers\AdmPost->lista_corte()
 3 SYSTEMPATH\CodeIgniter.php(499): CodeIgniter\CodeIgniter->runController(Object(App\Controllers\AdmPost))
 4 SYSTEMPATH\CodeIgniter.php(368): CodeIgniter\CodeIgniter->handleRequest(null, Object(Config\Cache), false)
 5 FCPATH\index.php(67): CodeIgniter\CodeIgniter->run()
CRITICAL - 2023-07-25 18:03:01 --> Undefined variable $id_temp
in APPPATH\Controllers\AdmPost.php on line 53.
 1 APPPATH\Controllers\AdmPost.php(53): CodeIgniter\Debug\Exceptions->errorHandler(2, 'Undefined variable $id_temp', 'C:\\xampp\\htdocs\\codi\\app\\Controllers\\AdmPost.php', 53)
 2 SYSTEMPATH\CodeIgniter.php(934): App\Controllers\AdmPost->lista_corte()
 3 SYSTEMPATH\CodeIgniter.php(499): CodeIgniter\CodeIgniter->runController(Object(App\Controllers\AdmPost))
 4 SYSTEMPATH\CodeIgniter.php(368): CodeIgniter\CodeIgniter->handleRequest(null, Object(Config\Cache), false)
 5 FCPATH\index.php(67): CodeIgniter\CodeIgniter->run()
CRITICAL - 2023-07-25 18:03:02 --> Undefined variable $id_temp
in APPPATH\Controllers\AdmPost.php on line 53.
 1 APPPATH\Controllers\AdmPost.php(53): CodeIgniter\Debug\Exceptions->errorHandler(2, 'Undefined variable $id_temp', 'C:\\xampp\\htdocs\\codi\\app\\Controllers\\AdmPost.php', 53)
 2 SYSTEMPATH\CodeIgniter.php(934): App\Controllers\AdmPost->lista_corte()
 3 SYSTEMPATH\CodeIgniter.php(499): CodeIgniter\CodeIgniter->runController(Object(App\Controllers\AdmPost))
 4 SYSTEMPATH\CodeIgniter.php(368): CodeIgniter\CodeIgniter->handleRequest(null, Object(Config\Cache), false)
 5 FCPATH\index.php(67): CodeIgniter\CodeIgniter->run()
CRITICAL - 2023-07-25 18:03:03 --> Undefined variable $id_temp
in APPPATH\Controllers\AdmPost.php on line 53.
 1 APPPATH\Controllers\AdmPost.php(53): CodeIgniter\Debug\Exceptions->errorHandler(2, 'Undefined variable $id_temp', 'C:\\xampp\\htdocs\\codi\\app\\Controllers\\AdmPost.php', 53)
 2 SYSTEMPATH\CodeIgniter.php(934): App\Controllers\AdmPost->lista_corte()
 3 SYSTEMPATH\CodeIgniter.php(499): CodeIgniter\CodeIgniter->runController(Object(App\Controllers\AdmPost))
 4 SYSTEMPATH\CodeIgniter.php(368): CodeIgniter\CodeIgniter->handleRequest(null, Object(Config\Cache), false)
 5 FCPATH\index.php(67): CodeIgniter\CodeIgniter->run()
CRITICAL - 2023-07-25 18:03:25 --> Undefined variable $id_temp
in APPPATH\Controllers\AdmPost.php on line 53.
 1 APPPATH\Controllers\AdmPost.php(53): CodeIgniter\Debug\Exceptions->errorHandler(2, 'Undefined variable $id_temp', 'C:\\xampp\\htdocs\\codi\\app\\Controllers\\AdmPost.php', 53)
 2 SYSTEMPATH\CodeIgniter.php(934): App\Controllers\AdmPost->lista_corte()
 3 SYSTEMPATH\CodeIgniter.php(499): CodeIgniter\CodeIgniter->runController(Object(App\Controllers\AdmPost))
 4 SYSTEMPATH\CodeIgniter.php(368): CodeIgniter\CodeIgniter->handleRequest(null, Object(Config\Cache), false)
 5 FCPATH\index.php(67): CodeIgniter\CodeIgniter->run()
CRITICAL - 2023-07-25 18:04:17 --> Undefined variable $id_temp
in APPPATH\Controllers\AdmPost.php on line 53.
 1 APPPATH\Controllers\AdmPost.php(53): CodeIgniter\Debug\Exceptions->errorHandler(2, 'Undefined variable $id_temp', 'C:\\xampp\\htdocs\\codi\\app\\Controllers\\AdmPost.php', 53)
 2 SYSTEMPATH\CodeIgniter.php(934): App\Controllers\AdmPost->lista_corte()
 3 SYSTEMPATH\CodeIgniter.php(499): CodeIgniter\CodeIgniter->runController(Object(App\Controllers\AdmPost))
 4 SYSTEMPATH\CodeIgniter.php(368): CodeIgniter\CodeIgniter->handleRequest(null, Object(Config\Cache), false)
 5 FCPATH\index.php(67): CodeIgniter\CodeIgniter->run()
CRITICAL - 2023-07-25 18:04:18 --> Undefined variable $id_temp
in APPPATH\Controllers\AdmPost.php on line 53.
 1 APPPATH\Controllers\AdmPost.php(53): CodeIgniter\Debug\Exceptions->errorHandler(2, 'Undefined variable $id_temp', 'C:\\xampp\\htdocs\\codi\\app\\Controllers\\AdmPost.php', 53)
 2 SYSTEMPATH\CodeIgniter.php(934): App\Controllers\AdmPost->lista_corte()
 3 SYSTEMPATH\CodeIgniter.php(499): CodeIgniter\CodeIgniter->runController(Object(App\Controllers\AdmPost))
 4 SYSTEMPATH\CodeIgniter.php(368): CodeIgniter\CodeIgniter->handleRequest(null, Object(Config\Cache), false)
 5 FCPATH\index.php(67): CodeIgniter\CodeIgniter->run()
CRITICAL - 2023-07-25 18:04:31 --> Undefined variable $id_temp
in APPPATH\Controllers\AdmPost.php on line 53.
 1 APPPATH\Controllers\AdmPost.php(53): CodeIgniter\Debug\Exceptions->errorHandler(2, 'Undefined variable $id_temp', 'C:\\xampp\\htdocs\\codi\\app\\Controllers\\AdmPost.php', 53)
 2 SYSTEMPATH\CodeIgniter.php(934): App\Controllers\AdmPost->lista_corte()
 3 SYSTEMPATH\CodeIgniter.php(499): CodeIgniter\CodeIgniter->runController(Object(App\Controllers\AdmPost))
 4 SYSTEMPATH\CodeIgniter.php(368): CodeIgniter\CodeIgniter->handleRequest(null, Object(Config\Cache), false)
 5 FCPATH\index.php(67): CodeIgniter\CodeIgniter->run()
CRITICAL - 2023-07-25 18:04:32 --> Undefined variable $id_temp
in APPPATH\Controllers\AdmPost.php on line 53.
 1 APPPATH\Controllers\AdmPost.php(53): CodeIgniter\Debug\Exceptions->errorHandler(2, 'Undefined variable $id_temp', 'C:\\xampp\\htdocs\\codi\\app\\Controllers\\AdmPost.php', 53)
 2 SYSTEMPATH\CodeIgniter.php(934): App\Controllers\AdmPost->lista_corte()
 3 SYSTEMPATH\CodeIgniter.php(499): CodeIgniter\CodeIgniter->runController(Object(App\Controllers\AdmPost))
 4 SYSTEMPATH\CodeIgniter.php(368): CodeIgniter\CodeIgniter->handleRequest(null, Object(Config\Cache), false)
 5 FCPATH\index.php(67): CodeIgniter\CodeIgniter->run()
CRITICAL - 2023-07-25 18:04:33 --> Undefined variable $id_temp
in APPPATH\Controllers\AdmPost.php on line 53.
 1 APPPATH\Controllers\AdmPost.php(53): CodeIgniter\Debug\Exceptions->errorHandler(2, 'Undefined variable $id_temp', 'C:\\xampp\\htdocs\\codi\\app\\Controllers\\AdmPost.php', 53)
 2 SYSTEMPATH\CodeIgniter.php(934): App\Controllers\AdmPost->lista_corte()
 3 SYSTEMPATH\CodeIgniter.php(499): CodeIgniter\CodeIgniter->runController(Object(App\Controllers\AdmPost))
 4 SYSTEMPATH\CodeIgniter.php(368): CodeIgniter\CodeIgniter->handleRequest(null, Object(Config\Cache), false)
 5 FCPATH\index.php(67): CodeIgniter\CodeIgniter->run()
CRITICAL - 2023-07-25 18:04:34 --> Undefined variable $id_temp
in APPPATH\Controllers\AdmPost.php on line 53.
 1 APPPATH\Controllers\AdmPost.php(53): CodeIgniter\Debug\Exceptions->errorHandler(2, 'Undefined variable $id_temp', 'C:\\xampp\\htdocs\\codi\\app\\Controllers\\AdmPost.php', 53)
 2 SYSTEMPATH\CodeIgniter.php(934): App\Controllers\AdmPost->lista_corte()
 3 SYSTEMPATH\CodeIgniter.php(499): CodeIgniter\CodeIgniter->runController(Object(App\Controllers\AdmPost))
 4 SYSTEMPATH\CodeIgniter.php(368): CodeIgniter\CodeIgniter->handleRequest(null, Object(Config\Cache), false)
 5 FCPATH\index.php(67): CodeIgniter\CodeIgniter->run()
CRITICAL - 2023-07-25 18:04:35 --> Undefined variable $id_temp
in APPPATH\Controllers\AdmPost.php on line 53.
 1 APPPATH\Controllers\AdmPost.php(53): CodeIgniter\Debug\Exceptions->errorHandler(2, 'Undefined variable $id_temp', 'C:\\xampp\\htdocs\\codi\\app\\Controllers\\AdmPost.php', 53)
 2 SYSTEMPATH\CodeIgniter.php(934): App\Controllers\AdmPost->lista_corte()
 3 SYSTEMPATH\CodeIgniter.php(499): CodeIgniter\CodeIgniter->runController(Object(App\Controllers\AdmPost))
 4 SYSTEMPATH\CodeIgniter.php(368): CodeIgniter\CodeIgniter->handleRequest(null, Object(Config\Cache), false)
 5 FCPATH\index.php(67): CodeIgniter\CodeIgniter->run()
CRITICAL - 2023-07-25 18:04:36 --> Undefined variable $id_temp
in APPPATH\Controllers\AdmPost.php on line 53.
 1 APPPATH\Controllers\AdmPost.php(53): CodeIgniter\Debug\Exceptions->errorHandler(2, 'Undefined variable $id_temp', 'C:\\xampp\\htdocs\\codi\\app\\Controllers\\AdmPost.php', 53)
 2 SYSTEMPATH\CodeIgniter.php(934): App\Controllers\AdmPost->lista_corte()
 3 SYSTEMPATH\CodeIgniter.php(499): CodeIgniter\CodeIgniter->runController(Object(App\Controllers\AdmPost))
 4 SYSTEMPATH\CodeIgniter.php(368): CodeIgniter\CodeIgniter->handleRequest(null, Object(Config\Cache), false)
 5 FCPATH\index.php(67): CodeIgniter\CodeIgniter->run()
CRITICAL - 2023-07-25 18:04:37 --> Undefined variable $id_temp
in APPPATH\Controllers\AdmPost.php on line 53.
 1 APPPATH\Controllers\AdmPost.php(53): CodeIgniter\Debug\Exceptions->errorHandler(2, 'Undefined variable $id_temp', 'C:\\xampp\\htdocs\\codi\\app\\Controllers\\AdmPost.php', 53)
 2 SYSTEMPATH\CodeIgniter.php(934): App\Controllers\AdmPost->lista_corte()
 3 SYSTEMPATH\CodeIgniter.php(499): CodeIgniter\CodeIgniter->runController(Object(App\Controllers\AdmPost))
 4 SYSTEMPATH\CodeIgniter.php(368): CodeIgniter\CodeIgniter->handleRequest(null, Object(Config\Cache), false)
 5 FCPATH\index.php(67): CodeIgniter\CodeIgniter->run()
CRITICAL - 2023-07-25 18:04:38 --> Undefined variable $id_temp
in APPPATH\Controllers\AdmPost.php on line 53.
 1 APPPATH\Controllers\AdmPost.php(53): CodeIgniter\Debug\Exceptions->errorHandler(2, 'Undefined variable $id_temp', 'C:\\xampp\\htdocs\\codi\\app\\Controllers\\AdmPost.php', 53)
 2 SYSTEMPATH\CodeIgniter.php(934): App\Controllers\AdmPost->lista_corte()
 3 SYSTEMPATH\CodeIgniter.php(499): CodeIgniter\CodeIgniter->runController(Object(App\Controllers\AdmPost))
 4 SYSTEMPATH\CodeIgniter.php(368): CodeIgniter\CodeIgniter->handleRequest(null, Object(Config\Cache), false)
 5 FCPATH\index.php(67): CodeIgniter\CodeIgniter->run()
CRITICAL - 2023-07-25 18:04:39 --> Undefined variable $id_temp
in APPPATH\Controllers\AdmPost.php on line 53.
 1 APPPATH\Controllers\AdmPost.php(53): CodeIgniter\Debug\Exceptions->errorHandler(2, 'Undefined variable $id_temp', 'C:\\xampp\\htdocs\\codi\\app\\Controllers\\AdmPost.php', 53)
 2 SYSTEMPATH\CodeIgniter.php(934): App\Controllers\AdmPost->lista_corte()
 3 SYSTEMPATH\CodeIgniter.php(499): CodeIgniter\CodeIgniter->runController(Object(App\Controllers\AdmPost))
 4 SYSTEMPATH\CodeIgniter.php(368): CodeIgniter\CodeIgniter->handleRequest(null, Object(Config\Cache), false)
 5 FCPATH\index.php(67): CodeIgniter\CodeIgniter->run()
CRITICAL - 2023-07-25 18:04:40 --> Undefined variable $id_temp
in APPPATH\Controllers\AdmPost.php on line 53.
 1 APPPATH\Controllers\AdmPost.php(53): CodeIgniter\Debug\Exceptions->errorHandler(2, 'Undefined variable $id_temp', 'C:\\xampp\\htdocs\\codi\\app\\Controllers\\AdmPost.php', 53)
 2 SYSTEMPATH\CodeIgniter.php(934): App\Controllers\AdmPost->lista_corte()
 3 SYSTEMPATH\CodeIgniter.php(499): CodeIgniter\CodeIgniter->runController(Object(App\Controllers\AdmPost))
 4 SYSTEMPATH\CodeIgniter.php(368): CodeIgniter\CodeIgniter->handleRequest(null, Object(Config\Cache), false)
 5 FCPATH\index.php(67): CodeIgniter\CodeIgniter->run()
CRITICAL - 2023-07-25 18:04:41 --> Undefined variable $id_temp
in APPPATH\Controllers\AdmPost.php on line 53.
 1 APPPATH\Controllers\AdmPost.php(53): CodeIgniter\Debug\Exceptions->errorHandler(2, 'Undefined variable $id_temp', 'C:\\xampp\\htdocs\\codi\\app\\Controllers\\AdmPost.php', 53)
 2 SYSTEMPATH\CodeIgniter.php(934): App\Controllers\AdmPost->lista_corte()
 3 SYSTEMPATH\CodeIgniter.php(499): CodeIgniter\CodeIgniter->runController(Object(App\Controllers\AdmPost))
 4 SYSTEMPATH\CodeIgniter.php(368): CodeIgniter\CodeIgniter->handleRequest(null, Object(Config\Cache), false)
 5 FCPATH\index.php(67): CodeIgniter\CodeIgniter->run()
CRITICAL - 2023-07-25 18:04:42 --> Undefined variable $id_temp
in APPPATH\Controllers\AdmPost.php on line 53.
 1 APPPATH\Controllers\AdmPost.php(53): CodeIgniter\Debug\Exceptions->errorHandler(2, 'Undefined variable $id_temp', 'C:\\xampp\\htdocs\\codi\\app\\Controllers\\AdmPost.php', 53)
 2 SYSTEMPATH\CodeIgniter.php(934): App\Controllers\AdmPost->lista_corte()
 3 SYSTEMPATH\CodeIgniter.php(499): CodeIgniter\CodeIgniter->runController(Object(App\Controllers\AdmPost))
 4 SYSTEMPATH\CodeIgniter.php(368): CodeIgniter\CodeIgniter->handleRequest(null, Object(Config\Cache), false)
 5 FCPATH\index.php(67): CodeIgniter\CodeIgniter->run()
CRITICAL - 2023-07-25 18:04:43 --> Undefined variable $id_temp
in APPPATH\Controllers\AdmPost.php on line 53.
 1 APPPATH\Controllers\AdmPost.php(53): CodeIgniter\Debug\Exceptions->errorHandler(2, 'Undefined variable $id_temp', 'C:\\xampp\\htdocs\\codi\\app\\Controllers\\AdmPost.php', 53)
 2 SYSTEMPATH\CodeIgniter.php(934): App\Controllers\AdmPost->lista_corte()
 3 SYSTEMPATH\CodeIgniter.php(499): CodeIgniter\CodeIgniter->runController(Object(App\Controllers\AdmPost))
 4 SYSTEMPATH\CodeIgniter.php(368): CodeIgniter\CodeIgniter->handleRequest(null, Object(Config\Cache), false)
 5 FCPATH\index.php(67): CodeIgniter\CodeIgniter->run()
CRITICAL - 2023-07-25 18:04:44 --> Undefined variable $id_temp
in APPPATH\Controllers\AdmPost.php on line 53.
 1 APPPATH\Controllers\AdmPost.php(53): CodeIgniter\Debug\Exceptions->errorHandler(2, 'Undefined variable $id_temp', 'C:\\xampp\\htdocs\\codi\\app\\Controllers\\AdmPost.php', 53)
 2 SYSTEMPATH\CodeIgniter.php(934): App\Controllers\AdmPost->lista_corte()
 3 SYSTEMPATH\CodeIgniter.php(499): CodeIgniter\CodeIgniter->runController(Object(App\Controllers\AdmPost))
 4 SYSTEMPATH\CodeIgniter.php(368): CodeIgniter\CodeIgniter->handleRequest(null, Object(Config\Cache), false)
 5 FCPATH\index.php(67): CodeIgniter\CodeIgniter->run()
CRITICAL - 2023-07-25 18:04:45 --> Undefined variable $id_temp
in APPPATH\Controllers\AdmPost.php on line 53.
 1 APPPATH\Controllers\AdmPost.php(53): CodeIgniter\Debug\Exceptions->errorHandler(2, 'Undefined variable $id_temp', 'C:\\xampp\\htdocs\\codi\\app\\Controllers\\AdmPost.php', 53)
 2 SYSTEMPATH\CodeIgniter.php(934): App\Controllers\AdmPost->lista_corte()
 3 SYSTEMPATH\CodeIgniter.php(499): CodeIgniter\CodeIgniter->runController(Object(App\Controllers\AdmPost))
 4 SYSTEMPATH\CodeIgniter.php(368): CodeIgniter\CodeIgniter->handleRequest(null, Object(Config\Cache), false)
 5 FCPATH\index.php(67): CodeIgniter\CodeIgniter->run()
CRITICAL - 2023-07-25 18:04:46 --> Undefined variable $id_temp
in APPPATH\Controllers\AdmPost.php on line 53.
 1 APPPATH\Controllers\AdmPost.php(53): CodeIgniter\Debug\Exceptions->errorHandler(2, 'Undefined variable $id_temp', 'C:\\xampp\\htdocs\\codi\\app\\Controllers\\AdmPost.php', 53)
 2 SYSTEMPATH\CodeIgniter.php(934): App\Controllers\AdmPost->lista_corte()
 3 SYSTEMPATH\CodeIgniter.php(499): CodeIgniter\CodeIgniter->runController(Object(App\Controllers\AdmPost))
 4 SYSTEMPATH\CodeIgniter.php(368): CodeIgniter\CodeIgniter->handleRequest(null, Object(Config\Cache), false)
 5 FCPATH\index.php(67): CodeIgniter\CodeIgniter->run()
CRITICAL - 2023-07-25 18:04:47 --> Undefined variable $id_temp
in APPPATH\Controllers\AdmPost.php on line 53.
 1 APPPATH\Controllers\AdmPost.php(53): CodeIgniter\Debug\Exceptions->errorHandler(2, 'Undefined variable $id_temp', 'C:\\xampp\\htdocs\\codi\\app\\Controllers\\AdmPost.php', 53)
 2 SYSTEMPATH\CodeIgniter.php(934): App\Controllers\AdmPost->lista_corte()
 3 SYSTEMPATH\CodeIgniter.php(499): CodeIgniter\CodeIgniter->runController(Object(App\Controllers\AdmPost))
 4 SYSTEMPATH\CodeIgniter.php(368): CodeIgniter\CodeIgniter->handleRequest(null, Object(Config\Cache), false)
 5 FCPATH\index.php(67): CodeIgniter\CodeIgniter->run()
CRITICAL - 2023-07-25 18:04:48 --> Undefined variable $id_temp
in APPPATH\Controllers\AdmPost.php on line 53.
 1 APPPATH\Controllers\AdmPost.php(53): CodeIgniter\Debug\Exceptions->errorHandler(2, 'Undefined variable $id_temp', 'C:\\xampp\\htdocs\\codi\\app\\Controllers\\AdmPost.php', 53)
 2 SYSTEMPATH\CodeIgniter.php(934): App\Controllers\AdmPost->lista_corte()
 3 SYSTEMPATH\CodeIgniter.php(499): CodeIgniter\CodeIgniter->runController(Object(App\Controllers\AdmPost))
 4 SYSTEMPATH\CodeIgniter.php(368): CodeIgniter\CodeIgniter->handleRequest(null, Object(Config\Cache), false)
 5 FCPATH\index.php(67): CodeIgniter\CodeIgniter->run()
CRITICAL - 2023-07-25 18:04:49 --> Undefined variable $id_temp
in APPPATH\Controllers\AdmPost.php on line 53.
 1 APPPATH\Controllers\AdmPost.php(53): CodeIgniter\Debug\Exceptions->errorHandler(2, 'Undefined variable $id_temp', 'C:\\xampp\\htdocs\\codi\\app\\Controllers\\AdmPost.php', 53)
 2 SYSTEMPATH\CodeIgniter.php(934): App\Controllers\AdmPost->lista_corte()
 3 SYSTEMPATH\CodeIgniter.php(499): CodeIgniter\CodeIgniter->runController(Object(App\Controllers\AdmPost))
 4 SYSTEMPATH\CodeIgniter.php(368): CodeIgniter\CodeIgniter->handleRequest(null, Object(Config\Cache), false)
 5 FCPATH\index.php(67): CodeIgniter\CodeIgniter->run()
CRITICAL - 2023-07-25 18:04:50 --> Undefined variable $id_temp
in APPPATH\Controllers\AdmPost.php on line 53.
 1 APPPATH\Controllers\AdmPost.php(53): CodeIgniter\Debug\Exceptions->errorHandler(2, 'Undefined variable $id_temp', 'C:\\xampp\\htdocs\\codi\\app\\Controllers\\AdmPost.php', 53)
 2 SYSTEMPATH\CodeIgniter.php(934): App\Controllers\AdmPost->lista_corte()
 3 SYSTEMPATH\CodeIgniter.php(499): CodeIgniter\CodeIgniter->runController(Object(App\Controllers\AdmPost))
 4 SYSTEMPATH\CodeIgniter.php(368): CodeIgniter\CodeIgniter->handleRequest(null, Object(Config\Cache), false)
 5 FCPATH\index.php(67): CodeIgniter\CodeIgniter->run()
CRITICAL - 2023-07-25 18:04:51 --> Undefined variable $id_temp
in APPPATH\Controllers\AdmPost.php on line 53.
 1 APPPATH\Controllers\AdmPost.php(53): CodeIgniter\Debug\Exceptions->errorHandler(2, 'Undefined variable $id_temp', 'C:\\xampp\\htdocs\\codi\\app\\Controllers\\AdmPost.php', 53)
 2 SYSTEMPATH\CodeIgniter.php(934): App\Controllers\AdmPost->lista_corte()
 3 SYSTEMPATH\CodeIgniter.php(499): CodeIgniter\CodeIgniter->runController(Object(App\Controllers\AdmPost))
 4 SYSTEMPATH\CodeIgniter.php(368): CodeIgniter\CodeIgniter->handleRequest(null, Object(Config\Cache), false)
 5 FCPATH\index.php(67): CodeIgniter\CodeIgniter->run()
CRITICAL - 2023-07-25 18:04:52 --> Undefined variable $id_temp
in APPPATH\Controllers\AdmPost.php on line 53.
 1 APPPATH\Controllers\AdmPost.php(53): CodeIgniter\Debug\Exceptions->errorHandler(2, 'Undefined variable $id_temp', 'C:\\xampp\\htdocs\\codi\\app\\Controllers\\AdmPost.php', 53)
 2 SYSTEMPATH\CodeIgniter.php(934): App\Controllers\AdmPost->lista_corte()
 3 SYSTEMPATH\CodeIgniter.php(499): CodeIgniter\CodeIgniter->runController(Object(App\Controllers\AdmPost))
 4 SYSTEMPATH\CodeIgniter.php(368): CodeIgniter\CodeIgniter->handleRequest(null, Object(Config\Cache), false)
 5 FCPATH\index.php(67): CodeIgniter\CodeIgniter->run()
CRITICAL - 2023-07-25 18:04:53 --> Undefined variable $id_temp
in APPPATH\Controllers\AdmPost.php on line 53.
 1 APPPATH\Controllers\AdmPost.php(53): CodeIgniter\Debug\Exceptions->errorHandler(2, 'Undefined variable $id_temp', 'C:\\xampp\\htdocs\\codi\\app\\Controllers\\AdmPost.php', 53)
 2 SYSTEMPATH\CodeIgniter.php(934): App\Controllers\AdmPost->lista_corte()
 3 SYSTEMPATH\CodeIgniter.php(499): CodeIgniter\CodeIgniter->runController(Object(App\Controllers\AdmPost))
 4 SYSTEMPATH\CodeIgniter.php(368): CodeIgniter\CodeIgniter->handleRequest(null, Object(Config\Cache), false)
 5 FCPATH\index.php(67): CodeIgniter\CodeIgniter->run()
CRITICAL - 2023-07-25 18:04:54 --> Undefined variable $id_temp
in APPPATH\Controllers\AdmPost.php on line 53.
 1 APPPATH\Controllers\AdmPost.php(53): CodeIgniter\Debug\Exceptions->errorHandler(2, 'Undefined variable $id_temp', 'C:\\xampp\\htdocs\\codi\\app\\Controllers\\AdmPost.php', 53)
 2 SYSTEMPATH\CodeIgniter.php(934): App\Controllers\AdmPost->lista_corte()
 3 SYSTEMPATH\CodeIgniter.php(499): CodeIgniter\CodeIgniter->runController(Object(App\Controllers\AdmPost))
 4 SYSTEMPATH\CodeIgniter.php(368): CodeIgniter\CodeIgniter->handleRequest(null, Object(Config\Cache), false)
 5 FCPATH\index.php(67): CodeIgniter\CodeIgniter->run()
CRITICAL - 2023-07-25 18:04:55 --> Undefined variable $id_temp
in APPPATH\Controllers\AdmPost.php on line 53.
 1 APPPATH\Controllers\AdmPost.php(53): CodeIgniter\Debug\Exceptions->errorHandler(2, 'Undefined variable $id_temp', 'C:\\xampp\\htdocs\\codi\\app\\Controllers\\AdmPost.php', 53)
 2 SYSTEMPATH\CodeIgniter.php(934): App\Controllers\AdmPost->lista_corte()
 3 SYSTEMPATH\CodeIgniter.php(499): CodeIgniter\CodeIgniter->runController(Object(App\Controllers\AdmPost))
 4 SYSTEMPATH\CodeIgniter.php(368): CodeIgniter\CodeIgniter->handleRequest(null, Object(Config\Cache), false)
 5 FCPATH\index.php(67): CodeIgniter\CodeIgniter->run()
CRITICAL - 2023-07-25 18:04:56 --> Undefined variable $id_temp
in APPPATH\Controllers\AdmPost.php on line 53.
 1 APPPATH\Controllers\AdmPost.php(53): CodeIgniter\Debug\Exceptions->errorHandler(2, 'Undefined variable $id_temp', 'C:\\xampp\\htdocs\\codi\\app\\Controllers\\AdmPost.php', 53)
 2 SYSTEMPATH\CodeIgniter.php(934): App\Controllers\AdmPost->lista_corte()
 3 SYSTEMPATH\CodeIgniter.php(499): CodeIgniter\CodeIgniter->runController(Object(App\Controllers\AdmPost))
 4 SYSTEMPATH\CodeIgniter.php(368): CodeIgniter\CodeIgniter->handleRequest(null, Object(Config\Cache), false)
 5 FCPATH\index.php(67): CodeIgniter\CodeIgniter->run()
CRITICAL - 2023-07-25 18:04:57 --> Undefined variable $id_temp
in APPPATH\Controllers\AdmPost.php on line 53.
 1 APPPATH\Controllers\AdmPost.php(53): CodeIgniter\Debug\Exceptions->errorHandler(2, 'Undefined variable $id_temp', 'C:\\xampp\\htdocs\\codi\\app\\Controllers\\AdmPost.php', 53)
 2 SYSTEMPATH\CodeIgniter.php(934): App\Controllers\AdmPost->lista_corte()
 3 SYSTEMPATH\CodeIgniter.php(499): CodeIgniter\CodeIgniter->runController(Object(App\Controllers\AdmPost))
 4 SYSTEMPATH\CodeIgniter.php(368): CodeIgniter\CodeIgniter->handleRequest(null, Object(Config\Cache), false)
 5 FCPATH\index.php(67): CodeIgniter\CodeIgniter->run()
CRITICAL - 2023-07-25 18:04:58 --> Undefined variable $id_temp
in APPPATH\Controllers\AdmPost.php on line 53.
 1 APPPATH\Controllers\AdmPost.php(53): CodeIgniter\Debug\Exceptions->errorHandler(2, 'Undefined variable $id_temp', 'C:\\xampp\\htdocs\\codi\\app\\Controllers\\AdmPost.php', 53)
 2 SYSTEMPATH\CodeIgniter.php(934): App\Controllers\AdmPost->lista_corte()
 3 SYSTEMPATH\CodeIgniter.php(499): CodeIgniter\CodeIgniter->runController(Object(App\Controllers\AdmPost))
 4 SYSTEMPATH\CodeIgniter.php(368): CodeIgniter\CodeIgniter->handleRequest(null, Object(Config\Cache), false)
 5 FCPATH\index.php(67): CodeIgniter\CodeIgniter->run()
CRITICAL - 2023-07-25 18:04:59 --> Undefined variable $id_temp
in APPPATH\Controllers\AdmPost.php on line 53.
 1 APPPATH\Controllers\AdmPost.php(53): CodeIgniter\Debug\Exceptions->errorHandler(2, 'Undefined variable $id_temp', 'C:\\xampp\\htdocs\\codi\\app\\Controllers\\AdmPost.php', 53)
 2 SYSTEMPATH\CodeIgniter.php(934): App\Controllers\AdmPost->lista_corte()
 3 SYSTEMPATH\CodeIgniter.php(499): CodeIgniter\CodeIgniter->runController(Object(App\Controllers\AdmPost))
 4 SYSTEMPATH\CodeIgniter.php(368): CodeIgniter\CodeIgniter->handleRequest(null, Object(Config\Cache), false)
 5 FCPATH\index.php(67): CodeIgniter\CodeIgniter->run()
CRITICAL - 2023-07-25 18:05:00 --> Undefined variable $id_temp
in APPPATH\Controllers\AdmPost.php on line 53.
 1 APPPATH\Controllers\AdmPost.php(53): CodeIgniter\Debug\Exceptions->errorHandler(2, 'Undefined variable $id_temp', 'C:\\xampp\\htdocs\\codi\\app\\Controllers\\AdmPost.php', 53)
 2 SYSTEMPATH\CodeIgniter.php(934): App\Controllers\AdmPost->lista_corte()
 3 SYSTEMPATH\CodeIgniter.php(499): CodeIgniter\CodeIgniter->runController(Object(App\Controllers\AdmPost))
 4 SYSTEMPATH\CodeIgniter.php(368): CodeIgniter\CodeIgniter->handleRequest(null, Object(Config\Cache), false)
 5 FCPATH\index.php(67): CodeIgniter\CodeIgniter->run()
CRITICAL - 2023-07-25 18:05:01 --> Undefined variable $id_temp
in APPPATH\Controllers\AdmPost.php on line 53.
 1 APPPATH\Controllers\AdmPost.php(53): CodeIgniter\Debug\Exceptions->errorHandler(2, 'Undefined variable $id_temp', 'C:\\xampp\\htdocs\\codi\\app\\Controllers\\AdmPost.php', 53)
 2 SYSTEMPATH\CodeIgniter.php(934): App\Controllers\AdmPost->lista_corte()
 3 SYSTEMPATH\CodeIgniter.php(499): CodeIgniter\CodeIgniter->runController(Object(App\Controllers\AdmPost))
 4 SYSTEMPATH\CodeIgniter.php(368): CodeIgniter\CodeIgniter->handleRequest(null, Object(Config\Cache), false)
 5 FCPATH\index.php(67): CodeIgniter\CodeIgniter->run()
CRITICAL - 2023-07-25 18:05:02 --> Undefined variable $id_temp
in APPPATH\Controllers\AdmPost.php on line 53.
 1 APPPATH\Controllers\AdmPost.php(53): CodeIgniter\Debug\Exceptions->errorHandler(2, 'Undefined variable $id_temp', 'C:\\xampp\\htdocs\\codi\\app\\Controllers\\AdmPost.php', 53)
 2 SYSTEMPATH\CodeIgniter.php(934): App\Controllers\AdmPost->lista_corte()
 3 SYSTEMPATH\CodeIgniter.php(499): CodeIgniter\CodeIgniter->runController(Object(App\Controllers\AdmPost))
 4 SYSTEMPATH\CodeIgniter.php(368): CodeIgniter\CodeIgniter->handleRequest(null, Object(Config\Cache), false)
 5 FCPATH\index.php(67): CodeIgniter\CodeIgniter->run()
CRITICAL - 2023-07-25 18:05:03 --> Undefined variable $id_temp
in APPPATH\Controllers\AdmPost.php on line 53.
 1 APPPATH\Controllers\AdmPost.php(53): CodeIgniter\Debug\Exceptions->errorHandler(2, 'Undefined variable $id_temp', 'C:\\xampp\\htdocs\\codi\\app\\Controllers\\AdmPost.php', 53)
 2 SYSTEMPATH\CodeIgniter.php(934): App\Controllers\AdmPost->lista_corte()
 3 SYSTEMPATH\CodeIgniter.php(499): CodeIgniter\CodeIgniter->runController(Object(App\Controllers\AdmPost))
 4 SYSTEMPATH\CodeIgniter.php(368): CodeIgniter\CodeIgniter->handleRequest(null, Object(Config\Cache), false)
 5 FCPATH\index.php(67): CodeIgniter\CodeIgniter->run()
CRITICAL - 2023-07-25 18:05:04 --> Undefined variable $id_temp
in APPPATH\Controllers\AdmPost.php on line 53.
 1 APPPATH\Controllers\AdmPost.php(53): CodeIgniter\Debug\Exceptions->errorHandler(2, 'Undefined variable $id_temp', 'C:\\xampp\\htdocs\\codi\\app\\Controllers\\AdmPost.php', 53)
 2 SYSTEMPATH\CodeIgniter.php(934): App\Controllers\AdmPost->lista_corte()
 3 SYSTEMPATH\CodeIgniter.php(499): CodeIgniter\CodeIgniter->runController(Object(App\Controllers\AdmPost))
 4 SYSTEMPATH\CodeIgniter.php(368): CodeIgniter\CodeIgniter->handleRequest(null, Object(Config\Cache), false)
 5 FCPATH\index.php(67): CodeIgniter\CodeIgniter->run()
CRITICAL - 2023-07-25 18:05:05 --> Undefined variable $id_temp
in APPPATH\Controllers\AdmPost.php on line 53.
 1 APPPATH\Controllers\AdmPost.php(53): CodeIgniter\Debug\Exceptions->errorHandler(2, 'Undefined variable $id_temp', 'C:\\xampp\\htdocs\\codi\\app\\Controllers\\AdmPost.php', 53)
 2 SYSTEMPATH\CodeIgniter.php(934): App\Controllers\AdmPost->lista_corte()
 3 SYSTEMPATH\CodeIgniter.php(499): CodeIgniter\CodeIgniter->runController(Object(App\Controllers\AdmPost))
 4 SYSTEMPATH\CodeIgniter.php(368): CodeIgniter\CodeIgniter->handleRequest(null, Object(Config\Cache), false)
 5 FCPATH\index.php(67): CodeIgniter\CodeIgniter->run()
CRITICAL - 2023-07-25 18:05:06 --> Undefined variable $id_temp
in APPPATH\Controllers\AdmPost.php on line 53.
 1 APPPATH\Controllers\AdmPost.php(53): CodeIgniter\Debug\Exceptions->errorHandler(2, 'Undefined variable $id_temp', 'C:\\xampp\\htdocs\\codi\\app\\Controllers\\AdmPost.php', 53)
 2 SYSTEMPATH\CodeIgniter.php(934): App\Controllers\AdmPost->lista_corte()
 3 SYSTEMPATH\CodeIgniter.php(499): CodeIgniter\CodeIgniter->runController(Object(App\Controllers\AdmPost))
 4 SYSTEMPATH\CodeIgniter.php(368): CodeIgniter\CodeIgniter->handleRequest(null, Object(Config\Cache), false)
 5 FCPATH\index.php(67): CodeIgniter\CodeIgniter->run()
CRITICAL - 2023-07-25 18:05:07 --> Undefined variable $id_temp
in APPPATH\Controllers\AdmPost.php on line 53.
 1 APPPATH\Controllers\AdmPost.php(53): CodeIgniter\Debug\Exceptions->errorHandler(2, 'Undefined variable $id_temp', 'C:\\xampp\\htdocs\\codi\\app\\Controllers\\AdmPost.php', 53)
 2 SYSTEMPATH\CodeIgniter.php(934): App\Controllers\AdmPost->lista_corte()
 3 SYSTEMPATH\CodeIgniter.php(499): CodeIgniter\CodeIgniter->runController(Object(App\Controllers\AdmPost))
 4 SYSTEMPATH\CodeIgniter.php(368): CodeIgniter\CodeIgniter->handleRequest(null, Object(Config\Cache), false)
 5 FCPATH\index.php(67): CodeIgniter\CodeIgniter->run()
CRITICAL - 2023-07-25 18:05:08 --> Undefined variable $id_temp
in APPPATH\Controllers\AdmPost.php on line 53.
 1 APPPATH\Controllers\AdmPost.php(53): CodeIgniter\Debug\Exceptions->errorHandler(2, 'Undefined variable $id_temp', 'C:\\xampp\\htdocs\\codi\\app\\Controllers\\AdmPost.php', 53)
 2 SYSTEMPATH\CodeIgniter.php(934): App\Controllers\AdmPost->lista_corte()
 3 SYSTEMPATH\CodeIgniter.php(499): CodeIgniter\CodeIgniter->runController(Object(App\Controllers\AdmPost))
 4 SYSTEMPATH\CodeIgniter.php(368): CodeIgniter\CodeIgniter->handleRequest(null, Object(Config\Cache), false)
 5 FCPATH\index.php(67): CodeIgniter\CodeIgniter->run()
CRITICAL - 2023-07-25 18:05:09 --> Undefined variable $id_temp
in APPPATH\Controllers\AdmPost.php on line 53.
 1 APPPATH\Controllers\AdmPost.php(53): CodeIgniter\Debug\Exceptions->errorHandler(2, 'Undefined variable $id_temp', 'C:\\xampp\\htdocs\\codi\\app\\Controllers\\AdmPost.php', 53)
 2 SYSTEMPATH\CodeIgniter.php(934): App\Controllers\AdmPost->lista_corte()
 3 SYSTEMPATH\CodeIgniter.php(499): CodeIgniter\CodeIgniter->runController(Object(App\Controllers\AdmPost))
 4 SYSTEMPATH\CodeIgniter.php(368): CodeIgniter\CodeIgniter->handleRequest(null, Object(Config\Cache), false)
 5 FCPATH\index.php(67): CodeIgniter\CodeIgniter->run()
CRITICAL - 2023-07-25 18:05:10 --> Undefined variable $id_temp
in APPPATH\Controllers\AdmPost.php on line 53.
 1 APPPATH\Controllers\AdmPost.php(53): CodeIgniter\Debug\Exceptions->errorHandler(2, 'Undefined variable $id_temp', 'C:\\xampp\\htdocs\\codi\\app\\Controllers\\AdmPost.php', 53)
 2 SYSTEMPATH\CodeIgniter.php(934): App\Controllers\AdmPost->lista_corte()
 3 SYSTEMPATH\CodeIgniter.php(499): CodeIgniter\CodeIgniter->runController(Object(App\Controllers\AdmPost))
 4 SYSTEMPATH\CodeIgniter.php(368): CodeIgniter\CodeIgniter->handleRequest(null, Object(Config\Cache), false)
 5 FCPATH\index.php(67): CodeIgniter\CodeIgniter->run()
CRITICAL - 2023-07-25 18:05:11 --> Undefined variable $id_temp
in APPPATH\Controllers\AdmPost.php on line 53.
 1 APPPATH\Controllers\AdmPost.php(53): CodeIgniter\Debug\Exceptions->errorHandler(2, 'Undefined variable $id_temp', 'C:\\xampp\\htdocs\\codi\\app\\Controllers\\AdmPost.php', 53)
 2 SYSTEMPATH\CodeIgniter.php(934): App\Controllers\AdmPost->lista_corte()
 3 SYSTEMPATH\CodeIgniter.php(499): CodeIgniter\CodeIgniter->runController(Object(App\Controllers\AdmPost))
 4 SYSTEMPATH\CodeIgniter.php(368): CodeIgniter\CodeIgniter->handleRequest(null, Object(Config\Cache), false)
 5 FCPATH\index.php(67): CodeIgniter\CodeIgniter->run()
CRITICAL - 2023-07-25 18:05:12 --> Undefined variable $id_temp
in APPPATH\Controllers\AdmPost.php on line 53.
 1 APPPATH\Controllers\AdmPost.php(53): CodeIgniter\Debug\Exceptions->errorHandler(2, 'Undefined variable $id_temp', 'C:\\xampp\\htdocs\\codi\\app\\Controllers\\AdmPost.php', 53)
 2 SYSTEMPATH\CodeIgniter.php(934): App\Controllers\AdmPost->lista_corte()
 3 SYSTEMPATH\CodeIgniter.php(499): CodeIgniter\CodeIgniter->runController(Object(App\Controllers\AdmPost))
 4 SYSTEMPATH\CodeIgniter.php(368): CodeIgniter\CodeIgniter->handleRequest(null, Object(Config\Cache), false)
 5 FCPATH\index.php(67): CodeIgniter\CodeIgniter->run()
CRITICAL - 2023-07-25 18:05:13 --> Undefined variable $id_temp
in APPPATH\Controllers\AdmPost.php on line 53.
 1 APPPATH\Controllers\AdmPost.php(53): CodeIgniter\Debug\Exceptions->errorHandler(2, 'Undefined variable $id_temp', 'C:\\xampp\\htdocs\\codi\\app\\Controllers\\AdmPost.php', 53)
 2 SYSTEMPATH\CodeIgniter.php(934): App\Controllers\AdmPost->lista_corte()
 3 SYSTEMPATH\CodeIgniter.php(499): CodeIgniter\CodeIgniter->runController(Object(App\Controllers\AdmPost))
 4 SYSTEMPATH\CodeIgniter.php(368): CodeIgniter\CodeIgniter->handleRequest(null, Object(Config\Cache), false)
 5 FCPATH\index.php(67): CodeIgniter\CodeIgniter->run()
CRITICAL - 2023-07-25 18:05:14 --> Undefined variable $id_temp
in APPPATH\Controllers\AdmPost.php on line 53.
 1 APPPATH\Controllers\AdmPost.php(53): CodeIgniter\Debug\Exceptions->errorHandler(2, 'Undefined variable $id_temp', 'C:\\xampp\\htdocs\\codi\\app\\Controllers\\AdmPost.php', 53)
 2 SYSTEMPATH\CodeIgniter.php(934): App\Controllers\AdmPost->lista_corte()
 3 SYSTEMPATH\CodeIgniter.php(499): CodeIgniter\CodeIgniter->runController(Object(App\Controllers\AdmPost))
 4 SYSTEMPATH\CodeIgniter.php(368): CodeIgniter\CodeIgniter->handleRequest(null, Object(Config\Cache), false)
 5 FCPATH\index.php(67): CodeIgniter\CodeIgniter->run()
CRITICAL - 2023-07-25 18:05:15 --> Undefined variable $id_temp
in APPPATH\Controllers\AdmPost.php on line 53.
 1 APPPATH\Controllers\AdmPost.php(53): CodeIgniter\Debug\Exceptions->errorHandler(2, 'Undefined variable $id_temp', 'C:\\xampp\\htdocs\\codi\\app\\Controllers\\AdmPost.php', 53)
 2 SYSTEMPATH\CodeIgniter.php(934): App\Controllers\AdmPost->lista_corte()
 3 SYSTEMPATH\CodeIgniter.php(499): CodeIgniter\CodeIgniter->runController(Object(App\Controllers\AdmPost))
 4 SYSTEMPATH\CodeIgniter.php(368): CodeIgniter\CodeIgniter->handleRequest(null, Object(Config\Cache), false)
 5 FCPATH\index.php(67): CodeIgniter\CodeIgniter->run()
CRITICAL - 2023-07-25 18:05:16 --> Undefined variable $id_temp
in APPPATH\Controllers\AdmPost.php on line 53.
 1 APPPATH\Controllers\AdmPost.php(53): CodeIgniter\Debug\Exceptions->errorHandler(2, 'Undefined variable $id_temp', 'C:\\xampp\\htdocs\\codi\\app\\Controllers\\AdmPost.php', 53)
 2 SYSTEMPATH\CodeIgniter.php(934): App\Controllers\AdmPost->lista_corte()
 3 SYSTEMPATH\CodeIgniter.php(499): CodeIgniter\CodeIgniter->runController(Object(App\Controllers\AdmPost))
 4 SYSTEMPATH\CodeIgniter.php(368): CodeIgniter\CodeIgniter->handleRequest(null, Object(Config\Cache), false)
 5 FCPATH\index.php(67): CodeIgniter\CodeIgniter->run()
CRITICAL - 2023-07-25 18:05:17 --> Undefined variable $id_temp
in APPPATH\Controllers\AdmPost.php on line 53.
 1 APPPATH\Controllers\AdmPost.php(53): CodeIgniter\Debug\Exceptions->errorHandler(2, 'Undefined variable $id_temp', 'C:\\xampp\\htdocs\\codi\\app\\Controllers\\AdmPost.php', 53)
 2 SYSTEMPATH\CodeIgniter.php(934): App\Controllers\AdmPost->lista_corte()
 3 SYSTEMPATH\CodeIgniter.php(499): CodeIgniter\CodeIgniter->runController(Object(App\Controllers\AdmPost))
 4 SYSTEMPATH\CodeIgniter.php(368): CodeIgniter\CodeIgniter->handleRequest(null, Object(Config\Cache), false)
 5 FCPATH\index.php(67): CodeIgniter\CodeIgniter->run()
CRITICAL - 2023-07-25 18:05:18 --> Undefined variable $id_temp
in APPPATH\Controllers\AdmPost.php on line 53.
 1 APPPATH\Controllers\AdmPost.php(53): CodeIgniter\Debug\Exceptions->errorHandler(2, 'Undefined variable $id_temp', 'C:\\xampp\\htdocs\\codi\\app\\Controllers\\AdmPost.php', 53)
 2 SYSTEMPATH\CodeIgniter.php(934): App\Controllers\AdmPost->lista_corte()
 3 SYSTEMPATH\CodeIgniter.php(499): CodeIgniter\CodeIgniter->runController(Object(App\Controllers\AdmPost))
 4 SYSTEMPATH\CodeIgniter.php(368): CodeIgniter\CodeIgniter->handleRequest(null, Object(Config\Cache), false)
 5 FCPATH\index.php(67): CodeIgniter\CodeIgniter->run()
CRITICAL - 2023-07-25 18:05:19 --> Undefined variable $id_temp
in APPPATH\Controllers\AdmPost.php on line 53.
 1 APPPATH\Controllers\AdmPost.php(53): CodeIgniter\Debug\Exceptions->errorHandler(2, 'Undefined variable $id_temp', 'C:\\xampp\\htdocs\\codi\\app\\Controllers\\AdmPost.php', 53)
 2 SYSTEMPATH\CodeIgniter.php(934): App\Controllers\AdmPost->lista_corte()
 3 SYSTEMPATH\CodeIgniter.php(499): CodeIgniter\CodeIgniter->runController(Object(App\Controllers\AdmPost))
 4 SYSTEMPATH\CodeIgniter.php(368): CodeIgniter\CodeIgniter->handleRequest(null, Object(Config\Cache), false)
 5 FCPATH\index.php(67): CodeIgniter\CodeIgniter->run()
CRITICAL - 2023-07-25 18:05:20 --> Undefined variable $id_temp
in APPPATH\Controllers\AdmPost.php on line 53.
 1 APPPATH\Controllers\AdmPost.php(53): CodeIgniter\Debug\Exceptions->errorHandler(2, 'Undefined variable $id_temp', 'C:\\xampp\\htdocs\\codi\\app\\Controllers\\AdmPost.php', 53)
 2 SYSTEMPATH\CodeIgniter.php(934): App\Controllers\AdmPost->lista_corte()
 3 SYSTEMPATH\CodeIgniter.php(499): CodeIgniter\CodeIgniter->runController(Object(App\Controllers\AdmPost))
 4 SYSTEMPATH\CodeIgniter.php(368): CodeIgniter\CodeIgniter->handleRequest(null, Object(Config\Cache), false)
 5 FCPATH\index.php(67): CodeIgniter\CodeIgniter->run()
CRITICAL - 2023-07-25 18:05:21 --> Undefined variable $id_temp
in APPPATH\Controllers\AdmPost.php on line 53.
 1 APPPATH\Controllers\AdmPost.php(53): CodeIgniter\Debug\Exceptions->errorHandler(2, 'Undefined variable $id_temp', 'C:\\xampp\\htdocs\\codi\\app\\Controllers\\AdmPost.php', 53)
 2 SYSTEMPATH\CodeIgniter.php(934): App\Controllers\AdmPost->lista_corte()
 3 SYSTEMPATH\CodeIgniter.php(499): CodeIgniter\CodeIgniter->runController(Object(App\Controllers\AdmPost))
 4 SYSTEMPATH\CodeIgniter.php(368): CodeIgniter\CodeIgniter->handleRequest(null, Object(Config\Cache), false)
 5 FCPATH\index.php(67): CodeIgniter\CodeIgniter->run()
CRITICAL - 2023-07-25 18:05:22 --> Undefined variable $id_temp
in APPPATH\Controllers\AdmPost.php on line 53.
 1 APPPATH\Controllers\AdmPost.php(53): CodeIgniter\Debug\Exceptions->errorHandler(2, 'Undefined variable $id_temp', 'C:\\xampp\\htdocs\\codi\\app\\Controllers\\AdmPost.php', 53)
 2 SYSTEMPATH\CodeIgniter.php(934): App\Controllers\AdmPost->lista_corte()
 3 SYSTEMPATH\CodeIgniter.php(499): CodeIgniter\CodeIgniter->runController(Object(App\Controllers\AdmPost))
 4 SYSTEMPATH\CodeIgniter.php(368): CodeIgniter\CodeIgniter->handleRequest(null, Object(Config\Cache), false)
 5 FCPATH\index.php(67): CodeIgniter\CodeIgniter->run()
CRITICAL - 2023-07-25 18:05:23 --> Undefined variable $id_temp
in APPPATH\Controllers\AdmPost.php on line 53.
 1 APPPATH\Controllers\AdmPost.php(53): CodeIgniter\Debug\Exceptions->errorHandler(2, 'Undefined variable $id_temp', 'C:\\xampp\\htdocs\\codi\\app\\Controllers\\AdmPost.php', 53)
 2 SYSTEMPATH\CodeIgniter.php(934): App\Controllers\AdmPost->lista_corte()
 3 SYSTEMPATH\CodeIgniter.php(499): CodeIgniter\CodeIgniter->runController(Object(App\Controllers\AdmPost))
 4 SYSTEMPATH\CodeIgniter.php(368): CodeIgniter\CodeIgniter->handleRequest(null, Object(Config\Cache), false)
 5 FCPATH\index.php(67): CodeIgniter\CodeIgniter->run()
CRITICAL - 2023-07-25 18:05:24 --> Undefined variable $id_temp
in APPPATH\Controllers\AdmPost.php on line 53.
 1 APPPATH\Controllers\AdmPost.php(53): CodeIgniter\Debug\Exceptions->errorHandler(2, 'Undefined variable $id_temp', 'C:\\xampp\\htdocs\\codi\\app\\Controllers\\AdmPost.php', 53)
 2 SYSTEMPATH\CodeIgniter.php(934): App\Controllers\AdmPost->lista_corte()
 3 SYSTEMPATH\CodeIgniter.php(499): CodeIgniter\CodeIgniter->runController(Object(App\Controllers\AdmPost))
 4 SYSTEMPATH\CodeIgniter.php(368): CodeIgniter\CodeIgniter->handleRequest(null, Object(Config\Cache), false)
 5 FCPATH\index.php(67): CodeIgniter\CodeIgniter->run()
CRITICAL - 2023-07-25 18:05:25 --> Undefined variable $id_temp
in APPPATH\Controllers\AdmPost.php on line 53.
 1 APPPATH\Controllers\AdmPost.php(53): CodeIgniter\Debug\Exceptions->errorHandler(2, 'Undefined variable $id_temp', 'C:\\xampp\\htdocs\\codi\\app\\Controllers\\AdmPost.php', 53)
 2 SYSTEMPATH\CodeIgniter.php(934): App\Controllers\AdmPost->lista_corte()
 3 SYSTEMPATH\CodeIgniter.php(499): CodeIgniter\CodeIgniter->runController(Object(App\Controllers\AdmPost))
 4 SYSTEMPATH\CodeIgniter.php(368): CodeIgniter\CodeIgniter->handleRequest(null, Object(Config\Cache), false)
 5 FCPATH\index.php(67): CodeIgniter\CodeIgniter->run()
CRITICAL - 2023-07-25 18:05:26 --> Undefined variable $id_temp
in APPPATH\Controllers\AdmPost.php on line 53.
 1 APPPATH\Controllers\AdmPost.php(53): CodeIgniter\Debug\Exceptions->errorHandler(2, 'Undefined variable $id_temp', 'C:\\xampp\\htdocs\\codi\\app\\Controllers\\AdmPost.php', 53)
 2 SYSTEMPATH\CodeIgniter.php(934): App\Controllers\AdmPost->lista_corte()
 3 SYSTEMPATH\CodeIgniter.php(499): CodeIgniter\CodeIgniter->runController(Object(App\Controllers\AdmPost))
 4 SYSTEMPATH\CodeIgniter.php(368): CodeIgniter\CodeIgniter->handleRequest(null, Object(Config\Cache), false)
 5 FCPATH\index.php(67): CodeIgniter\CodeIgniter->run()
CRITICAL - 2023-07-25 18:05:27 --> Undefined variable $id_temp
in APPPATH\Controllers\AdmPost.php on line 53.
 1 APPPATH\Controllers\AdmPost.php(53): CodeIgniter\Debug\Exceptions->errorHandler(2, 'Undefined variable $id_temp', 'C:\\xampp\\htdocs\\codi\\app\\Controllers\\AdmPost.php', 53)
 2 SYSTEMPATH\CodeIgniter.php(934): App\Controllers\AdmPost->lista_corte()
 3 SYSTEMPATH\CodeIgniter.php(499): CodeIgniter\CodeIgniter->runController(Object(App\Controllers\AdmPost))
 4 SYSTEMPATH\CodeIgniter.php(368): CodeIgniter\CodeIgniter->handleRequest(null, Object(Config\Cache), false)
 5 FCPATH\index.php(67): CodeIgniter\CodeIgniter->run()
CRITICAL - 2023-07-25 18:05:28 --> Undefined variable $id_temp
in APPPATH\Controllers\AdmPost.php on line 53.
 1 APPPATH\Controllers\AdmPost.php(53): CodeIgniter\Debug\Exceptions->errorHandler(2, 'Undefined variable $id_temp', 'C:\\xampp\\htdocs\\codi\\app\\Controllers\\AdmPost.php', 53)
 2 SYSTEMPATH\CodeIgniter.php(934): App\Controllers\AdmPost->lista_corte()
 3 SYSTEMPATH\CodeIgniter.php(499): CodeIgniter\CodeIgniter->runController(Object(App\Controllers\AdmPost))
 4 SYSTEMPATH\CodeIgniter.php(368): CodeIgniter\CodeIgniter->handleRequest(null, Object(Config\Cache), false)
 5 FCPATH\index.php(67): CodeIgniter\CodeIgniter->run()
CRITICAL - 2023-07-25 18:05:29 --> Undefined variable $id_temp
in APPPATH\Controllers\AdmPost.php on line 53.
 1 APPPATH\Controllers\AdmPost.php(53): CodeIgniter\Debug\Exceptions->errorHandler(2, 'Undefined variable $id_temp', 'C:\\xampp\\htdocs\\codi\\app\\Controllers\\AdmPost.php', 53)
 2 SYSTEMPATH\CodeIgniter.php(934): App\Controllers\AdmPost->lista_corte()
 3 SYSTEMPATH\CodeIgniter.php(499): CodeIgniter\CodeIgniter->runController(Object(App\Controllers\AdmPost))
 4 SYSTEMPATH\CodeIgniter.php(368): CodeIgniter\CodeIgniter->handleRequest(null, Object(Config\Cache), false)
 5 FCPATH\index.php(67): CodeIgniter\CodeIgniter->run()
CRITICAL - 2023-07-25 18:05:30 --> Undefined variable $id_temp
in APPPATH\Controllers\AdmPost.php on line 53.
 1 APPPATH\Controllers\AdmPost.php(53): CodeIgniter\Debug\Exceptions->errorHandler(2, 'Undefined variable $id_temp', 'C:\\xampp\\htdocs\\codi\\app\\Controllers\\AdmPost.php', 53)
 2 SYSTEMPATH\CodeIgniter.php(934): App\Controllers\AdmPost->lista_corte()
 3 SYSTEMPATH\CodeIgniter.php(499): CodeIgniter\CodeIgniter->runController(Object(App\Controllers\AdmPost))
 4 SYSTEMPATH\CodeIgniter.php(368): CodeIgniter\CodeIgniter->handleRequest(null, Object(Config\Cache), false)
 5 FCPATH\index.php(67): CodeIgniter\CodeIgniter->run()
CRITICAL - 2023-07-25 18:05:31 --> Undefined variable $id_temp
in APPPATH\Controllers\AdmPost.php on line 53.
 1 APPPATH\Controllers\AdmPost.php(53): CodeIgniter\Debug\Exceptions->errorHandler(2, 'Undefined variable $id_temp', 'C:\\xampp\\htdocs\\codi\\app\\Controllers\\AdmPost.php', 53)
 2 SYSTEMPATH\CodeIgniter.php(934): App\Controllers\AdmPost->lista_corte()
 3 SYSTEMPATH\CodeIgniter.php(499): CodeIgniter\CodeIgniter->runController(Object(App\Controllers\AdmPost))
 4 SYSTEMPATH\CodeIgniter.php(368): CodeIgniter\CodeIgniter->handleRequest(null, Object(Config\Cache), false)
 5 FCPATH\index.php(67): CodeIgniter\CodeIgniter->run()
CRITICAL - 2023-07-25 18:05:32 --> Undefined variable $id_temp
in APPPATH\Controllers\AdmPost.php on line 53.
 1 APPPATH\Controllers\AdmPost.php(53): CodeIgniter\Debug\Exceptions->errorHandler(2, 'Undefined variable $id_temp', 'C:\\xampp\\htdocs\\codi\\app\\Controllers\\AdmPost.php', 53)
 2 SYSTEMPATH\CodeIgniter.php(934): App\Controllers\AdmPost->lista_corte()
 3 SYSTEMPATH\CodeIgniter.php(499): CodeIgniter\CodeIgniter->runController(Object(App\Controllers\AdmPost))
 4 SYSTEMPATH\CodeIgniter.php(368): CodeIgniter\CodeIgniter->handleRequest(null, Object(Config\Cache), false)
 5 FCPATH\index.php(67): CodeIgniter\CodeIgniter->run()
CRITICAL - 2023-07-25 18:05:39 --> Undefined variable $id_temp
in APPPATH\Controllers\AdmPost.php on line 53.
 1 APPPATH\Controllers\AdmPost.php(53): CodeIgniter\Debug\Exceptions->errorHandler(2, 'Undefined variable $id_temp', 'C:\\xampp\\htdocs\\codi\\app\\Controllers\\AdmPost.php', 53)
 2 SYSTEMPATH\CodeIgniter.php(934): App\Controllers\AdmPost->lista_corte()
 3 SYSTEMPATH\CodeIgniter.php(499): CodeIgniter\CodeIgniter->runController(Object(App\Controllers\AdmPost))
 4 SYSTEMPATH\CodeIgniter.php(368): CodeIgniter\CodeIgniter->handleRequest(null, Object(Config\Cache), false)
 5 FCPATH\index.php(67): CodeIgniter\CodeIgniter->run()
CRITICAL - 2023-07-25 18:05:40 --> Undefined variable $id_temp
in APPPATH\Controllers\AdmPost.php on line 53.
 1 APPPATH\Controllers\AdmPost.php(53): CodeIgniter\Debug\Exceptions->errorHandler(2, 'Undefined variable $id_temp', 'C:\\xampp\\htdocs\\codi\\app\\Controllers\\AdmPost.php', 53)
 2 SYSTEMPATH\CodeIgniter.php(934): App\Controllers\AdmPost->lista_corte()
 3 SYSTEMPATH\CodeIgniter.php(499): CodeIgniter\CodeIgniter->runController(Object(App\Controllers\AdmPost))
 4 SYSTEMPATH\CodeIgniter.php(368): CodeIgniter\CodeIgniter->handleRequest(null, Object(Config\Cache), false)
 5 FCPATH\index.php(67): CodeIgniter\CodeIgniter->run()
CRITICAL - 2023-07-25 18:05:41 --> Undefined variable $id_temp
in APPPATH\Controllers\AdmPost.php on line 53.
 1 APPPATH\Controllers\AdmPost.php(53): CodeIgniter\Debug\Exceptions->errorHandler(2, 'Undefined variable $id_temp', 'C:\\xampp\\htdocs\\codi\\app\\Controllers\\AdmPost.php', 53)
 2 SYSTEMPATH\CodeIgniter.php(934): App\Controllers\AdmPost->lista_corte()
 3 SYSTEMPATH\CodeIgniter.php(499): CodeIgniter\CodeIgniter->runController(Object(App\Controllers\AdmPost))
 4 SYSTEMPATH\CodeIgniter.php(368): CodeIgniter\CodeIgniter->handleRequest(null, Object(Config\Cache), false)
 5 FCPATH\index.php(67): CodeIgniter\CodeIgniter->run()
CRITICAL - 2023-07-25 18:05:41 --> Undefined variable $id_temp
in APPPATH\Controllers\AdmPost.php on line 53.
 1 APPPATH\Controllers\AdmPost.php(53): CodeIgniter\Debug\Exceptions->errorHandler(2, 'Undefined variable $id_temp', 'C:\\xampp\\htdocs\\codi\\app\\Controllers\\AdmPost.php', 53)
 2 SYSTEMPATH\CodeIgniter.php(934): App\Controllers\AdmPost->lista_corte()
 3 SYSTEMPATH\CodeIgniter.php(499): CodeIgniter\CodeIgniter->runController(Object(App\Controllers\AdmPost))
 4 SYSTEMPATH\CodeIgniter.php(368): CodeIgniter\CodeIgniter->handleRequest(null, Object(Config\Cache), false)
 5 FCPATH\index.php(67): CodeIgniter\CodeIgniter->run()
CRITICAL - 2023-07-25 18:05:42 --> Undefined variable $id_temp
in APPPATH\Controllers\AdmPost.php on line 53.
 1 APPPATH\Controllers\AdmPost.php(53): CodeIgniter\Debug\Exceptions->errorHandler(2, 'Undefined variable $id_temp', 'C:\\xampp\\htdocs\\codi\\app\\Controllers\\AdmPost.php', 53)
 2 SYSTEMPATH\CodeIgniter.php(934): App\Controllers\AdmPost->lista_corte()
 3 SYSTEMPATH\CodeIgniter.php(499): CodeIgniter\CodeIgniter->runController(Object(App\Controllers\AdmPost))
 4 SYSTEMPATH\CodeIgniter.php(368): CodeIgniter\CodeIgniter->handleRequest(null, Object(Config\Cache), false)
 5 FCPATH\index.php(67): CodeIgniter\CodeIgniter->run()
CRITICAL - 2023-07-25 18:05:43 --> Undefined variable $id_temp
in APPPATH\Controllers\AdmPost.php on line 53.
 1 APPPATH\Controllers\AdmPost.php(53): CodeIgniter\Debug\Exceptions->errorHandler(2, 'Undefined variable $id_temp', 'C:\\xampp\\htdocs\\codi\\app\\Controllers\\AdmPost.php', 53)
 2 SYSTEMPATH\CodeIgniter.php(934): App\Controllers\AdmPost->lista_corte()
 3 SYSTEMPATH\CodeIgniter.php(499): CodeIgniter\CodeIgniter->runController(Object(App\Controllers\AdmPost))
 4 SYSTEMPATH\CodeIgniter.php(368): CodeIgniter\CodeIgniter->handleRequest(null, Object(Config\Cache), false)
 5 FCPATH\index.php(67): CodeIgniter\CodeIgniter->run()
CRITICAL - 2023-07-25 18:05:45 --> Undefined variable $id_temp
in APPPATH\Controllers\AdmPost.php on line 53.
 1 APPPATH\Controllers\AdmPost.php(53): CodeIgniter\Debug\Exceptions->errorHandler(2, 'Undefined variable $id_temp', 'C:\\xampp\\htdocs\\codi\\app\\Controllers\\AdmPost.php', 53)
 2 SYSTEMPATH\CodeIgniter.php(934): App\Controllers\AdmPost->lista_corte()
 3 SYSTEMPATH\CodeIgniter.php(499): CodeIgniter\CodeIgniter->runController(Object(App\Controllers\AdmPost))
 4 SYSTEMPATH\CodeIgniter.php(368): CodeIgniter\CodeIgniter->handleRequest(null, Object(Config\Cache), false)
 5 FCPATH\index.php(67): CodeIgniter\CodeIgniter->run()
CRITICAL - 2023-07-25 18:05:45 --> Undefined variable $id_temp
in APPPATH\Controllers\AdmPost.php on line 53.
 1 APPPATH\Controllers\AdmPost.php(53): CodeIgniter\Debug\Exceptions->errorHandler(2, 'Undefined variable $id_temp', 'C:\\xampp\\htdocs\\codi\\app\\Controllers\\AdmPost.php', 53)
 2 SYSTEMPATH\CodeIgniter.php(934): App\Controllers\AdmPost->lista_corte()
 3 SYSTEMPATH\CodeIgniter.php(499): CodeIgniter\CodeIgniter->runController(Object(App\Controllers\AdmPost))
 4 SYSTEMPATH\CodeIgniter.php(368): CodeIgniter\CodeIgniter->handleRequest(null, Object(Config\Cache), false)
 5 FCPATH\index.php(67): CodeIgniter\CodeIgniter->run()
CRITICAL - 2023-07-25 18:05:47 --> Undefined variable $id_temp
in APPPATH\Controllers\AdmPost.php on line 53.
 1 APPPATH\Controllers\AdmPost.php(53): CodeIgniter\Debug\Exceptions->errorHandler(2, 'Undefined variable $id_temp', 'C:\\xampp\\htdocs\\codi\\app\\Controllers\\AdmPost.php', 53)
 2 SYSTEMPATH\CodeIgniter.php(934): App\Controllers\AdmPost->lista_corte()
 3 SYSTEMPATH\CodeIgniter.php(499): CodeIgniter\CodeIgniter->runController(Object(App\Controllers\AdmPost))
 4 SYSTEMPATH\CodeIgniter.php(368): CodeIgniter\CodeIgniter->handleRequest(null, Object(Config\Cache), false)
 5 FCPATH\index.php(67): CodeIgniter\CodeIgniter->run()
CRITICAL - 2023-07-25 18:05:48 --> Undefined variable $id_temp
in APPPATH\Controllers\AdmPost.php on line 53.
 1 APPPATH\Controllers\AdmPost.php(53): CodeIgniter\Debug\Exceptions->errorHandler(2, 'Undefined variable $id_temp', 'C:\\xampp\\htdocs\\codi\\app\\Controllers\\AdmPost.php', 53)
 2 SYSTEMPATH\CodeIgniter.php(934): App\Controllers\AdmPost->lista_corte()
 3 SYSTEMPATH\CodeIgniter.php(499): CodeIgniter\CodeIgniter->runController(Object(App\Controllers\AdmPost))
 4 SYSTEMPATH\CodeIgniter.php(368): CodeIgniter\CodeIgniter->handleRequest(null, Object(Config\Cache), false)
 5 FCPATH\index.php(67): CodeIgniter\CodeIgniter->run()
CRITICAL - 2023-07-25 18:05:49 --> Undefined variable $id_temp
in APPPATH\Controllers\AdmPost.php on line 53.
 1 APPPATH\Controllers\AdmPost.php(53): CodeIgniter\Debug\Exceptions->errorHandler(2, 'Undefined variable $id_temp', 'C:\\xampp\\htdocs\\codi\\app\\Controllers\\AdmPost.php', 53)
 2 SYSTEMPATH\CodeIgniter.php(934): App\Controllers\AdmPost->lista_corte()
 3 SYSTEMPATH\CodeIgniter.php(499): CodeIgniter\CodeIgniter->runController(Object(App\Controllers\AdmPost))
 4 SYSTEMPATH\CodeIgniter.php(368): CodeIgniter\CodeIgniter->handleRequest(null, Object(Config\Cache), false)
 5 FCPATH\index.php(67): CodeIgniter\CodeIgniter->run()
CRITICAL - 2023-07-25 18:05:50 --> Undefined variable $id_temp
in APPPATH\Controllers\AdmPost.php on line 53.
 1 APPPATH\Controllers\AdmPost.php(53): CodeIgniter\Debug\Exceptions->errorHandler(2, 'Undefined variable $id_temp', 'C:\\xampp\\htdocs\\codi\\app\\Controllers\\AdmPost.php', 53)
 2 SYSTEMPATH\CodeIgniter.php(934): App\Controllers\AdmPost->lista_corte()
 3 SYSTEMPATH\CodeIgniter.php(499): CodeIgniter\CodeIgniter->runController(Object(App\Controllers\AdmPost))
 4 SYSTEMPATH\CodeIgniter.php(368): CodeIgniter\CodeIgniter->handleRequest(null, Object(Config\Cache), false)
 5 FCPATH\index.php(67): CodeIgniter\CodeIgniter->run()
CRITICAL - 2023-07-25 18:05:51 --> Undefined variable $id_temp
in APPPATH\Controllers\AdmPost.php on line 53.
 1 APPPATH\Controllers\AdmPost.php(53): CodeIgniter\Debug\Exceptions->errorHandler(2, 'Undefined variable $id_temp', 'C:\\xampp\\htdocs\\codi\\app\\Controllers\\AdmPost.php', 53)
 2 SYSTEMPATH\CodeIgniter.php(934): App\Controllers\AdmPost->lista_corte()
 3 SYSTEMPATH\CodeIgniter.php(499): CodeIgniter\CodeIgniter->runController(Object(App\Controllers\AdmPost))
 4 SYSTEMPATH\CodeIgniter.php(368): CodeIgniter\CodeIgniter->handleRequest(null, Object(Config\Cache), false)
 5 FCPATH\index.php(67): CodeIgniter\CodeIgniter->run()
CRITICAL - 2023-07-25 18:05:52 --> Undefined variable $id_temp
in APPPATH\Controllers\AdmPost.php on line 53.
 1 APPPATH\Controllers\AdmPost.php(53): CodeIgniter\Debug\Exceptions->errorHandler(2, 'Undefined variable $id_temp', 'C:\\xampp\\htdocs\\codi\\app\\Controllers\\AdmPost.php', 53)
 2 SYSTEMPATH\CodeIgniter.php(934): App\Controllers\AdmPost->lista_corte()
 3 SYSTEMPATH\CodeIgniter.php(499): CodeIgniter\CodeIgniter->runController(Object(App\Controllers\AdmPost))
 4 SYSTEMPATH\CodeIgniter.php(368): CodeIgniter\CodeIgniter->handleRequest(null, Object(Config\Cache), false)
 5 FCPATH\index.php(67): CodeIgniter\CodeIgniter->run()
CRITICAL - 2023-07-25 18:05:53 --> Undefined variable $id_temp
in APPPATH\Controllers\AdmPost.php on line 53.
 1 APPPATH\Controllers\AdmPost.php(53): CodeIgniter\Debug\Exceptions->errorHandler(2, 'Undefined variable $id_temp', 'C:\\xampp\\htdocs\\codi\\app\\Controllers\\AdmPost.php', 53)
 2 SYSTEMPATH\CodeIgniter.php(934): App\Controllers\AdmPost->lista_corte()
 3 SYSTEMPATH\CodeIgniter.php(499): CodeIgniter\CodeIgniter->runController(Object(App\Controllers\AdmPost))
 4 SYSTEMPATH\CodeIgniter.php(368): CodeIgniter\CodeIgniter->handleRequest(null, Object(Config\Cache), false)
 5 FCPATH\index.php(67): CodeIgniter\CodeIgniter->run()
CRITICAL - 2023-07-25 18:05:54 --> Undefined variable $id_temp
in APPPATH\Controllers\AdmPost.php on line 53.
 1 APPPATH\Controllers\AdmPost.php(53): CodeIgniter\Debug\Exceptions->errorHandler(2, 'Undefined variable $id_temp', 'C:\\xampp\\htdocs\\codi\\app\\Controllers\\AdmPost.php', 53)
 2 SYSTEMPATH\CodeIgniter.php(934): App\Controllers\AdmPost->lista_corte()
 3 SYSTEMPATH\CodeIgniter.php(499): CodeIgniter\CodeIgniter->runController(Object(App\Controllers\AdmPost))
 4 SYSTEMPATH\CodeIgniter.php(368): CodeIgniter\CodeIgniter->handleRequest(null, Object(Config\Cache), false)
 5 FCPATH\index.php(67): CodeIgniter\CodeIgniter->run()
CRITICAL - 2023-07-25 18:05:55 --> Undefined variable $id_temp
in APPPATH\Controllers\AdmPost.php on line 53.
 1 APPPATH\Controllers\AdmPost.php(53): CodeIgniter\Debug\Exceptions->errorHandler(2, 'Undefined variable $id_temp', 'C:\\xampp\\htdocs\\codi\\app\\Controllers\\AdmPost.php', 53)
 2 SYSTEMPATH\CodeIgniter.php(934): App\Controllers\AdmPost->lista_corte()
 3 SYSTEMPATH\CodeIgniter.php(499): CodeIgniter\CodeIgniter->runController(Object(App\Controllers\AdmPost))
 4 SYSTEMPATH\CodeIgniter.php(368): CodeIgniter\CodeIgniter->handleRequest(null, Object(Config\Cache), false)
 5 FCPATH\index.php(67): CodeIgniter\CodeIgniter->run()
CRITICAL - 2023-07-25 18:05:56 --> Undefined variable $id_temp
in APPPATH\Controllers\AdmPost.php on line 53.
 1 APPPATH\Controllers\AdmPost.php(53): CodeIgniter\Debug\Exceptions->errorHandler(2, 'Undefined variable $id_temp', 'C:\\xampp\\htdocs\\codi\\app\\Controllers\\AdmPost.php', 53)
 2 SYSTEMPATH\CodeIgniter.php(934): App\Controllers\AdmPost->lista_corte()
 3 SYSTEMPATH\CodeIgniter.php(499): CodeIgniter\CodeIgniter->runController(Object(App\Controllers\AdmPost))
 4 SYSTEMPATH\CodeIgniter.php(368): CodeIgniter\CodeIgniter->handleRequest(null, Object(Config\Cache), false)
 5 FCPATH\index.php(67): CodeIgniter\CodeIgniter->run()
CRITICAL - 2023-07-25 18:05:57 --> Undefined variable $id_temp
in APPPATH\Controllers\AdmPost.php on line 53.
 1 APPPATH\Controllers\AdmPost.php(53): CodeIgniter\Debug\Exceptions->errorHandler(2, 'Undefined variable $id_temp', 'C:\\xampp\\htdocs\\codi\\app\\Controllers\\AdmPost.php', 53)
 2 SYSTEMPATH\CodeIgniter.php(934): App\Controllers\AdmPost->lista_corte()
 3 SYSTEMPATH\CodeIgniter.php(499): CodeIgniter\CodeIgniter->runController(Object(App\Controllers\AdmPost))
 4 SYSTEMPATH\CodeIgniter.php(368): CodeIgniter\CodeIgniter->handleRequest(null, Object(Config\Cache), false)
 5 FCPATH\index.php(67): CodeIgniter\CodeIgniter->run()
CRITICAL - 2023-07-25 18:05:58 --> Undefined variable $id_temp
in APPPATH\Controllers\AdmPost.php on line 53.
 1 APPPATH\Controllers\AdmPost.php(53): CodeIgniter\Debug\Exceptions->errorHandler(2, 'Undefined variable $id_temp', 'C:\\xampp\\htdocs\\codi\\app\\Controllers\\AdmPost.php', 53)
 2 SYSTEMPATH\CodeIgniter.php(934): App\Controllers\AdmPost->lista_corte()
 3 SYSTEMPATH\CodeIgniter.php(499): CodeIgniter\CodeIgniter->runController(Object(App\Controllers\AdmPost))
 4 SYSTEMPATH\CodeIgniter.php(368): CodeIgniter\CodeIgniter->handleRequest(null, Object(Config\Cache), false)
 5 FCPATH\index.php(67): CodeIgniter\CodeIgniter->run()
CRITICAL - 2023-07-25 18:05:59 --> Undefined variable $id_temp
in APPPATH\Controllers\AdmPost.php on line 53.
 1 APPPATH\Controllers\AdmPost.php(53): CodeIgniter\Debug\Exceptions->errorHandler(2, 'Undefined variable $id_temp', 'C:\\xampp\\htdocs\\codi\\app\\Controllers\\AdmPost.php', 53)
 2 SYSTEMPATH\CodeIgniter.php(934): App\Controllers\AdmPost->lista_corte()
 3 SYSTEMPATH\CodeIgniter.php(499): CodeIgniter\CodeIgniter->runController(Object(App\Controllers\AdmPost))
 4 SYSTEMPATH\CodeIgniter.php(368): CodeIgniter\CodeIgniter->handleRequest(null, Object(Config\Cache), false)
 5 FCPATH\index.php(67): CodeIgniter\CodeIgniter->run()
CRITICAL - 2023-07-25 18:06:00 --> Undefined variable $id_temp
in APPPATH\Controllers\AdmPost.php on line 53.
 1 APPPATH\Controllers\AdmPost.php(53): CodeIgniter\Debug\Exceptions->errorHandler(2, 'Undefined variable $id_temp', 'C:\\xampp\\htdocs\\codi\\app\\Controllers\\AdmPost.php', 53)
 2 SYSTEMPATH\CodeIgniter.php(934): App\Controllers\AdmPost->lista_corte()
 3 SYSTEMPATH\CodeIgniter.php(499): CodeIgniter\CodeIgniter->runController(Object(App\Controllers\AdmPost))
 4 SYSTEMPATH\CodeIgniter.php(368): CodeIgniter\CodeIgniter->handleRequest(null, Object(Config\Cache), false)
 5 FCPATH\index.php(67): CodeIgniter\CodeIgniter->run()
CRITICAL - 2023-07-25 18:06:01 --> Undefined variable $id_temp
in APPPATH\Controllers\AdmPost.php on line 53.
 1 APPPATH\Controllers\AdmPost.php(53): CodeIgniter\Debug\Exceptions->errorHandler(2, 'Undefined variable $id_temp', 'C:\\xampp\\htdocs\\codi\\app\\Controllers\\AdmPost.php', 53)
 2 SYSTEMPATH\CodeIgniter.php(934): App\Controllers\AdmPost->lista_corte()
 3 SYSTEMPATH\CodeIgniter.php(499): CodeIgniter\CodeIgniter->runController(Object(App\Controllers\AdmPost))
 4 SYSTEMPATH\CodeIgniter.php(368): CodeIgniter\CodeIgniter->handleRequest(null, Object(Config\Cache), false)
 5 FCPATH\index.php(67): CodeIgniter\CodeIgniter->run()
CRITICAL - 2023-07-25 18:06:02 --> Undefined variable $id_temp
in APPPATH\Controllers\AdmPost.php on line 53.
 1 APPPATH\Controllers\AdmPost.php(53): CodeIgniter\Debug\Exceptions->errorHandler(2, 'Undefined variable $id_temp', 'C:\\xampp\\htdocs\\codi\\app\\Controllers\\AdmPost.php', 53)
 2 SYSTEMPATH\CodeIgniter.php(934): App\Controllers\AdmPost->lista_corte()
 3 SYSTEMPATH\CodeIgniter.php(499): CodeIgniter\CodeIgniter->runController(Object(App\Controllers\AdmPost))
 4 SYSTEMPATH\CodeIgniter.php(368): CodeIgniter\CodeIgniter->handleRequest(null, Object(Config\Cache), false)
 5 FCPATH\index.php(67): CodeIgniter\CodeIgniter->run()
CRITICAL - 2023-07-25 18:06:03 --> Undefined variable $id_temp
in APPPATH\Controllers\AdmPost.php on line 53.
 1 APPPATH\Controllers\AdmPost.php(53): CodeIgniter\Debug\Exceptions->errorHandler(2, 'Undefined variable $id_temp', 'C:\\xampp\\htdocs\\codi\\app\\Controllers\\AdmPost.php', 53)
 2 SYSTEMPATH\CodeIgniter.php(934): App\Controllers\AdmPost->lista_corte()
 3 SYSTEMPATH\CodeIgniter.php(499): CodeIgniter\CodeIgniter->runController(Object(App\Controllers\AdmPost))
 4 SYSTEMPATH\CodeIgniter.php(368): CodeIgniter\CodeIgniter->handleRequest(null, Object(Config\Cache), false)
 5 FCPATH\index.php(67): CodeIgniter\CodeIgniter->run()
CRITICAL - 2023-07-25 18:06:04 --> Undefined variable $id_temp
in APPPATH\Controllers\AdmPost.php on line 53.
 1 APPPATH\Controllers\AdmPost.php(53): CodeIgniter\Debug\Exceptions->errorHandler(2, 'Undefined variable $id_temp', 'C:\\xampp\\htdocs\\codi\\app\\Controllers\\AdmPost.php', 53)
 2 SYSTEMPATH\CodeIgniter.php(934): App\Controllers\AdmPost->lista_corte()
 3 SYSTEMPATH\CodeIgniter.php(499): CodeIgniter\CodeIgniter->runController(Object(App\Controllers\AdmPost))
 4 SYSTEMPATH\CodeIgniter.php(368): CodeIgniter\CodeIgniter->handleRequest(null, Object(Config\Cache), false)
 5 FCPATH\index.php(67): CodeIgniter\CodeIgniter->run()
CRITICAL - 2023-07-25 18:06:05 --> Undefined variable $id_temp
in APPPATH\Controllers\AdmPost.php on line 53.
 1 APPPATH\Controllers\AdmPost.php(53): CodeIgniter\Debug\Exceptions->errorHandler(2, 'Undefined variable $id_temp', 'C:\\xampp\\htdocs\\codi\\app\\Controllers\\AdmPost.php', 53)
 2 SYSTEMPATH\CodeIgniter.php(934): App\Controllers\AdmPost->lista_corte()
 3 SYSTEMPATH\CodeIgniter.php(499): CodeIgniter\CodeIgniter->runController(Object(App\Controllers\AdmPost))
 4 SYSTEMPATH\CodeIgniter.php(368): CodeIgniter\CodeIgniter->handleRequest(null, Object(Config\Cache), false)
 5 FCPATH\index.php(67): CodeIgniter\CodeIgniter->run()
CRITICAL - 2023-07-25 18:06:06 --> Undefined variable $id_temp
in APPPATH\Controllers\AdmPost.php on line 53.
 1 APPPATH\Controllers\AdmPost.php(53): CodeIgniter\Debug\Exceptions->errorHandler(2, 'Undefined variable $id_temp', 'C:\\xampp\\htdocs\\codi\\app\\Controllers\\AdmPost.php', 53)
 2 SYSTEMPATH\CodeIgniter.php(934): App\Controllers\AdmPost->lista_corte()
 3 SYSTEMPATH\CodeIgniter.php(499): CodeIgniter\CodeIgniter->runController(Object(App\Controllers\AdmPost))
 4 SYSTEMPATH\CodeIgniter.php(368): CodeIgniter\CodeIgniter->handleRequest(null, Object(Config\Cache), false)
 5 FCPATH\index.php(67): CodeIgniter\CodeIgniter->run()
CRITICAL - 2023-07-25 18:06:07 --> Undefined variable $id_temp
in APPPATH\Controllers\AdmPost.php on line 53.
 1 APPPATH\Controllers\AdmPost.php(53): CodeIgniter\Debug\Exceptions->errorHandler(2, 'Undefined variable $id_temp', 'C:\\xampp\\htdocs\\codi\\app\\Controllers\\AdmPost.php', 53)
 2 SYSTEMPATH\CodeIgniter.php(934): App\Controllers\AdmPost->lista_corte()
 3 SYSTEMPATH\CodeIgniter.php(499): CodeIgniter\CodeIgniter->runController(Object(App\Controllers\AdmPost))
 4 SYSTEMPATH\CodeIgniter.php(368): CodeIgniter\CodeIgniter->handleRequest(null, Object(Config\Cache), false)
 5 FCPATH\index.php(67): CodeIgniter\CodeIgniter->run()
CRITICAL - 2023-07-25 18:06:08 --> Undefined variable $id_temp
in APPPATH\Controllers\AdmPost.php on line 53.
 1 APPPATH\Controllers\AdmPost.php(53): CodeIgniter\Debug\Exceptions->errorHandler(2, 'Undefined variable $id_temp', 'C:\\xampp\\htdocs\\codi\\app\\Controllers\\AdmPost.php', 53)
 2 SYSTEMPATH\CodeIgniter.php(934): App\Controllers\AdmPost->lista_corte()
 3 SYSTEMPATH\CodeIgniter.php(499): CodeIgniter\CodeIgniter->runController(Object(App\Controllers\AdmPost))
 4 SYSTEMPATH\CodeIgniter.php(368): CodeIgniter\CodeIgniter->handleRequest(null, Object(Config\Cache), false)
 5 FCPATH\index.php(67): CodeIgniter\CodeIgniter->run()
CRITICAL - 2023-07-25 18:06:09 --> Undefined variable $id_temp
in APPPATH\Controllers\AdmPost.php on line 53.
 1 APPPATH\Controllers\AdmPost.php(53): CodeIgniter\Debug\Exceptions->errorHandler(2, 'Undefined variable $id_temp', 'C:\\xampp\\htdocs\\codi\\app\\Controllers\\AdmPost.php', 53)
 2 SYSTEMPATH\CodeIgniter.php(934): App\Controllers\AdmPost->lista_corte()
 3 SYSTEMPATH\CodeIgniter.php(499): CodeIgniter\CodeIgniter->runController(Object(App\Controllers\AdmPost))
 4 SYSTEMPATH\CodeIgniter.php(368): CodeIgniter\CodeIgniter->handleRequest(null, Object(Config\Cache), false)
 5 FCPATH\index.php(67): CodeIgniter\CodeIgniter->run()
CRITICAL - 2023-07-25 18:06:10 --> Undefined variable $id_temp
in APPPATH\Controllers\AdmPost.php on line 53.
 1 APPPATH\Controllers\AdmPost.php(53): CodeIgniter\Debug\Exceptions->errorHandler(2, 'Undefined variable $id_temp', 'C:\\xampp\\htdocs\\codi\\app\\Controllers\\AdmPost.php', 53)
 2 SYSTEMPATH\CodeIgniter.php(934): App\Controllers\AdmPost->lista_corte()
 3 SYSTEMPATH\CodeIgniter.php(499): CodeIgniter\CodeIgniter->runController(Object(App\Controllers\AdmPost))
 4 SYSTEMPATH\CodeIgniter.php(368): CodeIgniter\CodeIgniter->handleRequest(null, Object(Config\Cache), false)
 5 FCPATH\index.php(67): CodeIgniter\CodeIgniter->run()
CRITICAL - 2023-07-25 18:06:11 --> Undefined variable $id_temp
in APPPATH\Controllers\AdmPost.php on line 53.
 1 APPPATH\Controllers\AdmPost.php(53): CodeIgniter\Debug\Exceptions->errorHandler(2, 'Undefined variable $id_temp', 'C:\\xampp\\htdocs\\codi\\app\\Controllers\\AdmPost.php', 53)
 2 SYSTEMPATH\CodeIgniter.php(934): App\Controllers\AdmPost->lista_corte()
 3 SYSTEMPATH\CodeIgniter.php(499): CodeIgniter\CodeIgniter->runController(Object(App\Controllers\AdmPost))
 4 SYSTEMPATH\CodeIgniter.php(368): CodeIgniter\CodeIgniter->handleRequest(null, Object(Config\Cache), false)
 5 FCPATH\index.php(67): CodeIgniter\CodeIgniter->run()
CRITICAL - 2023-07-25 18:06:12 --> Undefined variable $id_temp
in APPPATH\Controllers\AdmPost.php on line 53.
 1 APPPATH\Controllers\AdmPost.php(53): CodeIgniter\Debug\Exceptions->errorHandler(2, 'Undefined variable $id_temp', 'C:\\xampp\\htdocs\\codi\\app\\Controllers\\AdmPost.php', 53)
 2 SYSTEMPATH\CodeIgniter.php(934): App\Controllers\AdmPost->lista_corte()
 3 SYSTEMPATH\CodeIgniter.php(499): CodeIgniter\CodeIgniter->runController(Object(App\Controllers\AdmPost))
 4 SYSTEMPATH\CodeIgniter.php(368): CodeIgniter\CodeIgniter->handleRequest(null, Object(Config\Cache), false)
 5 FCPATH\index.php(67): CodeIgniter\CodeIgniter->run()
CRITICAL - 2023-07-25 18:06:13 --> Undefined variable $id_temp
in APPPATH\Controllers\AdmPost.php on line 53.
 1 APPPATH\Controllers\AdmPost.php(53): CodeIgniter\Debug\Exceptions->errorHandler(2, 'Undefined variable $id_temp', 'C:\\xampp\\htdocs\\codi\\app\\Controllers\\AdmPost.php', 53)
 2 SYSTEMPATH\CodeIgniter.php(934): App\Controllers\AdmPost->lista_corte()
 3 SYSTEMPATH\CodeIgniter.php(499): CodeIgniter\CodeIgniter->runController(Object(App\Controllers\AdmPost))
 4 SYSTEMPATH\CodeIgniter.php(368): CodeIgniter\CodeIgniter->handleRequest(null, Object(Config\Cache), false)
 5 FCPATH\index.php(67): CodeIgniter\CodeIgniter->run()
CRITICAL - 2023-07-25 18:06:14 --> Undefined variable $id_temp
in APPPATH\Controllers\AdmPost.php on line 53.
 1 APPPATH\Controllers\AdmPost.php(53): CodeIgniter\Debug\Exceptions->errorHandler(2, 'Undefined variable $id_temp', 'C:\\xampp\\htdocs\\codi\\app\\Controllers\\AdmPost.php', 53)
 2 SYSTEMPATH\CodeIgniter.php(934): App\Controllers\AdmPost->lista_corte()
 3 SYSTEMPATH\CodeIgniter.php(499): CodeIgniter\CodeIgniter->runController(Object(App\Controllers\AdmPost))
 4 SYSTEMPATH\CodeIgniter.php(368): CodeIgniter\CodeIgniter->handleRequest(null, Object(Config\Cache), false)
 5 FCPATH\index.php(67): CodeIgniter\CodeIgniter->run()
CRITICAL - 2023-07-25 18:06:15 --> Undefined variable $id_temp
in APPPATH\Controllers\AdmPost.php on line 53.
 1 APPPATH\Controllers\AdmPost.php(53): CodeIgniter\Debug\Exceptions->errorHandler(2, 'Undefined variable $id_temp', 'C:\\xampp\\htdocs\\codi\\app\\Controllers\\AdmPost.php', 53)
 2 SYSTEMPATH\CodeIgniter.php(934): App\Controllers\AdmPost->lista_corte()
 3 SYSTEMPATH\CodeIgniter.php(499): CodeIgniter\CodeIgniter->runController(Object(App\Controllers\AdmPost))
 4 SYSTEMPATH\CodeIgniter.php(368): CodeIgniter\CodeIgniter->handleRequest(null, Object(Config\Cache), false)
 5 FCPATH\index.php(67): CodeIgniter\CodeIgniter->run()
CRITICAL - 2023-07-25 18:06:16 --> Undefined variable $id_temp
in APPPATH\Controllers\AdmPost.php on line 53.
 1 APPPATH\Controllers\AdmPost.php(53): CodeIgniter\Debug\Exceptions->errorHandler(2, 'Undefined variable $id_temp', 'C:\\xampp\\htdocs\\codi\\app\\Controllers\\AdmPost.php', 53)
 2 SYSTEMPATH\CodeIgniter.php(934): App\Controllers\AdmPost->lista_corte()
 3 SYSTEMPATH\CodeIgniter.php(499): CodeIgniter\CodeIgniter->runController(Object(App\Controllers\AdmPost))
 4 SYSTEMPATH\CodeIgniter.php(368): CodeIgniter\CodeIgniter->handleRequest(null, Object(Config\Cache), false)
 5 FCPATH\index.php(67): CodeIgniter\CodeIgniter->run()
CRITICAL - 2023-07-25 18:06:17 --> Undefined variable $id_temp
in APPPATH\Controllers\AdmPost.php on line 53.
 1 APPPATH\Controllers\AdmPost.php(53): CodeIgniter\Debug\Exceptions->errorHandler(2, 'Undefined variable $id_temp', 'C:\\xampp\\htdocs\\codi\\app\\Controllers\\AdmPost.php', 53)
 2 SYSTEMPATH\CodeIgniter.php(934): App\Controllers\AdmPost->lista_corte()
 3 SYSTEMPATH\CodeIgniter.php(499): CodeIgniter\CodeIgniter->runController(Object(App\Controllers\AdmPost))
 4 SYSTEMPATH\CodeIgniter.php(368): CodeIgniter\CodeIgniter->handleRequest(null, Object(Config\Cache), false)
 5 FCPATH\index.php(67): CodeIgniter\CodeIgniter->run()
CRITICAL - 2023-07-25 18:06:18 --> Undefined variable $id_temp
in APPPATH\Controllers\AdmPost.php on line 53.
 1 APPPATH\Controllers\AdmPost.php(53): CodeIgniter\Debug\Exceptions->errorHandler(2, 'Undefined variable $id_temp', 'C:\\xampp\\htdocs\\codi\\app\\Controllers\\AdmPost.php', 53)
 2 SYSTEMPATH\CodeIgniter.php(934): App\Controllers\AdmPost->lista_corte()
 3 SYSTEMPATH\CodeIgniter.php(499): CodeIgniter\CodeIgniter->runController(Object(App\Controllers\AdmPost))
 4 SYSTEMPATH\CodeIgniter.php(368): CodeIgniter\CodeIgniter->handleRequest(null, Object(Config\Cache), false)
 5 FCPATH\index.php(67): CodeIgniter\CodeIgniter->run()
CRITICAL - 2023-07-25 18:06:19 --> Undefined variable $id_temp
in APPPATH\Controllers\AdmPost.php on line 53.
 1 APPPATH\Controllers\AdmPost.php(53): CodeIgniter\Debug\Exceptions->errorHandler(2, 'Undefined variable $id_temp', 'C:\\xampp\\htdocs\\codi\\app\\Controllers\\AdmPost.php', 53)
 2 SYSTEMPATH\CodeIgniter.php(934): App\Controllers\AdmPost->lista_corte()
 3 SYSTEMPATH\CodeIgniter.php(499): CodeIgniter\CodeIgniter->runController(Object(App\Controllers\AdmPost))
 4 SYSTEMPATH\CodeIgniter.php(368): CodeIgniter\CodeIgniter->handleRequest(null, Object(Config\Cache), false)
 5 FCPATH\index.php(67): CodeIgniter\CodeIgniter->run()
CRITICAL - 2023-07-25 18:06:20 --> Undefined variable $id_temp
in APPPATH\Controllers\AdmPost.php on line 53.
 1 APPPATH\Controllers\AdmPost.php(53): CodeIgniter\Debug\Exceptions->errorHandler(2, 'Undefined variable $id_temp', 'C:\\xampp\\htdocs\\codi\\app\\Controllers\\AdmPost.php', 53)
 2 SYSTEMPATH\CodeIgniter.php(934): App\Controllers\AdmPost->lista_corte()
 3 SYSTEMPATH\CodeIgniter.php(499): CodeIgniter\CodeIgniter->runController(Object(App\Controllers\AdmPost))
 4 SYSTEMPATH\CodeIgniter.php(368): CodeIgniter\CodeIgniter->handleRequest(null, Object(Config\Cache), false)
 5 FCPATH\index.php(67): CodeIgniter\CodeIgniter->run()
CRITICAL - 2023-07-25 18:06:21 --> Undefined variable $id_temp
in APPPATH\Controllers\AdmPost.php on line 53.
 1 APPPATH\Controllers\AdmPost.php(53): CodeIgniter\Debug\Exceptions->errorHandler(2, 'Undefined variable $id_temp', 'C:\\xampp\\htdocs\\codi\\app\\Controllers\\AdmPost.php', 53)
 2 SYSTEMPATH\CodeIgniter.php(934): App\Controllers\AdmPost->lista_corte()
 3 SYSTEMPATH\CodeIgniter.php(499): CodeIgniter\CodeIgniter->runController(Object(App\Controllers\AdmPost))
 4 SYSTEMPATH\CodeIgniter.php(368): CodeIgniter\CodeIgniter->handleRequest(null, Object(Config\Cache), false)
 5 FCPATH\index.php(67): CodeIgniter\CodeIgniter->run()
CRITICAL - 2023-07-25 18:06:22 --> Undefined variable $id_temp
in APPPATH\Controllers\AdmPost.php on line 53.
 1 APPPATH\Controllers\AdmPost.php(53): CodeIgniter\Debug\Exceptions->errorHandler(2, 'Undefined variable $id_temp', 'C:\\xampp\\htdocs\\codi\\app\\Controllers\\AdmPost.php', 53)
 2 SYSTEMPATH\CodeIgniter.php(934): App\Controllers\AdmPost->lista_corte()
 3 SYSTEMPATH\CodeIgniter.php(499): CodeIgniter\CodeIgniter->runController(Object(App\Controllers\AdmPost))
 4 SYSTEMPATH\CodeIgniter.php(368): CodeIgniter\CodeIgniter->handleRequest(null, Object(Config\Cache), false)
 5 FCPATH\index.php(67): CodeIgniter\CodeIgniter->run()
CRITICAL - 2023-07-25 18:06:23 --> Undefined variable $id_temp
in APPPATH\Controllers\AdmPost.php on line 53.
 1 APPPATH\Controllers\AdmPost.php(53): CodeIgniter\Debug\Exceptions->errorHandler(2, 'Undefined variable $id_temp', 'C:\\xampp\\htdocs\\codi\\app\\Controllers\\AdmPost.php', 53)
 2 SYSTEMPATH\CodeIgniter.php(934): App\Controllers\AdmPost->lista_corte()
 3 SYSTEMPATH\CodeIgniter.php(499): CodeIgniter\CodeIgniter->runController(Object(App\Controllers\AdmPost))
 4 SYSTEMPATH\CodeIgniter.php(368): CodeIgniter\CodeIgniter->handleRequest(null, Object(Config\Cache), false)
 5 FCPATH\index.php(67): CodeIgniter\CodeIgniter->run()
CRITICAL - 2023-07-25 18:06:24 --> Undefined variable $id_temp
in APPPATH\Controllers\AdmPost.php on line 53.
 1 APPPATH\Controllers\AdmPost.php(53): CodeIgniter\Debug\Exceptions->errorHandler(2, 'Undefined variable $id_temp', 'C:\\xampp\\htdocs\\codi\\app\\Controllers\\AdmPost.php', 53)
 2 SYSTEMPATH\CodeIgniter.php(934): App\Controllers\AdmPost->lista_corte()
 3 SYSTEMPATH\CodeIgniter.php(499): CodeIgniter\CodeIgniter->runController(Object(App\Controllers\AdmPost))
 4 SYSTEMPATH\CodeIgniter.php(368): CodeIgniter\CodeIgniter->handleRequest(null, Object(Config\Cache), false)
 5 FCPATH\index.php(67): CodeIgniter\CodeIgniter->run()
CRITICAL - 2023-07-25 18:06:25 --> Undefined variable $id_temp
in APPPATH\Controllers\AdmPost.php on line 53.
 1 APPPATH\Controllers\AdmPost.php(53): CodeIgniter\Debug\Exceptions->errorHandler(2, 'Undefined variable $id_temp', 'C:\\xampp\\htdocs\\codi\\app\\Controllers\\AdmPost.php', 53)
 2 SYSTEMPATH\CodeIgniter.php(934): App\Controllers\AdmPost->lista_corte()
 3 SYSTEMPATH\CodeIgniter.php(499): CodeIgniter\CodeIgniter->runController(Object(App\Controllers\AdmPost))
 4 SYSTEMPATH\CodeIgniter.php(368): CodeIgniter\CodeIgniter->handleRequest(null, Object(Config\Cache), false)
 5 FCPATH\index.php(67): CodeIgniter\CodeIgniter->run()
CRITICAL - 2023-07-25 18:06:26 --> Undefined variable $id_temp
in APPPATH\Controllers\AdmPost.php on line 53.
 1 APPPATH\Controllers\AdmPost.php(53): CodeIgniter\Debug\Exceptions->errorHandler(2, 'Undefined variable $id_temp', 'C:\\xampp\\htdocs\\codi\\app\\Controllers\\AdmPost.php', 53)
 2 SYSTEMPATH\CodeIgniter.php(934): App\Controllers\AdmPost->lista_corte()
 3 SYSTEMPATH\CodeIgniter.php(499): CodeIgniter\CodeIgniter->runController(Object(App\Controllers\AdmPost))
 4 SYSTEMPATH\CodeIgniter.php(368): CodeIgniter\CodeIgniter->handleRequest(null, Object(Config\Cache), false)
 5 FCPATH\index.php(67): CodeIgniter\CodeIgniter->run()
CRITICAL - 2023-07-25 18:06:27 --> Undefined variable $id_temp
in APPPATH\Controllers\AdmPost.php on line 53.
 1 APPPATH\Controllers\AdmPost.php(53): CodeIgniter\Debug\Exceptions->errorHandler(2, 'Undefined variable $id_temp', 'C:\\xampp\\htdocs\\codi\\app\\Controllers\\AdmPost.php', 53)
 2 SYSTEMPATH\CodeIgniter.php(934): App\Controllers\AdmPost->lista_corte()
 3 SYSTEMPATH\CodeIgniter.php(499): CodeIgniter\CodeIgniter->runController(Object(App\Controllers\AdmPost))
 4 SYSTEMPATH\CodeIgniter.php(368): CodeIgniter\CodeIgniter->handleRequest(null, Object(Config\Cache), false)
 5 FCPATH\index.php(67): CodeIgniter\CodeIgniter->run()
CRITICAL - 2023-07-25 18:06:28 --> Undefined variable $id_temp
in APPPATH\Controllers\AdmPost.php on line 53.
 1 APPPATH\Controllers\AdmPost.php(53): CodeIgniter\Debug\Exceptions->errorHandler(2, 'Undefined variable $id_temp', 'C:\\xampp\\htdocs\\codi\\app\\Controllers\\AdmPost.php', 53)
 2 SYSTEMPATH\CodeIgniter.php(934): App\Controllers\AdmPost->lista_corte()
 3 SYSTEMPATH\CodeIgniter.php(499): CodeIgniter\CodeIgniter->runController(Object(App\Controllers\AdmPost))
 4 SYSTEMPATH\CodeIgniter.php(368): CodeIgniter\CodeIgniter->handleRequest(null, Object(Config\Cache), false)
 5 FCPATH\index.php(67): CodeIgniter\CodeIgniter->run()
CRITICAL - 2023-07-25 18:06:29 --> Undefined variable $id_temp
in APPPATH\Controllers\AdmPost.php on line 53.
 1 APPPATH\Controllers\AdmPost.php(53): CodeIgniter\Debug\Exceptions->errorHandler(2, 'Undefined variable $id_temp', 'C:\\xampp\\htdocs\\codi\\app\\Controllers\\AdmPost.php', 53)
 2 SYSTEMPATH\CodeIgniter.php(934): App\Controllers\AdmPost->lista_corte()
 3 SYSTEMPATH\CodeIgniter.php(499): CodeIgniter\CodeIgniter->runController(Object(App\Controllers\AdmPost))
 4 SYSTEMPATH\CodeIgniter.php(368): CodeIgniter\CodeIgniter->handleRequest(null, Object(Config\Cache), false)
 5 FCPATH\index.php(67): CodeIgniter\CodeIgniter->run()
CRITICAL - 2023-07-25 18:06:30 --> Undefined variable $id_temp
in APPPATH\Controllers\AdmPost.php on line 53.
 1 APPPATH\Controllers\AdmPost.php(53): CodeIgniter\Debug\Exceptions->errorHandler(2, 'Undefined variable $id_temp', 'C:\\xampp\\htdocs\\codi\\app\\Controllers\\AdmPost.php', 53)
 2 SYSTEMPATH\CodeIgniter.php(934): App\Controllers\AdmPost->lista_corte()
 3 SYSTEMPATH\CodeIgniter.php(499): CodeIgniter\CodeIgniter->runController(Object(App\Controllers\AdmPost))
 4 SYSTEMPATH\CodeIgniter.php(368): CodeIgniter\CodeIgniter->handleRequest(null, Object(Config\Cache), false)
 5 FCPATH\index.php(67): CodeIgniter\CodeIgniter->run()
CRITICAL - 2023-07-25 18:06:31 --> Undefined variable $id_temp
in APPPATH\Controllers\AdmPost.php on line 53.
 1 APPPATH\Controllers\AdmPost.php(53): CodeIgniter\Debug\Exceptions->errorHandler(2, 'Undefined variable $id_temp', 'C:\\xampp\\htdocs\\codi\\app\\Controllers\\AdmPost.php', 53)
 2 SYSTEMPATH\CodeIgniter.php(934): App\Controllers\AdmPost->lista_corte()
 3 SYSTEMPATH\CodeIgniter.php(499): CodeIgniter\CodeIgniter->runController(Object(App\Controllers\AdmPost))
 4 SYSTEMPATH\CodeIgniter.php(368): CodeIgniter\CodeIgniter->handleRequest(null, Object(Config\Cache), false)
 5 FCPATH\index.php(67): CodeIgniter\CodeIgniter->run()
CRITICAL - 2023-07-25 18:06:32 --> Undefined variable $id_temp
in APPPATH\Controllers\AdmPost.php on line 53.
 1 APPPATH\Controllers\AdmPost.php(53): CodeIgniter\Debug\Exceptions->errorHandler(2, 'Undefined variable $id_temp', 'C:\\xampp\\htdocs\\codi\\app\\Controllers\\AdmPost.php', 53)
 2 SYSTEMPATH\CodeIgniter.php(934): App\Controllers\AdmPost->lista_corte()
 3 SYSTEMPATH\CodeIgniter.php(499): CodeIgniter\CodeIgniter->runController(Object(App\Controllers\AdmPost))
 4 SYSTEMPATH\CodeIgniter.php(368): CodeIgniter\CodeIgniter->handleRequest(null, Object(Config\Cache), false)
 5 FCPATH\index.php(67): CodeIgniter\CodeIgniter->run()
CRITICAL - 2023-07-25 18:06:33 --> Undefined variable $id_temp
in APPPATH\Controllers\AdmPost.php on line 53.
 1 APPPATH\Controllers\AdmPost.php(53): CodeIgniter\Debug\Exceptions->errorHandler(2, 'Undefined variable $id_temp', 'C:\\xampp\\htdocs\\codi\\app\\Controllers\\AdmPost.php', 53)
 2 SYSTEMPATH\CodeIgniter.php(934): App\Controllers\AdmPost->lista_corte()
 3 SYSTEMPATH\CodeIgniter.php(499): CodeIgniter\CodeIgniter->runController(Object(App\Controllers\AdmPost))
 4 SYSTEMPATH\CodeIgniter.php(368): CodeIgniter\CodeIgniter->handleRequest(null, Object(Config\Cache), false)
 5 FCPATH\index.php(67): CodeIgniter\CodeIgniter->run()
CRITICAL - 2023-07-25 18:06:34 --> Undefined variable $id_temp
in APPPATH\Controllers\AdmPost.php on line 53.
 1 APPPATH\Controllers\AdmPost.php(53): CodeIgniter\Debug\Exceptions->errorHandler(2, 'Undefined variable $id_temp', 'C:\\xampp\\htdocs\\codi\\app\\Controllers\\AdmPost.php', 53)
 2 SYSTEMPATH\CodeIgniter.php(934): App\Controllers\AdmPost->lista_corte()
 3 SYSTEMPATH\CodeIgniter.php(499): CodeIgniter\CodeIgniter->runController(Object(App\Controllers\AdmPost))
 4 SYSTEMPATH\CodeIgniter.php(368): CodeIgniter\CodeIgniter->handleRequest(null, Object(Config\Cache), false)
 5 FCPATH\index.php(67): CodeIgniter\CodeIgniter->run()
CRITICAL - 2023-07-25 18:06:35 --> Undefined variable $id_temp
in APPPATH\Controllers\AdmPost.php on line 53.
 1 APPPATH\Controllers\AdmPost.php(53): CodeIgniter\Debug\Exceptions->errorHandler(2, 'Undefined variable $id_temp', 'C:\\xampp\\htdocs\\codi\\app\\Controllers\\AdmPost.php', 53)
 2 SYSTEMPATH\CodeIgniter.php(934): App\Controllers\AdmPost->lista_corte()
 3 SYSTEMPATH\CodeIgniter.php(499): CodeIgniter\CodeIgniter->runController(Object(App\Controllers\AdmPost))
 4 SYSTEMPATH\CodeIgniter.php(368): CodeIgniter\CodeIgniter->handleRequest(null, Object(Config\Cache), false)
 5 FCPATH\index.php(67): CodeIgniter\CodeIgniter->run()
CRITICAL - 2023-07-25 18:06:36 --> Undefined variable $id_temp
in APPPATH\Controllers\AdmPost.php on line 53.
 1 APPPATH\Controllers\AdmPost.php(53): CodeIgniter\Debug\Exceptions->errorHandler(2, 'Undefined variable $id_temp', 'C:\\xampp\\htdocs\\codi\\app\\Controllers\\AdmPost.php', 53)
 2 SYSTEMPATH\CodeIgniter.php(934): App\Controllers\AdmPost->lista_corte()
 3 SYSTEMPATH\CodeIgniter.php(499): CodeIgniter\CodeIgniter->runController(Object(App\Controllers\AdmPost))
 4 SYSTEMPATH\CodeIgniter.php(368): CodeIgniter\CodeIgniter->handleRequest(null, Object(Config\Cache), false)
 5 FCPATH\index.php(67): CodeIgniter\CodeIgniter->run()
CRITICAL - 2023-07-25 18:06:37 --> Undefined variable $id_temp
in APPPATH\Controllers\AdmPost.php on line 53.
 1 APPPATH\Controllers\AdmPost.php(53): CodeIgniter\Debug\Exceptions->errorHandler(2, 'Undefined variable $id_temp', 'C:\\xampp\\htdocs\\codi\\app\\Controllers\\AdmPost.php', 53)
 2 SYSTEMPATH\CodeIgniter.php(934): App\Controllers\AdmPost->lista_corte()
 3 SYSTEMPATH\CodeIgniter.php(499): CodeIgniter\CodeIgniter->runController(Object(App\Controllers\AdmPost))
 4 SYSTEMPATH\CodeIgniter.php(368): CodeIgniter\CodeIgniter->handleRequest(null, Object(Config\Cache), false)
 5 FCPATH\index.php(67): CodeIgniter\CodeIgniter->run()
CRITICAL - 2023-07-25 18:06:38 --> Undefined variable $id_temp
in APPPATH\Controllers\AdmPost.php on line 53.
 1 APPPATH\Controllers\AdmPost.php(53): CodeIgniter\Debug\Exceptions->errorHandler(2, 'Undefined variable $id_temp', 'C:\\xampp\\htdocs\\codi\\app\\Controllers\\AdmPost.php', 53)
 2 SYSTEMPATH\CodeIgniter.php(934): App\Controllers\AdmPost->lista_corte()
 3 SYSTEMPATH\CodeIgniter.php(499): CodeIgniter\CodeIgniter->runController(Object(App\Controllers\AdmPost))
 4 SYSTEMPATH\CodeIgniter.php(368): CodeIgniter\CodeIgniter->handleRequest(null, Object(Config\Cache), false)
 5 FCPATH\index.php(67): CodeIgniter\CodeIgniter->run()
CRITICAL - 2023-07-25 18:06:39 --> Undefined variable $id_temp
in APPPATH\Controllers\AdmPost.php on line 53.
 1 APPPATH\Controllers\AdmPost.php(53): CodeIgniter\Debug\Exceptions->errorHandler(2, 'Undefined variable $id_temp', 'C:\\xampp\\htdocs\\codi\\app\\Controllers\\AdmPost.php', 53)
 2 SYSTEMPATH\CodeIgniter.php(934): App\Controllers\AdmPost->lista_corte()
 3 SYSTEMPATH\CodeIgniter.php(499): CodeIgniter\CodeIgniter->runController(Object(App\Controllers\AdmPost))
 4 SYSTEMPATH\CodeIgniter.php(368): CodeIgniter\CodeIgniter->handleRequest(null, Object(Config\Cache), false)
 5 FCPATH\index.php(67): CodeIgniter\CodeIgniter->run()
CRITICAL - 2023-07-25 18:06:40 --> Undefined variable $id_temp
in APPPATH\Controllers\AdmPost.php on line 53.
 1 APPPATH\Controllers\AdmPost.php(53): CodeIgniter\Debug\Exceptions->errorHandler(2, 'Undefined variable $id_temp', 'C:\\xampp\\htdocs\\codi\\app\\Controllers\\AdmPost.php', 53)
 2 SYSTEMPATH\CodeIgniter.php(934): App\Controllers\AdmPost->lista_corte()
 3 SYSTEMPATH\CodeIgniter.php(499): CodeIgniter\CodeIgniter->runController(Object(App\Controllers\AdmPost))
 4 SYSTEMPATH\CodeIgniter.php(368): CodeIgniter\CodeIgniter->handleRequest(null, Object(Config\Cache), false)
 5 FCPATH\index.php(67): CodeIgniter\CodeIgniter->run()
CRITICAL - 2023-07-25 18:06:41 --> Undefined variable $id_temp
in APPPATH\Controllers\AdmPost.php on line 53.
 1 APPPATH\Controllers\AdmPost.php(53): CodeIgniter\Debug\Exceptions->errorHandler(2, 'Undefined variable $id_temp', 'C:\\xampp\\htdocs\\codi\\app\\Controllers\\AdmPost.php', 53)
 2 SYSTEMPATH\CodeIgniter.php(934): App\Controllers\AdmPost->lista_corte()
 3 SYSTEMPATH\CodeIgniter.php(499): CodeIgniter\CodeIgniter->runController(Object(App\Controllers\AdmPost))
 4 SYSTEMPATH\CodeIgniter.php(368): CodeIgniter\CodeIgniter->handleRequest(null, Object(Config\Cache), false)
 5 FCPATH\index.php(67): CodeIgniter\CodeIgniter->run()
CRITICAL - 2023-07-25 18:06:42 --> Undefined variable $id_temp
in APPPATH\Controllers\AdmPost.php on line 53.
 1 APPPATH\Controllers\AdmPost.php(53): CodeIgniter\Debug\Exceptions->errorHandler(2, 'Undefined variable $id_temp', 'C:\\xampp\\htdocs\\codi\\app\\Controllers\\AdmPost.php', 53)
 2 SYSTEMPATH\CodeIgniter.php(934): App\Controllers\AdmPost->lista_corte()
 3 SYSTEMPATH\CodeIgniter.php(499): CodeIgniter\CodeIgniter->runController(Object(App\Controllers\AdmPost))
 4 SYSTEMPATH\CodeIgniter.php(368): CodeIgniter\CodeIgniter->handleRequest(null, Object(Config\Cache), false)
 5 FCPATH\index.php(67): CodeIgniter\CodeIgniter->run()
CRITICAL - 2023-07-25 18:06:43 --> Undefined variable $id_temp
in APPPATH\Controllers\AdmPost.php on line 53.
 1 APPPATH\Controllers\AdmPost.php(53): CodeIgniter\Debug\Exceptions->errorHandler(2, 'Undefined variable $id_temp', 'C:\\xampp\\htdocs\\codi\\app\\Controllers\\AdmPost.php', 53)
 2 SYSTEMPATH\CodeIgniter.php(934): App\Controllers\AdmPost->lista_corte()
 3 SYSTEMPATH\CodeIgniter.php(499): CodeIgniter\CodeIgniter->runController(Object(App\Controllers\AdmPost))
 4 SYSTEMPATH\CodeIgniter.php(368): CodeIgniter\CodeIgniter->handleRequest(null, Object(Config\Cache), false)
 5 FCPATH\index.php(67): CodeIgniter\CodeIgniter->run()
CRITICAL - 2023-07-25 18:06:44 --> Undefined variable $id_temp
in APPPATH\Controllers\AdmPost.php on line 53.
 1 APPPATH\Controllers\AdmPost.php(53): CodeIgniter\Debug\Exceptions->errorHandler(2, 'Undefined variable $id_temp', 'C:\\xampp\\htdocs\\codi\\app\\Controllers\\AdmPost.php', 53)
 2 SYSTEMPATH\CodeIgniter.php(934): App\Controllers\AdmPost->lista_corte()
 3 SYSTEMPATH\CodeIgniter.php(499): CodeIgniter\CodeIgniter->runController(Object(App\Controllers\AdmPost))
 4 SYSTEMPATH\CodeIgniter.php(368): CodeIgniter\CodeIgniter->handleRequest(null, Object(Config\Cache), false)
 5 FCPATH\index.php(67): CodeIgniter\CodeIgniter->run()
CRITICAL - 2023-07-25 18:06:45 --> Undefined variable $id_temp
in APPPATH\Controllers\AdmPost.php on line 53.
 1 APPPATH\Controllers\AdmPost.php(53): CodeIgniter\Debug\Exceptions->errorHandler(2, 'Undefined variable $id_temp', 'C:\\xampp\\htdocs\\codi\\app\\Controllers\\AdmPost.php', 53)
 2 SYSTEMPATH\CodeIgniter.php(934): App\Controllers\AdmPost->lista_corte()
 3 SYSTEMPATH\CodeIgniter.php(499): CodeIgniter\CodeIgniter->runController(Object(App\Controllers\AdmPost))
 4 SYSTEMPATH\CodeIgniter.php(368): CodeIgniter\CodeIgniter->handleRequest(null, Object(Config\Cache), false)
 5 FCPATH\index.php(67): CodeIgniter\CodeIgniter->run()
CRITICAL - 2023-07-25 18:06:46 --> Undefined variable $id_temp
in APPPATH\Controllers\AdmPost.php on line 53.
 1 APPPATH\Controllers\AdmPost.php(53): CodeIgniter\Debug\Exceptions->errorHandler(2, 'Undefined variable $id_temp', 'C:\\xampp\\htdocs\\codi\\app\\Controllers\\AdmPost.php', 53)
 2 SYSTEMPATH\CodeIgniter.php(934): App\Controllers\AdmPost->lista_corte()
 3 SYSTEMPATH\CodeIgniter.php(499): CodeIgniter\CodeIgniter->runController(Object(App\Controllers\AdmPost))
 4 SYSTEMPATH\CodeIgniter.php(368): CodeIgniter\CodeIgniter->handleRequest(null, Object(Config\Cache), false)
 5 FCPATH\index.php(67): CodeIgniter\CodeIgniter->run()
CRITICAL - 2023-07-25 18:07:25 --> Undefined variable $id_temp
in APPPATH\Controllers\AdmPost.php on line 53.
 1 APPPATH\Controllers\AdmPost.php(53): CodeIgniter\Debug\Exceptions->errorHandler(2, 'Undefined variable $id_temp', 'C:\\xampp\\htdocs\\codi\\app\\Controllers\\AdmPost.php', 53)
 2 SYSTEMPATH\CodeIgniter.php(934): App\Controllers\AdmPost->lista_corte()
 3 SYSTEMPATH\CodeIgniter.php(499): CodeIgniter\CodeIgniter->runController(Object(App\Controllers\AdmPost))
 4 SYSTEMPATH\CodeIgniter.php(368): CodeIgniter\CodeIgniter->handleRequest(null, Object(Config\Cache), false)
 5 FCPATH\index.php(67): CodeIgniter\CodeIgniter->run()
CRITICAL - 2023-07-25 18:07:40 --> Undefined variable $id_temp
in APPPATH\Controllers\AdmPost.php on line 53.
 1 APPPATH\Controllers\AdmPost.php(53): CodeIgniter\Debug\Exceptions->errorHandler(2, 'Undefined variable $id_temp', 'C:\\xampp\\htdocs\\codi\\app\\Controllers\\AdmPost.php', 53)
 2 SYSTEMPATH\CodeIgniter.php(934): App\Controllers\AdmPost->lista_corte()
 3 SYSTEMPATH\CodeIgniter.php(499): CodeIgniter\CodeIgniter->runController(Object(App\Controllers\AdmPost))
 4 SYSTEMPATH\CodeIgniter.php(368): CodeIgniter\CodeIgniter->handleRequest(null, Object(Config\Cache), false)
 5 FCPATH\index.php(67): CodeIgniter\CodeIgniter->run()
CRITICAL - 2023-07-25 18:07:41 --> Undefined variable $id_temp
in APPPATH\Controllers\AdmPost.php on line 53.
 1 APPPATH\Controllers\AdmPost.php(53): CodeIgniter\Debug\Exceptions->errorHandler(2, 'Undefined variable $id_temp', 'C:\\xampp\\htdocs\\codi\\app\\Controllers\\AdmPost.php', 53)
 2 SYSTEMPATH\CodeIgniter.php(934): App\Controllers\AdmPost->lista_corte()
 3 SYSTEMPATH\CodeIgniter.php(499): CodeIgniter\CodeIgniter->runController(Object(App\Controllers\AdmPost))
 4 SYSTEMPATH\CodeIgniter.php(368): CodeIgniter\CodeIgniter->handleRequest(null, Object(Config\Cache), false)
 5 FCPATH\index.php(67): CodeIgniter\CodeIgniter->run()
CRITICAL - 2023-07-25 18:07:42 --> Undefined variable $id_temp
in APPPATH\Controllers\AdmPost.php on line 53.
 1 APPPATH\Controllers\AdmPost.php(53): CodeIgniter\Debug\Exceptions->errorHandler(2, 'Undefined variable $id_temp', 'C:\\xampp\\htdocs\\codi\\app\\Controllers\\AdmPost.php', 53)
 2 SYSTEMPATH\CodeIgniter.php(934): App\Controllers\AdmPost->lista_corte()
 3 SYSTEMPATH\CodeIgniter.php(499): CodeIgniter\CodeIgniter->runController(Object(App\Controllers\AdmPost))
 4 SYSTEMPATH\CodeIgniter.php(368): CodeIgniter\CodeIgniter->handleRequest(null, Object(Config\Cache), false)
 5 FCPATH\index.php(67): CodeIgniter\CodeIgniter->run()
CRITICAL - 2023-07-25 18:07:44 --> Undefined variable $id_temp
in APPPATH\Controllers\AdmPost.php on line 53.
 1 APPPATH\Controllers\AdmPost.php(53): CodeIgniter\Debug\Exceptions->errorHandler(2, 'Undefined variable $id_temp', 'C:\\xampp\\htdocs\\codi\\app\\Controllers\\AdmPost.php', 53)
 2 SYSTEMPATH\CodeIgniter.php(934): App\Controllers\AdmPost->lista_corte()
 3 SYSTEMPATH\CodeIgniter.php(499): CodeIgniter\CodeIgniter->runController(Object(App\Controllers\AdmPost))
 4 SYSTEMPATH\CodeIgniter.php(368): CodeIgniter\CodeIgniter->handleRequest(null, Object(Config\Cache), false)
 5 FCPATH\index.php(67): CodeIgniter\CodeIgniter->run()
CRITICAL - 2023-07-25 18:07:45 --> Undefined variable $id_temp
in APPPATH\Controllers\AdmPost.php on line 53.
 1 APPPATH\Controllers\AdmPost.php(53): CodeIgniter\Debug\Exceptions->errorHandler(2, 'Undefined variable $id_temp', 'C:\\xampp\\htdocs\\codi\\app\\Controllers\\AdmPost.php', 53)
 2 SYSTEMPATH\CodeIgniter.php(934): App\Controllers\AdmPost->lista_corte()
 3 SYSTEMPATH\CodeIgniter.php(499): CodeIgniter\CodeIgniter->runController(Object(App\Controllers\AdmPost))
 4 SYSTEMPATH\CodeIgniter.php(368): CodeIgniter\CodeIgniter->handleRequest(null, Object(Config\Cache), false)
 5 FCPATH\index.php(67): CodeIgniter\CodeIgniter->run()
CRITICAL - 2023-07-25 18:07:46 --> Undefined variable $id_temp
in APPPATH\Controllers\AdmPost.php on line 53.
 1 APPPATH\Controllers\AdmPost.php(53): CodeIgniter\Debug\Exceptions->errorHandler(2, 'Undefined variable $id_temp', 'C:\\xampp\\htdocs\\codi\\app\\Controllers\\AdmPost.php', 53)
 2 SYSTEMPATH\CodeIgniter.php(934): App\Controllers\AdmPost->lista_corte()
 3 SYSTEMPATH\CodeIgniter.php(499): CodeIgniter\CodeIgniter->runController(Object(App\Controllers\AdmPost))
 4 SYSTEMPATH\CodeIgniter.php(368): CodeIgniter\CodeIgniter->handleRequest(null, Object(Config\Cache), false)
 5 FCPATH\index.php(67): CodeIgniter\CodeIgniter->run()
CRITICAL - 2023-07-25 18:07:46 --> Undefined variable $id_temp
in APPPATH\Controllers\AdmPost.php on line 53.
 1 APPPATH\Controllers\AdmPost.php(53): CodeIgniter\Debug\Exceptions->errorHandler(2, 'Undefined variable $id_temp', 'C:\\xampp\\htdocs\\codi\\app\\Controllers\\AdmPost.php', 53)
 2 SYSTEMPATH\CodeIgniter.php(934): App\Controllers\AdmPost->lista_corte()
 3 SYSTEMPATH\CodeIgniter.php(499): CodeIgniter\CodeIgniter->runController(Object(App\Controllers\AdmPost))
 4 SYSTEMPATH\CodeIgniter.php(368): CodeIgniter\CodeIgniter->handleRequest(null, Object(Config\Cache), false)
 5 FCPATH\index.php(67): CodeIgniter\CodeIgniter->run()
CRITICAL - 2023-07-25 18:07:47 --> Undefined variable $id_temp
in APPPATH\Controllers\AdmPost.php on line 53.
 1 APPPATH\Controllers\AdmPost.php(53): CodeIgniter\Debug\Exceptions->errorHandler(2, 'Undefined variable $id_temp', 'C:\\xampp\\htdocs\\codi\\app\\Controllers\\AdmPost.php', 53)
 2 SYSTEMPATH\CodeIgniter.php(934): App\Controllers\AdmPost->lista_corte()
 3 SYSTEMPATH\CodeIgniter.php(499): CodeIgniter\CodeIgniter->runController(Object(App\Controllers\AdmPost))
 4 SYSTEMPATH\CodeIgniter.php(368): CodeIgniter\CodeIgniter->handleRequest(null, Object(Config\Cache), false)
 5 FCPATH\index.php(67): CodeIgniter\CodeIgniter->run()
CRITICAL - 2023-07-25 18:07:48 --> Undefined variable $id_temp
in APPPATH\Controllers\AdmPost.php on line 53.
 1 APPPATH\Controllers\AdmPost.php(53): CodeIgniter\Debug\Exceptions->errorHandler(2, 'Undefined variable $id_temp', 'C:\\xampp\\htdocs\\codi\\app\\Controllers\\AdmPost.php', 53)
 2 SYSTEMPATH\CodeIgniter.php(934): App\Controllers\AdmPost->lista_corte()
 3 SYSTEMPATH\CodeIgniter.php(499): CodeIgniter\CodeIgniter->runController(Object(App\Controllers\AdmPost))
 4 SYSTEMPATH\CodeIgniter.php(368): CodeIgniter\CodeIgniter->handleRequest(null, Object(Config\Cache), false)
 5 FCPATH\index.php(67): CodeIgniter\CodeIgniter->run()
CRITICAL - 2023-07-25 18:07:49 --> Undefined variable $id_temp
in APPPATH\Controllers\AdmPost.php on line 53.
 1 APPPATH\Controllers\AdmPost.php(53): CodeIgniter\Debug\Exceptions->errorHandler(2, 'Undefined variable $id_temp', 'C:\\xampp\\htdocs\\codi\\app\\Controllers\\AdmPost.php', 53)
 2 SYSTEMPATH\CodeIgniter.php(934): App\Controllers\AdmPost->lista_corte()
 3 SYSTEMPATH\CodeIgniter.php(499): CodeIgniter\CodeIgniter->runController(Object(App\Controllers\AdmPost))
 4 SYSTEMPATH\CodeIgniter.php(368): CodeIgniter\CodeIgniter->handleRequest(null, Object(Config\Cache), false)
 5 FCPATH\index.php(67): CodeIgniter\CodeIgniter->run()
CRITICAL - 2023-07-25 18:07:50 --> Undefined variable $id_temp
in APPPATH\Controllers\AdmPost.php on line 53.
 1 APPPATH\Controllers\AdmPost.php(53): CodeIgniter\Debug\Exceptions->errorHandler(2, 'Undefined variable $id_temp', 'C:\\xampp\\htdocs\\codi\\app\\Controllers\\AdmPost.php', 53)
 2 SYSTEMPATH\CodeIgniter.php(934): App\Controllers\AdmPost->lista_corte()
 3 SYSTEMPATH\CodeIgniter.php(499): CodeIgniter\CodeIgniter->runController(Object(App\Controllers\AdmPost))
 4 SYSTEMPATH\CodeIgniter.php(368): CodeIgniter\CodeIgniter->handleRequest(null, Object(Config\Cache), false)
 5 FCPATH\index.php(67): CodeIgniter\CodeIgniter->run()
CRITICAL - 2023-07-25 18:07:51 --> Undefined variable $id_temp
in APPPATH\Controllers\AdmPost.php on line 53.
 1 APPPATH\Controllers\AdmPost.php(53): CodeIgniter\Debug\Exceptions->errorHandler(2, 'Undefined variable $id_temp', 'C:\\xampp\\htdocs\\codi\\app\\Controllers\\AdmPost.php', 53)
 2 SYSTEMPATH\CodeIgniter.php(934): App\Controllers\AdmPost->lista_corte()
 3 SYSTEMPATH\CodeIgniter.php(499): CodeIgniter\CodeIgniter->runController(Object(App\Controllers\AdmPost))
 4 SYSTEMPATH\CodeIgniter.php(368): CodeIgniter\CodeIgniter->handleRequest(null, Object(Config\Cache), false)
 5 FCPATH\index.php(67): CodeIgniter\CodeIgniter->run()
CRITICAL - 2023-07-25 18:07:52 --> Undefined variable $id_temp
in APPPATH\Controllers\AdmPost.php on line 53.
 1 APPPATH\Controllers\AdmPost.php(53): CodeIgniter\Debug\Exceptions->errorHandler(2, 'Undefined variable $id_temp', 'C:\\xampp\\htdocs\\codi\\app\\Controllers\\AdmPost.php', 53)
 2 SYSTEMPATH\CodeIgniter.php(934): App\Controllers\AdmPost->lista_corte()
 3 SYSTEMPATH\CodeIgniter.php(499): CodeIgniter\CodeIgniter->runController(Object(App\Controllers\AdmPost))
 4 SYSTEMPATH\CodeIgniter.php(368): CodeIgniter\CodeIgniter->handleRequest(null, Object(Config\Cache), false)
 5 FCPATH\index.php(67): CodeIgniter\CodeIgniter->run()
CRITICAL - 2023-07-25 18:07:53 --> Undefined variable $id_temp
in APPPATH\Controllers\AdmPost.php on line 53.
 1 APPPATH\Controllers\AdmPost.php(53): CodeIgniter\Debug\Exceptions->errorHandler(2, 'Undefined variable $id_temp', 'C:\\xampp\\htdocs\\codi\\app\\Controllers\\AdmPost.php', 53)
 2 SYSTEMPATH\CodeIgniter.php(934): App\Controllers\AdmPost->lista_corte()
 3 SYSTEMPATH\CodeIgniter.php(499): CodeIgniter\CodeIgniter->runController(Object(App\Controllers\AdmPost))
 4 SYSTEMPATH\CodeIgniter.php(368): CodeIgniter\CodeIgniter->handleRequest(null, Object(Config\Cache), false)
 5 FCPATH\index.php(67): CodeIgniter\CodeIgniter->run()
CRITICAL - 2023-07-25 18:07:54 --> Undefined variable $id_temp
in APPPATH\Controllers\AdmPost.php on line 53.
 1 APPPATH\Controllers\AdmPost.php(53): CodeIgniter\Debug\Exceptions->errorHandler(2, 'Undefined variable $id_temp', 'C:\\xampp\\htdocs\\codi\\app\\Controllers\\AdmPost.php', 53)
 2 SYSTEMPATH\CodeIgniter.php(934): App\Controllers\AdmPost->lista_corte()
 3 SYSTEMPATH\CodeIgniter.php(499): CodeIgniter\CodeIgniter->runController(Object(App\Controllers\AdmPost))
 4 SYSTEMPATH\CodeIgniter.php(368): CodeIgniter\CodeIgniter->handleRequest(null, Object(Config\Cache), false)
 5 FCPATH\index.php(67): CodeIgniter\CodeIgniter->run()
CRITICAL - 2023-07-25 18:07:55 --> Undefined variable $id_temp
in APPPATH\Controllers\AdmPost.php on line 53.
 1 APPPATH\Controllers\AdmPost.php(53): CodeIgniter\Debug\Exceptions->errorHandler(2, 'Undefined variable $id_temp', 'C:\\xampp\\htdocs\\codi\\app\\Controllers\\AdmPost.php', 53)
 2 SYSTEMPATH\CodeIgniter.php(934): App\Controllers\AdmPost->lista_corte()
 3 SYSTEMPATH\CodeIgniter.php(499): CodeIgniter\CodeIgniter->runController(Object(App\Controllers\AdmPost))
 4 SYSTEMPATH\CodeIgniter.php(368): CodeIgniter\CodeIgniter->handleRequest(null, Object(Config\Cache), false)
 5 FCPATH\index.php(67): CodeIgniter\CodeIgniter->run()
CRITICAL - 2023-07-25 18:07:56 --> Undefined variable $id_temp
in APPPATH\Controllers\AdmPost.php on line 53.
 1 APPPATH\Controllers\AdmPost.php(53): CodeIgniter\Debug\Exceptions->errorHandler(2, 'Undefined variable $id_temp', 'C:\\xampp\\htdocs\\codi\\app\\Controllers\\AdmPost.php', 53)
 2 SYSTEMPATH\CodeIgniter.php(934): App\Controllers\AdmPost->lista_corte()
 3 SYSTEMPATH\CodeIgniter.php(499): CodeIgniter\CodeIgniter->runController(Object(App\Controllers\AdmPost))
 4 SYSTEMPATH\CodeIgniter.php(368): CodeIgniter\CodeIgniter->handleRequest(null, Object(Config\Cache), false)
 5 FCPATH\index.php(67): CodeIgniter\CodeIgniter->run()
CRITICAL - 2023-07-25 18:07:57 --> Undefined variable $id_temp
in APPPATH\Controllers\AdmPost.php on line 53.
 1 APPPATH\Controllers\AdmPost.php(53): CodeIgniter\Debug\Exceptions->errorHandler(2, 'Undefined variable $id_temp', 'C:\\xampp\\htdocs\\codi\\app\\Controllers\\AdmPost.php', 53)
 2 SYSTEMPATH\CodeIgniter.php(934): App\Controllers\AdmPost->lista_corte()
 3 SYSTEMPATH\CodeIgniter.php(499): CodeIgniter\CodeIgniter->runController(Object(App\Controllers\AdmPost))
 4 SYSTEMPATH\CodeIgniter.php(368): CodeIgniter\CodeIgniter->handleRequest(null, Object(Config\Cache), false)
 5 FCPATH\index.php(67): CodeIgniter\CodeIgniter->run()
CRITICAL - 2023-07-25 18:07:58 --> Undefined variable $id_temp
in APPPATH\Controllers\AdmPost.php on line 53.
 1 APPPATH\Controllers\AdmPost.php(53): CodeIgniter\Debug\Exceptions->errorHandler(2, 'Undefined variable $id_temp', 'C:\\xampp\\htdocs\\codi\\app\\Controllers\\AdmPost.php', 53)
 2 SYSTEMPATH\CodeIgniter.php(934): App\Controllers\AdmPost->lista_corte()
 3 SYSTEMPATH\CodeIgniter.php(499): CodeIgniter\CodeIgniter->runController(Object(App\Controllers\AdmPost))
 4 SYSTEMPATH\CodeIgniter.php(368): CodeIgniter\CodeIgniter->handleRequest(null, Object(Config\Cache), false)
 5 FCPATH\index.php(67): CodeIgniter\CodeIgniter->run()
CRITICAL - 2023-07-25 18:07:59 --> Undefined variable $id_temp
in APPPATH\Controllers\AdmPost.php on line 53.
 1 APPPATH\Controllers\AdmPost.php(53): CodeIgniter\Debug\Exceptions->errorHandler(2, 'Undefined variable $id_temp', 'C:\\xampp\\htdocs\\codi\\app\\Controllers\\AdmPost.php', 53)
 2 SYSTEMPATH\CodeIgniter.php(934): App\Controllers\AdmPost->lista_corte()
 3 SYSTEMPATH\CodeIgniter.php(499): CodeIgniter\CodeIgniter->runController(Object(App\Controllers\AdmPost))
 4 SYSTEMPATH\CodeIgniter.php(368): CodeIgniter\CodeIgniter->handleRequest(null, Object(Config\Cache), false)
 5 FCPATH\index.php(67): CodeIgniter\CodeIgniter->run()
CRITICAL - 2023-07-25 18:08:00 --> Undefined variable $id_temp
in APPPATH\Controllers\AdmPost.php on line 53.
 1 APPPATH\Controllers\AdmPost.php(53): CodeIgniter\Debug\Exceptions->errorHandler(2, 'Undefined variable $id_temp', 'C:\\xampp\\htdocs\\codi\\app\\Controllers\\AdmPost.php', 53)
 2 SYSTEMPATH\CodeIgniter.php(934): App\Controllers\AdmPost->lista_corte()
 3 SYSTEMPATH\CodeIgniter.php(499): CodeIgniter\CodeIgniter->runController(Object(App\Controllers\AdmPost))
 4 SYSTEMPATH\CodeIgniter.php(368): CodeIgniter\CodeIgniter->handleRequest(null, Object(Config\Cache), false)
 5 FCPATH\index.php(67): CodeIgniter\CodeIgniter->run()
CRITICAL - 2023-07-25 18:08:01 --> Undefined variable $id_temp
in APPPATH\Controllers\AdmPost.php on line 53.
 1 APPPATH\Controllers\AdmPost.php(53): CodeIgniter\Debug\Exceptions->errorHandler(2, 'Undefined variable $id_temp', 'C:\\xampp\\htdocs\\codi\\app\\Controllers\\AdmPost.php', 53)
 2 SYSTEMPATH\CodeIgniter.php(934): App\Controllers\AdmPost->lista_corte()
 3 SYSTEMPATH\CodeIgniter.php(499): CodeIgniter\CodeIgniter->runController(Object(App\Controllers\AdmPost))
 4 SYSTEMPATH\CodeIgniter.php(368): CodeIgniter\CodeIgniter->handleRequest(null, Object(Config\Cache), false)
 5 FCPATH\index.php(67): CodeIgniter\CodeIgniter->run()
CRITICAL - 2023-07-25 18:08:02 --> Undefined variable $id_temp
in APPPATH\Controllers\AdmPost.php on line 53.
 1 APPPATH\Controllers\AdmPost.php(53): CodeIgniter\Debug\Exceptions->errorHandler(2, 'Undefined variable $id_temp', 'C:\\xampp\\htdocs\\codi\\app\\Controllers\\AdmPost.php', 53)
 2 SYSTEMPATH\CodeIgniter.php(934): App\Controllers\AdmPost->lista_corte()
 3 SYSTEMPATH\CodeIgniter.php(499): CodeIgniter\CodeIgniter->runController(Object(App\Controllers\AdmPost))
 4 SYSTEMPATH\CodeIgniter.php(368): CodeIgniter\CodeIgniter->handleRequest(null, Object(Config\Cache), false)
 5 FCPATH\index.php(67): CodeIgniter\CodeIgniter->run()
CRITICAL - 2023-07-25 18:08:03 --> Undefined variable $id_temp
in APPPATH\Controllers\AdmPost.php on line 53.
 1 APPPATH\Controllers\AdmPost.php(53): CodeIgniter\Debug\Exceptions->errorHandler(2, 'Undefined variable $id_temp', 'C:\\xampp\\htdocs\\codi\\app\\Controllers\\AdmPost.php', 53)
 2 SYSTEMPATH\CodeIgniter.php(934): App\Controllers\AdmPost->lista_corte()
 3 SYSTEMPATH\CodeIgniter.php(499): CodeIgniter\CodeIgniter->runController(Object(App\Controllers\AdmPost))
 4 SYSTEMPATH\CodeIgniter.php(368): CodeIgniter\CodeIgniter->handleRequest(null, Object(Config\Cache), false)
 5 FCPATH\index.php(67): CodeIgniter\CodeIgniter->run()
CRITICAL - 2023-07-25 18:08:04 --> Undefined variable $id_temp
in APPPATH\Controllers\AdmPost.php on line 53.
 1 APPPATH\Controllers\AdmPost.php(53): CodeIgniter\Debug\Exceptions->errorHandler(2, 'Undefined variable $id_temp', 'C:\\xampp\\htdocs\\codi\\app\\Controllers\\AdmPost.php', 53)
 2 SYSTEMPATH\CodeIgniter.php(934): App\Controllers\AdmPost->lista_corte()
 3 SYSTEMPATH\CodeIgniter.php(499): CodeIgniter\CodeIgniter->runController(Object(App\Controllers\AdmPost))
 4 SYSTEMPATH\CodeIgniter.php(368): CodeIgniter\CodeIgniter->handleRequest(null, Object(Config\Cache), false)
 5 FCPATH\index.php(67): CodeIgniter\CodeIgniter->run()
CRITICAL - 2023-07-25 18:08:05 --> Undefined variable $id_temp
in APPPATH\Controllers\AdmPost.php on line 53.
 1 APPPATH\Controllers\AdmPost.php(53): CodeIgniter\Debug\Exceptions->errorHandler(2, 'Undefined variable $id_temp', 'C:\\xampp\\htdocs\\codi\\app\\Controllers\\AdmPost.php', 53)
 2 SYSTEMPATH\CodeIgniter.php(934): App\Controllers\AdmPost->lista_corte()
 3 SYSTEMPATH\CodeIgniter.php(499): CodeIgniter\CodeIgniter->runController(Object(App\Controllers\AdmPost))
 4 SYSTEMPATH\CodeIgniter.php(368): CodeIgniter\CodeIgniter->handleRequest(null, Object(Config\Cache), false)
 5 FCPATH\index.php(67): CodeIgniter\CodeIgniter->run()
CRITICAL - 2023-07-25 18:08:06 --> Undefined variable $id_temp
in APPPATH\Controllers\AdmPost.php on line 53.
 1 APPPATH\Controllers\AdmPost.php(53): CodeIgniter\Debug\Exceptions->errorHandler(2, 'Undefined variable $id_temp', 'C:\\xampp\\htdocs\\codi\\app\\Controllers\\AdmPost.php', 53)
 2 SYSTEMPATH\CodeIgniter.php(934): App\Controllers\AdmPost->lista_corte()
 3 SYSTEMPATH\CodeIgniter.php(499): CodeIgniter\CodeIgniter->runController(Object(App\Controllers\AdmPost))
 4 SYSTEMPATH\CodeIgniter.php(368): CodeIgniter\CodeIgniter->handleRequest(null, Object(Config\Cache), false)
 5 FCPATH\index.php(67): CodeIgniter\CodeIgniter->run()
CRITICAL - 2023-07-25 18:08:07 --> Undefined variable $id_temp
in APPPATH\Controllers\AdmPost.php on line 53.
 1 APPPATH\Controllers\AdmPost.php(53): CodeIgniter\Debug\Exceptions->errorHandler(2, 'Undefined variable $id_temp', 'C:\\xampp\\htdocs\\codi\\app\\Controllers\\AdmPost.php', 53)
 2 SYSTEMPATH\CodeIgniter.php(934): App\Controllers\AdmPost->lista_corte()
 3 SYSTEMPATH\CodeIgniter.php(499): CodeIgniter\CodeIgniter->runController(Object(App\Controllers\AdmPost))
 4 SYSTEMPATH\CodeIgniter.php(368): CodeIgniter\CodeIgniter->handleRequest(null, Object(Config\Cache), false)
 5 FCPATH\index.php(67): CodeIgniter\CodeIgniter->run()
CRITICAL - 2023-07-25 18:08:08 --> Undefined variable $id_temp
in APPPATH\Controllers\AdmPost.php on line 53.
 1 APPPATH\Controllers\AdmPost.php(53): CodeIgniter\Debug\Exceptions->errorHandler(2, 'Undefined variable $id_temp', 'C:\\xampp\\htdocs\\codi\\app\\Controllers\\AdmPost.php', 53)
 2 SYSTEMPATH\CodeIgniter.php(934): App\Controllers\AdmPost->lista_corte()
 3 SYSTEMPATH\CodeIgniter.php(499): CodeIgniter\CodeIgniter->runController(Object(App\Controllers\AdmPost))
 4 SYSTEMPATH\CodeIgniter.php(368): CodeIgniter\CodeIgniter->handleRequest(null, Object(Config\Cache), false)
 5 FCPATH\index.php(67): CodeIgniter\CodeIgniter->run()
CRITICAL - 2023-07-25 18:08:09 --> Undefined variable $id_temp
in APPPATH\Controllers\AdmPost.php on line 53.
 1 APPPATH\Controllers\AdmPost.php(53): CodeIgniter\Debug\Exceptions->errorHandler(2, 'Undefined variable $id_temp', 'C:\\xampp\\htdocs\\codi\\app\\Controllers\\AdmPost.php', 53)
 2 SYSTEMPATH\CodeIgniter.php(934): App\Controllers\AdmPost->lista_corte()
 3 SYSTEMPATH\CodeIgniter.php(499): CodeIgniter\CodeIgniter->runController(Object(App\Controllers\AdmPost))
 4 SYSTEMPATH\CodeIgniter.php(368): CodeIgniter\CodeIgniter->handleRequest(null, Object(Config\Cache), false)
 5 FCPATH\index.php(67): CodeIgniter\CodeIgniter->run()
CRITICAL - 2023-07-25 18:08:10 --> Undefined variable $id_temp
in APPPATH\Controllers\AdmPost.php on line 53.
 1 APPPATH\Controllers\AdmPost.php(53): CodeIgniter\Debug\Exceptions->errorHandler(2, 'Undefined variable $id_temp', 'C:\\xampp\\htdocs\\codi\\app\\Controllers\\AdmPost.php', 53)
 2 SYSTEMPATH\CodeIgniter.php(934): App\Controllers\AdmPost->lista_corte()
 3 SYSTEMPATH\CodeIgniter.php(499): CodeIgniter\CodeIgniter->runController(Object(App\Controllers\AdmPost))
 4 SYSTEMPATH\CodeIgniter.php(368): CodeIgniter\CodeIgniter->handleRequest(null, Object(Config\Cache), false)
 5 FCPATH\index.php(67): CodeIgniter\CodeIgniter->run()
CRITICAL - 2023-07-25 18:08:25 --> Undefined variable $id_temp
in APPPATH\Controllers\AdmPost.php on line 53.
 1 APPPATH\Controllers\AdmPost.php(53): CodeIgniter\Debug\Exceptions->errorHandler(2, 'Undefined variable $id_temp', 'C:\\xampp\\htdocs\\codi\\app\\Controllers\\AdmPost.php', 53)
 2 SYSTEMPATH\CodeIgniter.php(934): App\Controllers\AdmPost->lista_corte()
 3 SYSTEMPATH\CodeIgniter.php(499): CodeIgniter\CodeIgniter->runController(Object(App\Controllers\AdmPost))
 4 SYSTEMPATH\CodeIgniter.php(368): CodeIgniter\CodeIgniter->handleRequest(null, Object(Config\Cache), false)
 5 FCPATH\index.php(67): CodeIgniter\CodeIgniter->run()
CRITICAL - 2023-07-25 18:08:26 --> Undefined variable $id_temp
in APPPATH\Controllers\AdmPost.php on line 53.
 1 APPPATH\Controllers\AdmPost.php(53): CodeIgniter\Debug\Exceptions->errorHandler(2, 'Undefined variable $id_temp', 'C:\\xampp\\htdocs\\codi\\app\\Controllers\\AdmPost.php', 53)
 2 SYSTEMPATH\CodeIgniter.php(934): App\Controllers\AdmPost->lista_corte()
 3 SYSTEMPATH\CodeIgniter.php(499): CodeIgniter\CodeIgniter->runController(Object(App\Controllers\AdmPost))
 4 SYSTEMPATH\CodeIgniter.php(368): CodeIgniter\CodeIgniter->handleRequest(null, Object(Config\Cache), false)
 5 FCPATH\index.php(67): CodeIgniter\CodeIgniter->run()
CRITICAL - 2023-07-25 18:16:28 --> Undefined array key "p"
in APPPATH\Controllers\AdmPost.php on line 78.
 1 APPPATH\Controllers\AdmPost.php(78): CodeIgniter\Debug\Exceptions->errorHandler(2, 'Undefined array key "p"', 'C:\\xampp\\htdocs\\codi\\app\\Controllers\\AdmPost.php', 78)
 2 SYSTEMPATH\CodeIgniter.php(934): App\Controllers\AdmPost->desenho_modal()
 3 SYSTEMPATH\CodeIgniter.php(499): CodeIgniter\CodeIgniter->runController(Object(App\Controllers\AdmPost))
 4 SYSTEMPATH\CodeIgniter.php(368): CodeIgniter\CodeIgniter->handleRequest(null, Object(Config\Cache), false)
 5 FCPATH\index.php(67): CodeIgniter\CodeIgniter->run()
CRITICAL - 2023-07-25 18:16:38 --> Undefined array key "p"
in APPPATH\Controllers\AdmPost.php on line 78.
 1 APPPATH\Controllers\AdmPost.php(78): CodeIgniter\Debug\Exceptions->errorHandler(2, 'Undefined array key "p"', 'C:\\xampp\\htdocs\\codi\\app\\Controllers\\AdmPost.php', 78)
 2 SYSTEMPATH\CodeIgniter.php(934): App\Controllers\AdmPost->desenho_modal()
 3 SYSTEMPATH\CodeIgniter.php(499): CodeIgniter\CodeIgniter->runController(Object(App\Controllers\AdmPost))
 4 SYSTEMPATH\CodeIgniter.php(368): CodeIgniter\CodeIgniter->handleRequest(null, Object(Config\Cache), false)
 5 FCPATH\index.php(67): CodeIgniter\CodeIgniter->run()
CRITICAL - 2023-07-25 18:22:42 --> Undefined array key "id"
in APPPATH\Controllers\AdmPost.php on line 179.
 1 APPPATH\Controllers\AdmPost.php(179): CodeIgniter\Debug\Exceptions->errorHandler(2, 'Undefined array key "id"', 'C:\\xampp\\htdocs\\codi\\app\\Controllers\\AdmPost.php', 179)
 2 SYSTEMPATH\CodeIgniter.php(934): App\Controllers\AdmPost->desenho_update()
 3 SYSTEMPATH\CodeIgniter.php(499): CodeIgniter\CodeIgniter->runController(Object(App\Controllers\AdmPost))
 4 SYSTEMPATH\CodeIgniter.php(368): CodeIgniter\CodeIgniter->handleRequest(null, Object(Config\Cache), false)
 5 FCPATH\index.php(67): CodeIgniter\CodeIgniter->run()
CRITICAL - 2023-07-25 19:38:47 --> syntax error, unexpected variable "$routes"
in APPPATH\Config\Routes.php on line 103.
 1 SYSTEMPATH\CodeIgniter.php(802): CodeIgniter\Router\RouteCollection->loadRoutes()
 2 SYSTEMPATH\CodeIgniter.php(449): CodeIgniter\CodeIgniter->tryToRouteIt(null)
 3 SYSTEMPATH\CodeIgniter.php(368): CodeIgniter\CodeIgniter->handleRequest(null, Object(Config\Cache), false)
 4 FCPATH\index.php(67): CodeIgniter\CodeIgniter->run()
CRITICAL - 2023-07-25 19:38:47 --> syntax error, unexpected variable "$routes"
in APPPATH\Config\Routes.php on line 103.
 1 SYSTEMPATH\CodeIgniter.php(802): CodeIgniter\Router\RouteCollection->loadRoutes()
 2 SYSTEMPATH\CodeIgniter.php(449): CodeIgniter\CodeIgniter->tryToRouteIt(null)
 3 SYSTEMPATH\CodeIgniter.php(368): CodeIgniter\CodeIgniter->handleRequest(null, Object(Config\Cache), false)
 4 FCPATH\index.php(67): CodeIgniter\CodeIgniter->run()
CRITICAL - 2023-07-25 19:38:48 --> syntax error, unexpected variable "$routes"
in APPPATH\Config\Routes.php on line 103.
 1 SYSTEMPATH\CodeIgniter.php(802): CodeIgniter\Router\RouteCollection->loadRoutes()
 2 SYSTEMPATH\CodeIgniter.php(449): CodeIgniter\CodeIgniter->tryToRouteIt(null)
 3 SYSTEMPATH\CodeIgniter.php(368): CodeIgniter\CodeIgniter->handleRequest(null, Object(Config\Cache), false)
 4 FCPATH\index.php(67): CodeIgniter\CodeIgniter->run()
CRITICAL - 2023-07-25 19:38:48 --> syntax error, unexpected variable "$routes"
in APPPATH\Config\Routes.php on line 103.
 1 SYSTEMPATH\CodeIgniter.php(802): CodeIgniter\Router\RouteCollection->loadRoutes()
 2 SYSTEMPATH\CodeIgniter.php(449): CodeIgniter\CodeIgniter->tryToRouteIt(null)
 3 SYSTEMPATH\CodeIgniter.php(368): CodeIgniter\CodeIgniter->handleRequest(null, Object(Config\Cache), false)
 4 FCPATH\index.php(67): CodeIgniter\CodeIgniter->run()
CRITICAL - 2023-07-25 19:38:49 --> syntax error, unexpected variable "$routes"
in APPPATH\Config\Routes.php on line 103.
 1 SYSTEMPATH\CodeIgniter.php(802): CodeIgniter\Router\RouteCollection->loadRoutes()
 2 SYSTEMPATH\CodeIgniter.php(449): CodeIgniter\CodeIgniter->tryToRouteIt(null)
 3 SYSTEMPATH\CodeIgniter.php(368): CodeIgniter\CodeIgniter->handleRequest(null, Object(Config\Cache), false)
 4 FCPATH\index.php(67): CodeIgniter\CodeIgniter->run()
CRITICAL - 2023-07-25 19:38:49 --> syntax error, unexpected variable "$routes"
in APPPATH\Config\Routes.php on line 103.
 1 SYSTEMPATH\CodeIgniter.php(802): CodeIgniter\Router\RouteCollection->loadRoutes()
 2 SYSTEMPATH\CodeIgniter.php(449): CodeIgniter\CodeIgniter->tryToRouteIt(null)
 3 SYSTEMPATH\CodeIgniter.php(368): CodeIgniter\CodeIgniter->handleRequest(null, Object(Config\Cache), false)
 4 FCPATH\index.php(67): CodeIgniter\CodeIgniter->run()
CRITICAL - 2023-07-25 19:38:50 --> syntax error, unexpected variable "$routes"
in APPPATH\Config\Routes.php on line 103.
 1 SYSTEMPATH\CodeIgniter.php(802): CodeIgniter\Router\RouteCollection->loadRoutes()
 2 SYSTEMPATH\CodeIgniter.php(449): CodeIgniter\CodeIgniter->tryToRouteIt(null)
 3 SYSTEMPATH\CodeIgniter.php(368): CodeIgniter\CodeIgniter->handleRequest(null, Object(Config\Cache), false)
 4 FCPATH\index.php(67): CodeIgniter\CodeIgniter->run()
CRITICAL - 2023-07-25 19:38:50 --> syntax error, unexpected variable "$routes"
in APPPATH\Config\Routes.php on line 103.
 1 SYSTEMPATH\CodeIgniter.php(802): CodeIgniter\Router\RouteCollection->loadRoutes()
 2 SYSTEMPATH\CodeIgniter.php(449): CodeIgniter\CodeIgniter->tryToRouteIt(null)
 3 SYSTEMPATH\CodeIgniter.php(368): CodeIgniter\CodeIgniter->handleRequest(null, Object(Config\Cache), false)
 4 FCPATH\index.php(67): CodeIgniter\CodeIgniter->run()
ERROR - 2023-07-25 19:44:46 --> mysqli_sql_exception: Table 'teste.tag' doesn't exist in C:\xampp\htdocs\codi\system\Database\MySQLi\Connection.php:295
Stack trace:
#0 C:\xampp\htdocs\codi\system\Database\MySQLi\Connection.php(295): mysqli->query('SELECT *\nFROM `...', 0)
#1 C:\xampp\htdocs\codi\system\Database\BaseConnection.php(692): CodeIgniter\Database\MySQLi\Connection->execute('SELECT *\nFROM `...')
#2 C:\xampp\htdocs\codi\system\Database\BaseConnection.php(606): CodeIgniter\Database\BaseConnection->simpleQuery('SELECT *\nFROM `...')
#3 C:\xampp\htdocs\codi\system\Database\BaseBuilder.php(1616): CodeIgniter\Database\BaseConnection->query('SELECT *\nFROM `...', Array, false)
#4 C:\xampp\htdocs\codi\system\Model.php(203): CodeIgniter\Database\BaseBuilder->get()
#5 C:\xampp\htdocs\codi\system\BaseModel.php(557): CodeIgniter\Model->doFind(false, NULL)
#6 C:\xampp\htdocs\codi\app\Controllers\DesenhistaPost.php(103): CodeIgniter\BaseModel->find()
#7 C:\xampp\htdocs\codi\system\CodeIgniter.php(934): App\Controllers\DesenhistaPost->desenho_tag_lista()
#8 C:\xampp\htdocs\codi\system\CodeIgniter.php(499): CodeIgniter\CodeIgniter->runController(Object(App\Controllers\DesenhistaPost))
#9 C:\xampp\htdocs\codi\system\CodeIgniter.php(368): CodeIgniter\CodeIgniter->handleRequest(NULL, Object(Config\Cache), false)
#10 C:\xampp\htdocs\codi\public\index.php(67): CodeIgniter\CodeIgniter->run()
#11 {main}
CRITICAL - 2023-07-25 19:44:46 --> Table 'teste.tag' doesn't exist
in SYSTEMPATH\Database\MySQLi\Connection.php on line 295.
 1 SYSTEMPATH\Database\MySQLi\Connection.php(295): mysqli->query('SELECT *
FROM `tag`', 0)
 2 SYSTEMPATH\Database\BaseConnection.php(692): CodeIgniter\Database\MySQLi\Connection->execute('SELECT *
FROM `tag`')
 3 SYSTEMPATH\Database\BaseConnection.php(606): CodeIgniter\Database\BaseConnection->simpleQuery('SELECT *
FROM `tag`')
 4 SYSTEMPATH\Database\BaseBuilder.php(1616): CodeIgniter\Database\BaseConnection->query('SELECT *
FROM `tag`', [], false)
 5 SYSTEMPATH\Model.php(203): CodeIgniter\Database\BaseBuilder->get()
 6 SYSTEMPATH\BaseModel.php(557): CodeIgniter\Model->doFind(false, null)
 7 APPPATH\Controllers\DesenhistaPost.php(103): CodeIgniter\BaseModel->find()
 8 SYSTEMPATH\CodeIgniter.php(934): App\Controllers\DesenhistaPost->desenho_tag_lista()
 9 SYSTEMPATH\CodeIgniter.php(499): CodeIgniter\CodeIgniter->runController(Object(App\Controllers\DesenhistaPost))
10 SYSTEMPATH\CodeIgniter.php(368): CodeIgniter\CodeIgniter->handleRequest(null, Object(Config\Cache), false)
11 FCPATH\index.php(67): CodeIgniter\CodeIgniter->run()
ERROR - 2023-07-25 19:44:47 --> mysqli_sql_exception: Table 'teste.tag' doesn't exist in C:\xampp\htdocs\codi\system\Database\MySQLi\Connection.php:295
Stack trace:
#0 C:\xampp\htdocs\codi\system\Database\MySQLi\Connection.php(295): mysqli->query('SELECT *\nFROM `...', 0)
#1 C:\xampp\htdocs\codi\system\Database\BaseConnection.php(692): CodeIgniter\Database\MySQLi\Connection->execute('SELECT *\nFROM `...')
#2 C:\xampp\htdocs\codi\system\Database\BaseConnection.php(606): CodeIgniter\Database\BaseConnection->simpleQuery('SELECT *\nFROM `...')
#3 C:\xampp\htdocs\codi\system\Database\BaseBuilder.php(1616): CodeIgniter\Database\BaseConnection->query('SELECT *\nFROM `...', Array, false)
#4 C:\xampp\htdocs\codi\system\Model.php(203): CodeIgniter\Database\BaseBuilder->get()
#5 C:\xampp\htdocs\codi\system\BaseModel.php(557): CodeIgniter\Model->doFind(false, NULL)
#6 C:\xampp\htdocs\codi\app\Controllers\DesenhistaPost.php(103): CodeIgniter\BaseModel->find()
#7 C:\xampp\htdocs\codi\system\CodeIgniter.php(934): App\Controllers\DesenhistaPost->desenho_tag_lista()
#8 C:\xampp\htdocs\codi\system\CodeIgniter.php(499): CodeIgniter\CodeIgniter->runController(Object(App\Controllers\DesenhistaPost))
#9 C:\xampp\htdocs\codi\system\CodeIgniter.php(368): CodeIgniter\CodeIgniter->handleRequest(NULL, Object(Config\Cache), false)
#10 C:\xampp\htdocs\codi\public\index.php(67): CodeIgniter\CodeIgniter->run()
#11 {main}
CRITICAL - 2023-07-25 19:44:47 --> Table 'teste.tag' doesn't exist
in SYSTEMPATH\Database\MySQLi\Connection.php on line 295.
 1 SYSTEMPATH\Database\MySQLi\Connection.php(295): mysqli->query('SELECT *
FROM `tag`', 0)
 2 SYSTEMPATH\Database\BaseConnection.php(692): CodeIgniter\Database\MySQLi\Connection->execute('SELECT *
FROM `tag`')
 3 SYSTEMPATH\Database\BaseConnection.php(606): CodeIgniter\Database\BaseConnection->simpleQuery('SELECT *
FROM `tag`')
 4 SYSTEMPATH\Database\BaseBuilder.php(1616): CodeIgniter\Database\BaseConnection->query('SELECT *
FROM `tag`', [], false)
 5 SYSTEMPATH\Model.php(203): CodeIgniter\Database\BaseBuilder->get()
 6 SYSTEMPATH\BaseModel.php(557): CodeIgniter\Model->doFind(false, null)
 7 APPPATH\Controllers\DesenhistaPost.php(103): CodeIgniter\BaseModel->find()
 8 SYSTEMPATH\CodeIgniter.php(934): App\Controllers\DesenhistaPost->desenho_tag_lista()
 9 SYSTEMPATH\CodeIgniter.php(499): CodeIgniter\CodeIgniter->runController(Object(App\Controllers\DesenhistaPost))
10 SYSTEMPATH\CodeIgniter.php(368): CodeIgniter\CodeIgniter->handleRequest(null, Object(Config\Cache), false)
11 FCPATH\index.php(67): CodeIgniter\CodeIgniter->run()
ERROR - 2023-07-25 19:44:48 --> mysqli_sql_exception: Table 'teste.tag' doesn't exist in C:\xampp\htdocs\codi\system\Database\MySQLi\Connection.php:295
Stack trace:
#0 C:\xampp\htdocs\codi\system\Database\MySQLi\Connection.php(295): mysqli->query('SELECT *\nFROM `...', 0)
#1 C:\xampp\htdocs\codi\system\Database\BaseConnection.php(692): CodeIgniter\Database\MySQLi\Connection->execute('SELECT *\nFROM `...')
#2 C:\xampp\htdocs\codi\system\Database\BaseConnection.php(606): CodeIgniter\Database\BaseConnection->simpleQuery('SELECT *\nFROM `...')
#3 C:\xampp\htdocs\codi\system\Database\BaseBuilder.php(1616): CodeIgniter\Database\BaseConnection->query('SELECT *\nFROM `...', Array, false)
#4 C:\xampp\htdocs\codi\system\Model.php(203): CodeIgniter\Database\BaseBuilder->get()
#5 C:\xampp\htdocs\codi\system\BaseModel.php(557): CodeIgniter\Model->doFind(false, NULL)
#6 C:\xampp\htdocs\codi\app\Controllers\DesenhistaPost.php(103): CodeIgniter\BaseModel->find()
#7 C:\xampp\htdocs\codi\system\CodeIgniter.php(934): App\Controllers\DesenhistaPost->desenho_tag_lista()
#8 C:\xampp\htdocs\codi\system\CodeIgniter.php(499): CodeIgniter\CodeIgniter->runController(Object(App\Controllers\DesenhistaPost))
#9 C:\xampp\htdocs\codi\system\CodeIgniter.php(368): CodeIgniter\CodeIgniter->handleRequest(NULL, Object(Config\Cache), false)
#10 C:\xampp\htdocs\codi\public\index.php(67): CodeIgniter\CodeIgniter->run()
#11 {main}
CRITICAL - 2023-07-25 19:44:48 --> Table 'teste.tag' doesn't exist
in SYSTEMPATH\Database\MySQLi\Connection.php on line 295.
 1 SYSTEMPATH\Database\MySQLi\Connection.php(295): mysqli->query('SELECT *
FROM `tag`', 0)
 2 SYSTEMPATH\Database\BaseConnection.php(692): CodeIgniter\Database\MySQLi\Connection->execute('SELECT *
FROM `tag`')
 3 SYSTEMPATH\Database\BaseConnection.php(606): CodeIgniter\Database\BaseConnection->simpleQuery('SELECT *
FROM `tag`')
 4 SYSTEMPATH\Database\BaseBuilder.php(1616): CodeIgniter\Database\BaseConnection->query('SELECT *
FROM `tag`', [], false)
 5 SYSTEMPATH\Model.php(203): CodeIgniter\Database\BaseBuilder->get()
 6 SYSTEMPATH\BaseModel.php(557): CodeIgniter\Model->doFind(false, null)
 7 APPPATH\Controllers\DesenhistaPost.php(103): CodeIgniter\BaseModel->find()
 8 SYSTEMPATH\CodeIgniter.php(934): App\Controllers\DesenhistaPost->desenho_tag_lista()
 9 SYSTEMPATH\CodeIgniter.php(499): CodeIgniter\CodeIgniter->runController(Object(App\Controllers\DesenhistaPost))
10 SYSTEMPATH\CodeIgniter.php(368): CodeIgniter\CodeIgniter->handleRequest(null, Object(Config\Cache), false)
11 FCPATH\index.php(67): CodeIgniter\CodeIgniter->run()
ERROR - 2023-07-25 19:44:49 --> mysqli_sql_exception: Table 'teste.tag' doesn't exist in C:\xampp\htdocs\codi\system\Database\MySQLi\Connection.php:295
Stack trace:
#0 C:\xampp\htdocs\codi\system\Database\MySQLi\Connection.php(295): mysqli->query('SELECT *\nFROM `...', 0)
#1 C:\xampp\htdocs\codi\system\Database\BaseConnection.php(692): CodeIgniter\Database\MySQLi\Connection->execute('SELECT *\nFROM `...')
#2 C:\xampp\htdocs\codi\system\Database\BaseConnection.php(606): CodeIgniter\Database\BaseConnection->simpleQuery('SELECT *\nFROM `...')
#3 C:\xampp\htdocs\codi\system\Database\BaseBuilder.php(1616): CodeIgniter\Database\BaseConnection->query('SELECT *\nFROM `...', Array, false)
#4 C:\xampp\htdocs\codi\system\Model.php(203): CodeIgniter\Database\BaseBuilder->get()
#5 C:\xampp\htdocs\codi\system\BaseModel.php(557): CodeIgniter\Model->doFind(false, NULL)
#6 C:\xampp\htdocs\codi\app\Controllers\DesenhistaPost.php(103): CodeIgniter\BaseModel->find()
#7 C:\xampp\htdocs\codi\system\CodeIgniter.php(934): App\Controllers\DesenhistaPost->desenho_tag_lista()
#8 C:\xampp\htdocs\codi\system\CodeIgniter.php(499): CodeIgniter\CodeIgniter->runController(Object(App\Controllers\DesenhistaPost))
#9 C:\xampp\htdocs\codi\system\CodeIgniter.php(368): CodeIgniter\CodeIgniter->handleRequest(NULL, Object(Config\Cache), false)
#10 C:\xampp\htdocs\codi\public\index.php(67): CodeIgniter\CodeIgniter->run()
#11 {main}
CRITICAL - 2023-07-25 19:44:49 --> Table 'teste.tag' doesn't exist
in SYSTEMPATH\Database\MySQLi\Connection.php on line 295.
 1 SYSTEMPATH\Database\MySQLi\Connection.php(295): mysqli->query('SELECT *
FROM `tag`', 0)
 2 SYSTEMPATH\Database\BaseConnection.php(692): CodeIgniter\Database\MySQLi\Connection->execute('SELECT *
FROM `tag`')
 3 SYSTEMPATH\Database\BaseConnection.php(606): CodeIgniter\Database\BaseConnection->simpleQuery('SELECT *
FROM `tag`')
 4 SYSTEMPATH\Database\BaseBuilder.php(1616): CodeIgniter\Database\BaseConnection->query('SELECT *
FROM `tag`', [], false)
 5 SYSTEMPATH\Model.php(203): CodeIgniter\Database\BaseBuilder->get()
 6 SYSTEMPATH\BaseModel.php(557): CodeIgniter\Model->doFind(false, null)
 7 APPPATH\Controllers\DesenhistaPost.php(103): CodeIgniter\BaseModel->find()
 8 SYSTEMPATH\CodeIgniter.php(934): App\Controllers\DesenhistaPost->desenho_tag_lista()
 9 SYSTEMPATH\CodeIgniter.php(499): CodeIgniter\CodeIgniter->runController(Object(App\Controllers\DesenhistaPost))
10 SYSTEMPATH\CodeIgniter.php(368): CodeIgniter\CodeIgniter->handleRequest(null, Object(Config\Cache), false)
11 FCPATH\index.php(67): CodeIgniter\CodeIgniter->run()
ERROR - 2023-07-25 19:44:50 --> mysqli_sql_exception: Table 'teste.tag' doesn't exist in C:\xampp\htdocs\codi\system\Database\MySQLi\Connection.php:295
Stack trace:
#0 C:\xampp\htdocs\codi\system\Database\MySQLi\Connection.php(295): mysqli->query('SELECT *\nFROM `...', 0)
#1 C:\xampp\htdocs\codi\system\Database\BaseConnection.php(692): CodeIgniter\Database\MySQLi\Connection->execute('SELECT *\nFROM `...')
#2 C:\xampp\htdocs\codi\system\Database\BaseConnection.php(606): CodeIgniter\Database\BaseConnection->simpleQuery('SELECT *\nFROM `...')
#3 C:\xampp\htdocs\codi\system\Database\BaseBuilder.php(1616): CodeIgniter\Database\BaseConnection->query('SELECT *\nFROM `...', Array, false)
#4 C:\xampp\htdocs\codi\system\Model.php(203): CodeIgniter\Database\BaseBuilder->get()
#5 C:\xampp\htdocs\codi\system\BaseModel.php(557): CodeIgniter\Model->doFind(false, NULL)
#6 C:\xampp\htdocs\codi\app\Controllers\DesenhistaPost.php(103): CodeIgniter\BaseModel->find()
#7 C:\xampp\htdocs\codi\system\CodeIgniter.php(934): App\Controllers\DesenhistaPost->desenho_tag_lista()
#8 C:\xampp\htdocs\codi\system\CodeIgniter.php(499): CodeIgniter\CodeIgniter->runController(Object(App\Controllers\DesenhistaPost))
#9 C:\xampp\htdocs\codi\system\CodeIgniter.php(368): CodeIgniter\CodeIgniter->handleRequest(NULL, Object(Config\Cache), false)
#10 C:\xampp\htdocs\codi\public\index.php(67): CodeIgniter\CodeIgniter->run()
#11 {main}
CRITICAL - 2023-07-25 19:44:50 --> Table 'teste.tag' doesn't exist
in SYSTEMPATH\Database\MySQLi\Connection.php on line 295.
 1 SYSTEMPATH\Database\MySQLi\Connection.php(295): mysqli->query('SELECT *
FROM `tag`', 0)
 2 SYSTEMPATH\Database\BaseConnection.php(692): CodeIgniter\Database\MySQLi\Connection->execute('SELECT *
FROM `tag`')
 3 SYSTEMPATH\Database\BaseConnection.php(606): CodeIgniter\Database\BaseConnection->simpleQuery('SELECT *
FROM `tag`')
 4 SYSTEMPATH\Database\BaseBuilder.php(1616): CodeIgniter\Database\BaseConnection->query('SELECT *
FROM `tag`', [], false)
 5 SYSTEMPATH\Model.php(203): CodeIgniter\Database\BaseBuilder->get()
 6 SYSTEMPATH\BaseModel.php(557): CodeIgniter\Model->doFind(false, null)
 7 APPPATH\Controllers\DesenhistaPost.php(103): CodeIgniter\BaseModel->find()
 8 SYSTEMPATH\CodeIgniter.php(934): App\Controllers\DesenhistaPost->desenho_tag_lista()
 9 SYSTEMPATH\CodeIgniter.php(499): CodeIgniter\CodeIgniter->runController(Object(App\Controllers\DesenhistaPost))
10 SYSTEMPATH\CodeIgniter.php(368): CodeIgniter\CodeIgniter->handleRequest(null, Object(Config\Cache), false)
11 FCPATH\index.php(67): CodeIgniter\CodeIgniter->run()
ERROR - 2023-07-25 19:44:51 --> mysqli_sql_exception: Table 'teste.tag' doesn't exist in C:\xampp\htdocs\codi\system\Database\MySQLi\Connection.php:295
Stack trace:
#0 C:\xampp\htdocs\codi\system\Database\MySQLi\Connection.php(295): mysqli->query('SELECT *\nFROM `...', 0)
#1 C:\xampp\htdocs\codi\system\Database\BaseConnection.php(692): CodeIgniter\Database\MySQLi\Connection->execute('SELECT *\nFROM `...')
#2 C:\xampp\htdocs\codi\system\Database\BaseConnection.php(606): CodeIgniter\Database\BaseConnection->simpleQuery('SELECT *\nFROM `...')
#3 C:\xampp\htdocs\codi\system\Database\BaseBuilder.php(1616): CodeIgniter\Database\BaseConnection->query('SELECT *\nFROM `...', Array, false)
#4 C:\xampp\htdocs\codi\system\Model.php(203): CodeIgniter\Database\BaseBuilder->get()
#5 C:\xampp\htdocs\codi\system\BaseModel.php(557): CodeIgniter\Model->doFind(false, NULL)
#6 C:\xampp\htdocs\codi\app\Controllers\DesenhistaPost.php(103): CodeIgniter\BaseModel->find()
#7 C:\xampp\htdocs\codi\system\CodeIgniter.php(934): App\Controllers\DesenhistaPost->desenho_tag_lista()
#8 C:\xampp\htdocs\codi\system\CodeIgniter.php(499): CodeIgniter\CodeIgniter->runController(Object(App\Controllers\DesenhistaPost))
#9 C:\xampp\htdocs\codi\system\CodeIgniter.php(368): CodeIgniter\CodeIgniter->handleRequest(NULL, Object(Config\Cache), false)
#10 C:\xampp\htdocs\codi\public\index.php(67): CodeIgniter\CodeIgniter->run()
#11 {main}
CRITICAL - 2023-07-25 19:44:51 --> Table 'teste.tag' doesn't exist
in SYSTEMPATH\Database\MySQLi\Connection.php on line 295.
 1 SYSTEMPATH\Database\MySQLi\Connection.php(295): mysqli->query('SELECT *
FROM `tag`', 0)
 2 SYSTEMPATH\Database\BaseConnection.php(692): CodeIgniter\Database\MySQLi\Connection->execute('SELECT *
FROM `tag`')
 3 SYSTEMPATH\Database\BaseConnection.php(606): CodeIgniter\Database\BaseConnection->simpleQuery('SELECT *
FROM `tag`')
 4 SYSTEMPATH\Database\BaseBuilder.php(1616): CodeIgniter\Database\BaseConnection->query('SELECT *
FROM `tag`', [], false)
 5 SYSTEMPATH\Model.php(203): CodeIgniter\Database\BaseBuilder->get()
 6 SYSTEMPATH\BaseModel.php(557): CodeIgniter\Model->doFind(false, null)
 7 APPPATH\Controllers\DesenhistaPost.php(103): CodeIgniter\BaseModel->find()
 8 SYSTEMPATH\CodeIgniter.php(934): App\Controllers\DesenhistaPost->desenho_tag_lista()
 9 SYSTEMPATH\CodeIgniter.php(499): CodeIgniter\CodeIgniter->runController(Object(App\Controllers\DesenhistaPost))
10 SYSTEMPATH\CodeIgniter.php(368): CodeIgniter\CodeIgniter->handleRequest(null, Object(Config\Cache), false)
11 FCPATH\index.php(67): CodeIgniter\CodeIgniter->run()
CRITICAL - 2023-07-25 19:44:51 --> rmdir(C:/wl/temp/40785/): No such file or directory
in APPPATH\Controllers\DesenhistaPost.php on line 88.
 1 [internal function]: CodeIgniter\Debug\Exceptions->errorHandler(2, 'rmdir(C:/wl/temp/40785/): No such file or directory', 'C:\\xampp\\htdocs\\codi\\app\\Controllers\\DesenhistaPost.php', 88)
 2 APPPATH\Controllers\DesenhistaPost.php(88): rmdir('C:/wl/temp/40785/')
 3 SYSTEMPATH\CodeIgniter.php(934): App\Controllers\DesenhistaPost->desenho_adicionar_modal()
 4 SYSTEMPATH\CodeIgniter.php(499): CodeIgniter\CodeIgniter->runController(Object(App\Controllers\DesenhistaPost))
 5 SYSTEMPATH\CodeIgniter.php(368): CodeIgniter\CodeIgniter->handleRequest(null, Object(Config\Cache), false)
 6 FCPATH\index.php(67): CodeIgniter\CodeIgniter->run()
ERROR - 2023-07-25 19:44:52 --> mysqli_sql_exception: Table 'teste.tag' doesn't exist in C:\xampp\htdocs\codi\system\Database\MySQLi\Connection.php:295
Stack trace:
#0 C:\xampp\htdocs\codi\system\Database\MySQLi\Connection.php(295): mysqli->query('SELECT *\nFROM `...', 0)
#1 C:\xampp\htdocs\codi\system\Database\BaseConnection.php(692): CodeIgniter\Database\MySQLi\Connection->execute('SELECT *\nFROM `...')
#2 C:\xampp\htdocs\codi\system\Database\BaseConnection.php(606): CodeIgniter\Database\BaseConnection->simpleQuery('SELECT *\nFROM `...')
#3 C:\xampp\htdocs\codi\system\Database\BaseBuilder.php(1616): CodeIgniter\Database\BaseConnection->query('SELECT *\nFROM `...', Array, false)
#4 C:\xampp\htdocs\codi\system\Model.php(203): CodeIgniter\Database\BaseBuilder->get()
#5 C:\xampp\htdocs\codi\system\BaseModel.php(557): CodeIgniter\Model->doFind(false, NULL)
#6 C:\xampp\htdocs\codi\app\Controllers\DesenhistaPost.php(103): CodeIgniter\BaseModel->find()
#7 C:\xampp\htdocs\codi\system\CodeIgniter.php(934): App\Controllers\DesenhistaPost->desenho_tag_lista()
#8 C:\xampp\htdocs\codi\system\CodeIgniter.php(499): CodeIgniter\CodeIgniter->runController(Object(App\Controllers\DesenhistaPost))
#9 C:\xampp\htdocs\codi\system\CodeIgniter.php(368): CodeIgniter\CodeIgniter->handleRequest(NULL, Object(Config\Cache), false)
#10 C:\xampp\htdocs\codi\public\index.php(67): CodeIgniter\CodeIgniter->run()
#11 {main}
CRITICAL - 2023-07-25 19:44:52 --> Table 'teste.tag' doesn't exist
in SYSTEMPATH\Database\MySQLi\Connection.php on line 295.
 1 SYSTEMPATH\Database\MySQLi\Connection.php(295): mysqli->query('SELECT *
FROM `tag`', 0)
 2 SYSTEMPATH\Database\BaseConnection.php(692): CodeIgniter\Database\MySQLi\Connection->execute('SELECT *
FROM `tag`')
 3 SYSTEMPATH\Database\BaseConnection.php(606): CodeIgniter\Database\BaseConnection->simpleQuery('SELECT *
FROM `tag`')
 4 SYSTEMPATH\Database\BaseBuilder.php(1616): CodeIgniter\Database\BaseConnection->query('SELECT *
FROM `tag`', [], false)
 5 SYSTEMPATH\Model.php(203): CodeIgniter\Database\BaseBuilder->get()
 6 SYSTEMPATH\BaseModel.php(557): CodeIgniter\Model->doFind(false, null)
 7 APPPATH\Controllers\DesenhistaPost.php(103): CodeIgniter\BaseModel->find()
 8 SYSTEMPATH\CodeIgniter.php(934): App\Controllers\DesenhistaPost->desenho_tag_lista()
 9 SYSTEMPATH\CodeIgniter.php(499): CodeIgniter\CodeIgniter->runController(Object(App\Controllers\DesenhistaPost))
10 SYSTEMPATH\CodeIgniter.php(368): CodeIgniter\CodeIgniter->handleRequest(null, Object(Config\Cache), false)
11 FCPATH\index.php(67): CodeIgniter\CodeIgniter->run()
ERROR - 2023-07-25 19:44:53 --> mysqli_sql_exception: Table 'teste.tag' doesn't exist in C:\xampp\htdocs\codi\system\Database\MySQLi\Connection.php:295
Stack trace:
#0 C:\xampp\htdocs\codi\system\Database\MySQLi\Connection.php(295): mysqli->query('SELECT *\nFROM `...', 0)
#1 C:\xampp\htdocs\codi\system\Database\BaseConnection.php(692): CodeIgniter\Database\MySQLi\Connection->execute('SELECT *\nFROM `...')
#2 C:\xampp\htdocs\codi\system\Database\BaseConnection.php(606): CodeIgniter\Database\BaseConnection->simpleQuery('SELECT *\nFROM `...')
#3 C:\xampp\htdocs\codi\system\Database\BaseBuilder.php(1616): CodeIgniter\Database\BaseConnection->query('SELECT *\nFROM `...', Array, false)
#4 C:\xampp\htdocs\codi\system\Model.php(203): CodeIgniter\Database\BaseBuilder->get()
#5 C:\xampp\htdocs\codi\system\BaseModel.php(557): CodeIgniter\Model->doFind(false, NULL)
#6 C:\xampp\htdocs\codi\app\Controllers\DesenhistaPost.php(103): CodeIgniter\BaseModel->find()
#7 C:\xampp\htdocs\codi\system\CodeIgniter.php(934): App\Controllers\DesenhistaPost->desenho_tag_lista()
#8 C:\xampp\htdocs\codi\system\CodeIgniter.php(499): CodeIgniter\CodeIgniter->runController(Object(App\Controllers\DesenhistaPost))
#9 C:\xampp\htdocs\codi\system\CodeIgniter.php(368): CodeIgniter\CodeIgniter->handleRequest(NULL, Object(Config\Cache), false)
#10 C:\xampp\htdocs\codi\public\index.php(67): CodeIgniter\CodeIgniter->run()
#11 {main}
CRITICAL - 2023-07-25 19:44:53 --> Table 'teste.tag' doesn't exist
in SYSTEMPATH\Database\MySQLi\Connection.php on line 295.
 1 SYSTEMPATH\Database\MySQLi\Connection.php(295): mysqli->query('SELECT *
FROM `tag`', 0)
 2 SYSTEMPATH\Database\BaseConnection.php(692): CodeIgniter\Database\MySQLi\Connection->execute('SELECT *
FROM `tag`')
 3 SYSTEMPATH\Database\BaseConnection.php(606): CodeIgniter\Database\BaseConnection->simpleQuery('SELECT *
FROM `tag`')
 4 SYSTEMPATH\Database\BaseBuilder.php(1616): CodeIgniter\Database\BaseConnection->query('SELECT *
FROM `tag`', [], false)
 5 SYSTEMPATH\Model.php(203): CodeIgniter\Database\BaseBuilder->get()
 6 SYSTEMPATH\BaseModel.php(557): CodeIgniter\Model->doFind(false, null)
 7 APPPATH\Controllers\DesenhistaPost.php(103): CodeIgniter\BaseModel->find()
 8 SYSTEMPATH\CodeIgniter.php(934): App\Controllers\DesenhistaPost->desenho_tag_lista()
 9 SYSTEMPATH\CodeIgniter.php(499): CodeIgniter\CodeIgniter->runController(Object(App\Controllers\DesenhistaPost))
10 SYSTEMPATH\CodeIgniter.php(368): CodeIgniter\CodeIgniter->handleRequest(null, Object(Config\Cache), false)
11 FCPATH\index.php(67): CodeIgniter\CodeIgniter->run()
ERROR - 2023-07-25 19:44:54 --> mysqli_sql_exception: Table 'teste.tag' doesn't exist in C:\xampp\htdocs\codi\system\Database\MySQLi\Connection.php:295
Stack trace:
#0 C:\xampp\htdocs\codi\system\Database\MySQLi\Connection.php(295): mysqli->query('SELECT *\nFROM `...', 0)
#1 C:\xampp\htdocs\codi\system\Database\BaseConnection.php(692): CodeIgniter\Database\MySQLi\Connection->execute('SELECT *\nFROM `...')
#2 C:\xampp\htdocs\codi\system\Database\BaseConnection.php(606): CodeIgniter\Database\BaseConnection->simpleQuery('SELECT *\nFROM `...')
#3 C:\xampp\htdocs\codi\system\Database\BaseBuilder.php(1616): CodeIgniter\Database\BaseConnection->query('SELECT *\nFROM `...', Array, false)
#4 C:\xampp\htdocs\codi\system\Model.php(203): CodeIgniter\Database\BaseBuilder->get()
#5 C:\xampp\htdocs\codi\system\BaseModel.php(557): CodeIgniter\Model->doFind(false, NULL)
#6 C:\xampp\htdocs\codi\app\Controllers\DesenhistaPost.php(103): CodeIgniter\BaseModel->find()
#7 C:\xampp\htdocs\codi\system\CodeIgniter.php(934): App\Controllers\DesenhistaPost->desenho_tag_lista()
#8 C:\xampp\htdocs\codi\system\CodeIgniter.php(499): CodeIgniter\CodeIgniter->runController(Object(App\Controllers\DesenhistaPost))
#9 C:\xampp\htdocs\codi\system\CodeIgniter.php(368): CodeIgniter\CodeIgniter->handleRequest(NULL, Object(Config\Cache), false)
#10 C:\xampp\htdocs\codi\public\index.php(67): CodeIgniter\CodeIgniter->run()
#11 {main}
CRITICAL - 2023-07-25 19:44:54 --> Table 'teste.tag' doesn't exist
in SYSTEMPATH\Database\MySQLi\Connection.php on line 295.
 1 SYSTEMPATH\Database\MySQLi\Connection.php(295): mysqli->query('SELECT *
FROM `tag`', 0)
 2 SYSTEMPATH\Database\BaseConnection.php(692): CodeIgniter\Database\MySQLi\Connection->execute('SELECT *
FROM `tag`')
 3 SYSTEMPATH\Database\BaseConnection.php(606): CodeIgniter\Database\BaseConnection->simpleQuery('SELECT *
FROM `tag`')
 4 SYSTEMPATH\Database\BaseBuilder.php(1616): CodeIgniter\Database\BaseConnection->query('SELECT *
FROM `tag`', [], false)
 5 SYSTEMPATH\Model.php(203): CodeIgniter\Database\BaseBuilder->get()
 6 SYSTEMPATH\BaseModel.php(557): CodeIgniter\Model->doFind(false, null)
 7 APPPATH\Controllers\DesenhistaPost.php(103): CodeIgniter\BaseModel->find()
 8 SYSTEMPATH\CodeIgniter.php(934): App\Controllers\DesenhistaPost->desenho_tag_lista()
 9 SYSTEMPATH\CodeIgniter.php(499): CodeIgniter\CodeIgniter->runController(Object(App\Controllers\DesenhistaPost))
10 SYSTEMPATH\CodeIgniter.php(368): CodeIgniter\CodeIgniter->handleRequest(null, Object(Config\Cache), false)
11 FCPATH\index.php(67): CodeIgniter\CodeIgniter->run()
ERROR - 2023-07-25 19:44:56 --> mysqli_sql_exception: Table 'teste.tag' doesn't exist in C:\xampp\htdocs\codi\system\Database\MySQLi\Connection.php:295
Stack trace:
#0 C:\xampp\htdocs\codi\system\Database\MySQLi\Connection.php(295): mysqli->query('SELECT *\nFROM `...', 0)
#1 C:\xampp\htdocs\codi\system\Database\BaseConnection.php(692): CodeIgniter\Database\MySQLi\Connection->execute('SELECT *\nFROM `...')
#2 C:\xampp\htdocs\codi\system\Database\BaseConnection.php(606): CodeIgniter\Database\BaseConnection->simpleQuery('SELECT *\nFROM `...')
#3 C:\xampp\htdocs\codi\system\Database\BaseBuilder.php(1616): CodeIgniter\Database\BaseConnection->query('SELECT *\nFROM `...', Array, false)
#4 C:\xampp\htdocs\codi\system\Model.php(203): CodeIgniter\Database\BaseBuilder->get()
#5 C:\xampp\htdocs\codi\system\BaseModel.php(557): CodeIgniter\Model->doFind(false, NULL)
#6 C:\xampp\htdocs\codi\app\Controllers\DesenhistaPost.php(103): CodeIgniter\BaseModel->find()
#7 C:\xampp\htdocs\codi\system\CodeIgniter.php(934): App\Controllers\DesenhistaPost->desenho_tag_lista()
#8 C:\xampp\htdocs\codi\system\CodeIgniter.php(499): CodeIgniter\CodeIgniter->runController(Object(App\Controllers\DesenhistaPost))
#9 C:\xampp\htdocs\codi\system\CodeIgniter.php(368): CodeIgniter\CodeIgniter->handleRequest(NULL, Object(Config\Cache), false)
#10 C:\xampp\htdocs\codi\public\index.php(67): CodeIgniter\CodeIgniter->run()
#11 {main}
CRITICAL - 2023-07-25 19:44:56 --> Table 'teste.tag' doesn't exist
in SYSTEMPATH\Database\MySQLi\Connection.php on line 295.
 1 SYSTEMPATH\Database\MySQLi\Connection.php(295): mysqli->query('SELECT *
FROM `tag`', 0)
 2 SYSTEMPATH\Database\BaseConnection.php(692): CodeIgniter\Database\MySQLi\Connection->execute('SELECT *
FROM `tag`')
 3 SYSTEMPATH\Database\BaseConnection.php(606): CodeIgniter\Database\BaseConnection->simpleQuery('SELECT *
FROM `tag`')
 4 SYSTEMPATH\Database\BaseBuilder.php(1616): CodeIgniter\Database\BaseConnection->query('SELECT *
FROM `tag`', [], false)
 5 SYSTEMPATH\Model.php(203): CodeIgniter\Database\BaseBuilder->get()
 6 SYSTEMPATH\BaseModel.php(557): CodeIgniter\Model->doFind(false, null)
 7 APPPATH\Controllers\DesenhistaPost.php(103): CodeIgniter\BaseModel->find()
 8 SYSTEMPATH\CodeIgniter.php(934): App\Controllers\DesenhistaPost->desenho_tag_lista()
 9 SYSTEMPATH\CodeIgniter.php(499): CodeIgniter\CodeIgniter->runController(Object(App\Controllers\DesenhistaPost))
10 SYSTEMPATH\CodeIgniter.php(368): CodeIgniter\CodeIgniter->handleRequest(null, Object(Config\Cache), false)
11 FCPATH\index.php(67): CodeIgniter\CodeIgniter->run()
ERROR - 2023-07-25 19:44:57 --> mysqli_sql_exception: Table 'teste.tag' doesn't exist in C:\xampp\htdocs\codi\system\Database\MySQLi\Connection.php:295
Stack trace:
#0 C:\xampp\htdocs\codi\system\Database\MySQLi\Connection.php(295): mysqli->query('SELECT *\nFROM `...', 0)
#1 C:\xampp\htdocs\codi\system\Database\BaseConnection.php(692): CodeIgniter\Database\MySQLi\Connection->execute('SELECT *\nFROM `...')
#2 C:\xampp\htdocs\codi\system\Database\BaseConnection.php(606): CodeIgniter\Database\BaseConnection->simpleQuery('SELECT *\nFROM `...')
#3 C:\xampp\htdocs\codi\system\Database\BaseBuilder.php(1616): CodeIgniter\Database\BaseConnection->query('SELECT *\nFROM `...', Array, false)
#4 C:\xampp\htdocs\codi\system\Model.php(203): CodeIgniter\Database\BaseBuilder->get()
#5 C:\xampp\htdocs\codi\system\BaseModel.php(557): CodeIgniter\Model->doFind(false, NULL)
#6 C:\xampp\htdocs\codi\app\Controllers\DesenhistaPost.php(103): CodeIgniter\BaseModel->find()
#7 C:\xampp\htdocs\codi\system\CodeIgniter.php(934): App\Controllers\DesenhistaPost->desenho_tag_lista()
#8 C:\xampp\htdocs\codi\system\CodeIgniter.php(499): CodeIgniter\CodeIgniter->runController(Object(App\Controllers\DesenhistaPost))
#9 C:\xampp\htdocs\codi\system\CodeIgniter.php(368): CodeIgniter\CodeIgniter->handleRequest(NULL, Object(Config\Cache), false)
#10 C:\xampp\htdocs\codi\public\index.php(67): CodeIgniter\CodeIgniter->run()
#11 {main}
CRITICAL - 2023-07-25 19:44:57 --> Table 'teste.tag' doesn't exist
in SYSTEMPATH\Database\MySQLi\Connection.php on line 295.
 1 SYSTEMPATH\Database\MySQLi\Connection.php(295): mysqli->query('SELECT *
FROM `tag`', 0)
 2 SYSTEMPATH\Database\BaseConnection.php(692): CodeIgniter\Database\MySQLi\Connection->execute('SELECT *
FROM `tag`')
 3 SYSTEMPATH\Database\BaseConnection.php(606): CodeIgniter\Database\BaseConnection->simpleQuery('SELECT *
FROM `tag`')
 4 SYSTEMPATH\Database\BaseBuilder.php(1616): CodeIgniter\Database\BaseConnection->query('SELECT *
FROM `tag`', [], false)
 5 SYSTEMPATH\Model.php(203): CodeIgniter\Database\BaseBuilder->get()
 6 SYSTEMPATH\BaseModel.php(557): CodeIgniter\Model->doFind(false, null)
 7 APPPATH\Controllers\DesenhistaPost.php(103): CodeIgniter\BaseModel->find()
 8 SYSTEMPATH\CodeIgniter.php(934): App\Controllers\DesenhistaPost->desenho_tag_lista()
 9 SYSTEMPATH\CodeIgniter.php(499): CodeIgniter\CodeIgniter->runController(Object(App\Controllers\DesenhistaPost))
10 SYSTEMPATH\CodeIgniter.php(368): CodeIgniter\CodeIgniter->handleRequest(null, Object(Config\Cache), false)
11 FCPATH\index.php(67): CodeIgniter\CodeIgniter->run()
ERROR - 2023-07-25 19:44:58 --> mysqli_sql_exception: Table 'teste.tag' doesn't exist in C:\xampp\htdocs\codi\system\Database\MySQLi\Connection.php:295
Stack trace:
#0 C:\xampp\htdocs\codi\system\Database\MySQLi\Connection.php(295): mysqli->query('SELECT *\nFROM `...', 0)
#1 C:\xampp\htdocs\codi\system\Database\BaseConnection.php(692): CodeIgniter\Database\MySQLi\Connection->execute('SELECT *\nFROM `...')
#2 C:\xampp\htdocs\codi\system\Database\BaseConnection.php(606): CodeIgniter\Database\BaseConnection->simpleQuery('SELECT *\nFROM `...')
#3 C:\xampp\htdocs\codi\system\Database\BaseBuilder.php(1616): CodeIgniter\Database\BaseConnection->query('SELECT *\nFROM `...', Array, false)
#4 C:\xampp\htdocs\codi\system\Model.php(203): CodeIgniter\Database\BaseBuilder->get()
#5 C:\xampp\htdocs\codi\system\BaseModel.php(557): CodeIgniter\Model->doFind(false, NULL)
#6 C:\xampp\htdocs\codi\app\Controllers\DesenhistaPost.php(103): CodeIgniter\BaseModel->find()
#7 C:\xampp\htdocs\codi\system\CodeIgniter.php(934): App\Controllers\DesenhistaPost->desenho_tag_lista()
#8 C:\xampp\htdocs\codi\system\CodeIgniter.php(499): CodeIgniter\CodeIgniter->runController(Object(App\Controllers\DesenhistaPost))
#9 C:\xampp\htdocs\codi\system\CodeIgniter.php(368): CodeIgniter\CodeIgniter->handleRequest(NULL, Object(Config\Cache), false)
#10 C:\xampp\htdocs\codi\public\index.php(67): CodeIgniter\CodeIgniter->run()
#11 {main}
CRITICAL - 2023-07-25 19:44:58 --> Table 'teste.tag' doesn't exist
in SYSTEMPATH\Database\MySQLi\Connection.php on line 295.
 1 SYSTEMPATH\Database\MySQLi\Connection.php(295): mysqli->query('SELECT *
FROM `tag`', 0)
 2 SYSTEMPATH\Database\BaseConnection.php(692): CodeIgniter\Database\MySQLi\Connection->execute('SELECT *
FROM `tag`')
 3 SYSTEMPATH\Database\BaseConnection.php(606): CodeIgniter\Database\BaseConnection->simpleQuery('SELECT *
FROM `tag`')
 4 SYSTEMPATH\Database\BaseBuilder.php(1616): CodeIgniter\Database\BaseConnection->query('SELECT *
FROM `tag`', [], false)
 5 SYSTEMPATH\Model.php(203): CodeIgniter\Database\BaseBuilder->get()
 6 SYSTEMPATH\BaseModel.php(557): CodeIgniter\Model->doFind(false, null)
 7 APPPATH\Controllers\DesenhistaPost.php(103): CodeIgniter\BaseModel->find()
 8 SYSTEMPATH\CodeIgniter.php(934): App\Controllers\DesenhistaPost->desenho_tag_lista()
 9 SYSTEMPATH\CodeIgniter.php(499): CodeIgniter\CodeIgniter->runController(Object(App\Controllers\DesenhistaPost))
10 SYSTEMPATH\CodeIgniter.php(368): CodeIgniter\CodeIgniter->handleRequest(null, Object(Config\Cache), false)
11 FCPATH\index.php(67): CodeIgniter\CodeIgniter->run()
ERROR - 2023-07-25 19:44:59 --> mysqli_sql_exception: Table 'teste.tag' doesn't exist in C:\xampp\htdocs\codi\system\Database\MySQLi\Connection.php:295
Stack trace:
#0 C:\xampp\htdocs\codi\system\Database\MySQLi\Connection.php(295): mysqli->query('SELECT *\nFROM `...', 0)
#1 C:\xampp\htdocs\codi\system\Database\BaseConnection.php(692): CodeIgniter\Database\MySQLi\Connection->execute('SELECT *\nFROM `...')
#2 C:\xampp\htdocs\codi\system\Database\BaseConnection.php(606): CodeIgniter\Database\BaseConnection->simpleQuery('SELECT *\nFROM `...')
#3 C:\xampp\htdocs\codi\system\Database\BaseBuilder.php(1616): CodeIgniter\Database\BaseConnection->query('SELECT *\nFROM `...', Array, false)
#4 C:\xampp\htdocs\codi\system\Model.php(203): CodeIgniter\Database\BaseBuilder->get()
#5 C:\xampp\htdocs\codi\system\BaseModel.php(557): CodeIgniter\Model->doFind(false, NULL)
#6 C:\xampp\htdocs\codi\app\Controllers\DesenhistaPost.php(103): CodeIgniter\BaseModel->find()
#7 C:\xampp\htdocs\codi\system\CodeIgniter.php(934): App\Controllers\DesenhistaPost->desenho_tag_lista()
#8 C:\xampp\htdocs\codi\system\CodeIgniter.php(499): CodeIgniter\CodeIgniter->runController(Object(App\Controllers\DesenhistaPost))
#9 C:\xampp\htdocs\codi\system\CodeIgniter.php(368): CodeIgniter\CodeIgniter->handleRequest(NULL, Object(Config\Cache), false)
#10 C:\xampp\htdocs\codi\public\index.php(67): CodeIgniter\CodeIgniter->run()
#11 {main}
CRITICAL - 2023-07-25 19:44:59 --> Table 'teste.tag' doesn't exist
in SYSTEMPATH\Database\MySQLi\Connection.php on line 295.
 1 SYSTEMPATH\Database\MySQLi\Connection.php(295): mysqli->query('SELECT *
FROM `tag`', 0)
 2 SYSTEMPATH\Database\BaseConnection.php(692): CodeIgniter\Database\MySQLi\Connection->execute('SELECT *
FROM `tag`')
 3 SYSTEMPATH\Database\BaseConnection.php(606): CodeIgniter\Database\BaseConnection->simpleQuery('SELECT *
FROM `tag`')
 4 SYSTEMPATH\Database\BaseBuilder.php(1616): CodeIgniter\Database\BaseConnection->query('SELECT *
FROM `tag`', [], false)
 5 SYSTEMPATH\Model.php(203): CodeIgniter\Database\BaseBuilder->get()
 6 SYSTEMPATH\BaseModel.php(557): CodeIgniter\Model->doFind(false, null)
 7 APPPATH\Controllers\DesenhistaPost.php(103): CodeIgniter\BaseModel->find()
 8 SYSTEMPATH\CodeIgniter.php(934): App\Controllers\DesenhistaPost->desenho_tag_lista()
 9 SYSTEMPATH\CodeIgniter.php(499): CodeIgniter\CodeIgniter->runController(Object(App\Controllers\DesenhistaPost))
10 SYSTEMPATH\CodeIgniter.php(368): CodeIgniter\CodeIgniter->handleRequest(null, Object(Config\Cache), false)
11 FCPATH\index.php(67): CodeIgniter\CodeIgniter->run()
ERROR - 2023-07-25 19:45:00 --> mysqli_sql_exception: Table 'teste.tag' doesn't exist in C:\xampp\htdocs\codi\system\Database\MySQLi\Connection.php:295
Stack trace:
#0 C:\xampp\htdocs\codi\system\Database\MySQLi\Connection.php(295): mysqli->query('SELECT *\nFROM `...', 0)
#1 C:\xampp\htdocs\codi\system\Database\BaseConnection.php(692): CodeIgniter\Database\MySQLi\Connection->execute('SELECT *\nFROM `...')
#2 C:\xampp\htdocs\codi\system\Database\BaseConnection.php(606): CodeIgniter\Database\BaseConnection->simpleQuery('SELECT *\nFROM `...')
#3 C:\xampp\htdocs\codi\system\Database\BaseBuilder.php(1616): CodeIgniter\Database\BaseConnection->query('SELECT *\nFROM `...', Array, false)
#4 C:\xampp\htdocs\codi\system\Model.php(203): CodeIgniter\Database\BaseBuilder->get()
#5 C:\xampp\htdocs\codi\system\BaseModel.php(557): CodeIgniter\Model->doFind(false, NULL)
#6 C:\xampp\htdocs\codi\app\Controllers\DesenhistaPost.php(103): CodeIgniter\BaseModel->find()
#7 C:\xampp\htdocs\codi\system\CodeIgniter.php(934): App\Controllers\DesenhistaPost->desenho_tag_lista()
#8 C:\xampp\htdocs\codi\system\CodeIgniter.php(499): CodeIgniter\CodeIgniter->runController(Object(App\Controllers\DesenhistaPost))
#9 C:\xampp\htdocs\codi\system\CodeIgniter.php(368): CodeIgniter\CodeIgniter->handleRequest(NULL, Object(Config\Cache), false)
#10 C:\xampp\htdocs\codi\public\index.php(67): CodeIgniter\CodeIgniter->run()
#11 {main}
CRITICAL - 2023-07-25 19:45:00 --> Table 'teste.tag' doesn't exist
in SYSTEMPATH\Database\MySQLi\Connection.php on line 295.
 1 SYSTEMPATH\Database\MySQLi\Connection.php(295): mysqli->query('SELECT *
FROM `tag`', 0)
 2 SYSTEMPATH\Database\BaseConnection.php(692): CodeIgniter\Database\MySQLi\Connection->execute('SELECT *
FROM `tag`')
 3 SYSTEMPATH\Database\BaseConnection.php(606): CodeIgniter\Database\BaseConnection->simpleQuery('SELECT *
FROM `tag`')
 4 SYSTEMPATH\Database\BaseBuilder.php(1616): CodeIgniter\Database\BaseConnection->query('SELECT *
FROM `tag`', [], false)
 5 SYSTEMPATH\Model.php(203): CodeIgniter\Database\BaseBuilder->get()
 6 SYSTEMPATH\BaseModel.php(557): CodeIgniter\Model->doFind(false, null)
 7 APPPATH\Controllers\DesenhistaPost.php(103): CodeIgniter\BaseModel->find()
 8 SYSTEMPATH\CodeIgniter.php(934): App\Controllers\DesenhistaPost->desenho_tag_lista()
 9 SYSTEMPATH\CodeIgniter.php(499): CodeIgniter\CodeIgniter->runController(Object(App\Controllers\DesenhistaPost))
10 SYSTEMPATH\CodeIgniter.php(368): CodeIgniter\CodeIgniter->handleRequest(null, Object(Config\Cache), false)
11 FCPATH\index.php(67): CodeIgniter\CodeIgniter->run()
ERROR - 2023-07-25 19:45:01 --> mysqli_sql_exception: Table 'teste.tag' doesn't exist in C:\xampp\htdocs\codi\system\Database\MySQLi\Connection.php:295
Stack trace:
#0 C:\xampp\htdocs\codi\system\Database\MySQLi\Connection.php(295): mysqli->query('SELECT *\nFROM `...', 0)
#1 C:\xampp\htdocs\codi\system\Database\BaseConnection.php(692): CodeIgniter\Database\MySQLi\Connection->execute('SELECT *\nFROM `...')
#2 C:\xampp\htdocs\codi\system\Database\BaseConnection.php(606): CodeIgniter\Database\BaseConnection->simpleQuery('SELECT *\nFROM `...')
#3 C:\xampp\htdocs\codi\system\Database\BaseBuilder.php(1616): CodeIgniter\Database\BaseConnection->query('SELECT *\nFROM `...', Array, false)
#4 C:\xampp\htdocs\codi\system\Model.php(203): CodeIgniter\Database\BaseBuilder->get()
#5 C:\xampp\htdocs\codi\system\BaseModel.php(557): CodeIgniter\Model->doFind(false, NULL)
#6 C:\xampp\htdocs\codi\app\Controllers\DesenhistaPost.php(103): CodeIgniter\BaseModel->find()
#7 C:\xampp\htdocs\codi\system\CodeIgniter.php(934): App\Controllers\DesenhistaPost->desenho_tag_lista()
#8 C:\xampp\htdocs\codi\system\CodeIgniter.php(499): CodeIgniter\CodeIgniter->runController(Object(App\Controllers\DesenhistaPost))
#9 C:\xampp\htdocs\codi\system\CodeIgniter.php(368): CodeIgniter\CodeIgniter->handleRequest(NULL, Object(Config\Cache), false)
#10 C:\xampp\htdocs\codi\public\index.php(67): CodeIgniter\CodeIgniter->run()
#11 {main}
CRITICAL - 2023-07-25 19:45:01 --> Table 'teste.tag' doesn't exist
in SYSTEMPATH\Database\MySQLi\Connection.php on line 295.
 1 SYSTEMPATH\Database\MySQLi\Connection.php(295): mysqli->query('SELECT *
FROM `tag`', 0)
 2 SYSTEMPATH\Database\BaseConnection.php(692): CodeIgniter\Database\MySQLi\Connection->execute('SELECT *
FROM `tag`')
 3 SYSTEMPATH\Database\BaseConnection.php(606): CodeIgniter\Database\BaseConnection->simpleQuery('SELECT *
FROM `tag`')
 4 SYSTEMPATH\Database\BaseBuilder.php(1616): CodeIgniter\Database\BaseConnection->query('SELECT *
FROM `tag`', [], false)
 5 SYSTEMPATH\Model.php(203): CodeIgniter\Database\BaseBuilder->get()
 6 SYSTEMPATH\BaseModel.php(557): CodeIgniter\Model->doFind(false, null)
 7 APPPATH\Controllers\DesenhistaPost.php(103): CodeIgniter\BaseModel->find()
 8 SYSTEMPATH\CodeIgniter.php(934): App\Controllers\DesenhistaPost->desenho_tag_lista()
 9 SYSTEMPATH\CodeIgniter.php(499): CodeIgniter\CodeIgniter->runController(Object(App\Controllers\DesenhistaPost))
10 SYSTEMPATH\CodeIgniter.php(368): CodeIgniter\CodeIgniter->handleRequest(null, Object(Config\Cache), false)
11 FCPATH\index.php(67): CodeIgniter\CodeIgniter->run()
ERROR - 2023-07-25 19:45:02 --> mysqli_sql_exception: Table 'teste.tag' doesn't exist in C:\xampp\htdocs\codi\system\Database\MySQLi\Connection.php:295
Stack trace:
#0 C:\xampp\htdocs\codi\system\Database\MySQLi\Connection.php(295): mysqli->query('SELECT *\nFROM `...', 0)
#1 C:\xampp\htdocs\codi\system\Database\BaseConnection.php(692): CodeIgniter\Database\MySQLi\Connection->execute('SELECT *\nFROM `...')
#2 C:\xampp\htdocs\codi\system\Database\BaseConnection.php(606): CodeIgniter\Database\BaseConnection->simpleQuery('SELECT *\nFROM `...')
#3 C:\xampp\htdocs\codi\system\Database\BaseBuilder.php(1616): CodeIgniter\Database\BaseConnection->query('SELECT *\nFROM `...', Array, false)
#4 C:\xampp\htdocs\codi\system\Model.php(203): CodeIgniter\Database\BaseBuilder->get()
#5 C:\xampp\htdocs\codi\system\BaseModel.php(557): CodeIgniter\Model->doFind(false, NULL)
#6 C:\xampp\htdocs\codi\app\Controllers\DesenhistaPost.php(103): CodeIgniter\BaseModel->find()
#7 C:\xampp\htdocs\codi\system\CodeIgniter.php(934): App\Controllers\DesenhistaPost->desenho_tag_lista()
#8 C:\xampp\htdocs\codi\system\CodeIgniter.php(499): CodeIgniter\CodeIgniter->runController(Object(App\Controllers\DesenhistaPost))
#9 C:\xampp\htdocs\codi\system\CodeIgniter.php(368): CodeIgniter\CodeIgniter->handleRequest(NULL, Object(Config\Cache), false)
#10 C:\xampp\htdocs\codi\public\index.php(67): CodeIgniter\CodeIgniter->run()
#11 {main}
CRITICAL - 2023-07-25 19:45:02 --> Table 'teste.tag' doesn't exist
in SYSTEMPATH\Database\MySQLi\Connection.php on line 295.
 1 SYSTEMPATH\Database\MySQLi\Connection.php(295): mysqli->query('SELECT *
FROM `tag`', 0)
 2 SYSTEMPATH\Database\BaseConnection.php(692): CodeIgniter\Database\MySQLi\Connection->execute('SELECT *
FROM `tag`')
 3 SYSTEMPATH\Database\BaseConnection.php(606): CodeIgniter\Database\BaseConnection->simpleQuery('SELECT *
FROM `tag`')
 4 SYSTEMPATH\Database\BaseBuilder.php(1616): CodeIgniter\Database\BaseConnection->query('SELECT *
FROM `tag`', [], false)
 5 SYSTEMPATH\Model.php(203): CodeIgniter\Database\BaseBuilder->get()
 6 SYSTEMPATH\BaseModel.php(557): CodeIgniter\Model->doFind(false, null)
 7 APPPATH\Controllers\DesenhistaPost.php(103): CodeIgniter\BaseModel->find()
 8 SYSTEMPATH\CodeIgniter.php(934): App\Controllers\DesenhistaPost->desenho_tag_lista()
 9 SYSTEMPATH\CodeIgniter.php(499): CodeIgniter\CodeIgniter->runController(Object(App\Controllers\DesenhistaPost))
10 SYSTEMPATH\CodeIgniter.php(368): CodeIgniter\CodeIgniter->handleRequest(null, Object(Config\Cache), false)
11 FCPATH\index.php(67): CodeIgniter\CodeIgniter->run()
ERROR - 2023-07-25 19:45:03 --> mysqli_sql_exception: Table 'teste.tag' doesn't exist in C:\xampp\htdocs\codi\system\Database\MySQLi\Connection.php:295
Stack trace:
#0 C:\xampp\htdocs\codi\system\Database\MySQLi\Connection.php(295): mysqli->query('SELECT *\nFROM `...', 0)
#1 C:\xampp\htdocs\codi\system\Database\BaseConnection.php(692): CodeIgniter\Database\MySQLi\Connection->execute('SELECT *\nFROM `...')
#2 C:\xampp\htdocs\codi\system\Database\BaseConnection.php(606): CodeIgniter\Database\BaseConnection->simpleQuery('SELECT *\nFROM `...')
#3 C:\xampp\htdocs\codi\system\Database\BaseBuilder.php(1616): CodeIgniter\Database\BaseConnection->query('SELECT *\nFROM `...', Array, false)
#4 C:\xampp\htdocs\codi\system\Model.php(203): CodeIgniter\Database\BaseBuilder->get()
#5 C:\xampp\htdocs\codi\system\BaseModel.php(557): CodeIgniter\Model->doFind(false, NULL)
#6 C:\xampp\htdocs\codi\app\Controllers\DesenhistaPost.php(103): CodeIgniter\BaseModel->find()
#7 C:\xampp\htdocs\codi\system\CodeIgniter.php(934): App\Controllers\DesenhistaPost->desenho_tag_lista()
#8 C:\xampp\htdocs\codi\system\CodeIgniter.php(499): CodeIgniter\CodeIgniter->runController(Object(App\Controllers\DesenhistaPost))
#9 C:\xampp\htdocs\codi\system\CodeIgniter.php(368): CodeIgniter\CodeIgniter->handleRequest(NULL, Object(Config\Cache), false)
#10 C:\xampp\htdocs\codi\public\index.php(67): CodeIgniter\CodeIgniter->run()
#11 {main}
CRITICAL - 2023-07-25 19:45:03 --> Table 'teste.tag' doesn't exist
in SYSTEMPATH\Database\MySQLi\Connection.php on line 295.
 1 SYSTEMPATH\Database\MySQLi\Connection.php(295): mysqli->query('SELECT *
FROM `tag`', 0)
 2 SYSTEMPATH\Database\BaseConnection.php(692): CodeIgniter\Database\MySQLi\Connection->execute('SELECT *
FROM `tag`')
 3 SYSTEMPATH\Database\BaseConnection.php(606): CodeIgniter\Database\BaseConnection->simpleQuery('SELECT *
FROM `tag`')
 4 SYSTEMPATH\Database\BaseBuilder.php(1616): CodeIgniter\Database\BaseConnection->query('SELECT *
FROM `tag`', [], false)
 5 SYSTEMPATH\Model.php(203): CodeIgniter\Database\BaseBuilder->get()
 6 SYSTEMPATH\BaseModel.php(557): CodeIgniter\Model->doFind(false, null)
 7 APPPATH\Controllers\DesenhistaPost.php(103): CodeIgniter\BaseModel->find()
 8 SYSTEMPATH\CodeIgniter.php(934): App\Controllers\DesenhistaPost->desenho_tag_lista()
 9 SYSTEMPATH\CodeIgniter.php(499): CodeIgniter\CodeIgniter->runController(Object(App\Controllers\DesenhistaPost))
10 SYSTEMPATH\CodeIgniter.php(368): CodeIgniter\CodeIgniter->handleRequest(null, Object(Config\Cache), false)
11 FCPATH\index.php(67): CodeIgniter\CodeIgniter->run()
ERROR - 2023-07-25 19:45:03 --> mysqli_sql_exception: Table 'teste.tag' doesn't exist in C:\xampp\htdocs\codi\system\Database\MySQLi\Connection.php:295
Stack trace:
#0 C:\xampp\htdocs\codi\system\Database\MySQLi\Connection.php(295): mysqli->query('SELECT *\nFROM `...', 0)
#1 C:\xampp\htdocs\codi\system\Database\BaseConnection.php(692): CodeIgniter\Database\MySQLi\Connection->execute('SELECT *\nFROM `...')
#2 C:\xampp\htdocs\codi\system\Database\BaseConnection.php(606): CodeIgniter\Database\BaseConnection->simpleQuery('SELECT *\nFROM `...')
#3 C:\xampp\htdocs\codi\system\Database\BaseBuilder.php(1616): CodeIgniter\Database\BaseConnection->query('SELECT *\nFROM `...', Array, false)
#4 C:\xampp\htdocs\codi\system\Model.php(203): CodeIgniter\Database\BaseBuilder->get()
#5 C:\xampp\htdocs\codi\system\BaseModel.php(557): CodeIgniter\Model->doFind(false, NULL)
#6 C:\xampp\htdocs\codi\app\Controllers\DesenhistaPost.php(103): CodeIgniter\BaseModel->find()
#7 C:\xampp\htdocs\codi\system\CodeIgniter.php(934): App\Controllers\DesenhistaPost->desenho_tag_lista()
#8 C:\xampp\htdocs\codi\system\CodeIgniter.php(499): CodeIgniter\CodeIgniter->runController(Object(App\Controllers\DesenhistaPost))
#9 C:\xampp\htdocs\codi\system\CodeIgniter.php(368): CodeIgniter\CodeIgniter->handleRequest(NULL, Object(Config\Cache), false)
#10 C:\xampp\htdocs\codi\public\index.php(67): CodeIgniter\CodeIgniter->run()
#11 {main}
CRITICAL - 2023-07-25 19:45:03 --> Table 'teste.tag' doesn't exist
in SYSTEMPATH\Database\MySQLi\Connection.php on line 295.
 1 SYSTEMPATH\Database\MySQLi\Connection.php(295): mysqli->query('SELECT *
FROM `tag`', 0)
 2 SYSTEMPATH\Database\BaseConnection.php(692): CodeIgniter\Database\MySQLi\Connection->execute('SELECT *
FROM `tag`')
 3 SYSTEMPATH\Database\BaseConnection.php(606): CodeIgniter\Database\BaseConnection->simpleQuery('SELECT *
FROM `tag`')
 4 SYSTEMPATH\Database\BaseBuilder.php(1616): CodeIgniter\Database\BaseConnection->query('SELECT *
FROM `tag`', [], false)
 5 SYSTEMPATH\Model.php(203): CodeIgniter\Database\BaseBuilder->get()
 6 SYSTEMPATH\BaseModel.php(557): CodeIgniter\Model->doFind(false, null)
 7 APPPATH\Controllers\DesenhistaPost.php(103): CodeIgniter\BaseModel->find()
 8 SYSTEMPATH\CodeIgniter.php(934): App\Controllers\DesenhistaPost->desenho_tag_lista()
 9 SYSTEMPATH\CodeIgniter.php(499): CodeIgniter\CodeIgniter->runController(Object(App\Controllers\DesenhistaPost))
10 SYSTEMPATH\CodeIgniter.php(368): CodeIgniter\CodeIgniter->handleRequest(null, Object(Config\Cache), false)
11 FCPATH\index.php(67): CodeIgniter\CodeIgniter->run()
ERROR - 2023-07-25 19:45:04 --> mysqli_sql_exception: Table 'teste.tag' doesn't exist in C:\xampp\htdocs\codi\system\Database\MySQLi\Connection.php:295
Stack trace:
#0 C:\xampp\htdocs\codi\system\Database\MySQLi\Connection.php(295): mysqli->query('SELECT *\nFROM `...', 0)
#1 C:\xampp\htdocs\codi\system\Database\BaseConnection.php(692): CodeIgniter\Database\MySQLi\Connection->execute('SELECT *\nFROM `...')
#2 C:\xampp\htdocs\codi\system\Database\BaseConnection.php(606): CodeIgniter\Database\BaseConnection->simpleQuery('SELECT *\nFROM `...')
#3 C:\xampp\htdocs\codi\system\Database\BaseBuilder.php(1616): CodeIgniter\Database\BaseConnection->query('SELECT *\nFROM `...', Array, false)
#4 C:\xampp\htdocs\codi\system\Model.php(203): CodeIgniter\Database\BaseBuilder->get()
#5 C:\xampp\htdocs\codi\system\BaseModel.php(557): CodeIgniter\Model->doFind(false, NULL)
#6 C:\xampp\htdocs\codi\app\Controllers\DesenhistaPost.php(103): CodeIgniter\BaseModel->find()
#7 C:\xampp\htdocs\codi\system\CodeIgniter.php(934): App\Controllers\DesenhistaPost->desenho_tag_lista()
#8 C:\xampp\htdocs\codi\system\CodeIgniter.php(499): CodeIgniter\CodeIgniter->runController(Object(App\Controllers\DesenhistaPost))
#9 C:\xampp\htdocs\codi\system\CodeIgniter.php(368): CodeIgniter\CodeIgniter->handleRequest(NULL, Object(Config\Cache), false)
#10 C:\xampp\htdocs\codi\public\index.php(67): CodeIgniter\CodeIgniter->run()
#11 {main}
CRITICAL - 2023-07-25 19:45:04 --> Table 'teste.tag' doesn't exist
in SYSTEMPATH\Database\MySQLi\Connection.php on line 295.
 1 SYSTEMPATH\Database\MySQLi\Connection.php(295): mysqli->query('SELECT *
FROM `tag`', 0)
 2 SYSTEMPATH\Database\BaseConnection.php(692): CodeIgniter\Database\MySQLi\Connection->execute('SELECT *
FROM `tag`')
 3 SYSTEMPATH\Database\BaseConnection.php(606): CodeIgniter\Database\BaseConnection->simpleQuery('SELECT *
FROM `tag`')
 4 SYSTEMPATH\Database\BaseBuilder.php(1616): CodeIgniter\Database\BaseConnection->query('SELECT *
FROM `tag`', [], false)
 5 SYSTEMPATH\Model.php(203): CodeIgniter\Database\BaseBuilder->get()
 6 SYSTEMPATH\BaseModel.php(557): CodeIgniter\Model->doFind(false, null)
 7 APPPATH\Controllers\DesenhistaPost.php(103): CodeIgniter\BaseModel->find()
 8 SYSTEMPATH\CodeIgniter.php(934): App\Controllers\DesenhistaPost->desenho_tag_lista()
 9 SYSTEMPATH\CodeIgniter.php(499): CodeIgniter\CodeIgniter->runController(Object(App\Controllers\DesenhistaPost))
10 SYSTEMPATH\CodeIgniter.php(368): CodeIgniter\CodeIgniter->handleRequest(null, Object(Config\Cache), false)
11 FCPATH\index.php(67): CodeIgniter\CodeIgniter->run()
ERROR - 2023-07-25 19:45:05 --> mysqli_sql_exception: Table 'teste.tag' doesn't exist in C:\xampp\htdocs\codi\system\Database\MySQLi\Connection.php:295
Stack trace:
#0 C:\xampp\htdocs\codi\system\Database\MySQLi\Connection.php(295): mysqli->query('SELECT *\nFROM `...', 0)
#1 C:\xampp\htdocs\codi\system\Database\BaseConnection.php(692): CodeIgniter\Database\MySQLi\Connection->execute('SELECT *\nFROM `...')
#2 C:\xampp\htdocs\codi\system\Database\BaseConnection.php(606): CodeIgniter\Database\BaseConnection->simpleQuery('SELECT *\nFROM `...')
#3 C:\xampp\htdocs\codi\system\Database\BaseBuilder.php(1616): CodeIgniter\Database\BaseConnection->query('SELECT *\nFROM `...', Array, false)
#4 C:\xampp\htdocs\codi\system\Model.php(203): CodeIgniter\Database\BaseBuilder->get()
#5 C:\xampp\htdocs\codi\system\BaseModel.php(557): CodeIgniter\Model->doFind(false, NULL)
#6 C:\xampp\htdocs\codi\app\Controllers\DesenhistaPost.php(103): CodeIgniter\BaseModel->find()
#7 C:\xampp\htdocs\codi\system\CodeIgniter.php(934): App\Controllers\DesenhistaPost->desenho_tag_lista()
#8 C:\xampp\htdocs\codi\system\CodeIgniter.php(499): CodeIgniter\CodeIgniter->runController(Object(App\Controllers\DesenhistaPost))
#9 C:\xampp\htdocs\codi\system\CodeIgniter.php(368): CodeIgniter\CodeIgniter->handleRequest(NULL, Object(Config\Cache), false)
#10 C:\xampp\htdocs\codi\public\index.php(67): CodeIgniter\CodeIgniter->run()
#11 {main}
CRITICAL - 2023-07-25 19:45:05 --> Table 'teste.tag' doesn't exist
in SYSTEMPATH\Database\MySQLi\Connection.php on line 295.
 1 SYSTEMPATH\Database\MySQLi\Connection.php(295): mysqli->query('SELECT *
FROM `tag`', 0)
 2 SYSTEMPATH\Database\BaseConnection.php(692): CodeIgniter\Database\MySQLi\Connection->execute('SELECT *
FROM `tag`')
 3 SYSTEMPATH\Database\BaseConnection.php(606): CodeIgniter\Database\BaseConnection->simpleQuery('SELECT *
FROM `tag`')
 4 SYSTEMPATH\Database\BaseBuilder.php(1616): CodeIgniter\Database\BaseConnection->query('SELECT *
FROM `tag`', [], false)
 5 SYSTEMPATH\Model.php(203): CodeIgniter\Database\BaseBuilder->get()
 6 SYSTEMPATH\BaseModel.php(557): CodeIgniter\Model->doFind(false, null)
 7 APPPATH\Controllers\DesenhistaPost.php(103): CodeIgniter\BaseModel->find()
 8 SYSTEMPATH\CodeIgniter.php(934): App\Controllers\DesenhistaPost->desenho_tag_lista()
 9 SYSTEMPATH\CodeIgniter.php(499): CodeIgniter\CodeIgniter->runController(Object(App\Controllers\DesenhistaPost))
10 SYSTEMPATH\CodeIgniter.php(368): CodeIgniter\CodeIgniter->handleRequest(null, Object(Config\Cache), false)
11 FCPATH\index.php(67): CodeIgniter\CodeIgniter->run()
ERROR - 2023-07-25 19:45:06 --> mysqli_sql_exception: Table 'teste.tag' doesn't exist in C:\xampp\htdocs\codi\system\Database\MySQLi\Connection.php:295
Stack trace:
#0 C:\xampp\htdocs\codi\system\Database\MySQLi\Connection.php(295): mysqli->query('SELECT *\nFROM `...', 0)
#1 C:\xampp\htdocs\codi\system\Database\BaseConnection.php(692): CodeIgniter\Database\MySQLi\Connection->execute('SELECT *\nFROM `...')
#2 C:\xampp\htdocs\codi\system\Database\BaseConnection.php(606): CodeIgniter\Database\BaseConnection->simpleQuery('SELECT *\nFROM `...')
#3 C:\xampp\htdocs\codi\system\Database\BaseBuilder.php(1616): CodeIgniter\Database\BaseConnection->query('SELECT *\nFROM `...', Array, false)
#4 C:\xampp\htdocs\codi\system\Model.php(203): CodeIgniter\Database\BaseBuilder->get()
#5 C:\xampp\htdocs\codi\system\BaseModel.php(557): CodeIgniter\Model->doFind(false, NULL)
#6 C:\xampp\htdocs\codi\app\Controllers\DesenhistaPost.php(103): CodeIgniter\BaseModel->find()
#7 C:\xampp\htdocs\codi\system\CodeIgniter.php(934): App\Controllers\DesenhistaPost->desenho_tag_lista()
#8 C:\xampp\htdocs\codi\system\CodeIgniter.php(499): CodeIgniter\CodeIgniter->runController(Object(App\Controllers\DesenhistaPost))
#9 C:\xampp\htdocs\codi\system\CodeIgniter.php(368): CodeIgniter\CodeIgniter->handleRequest(NULL, Object(Config\Cache), false)
#10 C:\xampp\htdocs\codi\public\index.php(67): CodeIgniter\CodeIgniter->run()
#11 {main}
CRITICAL - 2023-07-25 19:45:06 --> Table 'teste.tag' doesn't exist
in SYSTEMPATH\Database\MySQLi\Connection.php on line 295.
 1 SYSTEMPATH\Database\MySQLi\Connection.php(295): mysqli->query('SELECT *
FROM `tag`', 0)
 2 SYSTEMPATH\Database\BaseConnection.php(692): CodeIgniter\Database\MySQLi\Connection->execute('SELECT *
FROM `tag`')
 3 SYSTEMPATH\Database\BaseConnection.php(606): CodeIgniter\Database\BaseConnection->simpleQuery('SELECT *
FROM `tag`')
 4 SYSTEMPATH\Database\BaseBuilder.php(1616): CodeIgniter\Database\BaseConnection->query('SELECT *
FROM `tag`', [], false)
 5 SYSTEMPATH\Model.php(203): CodeIgniter\Database\BaseBuilder->get()
 6 SYSTEMPATH\BaseModel.php(557): CodeIgniter\Model->doFind(false, null)
 7 APPPATH\Controllers\DesenhistaPost.php(103): CodeIgniter\BaseModel->find()
 8 SYSTEMPATH\CodeIgniter.php(934): App\Controllers\DesenhistaPost->desenho_tag_lista()
 9 SYSTEMPATH\CodeIgniter.php(499): CodeIgniter\CodeIgniter->runController(Object(App\Controllers\DesenhistaPost))
10 SYSTEMPATH\CodeIgniter.php(368): CodeIgniter\CodeIgniter->handleRequest(null, Object(Config\Cache), false)
11 FCPATH\index.php(67): CodeIgniter\CodeIgniter->run()
ERROR - 2023-07-25 19:45:06 --> mysqli_sql_exception: Table 'teste.tag' doesn't exist in C:\xampp\htdocs\codi\system\Database\MySQLi\Connection.php:295
Stack trace:
#0 C:\xampp\htdocs\codi\system\Database\MySQLi\Connection.php(295): mysqli->query('SELECT *\nFROM `...', 0)
#1 C:\xampp\htdocs\codi\system\Database\BaseConnection.php(692): CodeIgniter\Database\MySQLi\Connection->execute('SELECT *\nFROM `...')
#2 C:\xampp\htdocs\codi\system\Database\BaseConnection.php(606): CodeIgniter\Database\BaseConnection->simpleQuery('SELECT *\nFROM `...')
#3 C:\xampp\htdocs\codi\system\Database\BaseBuilder.php(1616): CodeIgniter\Database\BaseConnection->query('SELECT *\nFROM `...', Array, false)
#4 C:\xampp\htdocs\codi\system\Model.php(203): CodeIgniter\Database\BaseBuilder->get()
#5 C:\xampp\htdocs\codi\system\BaseModel.php(557): CodeIgniter\Model->doFind(false, NULL)
#6 C:\xampp\htdocs\codi\app\Controllers\DesenhistaPost.php(103): CodeIgniter\BaseModel->find()
#7 C:\xampp\htdocs\codi\system\CodeIgniter.php(934): App\Controllers\DesenhistaPost->desenho_tag_lista()
#8 C:\xampp\htdocs\codi\system\CodeIgniter.php(499): CodeIgniter\CodeIgniter->runController(Object(App\Controllers\DesenhistaPost))
#9 C:\xampp\htdocs\codi\system\CodeIgniter.php(368): CodeIgniter\CodeIgniter->handleRequest(NULL, Object(Config\Cache), false)
#10 C:\xampp\htdocs\codi\public\index.php(67): CodeIgniter\CodeIgniter->run()
#11 {main}
CRITICAL - 2023-07-25 19:45:06 --> Table 'teste.tag' doesn't exist
in SYSTEMPATH\Database\MySQLi\Connection.php on line 295.
 1 SYSTEMPATH\Database\MySQLi\Connection.php(295): mysqli->query('SELECT *
FROM `tag`', 0)
 2 SYSTEMPATH\Database\BaseConnection.php(692): CodeIgniter\Database\MySQLi\Connection->execute('SELECT *
FROM `tag`')
 3 SYSTEMPATH\Database\BaseConnection.php(606): CodeIgniter\Database\BaseConnection->simpleQuery('SELECT *
FROM `tag`')
 4 SYSTEMPATH\Database\BaseBuilder.php(1616): CodeIgniter\Database\BaseConnection->query('SELECT *
FROM `tag`', [], false)
 5 SYSTEMPATH\Model.php(203): CodeIgniter\Database\BaseBuilder->get()
 6 SYSTEMPATH\BaseModel.php(557): CodeIgniter\Model->doFind(false, null)
 7 APPPATH\Controllers\DesenhistaPost.php(103): CodeIgniter\BaseModel->find()
 8 SYSTEMPATH\CodeIgniter.php(934): App\Controllers\DesenhistaPost->desenho_tag_lista()
 9 SYSTEMPATH\CodeIgniter.php(499): CodeIgniter\CodeIgniter->runController(Object(App\Controllers\DesenhistaPost))
10 SYSTEMPATH\CodeIgniter.php(368): CodeIgniter\CodeIgniter->handleRequest(null, Object(Config\Cache), false)
11 FCPATH\index.php(67): CodeIgniter\CodeIgniter->run()
ERROR - 2023-07-25 19:45:07 --> mysqli_sql_exception: Table 'teste.tag' doesn't exist in C:\xampp\htdocs\codi\system\Database\MySQLi\Connection.php:295
Stack trace:
#0 C:\xampp\htdocs\codi\system\Database\MySQLi\Connection.php(295): mysqli->query('SELECT *\nFROM `...', 0)
#1 C:\xampp\htdocs\codi\system\Database\BaseConnection.php(692): CodeIgniter\Database\MySQLi\Connection->execute('SELECT *\nFROM `...')
#2 C:\xampp\htdocs\codi\system\Database\BaseConnection.php(606): CodeIgniter\Database\BaseConnection->simpleQuery('SELECT *\nFROM `...')
#3 C:\xampp\htdocs\codi\system\Database\BaseBuilder.php(1616): CodeIgniter\Database\BaseConnection->query('SELECT *\nFROM `...', Array, false)
#4 C:\xampp\htdocs\codi\system\Model.php(203): CodeIgniter\Database\BaseBuilder->get()
#5 C:\xampp\htdocs\codi\system\BaseModel.php(557): CodeIgniter\Model->doFind(false, NULL)
#6 C:\xampp\htdocs\codi\app\Controllers\DesenhistaPost.php(103): CodeIgniter\BaseModel->find()
#7 C:\xampp\htdocs\codi\system\CodeIgniter.php(934): App\Controllers\DesenhistaPost->desenho_tag_lista()
#8 C:\xampp\htdocs\codi\system\CodeIgniter.php(499): CodeIgniter\CodeIgniter->runController(Object(App\Controllers\DesenhistaPost))
#9 C:\xampp\htdocs\codi\system\CodeIgniter.php(368): CodeIgniter\CodeIgniter->handleRequest(NULL, Object(Config\Cache), false)
#10 C:\xampp\htdocs\codi\public\index.php(67): CodeIgniter\CodeIgniter->run()
#11 {main}
CRITICAL - 2023-07-25 19:45:07 --> Table 'teste.tag' doesn't exist
in SYSTEMPATH\Database\MySQLi\Connection.php on line 295.
 1 SYSTEMPATH\Database\MySQLi\Connection.php(295): mysqli->query('SELECT *
FROM `tag`', 0)
 2 SYSTEMPATH\Database\BaseConnection.php(692): CodeIgniter\Database\MySQLi\Connection->execute('SELECT *
FROM `tag`')
 3 SYSTEMPATH\Database\BaseConnection.php(606): CodeIgniter\Database\BaseConnection->simpleQuery('SELECT *
FROM `tag`')
 4 SYSTEMPATH\Database\BaseBuilder.php(1616): CodeIgniter\Database\BaseConnection->query('SELECT *
FROM `tag`', [], false)
 5 SYSTEMPATH\Model.php(203): CodeIgniter\Database\BaseBuilder->get()
 6 SYSTEMPATH\BaseModel.php(557): CodeIgniter\Model->doFind(false, null)
 7 APPPATH\Controllers\DesenhistaPost.php(103): CodeIgniter\BaseModel->find()
 8 SYSTEMPATH\CodeIgniter.php(934): App\Controllers\DesenhistaPost->desenho_tag_lista()
 9 SYSTEMPATH\CodeIgniter.php(499): CodeIgniter\CodeIgniter->runController(Object(App\Controllers\DesenhistaPost))
10 SYSTEMPATH\CodeIgniter.php(368): CodeIgniter\CodeIgniter->handleRequest(null, Object(Config\Cache), false)
11 FCPATH\index.php(67): CodeIgniter\CodeIgniter->run()
ERROR - 2023-07-25 19:45:08 --> mysqli_sql_exception: Table 'teste.tag' doesn't exist in C:\xampp\htdocs\codi\system\Database\MySQLi\Connection.php:295
Stack trace:
#0 C:\xampp\htdocs\codi\system\Database\MySQLi\Connection.php(295): mysqli->query('SELECT *\nFROM `...', 0)
#1 C:\xampp\htdocs\codi\system\Database\BaseConnection.php(692): CodeIgniter\Database\MySQLi\Connection->execute('SELECT *\nFROM `...')
#2 C:\xampp\htdocs\codi\system\Database\BaseConnection.php(606): CodeIgniter\Database\BaseConnection->simpleQuery('SELECT *\nFROM `...')
#3 C:\xampp\htdocs\codi\system\Database\BaseBuilder.php(1616): CodeIgniter\Database\BaseConnection->query('SELECT *\nFROM `...', Array, false)
#4 C:\xampp\htdocs\codi\system\Model.php(203): CodeIgniter\Database\BaseBuilder->get()
#5 C:\xampp\htdocs\codi\system\BaseModel.php(557): CodeIgniter\Model->doFind(false, NULL)
#6 C:\xampp\htdocs\codi\app\Controllers\DesenhistaPost.php(103): CodeIgniter\BaseModel->find()
#7 C:\xampp\htdocs\codi\system\CodeIgniter.php(934): App\Controllers\DesenhistaPost->desenho_tag_lista()
#8 C:\xampp\htdocs\codi\system\CodeIgniter.php(499): CodeIgniter\CodeIgniter->runController(Object(App\Controllers\DesenhistaPost))
#9 C:\xampp\htdocs\codi\system\CodeIgniter.php(368): CodeIgniter\CodeIgniter->handleRequest(NULL, Object(Config\Cache), false)
#10 C:\xampp\htdocs\codi\public\index.php(67): CodeIgniter\CodeIgniter->run()
#11 {main}
CRITICAL - 2023-07-25 19:45:08 --> Table 'teste.tag' doesn't exist
in SYSTEMPATH\Database\MySQLi\Connection.php on line 295.
 1 SYSTEMPATH\Database\MySQLi\Connection.php(295): mysqli->query('SELECT *
FROM `tag`', 0)
 2 SYSTEMPATH\Database\BaseConnection.php(692): CodeIgniter\Database\MySQLi\Connection->execute('SELECT *
FROM `tag`')
 3 SYSTEMPATH\Database\BaseConnection.php(606): CodeIgniter\Database\BaseConnection->simpleQuery('SELECT *
FROM `tag`')
 4 SYSTEMPATH\Database\BaseBuilder.php(1616): CodeIgniter\Database\BaseConnection->query('SELECT *
FROM `tag`', [], false)
 5 SYSTEMPATH\Model.php(203): CodeIgniter\Database\BaseBuilder->get()
 6 SYSTEMPATH\BaseModel.php(557): CodeIgniter\Model->doFind(false, null)
 7 APPPATH\Controllers\DesenhistaPost.php(103): CodeIgniter\BaseModel->find()
 8 SYSTEMPATH\CodeIgniter.php(934): App\Controllers\DesenhistaPost->desenho_tag_lista()
 9 SYSTEMPATH\CodeIgniter.php(499): CodeIgniter\CodeIgniter->runController(Object(App\Controllers\DesenhistaPost))
10 SYSTEMPATH\CodeIgniter.php(368): CodeIgniter\CodeIgniter->handleRequest(null, Object(Config\Cache), false)
11 FCPATH\index.php(67): CodeIgniter\CodeIgniter->run()
ERROR - 2023-07-25 19:45:09 --> mysqli_sql_exception: Table 'teste.tag' doesn't exist in C:\xampp\htdocs\codi\system\Database\MySQLi\Connection.php:295
Stack trace:
#0 C:\xampp\htdocs\codi\system\Database\MySQLi\Connection.php(295): mysqli->query('SELECT *\nFROM `...', 0)
#1 C:\xampp\htdocs\codi\system\Database\BaseConnection.php(692): CodeIgniter\Database\MySQLi\Connection->execute('SELECT *\nFROM `...')
#2 C:\xampp\htdocs\codi\system\Database\BaseConnection.php(606): CodeIgniter\Database\BaseConnection->simpleQuery('SELECT *\nFROM `...')
#3 C:\xampp\htdocs\codi\system\Database\BaseBuilder.php(1616): CodeIgniter\Database\BaseConnection->query('SELECT *\nFROM `...', Array, false)
#4 C:\xampp\htdocs\codi\system\Model.php(203): CodeIgniter\Database\BaseBuilder->get()
#5 C:\xampp\htdocs\codi\system\BaseModel.php(557): CodeIgniter\Model->doFind(false, NULL)
#6 C:\xampp\htdocs\codi\app\Controllers\DesenhistaPost.php(103): CodeIgniter\BaseModel->find()
#7 C:\xampp\htdocs\codi\system\CodeIgniter.php(934): App\Controllers\DesenhistaPost->desenho_tag_lista()
#8 C:\xampp\htdocs\codi\system\CodeIgniter.php(499): CodeIgniter\CodeIgniter->runController(Object(App\Controllers\DesenhistaPost))
#9 C:\xampp\htdocs\codi\system\CodeIgniter.php(368): CodeIgniter\CodeIgniter->handleRequest(NULL, Object(Config\Cache), false)
#10 C:\xampp\htdocs\codi\public\index.php(67): CodeIgniter\CodeIgniter->run()
#11 {main}
CRITICAL - 2023-07-25 19:45:09 --> Table 'teste.tag' doesn't exist
in SYSTEMPATH\Database\MySQLi\Connection.php on line 295.
 1 SYSTEMPATH\Database\MySQLi\Connection.php(295): mysqli->query('SELECT *
FROM `tag`', 0)
 2 SYSTEMPATH\Database\BaseConnection.php(692): CodeIgniter\Database\MySQLi\Connection->execute('SELECT *
FROM `tag`')
 3 SYSTEMPATH\Database\BaseConnection.php(606): CodeIgniter\Database\BaseConnection->simpleQuery('SELECT *
FROM `tag`')
 4 SYSTEMPATH\Database\BaseBuilder.php(1616): CodeIgniter\Database\BaseConnection->query('SELECT *
FROM `tag`', [], false)
 5 SYSTEMPATH\Model.php(203): CodeIgniter\Database\BaseBuilder->get()
 6 SYSTEMPATH\BaseModel.php(557): CodeIgniter\Model->doFind(false, null)
 7 APPPATH\Controllers\DesenhistaPost.php(103): CodeIgniter\BaseModel->find()
 8 SYSTEMPATH\CodeIgniter.php(934): App\Controllers\DesenhistaPost->desenho_tag_lista()
 9 SYSTEMPATH\CodeIgniter.php(499): CodeIgniter\CodeIgniter->runController(Object(App\Controllers\DesenhistaPost))
10 SYSTEMPATH\CodeIgniter.php(368): CodeIgniter\CodeIgniter->handleRequest(null, Object(Config\Cache), false)
11 FCPATH\index.php(67): CodeIgniter\CodeIgniter->run()
ERROR - 2023-07-25 19:45:10 --> mysqli_sql_exception: Table 'teste.tag' doesn't exist in C:\xampp\htdocs\codi\system\Database\MySQLi\Connection.php:295
Stack trace:
#0 C:\xampp\htdocs\codi\system\Database\MySQLi\Connection.php(295): mysqli->query('SELECT *\nFROM `...', 0)
#1 C:\xampp\htdocs\codi\system\Database\BaseConnection.php(692): CodeIgniter\Database\MySQLi\Connection->execute('SELECT *\nFROM `...')
#2 C:\xampp\htdocs\codi\system\Database\BaseConnection.php(606): CodeIgniter\Database\BaseConnection->simpleQuery('SELECT *\nFROM `...')
#3 C:\xampp\htdocs\codi\system\Database\BaseBuilder.php(1616): CodeIgniter\Database\BaseConnection->query('SELECT *\nFROM `...', Array, false)
#4 C:\xampp\htdocs\codi\system\Model.php(203): CodeIgniter\Database\BaseBuilder->get()
#5 C:\xampp\htdocs\codi\system\BaseModel.php(557): CodeIgniter\Model->doFind(false, NULL)
#6 C:\xampp\htdocs\codi\app\Controllers\DesenhistaPost.php(103): CodeIgniter\BaseModel->find()
#7 C:\xampp\htdocs\codi\system\CodeIgniter.php(934): App\Controllers\DesenhistaPost->desenho_tag_lista()
#8 C:\xampp\htdocs\codi\system\CodeIgniter.php(499): CodeIgniter\CodeIgniter->runController(Object(App\Controllers\DesenhistaPost))
#9 C:\xampp\htdocs\codi\system\CodeIgniter.php(368): CodeIgniter\CodeIgniter->handleRequest(NULL, Object(Config\Cache), false)
#10 C:\xampp\htdocs\codi\public\index.php(67): CodeIgniter\CodeIgniter->run()
#11 {main}
CRITICAL - 2023-07-25 19:45:10 --> Table 'teste.tag' doesn't exist
in SYSTEMPATH\Database\MySQLi\Connection.php on line 295.
 1 SYSTEMPATH\Database\MySQLi\Connection.php(295): mysqli->query('SELECT *
FROM `tag`', 0)
 2 SYSTEMPATH\Database\BaseConnection.php(692): CodeIgniter\Database\MySQLi\Connection->execute('SELECT *
FROM `tag`')
 3 SYSTEMPATH\Database\BaseConnection.php(606): CodeIgniter\Database\BaseConnection->simpleQuery('SELECT *
FROM `tag`')
 4 SYSTEMPATH\Database\BaseBuilder.php(1616): CodeIgniter\Database\BaseConnection->query('SELECT *
FROM `tag`', [], false)
 5 SYSTEMPATH\Model.php(203): CodeIgniter\Database\BaseBuilder->get()
 6 SYSTEMPATH\BaseModel.php(557): CodeIgniter\Model->doFind(false, null)
 7 APPPATH\Controllers\DesenhistaPost.php(103): CodeIgniter\BaseModel->find()
 8 SYSTEMPATH\CodeIgniter.php(934): App\Controllers\DesenhistaPost->desenho_tag_lista()
 9 SYSTEMPATH\CodeIgniter.php(499): CodeIgniter\CodeIgniter->runController(Object(App\Controllers\DesenhistaPost))
10 SYSTEMPATH\CodeIgniter.php(368): CodeIgniter\CodeIgniter->handleRequest(null, Object(Config\Cache), false)
11 FCPATH\index.php(67): CodeIgniter\CodeIgniter->run()
ERROR - 2023-07-25 19:45:11 --> mysqli_sql_exception: Table 'teste.tag' doesn't exist in C:\xampp\htdocs\codi\system\Database\MySQLi\Connection.php:295
Stack trace:
#0 C:\xampp\htdocs\codi\system\Database\MySQLi\Connection.php(295): mysqli->query('SELECT *\nFROM `...', 0)
#1 C:\xampp\htdocs\codi\system\Database\BaseConnection.php(692): CodeIgniter\Database\MySQLi\Connection->execute('SELECT *\nFROM `...')
#2 C:\xampp\htdocs\codi\system\Database\BaseConnection.php(606): CodeIgniter\Database\BaseConnection->simpleQuery('SELECT *\nFROM `...')
#3 C:\xampp\htdocs\codi\system\Database\BaseBuilder.php(1616): CodeIgniter\Database\BaseConnection->query('SELECT *\nFROM `...', Array, false)
#4 C:\xampp\htdocs\codi\system\Model.php(203): CodeIgniter\Database\BaseBuilder->get()
#5 C:\xampp\htdocs\codi\system\BaseModel.php(557): CodeIgniter\Model->doFind(false, NULL)
#6 C:\xampp\htdocs\codi\app\Controllers\DesenhistaPost.php(103): CodeIgniter\BaseModel->find()
#7 C:\xampp\htdocs\codi\system\CodeIgniter.php(934): App\Controllers\DesenhistaPost->desenho_tag_lista()
#8 C:\xampp\htdocs\codi\system\CodeIgniter.php(499): CodeIgniter\CodeIgniter->runController(Object(App\Controllers\DesenhistaPost))
#9 C:\xampp\htdocs\codi\system\CodeIgniter.php(368): CodeIgniter\CodeIgniter->handleRequest(NULL, Object(Config\Cache), false)
#10 C:\xampp\htdocs\codi\public\index.php(67): CodeIgniter\CodeIgniter->run()
#11 {main}
CRITICAL - 2023-07-25 19:45:11 --> Table 'teste.tag' doesn't exist
in SYSTEMPATH\Database\MySQLi\Connection.php on line 295.
 1 SYSTEMPATH\Database\MySQLi\Connection.php(295): mysqli->query('SELECT *
FROM `tag`', 0)
 2 SYSTEMPATH\Database\BaseConnection.php(692): CodeIgniter\Database\MySQLi\Connection->execute('SELECT *
FROM `tag`')
 3 SYSTEMPATH\Database\BaseConnection.php(606): CodeIgniter\Database\BaseConnection->simpleQuery('SELECT *
FROM `tag`')
 4 SYSTEMPATH\Database\BaseBuilder.php(1616): CodeIgniter\Database\BaseConnection->query('SELECT *
FROM `tag`', [], false)
 5 SYSTEMPATH\Model.php(203): CodeIgniter\Database\BaseBuilder->get()
 6 SYSTEMPATH\BaseModel.php(557): CodeIgniter\Model->doFind(false, null)
 7 APPPATH\Controllers\DesenhistaPost.php(103): CodeIgniter\BaseModel->find()
 8 SYSTEMPATH\CodeIgniter.php(934): App\Controllers\DesenhistaPost->desenho_tag_lista()
 9 SYSTEMPATH\CodeIgniter.php(499): CodeIgniter\CodeIgniter->runController(Object(App\Controllers\DesenhistaPost))
10 SYSTEMPATH\CodeIgniter.php(368): CodeIgniter\CodeIgniter->handleRequest(null, Object(Config\Cache), false)
11 FCPATH\index.php(67): CodeIgniter\CodeIgniter->run()
ERROR - 2023-07-25 19:45:12 --> mysqli_sql_exception: Table 'teste.tag' doesn't exist in C:\xampp\htdocs\codi\system\Database\MySQLi\Connection.php:295
Stack trace:
#0 C:\xampp\htdocs\codi\system\Database\MySQLi\Connection.php(295): mysqli->query('SELECT *\nFROM `...', 0)
#1 C:\xampp\htdocs\codi\system\Database\BaseConnection.php(692): CodeIgniter\Database\MySQLi\Connection->execute('SELECT *\nFROM `...')
#2 C:\xampp\htdocs\codi\system\Database\BaseConnection.php(606): CodeIgniter\Database\BaseConnection->simpleQuery('SELECT *\nFROM `...')
#3 C:\xampp\htdocs\codi\system\Database\BaseBuilder.php(1616): CodeIgniter\Database\BaseConnection->query('SELECT *\nFROM `...', Array, false)
#4 C:\xampp\htdocs\codi\system\Model.php(203): CodeIgniter\Database\BaseBuilder->get()
#5 C:\xampp\htdocs\codi\system\BaseModel.php(557): CodeIgniter\Model->doFind(false, NULL)
#6 C:\xampp\htdocs\codi\app\Controllers\DesenhistaPost.php(103): CodeIgniter\BaseModel->find()
#7 C:\xampp\htdocs\codi\system\CodeIgniter.php(934): App\Controllers\DesenhistaPost->desenho_tag_lista()
#8 C:\xampp\htdocs\codi\system\CodeIgniter.php(499): CodeIgniter\CodeIgniter->runController(Object(App\Controllers\DesenhistaPost))
#9 C:\xampp\htdocs\codi\system\CodeIgniter.php(368): CodeIgniter\CodeIgniter->handleRequest(NULL, Object(Config\Cache), false)
#10 C:\xampp\htdocs\codi\public\index.php(67): CodeIgniter\CodeIgniter->run()
#11 {main}
CRITICAL - 2023-07-25 19:45:12 --> Table 'teste.tag' doesn't exist
in SYSTEMPATH\Database\MySQLi\Connection.php on line 295.
 1 SYSTEMPATH\Database\MySQLi\Connection.php(295): mysqli->query('SELECT *
FROM `tag`', 0)
 2 SYSTEMPATH\Database\BaseConnection.php(692): CodeIgniter\Database\MySQLi\Connection->execute('SELECT *
FROM `tag`')
 3 SYSTEMPATH\Database\BaseConnection.php(606): CodeIgniter\Database\BaseConnection->simpleQuery('SELECT *
FROM `tag`')
 4 SYSTEMPATH\Database\BaseBuilder.php(1616): CodeIgniter\Database\BaseConnection->query('SELECT *
FROM `tag`', [], false)
 5 SYSTEMPATH\Model.php(203): CodeIgniter\Database\BaseBuilder->get()
 6 SYSTEMPATH\BaseModel.php(557): CodeIgniter\Model->doFind(false, null)
 7 APPPATH\Controllers\DesenhistaPost.php(103): CodeIgniter\BaseModel->find()
 8 SYSTEMPATH\CodeIgniter.php(934): App\Controllers\DesenhistaPost->desenho_tag_lista()
 9 SYSTEMPATH\CodeIgniter.php(499): CodeIgniter\CodeIgniter->runController(Object(App\Controllers\DesenhistaPost))
10 SYSTEMPATH\CodeIgniter.php(368): CodeIgniter\CodeIgniter->handleRequest(null, Object(Config\Cache), false)
11 FCPATH\index.php(67): CodeIgniter\CodeIgniter->run()
ERROR - 2023-07-25 19:45:13 --> mysqli_sql_exception: Table 'teste.tag' doesn't exist in C:\xampp\htdocs\codi\system\Database\MySQLi\Connection.php:295
Stack trace:
#0 C:\xampp\htdocs\codi\system\Database\MySQLi\Connection.php(295): mysqli->query('SELECT *\nFROM `...', 0)
#1 C:\xampp\htdocs\codi\system\Database\BaseConnection.php(692): CodeIgniter\Database\MySQLi\Connection->execute('SELECT *\nFROM `...')
#2 C:\xampp\htdocs\codi\system\Database\BaseConnection.php(606): CodeIgniter\Database\BaseConnection->simpleQuery('SELECT *\nFROM `...')
#3 C:\xampp\htdocs\codi\system\Database\BaseBuilder.php(1616): CodeIgniter\Database\BaseConnection->query('SELECT *\nFROM `...', Array, false)
#4 C:\xampp\htdocs\codi\system\Model.php(203): CodeIgniter\Database\BaseBuilder->get()
#5 C:\xampp\htdocs\codi\system\BaseModel.php(557): CodeIgniter\Model->doFind(false, NULL)
#6 C:\xampp\htdocs\codi\app\Controllers\DesenhistaPost.php(103): CodeIgniter\BaseModel->find()
#7 C:\xampp\htdocs\codi\system\CodeIgniter.php(934): App\Controllers\DesenhistaPost->desenho_tag_lista()
#8 C:\xampp\htdocs\codi\system\CodeIgniter.php(499): CodeIgniter\CodeIgniter->runController(Object(App\Controllers\DesenhistaPost))
#9 C:\xampp\htdocs\codi\system\CodeIgniter.php(368): CodeIgniter\CodeIgniter->handleRequest(NULL, Object(Config\Cache), false)
#10 C:\xampp\htdocs\codi\public\index.php(67): CodeIgniter\CodeIgniter->run()
#11 {main}
CRITICAL - 2023-07-25 19:45:13 --> Table 'teste.tag' doesn't exist
in SYSTEMPATH\Database\MySQLi\Connection.php on line 295.
 1 SYSTEMPATH\Database\MySQLi\Connection.php(295): mysqli->query('SELECT *
FROM `tag`', 0)
 2 SYSTEMPATH\Database\BaseConnection.php(692): CodeIgniter\Database\MySQLi\Connection->execute('SELECT *
FROM `tag`')
 3 SYSTEMPATH\Database\BaseConnection.php(606): CodeIgniter\Database\BaseConnection->simpleQuery('SELECT *
FROM `tag`')
 4 SYSTEMPATH\Database\BaseBuilder.php(1616): CodeIgniter\Database\BaseConnection->query('SELECT *
FROM `tag`', [], false)
 5 SYSTEMPATH\Model.php(203): CodeIgniter\Database\BaseBuilder->get()
 6 SYSTEMPATH\BaseModel.php(557): CodeIgniter\Model->doFind(false, null)
 7 APPPATH\Controllers\DesenhistaPost.php(103): CodeIgniter\BaseModel->find()
 8 SYSTEMPATH\CodeIgniter.php(934): App\Controllers\DesenhistaPost->desenho_tag_lista()
 9 SYSTEMPATH\CodeIgniter.php(499): CodeIgniter\CodeIgniter->runController(Object(App\Controllers\DesenhistaPost))
10 SYSTEMPATH\CodeIgniter.php(368): CodeIgniter\CodeIgniter->handleRequest(null, Object(Config\Cache), false)
11 FCPATH\index.php(67): CodeIgniter\CodeIgniter->run()
ERROR - 2023-07-25 19:45:14 --> mysqli_sql_exception: Table 'teste.tag' doesn't exist in C:\xampp\htdocs\codi\system\Database\MySQLi\Connection.php:295
Stack trace:
#0 C:\xampp\htdocs\codi\system\Database\MySQLi\Connection.php(295): mysqli->query('SELECT *\nFROM `...', 0)
#1 C:\xampp\htdocs\codi\system\Database\BaseConnection.php(692): CodeIgniter\Database\MySQLi\Connection->execute('SELECT *\nFROM `...')
#2 C:\xampp\htdocs\codi\system\Database\BaseConnection.php(606): CodeIgniter\Database\BaseConnection->simpleQuery('SELECT *\nFROM `...')
#3 C:\xampp\htdocs\codi\system\Database\BaseBuilder.php(1616): CodeIgniter\Database\BaseConnection->query('SELECT *\nFROM `...', Array, false)
#4 C:\xampp\htdocs\codi\system\Model.php(203): CodeIgniter\Database\BaseBuilder->get()
#5 C:\xampp\htdocs\codi\system\BaseModel.php(557): CodeIgniter\Model->doFind(false, NULL)
#6 C:\xampp\htdocs\codi\app\Controllers\DesenhistaPost.php(103): CodeIgniter\BaseModel->find()
#7 C:\xampp\htdocs\codi\system\CodeIgniter.php(934): App\Controllers\DesenhistaPost->desenho_tag_lista()
#8 C:\xampp\htdocs\codi\system\CodeIgniter.php(499): CodeIgniter\CodeIgniter->runController(Object(App\Controllers\DesenhistaPost))
#9 C:\xampp\htdocs\codi\system\CodeIgniter.php(368): CodeIgniter\CodeIgniter->handleRequest(NULL, Object(Config\Cache), false)
#10 C:\xampp\htdocs\codi\public\index.php(67): CodeIgniter\CodeIgniter->run()
#11 {main}
CRITICAL - 2023-07-25 19:45:14 --> Table 'teste.tag' doesn't exist
in SYSTEMPATH\Database\MySQLi\Connection.php on line 295.
 1 SYSTEMPATH\Database\MySQLi\Connection.php(295): mysqli->query('SELECT *
FROM `tag`', 0)
 2 SYSTEMPATH\Database\BaseConnection.php(692): CodeIgniter\Database\MySQLi\Connection->execute('SELECT *
FROM `tag`')
 3 SYSTEMPATH\Database\BaseConnection.php(606): CodeIgniter\Database\BaseConnection->simpleQuery('SELECT *
FROM `tag`')
 4 SYSTEMPATH\Database\BaseBuilder.php(1616): CodeIgniter\Database\BaseConnection->query('SELECT *
FROM `tag`', [], false)
 5 SYSTEMPATH\Model.php(203): CodeIgniter\Database\BaseBuilder->get()
 6 SYSTEMPATH\BaseModel.php(557): CodeIgniter\Model->doFind(false, null)
 7 APPPATH\Controllers\DesenhistaPost.php(103): CodeIgniter\BaseModel->find()
 8 SYSTEMPATH\CodeIgniter.php(934): App\Controllers\DesenhistaPost->desenho_tag_lista()
 9 SYSTEMPATH\CodeIgniter.php(499): CodeIgniter\CodeIgniter->runController(Object(App\Controllers\DesenhistaPost))
10 SYSTEMPATH\CodeIgniter.php(368): CodeIgniter\CodeIgniter->handleRequest(null, Object(Config\Cache), false)
11 FCPATH\index.php(67): CodeIgniter\CodeIgniter->run()
ERROR - 2023-07-25 19:45:15 --> mysqli_sql_exception: Table 'teste.tag' doesn't exist in C:\xampp\htdocs\codi\system\Database\MySQLi\Connection.php:295
Stack trace:
#0 C:\xampp\htdocs\codi\system\Database\MySQLi\Connection.php(295): mysqli->query('SELECT *\nFROM `...', 0)
#1 C:\xampp\htdocs\codi\system\Database\BaseConnection.php(692): CodeIgniter\Database\MySQLi\Connection->execute('SELECT *\nFROM `...')
#2 C:\xampp\htdocs\codi\system\Database\BaseConnection.php(606): CodeIgniter\Database\BaseConnection->simpleQuery('SELECT *\nFROM `...')
#3 C:\xampp\htdocs\codi\system\Database\BaseBuilder.php(1616): CodeIgniter\Database\BaseConnection->query('SELECT *\nFROM `...', Array, false)
#4 C:\xampp\htdocs\codi\system\Model.php(203): CodeIgniter\Database\BaseBuilder->get()
#5 C:\xampp\htdocs\codi\system\BaseModel.php(557): CodeIgniter\Model->doFind(false, NULL)
#6 C:\xampp\htdocs\codi\app\Controllers\DesenhistaPost.php(103): CodeIgniter\BaseModel->find()
#7 C:\xampp\htdocs\codi\system\CodeIgniter.php(934): App\Controllers\DesenhistaPost->desenho_tag_lista()
#8 C:\xampp\htdocs\codi\system\CodeIgniter.php(499): CodeIgniter\CodeIgniter->runController(Object(App\Controllers\DesenhistaPost))
#9 C:\xampp\htdocs\codi\system\CodeIgniter.php(368): CodeIgniter\CodeIgniter->handleRequest(NULL, Object(Config\Cache), false)
#10 C:\xampp\htdocs\codi\public\index.php(67): CodeIgniter\CodeIgniter->run()
#11 {main}
CRITICAL - 2023-07-25 19:45:15 --> Table 'teste.tag' doesn't exist
in SYSTEMPATH\Database\MySQLi\Connection.php on line 295.
 1 SYSTEMPATH\Database\MySQLi\Connection.php(295): mysqli->query('SELECT *
FROM `tag`', 0)
 2 SYSTEMPATH\Database\BaseConnection.php(692): CodeIgniter\Database\MySQLi\Connection->execute('SELECT *
FROM `tag`')
 3 SYSTEMPATH\Database\BaseConnection.php(606): CodeIgniter\Database\BaseConnection->simpleQuery('SELECT *
FROM `tag`')
 4 SYSTEMPATH\Database\BaseBuilder.php(1616): CodeIgniter\Database\BaseConnection->query('SELECT *
FROM `tag`', [], false)
 5 SYSTEMPATH\Model.php(203): CodeIgniter\Database\BaseBuilder->get()
 6 SYSTEMPATH\BaseModel.php(557): CodeIgniter\Model->doFind(false, null)
 7 APPPATH\Controllers\DesenhistaPost.php(103): CodeIgniter\BaseModel->find()
 8 SYSTEMPATH\CodeIgniter.php(934): App\Controllers\DesenhistaPost->desenho_tag_lista()
 9 SYSTEMPATH\CodeIgniter.php(499): CodeIgniter\CodeIgniter->runController(Object(App\Controllers\DesenhistaPost))
10 SYSTEMPATH\CodeIgniter.php(368): CodeIgniter\CodeIgniter->handleRequest(null, Object(Config\Cache), false)
11 FCPATH\index.php(67): CodeIgniter\CodeIgniter->run()
ERROR - 2023-07-25 19:45:16 --> mysqli_sql_exception: Table 'teste.tag' doesn't exist in C:\xampp\htdocs\codi\system\Database\MySQLi\Connection.php:295
Stack trace:
#0 C:\xampp\htdocs\codi\system\Database\MySQLi\Connection.php(295): mysqli->query('SELECT *\nFROM `...', 0)
#1 C:\xampp\htdocs\codi\system\Database\BaseConnection.php(692): CodeIgniter\Database\MySQLi\Connection->execute('SELECT *\nFROM `...')
#2 C:\xampp\htdocs\codi\system\Database\BaseConnection.php(606): CodeIgniter\Database\BaseConnection->simpleQuery('SELECT *\nFROM `...')
#3 C:\xampp\htdocs\codi\system\Database\BaseBuilder.php(1616): CodeIgniter\Database\BaseConnection->query('SELECT *\nFROM `...', Array, false)
#4 C:\xampp\htdocs\codi\system\Model.php(203): CodeIgniter\Database\BaseBuilder->get()
#5 C:\xampp\htdocs\codi\system\BaseModel.php(557): CodeIgniter\Model->doFind(false, NULL)
#6 C:\xampp\htdocs\codi\app\Controllers\DesenhistaPost.php(103): CodeIgniter\BaseModel->find()
#7 C:\xampp\htdocs\codi\system\CodeIgniter.php(934): App\Controllers\DesenhistaPost->desenho_tag_lista()
#8 C:\xampp\htdocs\codi\system\CodeIgniter.php(499): CodeIgniter\CodeIgniter->runController(Object(App\Controllers\DesenhistaPost))
#9 C:\xampp\htdocs\codi\system\CodeIgniter.php(368): CodeIgniter\CodeIgniter->handleRequest(NULL, Object(Config\Cache), false)
#10 C:\xampp\htdocs\codi\public\index.php(67): CodeIgniter\CodeIgniter->run()
#11 {main}
CRITICAL - 2023-07-25 19:45:16 --> Table 'teste.tag' doesn't exist
in SYSTEMPATH\Database\MySQLi\Connection.php on line 295.
 1 SYSTEMPATH\Database\MySQLi\Connection.php(295): mysqli->query('SELECT *
FROM `tag`', 0)
 2 SYSTEMPATH\Database\BaseConnection.php(692): CodeIgniter\Database\MySQLi\Connection->execute('SELECT *
FROM `tag`')
 3 SYSTEMPATH\Database\BaseConnection.php(606): CodeIgniter\Database\BaseConnection->simpleQuery('SELECT *
FROM `tag`')
 4 SYSTEMPATH\Database\BaseBuilder.php(1616): CodeIgniter\Database\BaseConnection->query('SELECT *
FROM `tag`', [], false)
 5 SYSTEMPATH\Model.php(203): CodeIgniter\Database\BaseBuilder->get()
 6 SYSTEMPATH\BaseModel.php(557): CodeIgniter\Model->doFind(false, null)
 7 APPPATH\Controllers\DesenhistaPost.php(103): CodeIgniter\BaseModel->find()
 8 SYSTEMPATH\CodeIgniter.php(934): App\Controllers\DesenhistaPost->desenho_tag_lista()
 9 SYSTEMPATH\CodeIgniter.php(499): CodeIgniter\CodeIgniter->runController(Object(App\Controllers\DesenhistaPost))
10 SYSTEMPATH\CodeIgniter.php(368): CodeIgniter\CodeIgniter->handleRequest(null, Object(Config\Cache), false)
11 FCPATH\index.php(67): CodeIgniter\CodeIgniter->run()
ERROR - 2023-07-25 19:45:18 --> mysqli_sql_exception: Table 'teste.tag' doesn't exist in C:\xampp\htdocs\codi\system\Database\MySQLi\Connection.php:295
Stack trace:
#0 C:\xampp\htdocs\codi\system\Database\MySQLi\Connection.php(295): mysqli->query('SELECT *\nFROM `...', 0)
#1 C:\xampp\htdocs\codi\system\Database\BaseConnection.php(692): CodeIgniter\Database\MySQLi\Connection->execute('SELECT *\nFROM `...')
#2 C:\xampp\htdocs\codi\system\Database\BaseConnection.php(606): CodeIgniter\Database\BaseConnection->simpleQuery('SELECT *\nFROM `...')
#3 C:\xampp\htdocs\codi\system\Database\BaseBuilder.php(1616): CodeIgniter\Database\BaseConnection->query('SELECT *\nFROM `...', Array, false)
#4 C:\xampp\htdocs\codi\system\Model.php(203): CodeIgniter\Database\BaseBuilder->get()
#5 C:\xampp\htdocs\codi\system\BaseModel.php(557): CodeIgniter\Model->doFind(false, NULL)
#6 C:\xampp\htdocs\codi\app\Controllers\DesenhistaPost.php(103): CodeIgniter\BaseModel->find()
#7 C:\xampp\htdocs\codi\system\CodeIgniter.php(934): App\Controllers\DesenhistaPost->desenho_tag_lista()
#8 C:\xampp\htdocs\codi\system\CodeIgniter.php(499): CodeIgniter\CodeIgniter->runController(Object(App\Controllers\DesenhistaPost))
#9 C:\xampp\htdocs\codi\system\CodeIgniter.php(368): CodeIgniter\CodeIgniter->handleRequest(NULL, Object(Config\Cache), false)
#10 C:\xampp\htdocs\codi\public\index.php(67): CodeIgniter\CodeIgniter->run()
#11 {main}
CRITICAL - 2023-07-25 19:45:18 --> Table 'teste.tag' doesn't exist
in SYSTEMPATH\Database\MySQLi\Connection.php on line 295.
 1 SYSTEMPATH\Database\MySQLi\Connection.php(295): mysqli->query('SELECT *
FROM `tag`', 0)
 2 SYSTEMPATH\Database\BaseConnection.php(692): CodeIgniter\Database\MySQLi\Connection->execute('SELECT *
FROM `tag`')
 3 SYSTEMPATH\Database\BaseConnection.php(606): CodeIgniter\Database\BaseConnection->simpleQuery('SELECT *
FROM `tag`')
 4 SYSTEMPATH\Database\BaseBuilder.php(1616): CodeIgniter\Database\BaseConnection->query('SELECT *
FROM `tag`', [], false)
 5 SYSTEMPATH\Model.php(203): CodeIgniter\Database\BaseBuilder->get()
 6 SYSTEMPATH\BaseModel.php(557): CodeIgniter\Model->doFind(false, null)
 7 APPPATH\Controllers\DesenhistaPost.php(103): CodeIgniter\BaseModel->find()
 8 SYSTEMPATH\CodeIgniter.php(934): App\Controllers\DesenhistaPost->desenho_tag_lista()
 9 SYSTEMPATH\CodeIgniter.php(499): CodeIgniter\CodeIgniter->runController(Object(App\Controllers\DesenhistaPost))
10 SYSTEMPATH\CodeIgniter.php(368): CodeIgniter\CodeIgniter->handleRequest(null, Object(Config\Cache), false)
11 FCPATH\index.php(67): CodeIgniter\CodeIgniter->run()
ERROR - 2023-07-25 19:45:18 --> mysqli_sql_exception: Table 'teste.tag' doesn't exist in C:\xampp\htdocs\codi\system\Database\MySQLi\Connection.php:295
Stack trace:
#0 C:\xampp\htdocs\codi\system\Database\MySQLi\Connection.php(295): mysqli->query('SELECT *\nFROM `...', 0)
#1 C:\xampp\htdocs\codi\system\Database\BaseConnection.php(692): CodeIgniter\Database\MySQLi\Connection->execute('SELECT *\nFROM `...')
#2 C:\xampp\htdocs\codi\system\Database\BaseConnection.php(606): CodeIgniter\Database\BaseConnection->simpleQuery('SELECT *\nFROM `...')
#3 C:\xampp\htdocs\codi\system\Database\BaseBuilder.php(1616): CodeIgniter\Database\BaseConnection->query('SELECT *\nFROM `...', Array, false)
#4 C:\xampp\htdocs\codi\system\Model.php(203): CodeIgniter\Database\BaseBuilder->get()
#5 C:\xampp\htdocs\codi\system\BaseModel.php(557): CodeIgniter\Model->doFind(false, NULL)
#6 C:\xampp\htdocs\codi\app\Controllers\DesenhistaPost.php(103): CodeIgniter\BaseModel->find()
#7 C:\xampp\htdocs\codi\system\CodeIgniter.php(934): App\Controllers\DesenhistaPost->desenho_tag_lista()
#8 C:\xampp\htdocs\codi\system\CodeIgniter.php(499): CodeIgniter\CodeIgniter->runController(Object(App\Controllers\DesenhistaPost))
#9 C:\xampp\htdocs\codi\system\CodeIgniter.php(368): CodeIgniter\CodeIgniter->handleRequest(NULL, Object(Config\Cache), false)
#10 C:\xampp\htdocs\codi\public\index.php(67): CodeIgniter\CodeIgniter->run()
#11 {main}
CRITICAL - 2023-07-25 19:45:18 --> Table 'teste.tag' doesn't exist
in SYSTEMPATH\Database\MySQLi\Connection.php on line 295.
 1 SYSTEMPATH\Database\MySQLi\Connection.php(295): mysqli->query('SELECT *
FROM `tag`', 0)
 2 SYSTEMPATH\Database\BaseConnection.php(692): CodeIgniter\Database\MySQLi\Connection->execute('SELECT *
FROM `tag`')
 3 SYSTEMPATH\Database\BaseConnection.php(606): CodeIgniter\Database\BaseConnection->simpleQuery('SELECT *
FROM `tag`')
 4 SYSTEMPATH\Database\BaseBuilder.php(1616): CodeIgniter\Database\BaseConnection->query('SELECT *
FROM `tag`', [], false)
 5 SYSTEMPATH\Model.php(203): CodeIgniter\Database\BaseBuilder->get()
 6 SYSTEMPATH\BaseModel.php(557): CodeIgniter\Model->doFind(false, null)
 7 APPPATH\Controllers\DesenhistaPost.php(103): CodeIgniter\BaseModel->find()
 8 SYSTEMPATH\CodeIgniter.php(934): App\Controllers\DesenhistaPost->desenho_tag_lista()
 9 SYSTEMPATH\CodeIgniter.php(499): CodeIgniter\CodeIgniter->runController(Object(App\Controllers\DesenhistaPost))
10 SYSTEMPATH\CodeIgniter.php(368): CodeIgniter\CodeIgniter->handleRequest(null, Object(Config\Cache), false)
11 FCPATH\index.php(67): CodeIgniter\CodeIgniter->run()
ERROR - 2023-07-25 19:45:19 --> mysqli_sql_exception: Table 'teste.tag' doesn't exist in C:\xampp\htdocs\codi\system\Database\MySQLi\Connection.php:295
Stack trace:
#0 C:\xampp\htdocs\codi\system\Database\MySQLi\Connection.php(295): mysqli->query('SELECT *\nFROM `...', 0)
#1 C:\xampp\htdocs\codi\system\Database\BaseConnection.php(692): CodeIgniter\Database\MySQLi\Connection->execute('SELECT *\nFROM `...')
#2 C:\xampp\htdocs\codi\system\Database\BaseConnection.php(606): CodeIgniter\Database\BaseConnection->simpleQuery('SELECT *\nFROM `...')
#3 C:\xampp\htdocs\codi\system\Database\BaseBuilder.php(1616): CodeIgniter\Database\BaseConnection->query('SELECT *\nFROM `...', Array, false)
#4 C:\xampp\htdocs\codi\system\Model.php(203): CodeIgniter\Database\BaseBuilder->get()
#5 C:\xampp\htdocs\codi\system\BaseModel.php(557): CodeIgniter\Model->doFind(false, NULL)
#6 C:\xampp\htdocs\codi\app\Controllers\DesenhistaPost.php(103): CodeIgniter\BaseModel->find()
#7 C:\xampp\htdocs\codi\system\CodeIgniter.php(934): App\Controllers\DesenhistaPost->desenho_tag_lista()
#8 C:\xampp\htdocs\codi\system\CodeIgniter.php(499): CodeIgniter\CodeIgniter->runController(Object(App\Controllers\DesenhistaPost))
#9 C:\xampp\htdocs\codi\system\CodeIgniter.php(368): CodeIgniter\CodeIgniter->handleRequest(NULL, Object(Config\Cache), false)
#10 C:\xampp\htdocs\codi\public\index.php(67): CodeIgniter\CodeIgniter->run()
#11 {main}
CRITICAL - 2023-07-25 19:45:19 --> Table 'teste.tag' doesn't exist
in SYSTEMPATH\Database\MySQLi\Connection.php on line 295.
 1 SYSTEMPATH\Database\MySQLi\Connection.php(295): mysqli->query('SELECT *
FROM `tag`', 0)
 2 SYSTEMPATH\Database\BaseConnection.php(692): CodeIgniter\Database\MySQLi\Connection->execute('SELECT *
FROM `tag`')
 3 SYSTEMPATH\Database\BaseConnection.php(606): CodeIgniter\Database\BaseConnection->simpleQuery('SELECT *
FROM `tag`')
 4 SYSTEMPATH\Database\BaseBuilder.php(1616): CodeIgniter\Database\BaseConnection->query('SELECT *
FROM `tag`', [], false)
 5 SYSTEMPATH\Model.php(203): CodeIgniter\Database\BaseBuilder->get()
 6 SYSTEMPATH\BaseModel.php(557): CodeIgniter\Model->doFind(false, null)
 7 APPPATH\Controllers\DesenhistaPost.php(103): CodeIgniter\BaseModel->find()
 8 SYSTEMPATH\CodeIgniter.php(934): App\Controllers\DesenhistaPost->desenho_tag_lista()
 9 SYSTEMPATH\CodeIgniter.php(499): CodeIgniter\CodeIgniter->runController(Object(App\Controllers\DesenhistaPost))
10 SYSTEMPATH\CodeIgniter.php(368): CodeIgniter\CodeIgniter->handleRequest(null, Object(Config\Cache), false)
11 FCPATH\index.php(67): CodeIgniter\CodeIgniter->run()
ERROR - 2023-07-25 19:45:20 --> mysqli_sql_exception: Table 'teste.tag' doesn't exist in C:\xampp\htdocs\codi\system\Database\MySQLi\Connection.php:295
Stack trace:
#0 C:\xampp\htdocs\codi\system\Database\MySQLi\Connection.php(295): mysqli->query('SELECT *\nFROM `...', 0)
#1 C:\xampp\htdocs\codi\system\Database\BaseConnection.php(692): CodeIgniter\Database\MySQLi\Connection->execute('SELECT *\nFROM `...')
#2 C:\xampp\htdocs\codi\system\Database\BaseConnection.php(606): CodeIgniter\Database\BaseConnection->simpleQuery('SELECT *\nFROM `...')
#3 C:\xampp\htdocs\codi\system\Database\BaseBuilder.php(1616): CodeIgniter\Database\BaseConnection->query('SELECT *\nFROM `...', Array, false)
#4 C:\xampp\htdocs\codi\system\Model.php(203): CodeIgniter\Database\BaseBuilder->get()
#5 C:\xampp\htdocs\codi\system\BaseModel.php(557): CodeIgniter\Model->doFind(false, NULL)
#6 C:\xampp\htdocs\codi\app\Controllers\DesenhistaPost.php(103): CodeIgniter\BaseModel->find()
#7 C:\xampp\htdocs\codi\system\CodeIgniter.php(934): App\Controllers\DesenhistaPost->desenho_tag_lista()
#8 C:\xampp\htdocs\codi\system\CodeIgniter.php(499): CodeIgniter\CodeIgniter->runController(Object(App\Controllers\DesenhistaPost))
#9 C:\xampp\htdocs\codi\system\CodeIgniter.php(368): CodeIgniter\CodeIgniter->handleRequest(NULL, Object(Config\Cache), false)
#10 C:\xampp\htdocs\codi\public\index.php(67): CodeIgniter\CodeIgniter->run()
#11 {main}
CRITICAL - 2023-07-25 19:45:20 --> Table 'teste.tag' doesn't exist
in SYSTEMPATH\Database\MySQLi\Connection.php on line 295.
 1 SYSTEMPATH\Database\MySQLi\Connection.php(295): mysqli->query('SELECT *
FROM `tag`', 0)
 2 SYSTEMPATH\Database\BaseConnection.php(692): CodeIgniter\Database\MySQLi\Connection->execute('SELECT *
FROM `tag`')
 3 SYSTEMPATH\Database\BaseConnection.php(606): CodeIgniter\Database\BaseConnection->simpleQuery('SELECT *
FROM `tag`')
 4 SYSTEMPATH\Database\BaseBuilder.php(1616): CodeIgniter\Database\BaseConnection->query('SELECT *
FROM `tag`', [], false)
 5 SYSTEMPATH\Model.php(203): CodeIgniter\Database\BaseBuilder->get()
 6 SYSTEMPATH\BaseModel.php(557): CodeIgniter\Model->doFind(false, null)
 7 APPPATH\Controllers\DesenhistaPost.php(103): CodeIgniter\BaseModel->find()
 8 SYSTEMPATH\CodeIgniter.php(934): App\Controllers\DesenhistaPost->desenho_tag_lista()
 9 SYSTEMPATH\CodeIgniter.php(499): CodeIgniter\CodeIgniter->runController(Object(App\Controllers\DesenhistaPost))
10 SYSTEMPATH\CodeIgniter.php(368): CodeIgniter\CodeIgniter->handleRequest(null, Object(Config\Cache), false)
11 FCPATH\index.php(67): CodeIgniter\CodeIgniter->run()
ERROR - 2023-07-25 19:45:21 --> mysqli_sql_exception: Table 'teste.tag' doesn't exist in C:\xampp\htdocs\codi\system\Database\MySQLi\Connection.php:295
Stack trace:
#0 C:\xampp\htdocs\codi\system\Database\MySQLi\Connection.php(295): mysqli->query('SELECT *\nFROM `...', 0)
#1 C:\xampp\htdocs\codi\system\Database\BaseConnection.php(692): CodeIgniter\Database\MySQLi\Connection->execute('SELECT *\nFROM `...')
#2 C:\xampp\htdocs\codi\system\Database\BaseConnection.php(606): CodeIgniter\Database\BaseConnection->simpleQuery('SELECT *\nFROM `...')
#3 C:\xampp\htdocs\codi\system\Database\BaseBuilder.php(1616): CodeIgniter\Database\BaseConnection->query('SELECT *\nFROM `...', Array, false)
#4 C:\xampp\htdocs\codi\system\Model.php(203): CodeIgniter\Database\BaseBuilder->get()
#5 C:\xampp\htdocs\codi\system\BaseModel.php(557): CodeIgniter\Model->doFind(false, NULL)
#6 C:\xampp\htdocs\codi\app\Controllers\DesenhistaPost.php(103): CodeIgniter\BaseModel->find()
#7 C:\xampp\htdocs\codi\system\CodeIgniter.php(934): App\Controllers\DesenhistaPost->desenho_tag_lista()
#8 C:\xampp\htdocs\codi\system\CodeIgniter.php(499): CodeIgniter\CodeIgniter->runController(Object(App\Controllers\DesenhistaPost))
#9 C:\xampp\htdocs\codi\system\CodeIgniter.php(368): CodeIgniter\CodeIgniter->handleRequest(NULL, Object(Config\Cache), false)
#10 C:\xampp\htdocs\codi\public\index.php(67): CodeIgniter\CodeIgniter->run()
#11 {main}
CRITICAL - 2023-07-25 19:45:21 --> Table 'teste.tag' doesn't exist
in SYSTEMPATH\Database\MySQLi\Connection.php on line 295.
 1 SYSTEMPATH\Database\MySQLi\Connection.php(295): mysqli->query('SELECT *
FROM `tag`', 0)
 2 SYSTEMPATH\Database\BaseConnection.php(692): CodeIgniter\Database\MySQLi\Connection->execute('SELECT *
FROM `tag`')
 3 SYSTEMPATH\Database\BaseConnection.php(606): CodeIgniter\Database\BaseConnection->simpleQuery('SELECT *
FROM `tag`')
 4 SYSTEMPATH\Database\BaseBuilder.php(1616): CodeIgniter\Database\BaseConnection->query('SELECT *
FROM `tag`', [], false)
 5 SYSTEMPATH\Model.php(203): CodeIgniter\Database\BaseBuilder->get()
 6 SYSTEMPATH\BaseModel.php(557): CodeIgniter\Model->doFind(false, null)
 7 APPPATH\Controllers\DesenhistaPost.php(103): CodeIgniter\BaseModel->find()
 8 SYSTEMPATH\CodeIgniter.php(934): App\Controllers\DesenhistaPost->desenho_tag_lista()
 9 SYSTEMPATH\CodeIgniter.php(499): CodeIgniter\CodeIgniter->runController(Object(App\Controllers\DesenhistaPost))
10 SYSTEMPATH\CodeIgniter.php(368): CodeIgniter\CodeIgniter->handleRequest(null, Object(Config\Cache), false)
11 FCPATH\index.php(67): CodeIgniter\CodeIgniter->run()
ERROR - 2023-07-25 19:45:22 --> mysqli_sql_exception: Table 'teste.tag' doesn't exist in C:\xampp\htdocs\codi\system\Database\MySQLi\Connection.php:295
Stack trace:
#0 C:\xampp\htdocs\codi\system\Database\MySQLi\Connection.php(295): mysqli->query('SELECT *\nFROM `...', 0)
#1 C:\xampp\htdocs\codi\system\Database\BaseConnection.php(692): CodeIgniter\Database\MySQLi\Connection->execute('SELECT *\nFROM `...')
#2 C:\xampp\htdocs\codi\system\Database\BaseConnection.php(606): CodeIgniter\Database\BaseConnection->simpleQuery('SELECT *\nFROM `...')
#3 C:\xampp\htdocs\codi\system\Database\BaseBuilder.php(1616): CodeIgniter\Database\BaseConnection->query('SELECT *\nFROM `...', Array, false)
#4 C:\xampp\htdocs\codi\system\Model.php(203): CodeIgniter\Database\BaseBuilder->get()
#5 C:\xampp\htdocs\codi\system\BaseModel.php(557): CodeIgniter\Model->doFind(false, NULL)
#6 C:\xampp\htdocs\codi\app\Controllers\DesenhistaPost.php(103): CodeIgniter\BaseModel->find()
#7 C:\xampp\htdocs\codi\system\CodeIgniter.php(934): App\Controllers\DesenhistaPost->desenho_tag_lista()
#8 C:\xampp\htdocs\codi\system\CodeIgniter.php(499): CodeIgniter\CodeIgniter->runController(Object(App\Controllers\DesenhistaPost))
#9 C:\xampp\htdocs\codi\system\CodeIgniter.php(368): CodeIgniter\CodeIgniter->handleRequest(NULL, Object(Config\Cache), false)
#10 C:\xampp\htdocs\codi\public\index.php(67): CodeIgniter\CodeIgniter->run()
#11 {main}
CRITICAL - 2023-07-25 19:45:22 --> Table 'teste.tag' doesn't exist
in SYSTEMPATH\Database\MySQLi\Connection.php on line 295.
 1 SYSTEMPATH\Database\MySQLi\Connection.php(295): mysqli->query('SELECT *
FROM `tag`', 0)
 2 SYSTEMPATH\Database\BaseConnection.php(692): CodeIgniter\Database\MySQLi\Connection->execute('SELECT *
FROM `tag`')
 3 SYSTEMPATH\Database\BaseConnection.php(606): CodeIgniter\Database\BaseConnection->simpleQuery('SELECT *
FROM `tag`')
 4 SYSTEMPATH\Database\BaseBuilder.php(1616): CodeIgniter\Database\BaseConnection->query('SELECT *
FROM `tag`', [], false)
 5 SYSTEMPATH\Model.php(203): CodeIgniter\Database\BaseBuilder->get()
 6 SYSTEMPATH\BaseModel.php(557): CodeIgniter\Model->doFind(false, null)
 7 APPPATH\Controllers\DesenhistaPost.php(103): CodeIgniter\BaseModel->find()
 8 SYSTEMPATH\CodeIgniter.php(934): App\Controllers\DesenhistaPost->desenho_tag_lista()
 9 SYSTEMPATH\CodeIgniter.php(499): CodeIgniter\CodeIgniter->runController(Object(App\Controllers\DesenhistaPost))
10 SYSTEMPATH\CodeIgniter.php(368): CodeIgniter\CodeIgniter->handleRequest(null, Object(Config\Cache), false)
11 FCPATH\index.php(67): CodeIgniter\CodeIgniter->run()
ERROR - 2023-07-25 19:45:23 --> mysqli_sql_exception: Table 'teste.tag' doesn't exist in C:\xampp\htdocs\codi\system\Database\MySQLi\Connection.php:295
Stack trace:
#0 C:\xampp\htdocs\codi\system\Database\MySQLi\Connection.php(295): mysqli->query('SELECT *\nFROM `...', 0)
#1 C:\xampp\htdocs\codi\system\Database\BaseConnection.php(692): CodeIgniter\Database\MySQLi\Connection->execute('SELECT *\nFROM `...')
#2 C:\xampp\htdocs\codi\system\Database\BaseConnection.php(606): CodeIgniter\Database\BaseConnection->simpleQuery('SELECT *\nFROM `...')
#3 C:\xampp\htdocs\codi\system\Database\BaseBuilder.php(1616): CodeIgniter\Database\BaseConnection->query('SELECT *\nFROM `...', Array, false)
#4 C:\xampp\htdocs\codi\system\Model.php(203): CodeIgniter\Database\BaseBuilder->get()
#5 C:\xampp\htdocs\codi\system\BaseModel.php(557): CodeIgniter\Model->doFind(false, NULL)
#6 C:\xampp\htdocs\codi\app\Controllers\DesenhistaPost.php(103): CodeIgniter\BaseModel->find()
#7 C:\xampp\htdocs\codi\system\CodeIgniter.php(934): App\Controllers\DesenhistaPost->desenho_tag_lista()
#8 C:\xampp\htdocs\codi\system\CodeIgniter.php(499): CodeIgniter\CodeIgniter->runController(Object(App\Controllers\DesenhistaPost))
#9 C:\xampp\htdocs\codi\system\CodeIgniter.php(368): CodeIgniter\CodeIgniter->handleRequest(NULL, Object(Config\Cache), false)
#10 C:\xampp\htdocs\codi\public\index.php(67): CodeIgniter\CodeIgniter->run()
#11 {main}
CRITICAL - 2023-07-25 19:45:23 --> Table 'teste.tag' doesn't exist
in SYSTEMPATH\Database\MySQLi\Connection.php on line 295.
 1 SYSTEMPATH\Database\MySQLi\Connection.php(295): mysqli->query('SELECT *
FROM `tag`', 0)
 2 SYSTEMPATH\Database\BaseConnection.php(692): CodeIgniter\Database\MySQLi\Connection->execute('SELECT *
FROM `tag`')
 3 SYSTEMPATH\Database\BaseConnection.php(606): CodeIgniter\Database\BaseConnection->simpleQuery('SELECT *
FROM `tag`')
 4 SYSTEMPATH\Database\BaseBuilder.php(1616): CodeIgniter\Database\BaseConnection->query('SELECT *
FROM `tag`', [], false)
 5 SYSTEMPATH\Model.php(203): CodeIgniter\Database\BaseBuilder->get()
 6 SYSTEMPATH\BaseModel.php(557): CodeIgniter\Model->doFind(false, null)
 7 APPPATH\Controllers\DesenhistaPost.php(103): CodeIgniter\BaseModel->find()
 8 SYSTEMPATH\CodeIgniter.php(934): App\Controllers\DesenhistaPost->desenho_tag_lista()
 9 SYSTEMPATH\CodeIgniter.php(499): CodeIgniter\CodeIgniter->runController(Object(App\Controllers\DesenhistaPost))
10 SYSTEMPATH\CodeIgniter.php(368): CodeIgniter\CodeIgniter->handleRequest(null, Object(Config\Cache), false)
11 FCPATH\index.php(67): CodeIgniter\CodeIgniter->run()
ERROR - 2023-07-25 19:45:24 --> mysqli_sql_exception: Table 'teste.tag' doesn't exist in C:\xampp\htdocs\codi\system\Database\MySQLi\Connection.php:295
Stack trace:
#0 C:\xampp\htdocs\codi\system\Database\MySQLi\Connection.php(295): mysqli->query('SELECT *\nFROM `...', 0)
#1 C:\xampp\htdocs\codi\system\Database\BaseConnection.php(692): CodeIgniter\Database\MySQLi\Connection->execute('SELECT *\nFROM `...')
#2 C:\xampp\htdocs\codi\system\Database\BaseConnection.php(606): CodeIgniter\Database\BaseConnection->simpleQuery('SELECT *\nFROM `...')
#3 C:\xampp\htdocs\codi\system\Database\BaseBuilder.php(1616): CodeIgniter\Database\BaseConnection->query('SELECT *\nFROM `...', Array, false)
#4 C:\xampp\htdocs\codi\system\Model.php(203): CodeIgniter\Database\BaseBuilder->get()
#5 C:\xampp\htdocs\codi\system\BaseModel.php(557): CodeIgniter\Model->doFind(false, NULL)
#6 C:\xampp\htdocs\codi\app\Controllers\DesenhistaPost.php(103): CodeIgniter\BaseModel->find()
#7 C:\xampp\htdocs\codi\system\CodeIgniter.php(934): App\Controllers\DesenhistaPost->desenho_tag_lista()
#8 C:\xampp\htdocs\codi\system\CodeIgniter.php(499): CodeIgniter\CodeIgniter->runController(Object(App\Controllers\DesenhistaPost))
#9 C:\xampp\htdocs\codi\system\CodeIgniter.php(368): CodeIgniter\CodeIgniter->handleRequest(NULL, Object(Config\Cache), false)
#10 C:\xampp\htdocs\codi\public\index.php(67): CodeIgniter\CodeIgniter->run()
#11 {main}
CRITICAL - 2023-07-25 19:45:24 --> Table 'teste.tag' doesn't exist
in SYSTEMPATH\Database\MySQLi\Connection.php on line 295.
 1 SYSTEMPATH\Database\MySQLi\Connection.php(295): mysqli->query('SELECT *
FROM `tag`', 0)
 2 SYSTEMPATH\Database\BaseConnection.php(692): CodeIgniter\Database\MySQLi\Connection->execute('SELECT *
FROM `tag`')
 3 SYSTEMPATH\Database\BaseConnection.php(606): CodeIgniter\Database\BaseConnection->simpleQuery('SELECT *
FROM `tag`')
 4 SYSTEMPATH\Database\BaseBuilder.php(1616): CodeIgniter\Database\BaseConnection->query('SELECT *
FROM `tag`', [], false)
 5 SYSTEMPATH\Model.php(203): CodeIgniter\Database\BaseBuilder->get()
 6 SYSTEMPATH\BaseModel.php(557): CodeIgniter\Model->doFind(false, null)
 7 APPPATH\Controllers\DesenhistaPost.php(103): CodeIgniter\BaseModel->find()
 8 SYSTEMPATH\CodeIgniter.php(934): App\Controllers\DesenhistaPost->desenho_tag_lista()
 9 SYSTEMPATH\CodeIgniter.php(499): CodeIgniter\CodeIgniter->runController(Object(App\Controllers\DesenhistaPost))
10 SYSTEMPATH\CodeIgniter.php(368): CodeIgniter\CodeIgniter->handleRequest(null, Object(Config\Cache), false)
11 FCPATH\index.php(67): CodeIgniter\CodeIgniter->run()
ERROR - 2023-07-25 19:45:25 --> mysqli_sql_exception: Table 'teste.tag' doesn't exist in C:\xampp\htdocs\codi\system\Database\MySQLi\Connection.php:295
Stack trace:
#0 C:\xampp\htdocs\codi\system\Database\MySQLi\Connection.php(295): mysqli->query('SELECT *\nFROM `...', 0)
#1 C:\xampp\htdocs\codi\system\Database\BaseConnection.php(692): CodeIgniter\Database\MySQLi\Connection->execute('SELECT *\nFROM `...')
#2 C:\xampp\htdocs\codi\system\Database\BaseConnection.php(606): CodeIgniter\Database\BaseConnection->simpleQuery('SELECT *\nFROM `...')
#3 C:\xampp\htdocs\codi\system\Database\BaseBuilder.php(1616): CodeIgniter\Database\BaseConnection->query('SELECT *\nFROM `...', Array, false)
#4 C:\xampp\htdocs\codi\system\Model.php(203): CodeIgniter\Database\BaseBuilder->get()
#5 C:\xampp\htdocs\codi\system\BaseModel.php(557): CodeIgniter\Model->doFind(false, NULL)
#6 C:\xampp\htdocs\codi\app\Controllers\DesenhistaPost.php(103): CodeIgniter\BaseModel->find()
#7 C:\xampp\htdocs\codi\system\CodeIgniter.php(934): App\Controllers\DesenhistaPost->desenho_tag_lista()
#8 C:\xampp\htdocs\codi\system\CodeIgniter.php(499): CodeIgniter\CodeIgniter->runController(Object(App\Controllers\DesenhistaPost))
#9 C:\xampp\htdocs\codi\system\CodeIgniter.php(368): CodeIgniter\CodeIgniter->handleRequest(NULL, Object(Config\Cache), false)
#10 C:\xampp\htdocs\codi\public\index.php(67): CodeIgniter\CodeIgniter->run()
#11 {main}
CRITICAL - 2023-07-25 19:45:25 --> Table 'teste.tag' doesn't exist
in SYSTEMPATH\Database\MySQLi\Connection.php on line 295.
 1 SYSTEMPATH\Database\MySQLi\Connection.php(295): mysqli->query('SELECT *
FROM `tag`', 0)
 2 SYSTEMPATH\Database\BaseConnection.php(692): CodeIgniter\Database\MySQLi\Connection->execute('SELECT *
FROM `tag`')
 3 SYSTEMPATH\Database\BaseConnection.php(606): CodeIgniter\Database\BaseConnection->simpleQuery('SELECT *
FROM `tag`')
 4 SYSTEMPATH\Database\BaseBuilder.php(1616): CodeIgniter\Database\BaseConnection->query('SELECT *
FROM `tag`', [], false)
 5 SYSTEMPATH\Model.php(203): CodeIgniter\Database\BaseBuilder->get()
 6 SYSTEMPATH\BaseModel.php(557): CodeIgniter\Model->doFind(false, null)
 7 APPPATH\Controllers\DesenhistaPost.php(103): CodeIgniter\BaseModel->find()
 8 SYSTEMPATH\CodeIgniter.php(934): App\Controllers\DesenhistaPost->desenho_tag_lista()
 9 SYSTEMPATH\CodeIgniter.php(499): CodeIgniter\CodeIgniter->runController(Object(App\Controllers\DesenhistaPost))
10 SYSTEMPATH\CodeIgniter.php(368): CodeIgniter\CodeIgniter->handleRequest(null, Object(Config\Cache), false)
11 FCPATH\index.php(67): CodeIgniter\CodeIgniter->run()
ERROR - 2023-07-25 19:45:26 --> mysqli_sql_exception: Table 'teste.tag' doesn't exist in C:\xampp\htdocs\codi\system\Database\MySQLi\Connection.php:295
Stack trace:
#0 C:\xampp\htdocs\codi\system\Database\MySQLi\Connection.php(295): mysqli->query('SELECT *\nFROM `...', 0)
#1 C:\xampp\htdocs\codi\system\Database\BaseConnection.php(692): CodeIgniter\Database\MySQLi\Connection->execute('SELECT *\nFROM `...')
#2 C:\xampp\htdocs\codi\system\Database\BaseConnection.php(606): CodeIgniter\Database\BaseConnection->simpleQuery('SELECT *\nFROM `...')
#3 C:\xampp\htdocs\codi\system\Database\BaseBuilder.php(1616): CodeIgniter\Database\BaseConnection->query('SELECT *\nFROM `...', Array, false)
#4 C:\xampp\htdocs\codi\system\Model.php(203): CodeIgniter\Database\BaseBuilder->get()
#5 C:\xampp\htdocs\codi\system\BaseModel.php(557): CodeIgniter\Model->doFind(false, NULL)
#6 C:\xampp\htdocs\codi\app\Controllers\DesenhistaPost.php(103): CodeIgniter\BaseModel->find()
#7 C:\xampp\htdocs\codi\system\CodeIgniter.php(934): App\Controllers\DesenhistaPost->desenho_tag_lista()
#8 C:\xampp\htdocs\codi\system\CodeIgniter.php(499): CodeIgniter\CodeIgniter->runController(Object(App\Controllers\DesenhistaPost))
#9 C:\xampp\htdocs\codi\system\CodeIgniter.php(368): CodeIgniter\CodeIgniter->handleRequest(NULL, Object(Config\Cache), false)
#10 C:\xampp\htdocs\codi\public\index.php(67): CodeIgniter\CodeIgniter->run()
#11 {main}
CRITICAL - 2023-07-25 19:45:26 --> Table 'teste.tag' doesn't exist
in SYSTEMPATH\Database\MySQLi\Connection.php on line 295.
 1 SYSTEMPATH\Database\MySQLi\Connection.php(295): mysqli->query('SELECT *
FROM `tag`', 0)
 2 SYSTEMPATH\Database\BaseConnection.php(692): CodeIgniter\Database\MySQLi\Connection->execute('SELECT *
FROM `tag`')
 3 SYSTEMPATH\Database\BaseConnection.php(606): CodeIgniter\Database\BaseConnection->simpleQuery('SELECT *
FROM `tag`')
 4 SYSTEMPATH\Database\BaseBuilder.php(1616): CodeIgniter\Database\BaseConnection->query('SELECT *
FROM `tag`', [], false)
 5 SYSTEMPATH\Model.php(203): CodeIgniter\Database\BaseBuilder->get()
 6 SYSTEMPATH\BaseModel.php(557): CodeIgniter\Model->doFind(false, null)
 7 APPPATH\Controllers\DesenhistaPost.php(103): CodeIgniter\BaseModel->find()
 8 SYSTEMPATH\CodeIgniter.php(934): App\Controllers\DesenhistaPost->desenho_tag_lista()
 9 SYSTEMPATH\CodeIgniter.php(499): CodeIgniter\CodeIgniter->runController(Object(App\Controllers\DesenhistaPost))
10 SYSTEMPATH\CodeIgniter.php(368): CodeIgniter\CodeIgniter->handleRequest(null, Object(Config\Cache), false)
11 FCPATH\index.php(67): CodeIgniter\CodeIgniter->run()
ERROR - 2023-07-25 19:45:27 --> mysqli_sql_exception: Table 'teste.tag' doesn't exist in C:\xampp\htdocs\codi\system\Database\MySQLi\Connection.php:295
Stack trace:
#0 C:\xampp\htdocs\codi\system\Database\MySQLi\Connection.php(295): mysqli->query('SELECT *\nFROM `...', 0)
#1 C:\xampp\htdocs\codi\system\Database\BaseConnection.php(692): CodeIgniter\Database\MySQLi\Connection->execute('SELECT *\nFROM `...')
#2 C:\xampp\htdocs\codi\system\Database\BaseConnection.php(606): CodeIgniter\Database\BaseConnection->simpleQuery('SELECT *\nFROM `...')
#3 C:\xampp\htdocs\codi\system\Database\BaseBuilder.php(1616): CodeIgniter\Database\BaseConnection->query('SELECT *\nFROM `...', Array, false)
#4 C:\xampp\htdocs\codi\system\Model.php(203): CodeIgniter\Database\BaseBuilder->get()
#5 C:\xampp\htdocs\codi\system\BaseModel.php(557): CodeIgniter\Model->doFind(false, NULL)
#6 C:\xampp\htdocs\codi\app\Controllers\DesenhistaPost.php(103): CodeIgniter\BaseModel->find()
#7 C:\xampp\htdocs\codi\system\CodeIgniter.php(934): App\Controllers\DesenhistaPost->desenho_tag_lista()
#8 C:\xampp\htdocs\codi\system\CodeIgniter.php(499): CodeIgniter\CodeIgniter->runController(Object(App\Controllers\DesenhistaPost))
#9 C:\xampp\htdocs\codi\system\CodeIgniter.php(368): CodeIgniter\CodeIgniter->handleRequest(NULL, Object(Config\Cache), false)
#10 C:\xampp\htdocs\codi\public\index.php(67): CodeIgniter\CodeIgniter->run()
#11 {main}
CRITICAL - 2023-07-25 19:45:27 --> Table 'teste.tag' doesn't exist
in SYSTEMPATH\Database\MySQLi\Connection.php on line 295.
 1 SYSTEMPATH\Database\MySQLi\Connection.php(295): mysqli->query('SELECT *
FROM `tag`', 0)
 2 SYSTEMPATH\Database\BaseConnection.php(692): CodeIgniter\Database\MySQLi\Connection->execute('SELECT *
FROM `tag`')
 3 SYSTEMPATH\Database\BaseConnection.php(606): CodeIgniter\Database\BaseConnection->simpleQuery('SELECT *
FROM `tag`')
 4 SYSTEMPATH\Database\BaseBuilder.php(1616): CodeIgniter\Database\BaseConnection->query('SELECT *
FROM `tag`', [], false)
 5 SYSTEMPATH\Model.php(203): CodeIgniter\Database\BaseBuilder->get()
 6 SYSTEMPATH\BaseModel.php(557): CodeIgniter\Model->doFind(false, null)
 7 APPPATH\Controllers\DesenhistaPost.php(103): CodeIgniter\BaseModel->find()
 8 SYSTEMPATH\CodeIgniter.php(934): App\Controllers\DesenhistaPost->desenho_tag_lista()
 9 SYSTEMPATH\CodeIgniter.php(499): CodeIgniter\CodeIgniter->runController(Object(App\Controllers\DesenhistaPost))
10 SYSTEMPATH\CodeIgniter.php(368): CodeIgniter\CodeIgniter->handleRequest(null, Object(Config\Cache), false)
11 FCPATH\index.php(67): CodeIgniter\CodeIgniter->run()
ERROR - 2023-07-25 19:45:29 --> mysqli_sql_exception: Table 'teste.tag' doesn't exist in C:\xampp\htdocs\codi\system\Database\MySQLi\Connection.php:295
Stack trace:
#0 C:\xampp\htdocs\codi\system\Database\MySQLi\Connection.php(295): mysqli->query('SELECT *\nFROM `...', 0)
#1 C:\xampp\htdocs\codi\system\Database\BaseConnection.php(692): CodeIgniter\Database\MySQLi\Connection->execute('SELECT *\nFROM `...')
#2 C:\xampp\htdocs\codi\system\Database\BaseConnection.php(606): CodeIgniter\Database\BaseConnection->simpleQuery('SELECT *\nFROM `...')
#3 C:\xampp\htdocs\codi\system\Database\BaseBuilder.php(1616): CodeIgniter\Database\BaseConnection->query('SELECT *\nFROM `...', Array, false)
#4 C:\xampp\htdocs\codi\system\Model.php(203): CodeIgniter\Database\BaseBuilder->get()
#5 C:\xampp\htdocs\codi\system\BaseModel.php(557): CodeIgniter\Model->doFind(false, NULL)
#6 C:\xampp\htdocs\codi\app\Controllers\DesenhistaPost.php(103): CodeIgniter\BaseModel->find()
#7 C:\xampp\htdocs\codi\system\CodeIgniter.php(934): App\Controllers\DesenhistaPost->desenho_tag_lista()
#8 C:\xampp\htdocs\codi\system\CodeIgniter.php(499): CodeIgniter\CodeIgniter->runController(Object(App\Controllers\DesenhistaPost))
#9 C:\xampp\htdocs\codi\system\CodeIgniter.php(368): CodeIgniter\CodeIgniter->handleRequest(NULL, Object(Config\Cache), false)
#10 C:\xampp\htdocs\codi\public\index.php(67): CodeIgniter\CodeIgniter->run()
#11 {main}
CRITICAL - 2023-07-25 19:45:29 --> Table 'teste.tag' doesn't exist
in SYSTEMPATH\Database\MySQLi\Connection.php on line 295.
 1 SYSTEMPATH\Database\MySQLi\Connection.php(295): mysqli->query('SELECT *
FROM `tag`', 0)
 2 SYSTEMPATH\Database\BaseConnection.php(692): CodeIgniter\Database\MySQLi\Connection->execute('SELECT *
FROM `tag`')
 3 SYSTEMPATH\Database\BaseConnection.php(606): CodeIgniter\Database\BaseConnection->simpleQuery('SELECT *
FROM `tag`')
 4 SYSTEMPATH\Database\BaseBuilder.php(1616): CodeIgniter\Database\BaseConnection->query('SELECT *
FROM `tag`', [], false)
 5 SYSTEMPATH\Model.php(203): CodeIgniter\Database\BaseBuilder->get()
 6 SYSTEMPATH\BaseModel.php(557): CodeIgniter\Model->doFind(false, null)
 7 APPPATH\Controllers\DesenhistaPost.php(103): CodeIgniter\BaseModel->find()
 8 SYSTEMPATH\CodeIgniter.php(934): App\Controllers\DesenhistaPost->desenho_tag_lista()
 9 SYSTEMPATH\CodeIgniter.php(499): CodeIgniter\CodeIgniter->runController(Object(App\Controllers\DesenhistaPost))
10 SYSTEMPATH\CodeIgniter.php(368): CodeIgniter\CodeIgniter->handleRequest(null, Object(Config\Cache), false)
11 FCPATH\index.php(67): CodeIgniter\CodeIgniter->run()
ERROR - 2023-07-25 19:45:30 --> mysqli_sql_exception: Table 'teste.tag' doesn't exist in C:\xampp\htdocs\codi\system\Database\MySQLi\Connection.php:295
Stack trace:
#0 C:\xampp\htdocs\codi\system\Database\MySQLi\Connection.php(295): mysqli->query('SELECT *\nFROM `...', 0)
#1 C:\xampp\htdocs\codi\system\Database\BaseConnection.php(692): CodeIgniter\Database\MySQLi\Connection->execute('SELECT *\nFROM `...')
#2 C:\xampp\htdocs\codi\system\Database\BaseConnection.php(606): CodeIgniter\Database\BaseConnection->simpleQuery('SELECT *\nFROM `...')
#3 C:\xampp\htdocs\codi\system\Database\BaseBuilder.php(1616): CodeIgniter\Database\BaseConnection->query('SELECT *\nFROM `...', Array, false)
#4 C:\xampp\htdocs\codi\system\Model.php(203): CodeIgniter\Database\BaseBuilder->get()
#5 C:\xampp\htdocs\codi\system\BaseModel.php(557): CodeIgniter\Model->doFind(false, NULL)
#6 C:\xampp\htdocs\codi\app\Controllers\DesenhistaPost.php(103): CodeIgniter\BaseModel->find()
#7 C:\xampp\htdocs\codi\system\CodeIgniter.php(934): App\Controllers\DesenhistaPost->desenho_tag_lista()
#8 C:\xampp\htdocs\codi\system\CodeIgniter.php(499): CodeIgniter\CodeIgniter->runController(Object(App\Controllers\DesenhistaPost))
#9 C:\xampp\htdocs\codi\system\CodeIgniter.php(368): CodeIgniter\CodeIgniter->handleRequest(NULL, Object(Config\Cache), false)
#10 C:\xampp\htdocs\codi\public\index.php(67): CodeIgniter\CodeIgniter->run()
#11 {main}
CRITICAL - 2023-07-25 19:45:30 --> Table 'teste.tag' doesn't exist
in SYSTEMPATH\Database\MySQLi\Connection.php on line 295.
 1 SYSTEMPATH\Database\MySQLi\Connection.php(295): mysqli->query('SELECT *
FROM `tag`', 0)
 2 SYSTEMPATH\Database\BaseConnection.php(692): CodeIgniter\Database\MySQLi\Connection->execute('SELECT *
FROM `tag`')
 3 SYSTEMPATH\Database\BaseConnection.php(606): CodeIgniter\Database\BaseConnection->simpleQuery('SELECT *
FROM `tag`')
 4 SYSTEMPATH\Database\BaseBuilder.php(1616): CodeIgniter\Database\BaseConnection->query('SELECT *
FROM `tag`', [], false)
 5 SYSTEMPATH\Model.php(203): CodeIgniter\Database\BaseBuilder->get()
 6 SYSTEMPATH\BaseModel.php(557): CodeIgniter\Model->doFind(false, null)
 7 APPPATH\Controllers\DesenhistaPost.php(103): CodeIgniter\BaseModel->find()
 8 SYSTEMPATH\CodeIgniter.php(934): App\Controllers\DesenhistaPost->desenho_tag_lista()
 9 SYSTEMPATH\CodeIgniter.php(499): CodeIgniter\CodeIgniter->runController(Object(App\Controllers\DesenhistaPost))
10 SYSTEMPATH\CodeIgniter.php(368): CodeIgniter\CodeIgniter->handleRequest(null, Object(Config\Cache), false)
11 FCPATH\index.php(67): CodeIgniter\CodeIgniter->run()
ERROR - 2023-07-25 19:45:31 --> mysqli_sql_exception: Table 'teste.tag' doesn't exist in C:\xampp\htdocs\codi\system\Database\MySQLi\Connection.php:295
Stack trace:
#0 C:\xampp\htdocs\codi\system\Database\MySQLi\Connection.php(295): mysqli->query('SELECT *\nFROM `...', 0)
#1 C:\xampp\htdocs\codi\system\Database\BaseConnection.php(692): CodeIgniter\Database\MySQLi\Connection->execute('SELECT *\nFROM `...')
#2 C:\xampp\htdocs\codi\system\Database\BaseConnection.php(606): CodeIgniter\Database\BaseConnection->simpleQuery('SELECT *\nFROM `...')
#3 C:\xampp\htdocs\codi\system\Database\BaseBuilder.php(1616): CodeIgniter\Database\BaseConnection->query('SELECT *\nFROM `...', Array, false)
#4 C:\xampp\htdocs\codi\system\Model.php(203): CodeIgniter\Database\BaseBuilder->get()
#5 C:\xampp\htdocs\codi\system\BaseModel.php(557): CodeIgniter\Model->doFind(false, NULL)
#6 C:\xampp\htdocs\codi\app\Controllers\DesenhistaPost.php(103): CodeIgniter\BaseModel->find()
#7 C:\xampp\htdocs\codi\system\CodeIgniter.php(934): App\Controllers\DesenhistaPost->desenho_tag_lista()
#8 C:\xampp\htdocs\codi\system\CodeIgniter.php(499): CodeIgniter\CodeIgniter->runController(Object(App\Controllers\DesenhistaPost))
#9 C:\xampp\htdocs\codi\system\CodeIgniter.php(368): CodeIgniter\CodeIgniter->handleRequest(NULL, Object(Config\Cache), false)
#10 C:\xampp\htdocs\codi\public\index.php(67): CodeIgniter\CodeIgniter->run()
#11 {main}
CRITICAL - 2023-07-25 19:45:31 --> Table 'teste.tag' doesn't exist
in SYSTEMPATH\Database\MySQLi\Connection.php on line 295.
 1 SYSTEMPATH\Database\MySQLi\Connection.php(295): mysqli->query('SELECT *
FROM `tag`', 0)
 2 SYSTEMPATH\Database\BaseConnection.php(692): CodeIgniter\Database\MySQLi\Connection->execute('SELECT *
FROM `tag`')
 3 SYSTEMPATH\Database\BaseConnection.php(606): CodeIgniter\Database\BaseConnection->simpleQuery('SELECT *
FROM `tag`')
 4 SYSTEMPATH\Database\BaseBuilder.php(1616): CodeIgniter\Database\BaseConnection->query('SELECT *
FROM `tag`', [], false)
 5 SYSTEMPATH\Model.php(203): CodeIgniter\Database\BaseBuilder->get()
 6 SYSTEMPATH\BaseModel.php(557): CodeIgniter\Model->doFind(false, null)
 7 APPPATH\Controllers\DesenhistaPost.php(103): CodeIgniter\BaseModel->find()
 8 SYSTEMPATH\CodeIgniter.php(934): App\Controllers\DesenhistaPost->desenho_tag_lista()
 9 SYSTEMPATH\CodeIgniter.php(499): CodeIgniter\CodeIgniter->runController(Object(App\Controllers\DesenhistaPost))
10 SYSTEMPATH\CodeIgniter.php(368): CodeIgniter\CodeIgniter->handleRequest(null, Object(Config\Cache), false)
11 FCPATH\index.php(67): CodeIgniter\CodeIgniter->run()
ERROR - 2023-07-25 19:45:32 --> mysqli_sql_exception: Table 'teste.tag' doesn't exist in C:\xampp\htdocs\codi\system\Database\MySQLi\Connection.php:295
Stack trace:
#0 C:\xampp\htdocs\codi\system\Database\MySQLi\Connection.php(295): mysqli->query('SELECT *\nFROM `...', 0)
#1 C:\xampp\htdocs\codi\system\Database\BaseConnection.php(692): CodeIgniter\Database\MySQLi\Connection->execute('SELECT *\nFROM `...')
#2 C:\xampp\htdocs\codi\system\Database\BaseConnection.php(606): CodeIgniter\Database\BaseConnection->simpleQuery('SELECT *\nFROM `...')
#3 C:\xampp\htdocs\codi\system\Database\BaseBuilder.php(1616): CodeIgniter\Database\BaseConnection->query('SELECT *\nFROM `...', Array, false)
#4 C:\xampp\htdocs\codi\system\Model.php(203): CodeIgniter\Database\BaseBuilder->get()
#5 C:\xampp\htdocs\codi\system\BaseModel.php(557): CodeIgniter\Model->doFind(false, NULL)
#6 C:\xampp\htdocs\codi\app\Controllers\DesenhistaPost.php(103): CodeIgniter\BaseModel->find()
#7 C:\xampp\htdocs\codi\system\CodeIgniter.php(934): App\Controllers\DesenhistaPost->desenho_tag_lista()
#8 C:\xampp\htdocs\codi\system\CodeIgniter.php(499): CodeIgniter\CodeIgniter->runController(Object(App\Controllers\DesenhistaPost))
#9 C:\xampp\htdocs\codi\system\CodeIgniter.php(368): CodeIgniter\CodeIgniter->handleRequest(NULL, Object(Config\Cache), false)
#10 C:\xampp\htdocs\codi\public\index.php(67): CodeIgniter\CodeIgniter->run()
#11 {main}
CRITICAL - 2023-07-25 19:45:32 --> Table 'teste.tag' doesn't exist
in SYSTEMPATH\Database\MySQLi\Connection.php on line 295.
 1 SYSTEMPATH\Database\MySQLi\Connection.php(295): mysqli->query('SELECT *
FROM `tag`', 0)
 2 SYSTEMPATH\Database\BaseConnection.php(692): CodeIgniter\Database\MySQLi\Connection->execute('SELECT *
FROM `tag`')
 3 SYSTEMPATH\Database\BaseConnection.php(606): CodeIgniter\Database\BaseConnection->simpleQuery('SELECT *
FROM `tag`')
 4 SYSTEMPATH\Database\BaseBuilder.php(1616): CodeIgniter\Database\BaseConnection->query('SELECT *
FROM `tag`', [], false)
 5 SYSTEMPATH\Model.php(203): CodeIgniter\Database\BaseBuilder->get()
 6 SYSTEMPATH\BaseModel.php(557): CodeIgniter\Model->doFind(false, null)
 7 APPPATH\Controllers\DesenhistaPost.php(103): CodeIgniter\BaseModel->find()
 8 SYSTEMPATH\CodeIgniter.php(934): App\Controllers\DesenhistaPost->desenho_tag_lista()
 9 SYSTEMPATH\CodeIgniter.php(499): CodeIgniter\CodeIgniter->runController(Object(App\Controllers\DesenhistaPost))
10 SYSTEMPATH\CodeIgniter.php(368): CodeIgniter\CodeIgniter->handleRequest(null, Object(Config\Cache), false)
11 FCPATH\index.php(67): CodeIgniter\CodeIgniter->run()
ERROR - 2023-07-25 19:45:33 --> mysqli_sql_exception: Table 'teste.tag' doesn't exist in C:\xampp\htdocs\codi\system\Database\MySQLi\Connection.php:295
Stack trace:
#0 C:\xampp\htdocs\codi\system\Database\MySQLi\Connection.php(295): mysqli->query('SELECT *\nFROM `...', 0)
#1 C:\xampp\htdocs\codi\system\Database\BaseConnection.php(692): CodeIgniter\Database\MySQLi\Connection->execute('SELECT *\nFROM `...')
#2 C:\xampp\htdocs\codi\system\Database\BaseConnection.php(606): CodeIgniter\Database\BaseConnection->simpleQuery('SELECT *\nFROM `...')
#3 C:\xampp\htdocs\codi\system\Database\BaseBuilder.php(1616): CodeIgniter\Database\BaseConnection->query('SELECT *\nFROM `...', Array, false)
#4 C:\xampp\htdocs\codi\system\Model.php(203): CodeIgniter\Database\BaseBuilder->get()
#5 C:\xampp\htdocs\codi\system\BaseModel.php(557): CodeIgniter\Model->doFind(false, NULL)
#6 C:\xampp\htdocs\codi\app\Controllers\DesenhistaPost.php(103): CodeIgniter\BaseModel->find()
#7 C:\xampp\htdocs\codi\system\CodeIgniter.php(934): App\Controllers\DesenhistaPost->desenho_tag_lista()
#8 C:\xampp\htdocs\codi\system\CodeIgniter.php(499): CodeIgniter\CodeIgniter->runController(Object(App\Controllers\DesenhistaPost))
#9 C:\xampp\htdocs\codi\system\CodeIgniter.php(368): CodeIgniter\CodeIgniter->handleRequest(NULL, Object(Config\Cache), false)
#10 C:\xampp\htdocs\codi\public\index.php(67): CodeIgniter\CodeIgniter->run()
#11 {main}
CRITICAL - 2023-07-25 19:45:33 --> Table 'teste.tag' doesn't exist
in SYSTEMPATH\Database\MySQLi\Connection.php on line 295.
 1 SYSTEMPATH\Database\MySQLi\Connection.php(295): mysqli->query('SELECT *
FROM `tag`', 0)
 2 SYSTEMPATH\Database\BaseConnection.php(692): CodeIgniter\Database\MySQLi\Connection->execute('SELECT *
FROM `tag`')
 3 SYSTEMPATH\Database\BaseConnection.php(606): CodeIgniter\Database\BaseConnection->simpleQuery('SELECT *
FROM `tag`')
 4 SYSTEMPATH\Database\BaseBuilder.php(1616): CodeIgniter\Database\BaseConnection->query('SELECT *
FROM `tag`', [], false)
 5 SYSTEMPATH\Model.php(203): CodeIgniter\Database\BaseBuilder->get()
 6 SYSTEMPATH\BaseModel.php(557): CodeIgniter\Model->doFind(false, null)
 7 APPPATH\Controllers\DesenhistaPost.php(103): CodeIgniter\BaseModel->find()
 8 SYSTEMPATH\CodeIgniter.php(934): App\Controllers\DesenhistaPost->desenho_tag_lista()
 9 SYSTEMPATH\CodeIgniter.php(499): CodeIgniter\CodeIgniter->runController(Object(App\Controllers\DesenhistaPost))
10 SYSTEMPATH\CodeIgniter.php(368): CodeIgniter\CodeIgniter->handleRequest(null, Object(Config\Cache), false)
11 FCPATH\index.php(67): CodeIgniter\CodeIgniter->run()
ERROR - 2023-07-25 19:45:34 --> mysqli_sql_exception: Table 'teste.tag' doesn't exist in C:\xampp\htdocs\codi\system\Database\MySQLi\Connection.php:295
Stack trace:
#0 C:\xampp\htdocs\codi\system\Database\MySQLi\Connection.php(295): mysqli->query('SELECT *\nFROM `...', 0)
#1 C:\xampp\htdocs\codi\system\Database\BaseConnection.php(692): CodeIgniter\Database\MySQLi\Connection->execute('SELECT *\nFROM `...')
#2 C:\xampp\htdocs\codi\system\Database\BaseConnection.php(606): CodeIgniter\Database\BaseConnection->simpleQuery('SELECT *\nFROM `...')
#3 C:\xampp\htdocs\codi\system\Database\BaseBuilder.php(1616): CodeIgniter\Database\BaseConnection->query('SELECT *\nFROM `...', Array, false)
#4 C:\xampp\htdocs\codi\system\Model.php(203): CodeIgniter\Database\BaseBuilder->get()
#5 C:\xampp\htdocs\codi\system\BaseModel.php(557): CodeIgniter\Model->doFind(false, NULL)
#6 C:\xampp\htdocs\codi\app\Controllers\DesenhistaPost.php(103): CodeIgniter\BaseModel->find()
#7 C:\xampp\htdocs\codi\system\CodeIgniter.php(934): App\Controllers\DesenhistaPost->desenho_tag_lista()
#8 C:\xampp\htdocs\codi\system\CodeIgniter.php(499): CodeIgniter\CodeIgniter->runController(Object(App\Controllers\DesenhistaPost))
#9 C:\xampp\htdocs\codi\system\CodeIgniter.php(368): CodeIgniter\CodeIgniter->handleRequest(NULL, Object(Config\Cache), false)
#10 C:\xampp\htdocs\codi\public\index.php(67): CodeIgniter\CodeIgniter->run()
#11 {main}
CRITICAL - 2023-07-25 19:45:34 --> Table 'teste.tag' doesn't exist
in SYSTEMPATH\Database\MySQLi\Connection.php on line 295.
 1 SYSTEMPATH\Database\MySQLi\Connection.php(295): mysqli->query('SELECT *
FROM `tag`', 0)
 2 SYSTEMPATH\Database\BaseConnection.php(692): CodeIgniter\Database\MySQLi\Connection->execute('SELECT *
FROM `tag`')
 3 SYSTEMPATH\Database\BaseConnection.php(606): CodeIgniter\Database\BaseConnection->simpleQuery('SELECT *
FROM `tag`')
 4 SYSTEMPATH\Database\BaseBuilder.php(1616): CodeIgniter\Database\BaseConnection->query('SELECT *
FROM `tag`', [], false)
 5 SYSTEMPATH\Model.php(203): CodeIgniter\Database\BaseBuilder->get()
 6 SYSTEMPATH\BaseModel.php(557): CodeIgniter\Model->doFind(false, null)
 7 APPPATH\Controllers\DesenhistaPost.php(103): CodeIgniter\BaseModel->find()
 8 SYSTEMPATH\CodeIgniter.php(934): App\Controllers\DesenhistaPost->desenho_tag_lista()
 9 SYSTEMPATH\CodeIgniter.php(499): CodeIgniter\CodeIgniter->runController(Object(App\Controllers\DesenhistaPost))
10 SYSTEMPATH\CodeIgniter.php(368): CodeIgniter\CodeIgniter->handleRequest(null, Object(Config\Cache), false)
11 FCPATH\index.php(67): CodeIgniter\CodeIgniter->run()
ERROR - 2023-07-25 19:45:35 --> mysqli_sql_exception: Table 'teste.tag' doesn't exist in C:\xampp\htdocs\codi\system\Database\MySQLi\Connection.php:295
Stack trace:
#0 C:\xampp\htdocs\codi\system\Database\MySQLi\Connection.php(295): mysqli->query('SELECT *\nFROM `...', 0)
#1 C:\xampp\htdocs\codi\system\Database\BaseConnection.php(692): CodeIgniter\Database\MySQLi\Connection->execute('SELECT *\nFROM `...')
#2 C:\xampp\htdocs\codi\system\Database\BaseConnection.php(606): CodeIgniter\Database\BaseConnection->simpleQuery('SELECT *\nFROM `...')
#3 C:\xampp\htdocs\codi\system\Database\BaseBuilder.php(1616): CodeIgniter\Database\BaseConnection->query('SELECT *\nFROM `...', Array, false)
#4 C:\xampp\htdocs\codi\system\Model.php(203): CodeIgniter\Database\BaseBuilder->get()
#5 C:\xampp\htdocs\codi\system\BaseModel.php(557): CodeIgniter\Model->doFind(false, NULL)
#6 C:\xampp\htdocs\codi\app\Controllers\DesenhistaPost.php(103): CodeIgniter\BaseModel->find()
#7 C:\xampp\htdocs\codi\system\CodeIgniter.php(934): App\Controllers\DesenhistaPost->desenho_tag_lista()
#8 C:\xampp\htdocs\codi\system\CodeIgniter.php(499): CodeIgniter\CodeIgniter->runController(Object(App\Controllers\DesenhistaPost))
#9 C:\xampp\htdocs\codi\system\CodeIgniter.php(368): CodeIgniter\CodeIgniter->handleRequest(NULL, Object(Config\Cache), false)
#10 C:\xampp\htdocs\codi\public\index.php(67): CodeIgniter\CodeIgniter->run()
#11 {main}
CRITICAL - 2023-07-25 19:45:35 --> Table 'teste.tag' doesn't exist
in SYSTEMPATH\Database\MySQLi\Connection.php on line 295.
 1 SYSTEMPATH\Database\MySQLi\Connection.php(295): mysqli->query('SELECT *
FROM `tag`', 0)
 2 SYSTEMPATH\Database\BaseConnection.php(692): CodeIgniter\Database\MySQLi\Connection->execute('SELECT *
FROM `tag`')
 3 SYSTEMPATH\Database\BaseConnection.php(606): CodeIgniter\Database\BaseConnection->simpleQuery('SELECT *
FROM `tag`')
 4 SYSTEMPATH\Database\BaseBuilder.php(1616): CodeIgniter\Database\BaseConnection->query('SELECT *
FROM `tag`', [], false)
 5 SYSTEMPATH\Model.php(203): CodeIgniter\Database\BaseBuilder->get()
 6 SYSTEMPATH\BaseModel.php(557): CodeIgniter\Model->doFind(false, null)
 7 APPPATH\Controllers\DesenhistaPost.php(103): CodeIgniter\BaseModel->find()
 8 SYSTEMPATH\CodeIgniter.php(934): App\Controllers\DesenhistaPost->desenho_tag_lista()
 9 SYSTEMPATH\CodeIgniter.php(499): CodeIgniter\CodeIgniter->runController(Object(App\Controllers\DesenhistaPost))
10 SYSTEMPATH\CodeIgniter.php(368): CodeIgniter\CodeIgniter->handleRequest(null, Object(Config\Cache), false)
11 FCPATH\index.php(67): CodeIgniter\CodeIgniter->run()
ERROR - 2023-07-25 19:45:36 --> mysqli_sql_exception: Table 'teste.tag' doesn't exist in C:\xampp\htdocs\codi\system\Database\MySQLi\Connection.php:295
Stack trace:
#0 C:\xampp\htdocs\codi\system\Database\MySQLi\Connection.php(295): mysqli->query('SELECT *\nFROM `...', 0)
#1 C:\xampp\htdocs\codi\system\Database\BaseConnection.php(692): CodeIgniter\Database\MySQLi\Connection->execute('SELECT *\nFROM `...')
#2 C:\xampp\htdocs\codi\system\Database\BaseConnection.php(606): CodeIgniter\Database\BaseConnection->simpleQuery('SELECT *\nFROM `...')
#3 C:\xampp\htdocs\codi\system\Database\BaseBuilder.php(1616): CodeIgniter\Database\BaseConnection->query('SELECT *\nFROM `...', Array, false)
#4 C:\xampp\htdocs\codi\system\Model.php(203): CodeIgniter\Database\BaseBuilder->get()
#5 C:\xampp\htdocs\codi\system\BaseModel.php(557): CodeIgniter\Model->doFind(false, NULL)
#6 C:\xampp\htdocs\codi\app\Controllers\DesenhistaPost.php(103): CodeIgniter\BaseModel->find()
#7 C:\xampp\htdocs\codi\system\CodeIgniter.php(934): App\Controllers\DesenhistaPost->desenho_tag_lista()
#8 C:\xampp\htdocs\codi\system\CodeIgniter.php(499): CodeIgniter\CodeIgniter->runController(Object(App\Controllers\DesenhistaPost))
#9 C:\xampp\htdocs\codi\system\CodeIgniter.php(368): CodeIgniter\CodeIgniter->handleRequest(NULL, Object(Config\Cache), false)
#10 C:\xampp\htdocs\codi\public\index.php(67): CodeIgniter\CodeIgniter->run()
#11 {main}
CRITICAL - 2023-07-25 19:45:36 --> Table 'teste.tag' doesn't exist
in SYSTEMPATH\Database\MySQLi\Connection.php on line 295.
 1 SYSTEMPATH\Database\MySQLi\Connection.php(295): mysqli->query('SELECT *
FROM `tag`', 0)
 2 SYSTEMPATH\Database\BaseConnection.php(692): CodeIgniter\Database\MySQLi\Connection->execute('SELECT *
FROM `tag`')
 3 SYSTEMPATH\Database\BaseConnection.php(606): CodeIgniter\Database\BaseConnection->simpleQuery('SELECT *
FROM `tag`')
 4 SYSTEMPATH\Database\BaseBuilder.php(1616): CodeIgniter\Database\BaseConnection->query('SELECT *
FROM `tag`', [], false)
 5 SYSTEMPATH\Model.php(203): CodeIgniter\Database\BaseBuilder->get()
 6 SYSTEMPATH\BaseModel.php(557): CodeIgniter\Model->doFind(false, null)
 7 APPPATH\Controllers\DesenhistaPost.php(103): CodeIgniter\BaseModel->find()
 8 SYSTEMPATH\CodeIgniter.php(934): App\Controllers\DesenhistaPost->desenho_tag_lista()
 9 SYSTEMPATH\CodeIgniter.php(499): CodeIgniter\CodeIgniter->runController(Object(App\Controllers\DesenhistaPost))
10 SYSTEMPATH\CodeIgniter.php(368): CodeIgniter\CodeIgniter->handleRequest(null, Object(Config\Cache), false)
11 FCPATH\index.php(67): CodeIgniter\CodeIgniter->run()
ERROR - 2023-07-25 19:45:37 --> mysqli_sql_exception: Table 'teste.tag' doesn't exist in C:\xampp\htdocs\codi\system\Database\MySQLi\Connection.php:295
Stack trace:
#0 C:\xampp\htdocs\codi\system\Database\MySQLi\Connection.php(295): mysqli->query('SELECT *\nFROM `...', 0)
#1 C:\xampp\htdocs\codi\system\Database\BaseConnection.php(692): CodeIgniter\Database\MySQLi\Connection->execute('SELECT *\nFROM `...')
#2 C:\xampp\htdocs\codi\system\Database\BaseConnection.php(606): CodeIgniter\Database\BaseConnection->simpleQuery('SELECT *\nFROM `...')
#3 C:\xampp\htdocs\codi\system\Database\BaseBuilder.php(1616): CodeIgniter\Database\BaseConnection->query('SELECT *\nFROM `...', Array, false)
#4 C:\xampp\htdocs\codi\system\Model.php(203): CodeIgniter\Database\BaseBuilder->get()
#5 C:\xampp\htdocs\codi\system\BaseModel.php(557): CodeIgniter\Model->doFind(false, NULL)
#6 C:\xampp\htdocs\codi\app\Controllers\DesenhistaPost.php(103): CodeIgniter\BaseModel->find()
#7 C:\xampp\htdocs\codi\system\CodeIgniter.php(934): App\Controllers\DesenhistaPost->desenho_tag_lista()
#8 C:\xampp\htdocs\codi\system\CodeIgniter.php(499): CodeIgniter\CodeIgniter->runController(Object(App\Controllers\DesenhistaPost))
#9 C:\xampp\htdocs\codi\system\CodeIgniter.php(368): CodeIgniter\CodeIgniter->handleRequest(NULL, Object(Config\Cache), false)
#10 C:\xampp\htdocs\codi\public\index.php(67): CodeIgniter\CodeIgniter->run()
#11 {main}
CRITICAL - 2023-07-25 19:45:37 --> Table 'teste.tag' doesn't exist
in SYSTEMPATH\Database\MySQLi\Connection.php on line 295.
 1 SYSTEMPATH\Database\MySQLi\Connection.php(295): mysqli->query('SELECT *
FROM `tag`', 0)
 2 SYSTEMPATH\Database\BaseConnection.php(692): CodeIgniter\Database\MySQLi\Connection->execute('SELECT *
FROM `tag`')
 3 SYSTEMPATH\Database\BaseConnection.php(606): CodeIgniter\Database\BaseConnection->simpleQuery('SELECT *
FROM `tag`')
 4 SYSTEMPATH\Database\BaseBuilder.php(1616): CodeIgniter\Database\BaseConnection->query('SELECT *
FROM `tag`', [], false)
 5 SYSTEMPATH\Model.php(203): CodeIgniter\Database\BaseBuilder->get()
 6 SYSTEMPATH\BaseModel.php(557): CodeIgniter\Model->doFind(false, null)
 7 APPPATH\Controllers\DesenhistaPost.php(103): CodeIgniter\BaseModel->find()
 8 SYSTEMPATH\CodeIgniter.php(934): App\Controllers\DesenhistaPost->desenho_tag_lista()
 9 SYSTEMPATH\CodeIgniter.php(499): CodeIgniter\CodeIgniter->runController(Object(App\Controllers\DesenhistaPost))
10 SYSTEMPATH\CodeIgniter.php(368): CodeIgniter\CodeIgniter->handleRequest(null, Object(Config\Cache), false)
11 FCPATH\index.php(67): CodeIgniter\CodeIgniter->run()
ERROR - 2023-07-25 19:45:38 --> mysqli_sql_exception: Table 'teste.tag' doesn't exist in C:\xampp\htdocs\codi\system\Database\MySQLi\Connection.php:295
Stack trace:
#0 C:\xampp\htdocs\codi\system\Database\MySQLi\Connection.php(295): mysqli->query('SELECT *\nFROM `...', 0)
#1 C:\xampp\htdocs\codi\system\Database\BaseConnection.php(692): CodeIgniter\Database\MySQLi\Connection->execute('SELECT *\nFROM `...')
#2 C:\xampp\htdocs\codi\system\Database\BaseConnection.php(606): CodeIgniter\Database\BaseConnection->simpleQuery('SELECT *\nFROM `...')
#3 C:\xampp\htdocs\codi\system\Database\BaseBuilder.php(1616): CodeIgniter\Database\BaseConnection->query('SELECT *\nFROM `...', Array, false)
#4 C:\xampp\htdocs\codi\system\Model.php(203): CodeIgniter\Database\BaseBuilder->get()
#5 C:\xampp\htdocs\codi\system\BaseModel.php(557): CodeIgniter\Model->doFind(false, NULL)
#6 C:\xampp\htdocs\codi\app\Controllers\DesenhistaPost.php(103): CodeIgniter\BaseModel->find()
#7 C:\xampp\htdocs\codi\system\CodeIgniter.php(934): App\Controllers\DesenhistaPost->desenho_tag_lista()
#8 C:\xampp\htdocs\codi\system\CodeIgniter.php(499): CodeIgniter\CodeIgniter->runController(Object(App\Controllers\DesenhistaPost))
#9 C:\xampp\htdocs\codi\system\CodeIgniter.php(368): CodeIgniter\CodeIgniter->handleRequest(NULL, Object(Config\Cache), false)
#10 C:\xampp\htdocs\codi\public\index.php(67): CodeIgniter\CodeIgniter->run()
#11 {main}
CRITICAL - 2023-07-25 19:45:38 --> Table 'teste.tag' doesn't exist
in SYSTEMPATH\Database\MySQLi\Connection.php on line 295.
 1 SYSTEMPATH\Database\MySQLi\Connection.php(295): mysqli->query('SELECT *
FROM `tag`', 0)
 2 SYSTEMPATH\Database\BaseConnection.php(692): CodeIgniter\Database\MySQLi\Connection->execute('SELECT *
FROM `tag`')
 3 SYSTEMPATH\Database\BaseConnection.php(606): CodeIgniter\Database\BaseConnection->simpleQuery('SELECT *
FROM `tag`')
 4 SYSTEMPATH\Database\BaseBuilder.php(1616): CodeIgniter\Database\BaseConnection->query('SELECT *
FROM `tag`', [], false)
 5 SYSTEMPATH\Model.php(203): CodeIgniter\Database\BaseBuilder->get()
 6 SYSTEMPATH\BaseModel.php(557): CodeIgniter\Model->doFind(false, null)
 7 APPPATH\Controllers\DesenhistaPost.php(103): CodeIgniter\BaseModel->find()
 8 SYSTEMPATH\CodeIgniter.php(934): App\Controllers\DesenhistaPost->desenho_tag_lista()
 9 SYSTEMPATH\CodeIgniter.php(499): CodeIgniter\CodeIgniter->runController(Object(App\Controllers\DesenhistaPost))
10 SYSTEMPATH\CodeIgniter.php(368): CodeIgniter\CodeIgniter->handleRequest(null, Object(Config\Cache), false)
11 FCPATH\index.php(67): CodeIgniter\CodeIgniter->run()
ERROR - 2023-07-25 19:45:39 --> mysqli_sql_exception: Table 'teste.tag' doesn't exist in C:\xampp\htdocs\codi\system\Database\MySQLi\Connection.php:295
Stack trace:
#0 C:\xampp\htdocs\codi\system\Database\MySQLi\Connection.php(295): mysqli->query('SELECT *\nFROM `...', 0)
#1 C:\xampp\htdocs\codi\system\Database\BaseConnection.php(692): CodeIgniter\Database\MySQLi\Connection->execute('SELECT *\nFROM `...')
#2 C:\xampp\htdocs\codi\system\Database\BaseConnection.php(606): CodeIgniter\Database\BaseConnection->simpleQuery('SELECT *\nFROM `...')
#3 C:\xampp\htdocs\codi\system\Database\BaseBuilder.php(1616): CodeIgniter\Database\BaseConnection->query('SELECT *\nFROM `...', Array, false)
#4 C:\xampp\htdocs\codi\system\Model.php(203): CodeIgniter\Database\BaseBuilder->get()
#5 C:\xampp\htdocs\codi\system\BaseModel.php(557): CodeIgniter\Model->doFind(false, NULL)
#6 C:\xampp\htdocs\codi\app\Controllers\DesenhistaPost.php(103): CodeIgniter\BaseModel->find()
#7 C:\xampp\htdocs\codi\system\CodeIgniter.php(934): App\Controllers\DesenhistaPost->desenho_tag_lista()
#8 C:\xampp\htdocs\codi\system\CodeIgniter.php(499): CodeIgniter\CodeIgniter->runController(Object(App\Controllers\DesenhistaPost))
#9 C:\xampp\htdocs\codi\system\CodeIgniter.php(368): CodeIgniter\CodeIgniter->handleRequest(NULL, Object(Config\Cache), false)
#10 C:\xampp\htdocs\codi\public\index.php(67): CodeIgniter\CodeIgniter->run()
#11 {main}
CRITICAL - 2023-07-25 19:45:39 --> Table 'teste.tag' doesn't exist
in SYSTEMPATH\Database\MySQLi\Connection.php on line 295.
 1 SYSTEMPATH\Database\MySQLi\Connection.php(295): mysqli->query('SELECT *
FROM `tag`', 0)
 2 SYSTEMPATH\Database\BaseConnection.php(692): CodeIgniter\Database\MySQLi\Connection->execute('SELECT *
FROM `tag`')
 3 SYSTEMPATH\Database\BaseConnection.php(606): CodeIgniter\Database\BaseConnection->simpleQuery('SELECT *
FROM `tag`')
 4 SYSTEMPATH\Database\BaseBuilder.php(1616): CodeIgniter\Database\BaseConnection->query('SELECT *
FROM `tag`', [], false)
 5 SYSTEMPATH\Model.php(203): CodeIgniter\Database\BaseBuilder->get()
 6 SYSTEMPATH\BaseModel.php(557): CodeIgniter\Model->doFind(false, null)
 7 APPPATH\Controllers\DesenhistaPost.php(103): CodeIgniter\BaseModel->find()
 8 SYSTEMPATH\CodeIgniter.php(934): App\Controllers\DesenhistaPost->desenho_tag_lista()
 9 SYSTEMPATH\CodeIgniter.php(499): CodeIgniter\CodeIgniter->runController(Object(App\Controllers\DesenhistaPost))
10 SYSTEMPATH\CodeIgniter.php(368): CodeIgniter\CodeIgniter->handleRequest(null, Object(Config\Cache), false)
11 FCPATH\index.php(67): CodeIgniter\CodeIgniter->run()
ERROR - 2023-07-25 19:45:40 --> mysqli_sql_exception: Table 'teste.tag' doesn't exist in C:\xampp\htdocs\codi\system\Database\MySQLi\Connection.php:295
Stack trace:
#0 C:\xampp\htdocs\codi\system\Database\MySQLi\Connection.php(295): mysqli->query('SELECT *\nFROM `...', 0)
#1 C:\xampp\htdocs\codi\system\Database\BaseConnection.php(692): CodeIgniter\Database\MySQLi\Connection->execute('SELECT *\nFROM `...')
#2 C:\xampp\htdocs\codi\system\Database\BaseConnection.php(606): CodeIgniter\Database\BaseConnection->simpleQuery('SELECT *\nFROM `...')
#3 C:\xampp\htdocs\codi\system\Database\BaseBuilder.php(1616): CodeIgniter\Database\BaseConnection->query('SELECT *\nFROM `...', Array, false)
#4 C:\xampp\htdocs\codi\system\Model.php(203): CodeIgniter\Database\BaseBuilder->get()
#5 C:\xampp\htdocs\codi\system\BaseModel.php(557): CodeIgniter\Model->doFind(false, NULL)
#6 C:\xampp\htdocs\codi\app\Controllers\DesenhistaPost.php(103): CodeIgniter\BaseModel->find()
#7 C:\xampp\htdocs\codi\system\CodeIgniter.php(934): App\Controllers\DesenhistaPost->desenho_tag_lista()
#8 C:\xampp\htdocs\codi\system\CodeIgniter.php(499): CodeIgniter\CodeIgniter->runController(Object(App\Controllers\DesenhistaPost))
#9 C:\xampp\htdocs\codi\system\CodeIgniter.php(368): CodeIgniter\CodeIgniter->handleRequest(NULL, Object(Config\Cache), false)
#10 C:\xampp\htdocs\codi\public\index.php(67): CodeIgniter\CodeIgniter->run()
#11 {main}
CRITICAL - 2023-07-25 19:45:40 --> Table 'teste.tag' doesn't exist
in SYSTEMPATH\Database\MySQLi\Connection.php on line 295.
 1 SYSTEMPATH\Database\MySQLi\Connection.php(295): mysqli->query('SELECT *
FROM `tag`', 0)
 2 SYSTEMPATH\Database\BaseConnection.php(692): CodeIgniter\Database\MySQLi\Connection->execute('SELECT *
FROM `tag`')
 3 SYSTEMPATH\Database\BaseConnection.php(606): CodeIgniter\Database\BaseConnection->simpleQuery('SELECT *
FROM `tag`')
 4 SYSTEMPATH\Database\BaseBuilder.php(1616): CodeIgniter\Database\BaseConnection->query('SELECT *
FROM `tag`', [], false)
 5 SYSTEMPATH\Model.php(203): CodeIgniter\Database\BaseBuilder->get()
 6 SYSTEMPATH\BaseModel.php(557): CodeIgniter\Model->doFind(false, null)
 7 APPPATH\Controllers\DesenhistaPost.php(103): CodeIgniter\BaseModel->find()
 8 SYSTEMPATH\CodeIgniter.php(934): App\Controllers\DesenhistaPost->desenho_tag_lista()
 9 SYSTEMPATH\CodeIgniter.php(499): CodeIgniter\CodeIgniter->runController(Object(App\Controllers\DesenhistaPost))
10 SYSTEMPATH\CodeIgniter.php(368): CodeIgniter\CodeIgniter->handleRequest(null, Object(Config\Cache), false)
11 FCPATH\index.php(67): CodeIgniter\CodeIgniter->run()
ERROR - 2023-07-25 19:45:41 --> mysqli_sql_exception: Table 'teste.tag' doesn't exist in C:\xampp\htdocs\codi\system\Database\MySQLi\Connection.php:295
Stack trace:
#0 C:\xampp\htdocs\codi\system\Database\MySQLi\Connection.php(295): mysqli->query('SELECT *\nFROM `...', 0)
#1 C:\xampp\htdocs\codi\system\Database\BaseConnection.php(692): CodeIgniter\Database\MySQLi\Connection->execute('SELECT *\nFROM `...')
#2 C:\xampp\htdocs\codi\system\Database\BaseConnection.php(606): CodeIgniter\Database\BaseConnection->simpleQuery('SELECT *\nFROM `...')
#3 C:\xampp\htdocs\codi\system\Database\BaseBuilder.php(1616): CodeIgniter\Database\BaseConnection->query('SELECT *\nFROM `...', Array, false)
#4 C:\xampp\htdocs\codi\system\Model.php(203): CodeIgniter\Database\BaseBuilder->get()
#5 C:\xampp\htdocs\codi\system\BaseModel.php(557): CodeIgniter\Model->doFind(false, NULL)
#6 C:\xampp\htdocs\codi\app\Controllers\DesenhistaPost.php(103): CodeIgniter\BaseModel->find()
#7 C:\xampp\htdocs\codi\system\CodeIgniter.php(934): App\Controllers\DesenhistaPost->desenho_tag_lista()
#8 C:\xampp\htdocs\codi\system\CodeIgniter.php(499): CodeIgniter\CodeIgniter->runController(Object(App\Controllers\DesenhistaPost))
#9 C:\xampp\htdocs\codi\system\CodeIgniter.php(368): CodeIgniter\CodeIgniter->handleRequest(NULL, Object(Config\Cache), false)
#10 C:\xampp\htdocs\codi\public\index.php(67): CodeIgniter\CodeIgniter->run()
#11 {main}
CRITICAL - 2023-07-25 19:45:41 --> Table 'teste.tag' doesn't exist
in SYSTEMPATH\Database\MySQLi\Connection.php on line 295.
 1 SYSTEMPATH\Database\MySQLi\Connection.php(295): mysqli->query('SELECT *
FROM `tag`', 0)
 2 SYSTEMPATH\Database\BaseConnection.php(692): CodeIgniter\Database\MySQLi\Connection->execute('SELECT *
FROM `tag`')
 3 SYSTEMPATH\Database\BaseConnection.php(606): CodeIgniter\Database\BaseConnection->simpleQuery('SELECT *
FROM `tag`')
 4 SYSTEMPATH\Database\BaseBuilder.php(1616): CodeIgniter\Database\BaseConnection->query('SELECT *
FROM `tag`', [], false)
 5 SYSTEMPATH\Model.php(203): CodeIgniter\Database\BaseBuilder->get()
 6 SYSTEMPATH\BaseModel.php(557): CodeIgniter\Model->doFind(false, null)
 7 APPPATH\Controllers\DesenhistaPost.php(103): CodeIgniter\BaseModel->find()
 8 SYSTEMPATH\CodeIgniter.php(934): App\Controllers\DesenhistaPost->desenho_tag_lista()
 9 SYSTEMPATH\CodeIgniter.php(499): CodeIgniter\CodeIgniter->runController(Object(App\Controllers\DesenhistaPost))
10 SYSTEMPATH\CodeIgniter.php(368): CodeIgniter\CodeIgniter->handleRequest(null, Object(Config\Cache), false)
11 FCPATH\index.php(67): CodeIgniter\CodeIgniter->run()
ERROR - 2023-07-25 19:45:42 --> mysqli_sql_exception: Table 'teste.tag' doesn't exist in C:\xampp\htdocs\codi\system\Database\MySQLi\Connection.php:295
Stack trace:
#0 C:\xampp\htdocs\codi\system\Database\MySQLi\Connection.php(295): mysqli->query('SELECT *\nFROM `...', 0)
#1 C:\xampp\htdocs\codi\system\Database\BaseConnection.php(692): CodeIgniter\Database\MySQLi\Connection->execute('SELECT *\nFROM `...')
#2 C:\xampp\htdocs\codi\system\Database\BaseConnection.php(606): CodeIgniter\Database\BaseConnection->simpleQuery('SELECT *\nFROM `...')
#3 C:\xampp\htdocs\codi\system\Database\BaseBuilder.php(1616): CodeIgniter\Database\BaseConnection->query('SELECT *\nFROM `...', Array, false)
#4 C:\xampp\htdocs\codi\system\Model.php(203): CodeIgniter\Database\BaseBuilder->get()
#5 C:\xampp\htdocs\codi\system\BaseModel.php(557): CodeIgniter\Model->doFind(false, NULL)
#6 C:\xampp\htdocs\codi\app\Controllers\DesenhistaPost.php(103): CodeIgniter\BaseModel->find()
#7 C:\xampp\htdocs\codi\system\CodeIgniter.php(934): App\Controllers\DesenhistaPost->desenho_tag_lista()
#8 C:\xampp\htdocs\codi\system\CodeIgniter.php(499): CodeIgniter\CodeIgniter->runController(Object(App\Controllers\DesenhistaPost))
#9 C:\xampp\htdocs\codi\system\CodeIgniter.php(368): CodeIgniter\CodeIgniter->handleRequest(NULL, Object(Config\Cache), false)
#10 C:\xampp\htdocs\codi\public\index.php(67): CodeIgniter\CodeIgniter->run()
#11 {main}
CRITICAL - 2023-07-25 19:45:42 --> Table 'teste.tag' doesn't exist
in SYSTEMPATH\Database\MySQLi\Connection.php on line 295.
 1 SYSTEMPATH\Database\MySQLi\Connection.php(295): mysqli->query('SELECT *
FROM `tag`', 0)
 2 SYSTEMPATH\Database\BaseConnection.php(692): CodeIgniter\Database\MySQLi\Connection->execute('SELECT *
FROM `tag`')
 3 SYSTEMPATH\Database\BaseConnection.php(606): CodeIgniter\Database\BaseConnection->simpleQuery('SELECT *
FROM `tag`')
 4 SYSTEMPATH\Database\BaseBuilder.php(1616): CodeIgniter\Database\BaseConnection->query('SELECT *
FROM `tag`', [], false)
 5 SYSTEMPATH\Model.php(203): CodeIgniter\Database\BaseBuilder->get()
 6 SYSTEMPATH\BaseModel.php(557): CodeIgniter\Model->doFind(false, null)
 7 APPPATH\Controllers\DesenhistaPost.php(103): CodeIgniter\BaseModel->find()
 8 SYSTEMPATH\CodeIgniter.php(934): App\Controllers\DesenhistaPost->desenho_tag_lista()
 9 SYSTEMPATH\CodeIgniter.php(499): CodeIgniter\CodeIgniter->runController(Object(App\Controllers\DesenhistaPost))
10 SYSTEMPATH\CodeIgniter.php(368): CodeIgniter\CodeIgniter->handleRequest(null, Object(Config\Cache), false)
11 FCPATH\index.php(67): CodeIgniter\CodeIgniter->run()
ERROR - 2023-07-25 19:45:43 --> mysqli_sql_exception: Table 'teste.tag' doesn't exist in C:\xampp\htdocs\codi\system\Database\MySQLi\Connection.php:295
Stack trace:
#0 C:\xampp\htdocs\codi\system\Database\MySQLi\Connection.php(295): mysqli->query('SELECT *\nFROM `...', 0)
#1 C:\xampp\htdocs\codi\system\Database\BaseConnection.php(692): CodeIgniter\Database\MySQLi\Connection->execute('SELECT *\nFROM `...')
#2 C:\xampp\htdocs\codi\system\Database\BaseConnection.php(606): CodeIgniter\Database\BaseConnection->simpleQuery('SELECT *\nFROM `...')
#3 C:\xampp\htdocs\codi\system\Database\BaseBuilder.php(1616): CodeIgniter\Database\BaseConnection->query('SELECT *\nFROM `...', Array, false)
#4 C:\xampp\htdocs\codi\system\Model.php(203): CodeIgniter\Database\BaseBuilder->get()
#5 C:\xampp\htdocs\codi\system\BaseModel.php(557): CodeIgniter\Model->doFind(false, NULL)
#6 C:\xampp\htdocs\codi\app\Controllers\DesenhistaPost.php(103): CodeIgniter\BaseModel->find()
#7 C:\xampp\htdocs\codi\system\CodeIgniter.php(934): App\Controllers\DesenhistaPost->desenho_tag_lista()
#8 C:\xampp\htdocs\codi\system\CodeIgniter.php(499): CodeIgniter\CodeIgniter->runController(Object(App\Controllers\DesenhistaPost))
#9 C:\xampp\htdocs\codi\system\CodeIgniter.php(368): CodeIgniter\CodeIgniter->handleRequest(NULL, Object(Config\Cache), false)
#10 C:\xampp\htdocs\codi\public\index.php(67): CodeIgniter\CodeIgniter->run()
#11 {main}
CRITICAL - 2023-07-25 19:45:43 --> Table 'teste.tag' doesn't exist
in SYSTEMPATH\Database\MySQLi\Connection.php on line 295.
 1 SYSTEMPATH\Database\MySQLi\Connection.php(295): mysqli->query('SELECT *
FROM `tag`', 0)
 2 SYSTEMPATH\Database\BaseConnection.php(692): CodeIgniter\Database\MySQLi\Connection->execute('SELECT *
FROM `tag`')
 3 SYSTEMPATH\Database\BaseConnection.php(606): CodeIgniter\Database\BaseConnection->simpleQuery('SELECT *
FROM `tag`')
 4 SYSTEMPATH\Database\BaseBuilder.php(1616): CodeIgniter\Database\BaseConnection->query('SELECT *
FROM `tag`', [], false)
 5 SYSTEMPATH\Model.php(203): CodeIgniter\Database\BaseBuilder->get()
 6 SYSTEMPATH\BaseModel.php(557): CodeIgniter\Model->doFind(false, null)
 7 APPPATH\Controllers\DesenhistaPost.php(103): CodeIgniter\BaseModel->find()
 8 SYSTEMPATH\CodeIgniter.php(934): App\Controllers\DesenhistaPost->desenho_tag_lista()
 9 SYSTEMPATH\CodeIgniter.php(499): CodeIgniter\CodeIgniter->runController(Object(App\Controllers\DesenhistaPost))
10 SYSTEMPATH\CodeIgniter.php(368): CodeIgniter\CodeIgniter->handleRequest(null, Object(Config\Cache), false)
11 FCPATH\index.php(67): CodeIgniter\CodeIgniter->run()
ERROR - 2023-07-25 19:45:44 --> mysqli_sql_exception: Table 'teste.tag' doesn't exist in C:\xampp\htdocs\codi\system\Database\MySQLi\Connection.php:295
Stack trace:
#0 C:\xampp\htdocs\codi\system\Database\MySQLi\Connection.php(295): mysqli->query('SELECT *\nFROM `...', 0)
#1 C:\xampp\htdocs\codi\system\Database\BaseConnection.php(692): CodeIgniter\Database\MySQLi\Connection->execute('SELECT *\nFROM `...')
#2 C:\xampp\htdocs\codi\system\Database\BaseConnection.php(606): CodeIgniter\Database\BaseConnection->simpleQuery('SELECT *\nFROM `...')
#3 C:\xampp\htdocs\codi\system\Database\BaseBuilder.php(1616): CodeIgniter\Database\BaseConnection->query('SELECT *\nFROM `...', Array, false)
#4 C:\xampp\htdocs\codi\system\Model.php(203): CodeIgniter\Database\BaseBuilder->get()
#5 C:\xampp\htdocs\codi\system\BaseModel.php(557): CodeIgniter\Model->doFind(false, NULL)
#6 C:\xampp\htdocs\codi\app\Controllers\DesenhistaPost.php(103): CodeIgniter\BaseModel->find()
#7 C:\xampp\htdocs\codi\system\CodeIgniter.php(934): App\Controllers\DesenhistaPost->desenho_tag_lista()
#8 C:\xampp\htdocs\codi\system\CodeIgniter.php(499): CodeIgniter\CodeIgniter->runController(Object(App\Controllers\DesenhistaPost))
#9 C:\xampp\htdocs\codi\system\CodeIgniter.php(368): CodeIgniter\CodeIgniter->handleRequest(NULL, Object(Config\Cache), false)
#10 C:\xampp\htdocs\codi\public\index.php(67): CodeIgniter\CodeIgniter->run()
#11 {main}
CRITICAL - 2023-07-25 19:45:44 --> Table 'teste.tag' doesn't exist
in SYSTEMPATH\Database\MySQLi\Connection.php on line 295.
 1 SYSTEMPATH\Database\MySQLi\Connection.php(295): mysqli->query('SELECT *
FROM `tag`', 0)
 2 SYSTEMPATH\Database\BaseConnection.php(692): CodeIgniter\Database\MySQLi\Connection->execute('SELECT *
FROM `tag`')
 3 SYSTEMPATH\Database\BaseConnection.php(606): CodeIgniter\Database\BaseConnection->simpleQuery('SELECT *
FROM `tag`')
 4 SYSTEMPATH\Database\BaseBuilder.php(1616): CodeIgniter\Database\BaseConnection->query('SELECT *
FROM `tag`', [], false)
 5 SYSTEMPATH\Model.php(203): CodeIgniter\Database\BaseBuilder->get()
 6 SYSTEMPATH\BaseModel.php(557): CodeIgniter\Model->doFind(false, null)
 7 APPPATH\Controllers\DesenhistaPost.php(103): CodeIgniter\BaseModel->find()
 8 SYSTEMPATH\CodeIgniter.php(934): App\Controllers\DesenhistaPost->desenho_tag_lista()
 9 SYSTEMPATH\CodeIgniter.php(499): CodeIgniter\CodeIgniter->runController(Object(App\Controllers\DesenhistaPost))
10 SYSTEMPATH\CodeIgniter.php(368): CodeIgniter\CodeIgniter->handleRequest(null, Object(Config\Cache), false)
11 FCPATH\index.php(67): CodeIgniter\CodeIgniter->run()
ERROR - 2023-07-25 19:45:45 --> mysqli_sql_exception: Table 'teste.tag' doesn't exist in C:\xampp\htdocs\codi\system\Database\MySQLi\Connection.php:295
Stack trace:
#0 C:\xampp\htdocs\codi\system\Database\MySQLi\Connection.php(295): mysqli->query('SELECT *\nFROM `...', 0)
#1 C:\xampp\htdocs\codi\system\Database\BaseConnection.php(692): CodeIgniter\Database\MySQLi\Connection->execute('SELECT *\nFROM `...')
#2 C:\xampp\htdocs\codi\system\Database\BaseConnection.php(606): CodeIgniter\Database\BaseConnection->simpleQuery('SELECT *\nFROM `...')
#3 C:\xampp\htdocs\codi\system\Database\BaseBuilder.php(1616): CodeIgniter\Database\BaseConnection->query('SELECT *\nFROM `...', Array, false)
#4 C:\xampp\htdocs\codi\system\Model.php(203): CodeIgniter\Database\BaseBuilder->get()
#5 C:\xampp\htdocs\codi\system\BaseModel.php(557): CodeIgniter\Model->doFind(false, NULL)
#6 C:\xampp\htdocs\codi\app\Controllers\DesenhistaPost.php(103): CodeIgniter\BaseModel->find()
#7 C:\xampp\htdocs\codi\system\CodeIgniter.php(934): App\Controllers\DesenhistaPost->desenho_tag_lista()
#8 C:\xampp\htdocs\codi\system\CodeIgniter.php(499): CodeIgniter\CodeIgniter->runController(Object(App\Controllers\DesenhistaPost))
#9 C:\xampp\htdocs\codi\system\CodeIgniter.php(368): CodeIgniter\CodeIgniter->handleRequest(NULL, Object(Config\Cache), false)
#10 C:\xampp\htdocs\codi\public\index.php(67): CodeIgniter\CodeIgniter->run()
#11 {main}
CRITICAL - 2023-07-25 19:45:45 --> Table 'teste.tag' doesn't exist
in SYSTEMPATH\Database\MySQLi\Connection.php on line 295.
 1 SYSTEMPATH\Database\MySQLi\Connection.php(295): mysqli->query('SELECT *
FROM `tag`', 0)
 2 SYSTEMPATH\Database\BaseConnection.php(692): CodeIgniter\Database\MySQLi\Connection->execute('SELECT *
FROM `tag`')
 3 SYSTEMPATH\Database\BaseConnection.php(606): CodeIgniter\Database\BaseConnection->simpleQuery('SELECT *
FROM `tag`')
 4 SYSTEMPATH\Database\BaseBuilder.php(1616): CodeIgniter\Database\BaseConnection->query('SELECT *
FROM `tag`', [], false)
 5 SYSTEMPATH\Model.php(203): CodeIgniter\Database\BaseBuilder->get()
 6 SYSTEMPATH\BaseModel.php(557): CodeIgniter\Model->doFind(false, null)
 7 APPPATH\Controllers\DesenhistaPost.php(103): CodeIgniter\BaseModel->find()
 8 SYSTEMPATH\CodeIgniter.php(934): App\Controllers\DesenhistaPost->desenho_tag_lista()
 9 SYSTEMPATH\CodeIgniter.php(499): CodeIgniter\CodeIgniter->runController(Object(App\Controllers\DesenhistaPost))
10 SYSTEMPATH\CodeIgniter.php(368): CodeIgniter\CodeIgniter->handleRequest(null, Object(Config\Cache), false)
11 FCPATH\index.php(67): CodeIgniter\CodeIgniter->run()
ERROR - 2023-07-25 19:45:46 --> mysqli_sql_exception: Table 'teste.tag' doesn't exist in C:\xampp\htdocs\codi\system\Database\MySQLi\Connection.php:295
Stack trace:
#0 C:\xampp\htdocs\codi\system\Database\MySQLi\Connection.php(295): mysqli->query('SELECT *\nFROM `...', 0)
#1 C:\xampp\htdocs\codi\system\Database\BaseConnection.php(692): CodeIgniter\Database\MySQLi\Connection->execute('SELECT *\nFROM `...')
#2 C:\xampp\htdocs\codi\system\Database\BaseConnection.php(606): CodeIgniter\Database\BaseConnection->simpleQuery('SELECT *\nFROM `...')
#3 C:\xampp\htdocs\codi\system\Database\BaseBuilder.php(1616): CodeIgniter\Database\BaseConnection->query('SELECT *\nFROM `...', Array, false)
#4 C:\xampp\htdocs\codi\system\Model.php(203): CodeIgniter\Database\BaseBuilder->get()
#5 C:\xampp\htdocs\codi\system\BaseModel.php(557): CodeIgniter\Model->doFind(false, NULL)
#6 C:\xampp\htdocs\codi\app\Controllers\DesenhistaPost.php(103): CodeIgniter\BaseModel->find()
#7 C:\xampp\htdocs\codi\system\CodeIgniter.php(934): App\Controllers\DesenhistaPost->desenho_tag_lista()
#8 C:\xampp\htdocs\codi\system\CodeIgniter.php(499): CodeIgniter\CodeIgniter->runController(Object(App\Controllers\DesenhistaPost))
#9 C:\xampp\htdocs\codi\system\CodeIgniter.php(368): CodeIgniter\CodeIgniter->handleRequest(NULL, Object(Config\Cache), false)
#10 C:\xampp\htdocs\codi\public\index.php(67): CodeIgniter\CodeIgniter->run()
#11 {main}
CRITICAL - 2023-07-25 19:45:46 --> Table 'teste.tag' doesn't exist
in SYSTEMPATH\Database\MySQLi\Connection.php on line 295.
 1 SYSTEMPATH\Database\MySQLi\Connection.php(295): mysqli->query('SELECT *
FROM `tag`', 0)
 2 SYSTEMPATH\Database\BaseConnection.php(692): CodeIgniter\Database\MySQLi\Connection->execute('SELECT *
FROM `tag`')
 3 SYSTEMPATH\Database\BaseConnection.php(606): CodeIgniter\Database\BaseConnection->simpleQuery('SELECT *
FROM `tag`')
 4 SYSTEMPATH\Database\BaseBuilder.php(1616): CodeIgniter\Database\BaseConnection->query('SELECT *
FROM `tag`', [], false)
 5 SYSTEMPATH\Model.php(203): CodeIgniter\Database\BaseBuilder->get()
 6 SYSTEMPATH\BaseModel.php(557): CodeIgniter\Model->doFind(false, null)
 7 APPPATH\Controllers\DesenhistaPost.php(103): CodeIgniter\BaseModel->find()
 8 SYSTEMPATH\CodeIgniter.php(934): App\Controllers\DesenhistaPost->desenho_tag_lista()
 9 SYSTEMPATH\CodeIgniter.php(499): CodeIgniter\CodeIgniter->runController(Object(App\Controllers\DesenhistaPost))
10 SYSTEMPATH\CodeIgniter.php(368): CodeIgniter\CodeIgniter->handleRequest(null, Object(Config\Cache), false)
11 FCPATH\index.php(67): CodeIgniter\CodeIgniter->run()
ERROR - 2023-07-25 19:45:47 --> mysqli_sql_exception: Table 'teste.tag' doesn't exist in C:\xampp\htdocs\codi\system\Database\MySQLi\Connection.php:295
Stack trace:
#0 C:\xampp\htdocs\codi\system\Database\MySQLi\Connection.php(295): mysqli->query('SELECT *\nFROM `...', 0)
#1 C:\xampp\htdocs\codi\system\Database\BaseConnection.php(692): CodeIgniter\Database\MySQLi\Connection->execute('SELECT *\nFROM `...')
#2 C:\xampp\htdocs\codi\system\Database\BaseConnection.php(606): CodeIgniter\Database\BaseConnection->simpleQuery('SELECT *\nFROM `...')
#3 C:\xampp\htdocs\codi\system\Database\BaseBuilder.php(1616): CodeIgniter\Database\BaseConnection->query('SELECT *\nFROM `...', Array, false)
#4 C:\xampp\htdocs\codi\system\Model.php(203): CodeIgniter\Database\BaseBuilder->get()
#5 C:\xampp\htdocs\codi\system\BaseModel.php(557): CodeIgniter\Model->doFind(false, NULL)
#6 C:\xampp\htdocs\codi\app\Controllers\DesenhistaPost.php(103): CodeIgniter\BaseModel->find()
#7 C:\xampp\htdocs\codi\system\CodeIgniter.php(934): App\Controllers\DesenhistaPost->desenho_tag_lista()
#8 C:\xampp\htdocs\codi\system\CodeIgniter.php(499): CodeIgniter\CodeIgniter->runController(Object(App\Controllers\DesenhistaPost))
#9 C:\xampp\htdocs\codi\system\CodeIgniter.php(368): CodeIgniter\CodeIgniter->handleRequest(NULL, Object(Config\Cache), false)
#10 C:\xampp\htdocs\codi\public\index.php(67): CodeIgniter\CodeIgniter->run()
#11 {main}
CRITICAL - 2023-07-25 19:45:47 --> Table 'teste.tag' doesn't exist
in SYSTEMPATH\Database\MySQLi\Connection.php on line 295.
 1 SYSTEMPATH\Database\MySQLi\Connection.php(295): mysqli->query('SELECT *
FROM `tag`', 0)
 2 SYSTEMPATH\Database\BaseConnection.php(692): CodeIgniter\Database\MySQLi\Connection->execute('SELECT *
FROM `tag`')
 3 SYSTEMPATH\Database\BaseConnection.php(606): CodeIgniter\Database\BaseConnection->simpleQuery('SELECT *
FROM `tag`')
 4 SYSTEMPATH\Database\BaseBuilder.php(1616): CodeIgniter\Database\BaseConnection->query('SELECT *
FROM `tag`', [], false)
 5 SYSTEMPATH\Model.php(203): CodeIgniter\Database\BaseBuilder->get()
 6 SYSTEMPATH\BaseModel.php(557): CodeIgniter\Model->doFind(false, null)
 7 APPPATH\Controllers\DesenhistaPost.php(103): CodeIgniter\BaseModel->find()
 8 SYSTEMPATH\CodeIgniter.php(934): App\Controllers\DesenhistaPost->desenho_tag_lista()
 9 SYSTEMPATH\CodeIgniter.php(499): CodeIgniter\CodeIgniter->runController(Object(App\Controllers\DesenhistaPost))
10 SYSTEMPATH\CodeIgniter.php(368): CodeIgniter\CodeIgniter->handleRequest(null, Object(Config\Cache), false)
11 FCPATH\index.php(67): CodeIgniter\CodeIgniter->run()
ERROR - 2023-07-25 19:45:48 --> mysqli_sql_exception: Table 'teste.tag' doesn't exist in C:\xampp\htdocs\codi\system\Database\MySQLi\Connection.php:295
Stack trace:
#0 C:\xampp\htdocs\codi\system\Database\MySQLi\Connection.php(295): mysqli->query('SELECT *\nFROM `...', 0)
#1 C:\xampp\htdocs\codi\system\Database\BaseConnection.php(692): CodeIgniter\Database\MySQLi\Connection->execute('SELECT *\nFROM `...')
#2 C:\xampp\htdocs\codi\system\Database\BaseConnection.php(606): CodeIgniter\Database\BaseConnection->simpleQuery('SELECT *\nFROM `...')
#3 C:\xampp\htdocs\codi\system\Database\BaseBuilder.php(1616): CodeIgniter\Database\BaseConnection->query('SELECT *\nFROM `...', Array, false)
#4 C:\xampp\htdocs\codi\system\Model.php(203): CodeIgniter\Database\BaseBuilder->get()
#5 C:\xampp\htdocs\codi\system\BaseModel.php(557): CodeIgniter\Model->doFind(false, NULL)
#6 C:\xampp\htdocs\codi\app\Controllers\DesenhistaPost.php(103): CodeIgniter\BaseModel->find()
#7 C:\xampp\htdocs\codi\system\CodeIgniter.php(934): App\Controllers\DesenhistaPost->desenho_tag_lista()
#8 C:\xampp\htdocs\codi\system\CodeIgniter.php(499): CodeIgniter\CodeIgniter->runController(Object(App\Controllers\DesenhistaPost))
#9 C:\xampp\htdocs\codi\system\CodeIgniter.php(368): CodeIgniter\CodeIgniter->handleRequest(NULL, Object(Config\Cache), false)
#10 C:\xampp\htdocs\codi\public\index.php(67): CodeIgniter\CodeIgniter->run()
#11 {main}
CRITICAL - 2023-07-25 19:45:48 --> Table 'teste.tag' doesn't exist
in SYSTEMPATH\Database\MySQLi\Connection.php on line 295.
 1 SYSTEMPATH\Database\MySQLi\Connection.php(295): mysqli->query('SELECT *
FROM `tag`', 0)
 2 SYSTEMPATH\Database\BaseConnection.php(692): CodeIgniter\Database\MySQLi\Connection->execute('SELECT *
FROM `tag`')
 3 SYSTEMPATH\Database\BaseConnection.php(606): CodeIgniter\Database\BaseConnection->simpleQuery('SELECT *
FROM `tag`')
 4 SYSTEMPATH\Database\BaseBuilder.php(1616): CodeIgniter\Database\BaseConnection->query('SELECT *
FROM `tag`', [], false)
 5 SYSTEMPATH\Model.php(203): CodeIgniter\Database\BaseBuilder->get()
 6 SYSTEMPATH\BaseModel.php(557): CodeIgniter\Model->doFind(false, null)
 7 APPPATH\Controllers\DesenhistaPost.php(103): CodeIgniter\BaseModel->find()
 8 SYSTEMPATH\CodeIgniter.php(934): App\Controllers\DesenhistaPost->desenho_tag_lista()
 9 SYSTEMPATH\CodeIgniter.php(499): CodeIgniter\CodeIgniter->runController(Object(App\Controllers\DesenhistaPost))
10 SYSTEMPATH\CodeIgniter.php(368): CodeIgniter\CodeIgniter->handleRequest(null, Object(Config\Cache), false)
11 FCPATH\index.php(67): CodeIgniter\CodeIgniter->run()
ERROR - 2023-07-25 19:45:49 --> mysqli_sql_exception: Table 'teste.tag' doesn't exist in C:\xampp\htdocs\codi\system\Database\MySQLi\Connection.php:295
Stack trace:
#0 C:\xampp\htdocs\codi\system\Database\MySQLi\Connection.php(295): mysqli->query('SELECT *\nFROM `...', 0)
#1 C:\xampp\htdocs\codi\system\Database\BaseConnection.php(692): CodeIgniter\Database\MySQLi\Connection->execute('SELECT *\nFROM `...')
#2 C:\xampp\htdocs\codi\system\Database\BaseConnection.php(606): CodeIgniter\Database\BaseConnection->simpleQuery('SELECT *\nFROM `...')
#3 C:\xampp\htdocs\codi\system\Database\BaseBuilder.php(1616): CodeIgniter\Database\BaseConnection->query('SELECT *\nFROM `...', Array, false)
#4 C:\xampp\htdocs\codi\system\Model.php(203): CodeIgniter\Database\BaseBuilder->get()
#5 C:\xampp\htdocs\codi\system\BaseModel.php(557): CodeIgniter\Model->doFind(false, NULL)
#6 C:\xampp\htdocs\codi\app\Controllers\DesenhistaPost.php(103): CodeIgniter\BaseModel->find()
#7 C:\xampp\htdocs\codi\system\CodeIgniter.php(934): App\Controllers\DesenhistaPost->desenho_tag_lista()
#8 C:\xampp\htdocs\codi\system\CodeIgniter.php(499): CodeIgniter\CodeIgniter->runController(Object(App\Controllers\DesenhistaPost))
#9 C:\xampp\htdocs\codi\system\CodeIgniter.php(368): CodeIgniter\CodeIgniter->handleRequest(NULL, Object(Config\Cache), false)
#10 C:\xampp\htdocs\codi\public\index.php(67): CodeIgniter\CodeIgniter->run()
#11 {main}
CRITICAL - 2023-07-25 19:45:49 --> Table 'teste.tag' doesn't exist
in SYSTEMPATH\Database\MySQLi\Connection.php on line 295.
 1 SYSTEMPATH\Database\MySQLi\Connection.php(295): mysqli->query('SELECT *
FROM `tag`', 0)
 2 SYSTEMPATH\Database\BaseConnection.php(692): CodeIgniter\Database\MySQLi\Connection->execute('SELECT *
FROM `tag`')
 3 SYSTEMPATH\Database\BaseConnection.php(606): CodeIgniter\Database\BaseConnection->simpleQuery('SELECT *
FROM `tag`')
 4 SYSTEMPATH\Database\BaseBuilder.php(1616): CodeIgniter\Database\BaseConnection->query('SELECT *
FROM `tag`', [], false)
 5 SYSTEMPATH\Model.php(203): CodeIgniter\Database\BaseBuilder->get()
 6 SYSTEMPATH\BaseModel.php(557): CodeIgniter\Model->doFind(false, null)
 7 APPPATH\Controllers\DesenhistaPost.php(103): CodeIgniter\BaseModel->find()
 8 SYSTEMPATH\CodeIgniter.php(934): App\Controllers\DesenhistaPost->desenho_tag_lista()
 9 SYSTEMPATH\CodeIgniter.php(499): CodeIgniter\CodeIgniter->runController(Object(App\Controllers\DesenhistaPost))
10 SYSTEMPATH\CodeIgniter.php(368): CodeIgniter\CodeIgniter->handleRequest(null, Object(Config\Cache), false)
11 FCPATH\index.php(67): CodeIgniter\CodeIgniter->run()
ERROR - 2023-07-25 19:45:50 --> mysqli_sql_exception: Table 'teste.tag' doesn't exist in C:\xampp\htdocs\codi\system\Database\MySQLi\Connection.php:295
Stack trace:
#0 C:\xampp\htdocs\codi\system\Database\MySQLi\Connection.php(295): mysqli->query('SELECT *\nFROM `...', 0)
#1 C:\xampp\htdocs\codi\system\Database\BaseConnection.php(692): CodeIgniter\Database\MySQLi\Connection->execute('SELECT *\nFROM `...')
#2 C:\xampp\htdocs\codi\system\Database\BaseConnection.php(606): CodeIgniter\Database\BaseConnection->simpleQuery('SELECT *\nFROM `...')
#3 C:\xampp\htdocs\codi\system\Database\BaseBuilder.php(1616): CodeIgniter\Database\BaseConnection->query('SELECT *\nFROM `...', Array, false)
#4 C:\xampp\htdocs\codi\system\Model.php(203): CodeIgniter\Database\BaseBuilder->get()
#5 C:\xampp\htdocs\codi\system\BaseModel.php(557): CodeIgniter\Model->doFind(false, NULL)
#6 C:\xampp\htdocs\codi\app\Controllers\DesenhistaPost.php(103): CodeIgniter\BaseModel->find()
#7 C:\xampp\htdocs\codi\system\CodeIgniter.php(934): App\Controllers\DesenhistaPost->desenho_tag_lista()
#8 C:\xampp\htdocs\codi\system\CodeIgniter.php(499): CodeIgniter\CodeIgniter->runController(Object(App\Controllers\DesenhistaPost))
#9 C:\xampp\htdocs\codi\system\CodeIgniter.php(368): CodeIgniter\CodeIgniter->handleRequest(NULL, Object(Config\Cache), false)
#10 C:\xampp\htdocs\codi\public\index.php(67): CodeIgniter\CodeIgniter->run()
#11 {main}
CRITICAL - 2023-07-25 19:45:50 --> Table 'teste.tag' doesn't exist
in SYSTEMPATH\Database\MySQLi\Connection.php on line 295.
 1 SYSTEMPATH\Database\MySQLi\Connection.php(295): mysqli->query('SELECT *
FROM `tag`', 0)
 2 SYSTEMPATH\Database\BaseConnection.php(692): CodeIgniter\Database\MySQLi\Connection->execute('SELECT *
FROM `tag`')
 3 SYSTEMPATH\Database\BaseConnection.php(606): CodeIgniter\Database\BaseConnection->simpleQuery('SELECT *
FROM `tag`')
 4 SYSTEMPATH\Database\BaseBuilder.php(1616): CodeIgniter\Database\BaseConnection->query('SELECT *
FROM `tag`', [], false)
 5 SYSTEMPATH\Model.php(203): CodeIgniter\Database\BaseBuilder->get()
 6 SYSTEMPATH\BaseModel.php(557): CodeIgniter\Model->doFind(false, null)
 7 APPPATH\Controllers\DesenhistaPost.php(103): CodeIgniter\BaseModel->find()
 8 SYSTEMPATH\CodeIgniter.php(934): App\Controllers\DesenhistaPost->desenho_tag_lista()
 9 SYSTEMPATH\CodeIgniter.php(499): CodeIgniter\CodeIgniter->runController(Object(App\Controllers\DesenhistaPost))
10 SYSTEMPATH\CodeIgniter.php(368): CodeIgniter\CodeIgniter->handleRequest(null, Object(Config\Cache), false)
11 FCPATH\index.php(67): CodeIgniter\CodeIgniter->run()
ERROR - 2023-07-25 19:45:51 --> mysqli_sql_exception: Table 'teste.tag' doesn't exist in C:\xampp\htdocs\codi\system\Database\MySQLi\Connection.php:295
Stack trace:
#0 C:\xampp\htdocs\codi\system\Database\MySQLi\Connection.php(295): mysqli->query('SELECT *\nFROM `...', 0)
#1 C:\xampp\htdocs\codi\system\Database\BaseConnection.php(692): CodeIgniter\Database\MySQLi\Connection->execute('SELECT *\nFROM `...')
#2 C:\xampp\htdocs\codi\system\Database\BaseConnection.php(606): CodeIgniter\Database\BaseConnection->simpleQuery('SELECT *\nFROM `...')
#3 C:\xampp\htdocs\codi\system\Database\BaseBuilder.php(1616): CodeIgniter\Database\BaseConnection->query('SELECT *\nFROM `...', Array, false)
#4 C:\xampp\htdocs\codi\system\Model.php(203): CodeIgniter\Database\BaseBuilder->get()
#5 C:\xampp\htdocs\codi\system\BaseModel.php(557): CodeIgniter\Model->doFind(false, NULL)
#6 C:\xampp\htdocs\codi\app\Controllers\DesenhistaPost.php(103): CodeIgniter\BaseModel->find()
#7 C:\xampp\htdocs\codi\system\CodeIgniter.php(934): App\Controllers\DesenhistaPost->desenho_tag_lista()
#8 C:\xampp\htdocs\codi\system\CodeIgniter.php(499): CodeIgniter\CodeIgniter->runController(Object(App\Controllers\DesenhistaPost))
#9 C:\xampp\htdocs\codi\system\CodeIgniter.php(368): CodeIgniter\CodeIgniter->handleRequest(NULL, Object(Config\Cache), false)
#10 C:\xampp\htdocs\codi\public\index.php(67): CodeIgniter\CodeIgniter->run()
#11 {main}
CRITICAL - 2023-07-25 19:45:51 --> Table 'teste.tag' doesn't exist
in SYSTEMPATH\Database\MySQLi\Connection.php on line 295.
 1 SYSTEMPATH\Database\MySQLi\Connection.php(295): mysqli->query('SELECT *
FROM `tag`', 0)
 2 SYSTEMPATH\Database\BaseConnection.php(692): CodeIgniter\Database\MySQLi\Connection->execute('SELECT *
FROM `tag`')
 3 SYSTEMPATH\Database\BaseConnection.php(606): CodeIgniter\Database\BaseConnection->simpleQuery('SELECT *
FROM `tag`')
 4 SYSTEMPATH\Database\BaseBuilder.php(1616): CodeIgniter\Database\BaseConnection->query('SELECT *
FROM `tag`', [], false)
 5 SYSTEMPATH\Model.php(203): CodeIgniter\Database\BaseBuilder->get()
 6 SYSTEMPATH\BaseModel.php(557): CodeIgniter\Model->doFind(false, null)
 7 APPPATH\Controllers\DesenhistaPost.php(103): CodeIgniter\BaseModel->find()
 8 SYSTEMPATH\CodeIgniter.php(934): App\Controllers\DesenhistaPost->desenho_tag_lista()
 9 SYSTEMPATH\CodeIgniter.php(499): CodeIgniter\CodeIgniter->runController(Object(App\Controllers\DesenhistaPost))
10 SYSTEMPATH\CodeIgniter.php(368): CodeIgniter\CodeIgniter->handleRequest(null, Object(Config\Cache), false)
11 FCPATH\index.php(67): CodeIgniter\CodeIgniter->run()
ERROR - 2023-07-25 19:45:52 --> mysqli_sql_exception: Table 'teste.tag' doesn't exist in C:\xampp\htdocs\codi\system\Database\MySQLi\Connection.php:295
Stack trace:
#0 C:\xampp\htdocs\codi\system\Database\MySQLi\Connection.php(295): mysqli->query('SELECT *\nFROM `...', 0)
#1 C:\xampp\htdocs\codi\system\Database\BaseConnection.php(692): CodeIgniter\Database\MySQLi\Connection->execute('SELECT *\nFROM `...')
#2 C:\xampp\htdocs\codi\system\Database\BaseConnection.php(606): CodeIgniter\Database\BaseConnection->simpleQuery('SELECT *\nFROM `...')
#3 C:\xampp\htdocs\codi\system\Database\BaseBuilder.php(1616): CodeIgniter\Database\BaseConnection->query('SELECT *\nFROM `...', Array, false)
#4 C:\xampp\htdocs\codi\system\Model.php(203): CodeIgniter\Database\BaseBuilder->get()
#5 C:\xampp\htdocs\codi\system\BaseModel.php(557): CodeIgniter\Model->doFind(false, NULL)
#6 C:\xampp\htdocs\codi\app\Controllers\DesenhistaPost.php(103): CodeIgniter\BaseModel->find()
#7 C:\xampp\htdocs\codi\system\CodeIgniter.php(934): App\Controllers\DesenhistaPost->desenho_tag_lista()
#8 C:\xampp\htdocs\codi\system\CodeIgniter.php(499): CodeIgniter\CodeIgniter->runController(Object(App\Controllers\DesenhistaPost))
#9 C:\xampp\htdocs\codi\system\CodeIgniter.php(368): CodeIgniter\CodeIgniter->handleRequest(NULL, Object(Config\Cache), false)
#10 C:\xampp\htdocs\codi\public\index.php(67): CodeIgniter\CodeIgniter->run()
#11 {main}
CRITICAL - 2023-07-25 19:45:52 --> Table 'teste.tag' doesn't exist
in SYSTEMPATH\Database\MySQLi\Connection.php on line 295.
 1 SYSTEMPATH\Database\MySQLi\Connection.php(295): mysqli->query('SELECT *
FROM `tag`', 0)
 2 SYSTEMPATH\Database\BaseConnection.php(692): CodeIgniter\Database\MySQLi\Connection->execute('SELECT *
FROM `tag`')
 3 SYSTEMPATH\Database\BaseConnection.php(606): CodeIgniter\Database\BaseConnection->simpleQuery('SELECT *
FROM `tag`')
 4 SYSTEMPATH\Database\BaseBuilder.php(1616): CodeIgniter\Database\BaseConnection->query('SELECT *
FROM `tag`', [], false)
 5 SYSTEMPATH\Model.php(203): CodeIgniter\Database\BaseBuilder->get()
 6 SYSTEMPATH\BaseModel.php(557): CodeIgniter\Model->doFind(false, null)
 7 APPPATH\Controllers\DesenhistaPost.php(103): CodeIgniter\BaseModel->find()
 8 SYSTEMPATH\CodeIgniter.php(934): App\Controllers\DesenhistaPost->desenho_tag_lista()
 9 SYSTEMPATH\CodeIgniter.php(499): CodeIgniter\CodeIgniter->runController(Object(App\Controllers\DesenhistaPost))
10 SYSTEMPATH\CodeIgniter.php(368): CodeIgniter\CodeIgniter->handleRequest(null, Object(Config\Cache), false)
11 FCPATH\index.php(67): CodeIgniter\CodeIgniter->run()
ERROR - 2023-07-25 19:45:53 --> mysqli_sql_exception: Table 'teste.tag' doesn't exist in C:\xampp\htdocs\codi\system\Database\MySQLi\Connection.php:295
Stack trace:
#0 C:\xampp\htdocs\codi\system\Database\MySQLi\Connection.php(295): mysqli->query('SELECT *\nFROM `...', 0)
#1 C:\xampp\htdocs\codi\system\Database\BaseConnection.php(692): CodeIgniter\Database\MySQLi\Connection->execute('SELECT *\nFROM `...')
#2 C:\xampp\htdocs\codi\system\Database\BaseConnection.php(606): CodeIgniter\Database\BaseConnection->simpleQuery('SELECT *\nFROM `...')
#3 C:\xampp\htdocs\codi\system\Database\BaseBuilder.php(1616): CodeIgniter\Database\BaseConnection->query('SELECT *\nFROM `...', Array, false)
#4 C:\xampp\htdocs\codi\system\Model.php(203): CodeIgniter\Database\BaseBuilder->get()
#5 C:\xampp\htdocs\codi\system\BaseModel.php(557): CodeIgniter\Model->doFind(false, NULL)
#6 C:\xampp\htdocs\codi\app\Controllers\DesenhistaPost.php(103): CodeIgniter\BaseModel->find()
#7 C:\xampp\htdocs\codi\system\CodeIgniter.php(934): App\Controllers\DesenhistaPost->desenho_tag_lista()
#8 C:\xampp\htdocs\codi\system\CodeIgniter.php(499): CodeIgniter\CodeIgniter->runController(Object(App\Controllers\DesenhistaPost))
#9 C:\xampp\htdocs\codi\system\CodeIgniter.php(368): CodeIgniter\CodeIgniter->handleRequest(NULL, Object(Config\Cache), false)
#10 C:\xampp\htdocs\codi\public\index.php(67): CodeIgniter\CodeIgniter->run()
#11 {main}
CRITICAL - 2023-07-25 19:45:53 --> Table 'teste.tag' doesn't exist
in SYSTEMPATH\Database\MySQLi\Connection.php on line 295.
 1 SYSTEMPATH\Database\MySQLi\Connection.php(295): mysqli->query('SELECT *
FROM `tag`', 0)
 2 SYSTEMPATH\Database\BaseConnection.php(692): CodeIgniter\Database\MySQLi\Connection->execute('SELECT *
FROM `tag`')
 3 SYSTEMPATH\Database\BaseConnection.php(606): CodeIgniter\Database\BaseConnection->simpleQuery('SELECT *
FROM `tag`')
 4 SYSTEMPATH\Database\BaseBuilder.php(1616): CodeIgniter\Database\BaseConnection->query('SELECT *
FROM `tag`', [], false)
 5 SYSTEMPATH\Model.php(203): CodeIgniter\Database\BaseBuilder->get()
 6 SYSTEMPATH\BaseModel.php(557): CodeIgniter\Model->doFind(false, null)
 7 APPPATH\Controllers\DesenhistaPost.php(103): CodeIgniter\BaseModel->find()
 8 SYSTEMPATH\CodeIgniter.php(934): App\Controllers\DesenhistaPost->desenho_tag_lista()
 9 SYSTEMPATH\CodeIgniter.php(499): CodeIgniter\CodeIgniter->runController(Object(App\Controllers\DesenhistaPost))
10 SYSTEMPATH\CodeIgniter.php(368): CodeIgniter\CodeIgniter->handleRequest(null, Object(Config\Cache), false)
11 FCPATH\index.php(67): CodeIgniter\CodeIgniter->run()
ERROR - 2023-07-25 19:45:54 --> mysqli_sql_exception: Table 'teste.tag' doesn't exist in C:\xampp\htdocs\codi\system\Database\MySQLi\Connection.php:295
Stack trace:
#0 C:\xampp\htdocs\codi\system\Database\MySQLi\Connection.php(295): mysqli->query('SELECT *\nFROM `...', 0)
#1 C:\xampp\htdocs\codi\system\Database\BaseConnection.php(692): CodeIgniter\Database\MySQLi\Connection->execute('SELECT *\nFROM `...')
#2 C:\xampp\htdocs\codi\system\Database\BaseConnection.php(606): CodeIgniter\Database\BaseConnection->simpleQuery('SELECT *\nFROM `...')
#3 C:\xampp\htdocs\codi\system\Database\BaseBuilder.php(1616): CodeIgniter\Database\BaseConnection->query('SELECT *\nFROM `...', Array, false)
#4 C:\xampp\htdocs\codi\system\Model.php(203): CodeIgniter\Database\BaseBuilder->get()
#5 C:\xampp\htdocs\codi\system\BaseModel.php(557): CodeIgniter\Model->doFind(false, NULL)
#6 C:\xampp\htdocs\codi\app\Controllers\DesenhistaPost.php(103): CodeIgniter\BaseModel->find()
#7 C:\xampp\htdocs\codi\system\CodeIgniter.php(934): App\Controllers\DesenhistaPost->desenho_tag_lista()
#8 C:\xampp\htdocs\codi\system\CodeIgniter.php(499): CodeIgniter\CodeIgniter->runController(Object(App\Controllers\DesenhistaPost))
#9 C:\xampp\htdocs\codi\system\CodeIgniter.php(368): CodeIgniter\CodeIgniter->handleRequest(NULL, Object(Config\Cache), false)
#10 C:\xampp\htdocs\codi\public\index.php(67): CodeIgniter\CodeIgniter->run()
#11 {main}
CRITICAL - 2023-07-25 19:45:54 --> Table 'teste.tag' doesn't exist
in SYSTEMPATH\Database\MySQLi\Connection.php on line 295.
 1 SYSTEMPATH\Database\MySQLi\Connection.php(295): mysqli->query('SELECT *
FROM `tag`', 0)
 2 SYSTEMPATH\Database\BaseConnection.php(692): CodeIgniter\Database\MySQLi\Connection->execute('SELECT *
FROM `tag`')
 3 SYSTEMPATH\Database\BaseConnection.php(606): CodeIgniter\Database\BaseConnection->simpleQuery('SELECT *
FROM `tag`')
 4 SYSTEMPATH\Database\BaseBuilder.php(1616): CodeIgniter\Database\BaseConnection->query('SELECT *
FROM `tag`', [], false)
 5 SYSTEMPATH\Model.php(203): CodeIgniter\Database\BaseBuilder->get()
 6 SYSTEMPATH\BaseModel.php(557): CodeIgniter\Model->doFind(false, null)
 7 APPPATH\Controllers\DesenhistaPost.php(103): CodeIgniter\BaseModel->find()
 8 SYSTEMPATH\CodeIgniter.php(934): App\Controllers\DesenhistaPost->desenho_tag_lista()
 9 SYSTEMPATH\CodeIgniter.php(499): CodeIgniter\CodeIgniter->runController(Object(App\Controllers\DesenhistaPost))
10 SYSTEMPATH\CodeIgniter.php(368): CodeIgniter\CodeIgniter->handleRequest(null, Object(Config\Cache), false)
11 FCPATH\index.php(67): CodeIgniter\CodeIgniter->run()
ERROR - 2023-07-25 19:45:55 --> mysqli_sql_exception: Table 'teste.tag' doesn't exist in C:\xampp\htdocs\codi\system\Database\MySQLi\Connection.php:295
Stack trace:
#0 C:\xampp\htdocs\codi\system\Database\MySQLi\Connection.php(295): mysqli->query('SELECT *\nFROM `...', 0)
#1 C:\xampp\htdocs\codi\system\Database\BaseConnection.php(692): CodeIgniter\Database\MySQLi\Connection->execute('SELECT *\nFROM `...')
#2 C:\xampp\htdocs\codi\system\Database\BaseConnection.php(606): CodeIgniter\Database\BaseConnection->simpleQuery('SELECT *\nFROM `...')
#3 C:\xampp\htdocs\codi\system\Database\BaseBuilder.php(1616): CodeIgniter\Database\BaseConnection->query('SELECT *\nFROM `...', Array, false)
#4 C:\xampp\htdocs\codi\system\Model.php(203): CodeIgniter\Database\BaseBuilder->get()
#5 C:\xampp\htdocs\codi\system\BaseModel.php(557): CodeIgniter\Model->doFind(false, NULL)
#6 C:\xampp\htdocs\codi\app\Controllers\DesenhistaPost.php(103): CodeIgniter\BaseModel->find()
#7 C:\xampp\htdocs\codi\system\CodeIgniter.php(934): App\Controllers\DesenhistaPost->desenho_tag_lista()
#8 C:\xampp\htdocs\codi\system\CodeIgniter.php(499): CodeIgniter\CodeIgniter->runController(Object(App\Controllers\DesenhistaPost))
#9 C:\xampp\htdocs\codi\system\CodeIgniter.php(368): CodeIgniter\CodeIgniter->handleRequest(NULL, Object(Config\Cache), false)
#10 C:\xampp\htdocs\codi\public\index.php(67): CodeIgniter\CodeIgniter->run()
#11 {main}
CRITICAL - 2023-07-25 19:45:55 --> Table 'teste.tag' doesn't exist
in SYSTEMPATH\Database\MySQLi\Connection.php on line 295.
 1 SYSTEMPATH\Database\MySQLi\Connection.php(295): mysqli->query('SELECT *
FROM `tag`', 0)
 2 SYSTEMPATH\Database\BaseConnection.php(692): CodeIgniter\Database\MySQLi\Connection->execute('SELECT *
FROM `tag`')
 3 SYSTEMPATH\Database\BaseConnection.php(606): CodeIgniter\Database\BaseConnection->simpleQuery('SELECT *
FROM `tag`')
 4 SYSTEMPATH\Database\BaseBuilder.php(1616): CodeIgniter\Database\BaseConnection->query('SELECT *
FROM `tag`', [], false)
 5 SYSTEMPATH\Model.php(203): CodeIgniter\Database\BaseBuilder->get()
 6 SYSTEMPATH\BaseModel.php(557): CodeIgniter\Model->doFind(false, null)
 7 APPPATH\Controllers\DesenhistaPost.php(103): CodeIgniter\BaseModel->find()
 8 SYSTEMPATH\CodeIgniter.php(934): App\Controllers\DesenhistaPost->desenho_tag_lista()
 9 SYSTEMPATH\CodeIgniter.php(499): CodeIgniter\CodeIgniter->runController(Object(App\Controllers\DesenhistaPost))
10 SYSTEMPATH\CodeIgniter.php(368): CodeIgniter\CodeIgniter->handleRequest(null, Object(Config\Cache), false)
11 FCPATH\index.php(67): CodeIgniter\CodeIgniter->run()
ERROR - 2023-07-25 19:45:56 --> mysqli_sql_exception: Table 'teste.tag' doesn't exist in C:\xampp\htdocs\codi\system\Database\MySQLi\Connection.php:295
Stack trace:
#0 C:\xampp\htdocs\codi\system\Database\MySQLi\Connection.php(295): mysqli->query('SELECT *\nFROM `...', 0)
#1 C:\xampp\htdocs\codi\system\Database\BaseConnection.php(692): CodeIgniter\Database\MySQLi\Connection->execute('SELECT *\nFROM `...')
#2 C:\xampp\htdocs\codi\system\Database\BaseConnection.php(606): CodeIgniter\Database\BaseConnection->simpleQuery('SELECT *\nFROM `...')
#3 C:\xampp\htdocs\codi\system\Database\BaseBuilder.php(1616): CodeIgniter\Database\BaseConnection->query('SELECT *\nFROM `...', Array, false)
#4 C:\xampp\htdocs\codi\system\Model.php(203): CodeIgniter\Database\BaseBuilder->get()
#5 C:\xampp\htdocs\codi\system\BaseModel.php(557): CodeIgniter\Model->doFind(false, NULL)
#6 C:\xampp\htdocs\codi\app\Controllers\DesenhistaPost.php(103): CodeIgniter\BaseModel->find()
#7 C:\xampp\htdocs\codi\system\CodeIgniter.php(934): App\Controllers\DesenhistaPost->desenho_tag_lista()
#8 C:\xampp\htdocs\codi\system\CodeIgniter.php(499): CodeIgniter\CodeIgniter->runController(Object(App\Controllers\DesenhistaPost))
#9 C:\xampp\htdocs\codi\system\CodeIgniter.php(368): CodeIgniter\CodeIgniter->handleRequest(NULL, Object(Config\Cache), false)
#10 C:\xampp\htdocs\codi\public\index.php(67): CodeIgniter\CodeIgniter->run()
#11 {main}
CRITICAL - 2023-07-25 19:45:56 --> Table 'teste.tag' doesn't exist
in SYSTEMPATH\Database\MySQLi\Connection.php on line 295.
 1 SYSTEMPATH\Database\MySQLi\Connection.php(295): mysqli->query('SELECT *
FROM `tag`', 0)
 2 SYSTEMPATH\Database\BaseConnection.php(692): CodeIgniter\Database\MySQLi\Connection->execute('SELECT *
FROM `tag`')
 3 SYSTEMPATH\Database\BaseConnection.php(606): CodeIgniter\Database\BaseConnection->simpleQuery('SELECT *
FROM `tag`')
 4 SYSTEMPATH\Database\BaseBuilder.php(1616): CodeIgniter\Database\BaseConnection->query('SELECT *
FROM `tag`', [], false)
 5 SYSTEMPATH\Model.php(203): CodeIgniter\Database\BaseBuilder->get()
 6 SYSTEMPATH\BaseModel.php(557): CodeIgniter\Model->doFind(false, null)
 7 APPPATH\Controllers\DesenhistaPost.php(103): CodeIgniter\BaseModel->find()
 8 SYSTEMPATH\CodeIgniter.php(934): App\Controllers\DesenhistaPost->desenho_tag_lista()
 9 SYSTEMPATH\CodeIgniter.php(499): CodeIgniter\CodeIgniter->runController(Object(App\Controllers\DesenhistaPost))
10 SYSTEMPATH\CodeIgniter.php(368): CodeIgniter\CodeIgniter->handleRequest(null, Object(Config\Cache), false)
11 FCPATH\index.php(67): CodeIgniter\CodeIgniter->run()
ERROR - 2023-07-25 19:45:57 --> mysqli_sql_exception: Table 'teste.tag' doesn't exist in C:\xampp\htdocs\codi\system\Database\MySQLi\Connection.php:295
Stack trace:
#0 C:\xampp\htdocs\codi\system\Database\MySQLi\Connection.php(295): mysqli->query('SELECT *\nFROM `...', 0)
#1 C:\xampp\htdocs\codi\system\Database\BaseConnection.php(692): CodeIgniter\Database\MySQLi\Connection->execute('SELECT *\nFROM `...')
#2 C:\xampp\htdocs\codi\system\Database\BaseConnection.php(606): CodeIgniter\Database\BaseConnection->simpleQuery('SELECT *\nFROM `...')
#3 C:\xampp\htdocs\codi\system\Database\BaseBuilder.php(1616): CodeIgniter\Database\BaseConnection->query('SELECT *\nFROM `...', Array, false)
#4 C:\xampp\htdocs\codi\system\Model.php(203): CodeIgniter\Database\BaseBuilder->get()
#5 C:\xampp\htdocs\codi\system\BaseModel.php(557): CodeIgniter\Model->doFind(false, NULL)
#6 C:\xampp\htdocs\codi\app\Controllers\DesenhistaPost.php(103): CodeIgniter\BaseModel->find()
#7 C:\xampp\htdocs\codi\system\CodeIgniter.php(934): App\Controllers\DesenhistaPost->desenho_tag_lista()
#8 C:\xampp\htdocs\codi\system\CodeIgniter.php(499): CodeIgniter\CodeIgniter->runController(Object(App\Controllers\DesenhistaPost))
#9 C:\xampp\htdocs\codi\system\CodeIgniter.php(368): CodeIgniter\CodeIgniter->handleRequest(NULL, Object(Config\Cache), false)
#10 C:\xampp\htdocs\codi\public\index.php(67): CodeIgniter\CodeIgniter->run()
#11 {main}
CRITICAL - 2023-07-25 19:45:57 --> Table 'teste.tag' doesn't exist
in SYSTEMPATH\Database\MySQLi\Connection.php on line 295.
 1 SYSTEMPATH\Database\MySQLi\Connection.php(295): mysqli->query('SELECT *
FROM `tag`', 0)
 2 SYSTEMPATH\Database\BaseConnection.php(692): CodeIgniter\Database\MySQLi\Connection->execute('SELECT *
FROM `tag`')
 3 SYSTEMPATH\Database\BaseConnection.php(606): CodeIgniter\Database\BaseConnection->simpleQuery('SELECT *
FROM `tag`')
 4 SYSTEMPATH\Database\BaseBuilder.php(1616): CodeIgniter\Database\BaseConnection->query('SELECT *
FROM `tag`', [], false)
 5 SYSTEMPATH\Model.php(203): CodeIgniter\Database\BaseBuilder->get()
 6 SYSTEMPATH\BaseModel.php(557): CodeIgniter\Model->doFind(false, null)
 7 APPPATH\Controllers\DesenhistaPost.php(103): CodeIgniter\BaseModel->find()
 8 SYSTEMPATH\CodeIgniter.php(934): App\Controllers\DesenhistaPost->desenho_tag_lista()
 9 SYSTEMPATH\CodeIgniter.php(499): CodeIgniter\CodeIgniter->runController(Object(App\Controllers\DesenhistaPost))
10 SYSTEMPATH\CodeIgniter.php(368): CodeIgniter\CodeIgniter->handleRequest(null, Object(Config\Cache), false)
11 FCPATH\index.php(67): CodeIgniter\CodeIgniter->run()
ERROR - 2023-07-25 19:45:58 --> mysqli_sql_exception: Table 'teste.tag' doesn't exist in C:\xampp\htdocs\codi\system\Database\MySQLi\Connection.php:295
Stack trace:
#0 C:\xampp\htdocs\codi\system\Database\MySQLi\Connection.php(295): mysqli->query('SELECT *\nFROM `...', 0)
#1 C:\xampp\htdocs\codi\system\Database\BaseConnection.php(692): CodeIgniter\Database\MySQLi\Connection->execute('SELECT *\nFROM `...')
#2 C:\xampp\htdocs\codi\system\Database\BaseConnection.php(606): CodeIgniter\Database\BaseConnection->simpleQuery('SELECT *\nFROM `...')
#3 C:\xampp\htdocs\codi\system\Database\BaseBuilder.php(1616): CodeIgniter\Database\BaseConnection->query('SELECT *\nFROM `...', Array, false)
#4 C:\xampp\htdocs\codi\system\Model.php(203): CodeIgniter\Database\BaseBuilder->get()
#5 C:\xampp\htdocs\codi\system\BaseModel.php(557): CodeIgniter\Model->doFind(false, NULL)
#6 C:\xampp\htdocs\codi\app\Controllers\DesenhistaPost.php(103): CodeIgniter\BaseModel->find()
#7 C:\xampp\htdocs\codi\system\CodeIgniter.php(934): App\Controllers\DesenhistaPost->desenho_tag_lista()
#8 C:\xampp\htdocs\codi\system\CodeIgniter.php(499): CodeIgniter\CodeIgniter->runController(Object(App\Controllers\DesenhistaPost))
#9 C:\xampp\htdocs\codi\system\CodeIgniter.php(368): CodeIgniter\CodeIgniter->handleRequest(NULL, Object(Config\Cache), false)
#10 C:\xampp\htdocs\codi\public\index.php(67): CodeIgniter\CodeIgniter->run()
#11 {main}
CRITICAL - 2023-07-25 19:45:58 --> Table 'teste.tag' doesn't exist
in SYSTEMPATH\Database\MySQLi\Connection.php on line 295.
 1 SYSTEMPATH\Database\MySQLi\Connection.php(295): mysqli->query('SELECT *
FROM `tag`', 0)
 2 SYSTEMPATH\Database\BaseConnection.php(692): CodeIgniter\Database\MySQLi\Connection->execute('SELECT *
FROM `tag`')
 3 SYSTEMPATH\Database\BaseConnection.php(606): CodeIgniter\Database\BaseConnection->simpleQuery('SELECT *
FROM `tag`')
 4 SYSTEMPATH\Database\BaseBuilder.php(1616): CodeIgniter\Database\BaseConnection->query('SELECT *
FROM `tag`', [], false)
 5 SYSTEMPATH\Model.php(203): CodeIgniter\Database\BaseBuilder->get()
 6 SYSTEMPATH\BaseModel.php(557): CodeIgniter\Model->doFind(false, null)
 7 APPPATH\Controllers\DesenhistaPost.php(103): CodeIgniter\BaseModel->find()
 8 SYSTEMPATH\CodeIgniter.php(934): App\Controllers\DesenhistaPost->desenho_tag_lista()
 9 SYSTEMPATH\CodeIgniter.php(499): CodeIgniter\CodeIgniter->runController(Object(App\Controllers\DesenhistaPost))
10 SYSTEMPATH\CodeIgniter.php(368): CodeIgniter\CodeIgniter->handleRequest(null, Object(Config\Cache), false)
11 FCPATH\index.php(67): CodeIgniter\CodeIgniter->run()
ERROR - 2023-07-25 19:45:59 --> mysqli_sql_exception: Table 'teste.tag' doesn't exist in C:\xampp\htdocs\codi\system\Database\MySQLi\Connection.php:295
Stack trace:
#0 C:\xampp\htdocs\codi\system\Database\MySQLi\Connection.php(295): mysqli->query('SELECT *\nFROM `...', 0)
#1 C:\xampp\htdocs\codi\system\Database\BaseConnection.php(692): CodeIgniter\Database\MySQLi\Connection->execute('SELECT *\nFROM `...')
#2 C:\xampp\htdocs\codi\system\Database\BaseConnection.php(606): CodeIgniter\Database\BaseConnection->simpleQuery('SELECT *\nFROM `...')
#3 C:\xampp\htdocs\codi\system\Database\BaseBuilder.php(1616): CodeIgniter\Database\BaseConnection->query('SELECT *\nFROM `...', Array, false)
#4 C:\xampp\htdocs\codi\system\Model.php(203): CodeIgniter\Database\BaseBuilder->get()
#5 C:\xampp\htdocs\codi\system\BaseModel.php(557): CodeIgniter\Model->doFind(false, NULL)
#6 C:\xampp\htdocs\codi\app\Controllers\DesenhistaPost.php(103): CodeIgniter\BaseModel->find()
#7 C:\xampp\htdocs\codi\system\CodeIgniter.php(934): App\Controllers\DesenhistaPost->desenho_tag_lista()
#8 C:\xampp\htdocs\codi\system\CodeIgniter.php(499): CodeIgniter\CodeIgniter->runController(Object(App\Controllers\DesenhistaPost))
#9 C:\xampp\htdocs\codi\system\CodeIgniter.php(368): CodeIgniter\CodeIgniter->handleRequest(NULL, Object(Config\Cache), false)
#10 C:\xampp\htdocs\codi\public\index.php(67): CodeIgniter\CodeIgniter->run()
#11 {main}
CRITICAL - 2023-07-25 19:45:59 --> Table 'teste.tag' doesn't exist
in SYSTEMPATH\Database\MySQLi\Connection.php on line 295.
 1 SYSTEMPATH\Database\MySQLi\Connection.php(295): mysqli->query('SELECT *
FROM `tag`', 0)
 2 SYSTEMPATH\Database\BaseConnection.php(692): CodeIgniter\Database\MySQLi\Connection->execute('SELECT *
FROM `tag`')
 3 SYSTEMPATH\Database\BaseConnection.php(606): CodeIgniter\Database\BaseConnection->simpleQuery('SELECT *
FROM `tag`')
 4 SYSTEMPATH\Database\BaseBuilder.php(1616): CodeIgniter\Database\BaseConnection->query('SELECT *
FROM `tag`', [], false)
 5 SYSTEMPATH\Model.php(203): CodeIgniter\Database\BaseBuilder->get()
 6 SYSTEMPATH\BaseModel.php(557): CodeIgniter\Model->doFind(false, null)
 7 APPPATH\Controllers\DesenhistaPost.php(103): CodeIgniter\BaseModel->find()
 8 SYSTEMPATH\CodeIgniter.php(934): App\Controllers\DesenhistaPost->desenho_tag_lista()
 9 SYSTEMPATH\CodeIgniter.php(499): CodeIgniter\CodeIgniter->runController(Object(App\Controllers\DesenhistaPost))
10 SYSTEMPATH\CodeIgniter.php(368): CodeIgniter\CodeIgniter->handleRequest(null, Object(Config\Cache), false)
11 FCPATH\index.php(67): CodeIgniter\CodeIgniter->run()
ERROR - 2023-07-25 19:46:00 --> mysqli_sql_exception: Table 'teste.tag' doesn't exist in C:\xampp\htdocs\codi\system\Database\MySQLi\Connection.php:295
Stack trace:
#0 C:\xampp\htdocs\codi\system\Database\MySQLi\Connection.php(295): mysqli->query('SELECT *\nFROM `...', 0)
#1 C:\xampp\htdocs\codi\system\Database\BaseConnection.php(692): CodeIgniter\Database\MySQLi\Connection->execute('SELECT *\nFROM `...')
#2 C:\xampp\htdocs\codi\system\Database\BaseConnection.php(606): CodeIgniter\Database\BaseConnection->simpleQuery('SELECT *\nFROM `...')
#3 C:\xampp\htdocs\codi\system\Database\BaseBuilder.php(1616): CodeIgniter\Database\BaseConnection->query('SELECT *\nFROM `...', Array, false)
#4 C:\xampp\htdocs\codi\system\Model.php(203): CodeIgniter\Database\BaseBuilder->get()
#5 C:\xampp\htdocs\codi\system\BaseModel.php(557): CodeIgniter\Model->doFind(false, NULL)
#6 C:\xampp\htdocs\codi\app\Controllers\DesenhistaPost.php(103): CodeIgniter\BaseModel->find()
#7 C:\xampp\htdocs\codi\system\CodeIgniter.php(934): App\Controllers\DesenhistaPost->desenho_tag_lista()
#8 C:\xampp\htdocs\codi\system\CodeIgniter.php(499): CodeIgniter\CodeIgniter->runController(Object(App\Controllers\DesenhistaPost))
#9 C:\xampp\htdocs\codi\system\CodeIgniter.php(368): CodeIgniter\CodeIgniter->handleRequest(NULL, Object(Config\Cache), false)
#10 C:\xampp\htdocs\codi\public\index.php(67): CodeIgniter\CodeIgniter->run()
#11 {main}
CRITICAL - 2023-07-25 19:46:00 --> Table 'teste.tag' doesn't exist
in SYSTEMPATH\Database\MySQLi\Connection.php on line 295.
 1 SYSTEMPATH\Database\MySQLi\Connection.php(295): mysqli->query('SELECT *
FROM `tag`', 0)
 2 SYSTEMPATH\Database\BaseConnection.php(692): CodeIgniter\Database\MySQLi\Connection->execute('SELECT *
FROM `tag`')
 3 SYSTEMPATH\Database\BaseConnection.php(606): CodeIgniter\Database\BaseConnection->simpleQuery('SELECT *
FROM `tag`')
 4 SYSTEMPATH\Database\BaseBuilder.php(1616): CodeIgniter\Database\BaseConnection->query('SELECT *
FROM `tag`', [], false)
 5 SYSTEMPATH\Model.php(203): CodeIgniter\Database\BaseBuilder->get()
 6 SYSTEMPATH\BaseModel.php(557): CodeIgniter\Model->doFind(false, null)
 7 APPPATH\Controllers\DesenhistaPost.php(103): CodeIgniter\BaseModel->find()
 8 SYSTEMPATH\CodeIgniter.php(934): App\Controllers\DesenhistaPost->desenho_tag_lista()
 9 SYSTEMPATH\CodeIgniter.php(499): CodeIgniter\CodeIgniter->runController(Object(App\Controllers\DesenhistaPost))
10 SYSTEMPATH\CodeIgniter.php(368): CodeIgniter\CodeIgniter->handleRequest(null, Object(Config\Cache), false)
11 FCPATH\index.php(67): CodeIgniter\CodeIgniter->run()
ERROR - 2023-07-25 19:46:01 --> mysqli_sql_exception: Table 'teste.tag' doesn't exist in C:\xampp\htdocs\codi\system\Database\MySQLi\Connection.php:295
Stack trace:
#0 C:\xampp\htdocs\codi\system\Database\MySQLi\Connection.php(295): mysqli->query('SELECT *\nFROM `...', 0)
#1 C:\xampp\htdocs\codi\system\Database\BaseConnection.php(692): CodeIgniter\Database\MySQLi\Connection->execute('SELECT *\nFROM `...')
#2 C:\xampp\htdocs\codi\system\Database\BaseConnection.php(606): CodeIgniter\Database\BaseConnection->simpleQuery('SELECT *\nFROM `...')
#3 C:\xampp\htdocs\codi\system\Database\BaseBuilder.php(1616): CodeIgniter\Database\BaseConnection->query('SELECT *\nFROM `...', Array, false)
#4 C:\xampp\htdocs\codi\system\Model.php(203): CodeIgniter\Database\BaseBuilder->get()
#5 C:\xampp\htdocs\codi\system\BaseModel.php(557): CodeIgniter\Model->doFind(false, NULL)
#6 C:\xampp\htdocs\codi\app\Controllers\DesenhistaPost.php(103): CodeIgniter\BaseModel->find()
#7 C:\xampp\htdocs\codi\system\CodeIgniter.php(934): App\Controllers\DesenhistaPost->desenho_tag_lista()
#8 C:\xampp\htdocs\codi\system\CodeIgniter.php(499): CodeIgniter\CodeIgniter->runController(Object(App\Controllers\DesenhistaPost))
#9 C:\xampp\htdocs\codi\system\CodeIgniter.php(368): CodeIgniter\CodeIgniter->handleRequest(NULL, Object(Config\Cache), false)
#10 C:\xampp\htdocs\codi\public\index.php(67): CodeIgniter\CodeIgniter->run()
#11 {main}
CRITICAL - 2023-07-25 19:46:01 --> Table 'teste.tag' doesn't exist
in SYSTEMPATH\Database\MySQLi\Connection.php on line 295.
 1 SYSTEMPATH\Database\MySQLi\Connection.php(295): mysqli->query('SELECT *
FROM `tag`', 0)
 2 SYSTEMPATH\Database\BaseConnection.php(692): CodeIgniter\Database\MySQLi\Connection->execute('SELECT *
FROM `tag`')
 3 SYSTEMPATH\Database\BaseConnection.php(606): CodeIgniter\Database\BaseConnection->simpleQuery('SELECT *
FROM `tag`')
 4 SYSTEMPATH\Database\BaseBuilder.php(1616): CodeIgniter\Database\BaseConnection->query('SELECT *
FROM `tag`', [], false)
 5 SYSTEMPATH\Model.php(203): CodeIgniter\Database\BaseBuilder->get()
 6 SYSTEMPATH\BaseModel.php(557): CodeIgniter\Model->doFind(false, null)
 7 APPPATH\Controllers\DesenhistaPost.php(103): CodeIgniter\BaseModel->find()
 8 SYSTEMPATH\CodeIgniter.php(934): App\Controllers\DesenhistaPost->desenho_tag_lista()
 9 SYSTEMPATH\CodeIgniter.php(499): CodeIgniter\CodeIgniter->runController(Object(App\Controllers\DesenhistaPost))
10 SYSTEMPATH\CodeIgniter.php(368): CodeIgniter\CodeIgniter->handleRequest(null, Object(Config\Cache), false)
11 FCPATH\index.php(67): CodeIgniter\CodeIgniter->run()
ERROR - 2023-07-25 19:46:02 --> mysqli_sql_exception: Table 'teste.tag' doesn't exist in C:\xampp\htdocs\codi\system\Database\MySQLi\Connection.php:295
Stack trace:
#0 C:\xampp\htdocs\codi\system\Database\MySQLi\Connection.php(295): mysqli->query('SELECT *\nFROM `...', 0)
#1 C:\xampp\htdocs\codi\system\Database\BaseConnection.php(692): CodeIgniter\Database\MySQLi\Connection->execute('SELECT *\nFROM `...')
#2 C:\xampp\htdocs\codi\system\Database\BaseConnection.php(606): CodeIgniter\Database\BaseConnection->simpleQuery('SELECT *\nFROM `...')
#3 C:\xampp\htdocs\codi\system\Database\BaseBuilder.php(1616): CodeIgniter\Database\BaseConnection->query('SELECT *\nFROM `...', Array, false)
#4 C:\xampp\htdocs\codi\system\Model.php(203): CodeIgniter\Database\BaseBuilder->get()
#5 C:\xampp\htdocs\codi\system\BaseModel.php(557): CodeIgniter\Model->doFind(false, NULL)
#6 C:\xampp\htdocs\codi\app\Controllers\DesenhistaPost.php(103): CodeIgniter\BaseModel->find()
#7 C:\xampp\htdocs\codi\system\CodeIgniter.php(934): App\Controllers\DesenhistaPost->desenho_tag_lista()
#8 C:\xampp\htdocs\codi\system\CodeIgniter.php(499): CodeIgniter\CodeIgniter->runController(Object(App\Controllers\DesenhistaPost))
#9 C:\xampp\htdocs\codi\system\CodeIgniter.php(368): CodeIgniter\CodeIgniter->handleRequest(NULL, Object(Config\Cache), false)
#10 C:\xampp\htdocs\codi\public\index.php(67): CodeIgniter\CodeIgniter->run()
#11 {main}
CRITICAL - 2023-07-25 19:46:02 --> Table 'teste.tag' doesn't exist
in SYSTEMPATH\Database\MySQLi\Connection.php on line 295.
 1 SYSTEMPATH\Database\MySQLi\Connection.php(295): mysqli->query('SELECT *
FROM `tag`', 0)
 2 SYSTEMPATH\Database\BaseConnection.php(692): CodeIgniter\Database\MySQLi\Connection->execute('SELECT *
FROM `tag`')
 3 SYSTEMPATH\Database\BaseConnection.php(606): CodeIgniter\Database\BaseConnection->simpleQuery('SELECT *
FROM `tag`')
 4 SYSTEMPATH\Database\BaseBuilder.php(1616): CodeIgniter\Database\BaseConnection->query('SELECT *
FROM `tag`', [], false)
 5 SYSTEMPATH\Model.php(203): CodeIgniter\Database\BaseBuilder->get()
 6 SYSTEMPATH\BaseModel.php(557): CodeIgniter\Model->doFind(false, null)
 7 APPPATH\Controllers\DesenhistaPost.php(103): CodeIgniter\BaseModel->find()
 8 SYSTEMPATH\CodeIgniter.php(934): App\Controllers\DesenhistaPost->desenho_tag_lista()
 9 SYSTEMPATH\CodeIgniter.php(499): CodeIgniter\CodeIgniter->runController(Object(App\Controllers\DesenhistaPost))
10 SYSTEMPATH\CodeIgniter.php(368): CodeIgniter\CodeIgniter->handleRequest(null, Object(Config\Cache), false)
11 FCPATH\index.php(67): CodeIgniter\CodeIgniter->run()
ERROR - 2023-07-25 19:46:03 --> mysqli_sql_exception: Table 'teste.tag' doesn't exist in C:\xampp\htdocs\codi\system\Database\MySQLi\Connection.php:295
Stack trace:
#0 C:\xampp\htdocs\codi\system\Database\MySQLi\Connection.php(295): mysqli->query('SELECT *\nFROM `...', 0)
#1 C:\xampp\htdocs\codi\system\Database\BaseConnection.php(692): CodeIgniter\Database\MySQLi\Connection->execute('SELECT *\nFROM `...')
#2 C:\xampp\htdocs\codi\system\Database\BaseConnection.php(606): CodeIgniter\Database\BaseConnection->simpleQuery('SELECT *\nFROM `...')
#3 C:\xampp\htdocs\codi\system\Database\BaseBuilder.php(1616): CodeIgniter\Database\BaseConnection->query('SELECT *\nFROM `...', Array, false)
#4 C:\xampp\htdocs\codi\system\Model.php(203): CodeIgniter\Database\BaseBuilder->get()
#5 C:\xampp\htdocs\codi\system\BaseModel.php(557): CodeIgniter\Model->doFind(false, NULL)
#6 C:\xampp\htdocs\codi\app\Controllers\DesenhistaPost.php(103): CodeIgniter\BaseModel->find()
#7 C:\xampp\htdocs\codi\system\CodeIgniter.php(934): App\Controllers\DesenhistaPost->desenho_tag_lista()
#8 C:\xampp\htdocs\codi\system\CodeIgniter.php(499): CodeIgniter\CodeIgniter->runController(Object(App\Controllers\DesenhistaPost))
#9 C:\xampp\htdocs\codi\system\CodeIgniter.php(368): CodeIgniter\CodeIgniter->handleRequest(NULL, Object(Config\Cache), false)
#10 C:\xampp\htdocs\codi\public\index.php(67): CodeIgniter\CodeIgniter->run()
#11 {main}
CRITICAL - 2023-07-25 19:46:03 --> Table 'teste.tag' doesn't exist
in SYSTEMPATH\Database\MySQLi\Connection.php on line 295.
 1 SYSTEMPATH\Database\MySQLi\Connection.php(295): mysqli->query('SELECT *
FROM `tag`', 0)
 2 SYSTEMPATH\Database\BaseConnection.php(692): CodeIgniter\Database\MySQLi\Connection->execute('SELECT *
FROM `tag`')
 3 SYSTEMPATH\Database\BaseConnection.php(606): CodeIgniter\Database\BaseConnection->simpleQuery('SELECT *
FROM `tag`')
 4 SYSTEMPATH\Database\BaseBuilder.php(1616): CodeIgniter\Database\BaseConnection->query('SELECT *
FROM `tag`', [], false)
 5 SYSTEMPATH\Model.php(203): CodeIgniter\Database\BaseBuilder->get()
 6 SYSTEMPATH\BaseModel.php(557): CodeIgniter\Model->doFind(false, null)
 7 APPPATH\Controllers\DesenhistaPost.php(103): CodeIgniter\BaseModel->find()
 8 SYSTEMPATH\CodeIgniter.php(934): App\Controllers\DesenhistaPost->desenho_tag_lista()
 9 SYSTEMPATH\CodeIgniter.php(499): CodeIgniter\CodeIgniter->runController(Object(App\Controllers\DesenhistaPost))
10 SYSTEMPATH\CodeIgniter.php(368): CodeIgniter\CodeIgniter->handleRequest(null, Object(Config\Cache), false)
11 FCPATH\index.php(67): CodeIgniter\CodeIgniter->run()
ERROR - 2023-07-25 19:46:04 --> mysqli_sql_exception: Table 'teste.tag' doesn't exist in C:\xampp\htdocs\codi\system\Database\MySQLi\Connection.php:295
Stack trace:
#0 C:\xampp\htdocs\codi\system\Database\MySQLi\Connection.php(295): mysqli->query('SELECT *\nFROM `...', 0)
#1 C:\xampp\htdocs\codi\system\Database\BaseConnection.php(692): CodeIgniter\Database\MySQLi\Connection->execute('SELECT *\nFROM `...')
#2 C:\xampp\htdocs\codi\system\Database\BaseConnection.php(606): CodeIgniter\Database\BaseConnection->simpleQuery('SELECT *\nFROM `...')
#3 C:\xampp\htdocs\codi\system\Database\BaseBuilder.php(1616): CodeIgniter\Database\BaseConnection->query('SELECT *\nFROM `...', Array, false)
#4 C:\xampp\htdocs\codi\system\Model.php(203): CodeIgniter\Database\BaseBuilder->get()
#5 C:\xampp\htdocs\codi\system\BaseModel.php(557): CodeIgniter\Model->doFind(false, NULL)
#6 C:\xampp\htdocs\codi\app\Controllers\DesenhistaPost.php(103): CodeIgniter\BaseModel->find()
#7 C:\xampp\htdocs\codi\system\CodeIgniter.php(934): App\Controllers\DesenhistaPost->desenho_tag_lista()
#8 C:\xampp\htdocs\codi\system\CodeIgniter.php(499): CodeIgniter\CodeIgniter->runController(Object(App\Controllers\DesenhistaPost))
#9 C:\xampp\htdocs\codi\system\CodeIgniter.php(368): CodeIgniter\CodeIgniter->handleRequest(NULL, Object(Config\Cache), false)
#10 C:\xampp\htdocs\codi\public\index.php(67): CodeIgniter\CodeIgniter->run()
#11 {main}
CRITICAL - 2023-07-25 19:46:04 --> Table 'teste.tag' doesn't exist
in SYSTEMPATH\Database\MySQLi\Connection.php on line 295.
 1 SYSTEMPATH\Database\MySQLi\Connection.php(295): mysqli->query('SELECT *
FROM `tag`', 0)
 2 SYSTEMPATH\Database\BaseConnection.php(692): CodeIgniter\Database\MySQLi\Connection->execute('SELECT *
FROM `tag`')
 3 SYSTEMPATH\Database\BaseConnection.php(606): CodeIgniter\Database\BaseConnection->simpleQuery('SELECT *
FROM `tag`')
 4 SYSTEMPATH\Database\BaseBuilder.php(1616): CodeIgniter\Database\BaseConnection->query('SELECT *
FROM `tag`', [], false)
 5 SYSTEMPATH\Model.php(203): CodeIgniter\Database\BaseBuilder->get()
 6 SYSTEMPATH\BaseModel.php(557): CodeIgniter\Model->doFind(false, null)
 7 APPPATH\Controllers\DesenhistaPost.php(103): CodeIgniter\BaseModel->find()
 8 SYSTEMPATH\CodeIgniter.php(934): App\Controllers\DesenhistaPost->desenho_tag_lista()
 9 SYSTEMPATH\CodeIgniter.php(499): CodeIgniter\CodeIgniter->runController(Object(App\Controllers\DesenhistaPost))
10 SYSTEMPATH\CodeIgniter.php(368): CodeIgniter\CodeIgniter->handleRequest(null, Object(Config\Cache), false)
11 FCPATH\index.php(67): CodeIgniter\CodeIgniter->run()
ERROR - 2023-07-25 19:46:05 --> mysqli_sql_exception: Table 'teste.tag' doesn't exist in C:\xampp\htdocs\codi\system\Database\MySQLi\Connection.php:295
Stack trace:
#0 C:\xampp\htdocs\codi\system\Database\MySQLi\Connection.php(295): mysqli->query('SELECT *\nFROM `...', 0)
#1 C:\xampp\htdocs\codi\system\Database\BaseConnection.php(692): CodeIgniter\Database\MySQLi\Connection->execute('SELECT *\nFROM `...')
#2 C:\xampp\htdocs\codi\system\Database\BaseConnection.php(606): CodeIgniter\Database\BaseConnection->simpleQuery('SELECT *\nFROM `...')
#3 C:\xampp\htdocs\codi\system\Database\BaseBuilder.php(1616): CodeIgniter\Database\BaseConnection->query('SELECT *\nFROM `...', Array, false)
#4 C:\xampp\htdocs\codi\system\Model.php(203): CodeIgniter\Database\BaseBuilder->get()
#5 C:\xampp\htdocs\codi\system\BaseModel.php(557): CodeIgniter\Model->doFind(false, NULL)
#6 C:\xampp\htdocs\codi\app\Controllers\DesenhistaPost.php(103): CodeIgniter\BaseModel->find()
#7 C:\xampp\htdocs\codi\system\CodeIgniter.php(934): App\Controllers\DesenhistaPost->desenho_tag_lista()
#8 C:\xampp\htdocs\codi\system\CodeIgniter.php(499): CodeIgniter\CodeIgniter->runController(Object(App\Controllers\DesenhistaPost))
#9 C:\xampp\htdocs\codi\system\CodeIgniter.php(368): CodeIgniter\CodeIgniter->handleRequest(NULL, Object(Config\Cache), false)
#10 C:\xampp\htdocs\codi\public\index.php(67): CodeIgniter\CodeIgniter->run()
#11 {main}
CRITICAL - 2023-07-25 19:46:05 --> Table 'teste.tag' doesn't exist
in SYSTEMPATH\Database\MySQLi\Connection.php on line 295.
 1 SYSTEMPATH\Database\MySQLi\Connection.php(295): mysqli->query('SELECT *
FROM `tag`', 0)
 2 SYSTEMPATH\Database\BaseConnection.php(692): CodeIgniter\Database\MySQLi\Connection->execute('SELECT *
FROM `tag`')
 3 SYSTEMPATH\Database\BaseConnection.php(606): CodeIgniter\Database\BaseConnection->simpleQuery('SELECT *
FROM `tag`')
 4 SYSTEMPATH\Database\BaseBuilder.php(1616): CodeIgniter\Database\BaseConnection->query('SELECT *
FROM `tag`', [], false)
 5 SYSTEMPATH\Model.php(203): CodeIgniter\Database\BaseBuilder->get()
 6 SYSTEMPATH\BaseModel.php(557): CodeIgniter\Model->doFind(false, null)
 7 APPPATH\Controllers\DesenhistaPost.php(103): CodeIgniter\BaseModel->find()
 8 SYSTEMPATH\CodeIgniter.php(934): App\Controllers\DesenhistaPost->desenho_tag_lista()
 9 SYSTEMPATH\CodeIgniter.php(499): CodeIgniter\CodeIgniter->runController(Object(App\Controllers\DesenhistaPost))
10 SYSTEMPATH\CodeIgniter.php(368): CodeIgniter\CodeIgniter->handleRequest(null, Object(Config\Cache), false)
11 FCPATH\index.php(67): CodeIgniter\CodeIgniter->run()
ERROR - 2023-07-25 19:46:06 --> mysqli_sql_exception: Table 'teste.tag' doesn't exist in C:\xampp\htdocs\codi\system\Database\MySQLi\Connection.php:295
Stack trace:
#0 C:\xampp\htdocs\codi\system\Database\MySQLi\Connection.php(295): mysqli->query('SELECT *\nFROM `...', 0)
#1 C:\xampp\htdocs\codi\system\Database\BaseConnection.php(692): CodeIgniter\Database\MySQLi\Connection->execute('SELECT *\nFROM `...')
#2 C:\xampp\htdocs\codi\system\Database\BaseConnection.php(606): CodeIgniter\Database\BaseConnection->simpleQuery('SELECT *\nFROM `...')
#3 C:\xampp\htdocs\codi\system\Database\BaseBuilder.php(1616): CodeIgniter\Database\BaseConnection->query('SELECT *\nFROM `...', Array, false)
#4 C:\xampp\htdocs\codi\system\Model.php(203): CodeIgniter\Database\BaseBuilder->get()
#5 C:\xampp\htdocs\codi\system\BaseModel.php(557): CodeIgniter\Model->doFind(false, NULL)
#6 C:\xampp\htdocs\codi\app\Controllers\DesenhistaPost.php(103): CodeIgniter\BaseModel->find()
#7 C:\xampp\htdocs\codi\system\CodeIgniter.php(934): App\Controllers\DesenhistaPost->desenho_tag_lista()
#8 C:\xampp\htdocs\codi\system\CodeIgniter.php(499): CodeIgniter\CodeIgniter->runController(Object(App\Controllers\DesenhistaPost))
#9 C:\xampp\htdocs\codi\system\CodeIgniter.php(368): CodeIgniter\CodeIgniter->handleRequest(NULL, Object(Config\Cache), false)
#10 C:\xampp\htdocs\codi\public\index.php(67): CodeIgniter\CodeIgniter->run()
#11 {main}
CRITICAL - 2023-07-25 19:46:06 --> Table 'teste.tag' doesn't exist
in SYSTEMPATH\Database\MySQLi\Connection.php on line 295.
 1 SYSTEMPATH\Database\MySQLi\Connection.php(295): mysqli->query('SELECT *
FROM `tag`', 0)
 2 SYSTEMPATH\Database\BaseConnection.php(692): CodeIgniter\Database\MySQLi\Connection->execute('SELECT *
FROM `tag`')
 3 SYSTEMPATH\Database\BaseConnection.php(606): CodeIgniter\Database\BaseConnection->simpleQuery('SELECT *
FROM `tag`')
 4 SYSTEMPATH\Database\BaseBuilder.php(1616): CodeIgniter\Database\BaseConnection->query('SELECT *
FROM `tag`', [], false)
 5 SYSTEMPATH\Model.php(203): CodeIgniter\Database\BaseBuilder->get()
 6 SYSTEMPATH\BaseModel.php(557): CodeIgniter\Model->doFind(false, null)
 7 APPPATH\Controllers\DesenhistaPost.php(103): CodeIgniter\BaseModel->find()
 8 SYSTEMPATH\CodeIgniter.php(934): App\Controllers\DesenhistaPost->desenho_tag_lista()
 9 SYSTEMPATH\CodeIgniter.php(499): CodeIgniter\CodeIgniter->runController(Object(App\Controllers\DesenhistaPost))
10 SYSTEMPATH\CodeIgniter.php(368): CodeIgniter\CodeIgniter->handleRequest(null, Object(Config\Cache), false)
11 FCPATH\index.php(67): CodeIgniter\CodeIgniter->run()
ERROR - 2023-07-25 19:46:07 --> mysqli_sql_exception: Table 'teste.tag' doesn't exist in C:\xampp\htdocs\codi\system\Database\MySQLi\Connection.php:295
Stack trace:
#0 C:\xampp\htdocs\codi\system\Database\MySQLi\Connection.php(295): mysqli->query('SELECT *\nFROM `...', 0)
#1 C:\xampp\htdocs\codi\system\Database\BaseConnection.php(692): CodeIgniter\Database\MySQLi\Connection->execute('SELECT *\nFROM `...')
#2 C:\xampp\htdocs\codi\system\Database\BaseConnection.php(606): CodeIgniter\Database\BaseConnection->simpleQuery('SELECT *\nFROM `...')
#3 C:\xampp\htdocs\codi\system\Database\BaseBuilder.php(1616): CodeIgniter\Database\BaseConnection->query('SELECT *\nFROM `...', Array, false)
#4 C:\xampp\htdocs\codi\system\Model.php(203): CodeIgniter\Database\BaseBuilder->get()
#5 C:\xampp\htdocs\codi\system\BaseModel.php(557): CodeIgniter\Model->doFind(false, NULL)
#6 C:\xampp\htdocs\codi\app\Controllers\DesenhistaPost.php(103): CodeIgniter\BaseModel->find()
#7 C:\xampp\htdocs\codi\system\CodeIgniter.php(934): App\Controllers\DesenhistaPost->desenho_tag_lista()
#8 C:\xampp\htdocs\codi\system\CodeIgniter.php(499): CodeIgniter\CodeIgniter->runController(Object(App\Controllers\DesenhistaPost))
#9 C:\xampp\htdocs\codi\system\CodeIgniter.php(368): CodeIgniter\CodeIgniter->handleRequest(NULL, Object(Config\Cache), false)
#10 C:\xampp\htdocs\codi\public\index.php(67): CodeIgniter\CodeIgniter->run()
#11 {main}
CRITICAL - 2023-07-25 19:46:07 --> Table 'teste.tag' doesn't exist
in SYSTEMPATH\Database\MySQLi\Connection.php on line 295.
 1 SYSTEMPATH\Database\MySQLi\Connection.php(295): mysqli->query('SELECT *
FROM `tag`', 0)
 2 SYSTEMPATH\Database\BaseConnection.php(692): CodeIgniter\Database\MySQLi\Connection->execute('SELECT *
FROM `tag`')
 3 SYSTEMPATH\Database\BaseConnection.php(606): CodeIgniter\Database\BaseConnection->simpleQuery('SELECT *
FROM `tag`')
 4 SYSTEMPATH\Database\BaseBuilder.php(1616): CodeIgniter\Database\BaseConnection->query('SELECT *
FROM `tag`', [], false)
 5 SYSTEMPATH\Model.php(203): CodeIgniter\Database\BaseBuilder->get()
 6 SYSTEMPATH\BaseModel.php(557): CodeIgniter\Model->doFind(false, null)
 7 APPPATH\Controllers\DesenhistaPost.php(103): CodeIgniter\BaseModel->find()
 8 SYSTEMPATH\CodeIgniter.php(934): App\Controllers\DesenhistaPost->desenho_tag_lista()
 9 SYSTEMPATH\CodeIgniter.php(499): CodeIgniter\CodeIgniter->runController(Object(App\Controllers\DesenhistaPost))
10 SYSTEMPATH\CodeIgniter.php(368): CodeIgniter\CodeIgniter->handleRequest(null, Object(Config\Cache), false)
11 FCPATH\index.php(67): CodeIgniter\CodeIgniter->run()
ERROR - 2023-07-25 19:46:08 --> mysqli_sql_exception: Table 'teste.tag' doesn't exist in C:\xampp\htdocs\codi\system\Database\MySQLi\Connection.php:295
Stack trace:
#0 C:\xampp\htdocs\codi\system\Database\MySQLi\Connection.php(295): mysqli->query('SELECT *\nFROM `...', 0)
#1 C:\xampp\htdocs\codi\system\Database\BaseConnection.php(692): CodeIgniter\Database\MySQLi\Connection->execute('SELECT *\nFROM `...')
#2 C:\xampp\htdocs\codi\system\Database\BaseConnection.php(606): CodeIgniter\Database\BaseConnection->simpleQuery('SELECT *\nFROM `...')
#3 C:\xampp\htdocs\codi\system\Database\BaseBuilder.php(1616): CodeIgniter\Database\BaseConnection->query('SELECT *\nFROM `...', Array, false)
#4 C:\xampp\htdocs\codi\system\Model.php(203): CodeIgniter\Database\BaseBuilder->get()
#5 C:\xampp\htdocs\codi\system\BaseModel.php(557): CodeIgniter\Model->doFind(false, NULL)
#6 C:\xampp\htdocs\codi\app\Controllers\DesenhistaPost.php(103): CodeIgniter\BaseModel->find()
#7 C:\xampp\htdocs\codi\system\CodeIgniter.php(934): App\Controllers\DesenhistaPost->desenho_tag_lista()
#8 C:\xampp\htdocs\codi\system\CodeIgniter.php(499): CodeIgniter\CodeIgniter->runController(Object(App\Controllers\DesenhistaPost))
#9 C:\xampp\htdocs\codi\system\CodeIgniter.php(368): CodeIgniter\CodeIgniter->handleRequest(NULL, Object(Config\Cache), false)
#10 C:\xampp\htdocs\codi\public\index.php(67): CodeIgniter\CodeIgniter->run()
#11 {main}
CRITICAL - 2023-07-25 19:46:08 --> Table 'teste.tag' doesn't exist
in SYSTEMPATH\Database\MySQLi\Connection.php on line 295.
 1 SYSTEMPATH\Database\MySQLi\Connection.php(295): mysqli->query('SELECT *
FROM `tag`', 0)
 2 SYSTEMPATH\Database\BaseConnection.php(692): CodeIgniter\Database\MySQLi\Connection->execute('SELECT *
FROM `tag`')
 3 SYSTEMPATH\Database\BaseConnection.php(606): CodeIgniter\Database\BaseConnection->simpleQuery('SELECT *
FROM `tag`')
 4 SYSTEMPATH\Database\BaseBuilder.php(1616): CodeIgniter\Database\BaseConnection->query('SELECT *
FROM `tag`', [], false)
 5 SYSTEMPATH\Model.php(203): CodeIgniter\Database\BaseBuilder->get()
 6 SYSTEMPATH\BaseModel.php(557): CodeIgniter\Model->doFind(false, null)
 7 APPPATH\Controllers\DesenhistaPost.php(103): CodeIgniter\BaseModel->find()
 8 SYSTEMPATH\CodeIgniter.php(934): App\Controllers\DesenhistaPost->desenho_tag_lista()
 9 SYSTEMPATH\CodeIgniter.php(499): CodeIgniter\CodeIgniter->runController(Object(App\Controllers\DesenhistaPost))
10 SYSTEMPATH\CodeIgniter.php(368): CodeIgniter\CodeIgniter->handleRequest(null, Object(Config\Cache), false)
11 FCPATH\index.php(67): CodeIgniter\CodeIgniter->run()
ERROR - 2023-07-25 19:46:09 --> mysqli_sql_exception: Table 'teste.tag' doesn't exist in C:\xampp\htdocs\codi\system\Database\MySQLi\Connection.php:295
Stack trace:
#0 C:\xampp\htdocs\codi\system\Database\MySQLi\Connection.php(295): mysqli->query('SELECT *\nFROM `...', 0)
#1 C:\xampp\htdocs\codi\system\Database\BaseConnection.php(692): CodeIgniter\Database\MySQLi\Connection->execute('SELECT *\nFROM `...')
#2 C:\xampp\htdocs\codi\system\Database\BaseConnection.php(606): CodeIgniter\Database\BaseConnection->simpleQuery('SELECT *\nFROM `...')
#3 C:\xampp\htdocs\codi\system\Database\BaseBuilder.php(1616): CodeIgniter\Database\BaseConnection->query('SELECT *\nFROM `...', Array, false)
#4 C:\xampp\htdocs\codi\system\Model.php(203): CodeIgniter\Database\BaseBuilder->get()
#5 C:\xampp\htdocs\codi\system\BaseModel.php(557): CodeIgniter\Model->doFind(false, NULL)
#6 C:\xampp\htdocs\codi\app\Controllers\DesenhistaPost.php(103): CodeIgniter\BaseModel->find()
#7 C:\xampp\htdocs\codi\system\CodeIgniter.php(934): App\Controllers\DesenhistaPost->desenho_tag_lista()
#8 C:\xampp\htdocs\codi\system\CodeIgniter.php(499): CodeIgniter\CodeIgniter->runController(Object(App\Controllers\DesenhistaPost))
#9 C:\xampp\htdocs\codi\system\CodeIgniter.php(368): CodeIgniter\CodeIgniter->handleRequest(NULL, Object(Config\Cache), false)
#10 C:\xampp\htdocs\codi\public\index.php(67): CodeIgniter\CodeIgniter->run()
#11 {main}
CRITICAL - 2023-07-25 19:46:09 --> Table 'teste.tag' doesn't exist
in SYSTEMPATH\Database\MySQLi\Connection.php on line 295.
 1 SYSTEMPATH\Database\MySQLi\Connection.php(295): mysqli->query('SELECT *
FROM `tag`', 0)
 2 SYSTEMPATH\Database\BaseConnection.php(692): CodeIgniter\Database\MySQLi\Connection->execute('SELECT *
FROM `tag`')
 3 SYSTEMPATH\Database\BaseConnection.php(606): CodeIgniter\Database\BaseConnection->simpleQuery('SELECT *
FROM `tag`')
 4 SYSTEMPATH\Database\BaseBuilder.php(1616): CodeIgniter\Database\BaseConnection->query('SELECT *
FROM `tag`', [], false)
 5 SYSTEMPATH\Model.php(203): CodeIgniter\Database\BaseBuilder->get()
 6 SYSTEMPATH\BaseModel.php(557): CodeIgniter\Model->doFind(false, null)
 7 APPPATH\Controllers\DesenhistaPost.php(103): CodeIgniter\BaseModel->find()
 8 SYSTEMPATH\CodeIgniter.php(934): App\Controllers\DesenhistaPost->desenho_tag_lista()
 9 SYSTEMPATH\CodeIgniter.php(499): CodeIgniter\CodeIgniter->runController(Object(App\Controllers\DesenhistaPost))
10 SYSTEMPATH\CodeIgniter.php(368): CodeIgniter\CodeIgniter->handleRequest(null, Object(Config\Cache), false)
11 FCPATH\index.php(67): CodeIgniter\CodeIgniter->run()
ERROR - 2023-07-25 19:46:10 --> mysqli_sql_exception: Table 'teste.tag' doesn't exist in C:\xampp\htdocs\codi\system\Database\MySQLi\Connection.php:295
Stack trace:
#0 C:\xampp\htdocs\codi\system\Database\MySQLi\Connection.php(295): mysqli->query('SELECT *\nFROM `...', 0)
#1 C:\xampp\htdocs\codi\system\Database\BaseConnection.php(692): CodeIgniter\Database\MySQLi\Connection->execute('SELECT *\nFROM `...')
#2 C:\xampp\htdocs\codi\system\Database\BaseConnection.php(606): CodeIgniter\Database\BaseConnection->simpleQuery('SELECT *\nFROM `...')
#3 C:\xampp\htdocs\codi\system\Database\BaseBuilder.php(1616): CodeIgniter\Database\BaseConnection->query('SELECT *\nFROM `...', Array, false)
#4 C:\xampp\htdocs\codi\system\Model.php(203): CodeIgniter\Database\BaseBuilder->get()
#5 C:\xampp\htdocs\codi\system\BaseModel.php(557): CodeIgniter\Model->doFind(false, NULL)
#6 C:\xampp\htdocs\codi\app\Controllers\DesenhistaPost.php(103): CodeIgniter\BaseModel->find()
#7 C:\xampp\htdocs\codi\system\CodeIgniter.php(934): App\Controllers\DesenhistaPost->desenho_tag_lista()
#8 C:\xampp\htdocs\codi\system\CodeIgniter.php(499): CodeIgniter\CodeIgniter->runController(Object(App\Controllers\DesenhistaPost))
#9 C:\xampp\htdocs\codi\system\CodeIgniter.php(368): CodeIgniter\CodeIgniter->handleRequest(NULL, Object(Config\Cache), false)
#10 C:\xampp\htdocs\codi\public\index.php(67): CodeIgniter\CodeIgniter->run()
#11 {main}
CRITICAL - 2023-07-25 19:46:10 --> Table 'teste.tag' doesn't exist
in SYSTEMPATH\Database\MySQLi\Connection.php on line 295.
 1 SYSTEMPATH\Database\MySQLi\Connection.php(295): mysqli->query('SELECT *
FROM `tag`', 0)
 2 SYSTEMPATH\Database\BaseConnection.php(692): CodeIgniter\Database\MySQLi\Connection->execute('SELECT *
FROM `tag`')
 3 SYSTEMPATH\Database\BaseConnection.php(606): CodeIgniter\Database\BaseConnection->simpleQuery('SELECT *
FROM `tag`')
 4 SYSTEMPATH\Database\BaseBuilder.php(1616): CodeIgniter\Database\BaseConnection->query('SELECT *
FROM `tag`', [], false)
 5 SYSTEMPATH\Model.php(203): CodeIgniter\Database\BaseBuilder->get()
 6 SYSTEMPATH\BaseModel.php(557): CodeIgniter\Model->doFind(false, null)
 7 APPPATH\Controllers\DesenhistaPost.php(103): CodeIgniter\BaseModel->find()
 8 SYSTEMPATH\CodeIgniter.php(934): App\Controllers\DesenhistaPost->desenho_tag_lista()
 9 SYSTEMPATH\CodeIgniter.php(499): CodeIgniter\CodeIgniter->runController(Object(App\Controllers\DesenhistaPost))
10 SYSTEMPATH\CodeIgniter.php(368): CodeIgniter\CodeIgniter->handleRequest(null, Object(Config\Cache), false)
11 FCPATH\index.php(67): CodeIgniter\CodeIgniter->run()
ERROR - 2023-07-25 19:46:11 --> mysqli_sql_exception: Table 'teste.tag' doesn't exist in C:\xampp\htdocs\codi\system\Database\MySQLi\Connection.php:295
Stack trace:
#0 C:\xampp\htdocs\codi\system\Database\MySQLi\Connection.php(295): mysqli->query('SELECT *\nFROM `...', 0)
#1 C:\xampp\htdocs\codi\system\Database\BaseConnection.php(692): CodeIgniter\Database\MySQLi\Connection->execute('SELECT *\nFROM `...')
#2 C:\xampp\htdocs\codi\system\Database\BaseConnection.php(606): CodeIgniter\Database\BaseConnection->simpleQuery('SELECT *\nFROM `...')
#3 C:\xampp\htdocs\codi\system\Database\BaseBuilder.php(1616): CodeIgniter\Database\BaseConnection->query('SELECT *\nFROM `...', Array, false)
#4 C:\xampp\htdocs\codi\system\Model.php(203): CodeIgniter\Database\BaseBuilder->get()
#5 C:\xampp\htdocs\codi\system\BaseModel.php(557): CodeIgniter\Model->doFind(false, NULL)
#6 C:\xampp\htdocs\codi\app\Controllers\DesenhistaPost.php(103): CodeIgniter\BaseModel->find()
#7 C:\xampp\htdocs\codi\system\CodeIgniter.php(934): App\Controllers\DesenhistaPost->desenho_tag_lista()
#8 C:\xampp\htdocs\codi\system\CodeIgniter.php(499): CodeIgniter\CodeIgniter->runController(Object(App\Controllers\DesenhistaPost))
#9 C:\xampp\htdocs\codi\system\CodeIgniter.php(368): CodeIgniter\CodeIgniter->handleRequest(NULL, Object(Config\Cache), false)
#10 C:\xampp\htdocs\codi\public\index.php(67): CodeIgniter\CodeIgniter->run()
#11 {main}
CRITICAL - 2023-07-25 19:46:11 --> Table 'teste.tag' doesn't exist
in SYSTEMPATH\Database\MySQLi\Connection.php on line 295.
 1 SYSTEMPATH\Database\MySQLi\Connection.php(295): mysqli->query('SELECT *
FROM `tag`', 0)
 2 SYSTEMPATH\Database\BaseConnection.php(692): CodeIgniter\Database\MySQLi\Connection->execute('SELECT *
FROM `tag`')
 3 SYSTEMPATH\Database\BaseConnection.php(606): CodeIgniter\Database\BaseConnection->simpleQuery('SELECT *
FROM `tag`')
 4 SYSTEMPATH\Database\BaseBuilder.php(1616): CodeIgniter\Database\BaseConnection->query('SELECT *
FROM `tag`', [], false)
 5 SYSTEMPATH\Model.php(203): CodeIgniter\Database\BaseBuilder->get()
 6 SYSTEMPATH\BaseModel.php(557): CodeIgniter\Model->doFind(false, null)
 7 APPPATH\Controllers\DesenhistaPost.php(103): CodeIgniter\BaseModel->find()
 8 SYSTEMPATH\CodeIgniter.php(934): App\Controllers\DesenhistaPost->desenho_tag_lista()
 9 SYSTEMPATH\CodeIgniter.php(499): CodeIgniter\CodeIgniter->runController(Object(App\Controllers\DesenhistaPost))
10 SYSTEMPATH\CodeIgniter.php(368): CodeIgniter\CodeIgniter->handleRequest(null, Object(Config\Cache), false)
11 FCPATH\index.php(67): CodeIgniter\CodeIgniter->run()
ERROR - 2023-07-25 19:46:12 --> mysqli_sql_exception: Table 'teste.tag' doesn't exist in C:\xampp\htdocs\codi\system\Database\MySQLi\Connection.php:295
Stack trace:
#0 C:\xampp\htdocs\codi\system\Database\MySQLi\Connection.php(295): mysqli->query('SELECT *\nFROM `...', 0)
#1 C:\xampp\htdocs\codi\system\Database\BaseConnection.php(692): CodeIgniter\Database\MySQLi\Connection->execute('SELECT *\nFROM `...')
#2 C:\xampp\htdocs\codi\system\Database\BaseConnection.php(606): CodeIgniter\Database\BaseConnection->simpleQuery('SELECT *\nFROM `...')
#3 C:\xampp\htdocs\codi\system\Database\BaseBuilder.php(1616): CodeIgniter\Database\BaseConnection->query('SELECT *\nFROM `...', Array, false)
#4 C:\xampp\htdocs\codi\system\Model.php(203): CodeIgniter\Database\BaseBuilder->get()
#5 C:\xampp\htdocs\codi\system\BaseModel.php(557): CodeIgniter\Model->doFind(false, NULL)
#6 C:\xampp\htdocs\codi\app\Controllers\DesenhistaPost.php(103): CodeIgniter\BaseModel->find()
#7 C:\xampp\htdocs\codi\system\CodeIgniter.php(934): App\Controllers\DesenhistaPost->desenho_tag_lista()
#8 C:\xampp\htdocs\codi\system\CodeIgniter.php(499): CodeIgniter\CodeIgniter->runController(Object(App\Controllers\DesenhistaPost))
#9 C:\xampp\htdocs\codi\system\CodeIgniter.php(368): CodeIgniter\CodeIgniter->handleRequest(NULL, Object(Config\Cache), false)
#10 C:\xampp\htdocs\codi\public\index.php(67): CodeIgniter\CodeIgniter->run()
#11 {main}
CRITICAL - 2023-07-25 19:46:12 --> Table 'teste.tag' doesn't exist
in SYSTEMPATH\Database\MySQLi\Connection.php on line 295.
 1 SYSTEMPATH\Database\MySQLi\Connection.php(295): mysqli->query('SELECT *
FROM `tag`', 0)
 2 SYSTEMPATH\Database\BaseConnection.php(692): CodeIgniter\Database\MySQLi\Connection->execute('SELECT *
FROM `tag`')
 3 SYSTEMPATH\Database\BaseConnection.php(606): CodeIgniter\Database\BaseConnection->simpleQuery('SELECT *
FROM `tag`')
 4 SYSTEMPATH\Database\BaseBuilder.php(1616): CodeIgniter\Database\BaseConnection->query('SELECT *
FROM `tag`', [], false)
 5 SYSTEMPATH\Model.php(203): CodeIgniter\Database\BaseBuilder->get()
 6 SYSTEMPATH\BaseModel.php(557): CodeIgniter\Model->doFind(false, null)
 7 APPPATH\Controllers\DesenhistaPost.php(103): CodeIgniter\BaseModel->find()
 8 SYSTEMPATH\CodeIgniter.php(934): App\Controllers\DesenhistaPost->desenho_tag_lista()
 9 SYSTEMPATH\CodeIgniter.php(499): CodeIgniter\CodeIgniter->runController(Object(App\Controllers\DesenhistaPost))
10 SYSTEMPATH\CodeIgniter.php(368): CodeIgniter\CodeIgniter->handleRequest(null, Object(Config\Cache), false)
11 FCPATH\index.php(67): CodeIgniter\CodeIgniter->run()
ERROR - 2023-07-25 19:46:13 --> mysqli_sql_exception: Table 'teste.tag' doesn't exist in C:\xampp\htdocs\codi\system\Database\MySQLi\Connection.php:295
Stack trace:
#0 C:\xampp\htdocs\codi\system\Database\MySQLi\Connection.php(295): mysqli->query('SELECT *\nFROM `...', 0)
#1 C:\xampp\htdocs\codi\system\Database\BaseConnection.php(692): CodeIgniter\Database\MySQLi\Connection->execute('SELECT *\nFROM `...')
#2 C:\xampp\htdocs\codi\system\Database\BaseConnection.php(606): CodeIgniter\Database\BaseConnection->simpleQuery('SELECT *\nFROM `...')
#3 C:\xampp\htdocs\codi\system\Database\BaseBuilder.php(1616): CodeIgniter\Database\BaseConnection->query('SELECT *\nFROM `...', Array, false)
#4 C:\xampp\htdocs\codi\system\Model.php(203): CodeIgniter\Database\BaseBuilder->get()
#5 C:\xampp\htdocs\codi\system\BaseModel.php(557): CodeIgniter\Model->doFind(false, NULL)
#6 C:\xampp\htdocs\codi\app\Controllers\DesenhistaPost.php(103): CodeIgniter\BaseModel->find()
#7 C:\xampp\htdocs\codi\system\CodeIgniter.php(934): App\Controllers\DesenhistaPost->desenho_tag_lista()
#8 C:\xampp\htdocs\codi\system\CodeIgniter.php(499): CodeIgniter\CodeIgniter->runController(Object(App\Controllers\DesenhistaPost))
#9 C:\xampp\htdocs\codi\system\CodeIgniter.php(368): CodeIgniter\CodeIgniter->handleRequest(NULL, Object(Config\Cache), false)
#10 C:\xampp\htdocs\codi\public\index.php(67): CodeIgniter\CodeIgniter->run()
#11 {main}
CRITICAL - 2023-07-25 19:46:13 --> Table 'teste.tag' doesn't exist
in SYSTEMPATH\Database\MySQLi\Connection.php on line 295.
 1 SYSTEMPATH\Database\MySQLi\Connection.php(295): mysqli->query('SELECT *
FROM `tag`', 0)
 2 SYSTEMPATH\Database\BaseConnection.php(692): CodeIgniter\Database\MySQLi\Connection->execute('SELECT *
FROM `tag`')
 3 SYSTEMPATH\Database\BaseConnection.php(606): CodeIgniter\Database\BaseConnection->simpleQuery('SELECT *
FROM `tag`')
 4 SYSTEMPATH\Database\BaseBuilder.php(1616): CodeIgniter\Database\BaseConnection->query('SELECT *
FROM `tag`', [], false)
 5 SYSTEMPATH\Model.php(203): CodeIgniter\Database\BaseBuilder->get()
 6 SYSTEMPATH\BaseModel.php(557): CodeIgniter\Model->doFind(false, null)
 7 APPPATH\Controllers\DesenhistaPost.php(103): CodeIgniter\BaseModel->find()
 8 SYSTEMPATH\CodeIgniter.php(934): App\Controllers\DesenhistaPost->desenho_tag_lista()
 9 SYSTEMPATH\CodeIgniter.php(499): CodeIgniter\CodeIgniter->runController(Object(App\Controllers\DesenhistaPost))
10 SYSTEMPATH\CodeIgniter.php(368): CodeIgniter\CodeIgniter->handleRequest(null, Object(Config\Cache), false)
11 FCPATH\index.php(67): CodeIgniter\CodeIgniter->run()
ERROR - 2023-07-25 19:46:14 --> mysqli_sql_exception: Table 'teste.tag' doesn't exist in C:\xampp\htdocs\codi\system\Database\MySQLi\Connection.php:295
Stack trace:
#0 C:\xampp\htdocs\codi\system\Database\MySQLi\Connection.php(295): mysqli->query('SELECT *\nFROM `...', 0)
#1 C:\xampp\htdocs\codi\system\Database\BaseConnection.php(692): CodeIgniter\Database\MySQLi\Connection->execute('SELECT *\nFROM `...')
#2 C:\xampp\htdocs\codi\system\Database\BaseConnection.php(606): CodeIgniter\Database\BaseConnection->simpleQuery('SELECT *\nFROM `...')
#3 C:\xampp\htdocs\codi\system\Database\BaseBuilder.php(1616): CodeIgniter\Database\BaseConnection->query('SELECT *\nFROM `...', Array, false)
#4 C:\xampp\htdocs\codi\system\Model.php(203): CodeIgniter\Database\BaseBuilder->get()
#5 C:\xampp\htdocs\codi\system\BaseModel.php(557): CodeIgniter\Model->doFind(false, NULL)
#6 C:\xampp\htdocs\codi\app\Controllers\DesenhistaPost.php(103): CodeIgniter\BaseModel->find()
#7 C:\xampp\htdocs\codi\system\CodeIgniter.php(934): App\Controllers\DesenhistaPost->desenho_tag_lista()
#8 C:\xampp\htdocs\codi\system\CodeIgniter.php(499): CodeIgniter\CodeIgniter->runController(Object(App\Controllers\DesenhistaPost))
#9 C:\xampp\htdocs\codi\system\CodeIgniter.php(368): CodeIgniter\CodeIgniter->handleRequest(NULL, Object(Config\Cache), false)
#10 C:\xampp\htdocs\codi\public\index.php(67): CodeIgniter\CodeIgniter->run()
#11 {main}
CRITICAL - 2023-07-25 19:46:14 --> Table 'teste.tag' doesn't exist
in SYSTEMPATH\Database\MySQLi\Connection.php on line 295.
 1 SYSTEMPATH\Database\MySQLi\Connection.php(295): mysqli->query('SELECT *
FROM `tag`', 0)
 2 SYSTEMPATH\Database\BaseConnection.php(692): CodeIgniter\Database\MySQLi\Connection->execute('SELECT *
FROM `tag`')
 3 SYSTEMPATH\Database\BaseConnection.php(606): CodeIgniter\Database\BaseConnection->simpleQuery('SELECT *
FROM `tag`')
 4 SYSTEMPATH\Database\BaseBuilder.php(1616): CodeIgniter\Database\BaseConnection->query('SELECT *
FROM `tag`', [], false)
 5 SYSTEMPATH\Model.php(203): CodeIgniter\Database\BaseBuilder->get()
 6 SYSTEMPATH\BaseModel.php(557): CodeIgniter\Model->doFind(false, null)
 7 APPPATH\Controllers\DesenhistaPost.php(103): CodeIgniter\BaseModel->find()
 8 SYSTEMPATH\CodeIgniter.php(934): App\Controllers\DesenhistaPost->desenho_tag_lista()
 9 SYSTEMPATH\CodeIgniter.php(499): CodeIgniter\CodeIgniter->runController(Object(App\Controllers\DesenhistaPost))
10 SYSTEMPATH\CodeIgniter.php(368): CodeIgniter\CodeIgniter->handleRequest(null, Object(Config\Cache), false)
11 FCPATH\index.php(67): CodeIgniter\CodeIgniter->run()
ERROR - 2023-07-25 19:46:15 --> mysqli_sql_exception: Table 'teste.tag' doesn't exist in C:\xampp\htdocs\codi\system\Database\MySQLi\Connection.php:295
Stack trace:
#0 C:\xampp\htdocs\codi\system\Database\MySQLi\Connection.php(295): mysqli->query('SELECT *\nFROM `...', 0)
#1 C:\xampp\htdocs\codi\system\Database\BaseConnection.php(692): CodeIgniter\Database\MySQLi\Connection->execute('SELECT *\nFROM `...')
#2 C:\xampp\htdocs\codi\system\Database\BaseConnection.php(606): CodeIgniter\Database\BaseConnection->simpleQuery('SELECT *\nFROM `...')
#3 C:\xampp\htdocs\codi\system\Database\BaseBuilder.php(1616): CodeIgniter\Database\BaseConnection->query('SELECT *\nFROM `...', Array, false)
#4 C:\xampp\htdocs\codi\system\Model.php(203): CodeIgniter\Database\BaseBuilder->get()
#5 C:\xampp\htdocs\codi\system\BaseModel.php(557): CodeIgniter\Model->doFind(false, NULL)
#6 C:\xampp\htdocs\codi\app\Controllers\DesenhistaPost.php(103): CodeIgniter\BaseModel->find()
#7 C:\xampp\htdocs\codi\system\CodeIgniter.php(934): App\Controllers\DesenhistaPost->desenho_tag_lista()
#8 C:\xampp\htdocs\codi\system\CodeIgniter.php(499): CodeIgniter\CodeIgniter->runController(Object(App\Controllers\DesenhistaPost))
#9 C:\xampp\htdocs\codi\system\CodeIgniter.php(368): CodeIgniter\CodeIgniter->handleRequest(NULL, Object(Config\Cache), false)
#10 C:\xampp\htdocs\codi\public\index.php(67): CodeIgniter\CodeIgniter->run()
#11 {main}
CRITICAL - 2023-07-25 19:46:15 --> Table 'teste.tag' doesn't exist
in SYSTEMPATH\Database\MySQLi\Connection.php on line 295.
 1 SYSTEMPATH\Database\MySQLi\Connection.php(295): mysqli->query('SELECT *
FROM `tag`', 0)
 2 SYSTEMPATH\Database\BaseConnection.php(692): CodeIgniter\Database\MySQLi\Connection->execute('SELECT *
FROM `tag`')
 3 SYSTEMPATH\Database\BaseConnection.php(606): CodeIgniter\Database\BaseConnection->simpleQuery('SELECT *
FROM `tag`')
 4 SYSTEMPATH\Database\BaseBuilder.php(1616): CodeIgniter\Database\BaseConnection->query('SELECT *
FROM `tag`', [], false)
 5 SYSTEMPATH\Model.php(203): CodeIgniter\Database\BaseBuilder->get()
 6 SYSTEMPATH\BaseModel.php(557): CodeIgniter\Model->doFind(false, null)
 7 APPPATH\Controllers\DesenhistaPost.php(103): CodeIgniter\BaseModel->find()
 8 SYSTEMPATH\CodeIgniter.php(934): App\Controllers\DesenhistaPost->desenho_tag_lista()
 9 SYSTEMPATH\CodeIgniter.php(499): CodeIgniter\CodeIgniter->runController(Object(App\Controllers\DesenhistaPost))
10 SYSTEMPATH\CodeIgniter.php(368): CodeIgniter\CodeIgniter->handleRequest(null, Object(Config\Cache), false)
11 FCPATH\index.php(67): CodeIgniter\CodeIgniter->run()
ERROR - 2023-07-25 19:46:16 --> mysqli_sql_exception: Table 'teste.tag' doesn't exist in C:\xampp\htdocs\codi\system\Database\MySQLi\Connection.php:295
Stack trace:
#0 C:\xampp\htdocs\codi\system\Database\MySQLi\Connection.php(295): mysqli->query('SELECT *\nFROM `...', 0)
#1 C:\xampp\htdocs\codi\system\Database\BaseConnection.php(692): CodeIgniter\Database\MySQLi\Connection->execute('SELECT *\nFROM `...')
#2 C:\xampp\htdocs\codi\system\Database\BaseConnection.php(606): CodeIgniter\Database\BaseConnection->simpleQuery('SELECT *\nFROM `...')
#3 C:\xampp\htdocs\codi\system\Database\BaseBuilder.php(1616): CodeIgniter\Database\BaseConnection->query('SELECT *\nFROM `...', Array, false)
#4 C:\xampp\htdocs\codi\system\Model.php(203): CodeIgniter\Database\BaseBuilder->get()
#5 C:\xampp\htdocs\codi\system\BaseModel.php(557): CodeIgniter\Model->doFind(false, NULL)
#6 C:\xampp\htdocs\codi\app\Controllers\DesenhistaPost.php(103): CodeIgniter\BaseModel->find()
#7 C:\xampp\htdocs\codi\system\CodeIgniter.php(934): App\Controllers\DesenhistaPost->desenho_tag_lista()
#8 C:\xampp\htdocs\codi\system\CodeIgniter.php(499): CodeIgniter\CodeIgniter->runController(Object(App\Controllers\DesenhistaPost))
#9 C:\xampp\htdocs\codi\system\CodeIgniter.php(368): CodeIgniter\CodeIgniter->handleRequest(NULL, Object(Config\Cache), false)
#10 C:\xampp\htdocs\codi\public\index.php(67): CodeIgniter\CodeIgniter->run()
#11 {main}
CRITICAL - 2023-07-25 19:46:16 --> Table 'teste.tag' doesn't exist
in SYSTEMPATH\Database\MySQLi\Connection.php on line 295.
 1 SYSTEMPATH\Database\MySQLi\Connection.php(295): mysqli->query('SELECT *
FROM `tag`', 0)
 2 SYSTEMPATH\Database\BaseConnection.php(692): CodeIgniter\Database\MySQLi\Connection->execute('SELECT *
FROM `tag`')
 3 SYSTEMPATH\Database\BaseConnection.php(606): CodeIgniter\Database\BaseConnection->simpleQuery('SELECT *
FROM `tag`')
 4 SYSTEMPATH\Database\BaseBuilder.php(1616): CodeIgniter\Database\BaseConnection->query('SELECT *
FROM `tag`', [], false)
 5 SYSTEMPATH\Model.php(203): CodeIgniter\Database\BaseBuilder->get()
 6 SYSTEMPATH\BaseModel.php(557): CodeIgniter\Model->doFind(false, null)
 7 APPPATH\Controllers\DesenhistaPost.php(103): CodeIgniter\BaseModel->find()
 8 SYSTEMPATH\CodeIgniter.php(934): App\Controllers\DesenhistaPost->desenho_tag_lista()
 9 SYSTEMPATH\CodeIgniter.php(499): CodeIgniter\CodeIgniter->runController(Object(App\Controllers\DesenhistaPost))
10 SYSTEMPATH\CodeIgniter.php(368): CodeIgniter\CodeIgniter->handleRequest(null, Object(Config\Cache), false)
11 FCPATH\index.php(67): CodeIgniter\CodeIgniter->run()
ERROR - 2023-07-25 19:46:17 --> mysqli_sql_exception: Table 'teste.tag' doesn't exist in C:\xampp\htdocs\codi\system\Database\MySQLi\Connection.php:295
Stack trace:
#0 C:\xampp\htdocs\codi\system\Database\MySQLi\Connection.php(295): mysqli->query('SELECT *\nFROM `...', 0)
#1 C:\xampp\htdocs\codi\system\Database\BaseConnection.php(692): CodeIgniter\Database\MySQLi\Connection->execute('SELECT *\nFROM `...')
#2 C:\xampp\htdocs\codi\system\Database\BaseConnection.php(606): CodeIgniter\Database\BaseConnection->simpleQuery('SELECT *\nFROM `...')
#3 C:\xampp\htdocs\codi\system\Database\BaseBuilder.php(1616): CodeIgniter\Database\BaseConnection->query('SELECT *\nFROM `...', Array, false)
#4 C:\xampp\htdocs\codi\system\Model.php(203): CodeIgniter\Database\BaseBuilder->get()
#5 C:\xampp\htdocs\codi\system\BaseModel.php(557): CodeIgniter\Model->doFind(false, NULL)
#6 C:\xampp\htdocs\codi\app\Controllers\DesenhistaPost.php(103): CodeIgniter\BaseModel->find()
#7 C:\xampp\htdocs\codi\system\CodeIgniter.php(934): App\Controllers\DesenhistaPost->desenho_tag_lista()
#8 C:\xampp\htdocs\codi\system\CodeIgniter.php(499): CodeIgniter\CodeIgniter->runController(Object(App\Controllers\DesenhistaPost))
#9 C:\xampp\htdocs\codi\system\CodeIgniter.php(368): CodeIgniter\CodeIgniter->handleRequest(NULL, Object(Config\Cache), false)
#10 C:\xampp\htdocs\codi\public\index.php(67): CodeIgniter\CodeIgniter->run()
#11 {main}
CRITICAL - 2023-07-25 19:46:17 --> Table 'teste.tag' doesn't exist
in SYSTEMPATH\Database\MySQLi\Connection.php on line 295.
 1 SYSTEMPATH\Database\MySQLi\Connection.php(295): mysqli->query('SELECT *
FROM `tag`', 0)
 2 SYSTEMPATH\Database\BaseConnection.php(692): CodeIgniter\Database\MySQLi\Connection->execute('SELECT *
FROM `tag`')
 3 SYSTEMPATH\Database\BaseConnection.php(606): CodeIgniter\Database\BaseConnection->simpleQuery('SELECT *
FROM `tag`')
 4 SYSTEMPATH\Database\BaseBuilder.php(1616): CodeIgniter\Database\BaseConnection->query('SELECT *
FROM `tag`', [], false)
 5 SYSTEMPATH\Model.php(203): CodeIgniter\Database\BaseBuilder->get()
 6 SYSTEMPATH\BaseModel.php(557): CodeIgniter\Model->doFind(false, null)
 7 APPPATH\Controllers\DesenhistaPost.php(103): CodeIgniter\BaseModel->find()
 8 SYSTEMPATH\CodeIgniter.php(934): App\Controllers\DesenhistaPost->desenho_tag_lista()
 9 SYSTEMPATH\CodeIgniter.php(499): CodeIgniter\CodeIgniter->runController(Object(App\Controllers\DesenhistaPost))
10 SYSTEMPATH\CodeIgniter.php(368): CodeIgniter\CodeIgniter->handleRequest(null, Object(Config\Cache), false)
11 FCPATH\index.php(67): CodeIgniter\CodeIgniter->run()
ERROR - 2023-07-25 19:46:17 --> mysqli_sql_exception: Table 'teste.tag' doesn't exist in C:\xampp\htdocs\codi\system\Database\MySQLi\Connection.php:295
Stack trace:
#0 C:\xampp\htdocs\codi\system\Database\MySQLi\Connection.php(295): mysqli->query('SELECT *\nFROM `...', 0)
#1 C:\xampp\htdocs\codi\system\Database\BaseConnection.php(692): CodeIgniter\Database\MySQLi\Connection->execute('SELECT *\nFROM `...')
#2 C:\xampp\htdocs\codi\system\Database\BaseConnection.php(606): CodeIgniter\Database\BaseConnection->simpleQuery('SELECT *\nFROM `...')
#3 C:\xampp\htdocs\codi\system\Database\BaseBuilder.php(1616): CodeIgniter\Database\BaseConnection->query('SELECT *\nFROM `...', Array, false)
#4 C:\xampp\htdocs\codi\system\Model.php(203): CodeIgniter\Database\BaseBuilder->get()
#5 C:\xampp\htdocs\codi\system\BaseModel.php(557): CodeIgniter\Model->doFind(false, NULL)
#6 C:\xampp\htdocs\codi\app\Controllers\DesenhistaPost.php(103): CodeIgniter\BaseModel->find()
#7 C:\xampp\htdocs\codi\system\CodeIgniter.php(934): App\Controllers\DesenhistaPost->desenho_tag_lista()
#8 C:\xampp\htdocs\codi\system\CodeIgniter.php(499): CodeIgniter\CodeIgniter->runController(Object(App\Controllers\DesenhistaPost))
#9 C:\xampp\htdocs\codi\system\CodeIgniter.php(368): CodeIgniter\CodeIgniter->handleRequest(NULL, Object(Config\Cache), false)
#10 C:\xampp\htdocs\codi\public\index.php(67): CodeIgniter\CodeIgniter->run()
#11 {main}
CRITICAL - 2023-07-25 19:46:17 --> Table 'teste.tag' doesn't exist
in SYSTEMPATH\Database\MySQLi\Connection.php on line 295.
 1 SYSTEMPATH\Database\MySQLi\Connection.php(295): mysqli->query('SELECT *
FROM `tag`', 0)
 2 SYSTEMPATH\Database\BaseConnection.php(692): CodeIgniter\Database\MySQLi\Connection->execute('SELECT *
FROM `tag`')
 3 SYSTEMPATH\Database\BaseConnection.php(606): CodeIgniter\Database\BaseConnection->simpleQuery('SELECT *
FROM `tag`')
 4 SYSTEMPATH\Database\BaseBuilder.php(1616): CodeIgniter\Database\BaseConnection->query('SELECT *
FROM `tag`', [], false)
 5 SYSTEMPATH\Model.php(203): CodeIgniter\Database\BaseBuilder->get()
 6 SYSTEMPATH\BaseModel.php(557): CodeIgniter\Model->doFind(false, null)
 7 APPPATH\Controllers\DesenhistaPost.php(103): CodeIgniter\BaseModel->find()
 8 SYSTEMPATH\CodeIgniter.php(934): App\Controllers\DesenhistaPost->desenho_tag_lista()
 9 SYSTEMPATH\CodeIgniter.php(499): CodeIgniter\CodeIgniter->runController(Object(App\Controllers\DesenhistaPost))
10 SYSTEMPATH\CodeIgniter.php(368): CodeIgniter\CodeIgniter->handleRequest(null, Object(Config\Cache), false)
11 FCPATH\index.php(67): CodeIgniter\CodeIgniter->run()
ERROR - 2023-07-25 19:46:19 --> mysqli_sql_exception: Table 'teste.tag' doesn't exist in C:\xampp\htdocs\codi\system\Database\MySQLi\Connection.php:295
Stack trace:
#0 C:\xampp\htdocs\codi\system\Database\MySQLi\Connection.php(295): mysqli->query('SELECT *\nFROM `...', 0)
#1 C:\xampp\htdocs\codi\system\Database\BaseConnection.php(692): CodeIgniter\Database\MySQLi\Connection->execute('SELECT *\nFROM `...')
#2 C:\xampp\htdocs\codi\system\Database\BaseConnection.php(606): CodeIgniter\Database\BaseConnection->simpleQuery('SELECT *\nFROM `...')
#3 C:\xampp\htdocs\codi\system\Database\BaseBuilder.php(1616): CodeIgniter\Database\BaseConnection->query('SELECT *\nFROM `...', Array, false)
#4 C:\xampp\htdocs\codi\system\Model.php(203): CodeIgniter\Database\BaseBuilder->get()
#5 C:\xampp\htdocs\codi\system\BaseModel.php(557): CodeIgniter\Model->doFind(false, NULL)
#6 C:\xampp\htdocs\codi\app\Controllers\DesenhistaPost.php(103): CodeIgniter\BaseModel->find()
#7 C:\xampp\htdocs\codi\system\CodeIgniter.php(934): App\Controllers\DesenhistaPost->desenho_tag_lista()
#8 C:\xampp\htdocs\codi\system\CodeIgniter.php(499): CodeIgniter\CodeIgniter->runController(Object(App\Controllers\DesenhistaPost))
#9 C:\xampp\htdocs\codi\system\CodeIgniter.php(368): CodeIgniter\CodeIgniter->handleRequest(NULL, Object(Config\Cache), false)
#10 C:\xampp\htdocs\codi\public\index.php(67): CodeIgniter\CodeIgniter->run()
#11 {main}
CRITICAL - 2023-07-25 19:46:19 --> Table 'teste.tag' doesn't exist
in SYSTEMPATH\Database\MySQLi\Connection.php on line 295.
 1 SYSTEMPATH\Database\MySQLi\Connection.php(295): mysqli->query('SELECT *
FROM `tag`', 0)
 2 SYSTEMPATH\Database\BaseConnection.php(692): CodeIgniter\Database\MySQLi\Connection->execute('SELECT *
FROM `tag`')
 3 SYSTEMPATH\Database\BaseConnection.php(606): CodeIgniter\Database\BaseConnection->simpleQuery('SELECT *
FROM `tag`')
 4 SYSTEMPATH\Database\BaseBuilder.php(1616): CodeIgniter\Database\BaseConnection->query('SELECT *
FROM `tag`', [], false)
 5 SYSTEMPATH\Model.php(203): CodeIgniter\Database\BaseBuilder->get()
 6 SYSTEMPATH\BaseModel.php(557): CodeIgniter\Model->doFind(false, null)
 7 APPPATH\Controllers\DesenhistaPost.php(103): CodeIgniter\BaseModel->find()
 8 SYSTEMPATH\CodeIgniter.php(934): App\Controllers\DesenhistaPost->desenho_tag_lista()
 9 SYSTEMPATH\CodeIgniter.php(499): CodeIgniter\CodeIgniter->runController(Object(App\Controllers\DesenhistaPost))
10 SYSTEMPATH\CodeIgniter.php(368): CodeIgniter\CodeIgniter->handleRequest(null, Object(Config\Cache), false)
11 FCPATH\index.php(67): CodeIgniter\CodeIgniter->run()
ERROR - 2023-07-25 19:46:20 --> mysqli_sql_exception: Table 'teste.tag' doesn't exist in C:\xampp\htdocs\codi\system\Database\MySQLi\Connection.php:295
Stack trace:
#0 C:\xampp\htdocs\codi\system\Database\MySQLi\Connection.php(295): mysqli->query('SELECT *\nFROM `...', 0)
#1 C:\xampp\htdocs\codi\system\Database\BaseConnection.php(692): CodeIgniter\Database\MySQLi\Connection->execute('SELECT *\nFROM `...')
#2 C:\xampp\htdocs\codi\system\Database\BaseConnection.php(606): CodeIgniter\Database\BaseConnection->simpleQuery('SELECT *\nFROM `...')
#3 C:\xampp\htdocs\codi\system\Database\BaseBuilder.php(1616): CodeIgniter\Database\BaseConnection->query('SELECT *\nFROM `...', Array, false)
#4 C:\xampp\htdocs\codi\system\Model.php(203): CodeIgniter\Database\BaseBuilder->get()
#5 C:\xampp\htdocs\codi\system\BaseModel.php(557): CodeIgniter\Model->doFind(false, NULL)
#6 C:\xampp\htdocs\codi\app\Controllers\DesenhistaPost.php(103): CodeIgniter\BaseModel->find()
#7 C:\xampp\htdocs\codi\system\CodeIgniter.php(934): App\Controllers\DesenhistaPost->desenho_tag_lista()
#8 C:\xampp\htdocs\codi\system\CodeIgniter.php(499): CodeIgniter\CodeIgniter->runController(Object(App\Controllers\DesenhistaPost))
#9 C:\xampp\htdocs\codi\system\CodeIgniter.php(368): CodeIgniter\CodeIgniter->handleRequest(NULL, Object(Config\Cache), false)
#10 C:\xampp\htdocs\codi\public\index.php(67): CodeIgniter\CodeIgniter->run()
#11 {main}
CRITICAL - 2023-07-25 19:46:20 --> Table 'teste.tag' doesn't exist
in SYSTEMPATH\Database\MySQLi\Connection.php on line 295.
 1 SYSTEMPATH\Database\MySQLi\Connection.php(295): mysqli->query('SELECT *
FROM `tag`', 0)
 2 SYSTEMPATH\Database\BaseConnection.php(692): CodeIgniter\Database\MySQLi\Connection->execute('SELECT *
FROM `tag`')
 3 SYSTEMPATH\Database\BaseConnection.php(606): CodeIgniter\Database\BaseConnection->simpleQuery('SELECT *
FROM `tag`')
 4 SYSTEMPATH\Database\BaseBuilder.php(1616): CodeIgniter\Database\BaseConnection->query('SELECT *
FROM `tag`', [], false)
 5 SYSTEMPATH\Model.php(203): CodeIgniter\Database\BaseBuilder->get()
 6 SYSTEMPATH\BaseModel.php(557): CodeIgniter\Model->doFind(false, null)
 7 APPPATH\Controllers\DesenhistaPost.php(103): CodeIgniter\BaseModel->find()
 8 SYSTEMPATH\CodeIgniter.php(934): App\Controllers\DesenhistaPost->desenho_tag_lista()
 9 SYSTEMPATH\CodeIgniter.php(499): CodeIgniter\CodeIgniter->runController(Object(App\Controllers\DesenhistaPost))
10 SYSTEMPATH\CodeIgniter.php(368): CodeIgniter\CodeIgniter->handleRequest(null, Object(Config\Cache), false)
11 FCPATH\index.php(67): CodeIgniter\CodeIgniter->run()
ERROR - 2023-07-25 19:46:20 --> mysqli_sql_exception: Table 'teste.tag' doesn't exist in C:\xampp\htdocs\codi\system\Database\MySQLi\Connection.php:295
Stack trace:
#0 C:\xampp\htdocs\codi\system\Database\MySQLi\Connection.php(295): mysqli->query('SELECT *\nFROM `...', 0)
#1 C:\xampp\htdocs\codi\system\Database\BaseConnection.php(692): CodeIgniter\Database\MySQLi\Connection->execute('SELECT *\nFROM `...')
#2 C:\xampp\htdocs\codi\system\Database\BaseConnection.php(606): CodeIgniter\Database\BaseConnection->simpleQuery('SELECT *\nFROM `...')
#3 C:\xampp\htdocs\codi\system\Database\BaseBuilder.php(1616): CodeIgniter\Database\BaseConnection->query('SELECT *\nFROM `...', Array, false)
#4 C:\xampp\htdocs\codi\system\Model.php(203): CodeIgniter\Database\BaseBuilder->get()
#5 C:\xampp\htdocs\codi\system\BaseModel.php(557): CodeIgniter\Model->doFind(false, NULL)
#6 C:\xampp\htdocs\codi\app\Controllers\DesenhistaPost.php(103): CodeIgniter\BaseModel->find()
#7 C:\xampp\htdocs\codi\system\CodeIgniter.php(934): App\Controllers\DesenhistaPost->desenho_tag_lista()
#8 C:\xampp\htdocs\codi\system\CodeIgniter.php(499): CodeIgniter\CodeIgniter->runController(Object(App\Controllers\DesenhistaPost))
#9 C:\xampp\htdocs\codi\system\CodeIgniter.php(368): CodeIgniter\CodeIgniter->handleRequest(NULL, Object(Config\Cache), false)
#10 C:\xampp\htdocs\codi\public\index.php(67): CodeIgniter\CodeIgniter->run()
#11 {main}
CRITICAL - 2023-07-25 19:46:20 --> Table 'teste.tag' doesn't exist
in SYSTEMPATH\Database\MySQLi\Connection.php on line 295.
 1 SYSTEMPATH\Database\MySQLi\Connection.php(295): mysqli->query('SELECT *
FROM `tag`', 0)
 2 SYSTEMPATH\Database\BaseConnection.php(692): CodeIgniter\Database\MySQLi\Connection->execute('SELECT *
FROM `tag`')
 3 SYSTEMPATH\Database\BaseConnection.php(606): CodeIgniter\Database\BaseConnection->simpleQuery('SELECT *
FROM `tag`')
 4 SYSTEMPATH\Database\BaseBuilder.php(1616): CodeIgniter\Database\BaseConnection->query('SELECT *
FROM `tag`', [], false)
 5 SYSTEMPATH\Model.php(203): CodeIgniter\Database\BaseBuilder->get()
 6 SYSTEMPATH\BaseModel.php(557): CodeIgniter\Model->doFind(false, null)
 7 APPPATH\Controllers\DesenhistaPost.php(103): CodeIgniter\BaseModel->find()
 8 SYSTEMPATH\CodeIgniter.php(934): App\Controllers\DesenhistaPost->desenho_tag_lista()
 9 SYSTEMPATH\CodeIgniter.php(499): CodeIgniter\CodeIgniter->runController(Object(App\Controllers\DesenhistaPost))
10 SYSTEMPATH\CodeIgniter.php(368): CodeIgniter\CodeIgniter->handleRequest(null, Object(Config\Cache), false)
11 FCPATH\index.php(67): CodeIgniter\CodeIgniter->run()
ERROR - 2023-07-25 19:46:21 --> mysqli_sql_exception: Table 'teste.tag' doesn't exist in C:\xampp\htdocs\codi\system\Database\MySQLi\Connection.php:295
Stack trace:
#0 C:\xampp\htdocs\codi\system\Database\MySQLi\Connection.php(295): mysqli->query('SELECT *\nFROM `...', 0)
#1 C:\xampp\htdocs\codi\system\Database\BaseConnection.php(692): CodeIgniter\Database\MySQLi\Connection->execute('SELECT *\nFROM `...')
#2 C:\xampp\htdocs\codi\system\Database\BaseConnection.php(606): CodeIgniter\Database\BaseConnection->simpleQuery('SELECT *\nFROM `...')
#3 C:\xampp\htdocs\codi\system\Database\BaseBuilder.php(1616): CodeIgniter\Database\BaseConnection->query('SELECT *\nFROM `...', Array, false)
#4 C:\xampp\htdocs\codi\system\Model.php(203): CodeIgniter\Database\BaseBuilder->get()
#5 C:\xampp\htdocs\codi\system\BaseModel.php(557): CodeIgniter\Model->doFind(false, NULL)
#6 C:\xampp\htdocs\codi\app\Controllers\DesenhistaPost.php(103): CodeIgniter\BaseModel->find()
#7 C:\xampp\htdocs\codi\system\CodeIgniter.php(934): App\Controllers\DesenhistaPost->desenho_tag_lista()
#8 C:\xampp\htdocs\codi\system\CodeIgniter.php(499): CodeIgniter\CodeIgniter->runController(Object(App\Controllers\DesenhistaPost))
#9 C:\xampp\htdocs\codi\system\CodeIgniter.php(368): CodeIgniter\CodeIgniter->handleRequest(NULL, Object(Config\Cache), false)
#10 C:\xampp\htdocs\codi\public\index.php(67): CodeIgniter\CodeIgniter->run()
#11 {main}
CRITICAL - 2023-07-25 19:46:21 --> Table 'teste.tag' doesn't exist
in SYSTEMPATH\Database\MySQLi\Connection.php on line 295.
 1 SYSTEMPATH\Database\MySQLi\Connection.php(295): mysqli->query('SELECT *
FROM `tag`', 0)
 2 SYSTEMPATH\Database\BaseConnection.php(692): CodeIgniter\Database\MySQLi\Connection->execute('SELECT *
FROM `tag`')
 3 SYSTEMPATH\Database\BaseConnection.php(606): CodeIgniter\Database\BaseConnection->simpleQuery('SELECT *
FROM `tag`')
 4 SYSTEMPATH\Database\BaseBuilder.php(1616): CodeIgniter\Database\BaseConnection->query('SELECT *
FROM `tag`', [], false)
 5 SYSTEMPATH\Model.php(203): CodeIgniter\Database\BaseBuilder->get()
 6 SYSTEMPATH\BaseModel.php(557): CodeIgniter\Model->doFind(false, null)
 7 APPPATH\Controllers\DesenhistaPost.php(103): CodeIgniter\BaseModel->find()
 8 SYSTEMPATH\CodeIgniter.php(934): App\Controllers\DesenhistaPost->desenho_tag_lista()
 9 SYSTEMPATH\CodeIgniter.php(499): CodeIgniter\CodeIgniter->runController(Object(App\Controllers\DesenhistaPost))
10 SYSTEMPATH\CodeIgniter.php(368): CodeIgniter\CodeIgniter->handleRequest(null, Object(Config\Cache), false)
11 FCPATH\index.php(67): CodeIgniter\CodeIgniter->run()
ERROR - 2023-07-25 19:46:22 --> mysqli_sql_exception: Table 'teste.tag' doesn't exist in C:\xampp\htdocs\codi\system\Database\MySQLi\Connection.php:295
Stack trace:
#0 C:\xampp\htdocs\codi\system\Database\MySQLi\Connection.php(295): mysqli->query('SELECT *\nFROM `...', 0)
#1 C:\xampp\htdocs\codi\system\Database\BaseConnection.php(692): CodeIgniter\Database\MySQLi\Connection->execute('SELECT *\nFROM `...')
#2 C:\xampp\htdocs\codi\system\Database\BaseConnection.php(606): CodeIgniter\Database\BaseConnection->simpleQuery('SELECT *\nFROM `...')
#3 C:\xampp\htdocs\codi\system\Database\BaseBuilder.php(1616): CodeIgniter\Database\BaseConnection->query('SELECT *\nFROM `...', Array, false)
#4 C:\xampp\htdocs\codi\system\Model.php(203): CodeIgniter\Database\BaseBuilder->get()
#5 C:\xampp\htdocs\codi\system\BaseModel.php(557): CodeIgniter\Model->doFind(false, NULL)
#6 C:\xampp\htdocs\codi\app\Controllers\DesenhistaPost.php(103): CodeIgniter\BaseModel->find()
#7 C:\xampp\htdocs\codi\system\CodeIgniter.php(934): App\Controllers\DesenhistaPost->desenho_tag_lista()
#8 C:\xampp\htdocs\codi\system\CodeIgniter.php(499): CodeIgniter\CodeIgniter->runController(Object(App\Controllers\DesenhistaPost))
#9 C:\xampp\htdocs\codi\system\CodeIgniter.php(368): CodeIgniter\CodeIgniter->handleRequest(NULL, Object(Config\Cache), false)
#10 C:\xampp\htdocs\codi\public\index.php(67): CodeIgniter\CodeIgniter->run()
#11 {main}
CRITICAL - 2023-07-25 19:46:22 --> Table 'teste.tag' doesn't exist
in SYSTEMPATH\Database\MySQLi\Connection.php on line 295.
 1 SYSTEMPATH\Database\MySQLi\Connection.php(295): mysqli->query('SELECT *
FROM `tag`', 0)
 2 SYSTEMPATH\Database\BaseConnection.php(692): CodeIgniter\Database\MySQLi\Connection->execute('SELECT *
FROM `tag`')
 3 SYSTEMPATH\Database\BaseConnection.php(606): CodeIgniter\Database\BaseConnection->simpleQuery('SELECT *
FROM `tag`')
 4 SYSTEMPATH\Database\BaseBuilder.php(1616): CodeIgniter\Database\BaseConnection->query('SELECT *
FROM `tag`', [], false)
 5 SYSTEMPATH\Model.php(203): CodeIgniter\Database\BaseBuilder->get()
 6 SYSTEMPATH\BaseModel.php(557): CodeIgniter\Model->doFind(false, null)
 7 APPPATH\Controllers\DesenhistaPost.php(103): CodeIgniter\BaseModel->find()
 8 SYSTEMPATH\CodeIgniter.php(934): App\Controllers\DesenhistaPost->desenho_tag_lista()
 9 SYSTEMPATH\CodeIgniter.php(499): CodeIgniter\CodeIgniter->runController(Object(App\Controllers\DesenhistaPost))
10 SYSTEMPATH\CodeIgniter.php(368): CodeIgniter\CodeIgniter->handleRequest(null, Object(Config\Cache), false)
11 FCPATH\index.php(67): CodeIgniter\CodeIgniter->run()
ERROR - 2023-07-25 19:46:23 --> mysqli_sql_exception: Table 'teste.tag' doesn't exist in C:\xampp\htdocs\codi\system\Database\MySQLi\Connection.php:295
Stack trace:
#0 C:\xampp\htdocs\codi\system\Database\MySQLi\Connection.php(295): mysqli->query('SELECT *\nFROM `...', 0)
#1 C:\xampp\htdocs\codi\system\Database\BaseConnection.php(692): CodeIgniter\Database\MySQLi\Connection->execute('SELECT *\nFROM `...')
#2 C:\xampp\htdocs\codi\system\Database\BaseConnection.php(606): CodeIgniter\Database\BaseConnection->simpleQuery('SELECT *\nFROM `...')
#3 C:\xampp\htdocs\codi\system\Database\BaseBuilder.php(1616): CodeIgniter\Database\BaseConnection->query('SELECT *\nFROM `...', Array, false)
#4 C:\xampp\htdocs\codi\system\Model.php(203): CodeIgniter\Database\BaseBuilder->get()
#5 C:\xampp\htdocs\codi\system\BaseModel.php(557): CodeIgniter\Model->doFind(false, NULL)
#6 C:\xampp\htdocs\codi\app\Controllers\DesenhistaPost.php(103): CodeIgniter\BaseModel->find()
#7 C:\xampp\htdocs\codi\system\CodeIgniter.php(934): App\Controllers\DesenhistaPost->desenho_tag_lista()
#8 C:\xampp\htdocs\codi\system\CodeIgniter.php(499): CodeIgniter\CodeIgniter->runController(Object(App\Controllers\DesenhistaPost))
#9 C:\xampp\htdocs\codi\system\CodeIgniter.php(368): CodeIgniter\CodeIgniter->handleRequest(NULL, Object(Config\Cache), false)
#10 C:\xampp\htdocs\codi\public\index.php(67): CodeIgniter\CodeIgniter->run()
#11 {main}
CRITICAL - 2023-07-25 19:46:23 --> Table 'teste.tag' doesn't exist
in SYSTEMPATH\Database\MySQLi\Connection.php on line 295.
 1 SYSTEMPATH\Database\MySQLi\Connection.php(295): mysqli->query('SELECT *
FROM `tag`', 0)
 2 SYSTEMPATH\Database\BaseConnection.php(692): CodeIgniter\Database\MySQLi\Connection->execute('SELECT *
FROM `tag`')
 3 SYSTEMPATH\Database\BaseConnection.php(606): CodeIgniter\Database\BaseConnection->simpleQuery('SELECT *
FROM `tag`')
 4 SYSTEMPATH\Database\BaseBuilder.php(1616): CodeIgniter\Database\BaseConnection->query('SELECT *
FROM `tag`', [], false)
 5 SYSTEMPATH\Model.php(203): CodeIgniter\Database\BaseBuilder->get()
 6 SYSTEMPATH\BaseModel.php(557): CodeIgniter\Model->doFind(false, null)
 7 APPPATH\Controllers\DesenhistaPost.php(103): CodeIgniter\BaseModel->find()
 8 SYSTEMPATH\CodeIgniter.php(934): App\Controllers\DesenhistaPost->desenho_tag_lista()
 9 SYSTEMPATH\CodeIgniter.php(499): CodeIgniter\CodeIgniter->runController(Object(App\Controllers\DesenhistaPost))
10 SYSTEMPATH\CodeIgniter.php(368): CodeIgniter\CodeIgniter->handleRequest(null, Object(Config\Cache), false)
11 FCPATH\index.php(67): CodeIgniter\CodeIgniter->run()
ERROR - 2023-07-25 19:46:24 --> mysqli_sql_exception: Table 'teste.tag' doesn't exist in C:\xampp\htdocs\codi\system\Database\MySQLi\Connection.php:295
Stack trace:
#0 C:\xampp\htdocs\codi\system\Database\MySQLi\Connection.php(295): mysqli->query('SELECT *\nFROM `...', 0)
#1 C:\xampp\htdocs\codi\system\Database\BaseConnection.php(692): CodeIgniter\Database\MySQLi\Connection->execute('SELECT *\nFROM `...')
#2 C:\xampp\htdocs\codi\system\Database\BaseConnection.php(606): CodeIgniter\Database\BaseConnection->simpleQuery('SELECT *\nFROM `...')
#3 C:\xampp\htdocs\codi\system\Database\BaseBuilder.php(1616): CodeIgniter\Database\BaseConnection->query('SELECT *\nFROM `...', Array, false)
#4 C:\xampp\htdocs\codi\system\Model.php(203): CodeIgniter\Database\BaseBuilder->get()
#5 C:\xampp\htdocs\codi\system\BaseModel.php(557): CodeIgniter\Model->doFind(false, NULL)
#6 C:\xampp\htdocs\codi\app\Controllers\DesenhistaPost.php(103): CodeIgniter\BaseModel->find()
#7 C:\xampp\htdocs\codi\system\CodeIgniter.php(934): App\Controllers\DesenhistaPost->desenho_tag_lista()
#8 C:\xampp\htdocs\codi\system\CodeIgniter.php(499): CodeIgniter\CodeIgniter->runController(Object(App\Controllers\DesenhistaPost))
#9 C:\xampp\htdocs\codi\system\CodeIgniter.php(368): CodeIgniter\CodeIgniter->handleRequest(NULL, Object(Config\Cache), false)
#10 C:\xampp\htdocs\codi\public\index.php(67): CodeIgniter\CodeIgniter->run()
#11 {main}
CRITICAL - 2023-07-25 19:46:24 --> Table 'teste.tag' doesn't exist
in SYSTEMPATH\Database\MySQLi\Connection.php on line 295.
 1 SYSTEMPATH\Database\MySQLi\Connection.php(295): mysqli->query('SELECT *
FROM `tag`', 0)
 2 SYSTEMPATH\Database\BaseConnection.php(692): CodeIgniter\Database\MySQLi\Connection->execute('SELECT *
FROM `tag`')
 3 SYSTEMPATH\Database\BaseConnection.php(606): CodeIgniter\Database\BaseConnection->simpleQuery('SELECT *
FROM `tag`')
 4 SYSTEMPATH\Database\BaseBuilder.php(1616): CodeIgniter\Database\BaseConnection->query('SELECT *
FROM `tag`', [], false)
 5 SYSTEMPATH\Model.php(203): CodeIgniter\Database\BaseBuilder->get()
 6 SYSTEMPATH\BaseModel.php(557): CodeIgniter\Model->doFind(false, null)
 7 APPPATH\Controllers\DesenhistaPost.php(103): CodeIgniter\BaseModel->find()
 8 SYSTEMPATH\CodeIgniter.php(934): App\Controllers\DesenhistaPost->desenho_tag_lista()
 9 SYSTEMPATH\CodeIgniter.php(499): CodeIgniter\CodeIgniter->runController(Object(App\Controllers\DesenhistaPost))
10 SYSTEMPATH\CodeIgniter.php(368): CodeIgniter\CodeIgniter->handleRequest(null, Object(Config\Cache), false)
11 FCPATH\index.php(67): CodeIgniter\CodeIgniter->run()
ERROR - 2023-07-25 19:46:25 --> mysqli_sql_exception: Table 'teste.tag' doesn't exist in C:\xampp\htdocs\codi\system\Database\MySQLi\Connection.php:295
Stack trace:
#0 C:\xampp\htdocs\codi\system\Database\MySQLi\Connection.php(295): mysqli->query('SELECT *\nFROM `...', 0)
#1 C:\xampp\htdocs\codi\system\Database\BaseConnection.php(692): CodeIgniter\Database\MySQLi\Connection->execute('SELECT *\nFROM `...')
#2 C:\xampp\htdocs\codi\system\Database\BaseConnection.php(606): CodeIgniter\Database\BaseConnection->simpleQuery('SELECT *\nFROM `...')
#3 C:\xampp\htdocs\codi\system\Database\BaseBuilder.php(1616): CodeIgniter\Database\BaseConnection->query('SELECT *\nFROM `...', Array, false)
#4 C:\xampp\htdocs\codi\system\Model.php(203): CodeIgniter\Database\BaseBuilder->get()
#5 C:\xampp\htdocs\codi\system\BaseModel.php(557): CodeIgniter\Model->doFind(false, NULL)
#6 C:\xampp\htdocs\codi\app\Controllers\DesenhistaPost.php(103): CodeIgniter\BaseModel->find()
#7 C:\xampp\htdocs\codi\system\CodeIgniter.php(934): App\Controllers\DesenhistaPost->desenho_tag_lista()
#8 C:\xampp\htdocs\codi\system\CodeIgniter.php(499): CodeIgniter\CodeIgniter->runController(Object(App\Controllers\DesenhistaPost))
#9 C:\xampp\htdocs\codi\system\CodeIgniter.php(368): CodeIgniter\CodeIgniter->handleRequest(NULL, Object(Config\Cache), false)
#10 C:\xampp\htdocs\codi\public\index.php(67): CodeIgniter\CodeIgniter->run()
#11 {main}
CRITICAL - 2023-07-25 19:46:25 --> Table 'teste.tag' doesn't exist
in SYSTEMPATH\Database\MySQLi\Connection.php on line 295.
 1 SYSTEMPATH\Database\MySQLi\Connection.php(295): mysqli->query('SELECT *
FROM `tag`', 0)
 2 SYSTEMPATH\Database\BaseConnection.php(692): CodeIgniter\Database\MySQLi\Connection->execute('SELECT *
FROM `tag`')
 3 SYSTEMPATH\Database\BaseConnection.php(606): CodeIgniter\Database\BaseConnection->simpleQuery('SELECT *
FROM `tag`')
 4 SYSTEMPATH\Database\BaseBuilder.php(1616): CodeIgniter\Database\BaseConnection->query('SELECT *
FROM `tag`', [], false)
 5 SYSTEMPATH\Model.php(203): CodeIgniter\Database\BaseBuilder->get()
 6 SYSTEMPATH\BaseModel.php(557): CodeIgniter\Model->doFind(false, null)
 7 APPPATH\Controllers\DesenhistaPost.php(103): CodeIgniter\BaseModel->find()
 8 SYSTEMPATH\CodeIgniter.php(934): App\Controllers\DesenhistaPost->desenho_tag_lista()
 9 SYSTEMPATH\CodeIgniter.php(499): CodeIgniter\CodeIgniter->runController(Object(App\Controllers\DesenhistaPost))
10 SYSTEMPATH\CodeIgniter.php(368): CodeIgniter\CodeIgniter->handleRequest(null, Object(Config\Cache), false)
11 FCPATH\index.php(67): CodeIgniter\CodeIgniter->run()
ERROR - 2023-07-25 19:46:26 --> mysqli_sql_exception: Table 'teste.tag' doesn't exist in C:\xampp\htdocs\codi\system\Database\MySQLi\Connection.php:295
Stack trace:
#0 C:\xampp\htdocs\codi\system\Database\MySQLi\Connection.php(295): mysqli->query('SELECT *\nFROM `...', 0)
#1 C:\xampp\htdocs\codi\system\Database\BaseConnection.php(692): CodeIgniter\Database\MySQLi\Connection->execute('SELECT *\nFROM `...')
#2 C:\xampp\htdocs\codi\system\Database\BaseConnection.php(606): CodeIgniter\Database\BaseConnection->simpleQuery('SELECT *\nFROM `...')
#3 C:\xampp\htdocs\codi\system\Database\BaseBuilder.php(1616): CodeIgniter\Database\BaseConnection->query('SELECT *\nFROM `...', Array, false)
#4 C:\xampp\htdocs\codi\system\Model.php(203): CodeIgniter\Database\BaseBuilder->get()
#5 C:\xampp\htdocs\codi\system\BaseModel.php(557): CodeIgniter\Model->doFind(false, NULL)
#6 C:\xampp\htdocs\codi\app\Controllers\DesenhistaPost.php(103): CodeIgniter\BaseModel->find()
#7 C:\xampp\htdocs\codi\system\CodeIgniter.php(934): App\Controllers\DesenhistaPost->desenho_tag_lista()
#8 C:\xampp\htdocs\codi\system\CodeIgniter.php(499): CodeIgniter\CodeIgniter->runController(Object(App\Controllers\DesenhistaPost))
#9 C:\xampp\htdocs\codi\system\CodeIgniter.php(368): CodeIgniter\CodeIgniter->handleRequest(NULL, Object(Config\Cache), false)
#10 C:\xampp\htdocs\codi\public\index.php(67): CodeIgniter\CodeIgniter->run()
#11 {main}
CRITICAL - 2023-07-25 19:46:26 --> Table 'teste.tag' doesn't exist
in SYSTEMPATH\Database\MySQLi\Connection.php on line 295.
 1 SYSTEMPATH\Database\MySQLi\Connection.php(295): mysqli->query('SELECT *
FROM `tag`', 0)
 2 SYSTEMPATH\Database\BaseConnection.php(692): CodeIgniter\Database\MySQLi\Connection->execute('SELECT *
FROM `tag`')
 3 SYSTEMPATH\Database\BaseConnection.php(606): CodeIgniter\Database\BaseConnection->simpleQuery('SELECT *
FROM `tag`')
 4 SYSTEMPATH\Database\BaseBuilder.php(1616): CodeIgniter\Database\BaseConnection->query('SELECT *
FROM `tag`', [], false)
 5 SYSTEMPATH\Model.php(203): CodeIgniter\Database\BaseBuilder->get()
 6 SYSTEMPATH\BaseModel.php(557): CodeIgniter\Model->doFind(false, null)
 7 APPPATH\Controllers\DesenhistaPost.php(103): CodeIgniter\BaseModel->find()
 8 SYSTEMPATH\CodeIgniter.php(934): App\Controllers\DesenhistaPost->desenho_tag_lista()
 9 SYSTEMPATH\CodeIgniter.php(499): CodeIgniter\CodeIgniter->runController(Object(App\Controllers\DesenhistaPost))
10 SYSTEMPATH\CodeIgniter.php(368): CodeIgniter\CodeIgniter->handleRequest(null, Object(Config\Cache), false)
11 FCPATH\index.php(67): CodeIgniter\CodeIgniter->run()
ERROR - 2023-07-25 19:46:27 --> mysqli_sql_exception: Table 'teste.tag' doesn't exist in C:\xampp\htdocs\codi\system\Database\MySQLi\Connection.php:295
Stack trace:
#0 C:\xampp\htdocs\codi\system\Database\MySQLi\Connection.php(295): mysqli->query('SELECT *\nFROM `...', 0)
#1 C:\xampp\htdocs\codi\system\Database\BaseConnection.php(692): CodeIgniter\Database\MySQLi\Connection->execute('SELECT *\nFROM `...')
#2 C:\xampp\htdocs\codi\system\Database\BaseConnection.php(606): CodeIgniter\Database\BaseConnection->simpleQuery('SELECT *\nFROM `...')
#3 C:\xampp\htdocs\codi\system\Database\BaseBuilder.php(1616): CodeIgniter\Database\BaseConnection->query('SELECT *\nFROM `...', Array, false)
#4 C:\xampp\htdocs\codi\system\Model.php(203): CodeIgniter\Database\BaseBuilder->get()
#5 C:\xampp\htdocs\codi\system\BaseModel.php(557): CodeIgniter\Model->doFind(false, NULL)
#6 C:\xampp\htdocs\codi\app\Controllers\DesenhistaPost.php(103): CodeIgniter\BaseModel->find()
#7 C:\xampp\htdocs\codi\system\CodeIgniter.php(934): App\Controllers\DesenhistaPost->desenho_tag_lista()
#8 C:\xampp\htdocs\codi\system\CodeIgniter.php(499): CodeIgniter\CodeIgniter->runController(Object(App\Controllers\DesenhistaPost))
#9 C:\xampp\htdocs\codi\system\CodeIgniter.php(368): CodeIgniter\CodeIgniter->handleRequest(NULL, Object(Config\Cache), false)
#10 C:\xampp\htdocs\codi\public\index.php(67): CodeIgniter\CodeIgniter->run()
#11 {main}
CRITICAL - 2023-07-25 19:46:27 --> Table 'teste.tag' doesn't exist
in SYSTEMPATH\Database\MySQLi\Connection.php on line 295.
 1 SYSTEMPATH\Database\MySQLi\Connection.php(295): mysqli->query('SELECT *
FROM `tag`', 0)
 2 SYSTEMPATH\Database\BaseConnection.php(692): CodeIgniter\Database\MySQLi\Connection->execute('SELECT *
FROM `tag`')
 3 SYSTEMPATH\Database\BaseConnection.php(606): CodeIgniter\Database\BaseConnection->simpleQuery('SELECT *
FROM `tag`')
 4 SYSTEMPATH\Database\BaseBuilder.php(1616): CodeIgniter\Database\BaseConnection->query('SELECT *
FROM `tag`', [], false)
 5 SYSTEMPATH\Model.php(203): CodeIgniter\Database\BaseBuilder->get()
 6 SYSTEMPATH\BaseModel.php(557): CodeIgniter\Model->doFind(false, null)
 7 APPPATH\Controllers\DesenhistaPost.php(103): CodeIgniter\BaseModel->find()
 8 SYSTEMPATH\CodeIgniter.php(934): App\Controllers\DesenhistaPost->desenho_tag_lista()
 9 SYSTEMPATH\CodeIgniter.php(499): CodeIgniter\CodeIgniter->runController(Object(App\Controllers\DesenhistaPost))
10 SYSTEMPATH\CodeIgniter.php(368): CodeIgniter\CodeIgniter->handleRequest(null, Object(Config\Cache), false)
11 FCPATH\index.php(67): CodeIgniter\CodeIgniter->run()
ERROR - 2023-07-25 19:46:28 --> mysqli_sql_exception: Table 'teste.tag' doesn't exist in C:\xampp\htdocs\codi\system\Database\MySQLi\Connection.php:295
Stack trace:
#0 C:\xampp\htdocs\codi\system\Database\MySQLi\Connection.php(295): mysqli->query('SELECT *\nFROM `...', 0)
#1 C:\xampp\htdocs\codi\system\Database\BaseConnection.php(692): CodeIgniter\Database\MySQLi\Connection->execute('SELECT *\nFROM `...')
#2 C:\xampp\htdocs\codi\system\Database\BaseConnection.php(606): CodeIgniter\Database\BaseConnection->simpleQuery('SELECT *\nFROM `...')
#3 C:\xampp\htdocs\codi\system\Database\BaseBuilder.php(1616): CodeIgniter\Database\BaseConnection->query('SELECT *\nFROM `...', Array, false)
#4 C:\xampp\htdocs\codi\system\Model.php(203): CodeIgniter\Database\BaseBuilder->get()
#5 C:\xampp\htdocs\codi\system\BaseModel.php(557): CodeIgniter\Model->doFind(false, NULL)
#6 C:\xampp\htdocs\codi\app\Controllers\DesenhistaPost.php(103): CodeIgniter\BaseModel->find()
#7 C:\xampp\htdocs\codi\system\CodeIgniter.php(934): App\Controllers\DesenhistaPost->desenho_tag_lista()
#8 C:\xampp\htdocs\codi\system\CodeIgniter.php(499): CodeIgniter\CodeIgniter->runController(Object(App\Controllers\DesenhistaPost))
#9 C:\xampp\htdocs\codi\system\CodeIgniter.php(368): CodeIgniter\CodeIgniter->handleRequest(NULL, Object(Config\Cache), false)
#10 C:\xampp\htdocs\codi\public\index.php(67): CodeIgniter\CodeIgniter->run()
#11 {main}
CRITICAL - 2023-07-25 19:46:28 --> Table 'teste.tag' doesn't exist
in SYSTEMPATH\Database\MySQLi\Connection.php on line 295.
 1 SYSTEMPATH\Database\MySQLi\Connection.php(295): mysqli->query('SELECT *
FROM `tag`', 0)
 2 SYSTEMPATH\Database\BaseConnection.php(692): CodeIgniter\Database\MySQLi\Connection->execute('SELECT *
FROM `tag`')
 3 SYSTEMPATH\Database\BaseConnection.php(606): CodeIgniter\Database\BaseConnection->simpleQuery('SELECT *
FROM `tag`')
 4 SYSTEMPATH\Database\BaseBuilder.php(1616): CodeIgniter\Database\BaseConnection->query('SELECT *
FROM `tag`', [], false)
 5 SYSTEMPATH\Model.php(203): CodeIgniter\Database\BaseBuilder->get()
 6 SYSTEMPATH\BaseModel.php(557): CodeIgniter\Model->doFind(false, null)
 7 APPPATH\Controllers\DesenhistaPost.php(103): CodeIgniter\BaseModel->find()
 8 SYSTEMPATH\CodeIgniter.php(934): App\Controllers\DesenhistaPost->desenho_tag_lista()
 9 SYSTEMPATH\CodeIgniter.php(499): CodeIgniter\CodeIgniter->runController(Object(App\Controllers\DesenhistaPost))
10 SYSTEMPATH\CodeIgniter.php(368): CodeIgniter\CodeIgniter->handleRequest(null, Object(Config\Cache), false)
11 FCPATH\index.php(67): CodeIgniter\CodeIgniter->run()
ERROR - 2023-07-25 19:46:29 --> mysqli_sql_exception: Table 'teste.tag' doesn't exist in C:\xampp\htdocs\codi\system\Database\MySQLi\Connection.php:295
Stack trace:
#0 C:\xampp\htdocs\codi\system\Database\MySQLi\Connection.php(295): mysqli->query('SELECT *\nFROM `...', 0)
#1 C:\xampp\htdocs\codi\system\Database\BaseConnection.php(692): CodeIgniter\Database\MySQLi\Connection->execute('SELECT *\nFROM `...')
#2 C:\xampp\htdocs\codi\system\Database\BaseConnection.php(606): CodeIgniter\Database\BaseConnection->simpleQuery('SELECT *\nFROM `...')
#3 C:\xampp\htdocs\codi\system\Database\BaseBuilder.php(1616): CodeIgniter\Database\BaseConnection->query('SELECT *\nFROM `...', Array, false)
#4 C:\xampp\htdocs\codi\system\Model.php(203): CodeIgniter\Database\BaseBuilder->get()
#5 C:\xampp\htdocs\codi\system\BaseModel.php(557): CodeIgniter\Model->doFind(false, NULL)
#6 C:\xampp\htdocs\codi\app\Controllers\DesenhistaPost.php(103): CodeIgniter\BaseModel->find()
#7 C:\xampp\htdocs\codi\system\CodeIgniter.php(934): App\Controllers\DesenhistaPost->desenho_tag_lista()
#8 C:\xampp\htdocs\codi\system\CodeIgniter.php(499): CodeIgniter\CodeIgniter->runController(Object(App\Controllers\DesenhistaPost))
#9 C:\xampp\htdocs\codi\system\CodeIgniter.php(368): CodeIgniter\CodeIgniter->handleRequest(NULL, Object(Config\Cache), false)
#10 C:\xampp\htdocs\codi\public\index.php(67): CodeIgniter\CodeIgniter->run()
#11 {main}
CRITICAL - 2023-07-25 19:46:29 --> Table 'teste.tag' doesn't exist
in SYSTEMPATH\Database\MySQLi\Connection.php on line 295.
 1 SYSTEMPATH\Database\MySQLi\Connection.php(295): mysqli->query('SELECT *
FROM `tag`', 0)
 2 SYSTEMPATH\Database\BaseConnection.php(692): CodeIgniter\Database\MySQLi\Connection->execute('SELECT *
FROM `tag`')
 3 SYSTEMPATH\Database\BaseConnection.php(606): CodeIgniter\Database\BaseConnection->simpleQuery('SELECT *
FROM `tag`')
 4 SYSTEMPATH\Database\BaseBuilder.php(1616): CodeIgniter\Database\BaseConnection->query('SELECT *
FROM `tag`', [], false)
 5 SYSTEMPATH\Model.php(203): CodeIgniter\Database\BaseBuilder->get()
 6 SYSTEMPATH\BaseModel.php(557): CodeIgniter\Model->doFind(false, null)
 7 APPPATH\Controllers\DesenhistaPost.php(103): CodeIgniter\BaseModel->find()
 8 SYSTEMPATH\CodeIgniter.php(934): App\Controllers\DesenhistaPost->desenho_tag_lista()
 9 SYSTEMPATH\CodeIgniter.php(499): CodeIgniter\CodeIgniter->runController(Object(App\Controllers\DesenhistaPost))
10 SYSTEMPATH\CodeIgniter.php(368): CodeIgniter\CodeIgniter->handleRequest(null, Object(Config\Cache), false)
11 FCPATH\index.php(67): CodeIgniter\CodeIgniter->run()
ERROR - 2023-07-25 19:46:30 --> mysqli_sql_exception: Table 'teste.tag' doesn't exist in C:\xampp\htdocs\codi\system\Database\MySQLi\Connection.php:295
Stack trace:
#0 C:\xampp\htdocs\codi\system\Database\MySQLi\Connection.php(295): mysqli->query('SELECT *\nFROM `...', 0)
#1 C:\xampp\htdocs\codi\system\Database\BaseConnection.php(692): CodeIgniter\Database\MySQLi\Connection->execute('SELECT *\nFROM `...')
#2 C:\xampp\htdocs\codi\system\Database\BaseConnection.php(606): CodeIgniter\Database\BaseConnection->simpleQuery('SELECT *\nFROM `...')
#3 C:\xampp\htdocs\codi\system\Database\BaseBuilder.php(1616): CodeIgniter\Database\BaseConnection->query('SELECT *\nFROM `...', Array, false)
#4 C:\xampp\htdocs\codi\system\Model.php(203): CodeIgniter\Database\BaseBuilder->get()
#5 C:\xampp\htdocs\codi\system\BaseModel.php(557): CodeIgniter\Model->doFind(false, NULL)
#6 C:\xampp\htdocs\codi\app\Controllers\DesenhistaPost.php(103): CodeIgniter\BaseModel->find()
#7 C:\xampp\htdocs\codi\system\CodeIgniter.php(934): App\Controllers\DesenhistaPost->desenho_tag_lista()
#8 C:\xampp\htdocs\codi\system\CodeIgniter.php(499): CodeIgniter\CodeIgniter->runController(Object(App\Controllers\DesenhistaPost))
#9 C:\xampp\htdocs\codi\system\CodeIgniter.php(368): CodeIgniter\CodeIgniter->handleRequest(NULL, Object(Config\Cache), false)
#10 C:\xampp\htdocs\codi\public\index.php(67): CodeIgniter\CodeIgniter->run()
#11 {main}
CRITICAL - 2023-07-25 19:46:30 --> Table 'teste.tag' doesn't exist
in SYSTEMPATH\Database\MySQLi\Connection.php on line 295.
 1 SYSTEMPATH\Database\MySQLi\Connection.php(295): mysqli->query('SELECT *
FROM `tag`', 0)
 2 SYSTEMPATH\Database\BaseConnection.php(692): CodeIgniter\Database\MySQLi\Connection->execute('SELECT *
FROM `tag`')
 3 SYSTEMPATH\Database\BaseConnection.php(606): CodeIgniter\Database\BaseConnection->simpleQuery('SELECT *
FROM `tag`')
 4 SYSTEMPATH\Database\BaseBuilder.php(1616): CodeIgniter\Database\BaseConnection->query('SELECT *
FROM `tag`', [], false)
 5 SYSTEMPATH\Model.php(203): CodeIgniter\Database\BaseBuilder->get()
 6 SYSTEMPATH\BaseModel.php(557): CodeIgniter\Model->doFind(false, null)
 7 APPPATH\Controllers\DesenhistaPost.php(103): CodeIgniter\BaseModel->find()
 8 SYSTEMPATH\CodeIgniter.php(934): App\Controllers\DesenhistaPost->desenho_tag_lista()
 9 SYSTEMPATH\CodeIgniter.php(499): CodeIgniter\CodeIgniter->runController(Object(App\Controllers\DesenhistaPost))
10 SYSTEMPATH\CodeIgniter.php(368): CodeIgniter\CodeIgniter->handleRequest(null, Object(Config\Cache), false)
11 FCPATH\index.php(67): CodeIgniter\CodeIgniter->run()
ERROR - 2023-07-25 19:46:31 --> mysqli_sql_exception: Table 'teste.tag' doesn't exist in C:\xampp\htdocs\codi\system\Database\MySQLi\Connection.php:295
Stack trace:
#0 C:\xampp\htdocs\codi\system\Database\MySQLi\Connection.php(295): mysqli->query('SELECT *\nFROM `...', 0)
#1 C:\xampp\htdocs\codi\system\Database\BaseConnection.php(692): CodeIgniter\Database\MySQLi\Connection->execute('SELECT *\nFROM `...')
#2 C:\xampp\htdocs\codi\system\Database\BaseConnection.php(606): CodeIgniter\Database\BaseConnection->simpleQuery('SELECT *\nFROM `...')
#3 C:\xampp\htdocs\codi\system\Database\BaseBuilder.php(1616): CodeIgniter\Database\BaseConnection->query('SELECT *\nFROM `...', Array, false)
#4 C:\xampp\htdocs\codi\system\Model.php(203): CodeIgniter\Database\BaseBuilder->get()
#5 C:\xampp\htdocs\codi\system\BaseModel.php(557): CodeIgniter\Model->doFind(false, NULL)
#6 C:\xampp\htdocs\codi\app\Controllers\DesenhistaPost.php(103): CodeIgniter\BaseModel->find()
#7 C:\xampp\htdocs\codi\system\CodeIgniter.php(934): App\Controllers\DesenhistaPost->desenho_tag_lista()
#8 C:\xampp\htdocs\codi\system\CodeIgniter.php(499): CodeIgniter\CodeIgniter->runController(Object(App\Controllers\DesenhistaPost))
#9 C:\xampp\htdocs\codi\system\CodeIgniter.php(368): CodeIgniter\CodeIgniter->handleRequest(NULL, Object(Config\Cache), false)
#10 C:\xampp\htdocs\codi\public\index.php(67): CodeIgniter\CodeIgniter->run()
#11 {main}
CRITICAL - 2023-07-25 19:46:31 --> Table 'teste.tag' doesn't exist
in SYSTEMPATH\Database\MySQLi\Connection.php on line 295.
 1 SYSTEMPATH\Database\MySQLi\Connection.php(295): mysqli->query('SELECT *
FROM `tag`', 0)
 2 SYSTEMPATH\Database\BaseConnection.php(692): CodeIgniter\Database\MySQLi\Connection->execute('SELECT *
FROM `tag`')
 3 SYSTEMPATH\Database\BaseConnection.php(606): CodeIgniter\Database\BaseConnection->simpleQuery('SELECT *
FROM `tag`')
 4 SYSTEMPATH\Database\BaseBuilder.php(1616): CodeIgniter\Database\BaseConnection->query('SELECT *
FROM `tag`', [], false)
 5 SYSTEMPATH\Model.php(203): CodeIgniter\Database\BaseBuilder->get()
 6 SYSTEMPATH\BaseModel.php(557): CodeIgniter\Model->doFind(false, null)
 7 APPPATH\Controllers\DesenhistaPost.php(103): CodeIgniter\BaseModel->find()
 8 SYSTEMPATH\CodeIgniter.php(934): App\Controllers\DesenhistaPost->desenho_tag_lista()
 9 SYSTEMPATH\CodeIgniter.php(499): CodeIgniter\CodeIgniter->runController(Object(App\Controllers\DesenhistaPost))
10 SYSTEMPATH\CodeIgniter.php(368): CodeIgniter\CodeIgniter->handleRequest(null, Object(Config\Cache), false)
11 FCPATH\index.php(67): CodeIgniter\CodeIgniter->run()
ERROR - 2023-07-25 19:46:32 --> mysqli_sql_exception: Table 'teste.tag' doesn't exist in C:\xampp\htdocs\codi\system\Database\MySQLi\Connection.php:295
Stack trace:
#0 C:\xampp\htdocs\codi\system\Database\MySQLi\Connection.php(295): mysqli->query('SELECT *\nFROM `...', 0)
#1 C:\xampp\htdocs\codi\system\Database\BaseConnection.php(692): CodeIgniter\Database\MySQLi\Connection->execute('SELECT *\nFROM `...')
#2 C:\xampp\htdocs\codi\system\Database\BaseConnection.php(606): CodeIgniter\Database\BaseConnection->simpleQuery('SELECT *\nFROM `...')
#3 C:\xampp\htdocs\codi\system\Database\BaseBuilder.php(1616): CodeIgniter\Database\BaseConnection->query('SELECT *\nFROM `...', Array, false)
#4 C:\xampp\htdocs\codi\system\Model.php(203): CodeIgniter\Database\BaseBuilder->get()
#5 C:\xampp\htdocs\codi\system\BaseModel.php(557): CodeIgniter\Model->doFind(false, NULL)
#6 C:\xampp\htdocs\codi\app\Controllers\DesenhistaPost.php(103): CodeIgniter\BaseModel->find()
#7 C:\xampp\htdocs\codi\system\CodeIgniter.php(934): App\Controllers\DesenhistaPost->desenho_tag_lista()
#8 C:\xampp\htdocs\codi\system\CodeIgniter.php(499): CodeIgniter\CodeIgniter->runController(Object(App\Controllers\DesenhistaPost))
#9 C:\xampp\htdocs\codi\system\CodeIgniter.php(368): CodeIgniter\CodeIgniter->handleRequest(NULL, Object(Config\Cache), false)
#10 C:\xampp\htdocs\codi\public\index.php(67): CodeIgniter\CodeIgniter->run()
#11 {main}
CRITICAL - 2023-07-25 19:46:32 --> Table 'teste.tag' doesn't exist
in SYSTEMPATH\Database\MySQLi\Connection.php on line 295.
 1 SYSTEMPATH\Database\MySQLi\Connection.php(295): mysqli->query('SELECT *
FROM `tag`', 0)
 2 SYSTEMPATH\Database\BaseConnection.php(692): CodeIgniter\Database\MySQLi\Connection->execute('SELECT *
FROM `tag`')
 3 SYSTEMPATH\Database\BaseConnection.php(606): CodeIgniter\Database\BaseConnection->simpleQuery('SELECT *
FROM `tag`')
 4 SYSTEMPATH\Database\BaseBuilder.php(1616): CodeIgniter\Database\BaseConnection->query('SELECT *
FROM `tag`', [], false)
 5 SYSTEMPATH\Model.php(203): CodeIgniter\Database\BaseBuilder->get()
 6 SYSTEMPATH\BaseModel.php(557): CodeIgniter\Model->doFind(false, null)
 7 APPPATH\Controllers\DesenhistaPost.php(103): CodeIgniter\BaseModel->find()
 8 SYSTEMPATH\CodeIgniter.php(934): App\Controllers\DesenhistaPost->desenho_tag_lista()
 9 SYSTEMPATH\CodeIgniter.php(499): CodeIgniter\CodeIgniter->runController(Object(App\Controllers\DesenhistaPost))
10 SYSTEMPATH\CodeIgniter.php(368): CodeIgniter\CodeIgniter->handleRequest(null, Object(Config\Cache), false)
11 FCPATH\index.php(67): CodeIgniter\CodeIgniter->run()
ERROR - 2023-07-25 19:46:33 --> mysqli_sql_exception: Table 'teste.tag' doesn't exist in C:\xampp\htdocs\codi\system\Database\MySQLi\Connection.php:295
Stack trace:
#0 C:\xampp\htdocs\codi\system\Database\MySQLi\Connection.php(295): mysqli->query('SELECT *\nFROM `...', 0)
#1 C:\xampp\htdocs\codi\system\Database\BaseConnection.php(692): CodeIgniter\Database\MySQLi\Connection->execute('SELECT *\nFROM `...')
#2 C:\xampp\htdocs\codi\system\Database\BaseConnection.php(606): CodeIgniter\Database\BaseConnection->simpleQuery('SELECT *\nFROM `...')
#3 C:\xampp\htdocs\codi\system\Database\BaseBuilder.php(1616): CodeIgniter\Database\BaseConnection->query('SELECT *\nFROM `...', Array, false)
#4 C:\xampp\htdocs\codi\system\Model.php(203): CodeIgniter\Database\BaseBuilder->get()
#5 C:\xampp\htdocs\codi\system\BaseModel.php(557): CodeIgniter\Model->doFind(false, NULL)
#6 C:\xampp\htdocs\codi\app\Controllers\DesenhistaPost.php(103): CodeIgniter\BaseModel->find()
#7 C:\xampp\htdocs\codi\system\CodeIgniter.php(934): App\Controllers\DesenhistaPost->desenho_tag_lista()
#8 C:\xampp\htdocs\codi\system\CodeIgniter.php(499): CodeIgniter\CodeIgniter->runController(Object(App\Controllers\DesenhistaPost))
#9 C:\xampp\htdocs\codi\system\CodeIgniter.php(368): CodeIgniter\CodeIgniter->handleRequest(NULL, Object(Config\Cache), false)
#10 C:\xampp\htdocs\codi\public\index.php(67): CodeIgniter\CodeIgniter->run()
#11 {main}
CRITICAL - 2023-07-25 19:46:33 --> Table 'teste.tag' doesn't exist
in SYSTEMPATH\Database\MySQLi\Connection.php on line 295.
 1 SYSTEMPATH\Database\MySQLi\Connection.php(295): mysqli->query('SELECT *
FROM `tag`', 0)
 2 SYSTEMPATH\Database\BaseConnection.php(692): CodeIgniter\Database\MySQLi\Connection->execute('SELECT *
FROM `tag`')
 3 SYSTEMPATH\Database\BaseConnection.php(606): CodeIgniter\Database\BaseConnection->simpleQuery('SELECT *
FROM `tag`')
 4 SYSTEMPATH\Database\BaseBuilder.php(1616): CodeIgniter\Database\BaseConnection->query('SELECT *
FROM `tag`', [], false)
 5 SYSTEMPATH\Model.php(203): CodeIgniter\Database\BaseBuilder->get()
 6 SYSTEMPATH\BaseModel.php(557): CodeIgniter\Model->doFind(false, null)
 7 APPPATH\Controllers\DesenhistaPost.php(103): CodeIgniter\BaseModel->find()
 8 SYSTEMPATH\CodeIgniter.php(934): App\Controllers\DesenhistaPost->desenho_tag_lista()
 9 SYSTEMPATH\CodeIgniter.php(499): CodeIgniter\CodeIgniter->runController(Object(App\Controllers\DesenhistaPost))
10 SYSTEMPATH\CodeIgniter.php(368): CodeIgniter\CodeIgniter->handleRequest(null, Object(Config\Cache), false)
11 FCPATH\index.php(67): CodeIgniter\CodeIgniter->run()
ERROR - 2023-07-25 19:46:34 --> mysqli_sql_exception: Table 'teste.tag' doesn't exist in C:\xampp\htdocs\codi\system\Database\MySQLi\Connection.php:295
Stack trace:
#0 C:\xampp\htdocs\codi\system\Database\MySQLi\Connection.php(295): mysqli->query('SELECT *\nFROM `...', 0)
#1 C:\xampp\htdocs\codi\system\Database\BaseConnection.php(692): CodeIgniter\Database\MySQLi\Connection->execute('SELECT *\nFROM `...')
#2 C:\xampp\htdocs\codi\system\Database\BaseConnection.php(606): CodeIgniter\Database\BaseConnection->simpleQuery('SELECT *\nFROM `...')
#3 C:\xampp\htdocs\codi\system\Database\BaseBuilder.php(1616): CodeIgniter\Database\BaseConnection->query('SELECT *\nFROM `...', Array, false)
#4 C:\xampp\htdocs\codi\system\Model.php(203): CodeIgniter\Database\BaseBuilder->get()
#5 C:\xampp\htdocs\codi\system\BaseModel.php(557): CodeIgniter\Model->doFind(false, NULL)
#6 C:\xampp\htdocs\codi\app\Controllers\DesenhistaPost.php(103): CodeIgniter\BaseModel->find()
#7 C:\xampp\htdocs\codi\system\CodeIgniter.php(934): App\Controllers\DesenhistaPost->desenho_tag_lista()
#8 C:\xampp\htdocs\codi\system\CodeIgniter.php(499): CodeIgniter\CodeIgniter->runController(Object(App\Controllers\DesenhistaPost))
#9 C:\xampp\htdocs\codi\system\CodeIgniter.php(368): CodeIgniter\CodeIgniter->handleRequest(NULL, Object(Config\Cache), false)
#10 C:\xampp\htdocs\codi\public\index.php(67): CodeIgniter\CodeIgniter->run()
#11 {main}
CRITICAL - 2023-07-25 19:46:34 --> Table 'teste.tag' doesn't exist
in SYSTEMPATH\Database\MySQLi\Connection.php on line 295.
 1 SYSTEMPATH\Database\MySQLi\Connection.php(295): mysqli->query('SELECT *
FROM `tag`', 0)
 2 SYSTEMPATH\Database\BaseConnection.php(692): CodeIgniter\Database\MySQLi\Connection->execute('SELECT *
FROM `tag`')
 3 SYSTEMPATH\Database\BaseConnection.php(606): CodeIgniter\Database\BaseConnection->simpleQuery('SELECT *
FROM `tag`')
 4 SYSTEMPATH\Database\BaseBuilder.php(1616): CodeIgniter\Database\BaseConnection->query('SELECT *
FROM `tag`', [], false)
 5 SYSTEMPATH\Model.php(203): CodeIgniter\Database\BaseBuilder->get()
 6 SYSTEMPATH\BaseModel.php(557): CodeIgniter\Model->doFind(false, null)
 7 APPPATH\Controllers\DesenhistaPost.php(103): CodeIgniter\BaseModel->find()
 8 SYSTEMPATH\CodeIgniter.php(934): App\Controllers\DesenhistaPost->desenho_tag_lista()
 9 SYSTEMPATH\CodeIgniter.php(499): CodeIgniter\CodeIgniter->runController(Object(App\Controllers\DesenhistaPost))
10 SYSTEMPATH\CodeIgniter.php(368): CodeIgniter\CodeIgniter->handleRequest(null, Object(Config\Cache), false)
11 FCPATH\index.php(67): CodeIgniter\CodeIgniter->run()
ERROR - 2023-07-25 19:46:35 --> mysqli_sql_exception: Table 'teste.tag' doesn't exist in C:\xampp\htdocs\codi\system\Database\MySQLi\Connection.php:295
Stack trace:
#0 C:\xampp\htdocs\codi\system\Database\MySQLi\Connection.php(295): mysqli->query('SELECT *\nFROM `...', 0)
#1 C:\xampp\htdocs\codi\system\Database\BaseConnection.php(692): CodeIgniter\Database\MySQLi\Connection->execute('SELECT *\nFROM `...')
#2 C:\xampp\htdocs\codi\system\Database\BaseConnection.php(606): CodeIgniter\Database\BaseConnection->simpleQuery('SELECT *\nFROM `...')
#3 C:\xampp\htdocs\codi\system\Database\BaseBuilder.php(1616): CodeIgniter\Database\BaseConnection->query('SELECT *\nFROM `...', Array, false)
#4 C:\xampp\htdocs\codi\system\Model.php(203): CodeIgniter\Database\BaseBuilder->get()
#5 C:\xampp\htdocs\codi\system\BaseModel.php(557): CodeIgniter\Model->doFind(false, NULL)
#6 C:\xampp\htdocs\codi\app\Controllers\DesenhistaPost.php(103): CodeIgniter\BaseModel->find()
#7 C:\xampp\htdocs\codi\system\CodeIgniter.php(934): App\Controllers\DesenhistaPost->desenho_tag_lista()
#8 C:\xampp\htdocs\codi\system\CodeIgniter.php(499): CodeIgniter\CodeIgniter->runController(Object(App\Controllers\DesenhistaPost))
#9 C:\xampp\htdocs\codi\system\CodeIgniter.php(368): CodeIgniter\CodeIgniter->handleRequest(NULL, Object(Config\Cache), false)
#10 C:\xampp\htdocs\codi\public\index.php(67): CodeIgniter\CodeIgniter->run()
#11 {main}
CRITICAL - 2023-07-25 19:46:35 --> Table 'teste.tag' doesn't exist
in SYSTEMPATH\Database\MySQLi\Connection.php on line 295.
 1 SYSTEMPATH\Database\MySQLi\Connection.php(295): mysqli->query('SELECT *
FROM `tag`', 0)
 2 SYSTEMPATH\Database\BaseConnection.php(692): CodeIgniter\Database\MySQLi\Connection->execute('SELECT *
FROM `tag`')
 3 SYSTEMPATH\Database\BaseConnection.php(606): CodeIgniter\Database\BaseConnection->simpleQuery('SELECT *
FROM `tag`')
 4 SYSTEMPATH\Database\BaseBuilder.php(1616): CodeIgniter\Database\BaseConnection->query('SELECT *
FROM `tag`', [], false)
 5 SYSTEMPATH\Model.php(203): CodeIgniter\Database\BaseBuilder->get()
 6 SYSTEMPATH\BaseModel.php(557): CodeIgniter\Model->doFind(false, null)
 7 APPPATH\Controllers\DesenhistaPost.php(103): CodeIgniter\BaseModel->find()
 8 SYSTEMPATH\CodeIgniter.php(934): App\Controllers\DesenhistaPost->desenho_tag_lista()
 9 SYSTEMPATH\CodeIgniter.php(499): CodeIgniter\CodeIgniter->runController(Object(App\Controllers\DesenhistaPost))
10 SYSTEMPATH\CodeIgniter.php(368): CodeIgniter\CodeIgniter->handleRequest(null, Object(Config\Cache), false)
11 FCPATH\index.php(67): CodeIgniter\CodeIgniter->run()
ERROR - 2023-07-25 19:46:36 --> mysqli_sql_exception: Table 'teste.tag' doesn't exist in C:\xampp\htdocs\codi\system\Database\MySQLi\Connection.php:295
Stack trace:
#0 C:\xampp\htdocs\codi\system\Database\MySQLi\Connection.php(295): mysqli->query('SELECT *\nFROM `...', 0)
#1 C:\xampp\htdocs\codi\system\Database\BaseConnection.php(692): CodeIgniter\Database\MySQLi\Connection->execute('SELECT *\nFROM `...')
#2 C:\xampp\htdocs\codi\system\Database\BaseConnection.php(606): CodeIgniter\Database\BaseConnection->simpleQuery('SELECT *\nFROM `...')
#3 C:\xampp\htdocs\codi\system\Database\BaseBuilder.php(1616): CodeIgniter\Database\BaseConnection->query('SELECT *\nFROM `...', Array, false)
#4 C:\xampp\htdocs\codi\system\Model.php(203): CodeIgniter\Database\BaseBuilder->get()
#5 C:\xampp\htdocs\codi\system\BaseModel.php(557): CodeIgniter\Model->doFind(false, NULL)
#6 C:\xampp\htdocs\codi\app\Controllers\DesenhistaPost.php(103): CodeIgniter\BaseModel->find()
#7 C:\xampp\htdocs\codi\system\CodeIgniter.php(934): App\Controllers\DesenhistaPost->desenho_tag_lista()
#8 C:\xampp\htdocs\codi\system\CodeIgniter.php(499): CodeIgniter\CodeIgniter->runController(Object(App\Controllers\DesenhistaPost))
#9 C:\xampp\htdocs\codi\system\CodeIgniter.php(368): CodeIgniter\CodeIgniter->handleRequest(NULL, Object(Config\Cache), false)
#10 C:\xampp\htdocs\codi\public\index.php(67): CodeIgniter\CodeIgniter->run()
#11 {main}
CRITICAL - 2023-07-25 19:46:36 --> Table 'teste.tag' doesn't exist
in SYSTEMPATH\Database\MySQLi\Connection.php on line 295.
 1 SYSTEMPATH\Database\MySQLi\Connection.php(295): mysqli->query('SELECT *
FROM `tag`', 0)
 2 SYSTEMPATH\Database\BaseConnection.php(692): CodeIgniter\Database\MySQLi\Connection->execute('SELECT *
FROM `tag`')
 3 SYSTEMPATH\Database\BaseConnection.php(606): CodeIgniter\Database\BaseConnection->simpleQuery('SELECT *
FROM `tag`')
 4 SYSTEMPATH\Database\BaseBuilder.php(1616): CodeIgniter\Database\BaseConnection->query('SELECT *
FROM `tag`', [], false)
 5 SYSTEMPATH\Model.php(203): CodeIgniter\Database\BaseBuilder->get()
 6 SYSTEMPATH\BaseModel.php(557): CodeIgniter\Model->doFind(false, null)
 7 APPPATH\Controllers\DesenhistaPost.php(103): CodeIgniter\BaseModel->find()
 8 SYSTEMPATH\CodeIgniter.php(934): App\Controllers\DesenhistaPost->desenho_tag_lista()
 9 SYSTEMPATH\CodeIgniter.php(499): CodeIgniter\CodeIgniter->runController(Object(App\Controllers\DesenhistaPost))
10 SYSTEMPATH\CodeIgniter.php(368): CodeIgniter\CodeIgniter->handleRequest(null, Object(Config\Cache), false)
11 FCPATH\index.php(67): CodeIgniter\CodeIgniter->run()
ERROR - 2023-07-25 19:46:37 --> mysqli_sql_exception: Table 'teste.tag' doesn't exist in C:\xampp\htdocs\codi\system\Database\MySQLi\Connection.php:295
Stack trace:
#0 C:\xampp\htdocs\codi\system\Database\MySQLi\Connection.php(295): mysqli->query('SELECT *\nFROM `...', 0)
#1 C:\xampp\htdocs\codi\system\Database\BaseConnection.php(692): CodeIgniter\Database\MySQLi\Connection->execute('SELECT *\nFROM `...')
#2 C:\xampp\htdocs\codi\system\Database\BaseConnection.php(606): CodeIgniter\Database\BaseConnection->simpleQuery('SELECT *\nFROM `...')
#3 C:\xampp\htdocs\codi\system\Database\BaseBuilder.php(1616): CodeIgniter\Database\BaseConnection->query('SELECT *\nFROM `...', Array, false)
#4 C:\xampp\htdocs\codi\system\Model.php(203): CodeIgniter\Database\BaseBuilder->get()
#5 C:\xampp\htdocs\codi\system\BaseModel.php(557): CodeIgniter\Model->doFind(false, NULL)
#6 C:\xampp\htdocs\codi\app\Controllers\DesenhistaPost.php(103): CodeIgniter\BaseModel->find()
#7 C:\xampp\htdocs\codi\system\CodeIgniter.php(934): App\Controllers\DesenhistaPost->desenho_tag_lista()
#8 C:\xampp\htdocs\codi\system\CodeIgniter.php(499): CodeIgniter\CodeIgniter->runController(Object(App\Controllers\DesenhistaPost))
#9 C:\xampp\htdocs\codi\system\CodeIgniter.php(368): CodeIgniter\CodeIgniter->handleRequest(NULL, Object(Config\Cache), false)
#10 C:\xampp\htdocs\codi\public\index.php(67): CodeIgniter\CodeIgniter->run()
#11 {main}
CRITICAL - 2023-07-25 19:46:37 --> Table 'teste.tag' doesn't exist
in SYSTEMPATH\Database\MySQLi\Connection.php on line 295.
 1 SYSTEMPATH\Database\MySQLi\Connection.php(295): mysqli->query('SELECT *
FROM `tag`', 0)
 2 SYSTEMPATH\Database\BaseConnection.php(692): CodeIgniter\Database\MySQLi\Connection->execute('SELECT *
FROM `tag`')
 3 SYSTEMPATH\Database\BaseConnection.php(606): CodeIgniter\Database\BaseConnection->simpleQuery('SELECT *
FROM `tag`')
 4 SYSTEMPATH\Database\BaseBuilder.php(1616): CodeIgniter\Database\BaseConnection->query('SELECT *
FROM `tag`', [], false)
 5 SYSTEMPATH\Model.php(203): CodeIgniter\Database\BaseBuilder->get()
 6 SYSTEMPATH\BaseModel.php(557): CodeIgniter\Model->doFind(false, null)
 7 APPPATH\Controllers\DesenhistaPost.php(103): CodeIgniter\BaseModel->find()
 8 SYSTEMPATH\CodeIgniter.php(934): App\Controllers\DesenhistaPost->desenho_tag_lista()
 9 SYSTEMPATH\CodeIgniter.php(499): CodeIgniter\CodeIgniter->runController(Object(App\Controllers\DesenhistaPost))
10 SYSTEMPATH\CodeIgniter.php(368): CodeIgniter\CodeIgniter->handleRequest(null, Object(Config\Cache), false)
11 FCPATH\index.php(67): CodeIgniter\CodeIgniter->run()
ERROR - 2023-07-25 19:46:38 --> mysqli_sql_exception: Table 'teste.tag' doesn't exist in C:\xampp\htdocs\codi\system\Database\MySQLi\Connection.php:295
Stack trace:
#0 C:\xampp\htdocs\codi\system\Database\MySQLi\Connection.php(295): mysqli->query('SELECT *\nFROM `...', 0)
#1 C:\xampp\htdocs\codi\system\Database\BaseConnection.php(692): CodeIgniter\Database\MySQLi\Connection->execute('SELECT *\nFROM `...')
#2 C:\xampp\htdocs\codi\system\Database\BaseConnection.php(606): CodeIgniter\Database\BaseConnection->simpleQuery('SELECT *\nFROM `...')
#3 C:\xampp\htdocs\codi\system\Database\BaseBuilder.php(1616): CodeIgniter\Database\BaseConnection->query('SELECT *\nFROM `...', Array, false)
#4 C:\xampp\htdocs\codi\system\Model.php(203): CodeIgniter\Database\BaseBuilder->get()
#5 C:\xampp\htdocs\codi\system\BaseModel.php(557): CodeIgniter\Model->doFind(false, NULL)
#6 C:\xampp\htdocs\codi\app\Controllers\DesenhistaPost.php(103): CodeIgniter\BaseModel->find()
#7 C:\xampp\htdocs\codi\system\CodeIgniter.php(934): App\Controllers\DesenhistaPost->desenho_tag_lista()
#8 C:\xampp\htdocs\codi\system\CodeIgniter.php(499): CodeIgniter\CodeIgniter->runController(Object(App\Controllers\DesenhistaPost))
#9 C:\xampp\htdocs\codi\system\CodeIgniter.php(368): CodeIgniter\CodeIgniter->handleRequest(NULL, Object(Config\Cache), false)
#10 C:\xampp\htdocs\codi\public\index.php(67): CodeIgniter\CodeIgniter->run()
#11 {main}
CRITICAL - 2023-07-25 19:46:38 --> Table 'teste.tag' doesn't exist
in SYSTEMPATH\Database\MySQLi\Connection.php on line 295.
 1 SYSTEMPATH\Database\MySQLi\Connection.php(295): mysqli->query('SELECT *
FROM `tag`', 0)
 2 SYSTEMPATH\Database\BaseConnection.php(692): CodeIgniter\Database\MySQLi\Connection->execute('SELECT *
FROM `tag`')
 3 SYSTEMPATH\Database\BaseConnection.php(606): CodeIgniter\Database\BaseConnection->simpleQuery('SELECT *
FROM `tag`')
 4 SYSTEMPATH\Database\BaseBuilder.php(1616): CodeIgniter\Database\BaseConnection->query('SELECT *
FROM `tag`', [], false)
 5 SYSTEMPATH\Model.php(203): CodeIgniter\Database\BaseBuilder->get()
 6 SYSTEMPATH\BaseModel.php(557): CodeIgniter\Model->doFind(false, null)
 7 APPPATH\Controllers\DesenhistaPost.php(103): CodeIgniter\BaseModel->find()
 8 SYSTEMPATH\CodeIgniter.php(934): App\Controllers\DesenhistaPost->desenho_tag_lista()
 9 SYSTEMPATH\CodeIgniter.php(499): CodeIgniter\CodeIgniter->runController(Object(App\Controllers\DesenhistaPost))
10 SYSTEMPATH\CodeIgniter.php(368): CodeIgniter\CodeIgniter->handleRequest(null, Object(Config\Cache), false)
11 FCPATH\index.php(67): CodeIgniter\CodeIgniter->run()
ERROR - 2023-07-25 19:46:39 --> mysqli_sql_exception: Table 'teste.tag' doesn't exist in C:\xampp\htdocs\codi\system\Database\MySQLi\Connection.php:295
Stack trace:
#0 C:\xampp\htdocs\codi\system\Database\MySQLi\Connection.php(295): mysqli->query('SELECT *\nFROM `...', 0)
#1 C:\xampp\htdocs\codi\system\Database\BaseConnection.php(692): CodeIgniter\Database\MySQLi\Connection->execute('SELECT *\nFROM `...')
#2 C:\xampp\htdocs\codi\system\Database\BaseConnection.php(606): CodeIgniter\Database\BaseConnection->simpleQuery('SELECT *\nFROM `...')
#3 C:\xampp\htdocs\codi\system\Database\BaseBuilder.php(1616): CodeIgniter\Database\BaseConnection->query('SELECT *\nFROM `...', Array, false)
#4 C:\xampp\htdocs\codi\system\Model.php(203): CodeIgniter\Database\BaseBuilder->get()
#5 C:\xampp\htdocs\codi\system\BaseModel.php(557): CodeIgniter\Model->doFind(false, NULL)
#6 C:\xampp\htdocs\codi\app\Controllers\DesenhistaPost.php(103): CodeIgniter\BaseModel->find()
#7 C:\xampp\htdocs\codi\system\CodeIgniter.php(934): App\Controllers\DesenhistaPost->desenho_tag_lista()
#8 C:\xampp\htdocs\codi\system\CodeIgniter.php(499): CodeIgniter\CodeIgniter->runController(Object(App\Controllers\DesenhistaPost))
#9 C:\xampp\htdocs\codi\system\CodeIgniter.php(368): CodeIgniter\CodeIgniter->handleRequest(NULL, Object(Config\Cache), false)
#10 C:\xampp\htdocs\codi\public\index.php(67): CodeIgniter\CodeIgniter->run()
#11 {main}
CRITICAL - 2023-07-25 19:46:39 --> Table 'teste.tag' doesn't exist
in SYSTEMPATH\Database\MySQLi\Connection.php on line 295.
 1 SYSTEMPATH\Database\MySQLi\Connection.php(295): mysqli->query('SELECT *
FROM `tag`', 0)
 2 SYSTEMPATH\Database\BaseConnection.php(692): CodeIgniter\Database\MySQLi\Connection->execute('SELECT *
FROM `tag`')
 3 SYSTEMPATH\Database\BaseConnection.php(606): CodeIgniter\Database\BaseConnection->simpleQuery('SELECT *
FROM `tag`')
 4 SYSTEMPATH\Database\BaseBuilder.php(1616): CodeIgniter\Database\BaseConnection->query('SELECT *
FROM `tag`', [], false)
 5 SYSTEMPATH\Model.php(203): CodeIgniter\Database\BaseBuilder->get()
 6 SYSTEMPATH\BaseModel.php(557): CodeIgniter\Model->doFind(false, null)
 7 APPPATH\Controllers\DesenhistaPost.php(103): CodeIgniter\BaseModel->find()
 8 SYSTEMPATH\CodeIgniter.php(934): App\Controllers\DesenhistaPost->desenho_tag_lista()
 9 SYSTEMPATH\CodeIgniter.php(499): CodeIgniter\CodeIgniter->runController(Object(App\Controllers\DesenhistaPost))
10 SYSTEMPATH\CodeIgniter.php(368): CodeIgniter\CodeIgniter->handleRequest(null, Object(Config\Cache), false)
11 FCPATH\index.php(67): CodeIgniter\CodeIgniter->run()
ERROR - 2023-07-25 19:46:40 --> mysqli_sql_exception: Table 'teste.tag' doesn't exist in C:\xampp\htdocs\codi\system\Database\MySQLi\Connection.php:295
Stack trace:
#0 C:\xampp\htdocs\codi\system\Database\MySQLi\Connection.php(295): mysqli->query('SELECT *\nFROM `...', 0)
#1 C:\xampp\htdocs\codi\system\Database\BaseConnection.php(692): CodeIgniter\Database\MySQLi\Connection->execute('SELECT *\nFROM `...')
#2 C:\xampp\htdocs\codi\system\Database\BaseConnection.php(606): CodeIgniter\Database\BaseConnection->simpleQuery('SELECT *\nFROM `...')
#3 C:\xampp\htdocs\codi\system\Database\BaseBuilder.php(1616): CodeIgniter\Database\BaseConnection->query('SELECT *\nFROM `...', Array, false)
#4 C:\xampp\htdocs\codi\system\Model.php(203): CodeIgniter\Database\BaseBuilder->get()
#5 C:\xampp\htdocs\codi\system\BaseModel.php(557): CodeIgniter\Model->doFind(false, NULL)
#6 C:\xampp\htdocs\codi\app\Controllers\DesenhistaPost.php(103): CodeIgniter\BaseModel->find()
#7 C:\xampp\htdocs\codi\system\CodeIgniter.php(934): App\Controllers\DesenhistaPost->desenho_tag_lista()
#8 C:\xampp\htdocs\codi\system\CodeIgniter.php(499): CodeIgniter\CodeIgniter->runController(Object(App\Controllers\DesenhistaPost))
#9 C:\xampp\htdocs\codi\system\CodeIgniter.php(368): CodeIgniter\CodeIgniter->handleRequest(NULL, Object(Config\Cache), false)
#10 C:\xampp\htdocs\codi\public\index.php(67): CodeIgniter\CodeIgniter->run()
#11 {main}
CRITICAL - 2023-07-25 19:46:40 --> Table 'teste.tag' doesn't exist
in SYSTEMPATH\Database\MySQLi\Connection.php on line 295.
 1 SYSTEMPATH\Database\MySQLi\Connection.php(295): mysqli->query('SELECT *
FROM `tag`', 0)
 2 SYSTEMPATH\Database\BaseConnection.php(692): CodeIgniter\Database\MySQLi\Connection->execute('SELECT *
FROM `tag`')
 3 SYSTEMPATH\Database\BaseConnection.php(606): CodeIgniter\Database\BaseConnection->simpleQuery('SELECT *
FROM `tag`')
 4 SYSTEMPATH\Database\BaseBuilder.php(1616): CodeIgniter\Database\BaseConnection->query('SELECT *
FROM `tag`', [], false)
 5 SYSTEMPATH\Model.php(203): CodeIgniter\Database\BaseBuilder->get()
 6 SYSTEMPATH\BaseModel.php(557): CodeIgniter\Model->doFind(false, null)
 7 APPPATH\Controllers\DesenhistaPost.php(103): CodeIgniter\BaseModel->find()
 8 SYSTEMPATH\CodeIgniter.php(934): App\Controllers\DesenhistaPost->desenho_tag_lista()
 9 SYSTEMPATH\CodeIgniter.php(499): CodeIgniter\CodeIgniter->runController(Object(App\Controllers\DesenhistaPost))
10 SYSTEMPATH\CodeIgniter.php(368): CodeIgniter\CodeIgniter->handleRequest(null, Object(Config\Cache), false)
11 FCPATH\index.php(67): CodeIgniter\CodeIgniter->run()
ERROR - 2023-07-25 19:46:41 --> mysqli_sql_exception: Table 'teste.tag' doesn't exist in C:\xampp\htdocs\codi\system\Database\MySQLi\Connection.php:295
Stack trace:
#0 C:\xampp\htdocs\codi\system\Database\MySQLi\Connection.php(295): mysqli->query('SELECT *\nFROM `...', 0)
#1 C:\xampp\htdocs\codi\system\Database\BaseConnection.php(692): CodeIgniter\Database\MySQLi\Connection->execute('SELECT *\nFROM `...')
#2 C:\xampp\htdocs\codi\system\Database\BaseConnection.php(606): CodeIgniter\Database\BaseConnection->simpleQuery('SELECT *\nFROM `...')
#3 C:\xampp\htdocs\codi\system\Database\BaseBuilder.php(1616): CodeIgniter\Database\BaseConnection->query('SELECT *\nFROM `...', Array, false)
#4 C:\xampp\htdocs\codi\system\Model.php(203): CodeIgniter\Database\BaseBuilder->get()
#5 C:\xampp\htdocs\codi\system\BaseModel.php(557): CodeIgniter\Model->doFind(false, NULL)
#6 C:\xampp\htdocs\codi\app\Controllers\DesenhistaPost.php(103): CodeIgniter\BaseModel->find()
#7 C:\xampp\htdocs\codi\system\CodeIgniter.php(934): App\Controllers\DesenhistaPost->desenho_tag_lista()
#8 C:\xampp\htdocs\codi\system\CodeIgniter.php(499): CodeIgniter\CodeIgniter->runController(Object(App\Controllers\DesenhistaPost))
#9 C:\xampp\htdocs\codi\system\CodeIgniter.php(368): CodeIgniter\CodeIgniter->handleRequest(NULL, Object(Config\Cache), false)
#10 C:\xampp\htdocs\codi\public\index.php(67): CodeIgniter\CodeIgniter->run()
#11 {main}
CRITICAL - 2023-07-25 19:46:41 --> Table 'teste.tag' doesn't exist
in SYSTEMPATH\Database\MySQLi\Connection.php on line 295.
 1 SYSTEMPATH\Database\MySQLi\Connection.php(295): mysqli->query('SELECT *
FROM `tag`', 0)
 2 SYSTEMPATH\Database\BaseConnection.php(692): CodeIgniter\Database\MySQLi\Connection->execute('SELECT *
FROM `tag`')
 3 SYSTEMPATH\Database\BaseConnection.php(606): CodeIgniter\Database\BaseConnection->simpleQuery('SELECT *
FROM `tag`')
 4 SYSTEMPATH\Database\BaseBuilder.php(1616): CodeIgniter\Database\BaseConnection->query('SELECT *
FROM `tag`', [], false)
 5 SYSTEMPATH\Model.php(203): CodeIgniter\Database\BaseBuilder->get()
 6 SYSTEMPATH\BaseModel.php(557): CodeIgniter\Model->doFind(false, null)
 7 APPPATH\Controllers\DesenhistaPost.php(103): CodeIgniter\BaseModel->find()
 8 SYSTEMPATH\CodeIgniter.php(934): App\Controllers\DesenhistaPost->desenho_tag_lista()
 9 SYSTEMPATH\CodeIgniter.php(499): CodeIgniter\CodeIgniter->runController(Object(App\Controllers\DesenhistaPost))
10 SYSTEMPATH\CodeIgniter.php(368): CodeIgniter\CodeIgniter->handleRequest(null, Object(Config\Cache), false)
11 FCPATH\index.php(67): CodeIgniter\CodeIgniter->run()
ERROR - 2023-07-25 19:46:42 --> mysqli_sql_exception: Table 'teste.tag' doesn't exist in C:\xampp\htdocs\codi\system\Database\MySQLi\Connection.php:295
Stack trace:
#0 C:\xampp\htdocs\codi\system\Database\MySQLi\Connection.php(295): mysqli->query('SELECT *\nFROM `...', 0)
#1 C:\xampp\htdocs\codi\system\Database\BaseConnection.php(692): CodeIgniter\Database\MySQLi\Connection->execute('SELECT *\nFROM `...')
#2 C:\xampp\htdocs\codi\system\Database\BaseConnection.php(606): CodeIgniter\Database\BaseConnection->simpleQuery('SELECT *\nFROM `...')
#3 C:\xampp\htdocs\codi\system\Database\BaseBuilder.php(1616): CodeIgniter\Database\BaseConnection->query('SELECT *\nFROM `...', Array, false)
#4 C:\xampp\htdocs\codi\system\Model.php(203): CodeIgniter\Database\BaseBuilder->get()
#5 C:\xampp\htdocs\codi\system\BaseModel.php(557): CodeIgniter\Model->doFind(false, NULL)
#6 C:\xampp\htdocs\codi\app\Controllers\DesenhistaPost.php(103): CodeIgniter\BaseModel->find()
#7 C:\xampp\htdocs\codi\system\CodeIgniter.php(934): App\Controllers\DesenhistaPost->desenho_tag_lista()
#8 C:\xampp\htdocs\codi\system\CodeIgniter.php(499): CodeIgniter\CodeIgniter->runController(Object(App\Controllers\DesenhistaPost))
#9 C:\xampp\htdocs\codi\system\CodeIgniter.php(368): CodeIgniter\CodeIgniter->handleRequest(NULL, Object(Config\Cache), false)
#10 C:\xampp\htdocs\codi\public\index.php(67): CodeIgniter\CodeIgniter->run()
#11 {main}
CRITICAL - 2023-07-25 19:46:42 --> Table 'teste.tag' doesn't exist
in SYSTEMPATH\Database\MySQLi\Connection.php on line 295.
 1 SYSTEMPATH\Database\MySQLi\Connection.php(295): mysqli->query('SELECT *
FROM `tag`', 0)
 2 SYSTEMPATH\Database\BaseConnection.php(692): CodeIgniter\Database\MySQLi\Connection->execute('SELECT *
FROM `tag`')
 3 SYSTEMPATH\Database\BaseConnection.php(606): CodeIgniter\Database\BaseConnection->simpleQuery('SELECT *
FROM `tag`')
 4 SYSTEMPATH\Database\BaseBuilder.php(1616): CodeIgniter\Database\BaseConnection->query('SELECT *
FROM `tag`', [], false)
 5 SYSTEMPATH\Model.php(203): CodeIgniter\Database\BaseBuilder->get()
 6 SYSTEMPATH\BaseModel.php(557): CodeIgniter\Model->doFind(false, null)
 7 APPPATH\Controllers\DesenhistaPost.php(103): CodeIgniter\BaseModel->find()
 8 SYSTEMPATH\CodeIgniter.php(934): App\Controllers\DesenhistaPost->desenho_tag_lista()
 9 SYSTEMPATH\CodeIgniter.php(499): CodeIgniter\CodeIgniter->runController(Object(App\Controllers\DesenhistaPost))
10 SYSTEMPATH\CodeIgniter.php(368): CodeIgniter\CodeIgniter->handleRequest(null, Object(Config\Cache), false)
11 FCPATH\index.php(67): CodeIgniter\CodeIgniter->run()
ERROR - 2023-07-25 19:46:43 --> mysqli_sql_exception: Table 'teste.tag' doesn't exist in C:\xampp\htdocs\codi\system\Database\MySQLi\Connection.php:295
Stack trace:
#0 C:\xampp\htdocs\codi\system\Database\MySQLi\Connection.php(295): mysqli->query('SELECT *\nFROM `...', 0)
#1 C:\xampp\htdocs\codi\system\Database\BaseConnection.php(692): CodeIgniter\Database\MySQLi\Connection->execute('SELECT *\nFROM `...')
#2 C:\xampp\htdocs\codi\system\Database\BaseConnection.php(606): CodeIgniter\Database\BaseConnection->simpleQuery('SELECT *\nFROM `...')
#3 C:\xampp\htdocs\codi\system\Database\BaseBuilder.php(1616): CodeIgniter\Database\BaseConnection->query('SELECT *\nFROM `...', Array, false)
#4 C:\xampp\htdocs\codi\system\Model.php(203): CodeIgniter\Database\BaseBuilder->get()
#5 C:\xampp\htdocs\codi\system\BaseModel.php(557): CodeIgniter\Model->doFind(false, NULL)
#6 C:\xampp\htdocs\codi\app\Controllers\DesenhistaPost.php(103): CodeIgniter\BaseModel->find()
#7 C:\xampp\htdocs\codi\system\CodeIgniter.php(934): App\Controllers\DesenhistaPost->desenho_tag_lista()
#8 C:\xampp\htdocs\codi\system\CodeIgniter.php(499): CodeIgniter\CodeIgniter->runController(Object(App\Controllers\DesenhistaPost))
#9 C:\xampp\htdocs\codi\system\CodeIgniter.php(368): CodeIgniter\CodeIgniter->handleRequest(NULL, Object(Config\Cache), false)
#10 C:\xampp\htdocs\codi\public\index.php(67): CodeIgniter\CodeIgniter->run()
#11 {main}
CRITICAL - 2023-07-25 19:46:43 --> Table 'teste.tag' doesn't exist
in SYSTEMPATH\Database\MySQLi\Connection.php on line 295.
 1 SYSTEMPATH\Database\MySQLi\Connection.php(295): mysqli->query('SELECT *
FROM `tag`', 0)
 2 SYSTEMPATH\Database\BaseConnection.php(692): CodeIgniter\Database\MySQLi\Connection->execute('SELECT *
FROM `tag`')
 3 SYSTEMPATH\Database\BaseConnection.php(606): CodeIgniter\Database\BaseConnection->simpleQuery('SELECT *
FROM `tag`')
 4 SYSTEMPATH\Database\BaseBuilder.php(1616): CodeIgniter\Database\BaseConnection->query('SELECT *
FROM `tag`', [], false)
 5 SYSTEMPATH\Model.php(203): CodeIgniter\Database\BaseBuilder->get()
 6 SYSTEMPATH\BaseModel.php(557): CodeIgniter\Model->doFind(false, null)
 7 APPPATH\Controllers\DesenhistaPost.php(103): CodeIgniter\BaseModel->find()
 8 SYSTEMPATH\CodeIgniter.php(934): App\Controllers\DesenhistaPost->desenho_tag_lista()
 9 SYSTEMPATH\CodeIgniter.php(499): CodeIgniter\CodeIgniter->runController(Object(App\Controllers\DesenhistaPost))
10 SYSTEMPATH\CodeIgniter.php(368): CodeIgniter\CodeIgniter->handleRequest(null, Object(Config\Cache), false)
11 FCPATH\index.php(67): CodeIgniter\CodeIgniter->run()
ERROR - 2023-07-25 19:46:44 --> mysqli_sql_exception: Table 'teste.tag' doesn't exist in C:\xampp\htdocs\codi\system\Database\MySQLi\Connection.php:295
Stack trace:
#0 C:\xampp\htdocs\codi\system\Database\MySQLi\Connection.php(295): mysqli->query('SELECT *\nFROM `...', 0)
#1 C:\xampp\htdocs\codi\system\Database\BaseConnection.php(692): CodeIgniter\Database\MySQLi\Connection->execute('SELECT *\nFROM `...')
#2 C:\xampp\htdocs\codi\system\Database\BaseConnection.php(606): CodeIgniter\Database\BaseConnection->simpleQuery('SELECT *\nFROM `...')
#3 C:\xampp\htdocs\codi\system\Database\BaseBuilder.php(1616): CodeIgniter\Database\BaseConnection->query('SELECT *\nFROM `...', Array, false)
#4 C:\xampp\htdocs\codi\system\Model.php(203): CodeIgniter\Database\BaseBuilder->get()
#5 C:\xampp\htdocs\codi\system\BaseModel.php(557): CodeIgniter\Model->doFind(false, NULL)
#6 C:\xampp\htdocs\codi\app\Controllers\DesenhistaPost.php(103): CodeIgniter\BaseModel->find()
#7 C:\xampp\htdocs\codi\system\CodeIgniter.php(934): App\Controllers\DesenhistaPost->desenho_tag_lista()
#8 C:\xampp\htdocs\codi\system\CodeIgniter.php(499): CodeIgniter\CodeIgniter->runController(Object(App\Controllers\DesenhistaPost))
#9 C:\xampp\htdocs\codi\system\CodeIgniter.php(368): CodeIgniter\CodeIgniter->handleRequest(NULL, Object(Config\Cache), false)
#10 C:\xampp\htdocs\codi\public\index.php(67): CodeIgniter\CodeIgniter->run()
#11 {main}
CRITICAL - 2023-07-25 19:46:44 --> Table 'teste.tag' doesn't exist
in SYSTEMPATH\Database\MySQLi\Connection.php on line 295.
 1 SYSTEMPATH\Database\MySQLi\Connection.php(295): mysqli->query('SELECT *
FROM `tag`', 0)
 2 SYSTEMPATH\Database\BaseConnection.php(692): CodeIgniter\Database\MySQLi\Connection->execute('SELECT *
FROM `tag`')
 3 SYSTEMPATH\Database\BaseConnection.php(606): CodeIgniter\Database\BaseConnection->simpleQuery('SELECT *
FROM `tag`')
 4 SYSTEMPATH\Database\BaseBuilder.php(1616): CodeIgniter\Database\BaseConnection->query('SELECT *
FROM `tag`', [], false)
 5 SYSTEMPATH\Model.php(203): CodeIgniter\Database\BaseBuilder->get()
 6 SYSTEMPATH\BaseModel.php(557): CodeIgniter\Model->doFind(false, null)
 7 APPPATH\Controllers\DesenhistaPost.php(103): CodeIgniter\BaseModel->find()
 8 SYSTEMPATH\CodeIgniter.php(934): App\Controllers\DesenhistaPost->desenho_tag_lista()
 9 SYSTEMPATH\CodeIgniter.php(499): CodeIgniter\CodeIgniter->runController(Object(App\Controllers\DesenhistaPost))
10 SYSTEMPATH\CodeIgniter.php(368): CodeIgniter\CodeIgniter->handleRequest(null, Object(Config\Cache), false)
11 FCPATH\index.php(67): CodeIgniter\CodeIgniter->run()
ERROR - 2023-07-25 19:46:45 --> mysqli_sql_exception: Table 'teste.tag' doesn't exist in C:\xampp\htdocs\codi\system\Database\MySQLi\Connection.php:295
Stack trace:
#0 C:\xampp\htdocs\codi\system\Database\MySQLi\Connection.php(295): mysqli->query('SELECT *\nFROM `...', 0)
#1 C:\xampp\htdocs\codi\system\Database\BaseConnection.php(692): CodeIgniter\Database\MySQLi\Connection->execute('SELECT *\nFROM `...')
#2 C:\xampp\htdocs\codi\system\Database\BaseConnection.php(606): CodeIgniter\Database\BaseConnection->simpleQuery('SELECT *\nFROM `...')
#3 C:\xampp\htdocs\codi\system\Database\BaseBuilder.php(1616): CodeIgniter\Database\BaseConnection->query('SELECT *\nFROM `...', Array, false)
#4 C:\xampp\htdocs\codi\system\Model.php(203): CodeIgniter\Database\BaseBuilder->get()
#5 C:\xampp\htdocs\codi\system\BaseModel.php(557): CodeIgniter\Model->doFind(false, NULL)
#6 C:\xampp\htdocs\codi\app\Controllers\DesenhistaPost.php(103): CodeIgniter\BaseModel->find()
#7 C:\xampp\htdocs\codi\system\CodeIgniter.php(934): App\Controllers\DesenhistaPost->desenho_tag_lista()
#8 C:\xampp\htdocs\codi\system\CodeIgniter.php(499): CodeIgniter\CodeIgniter->runController(Object(App\Controllers\DesenhistaPost))
#9 C:\xampp\htdocs\codi\system\CodeIgniter.php(368): CodeIgniter\CodeIgniter->handleRequest(NULL, Object(Config\Cache), false)
#10 C:\xampp\htdocs\codi\public\index.php(67): CodeIgniter\CodeIgniter->run()
#11 {main}
CRITICAL - 2023-07-25 19:46:45 --> Table 'teste.tag' doesn't exist
in SYSTEMPATH\Database\MySQLi\Connection.php on line 295.
 1 SYSTEMPATH\Database\MySQLi\Connection.php(295): mysqli->query('SELECT *
FROM `tag`', 0)
 2 SYSTEMPATH\Database\BaseConnection.php(692): CodeIgniter\Database\MySQLi\Connection->execute('SELECT *
FROM `tag`')
 3 SYSTEMPATH\Database\BaseConnection.php(606): CodeIgniter\Database\BaseConnection->simpleQuery('SELECT *
FROM `tag`')
 4 SYSTEMPATH\Database\BaseBuilder.php(1616): CodeIgniter\Database\BaseConnection->query('SELECT *
FROM `tag`', [], false)
 5 SYSTEMPATH\Model.php(203): CodeIgniter\Database\BaseBuilder->get()
 6 SYSTEMPATH\BaseModel.php(557): CodeIgniter\Model->doFind(false, null)
 7 APPPATH\Controllers\DesenhistaPost.php(103): CodeIgniter\BaseModel->find()
 8 SYSTEMPATH\CodeIgniter.php(934): App\Controllers\DesenhistaPost->desenho_tag_lista()
 9 SYSTEMPATH\CodeIgniter.php(499): CodeIgniter\CodeIgniter->runController(Object(App\Controllers\DesenhistaPost))
10 SYSTEMPATH\CodeIgniter.php(368): CodeIgniter\CodeIgniter->handleRequest(null, Object(Config\Cache), false)
11 FCPATH\index.php(67): CodeIgniter\CodeIgniter->run()
ERROR - 2023-07-25 19:46:46 --> mysqli_sql_exception: Table 'teste.tag' doesn't exist in C:\xampp\htdocs\codi\system\Database\MySQLi\Connection.php:295
Stack trace:
#0 C:\xampp\htdocs\codi\system\Database\MySQLi\Connection.php(295): mysqli->query('SELECT *\nFROM `...', 0)
#1 C:\xampp\htdocs\codi\system\Database\BaseConnection.php(692): CodeIgniter\Database\MySQLi\Connection->execute('SELECT *\nFROM `...')
#2 C:\xampp\htdocs\codi\system\Database\BaseConnection.php(606): CodeIgniter\Database\BaseConnection->simpleQuery('SELECT *\nFROM `...')
#3 C:\xampp\htdocs\codi\system\Database\BaseBuilder.php(1616): CodeIgniter\Database\BaseConnection->query('SELECT *\nFROM `...', Array, false)
#4 C:\xampp\htdocs\codi\system\Model.php(203): CodeIgniter\Database\BaseBuilder->get()
#5 C:\xampp\htdocs\codi\system\BaseModel.php(557): CodeIgniter\Model->doFind(false, NULL)
#6 C:\xampp\htdocs\codi\app\Controllers\DesenhistaPost.php(103): CodeIgniter\BaseModel->find()
#7 C:\xampp\htdocs\codi\system\CodeIgniter.php(934): App\Controllers\DesenhistaPost->desenho_tag_lista()
#8 C:\xampp\htdocs\codi\system\CodeIgniter.php(499): CodeIgniter\CodeIgniter->runController(Object(App\Controllers\DesenhistaPost))
#9 C:\xampp\htdocs\codi\system\CodeIgniter.php(368): CodeIgniter\CodeIgniter->handleRequest(NULL, Object(Config\Cache), false)
#10 C:\xampp\htdocs\codi\public\index.php(67): CodeIgniter\CodeIgniter->run()
#11 {main}
CRITICAL - 2023-07-25 19:46:46 --> Table 'teste.tag' doesn't exist
in SYSTEMPATH\Database\MySQLi\Connection.php on line 295.
 1 SYSTEMPATH\Database\MySQLi\Connection.php(295): mysqli->query('SELECT *
FROM `tag`', 0)
 2 SYSTEMPATH\Database\BaseConnection.php(692): CodeIgniter\Database\MySQLi\Connection->execute('SELECT *
FROM `tag`')
 3 SYSTEMPATH\Database\BaseConnection.php(606): CodeIgniter\Database\BaseConnection->simpleQuery('SELECT *
FROM `tag`')
 4 SYSTEMPATH\Database\BaseBuilder.php(1616): CodeIgniter\Database\BaseConnection->query('SELECT *
FROM `tag`', [], false)
 5 SYSTEMPATH\Model.php(203): CodeIgniter\Database\BaseBuilder->get()
 6 SYSTEMPATH\BaseModel.php(557): CodeIgniter\Model->doFind(false, null)
 7 APPPATH\Controllers\DesenhistaPost.php(103): CodeIgniter\BaseModel->find()
 8 SYSTEMPATH\CodeIgniter.php(934): App\Controllers\DesenhistaPost->desenho_tag_lista()
 9 SYSTEMPATH\CodeIgniter.php(499): CodeIgniter\CodeIgniter->runController(Object(App\Controllers\DesenhistaPost))
10 SYSTEMPATH\CodeIgniter.php(368): CodeIgniter\CodeIgniter->handleRequest(null, Object(Config\Cache), false)
11 FCPATH\index.php(67): CodeIgniter\CodeIgniter->run()
ERROR - 2023-07-25 19:46:47 --> mysqli_sql_exception: Table 'teste.tag' doesn't exist in C:\xampp\htdocs\codi\system\Database\MySQLi\Connection.php:295
Stack trace:
#0 C:\xampp\htdocs\codi\system\Database\MySQLi\Connection.php(295): mysqli->query('SELECT *\nFROM `...', 0)
#1 C:\xampp\htdocs\codi\system\Database\BaseConnection.php(692): CodeIgniter\Database\MySQLi\Connection->execute('SELECT *\nFROM `...')
#2 C:\xampp\htdocs\codi\system\Database\BaseConnection.php(606): CodeIgniter\Database\BaseConnection->simpleQuery('SELECT *\nFROM `...')
#3 C:\xampp\htdocs\codi\system\Database\BaseBuilder.php(1616): CodeIgniter\Database\BaseConnection->query('SELECT *\nFROM `...', Array, false)
#4 C:\xampp\htdocs\codi\system\Model.php(203): CodeIgniter\Database\BaseBuilder->get()
#5 C:\xampp\htdocs\codi\system\BaseModel.php(557): CodeIgniter\Model->doFind(false, NULL)
#6 C:\xampp\htdocs\codi\app\Controllers\DesenhistaPost.php(103): CodeIgniter\BaseModel->find()
#7 C:\xampp\htdocs\codi\system\CodeIgniter.php(934): App\Controllers\DesenhistaPost->desenho_tag_lista()
#8 C:\xampp\htdocs\codi\system\CodeIgniter.php(499): CodeIgniter\CodeIgniter->runController(Object(App\Controllers\DesenhistaPost))
#9 C:\xampp\htdocs\codi\system\CodeIgniter.php(368): CodeIgniter\CodeIgniter->handleRequest(NULL, Object(Config\Cache), false)
#10 C:\xampp\htdocs\codi\public\index.php(67): CodeIgniter\CodeIgniter->run()
#11 {main}
CRITICAL - 2023-07-25 19:46:47 --> Table 'teste.tag' doesn't exist
in SYSTEMPATH\Database\MySQLi\Connection.php on line 295.
 1 SYSTEMPATH\Database\MySQLi\Connection.php(295): mysqli->query('SELECT *
FROM `tag`', 0)
 2 SYSTEMPATH\Database\BaseConnection.php(692): CodeIgniter\Database\MySQLi\Connection->execute('SELECT *
FROM `tag`')
 3 SYSTEMPATH\Database\BaseConnection.php(606): CodeIgniter\Database\BaseConnection->simpleQuery('SELECT *
FROM `tag`')
 4 SYSTEMPATH\Database\BaseBuilder.php(1616): CodeIgniter\Database\BaseConnection->query('SELECT *
FROM `tag`', [], false)
 5 SYSTEMPATH\Model.php(203): CodeIgniter\Database\BaseBuilder->get()
 6 SYSTEMPATH\BaseModel.php(557): CodeIgniter\Model->doFind(false, null)
 7 APPPATH\Controllers\DesenhistaPost.php(103): CodeIgniter\BaseModel->find()
 8 SYSTEMPATH\CodeIgniter.php(934): App\Controllers\DesenhistaPost->desenho_tag_lista()
 9 SYSTEMPATH\CodeIgniter.php(499): CodeIgniter\CodeIgniter->runController(Object(App\Controllers\DesenhistaPost))
10 SYSTEMPATH\CodeIgniter.php(368): CodeIgniter\CodeIgniter->handleRequest(null, Object(Config\Cache), false)
11 FCPATH\index.php(67): CodeIgniter\CodeIgniter->run()
ERROR - 2023-07-25 19:46:48 --> mysqli_sql_exception: Table 'teste.tag' doesn't exist in C:\xampp\htdocs\codi\system\Database\MySQLi\Connection.php:295
Stack trace:
#0 C:\xampp\htdocs\codi\system\Database\MySQLi\Connection.php(295): mysqli->query('SELECT *\nFROM `...', 0)
#1 C:\xampp\htdocs\codi\system\Database\BaseConnection.php(692): CodeIgniter\Database\MySQLi\Connection->execute('SELECT *\nFROM `...')
#2 C:\xampp\htdocs\codi\system\Database\BaseConnection.php(606): CodeIgniter\Database\BaseConnection->simpleQuery('SELECT *\nFROM `...')
#3 C:\xampp\htdocs\codi\system\Database\BaseBuilder.php(1616): CodeIgniter\Database\BaseConnection->query('SELECT *\nFROM `...', Array, false)
#4 C:\xampp\htdocs\codi\system\Model.php(203): CodeIgniter\Database\BaseBuilder->get()
#5 C:\xampp\htdocs\codi\system\BaseModel.php(557): CodeIgniter\Model->doFind(false, NULL)
#6 C:\xampp\htdocs\codi\app\Controllers\DesenhistaPost.php(103): CodeIgniter\BaseModel->find()
#7 C:\xampp\htdocs\codi\system\CodeIgniter.php(934): App\Controllers\DesenhistaPost->desenho_tag_lista()
#8 C:\xampp\htdocs\codi\system\CodeIgniter.php(499): CodeIgniter\CodeIgniter->runController(Object(App\Controllers\DesenhistaPost))
#9 C:\xampp\htdocs\codi\system\CodeIgniter.php(368): CodeIgniter\CodeIgniter->handleRequest(NULL, Object(Config\Cache), false)
#10 C:\xampp\htdocs\codi\public\index.php(67): CodeIgniter\CodeIgniter->run()
#11 {main}
CRITICAL - 2023-07-25 19:46:48 --> Table 'teste.tag' doesn't exist
in SYSTEMPATH\Database\MySQLi\Connection.php on line 295.
 1 SYSTEMPATH\Database\MySQLi\Connection.php(295): mysqli->query('SELECT *
FROM `tag`', 0)
 2 SYSTEMPATH\Database\BaseConnection.php(692): CodeIgniter\Database\MySQLi\Connection->execute('SELECT *
FROM `tag`')
 3 SYSTEMPATH\Database\BaseConnection.php(606): CodeIgniter\Database\BaseConnection->simpleQuery('SELECT *
FROM `tag`')
 4 SYSTEMPATH\Database\BaseBuilder.php(1616): CodeIgniter\Database\BaseConnection->query('SELECT *
FROM `tag`', [], false)
 5 SYSTEMPATH\Model.php(203): CodeIgniter\Database\BaseBuilder->get()
 6 SYSTEMPATH\BaseModel.php(557): CodeIgniter\Model->doFind(false, null)
 7 APPPATH\Controllers\DesenhistaPost.php(103): CodeIgniter\BaseModel->find()
 8 SYSTEMPATH\CodeIgniter.php(934): App\Controllers\DesenhistaPost->desenho_tag_lista()
 9 SYSTEMPATH\CodeIgniter.php(499): CodeIgniter\CodeIgniter->runController(Object(App\Controllers\DesenhistaPost))
10 SYSTEMPATH\CodeIgniter.php(368): CodeIgniter\CodeIgniter->handleRequest(null, Object(Config\Cache), false)
11 FCPATH\index.php(67): CodeIgniter\CodeIgniter->run()
ERROR - 2023-07-25 19:46:49 --> mysqli_sql_exception: Table 'teste.tag' doesn't exist in C:\xampp\htdocs\codi\system\Database\MySQLi\Connection.php:295
Stack trace:
#0 C:\xampp\htdocs\codi\system\Database\MySQLi\Connection.php(295): mysqli->query('SELECT *\nFROM `...', 0)
#1 C:\xampp\htdocs\codi\system\Database\BaseConnection.php(692): CodeIgniter\Database\MySQLi\Connection->execute('SELECT *\nFROM `...')
#2 C:\xampp\htdocs\codi\system\Database\BaseConnection.php(606): CodeIgniter\Database\BaseConnection->simpleQuery('SELECT *\nFROM `...')
#3 C:\xampp\htdocs\codi\system\Database\BaseBuilder.php(1616): CodeIgniter\Database\BaseConnection->query('SELECT *\nFROM `...', Array, false)
#4 C:\xampp\htdocs\codi\system\Model.php(203): CodeIgniter\Database\BaseBuilder->get()
#5 C:\xampp\htdocs\codi\system\BaseModel.php(557): CodeIgniter\Model->doFind(false, NULL)
#6 C:\xampp\htdocs\codi\app\Controllers\DesenhistaPost.php(103): CodeIgniter\BaseModel->find()
#7 C:\xampp\htdocs\codi\system\CodeIgniter.php(934): App\Controllers\DesenhistaPost->desenho_tag_lista()
#8 C:\xampp\htdocs\codi\system\CodeIgniter.php(499): CodeIgniter\CodeIgniter->runController(Object(App\Controllers\DesenhistaPost))
#9 C:\xampp\htdocs\codi\system\CodeIgniter.php(368): CodeIgniter\CodeIgniter->handleRequest(NULL, Object(Config\Cache), false)
#10 C:\xampp\htdocs\codi\public\index.php(67): CodeIgniter\CodeIgniter->run()
#11 {main}
CRITICAL - 2023-07-25 19:46:49 --> Table 'teste.tag' doesn't exist
in SYSTEMPATH\Database\MySQLi\Connection.php on line 295.
 1 SYSTEMPATH\Database\MySQLi\Connection.php(295): mysqli->query('SELECT *
FROM `tag`', 0)
 2 SYSTEMPATH\Database\BaseConnection.php(692): CodeIgniter\Database\MySQLi\Connection->execute('SELECT *
FROM `tag`')
 3 SYSTEMPATH\Database\BaseConnection.php(606): CodeIgniter\Database\BaseConnection->simpleQuery('SELECT *
FROM `tag`')
 4 SYSTEMPATH\Database\BaseBuilder.php(1616): CodeIgniter\Database\BaseConnection->query('SELECT *
FROM `tag`', [], false)
 5 SYSTEMPATH\Model.php(203): CodeIgniter\Database\BaseBuilder->get()
 6 SYSTEMPATH\BaseModel.php(557): CodeIgniter\Model->doFind(false, null)
 7 APPPATH\Controllers\DesenhistaPost.php(103): CodeIgniter\BaseModel->find()
 8 SYSTEMPATH\CodeIgniter.php(934): App\Controllers\DesenhistaPost->desenho_tag_lista()
 9 SYSTEMPATH\CodeIgniter.php(499): CodeIgniter\CodeIgniter->runController(Object(App\Controllers\DesenhistaPost))
10 SYSTEMPATH\CodeIgniter.php(368): CodeIgniter\CodeIgniter->handleRequest(null, Object(Config\Cache), false)
11 FCPATH\index.php(67): CodeIgniter\CodeIgniter->run()
ERROR - 2023-07-25 19:46:50 --> mysqli_sql_exception: Table 'teste.tag' doesn't exist in C:\xampp\htdocs\codi\system\Database\MySQLi\Connection.php:295
Stack trace:
#0 C:\xampp\htdocs\codi\system\Database\MySQLi\Connection.php(295): mysqli->query('SELECT *\nFROM `...', 0)
#1 C:\xampp\htdocs\codi\system\Database\BaseConnection.php(692): CodeIgniter\Database\MySQLi\Connection->execute('SELECT *\nFROM `...')
#2 C:\xampp\htdocs\codi\system\Database\BaseConnection.php(606): CodeIgniter\Database\BaseConnection->simpleQuery('SELECT *\nFROM `...')
#3 C:\xampp\htdocs\codi\system\Database\BaseBuilder.php(1616): CodeIgniter\Database\BaseConnection->query('SELECT *\nFROM `...', Array, false)
#4 C:\xampp\htdocs\codi\system\Model.php(203): CodeIgniter\Database\BaseBuilder->get()
#5 C:\xampp\htdocs\codi\system\BaseModel.php(557): CodeIgniter\Model->doFind(false, NULL)
#6 C:\xampp\htdocs\codi\app\Controllers\DesenhistaPost.php(103): CodeIgniter\BaseModel->find()
#7 C:\xampp\htdocs\codi\system\CodeIgniter.php(934): App\Controllers\DesenhistaPost->desenho_tag_lista()
#8 C:\xampp\htdocs\codi\system\CodeIgniter.php(499): CodeIgniter\CodeIgniter->runController(Object(App\Controllers\DesenhistaPost))
#9 C:\xampp\htdocs\codi\system\CodeIgniter.php(368): CodeIgniter\CodeIgniter->handleRequest(NULL, Object(Config\Cache), false)
#10 C:\xampp\htdocs\codi\public\index.php(67): CodeIgniter\CodeIgniter->run()
#11 {main}
CRITICAL - 2023-07-25 19:46:50 --> Table 'teste.tag' doesn't exist
in SYSTEMPATH\Database\MySQLi\Connection.php on line 295.
 1 SYSTEMPATH\Database\MySQLi\Connection.php(295): mysqli->query('SELECT *
FROM `tag`', 0)
 2 SYSTEMPATH\Database\BaseConnection.php(692): CodeIgniter\Database\MySQLi\Connection->execute('SELECT *
FROM `tag`')
 3 SYSTEMPATH\Database\BaseConnection.php(606): CodeIgniter\Database\BaseConnection->simpleQuery('SELECT *
FROM `tag`')
 4 SYSTEMPATH\Database\BaseBuilder.php(1616): CodeIgniter\Database\BaseConnection->query('SELECT *
FROM `tag`', [], false)
 5 SYSTEMPATH\Model.php(203): CodeIgniter\Database\BaseBuilder->get()
 6 SYSTEMPATH\BaseModel.php(557): CodeIgniter\Model->doFind(false, null)
 7 APPPATH\Controllers\DesenhistaPost.php(103): CodeIgniter\BaseModel->find()
 8 SYSTEMPATH\CodeIgniter.php(934): App\Controllers\DesenhistaPost->desenho_tag_lista()
 9 SYSTEMPATH\CodeIgniter.php(499): CodeIgniter\CodeIgniter->runController(Object(App\Controllers\DesenhistaPost))
10 SYSTEMPATH\CodeIgniter.php(368): CodeIgniter\CodeIgniter->handleRequest(null, Object(Config\Cache), false)
11 FCPATH\index.php(67): CodeIgniter\CodeIgniter->run()
ERROR - 2023-07-25 19:46:51 --> mysqli_sql_exception: Table 'teste.tag' doesn't exist in C:\xampp\htdocs\codi\system\Database\MySQLi\Connection.php:295
Stack trace:
#0 C:\xampp\htdocs\codi\system\Database\MySQLi\Connection.php(295): mysqli->query('SELECT *\nFROM `...', 0)
#1 C:\xampp\htdocs\codi\system\Database\BaseConnection.php(692): CodeIgniter\Database\MySQLi\Connection->execute('SELECT *\nFROM `...')
#2 C:\xampp\htdocs\codi\system\Database\BaseConnection.php(606): CodeIgniter\Database\BaseConnection->simpleQuery('SELECT *\nFROM `...')
#3 C:\xampp\htdocs\codi\system\Database\BaseBuilder.php(1616): CodeIgniter\Database\BaseConnection->query('SELECT *\nFROM `...', Array, false)
#4 C:\xampp\htdocs\codi\system\Model.php(203): CodeIgniter\Database\BaseBuilder->get()
#5 C:\xampp\htdocs\codi\system\BaseModel.php(557): CodeIgniter\Model->doFind(false, NULL)
#6 C:\xampp\htdocs\codi\app\Controllers\DesenhistaPost.php(103): CodeIgniter\BaseModel->find()
#7 C:\xampp\htdocs\codi\system\CodeIgniter.php(934): App\Controllers\DesenhistaPost->desenho_tag_lista()
#8 C:\xampp\htdocs\codi\system\CodeIgniter.php(499): CodeIgniter\CodeIgniter->runController(Object(App\Controllers\DesenhistaPost))
#9 C:\xampp\htdocs\codi\system\CodeIgniter.php(368): CodeIgniter\CodeIgniter->handleRequest(NULL, Object(Config\Cache), false)
#10 C:\xampp\htdocs\codi\public\index.php(67): CodeIgniter\CodeIgniter->run()
#11 {main}
CRITICAL - 2023-07-25 19:46:51 --> Table 'teste.tag' doesn't exist
in SYSTEMPATH\Database\MySQLi\Connection.php on line 295.
 1 SYSTEMPATH\Database\MySQLi\Connection.php(295): mysqli->query('SELECT *
FROM `tag`', 0)
 2 SYSTEMPATH\Database\BaseConnection.php(692): CodeIgniter\Database\MySQLi\Connection->execute('SELECT *
FROM `tag`')
 3 SYSTEMPATH\Database\BaseConnection.php(606): CodeIgniter\Database\BaseConnection->simpleQuery('SELECT *
FROM `tag`')
 4 SYSTEMPATH\Database\BaseBuilder.php(1616): CodeIgniter\Database\BaseConnection->query('SELECT *
FROM `tag`', [], false)
 5 SYSTEMPATH\Model.php(203): CodeIgniter\Database\BaseBuilder->get()
 6 SYSTEMPATH\BaseModel.php(557): CodeIgniter\Model->doFind(false, null)
 7 APPPATH\Controllers\DesenhistaPost.php(103): CodeIgniter\BaseModel->find()
 8 SYSTEMPATH\CodeIgniter.php(934): App\Controllers\DesenhistaPost->desenho_tag_lista()
 9 SYSTEMPATH\CodeIgniter.php(499): CodeIgniter\CodeIgniter->runController(Object(App\Controllers\DesenhistaPost))
10 SYSTEMPATH\CodeIgniter.php(368): CodeIgniter\CodeIgniter->handleRequest(null, Object(Config\Cache), false)
11 FCPATH\index.php(67): CodeIgniter\CodeIgniter->run()
ERROR - 2023-07-25 19:46:52 --> mysqli_sql_exception: Table 'teste.tag' doesn't exist in C:\xampp\htdocs\codi\system\Database\MySQLi\Connection.php:295
Stack trace:
#0 C:\xampp\htdocs\codi\system\Database\MySQLi\Connection.php(295): mysqli->query('SELECT *\nFROM `...', 0)
#1 C:\xampp\htdocs\codi\system\Database\BaseConnection.php(692): CodeIgniter\Database\MySQLi\Connection->execute('SELECT *\nFROM `...')
#2 C:\xampp\htdocs\codi\system\Database\BaseConnection.php(606): CodeIgniter\Database\BaseConnection->simpleQuery('SELECT *\nFROM `...')
#3 C:\xampp\htdocs\codi\system\Database\BaseBuilder.php(1616): CodeIgniter\Database\BaseConnection->query('SELECT *\nFROM `...', Array, false)
#4 C:\xampp\htdocs\codi\system\Model.php(203): CodeIgniter\Database\BaseBuilder->get()
#5 C:\xampp\htdocs\codi\system\BaseModel.php(557): CodeIgniter\Model->doFind(false, NULL)
#6 C:\xampp\htdocs\codi\app\Controllers\DesenhistaPost.php(103): CodeIgniter\BaseModel->find()
#7 C:\xampp\htdocs\codi\system\CodeIgniter.php(934): App\Controllers\DesenhistaPost->desenho_tag_lista()
#8 C:\xampp\htdocs\codi\system\CodeIgniter.php(499): CodeIgniter\CodeIgniter->runController(Object(App\Controllers\DesenhistaPost))
#9 C:\xampp\htdocs\codi\system\CodeIgniter.php(368): CodeIgniter\CodeIgniter->handleRequest(NULL, Object(Config\Cache), false)
#10 C:\xampp\htdocs\codi\public\index.php(67): CodeIgniter\CodeIgniter->run()
#11 {main}
CRITICAL - 2023-07-25 19:46:52 --> Table 'teste.tag' doesn't exist
in SYSTEMPATH\Database\MySQLi\Connection.php on line 295.
 1 SYSTEMPATH\Database\MySQLi\Connection.php(295): mysqli->query('SELECT *
FROM `tag`', 0)
 2 SYSTEMPATH\Database\BaseConnection.php(692): CodeIgniter\Database\MySQLi\Connection->execute('SELECT *
FROM `tag`')
 3 SYSTEMPATH\Database\BaseConnection.php(606): CodeIgniter\Database\BaseConnection->simpleQuery('SELECT *
FROM `tag`')
 4 SYSTEMPATH\Database\BaseBuilder.php(1616): CodeIgniter\Database\BaseConnection->query('SELECT *
FROM `tag`', [], false)
 5 SYSTEMPATH\Model.php(203): CodeIgniter\Database\BaseBuilder->get()
 6 SYSTEMPATH\BaseModel.php(557): CodeIgniter\Model->doFind(false, null)
 7 APPPATH\Controllers\DesenhistaPost.php(103): CodeIgniter\BaseModel->find()
 8 SYSTEMPATH\CodeIgniter.php(934): App\Controllers\DesenhistaPost->desenho_tag_lista()
 9 SYSTEMPATH\CodeIgniter.php(499): CodeIgniter\CodeIgniter->runController(Object(App\Controllers\DesenhistaPost))
10 SYSTEMPATH\CodeIgniter.php(368): CodeIgniter\CodeIgniter->handleRequest(null, Object(Config\Cache), false)
11 FCPATH\index.php(67): CodeIgniter\CodeIgniter->run()
ERROR - 2023-07-25 19:46:53 --> mysqli_sql_exception: Table 'teste.tag' doesn't exist in C:\xampp\htdocs\codi\system\Database\MySQLi\Connection.php:295
Stack trace:
#0 C:\xampp\htdocs\codi\system\Database\MySQLi\Connection.php(295): mysqli->query('SELECT *\nFROM `...', 0)
#1 C:\xampp\htdocs\codi\system\Database\BaseConnection.php(692): CodeIgniter\Database\MySQLi\Connection->execute('SELECT *\nFROM `...')
#2 C:\xampp\htdocs\codi\system\Database\BaseConnection.php(606): CodeIgniter\Database\BaseConnection->simpleQuery('SELECT *\nFROM `...')
#3 C:\xampp\htdocs\codi\system\Database\BaseBuilder.php(1616): CodeIgniter\Database\BaseConnection->query('SELECT *\nFROM `...', Array, false)
#4 C:\xampp\htdocs\codi\system\Model.php(203): CodeIgniter\Database\BaseBuilder->get()
#5 C:\xampp\htdocs\codi\system\BaseModel.php(557): CodeIgniter\Model->doFind(false, NULL)
#6 C:\xampp\htdocs\codi\app\Controllers\DesenhistaPost.php(103): CodeIgniter\BaseModel->find()
#7 C:\xampp\htdocs\codi\system\CodeIgniter.php(934): App\Controllers\DesenhistaPost->desenho_tag_lista()
#8 C:\xampp\htdocs\codi\system\CodeIgniter.php(499): CodeIgniter\CodeIgniter->runController(Object(App\Controllers\DesenhistaPost))
#9 C:\xampp\htdocs\codi\system\CodeIgniter.php(368): CodeIgniter\CodeIgniter->handleRequest(NULL, Object(Config\Cache), false)
#10 C:\xampp\htdocs\codi\public\index.php(67): CodeIgniter\CodeIgniter->run()
#11 {main}
CRITICAL - 2023-07-25 19:46:53 --> Table 'teste.tag' doesn't exist
in SYSTEMPATH\Database\MySQLi\Connection.php on line 295.
 1 SYSTEMPATH\Database\MySQLi\Connection.php(295): mysqli->query('SELECT *
FROM `tag`', 0)
 2 SYSTEMPATH\Database\BaseConnection.php(692): CodeIgniter\Database\MySQLi\Connection->execute('SELECT *
FROM `tag`')
 3 SYSTEMPATH\Database\BaseConnection.php(606): CodeIgniter\Database\BaseConnection->simpleQuery('SELECT *
FROM `tag`')
 4 SYSTEMPATH\Database\BaseBuilder.php(1616): CodeIgniter\Database\BaseConnection->query('SELECT *
FROM `tag`', [], false)
 5 SYSTEMPATH\Model.php(203): CodeIgniter\Database\BaseBuilder->get()
 6 SYSTEMPATH\BaseModel.php(557): CodeIgniter\Model->doFind(false, null)
 7 APPPATH\Controllers\DesenhistaPost.php(103): CodeIgniter\BaseModel->find()
 8 SYSTEMPATH\CodeIgniter.php(934): App\Controllers\DesenhistaPost->desenho_tag_lista()
 9 SYSTEMPATH\CodeIgniter.php(499): CodeIgniter\CodeIgniter->runController(Object(App\Controllers\DesenhistaPost))
10 SYSTEMPATH\CodeIgniter.php(368): CodeIgniter\CodeIgniter->handleRequest(null, Object(Config\Cache), false)
11 FCPATH\index.php(67): CodeIgniter\CodeIgniter->run()
ERROR - 2023-07-25 19:46:54 --> mysqli_sql_exception: Table 'teste.tag' doesn't exist in C:\xampp\htdocs\codi\system\Database\MySQLi\Connection.php:295
Stack trace:
#0 C:\xampp\htdocs\codi\system\Database\MySQLi\Connection.php(295): mysqli->query('SELECT *\nFROM `...', 0)
#1 C:\xampp\htdocs\codi\system\Database\BaseConnection.php(692): CodeIgniter\Database\MySQLi\Connection->execute('SELECT *\nFROM `...')
#2 C:\xampp\htdocs\codi\system\Database\BaseConnection.php(606): CodeIgniter\Database\BaseConnection->simpleQuery('SELECT *\nFROM `...')
#3 C:\xampp\htdocs\codi\system\Database\BaseBuilder.php(1616): CodeIgniter\Database\BaseConnection->query('SELECT *\nFROM `...', Array, false)
#4 C:\xampp\htdocs\codi\system\Model.php(203): CodeIgniter\Database\BaseBuilder->get()
#5 C:\xampp\htdocs\codi\system\BaseModel.php(557): CodeIgniter\Model->doFind(false, NULL)
#6 C:\xampp\htdocs\codi\app\Controllers\DesenhistaPost.php(103): CodeIgniter\BaseModel->find()
#7 C:\xampp\htdocs\codi\system\CodeIgniter.php(934): App\Controllers\DesenhistaPost->desenho_tag_lista()
#8 C:\xampp\htdocs\codi\system\CodeIgniter.php(499): CodeIgniter\CodeIgniter->runController(Object(App\Controllers\DesenhistaPost))
#9 C:\xampp\htdocs\codi\system\CodeIgniter.php(368): CodeIgniter\CodeIgniter->handleRequest(NULL, Object(Config\Cache), false)
#10 C:\xampp\htdocs\codi\public\index.php(67): CodeIgniter\CodeIgniter->run()
#11 {main}
CRITICAL - 2023-07-25 19:46:54 --> Table 'teste.tag' doesn't exist
in SYSTEMPATH\Database\MySQLi\Connection.php on line 295.
 1 SYSTEMPATH\Database\MySQLi\Connection.php(295): mysqli->query('SELECT *
FROM `tag`', 0)
 2 SYSTEMPATH\Database\BaseConnection.php(692): CodeIgniter\Database\MySQLi\Connection->execute('SELECT *
FROM `tag`')
 3 SYSTEMPATH\Database\BaseConnection.php(606): CodeIgniter\Database\BaseConnection->simpleQuery('SELECT *
FROM `tag`')
 4 SYSTEMPATH\Database\BaseBuilder.php(1616): CodeIgniter\Database\BaseConnection->query('SELECT *
FROM `tag`', [], false)
 5 SYSTEMPATH\Model.php(203): CodeIgniter\Database\BaseBuilder->get()
 6 SYSTEMPATH\BaseModel.php(557): CodeIgniter\Model->doFind(false, null)
 7 APPPATH\Controllers\DesenhistaPost.php(103): CodeIgniter\BaseModel->find()
 8 SYSTEMPATH\CodeIgniter.php(934): App\Controllers\DesenhistaPost->desenho_tag_lista()
 9 SYSTEMPATH\CodeIgniter.php(499): CodeIgniter\CodeIgniter->runController(Object(App\Controllers\DesenhistaPost))
10 SYSTEMPATH\CodeIgniter.php(368): CodeIgniter\CodeIgniter->handleRequest(null, Object(Config\Cache), false)
11 FCPATH\index.php(67): CodeIgniter\CodeIgniter->run()
ERROR - 2023-07-25 19:46:55 --> mysqli_sql_exception: Table 'teste.tag' doesn't exist in C:\xampp\htdocs\codi\system\Database\MySQLi\Connection.php:295
Stack trace:
#0 C:\xampp\htdocs\codi\system\Database\MySQLi\Connection.php(295): mysqli->query('SELECT *\nFROM `...', 0)
#1 C:\xampp\htdocs\codi\system\Database\BaseConnection.php(692): CodeIgniter\Database\MySQLi\Connection->execute('SELECT *\nFROM `...')
#2 C:\xampp\htdocs\codi\system\Database\BaseConnection.php(606): CodeIgniter\Database\BaseConnection->simpleQuery('SELECT *\nFROM `...')
#3 C:\xampp\htdocs\codi\system\Database\BaseBuilder.php(1616): CodeIgniter\Database\BaseConnection->query('SELECT *\nFROM `...', Array, false)
#4 C:\xampp\htdocs\codi\system\Model.php(203): CodeIgniter\Database\BaseBuilder->get()
#5 C:\xampp\htdocs\codi\system\BaseModel.php(557): CodeIgniter\Model->doFind(false, NULL)
#6 C:\xampp\htdocs\codi\app\Controllers\DesenhistaPost.php(103): CodeIgniter\BaseModel->find()
#7 C:\xampp\htdocs\codi\system\CodeIgniter.php(934): App\Controllers\DesenhistaPost->desenho_tag_lista()
#8 C:\xampp\htdocs\codi\system\CodeIgniter.php(499): CodeIgniter\CodeIgniter->runController(Object(App\Controllers\DesenhistaPost))
#9 C:\xampp\htdocs\codi\system\CodeIgniter.php(368): CodeIgniter\CodeIgniter->handleRequest(NULL, Object(Config\Cache), false)
#10 C:\xampp\htdocs\codi\public\index.php(67): CodeIgniter\CodeIgniter->run()
#11 {main}
CRITICAL - 2023-07-25 19:46:55 --> Table 'teste.tag' doesn't exist
in SYSTEMPATH\Database\MySQLi\Connection.php on line 295.
 1 SYSTEMPATH\Database\MySQLi\Connection.php(295): mysqli->query('SELECT *
FROM `tag`', 0)
 2 SYSTEMPATH\Database\BaseConnection.php(692): CodeIgniter\Database\MySQLi\Connection->execute('SELECT *
FROM `tag`')
 3 SYSTEMPATH\Database\BaseConnection.php(606): CodeIgniter\Database\BaseConnection->simpleQuery('SELECT *
FROM `tag`')
 4 SYSTEMPATH\Database\BaseBuilder.php(1616): CodeIgniter\Database\BaseConnection->query('SELECT *
FROM `tag`', [], false)
 5 SYSTEMPATH\Model.php(203): CodeIgniter\Database\BaseBuilder->get()
 6 SYSTEMPATH\BaseModel.php(557): CodeIgniter\Model->doFind(false, null)
 7 APPPATH\Controllers\DesenhistaPost.php(103): CodeIgniter\BaseModel->find()
 8 SYSTEMPATH\CodeIgniter.php(934): App\Controllers\DesenhistaPost->desenho_tag_lista()
 9 SYSTEMPATH\CodeIgniter.php(499): CodeIgniter\CodeIgniter->runController(Object(App\Controllers\DesenhistaPost))
10 SYSTEMPATH\CodeIgniter.php(368): CodeIgniter\CodeIgniter->handleRequest(null, Object(Config\Cache), false)
11 FCPATH\index.php(67): CodeIgniter\CodeIgniter->run()
ERROR - 2023-07-25 19:46:56 --> mysqli_sql_exception: Table 'teste.tag' doesn't exist in C:\xampp\htdocs\codi\system\Database\MySQLi\Connection.php:295
Stack trace:
#0 C:\xampp\htdocs\codi\system\Database\MySQLi\Connection.php(295): mysqli->query('SELECT *\nFROM `...', 0)
#1 C:\xampp\htdocs\codi\system\Database\BaseConnection.php(692): CodeIgniter\Database\MySQLi\Connection->execute('SELECT *\nFROM `...')
#2 C:\xampp\htdocs\codi\system\Database\BaseConnection.php(606): CodeIgniter\Database\BaseConnection->simpleQuery('SELECT *\nFROM `...')
#3 C:\xampp\htdocs\codi\system\Database\BaseBuilder.php(1616): CodeIgniter\Database\BaseConnection->query('SELECT *\nFROM `...', Array, false)
#4 C:\xampp\htdocs\codi\system\Model.php(203): CodeIgniter\Database\BaseBuilder->get()
#5 C:\xampp\htdocs\codi\system\BaseModel.php(557): CodeIgniter\Model->doFind(false, NULL)
#6 C:\xampp\htdocs\codi\app\Controllers\DesenhistaPost.php(103): CodeIgniter\BaseModel->find()
#7 C:\xampp\htdocs\codi\system\CodeIgniter.php(934): App\Controllers\DesenhistaPost->desenho_tag_lista()
#8 C:\xampp\htdocs\codi\system\CodeIgniter.php(499): CodeIgniter\CodeIgniter->runController(Object(App\Controllers\DesenhistaPost))
#9 C:\xampp\htdocs\codi\system\CodeIgniter.php(368): CodeIgniter\CodeIgniter->handleRequest(NULL, Object(Config\Cache), false)
#10 C:\xampp\htdocs\codi\public\index.php(67): CodeIgniter\CodeIgniter->run()
#11 {main}
CRITICAL - 2023-07-25 19:46:56 --> Table 'teste.tag' doesn't exist
in SYSTEMPATH\Database\MySQLi\Connection.php on line 295.
 1 SYSTEMPATH\Database\MySQLi\Connection.php(295): mysqli->query('SELECT *
FROM `tag`', 0)
 2 SYSTEMPATH\Database\BaseConnection.php(692): CodeIgniter\Database\MySQLi\Connection->execute('SELECT *
FROM `tag`')
 3 SYSTEMPATH\Database\BaseConnection.php(606): CodeIgniter\Database\BaseConnection->simpleQuery('SELECT *
FROM `tag`')
 4 SYSTEMPATH\Database\BaseBuilder.php(1616): CodeIgniter\Database\BaseConnection->query('SELECT *
FROM `tag`', [], false)
 5 SYSTEMPATH\Model.php(203): CodeIgniter\Database\BaseBuilder->get()
 6 SYSTEMPATH\BaseModel.php(557): CodeIgniter\Model->doFind(false, null)
 7 APPPATH\Controllers\DesenhistaPost.php(103): CodeIgniter\BaseModel->find()
 8 SYSTEMPATH\CodeIgniter.php(934): App\Controllers\DesenhistaPost->desenho_tag_lista()
 9 SYSTEMPATH\CodeIgniter.php(499): CodeIgniter\CodeIgniter->runController(Object(App\Controllers\DesenhistaPost))
10 SYSTEMPATH\CodeIgniter.php(368): CodeIgniter\CodeIgniter->handleRequest(null, Object(Config\Cache), false)
11 FCPATH\index.php(67): CodeIgniter\CodeIgniter->run()
ERROR - 2023-07-25 19:46:57 --> mysqli_sql_exception: Table 'teste.tag' doesn't exist in C:\xampp\htdocs\codi\system\Database\MySQLi\Connection.php:295
Stack trace:
#0 C:\xampp\htdocs\codi\system\Database\MySQLi\Connection.php(295): mysqli->query('SELECT *\nFROM `...', 0)
#1 C:\xampp\htdocs\codi\system\Database\BaseConnection.php(692): CodeIgniter\Database\MySQLi\Connection->execute('SELECT *\nFROM `...')
#2 C:\xampp\htdocs\codi\system\Database\BaseConnection.php(606): CodeIgniter\Database\BaseConnection->simpleQuery('SELECT *\nFROM `...')
#3 C:\xampp\htdocs\codi\system\Database\BaseBuilder.php(1616): CodeIgniter\Database\BaseConnection->query('SELECT *\nFROM `...', Array, false)
#4 C:\xampp\htdocs\codi\system\Model.php(203): CodeIgniter\Database\BaseBuilder->get()
#5 C:\xampp\htdocs\codi\system\BaseModel.php(557): CodeIgniter\Model->doFind(false, NULL)
#6 C:\xampp\htdocs\codi\app\Controllers\DesenhistaPost.php(103): CodeIgniter\BaseModel->find()
#7 C:\xampp\htdocs\codi\system\CodeIgniter.php(934): App\Controllers\DesenhistaPost->desenho_tag_lista()
#8 C:\xampp\htdocs\codi\system\CodeIgniter.php(499): CodeIgniter\CodeIgniter->runController(Object(App\Controllers\DesenhistaPost))
#9 C:\xampp\htdocs\codi\system\CodeIgniter.php(368): CodeIgniter\CodeIgniter->handleRequest(NULL, Object(Config\Cache), false)
#10 C:\xampp\htdocs\codi\public\index.php(67): CodeIgniter\CodeIgniter->run()
#11 {main}
CRITICAL - 2023-07-25 19:46:57 --> Table 'teste.tag' doesn't exist
in SYSTEMPATH\Database\MySQLi\Connection.php on line 295.
 1 SYSTEMPATH\Database\MySQLi\Connection.php(295): mysqli->query('SELECT *
FROM `tag`', 0)
 2 SYSTEMPATH\Database\BaseConnection.php(692): CodeIgniter\Database\MySQLi\Connection->execute('SELECT *
FROM `tag`')
 3 SYSTEMPATH\Database\BaseConnection.php(606): CodeIgniter\Database\BaseConnection->simpleQuery('SELECT *
FROM `tag`')
 4 SYSTEMPATH\Database\BaseBuilder.php(1616): CodeIgniter\Database\BaseConnection->query('SELECT *
FROM `tag`', [], false)
 5 SYSTEMPATH\Model.php(203): CodeIgniter\Database\BaseBuilder->get()
 6 SYSTEMPATH\BaseModel.php(557): CodeIgniter\Model->doFind(false, null)
 7 APPPATH\Controllers\DesenhistaPost.php(103): CodeIgniter\BaseModel->find()
 8 SYSTEMPATH\CodeIgniter.php(934): App\Controllers\DesenhistaPost->desenho_tag_lista()
 9 SYSTEMPATH\CodeIgniter.php(499): CodeIgniter\CodeIgniter->runController(Object(App\Controllers\DesenhistaPost))
10 SYSTEMPATH\CodeIgniter.php(368): CodeIgniter\CodeIgniter->handleRequest(null, Object(Config\Cache), false)
11 FCPATH\index.php(67): CodeIgniter\CodeIgniter->run()
ERROR - 2023-07-25 19:46:58 --> mysqli_sql_exception: Table 'teste.tag' doesn't exist in C:\xampp\htdocs\codi\system\Database\MySQLi\Connection.php:295
Stack trace:
#0 C:\xampp\htdocs\codi\system\Database\MySQLi\Connection.php(295): mysqli->query('SELECT *\nFROM `...', 0)
#1 C:\xampp\htdocs\codi\system\Database\BaseConnection.php(692): CodeIgniter\Database\MySQLi\Connection->execute('SELECT *\nFROM `...')
#2 C:\xampp\htdocs\codi\system\Database\BaseConnection.php(606): CodeIgniter\Database\BaseConnection->simpleQuery('SELECT *\nFROM `...')
#3 C:\xampp\htdocs\codi\system\Database\BaseBuilder.php(1616): CodeIgniter\Database\BaseConnection->query('SELECT *\nFROM `...', Array, false)
#4 C:\xampp\htdocs\codi\system\Model.php(203): CodeIgniter\Database\BaseBuilder->get()
#5 C:\xampp\htdocs\codi\system\BaseModel.php(557): CodeIgniter\Model->doFind(false, NULL)
#6 C:\xampp\htdocs\codi\app\Controllers\DesenhistaPost.php(103): CodeIgniter\BaseModel->find()
#7 C:\xampp\htdocs\codi\system\CodeIgniter.php(934): App\Controllers\DesenhistaPost->desenho_tag_lista()
#8 C:\xampp\htdocs\codi\system\CodeIgniter.php(499): CodeIgniter\CodeIgniter->runController(Object(App\Controllers\DesenhistaPost))
#9 C:\xampp\htdocs\codi\system\CodeIgniter.php(368): CodeIgniter\CodeIgniter->handleRequest(NULL, Object(Config\Cache), false)
#10 C:\xampp\htdocs\codi\public\index.php(67): CodeIgniter\CodeIgniter->run()
#11 {main}
CRITICAL - 2023-07-25 19:46:58 --> Table 'teste.tag' doesn't exist
in SYSTEMPATH\Database\MySQLi\Connection.php on line 295.
 1 SYSTEMPATH\Database\MySQLi\Connection.php(295): mysqli->query('SELECT *
FROM `tag`', 0)
 2 SYSTEMPATH\Database\BaseConnection.php(692): CodeIgniter\Database\MySQLi\Connection->execute('SELECT *
FROM `tag`')
 3 SYSTEMPATH\Database\BaseConnection.php(606): CodeIgniter\Database\BaseConnection->simpleQuery('SELECT *
FROM `tag`')
 4 SYSTEMPATH\Database\BaseBuilder.php(1616): CodeIgniter\Database\BaseConnection->query('SELECT *
FROM `tag`', [], false)
 5 SYSTEMPATH\Model.php(203): CodeIgniter\Database\BaseBuilder->get()
 6 SYSTEMPATH\BaseModel.php(557): CodeIgniter\Model->doFind(false, null)
 7 APPPATH\Controllers\DesenhistaPost.php(103): CodeIgniter\BaseModel->find()
 8 SYSTEMPATH\CodeIgniter.php(934): App\Controllers\DesenhistaPost->desenho_tag_lista()
 9 SYSTEMPATH\CodeIgniter.php(499): CodeIgniter\CodeIgniter->runController(Object(App\Controllers\DesenhistaPost))
10 SYSTEMPATH\CodeIgniter.php(368): CodeIgniter\CodeIgniter->handleRequest(null, Object(Config\Cache), false)
11 FCPATH\index.php(67): CodeIgniter\CodeIgniter->run()
ERROR - 2023-07-25 19:46:59 --> mysqli_sql_exception: Table 'teste.tag' doesn't exist in C:\xampp\htdocs\codi\system\Database\MySQLi\Connection.php:295
Stack trace:
#0 C:\xampp\htdocs\codi\system\Database\MySQLi\Connection.php(295): mysqli->query('SELECT *\nFROM `...', 0)
#1 C:\xampp\htdocs\codi\system\Database\BaseConnection.php(692): CodeIgniter\Database\MySQLi\Connection->execute('SELECT *\nFROM `...')
#2 C:\xampp\htdocs\codi\system\Database\BaseConnection.php(606): CodeIgniter\Database\BaseConnection->simpleQuery('SELECT *\nFROM `...')
#3 C:\xampp\htdocs\codi\system\Database\BaseBuilder.php(1616): CodeIgniter\Database\BaseConnection->query('SELECT *\nFROM `...', Array, false)
#4 C:\xampp\htdocs\codi\system\Model.php(203): CodeIgniter\Database\BaseBuilder->get()
#5 C:\xampp\htdocs\codi\system\BaseModel.php(557): CodeIgniter\Model->doFind(false, NULL)
#6 C:\xampp\htdocs\codi\app\Controllers\DesenhistaPost.php(103): CodeIgniter\BaseModel->find()
#7 C:\xampp\htdocs\codi\system\CodeIgniter.php(934): App\Controllers\DesenhistaPost->desenho_tag_lista()
#8 C:\xampp\htdocs\codi\system\CodeIgniter.php(499): CodeIgniter\CodeIgniter->runController(Object(App\Controllers\DesenhistaPost))
#9 C:\xampp\htdocs\codi\system\CodeIgniter.php(368): CodeIgniter\CodeIgniter->handleRequest(NULL, Object(Config\Cache), false)
#10 C:\xampp\htdocs\codi\public\index.php(67): CodeIgniter\CodeIgniter->run()
#11 {main}
CRITICAL - 2023-07-25 19:46:59 --> Table 'teste.tag' doesn't exist
in SYSTEMPATH\Database\MySQLi\Connection.php on line 295.
 1 SYSTEMPATH\Database\MySQLi\Connection.php(295): mysqli->query('SELECT *
FROM `tag`', 0)
 2 SYSTEMPATH\Database\BaseConnection.php(692): CodeIgniter\Database\MySQLi\Connection->execute('SELECT *
FROM `tag`')
 3 SYSTEMPATH\Database\BaseConnection.php(606): CodeIgniter\Database\BaseConnection->simpleQuery('SELECT *
FROM `tag`')
 4 SYSTEMPATH\Database\BaseBuilder.php(1616): CodeIgniter\Database\BaseConnection->query('SELECT *
FROM `tag`', [], false)
 5 SYSTEMPATH\Model.php(203): CodeIgniter\Database\BaseBuilder->get()
 6 SYSTEMPATH\BaseModel.php(557): CodeIgniter\Model->doFind(false, null)
 7 APPPATH\Controllers\DesenhistaPost.php(103): CodeIgniter\BaseModel->find()
 8 SYSTEMPATH\CodeIgniter.php(934): App\Controllers\DesenhistaPost->desenho_tag_lista()
 9 SYSTEMPATH\CodeIgniter.php(499): CodeIgniter\CodeIgniter->runController(Object(App\Controllers\DesenhistaPost))
10 SYSTEMPATH\CodeIgniter.php(368): CodeIgniter\CodeIgniter->handleRequest(null, Object(Config\Cache), false)
11 FCPATH\index.php(67): CodeIgniter\CodeIgniter->run()
ERROR - 2023-07-25 19:47:00 --> mysqli_sql_exception: Table 'teste.tag' doesn't exist in C:\xampp\htdocs\codi\system\Database\MySQLi\Connection.php:295
Stack trace:
#0 C:\xampp\htdocs\codi\system\Database\MySQLi\Connection.php(295): mysqli->query('SELECT *\nFROM `...', 0)
#1 C:\xampp\htdocs\codi\system\Database\BaseConnection.php(692): CodeIgniter\Database\MySQLi\Connection->execute('SELECT *\nFROM `...')
#2 C:\xampp\htdocs\codi\system\Database\BaseConnection.php(606): CodeIgniter\Database\BaseConnection->simpleQuery('SELECT *\nFROM `...')
#3 C:\xampp\htdocs\codi\system\Database\BaseBuilder.php(1616): CodeIgniter\Database\BaseConnection->query('SELECT *\nFROM `...', Array, false)
#4 C:\xampp\htdocs\codi\system\Model.php(203): CodeIgniter\Database\BaseBuilder->get()
#5 C:\xampp\htdocs\codi\system\BaseModel.php(557): CodeIgniter\Model->doFind(false, NULL)
#6 C:\xampp\htdocs\codi\app\Controllers\DesenhistaPost.php(103): CodeIgniter\BaseModel->find()
#7 C:\xampp\htdocs\codi\system\CodeIgniter.php(934): App\Controllers\DesenhistaPost->desenho_tag_lista()
#8 C:\xampp\htdocs\codi\system\CodeIgniter.php(499): CodeIgniter\CodeIgniter->runController(Object(App\Controllers\DesenhistaPost))
#9 C:\xampp\htdocs\codi\system\CodeIgniter.php(368): CodeIgniter\CodeIgniter->handleRequest(NULL, Object(Config\Cache), false)
#10 C:\xampp\htdocs\codi\public\index.php(67): CodeIgniter\CodeIgniter->run()
#11 {main}
CRITICAL - 2023-07-25 19:47:00 --> Table 'teste.tag' doesn't exist
in SYSTEMPATH\Database\MySQLi\Connection.php on line 295.
 1 SYSTEMPATH\Database\MySQLi\Connection.php(295): mysqli->query('SELECT *
FROM `tag`', 0)
 2 SYSTEMPATH\Database\BaseConnection.php(692): CodeIgniter\Database\MySQLi\Connection->execute('SELECT *
FROM `tag`')
 3 SYSTEMPATH\Database\BaseConnection.php(606): CodeIgniter\Database\BaseConnection->simpleQuery('SELECT *
FROM `tag`')
 4 SYSTEMPATH\Database\BaseBuilder.php(1616): CodeIgniter\Database\BaseConnection->query('SELECT *
FROM `tag`', [], false)
 5 SYSTEMPATH\Model.php(203): CodeIgniter\Database\BaseBuilder->get()
 6 SYSTEMPATH\BaseModel.php(557): CodeIgniter\Model->doFind(false, null)
 7 APPPATH\Controllers\DesenhistaPost.php(103): CodeIgniter\BaseModel->find()
 8 SYSTEMPATH\CodeIgniter.php(934): App\Controllers\DesenhistaPost->desenho_tag_lista()
 9 SYSTEMPATH\CodeIgniter.php(499): CodeIgniter\CodeIgniter->runController(Object(App\Controllers\DesenhistaPost))
10 SYSTEMPATH\CodeIgniter.php(368): CodeIgniter\CodeIgniter->handleRequest(null, Object(Config\Cache), false)
11 FCPATH\index.php(67): CodeIgniter\CodeIgniter->run()
ERROR - 2023-07-25 19:47:01 --> mysqli_sql_exception: Table 'teste.tag' doesn't exist in C:\xampp\htdocs\codi\system\Database\MySQLi\Connection.php:295
Stack trace:
#0 C:\xampp\htdocs\codi\system\Database\MySQLi\Connection.php(295): mysqli->query('SELECT *\nFROM `...', 0)
#1 C:\xampp\htdocs\codi\system\Database\BaseConnection.php(692): CodeIgniter\Database\MySQLi\Connection->execute('SELECT *\nFROM `...')
#2 C:\xampp\htdocs\codi\system\Database\BaseConnection.php(606): CodeIgniter\Database\BaseConnection->simpleQuery('SELECT *\nFROM `...')
#3 C:\xampp\htdocs\codi\system\Database\BaseBuilder.php(1616): CodeIgniter\Database\BaseConnection->query('SELECT *\nFROM `...', Array, false)
#4 C:\xampp\htdocs\codi\system\Model.php(203): CodeIgniter\Database\BaseBuilder->get()
#5 C:\xampp\htdocs\codi\system\BaseModel.php(557): CodeIgniter\Model->doFind(false, NULL)
#6 C:\xampp\htdocs\codi\app\Controllers\DesenhistaPost.php(103): CodeIgniter\BaseModel->find()
#7 C:\xampp\htdocs\codi\system\CodeIgniter.php(934): App\Controllers\DesenhistaPost->desenho_tag_lista()
#8 C:\xampp\htdocs\codi\system\CodeIgniter.php(499): CodeIgniter\CodeIgniter->runController(Object(App\Controllers\DesenhistaPost))
#9 C:\xampp\htdocs\codi\system\CodeIgniter.php(368): CodeIgniter\CodeIgniter->handleRequest(NULL, Object(Config\Cache), false)
#10 C:\xampp\htdocs\codi\public\index.php(67): CodeIgniter\CodeIgniter->run()
#11 {main}
CRITICAL - 2023-07-25 19:47:01 --> Table 'teste.tag' doesn't exist
in SYSTEMPATH\Database\MySQLi\Connection.php on line 295.
 1 SYSTEMPATH\Database\MySQLi\Connection.php(295): mysqli->query('SELECT *
FROM `tag`', 0)
 2 SYSTEMPATH\Database\BaseConnection.php(692): CodeIgniter\Database\MySQLi\Connection->execute('SELECT *
FROM `tag`')
 3 SYSTEMPATH\Database\BaseConnection.php(606): CodeIgniter\Database\BaseConnection->simpleQuery('SELECT *
FROM `tag`')
 4 SYSTEMPATH\Database\BaseBuilder.php(1616): CodeIgniter\Database\BaseConnection->query('SELECT *
FROM `tag`', [], false)
 5 SYSTEMPATH\Model.php(203): CodeIgniter\Database\BaseBuilder->get()
 6 SYSTEMPATH\BaseModel.php(557): CodeIgniter\Model->doFind(false, null)
 7 APPPATH\Controllers\DesenhistaPost.php(103): CodeIgniter\BaseModel->find()
 8 SYSTEMPATH\CodeIgniter.php(934): App\Controllers\DesenhistaPost->desenho_tag_lista()
 9 SYSTEMPATH\CodeIgniter.php(499): CodeIgniter\CodeIgniter->runController(Object(App\Controllers\DesenhistaPost))
10 SYSTEMPATH\CodeIgniter.php(368): CodeIgniter\CodeIgniter->handleRequest(null, Object(Config\Cache), false)
11 FCPATH\index.php(67): CodeIgniter\CodeIgniter->run()
ERROR - 2023-07-25 19:47:02 --> mysqli_sql_exception: Table 'teste.tag' doesn't exist in C:\xampp\htdocs\codi\system\Database\MySQLi\Connection.php:295
Stack trace:
#0 C:\xampp\htdocs\codi\system\Database\MySQLi\Connection.php(295): mysqli->query('SELECT *\nFROM `...', 0)
#1 C:\xampp\htdocs\codi\system\Database\BaseConnection.php(692): CodeIgniter\Database\MySQLi\Connection->execute('SELECT *\nFROM `...')
#2 C:\xampp\htdocs\codi\system\Database\BaseConnection.php(606): CodeIgniter\Database\BaseConnection->simpleQuery('SELECT *\nFROM `...')
#3 C:\xampp\htdocs\codi\system\Database\BaseBuilder.php(1616): CodeIgniter\Database\BaseConnection->query('SELECT *\nFROM `...', Array, false)
#4 C:\xampp\htdocs\codi\system\Model.php(203): CodeIgniter\Database\BaseBuilder->get()
#5 C:\xampp\htdocs\codi\system\BaseModel.php(557): CodeIgniter\Model->doFind(false, NULL)
#6 C:\xampp\htdocs\codi\app\Controllers\DesenhistaPost.php(103): CodeIgniter\BaseModel->find()
#7 C:\xampp\htdocs\codi\system\CodeIgniter.php(934): App\Controllers\DesenhistaPost->desenho_tag_lista()
#8 C:\xampp\htdocs\codi\system\CodeIgniter.php(499): CodeIgniter\CodeIgniter->runController(Object(App\Controllers\DesenhistaPost))
#9 C:\xampp\htdocs\codi\system\CodeIgniter.php(368): CodeIgniter\CodeIgniter->handleRequest(NULL, Object(Config\Cache), false)
#10 C:\xampp\htdocs\codi\public\index.php(67): CodeIgniter\CodeIgniter->run()
#11 {main}
CRITICAL - 2023-07-25 19:47:02 --> Table 'teste.tag' doesn't exist
in SYSTEMPATH\Database\MySQLi\Connection.php on line 295.
 1 SYSTEMPATH\Database\MySQLi\Connection.php(295): mysqli->query('SELECT *
FROM `tag`', 0)
 2 SYSTEMPATH\Database\BaseConnection.php(692): CodeIgniter\Database\MySQLi\Connection->execute('SELECT *
FROM `tag`')
 3 SYSTEMPATH\Database\BaseConnection.php(606): CodeIgniter\Database\BaseConnection->simpleQuery('SELECT *
FROM `tag`')
 4 SYSTEMPATH\Database\BaseBuilder.php(1616): CodeIgniter\Database\BaseConnection->query('SELECT *
FROM `tag`', [], false)
 5 SYSTEMPATH\Model.php(203): CodeIgniter\Database\BaseBuilder->get()
 6 SYSTEMPATH\BaseModel.php(557): CodeIgniter\Model->doFind(false, null)
 7 APPPATH\Controllers\DesenhistaPost.php(103): CodeIgniter\BaseModel->find()
 8 SYSTEMPATH\CodeIgniter.php(934): App\Controllers\DesenhistaPost->desenho_tag_lista()
 9 SYSTEMPATH\CodeIgniter.php(499): CodeIgniter\CodeIgniter->runController(Object(App\Controllers\DesenhistaPost))
10 SYSTEMPATH\CodeIgniter.php(368): CodeIgniter\CodeIgniter->handleRequest(null, Object(Config\Cache), false)
11 FCPATH\index.php(67): CodeIgniter\CodeIgniter->run()
ERROR - 2023-07-25 19:47:03 --> mysqli_sql_exception: Table 'teste.tag' doesn't exist in C:\xampp\htdocs\codi\system\Database\MySQLi\Connection.php:295
Stack trace:
#0 C:\xampp\htdocs\codi\system\Database\MySQLi\Connection.php(295): mysqli->query('SELECT *\nFROM `...', 0)
#1 C:\xampp\htdocs\codi\system\Database\BaseConnection.php(692): CodeIgniter\Database\MySQLi\Connection->execute('SELECT *\nFROM `...')
#2 C:\xampp\htdocs\codi\system\Database\BaseConnection.php(606): CodeIgniter\Database\BaseConnection->simpleQuery('SELECT *\nFROM `...')
#3 C:\xampp\htdocs\codi\system\Database\BaseBuilder.php(1616): CodeIgniter\Database\BaseConnection->query('SELECT *\nFROM `...', Array, false)
#4 C:\xampp\htdocs\codi\system\Model.php(203): CodeIgniter\Database\BaseBuilder->get()
#5 C:\xampp\htdocs\codi\system\BaseModel.php(557): CodeIgniter\Model->doFind(false, NULL)
#6 C:\xampp\htdocs\codi\app\Controllers\DesenhistaPost.php(103): CodeIgniter\BaseModel->find()
#7 C:\xampp\htdocs\codi\system\CodeIgniter.php(934): App\Controllers\DesenhistaPost->desenho_tag_lista()
#8 C:\xampp\htdocs\codi\system\CodeIgniter.php(499): CodeIgniter\CodeIgniter->runController(Object(App\Controllers\DesenhistaPost))
#9 C:\xampp\htdocs\codi\system\CodeIgniter.php(368): CodeIgniter\CodeIgniter->handleRequest(NULL, Object(Config\Cache), false)
#10 C:\xampp\htdocs\codi\public\index.php(67): CodeIgniter\CodeIgniter->run()
#11 {main}
CRITICAL - 2023-07-25 19:47:03 --> Table 'teste.tag' doesn't exist
in SYSTEMPATH\Database\MySQLi\Connection.php on line 295.
 1 SYSTEMPATH\Database\MySQLi\Connection.php(295): mysqli->query('SELECT *
FROM `tag`', 0)
 2 SYSTEMPATH\Database\BaseConnection.php(692): CodeIgniter\Database\MySQLi\Connection->execute('SELECT *
FROM `tag`')
 3 SYSTEMPATH\Database\BaseConnection.php(606): CodeIgniter\Database\BaseConnection->simpleQuery('SELECT *
FROM `tag`')
 4 SYSTEMPATH\Database\BaseBuilder.php(1616): CodeIgniter\Database\BaseConnection->query('SELECT *
FROM `tag`', [], false)
 5 SYSTEMPATH\Model.php(203): CodeIgniter\Database\BaseBuilder->get()
 6 SYSTEMPATH\BaseModel.php(557): CodeIgniter\Model->doFind(false, null)
 7 APPPATH\Controllers\DesenhistaPost.php(103): CodeIgniter\BaseModel->find()
 8 SYSTEMPATH\CodeIgniter.php(934): App\Controllers\DesenhistaPost->desenho_tag_lista()
 9 SYSTEMPATH\CodeIgniter.php(499): CodeIgniter\CodeIgniter->runController(Object(App\Controllers\DesenhistaPost))
10 SYSTEMPATH\CodeIgniter.php(368): CodeIgniter\CodeIgniter->handleRequest(null, Object(Config\Cache), false)
11 FCPATH\index.php(67): CodeIgniter\CodeIgniter->run()
ERROR - 2023-07-25 19:47:04 --> mysqli_sql_exception: Table 'teste.tag' doesn't exist in C:\xampp\htdocs\codi\system\Database\MySQLi\Connection.php:295
Stack trace:
#0 C:\xampp\htdocs\codi\system\Database\MySQLi\Connection.php(295): mysqli->query('SELECT *\nFROM `...', 0)
#1 C:\xampp\htdocs\codi\system\Database\BaseConnection.php(692): CodeIgniter\Database\MySQLi\Connection->execute('SELECT *\nFROM `...')
#2 C:\xampp\htdocs\codi\system\Database\BaseConnection.php(606): CodeIgniter\Database\BaseConnection->simpleQuery('SELECT *\nFROM `...')
#3 C:\xampp\htdocs\codi\system\Database\BaseBuilder.php(1616): CodeIgniter\Database\BaseConnection->query('SELECT *\nFROM `...', Array, false)
#4 C:\xampp\htdocs\codi\system\Model.php(203): CodeIgniter\Database\BaseBuilder->get()
#5 C:\xampp\htdocs\codi\system\BaseModel.php(557): CodeIgniter\Model->doFind(false, NULL)
#6 C:\xampp\htdocs\codi\app\Controllers\DesenhistaPost.php(103): CodeIgniter\BaseModel->find()
#7 C:\xampp\htdocs\codi\system\CodeIgniter.php(934): App\Controllers\DesenhistaPost->desenho_tag_lista()
#8 C:\xampp\htdocs\codi\system\CodeIgniter.php(499): CodeIgniter\CodeIgniter->runController(Object(App\Controllers\DesenhistaPost))
#9 C:\xampp\htdocs\codi\system\CodeIgniter.php(368): CodeIgniter\CodeIgniter->handleRequest(NULL, Object(Config\Cache), false)
#10 C:\xampp\htdocs\codi\public\index.php(67): CodeIgniter\CodeIgniter->run()
#11 {main}
CRITICAL - 2023-07-25 19:47:04 --> Table 'teste.tag' doesn't exist
in SYSTEMPATH\Database\MySQLi\Connection.php on line 295.
 1 SYSTEMPATH\Database\MySQLi\Connection.php(295): mysqli->query('SELECT *
FROM `tag`', 0)
 2 SYSTEMPATH\Database\BaseConnection.php(692): CodeIgniter\Database\MySQLi\Connection->execute('SELECT *
FROM `tag`')
 3 SYSTEMPATH\Database\BaseConnection.php(606): CodeIgniter\Database\BaseConnection->simpleQuery('SELECT *
FROM `tag`')
 4 SYSTEMPATH\Database\BaseBuilder.php(1616): CodeIgniter\Database\BaseConnection->query('SELECT *
FROM `tag`', [], false)
 5 SYSTEMPATH\Model.php(203): CodeIgniter\Database\BaseBuilder->get()
 6 SYSTEMPATH\BaseModel.php(557): CodeIgniter\Model->doFind(false, null)
 7 APPPATH\Controllers\DesenhistaPost.php(103): CodeIgniter\BaseModel->find()
 8 SYSTEMPATH\CodeIgniter.php(934): App\Controllers\DesenhistaPost->desenho_tag_lista()
 9 SYSTEMPATH\CodeIgniter.php(499): CodeIgniter\CodeIgniter->runController(Object(App\Controllers\DesenhistaPost))
10 SYSTEMPATH\CodeIgniter.php(368): CodeIgniter\CodeIgniter->handleRequest(null, Object(Config\Cache), false)
11 FCPATH\index.php(67): CodeIgniter\CodeIgniter->run()
ERROR - 2023-07-25 19:47:05 --> mysqli_sql_exception: Table 'teste.tag' doesn't exist in C:\xampp\htdocs\codi\system\Database\MySQLi\Connection.php:295
Stack trace:
#0 C:\xampp\htdocs\codi\system\Database\MySQLi\Connection.php(295): mysqli->query('SELECT *\nFROM `...', 0)
#1 C:\xampp\htdocs\codi\system\Database\BaseConnection.php(692): CodeIgniter\Database\MySQLi\Connection->execute('SELECT *\nFROM `...')
#2 C:\xampp\htdocs\codi\system\Database\BaseConnection.php(606): CodeIgniter\Database\BaseConnection->simpleQuery('SELECT *\nFROM `...')
#3 C:\xampp\htdocs\codi\system\Database\BaseBuilder.php(1616): CodeIgniter\Database\BaseConnection->query('SELECT *\nFROM `...', Array, false)
#4 C:\xampp\htdocs\codi\system\Model.php(203): CodeIgniter\Database\BaseBuilder->get()
#5 C:\xampp\htdocs\codi\system\BaseModel.php(557): CodeIgniter\Model->doFind(false, NULL)
#6 C:\xampp\htdocs\codi\app\Controllers\DesenhistaPost.php(103): CodeIgniter\BaseModel->find()
#7 C:\xampp\htdocs\codi\system\CodeIgniter.php(934): App\Controllers\DesenhistaPost->desenho_tag_lista()
#8 C:\xampp\htdocs\codi\system\CodeIgniter.php(499): CodeIgniter\CodeIgniter->runController(Object(App\Controllers\DesenhistaPost))
#9 C:\xampp\htdocs\codi\system\CodeIgniter.php(368): CodeIgniter\CodeIgniter->handleRequest(NULL, Object(Config\Cache), false)
#10 C:\xampp\htdocs\codi\public\index.php(67): CodeIgniter\CodeIgniter->run()
#11 {main}
CRITICAL - 2023-07-25 19:47:05 --> Table 'teste.tag' doesn't exist
in SYSTEMPATH\Database\MySQLi\Connection.php on line 295.
 1 SYSTEMPATH\Database\MySQLi\Connection.php(295): mysqli->query('SELECT *
FROM `tag`', 0)
 2 SYSTEMPATH\Database\BaseConnection.php(692): CodeIgniter\Database\MySQLi\Connection->execute('SELECT *
FROM `tag`')
 3 SYSTEMPATH\Database\BaseConnection.php(606): CodeIgniter\Database\BaseConnection->simpleQuery('SELECT *
FROM `tag`')
 4 SYSTEMPATH\Database\BaseBuilder.php(1616): CodeIgniter\Database\BaseConnection->query('SELECT *
FROM `tag`', [], false)
 5 SYSTEMPATH\Model.php(203): CodeIgniter\Database\BaseBuilder->get()
 6 SYSTEMPATH\BaseModel.php(557): CodeIgniter\Model->doFind(false, null)
 7 APPPATH\Controllers\DesenhistaPost.php(103): CodeIgniter\BaseModel->find()
 8 SYSTEMPATH\CodeIgniter.php(934): App\Controllers\DesenhistaPost->desenho_tag_lista()
 9 SYSTEMPATH\CodeIgniter.php(499): CodeIgniter\CodeIgniter->runController(Object(App\Controllers\DesenhistaPost))
10 SYSTEMPATH\CodeIgniter.php(368): CodeIgniter\CodeIgniter->handleRequest(null, Object(Config\Cache), false)
11 FCPATH\index.php(67): CodeIgniter\CodeIgniter->run()
ERROR - 2023-07-25 19:47:06 --> mysqli_sql_exception: Table 'teste.tag' doesn't exist in C:\xampp\htdocs\codi\system\Database\MySQLi\Connection.php:295
Stack trace:
#0 C:\xampp\htdocs\codi\system\Database\MySQLi\Connection.php(295): mysqli->query('SELECT *\nFROM `...', 0)
#1 C:\xampp\htdocs\codi\system\Database\BaseConnection.php(692): CodeIgniter\Database\MySQLi\Connection->execute('SELECT *\nFROM `...')
#2 C:\xampp\htdocs\codi\system\Database\BaseConnection.php(606): CodeIgniter\Database\BaseConnection->simpleQuery('SELECT *\nFROM `...')
#3 C:\xampp\htdocs\codi\system\Database\BaseBuilder.php(1616): CodeIgniter\Database\BaseConnection->query('SELECT *\nFROM `...', Array, false)
#4 C:\xampp\htdocs\codi\system\Model.php(203): CodeIgniter\Database\BaseBuilder->get()
#5 C:\xampp\htdocs\codi\system\BaseModel.php(557): CodeIgniter\Model->doFind(false, NULL)
#6 C:\xampp\htdocs\codi\app\Controllers\DesenhistaPost.php(103): CodeIgniter\BaseModel->find()
#7 C:\xampp\htdocs\codi\system\CodeIgniter.php(934): App\Controllers\DesenhistaPost->desenho_tag_lista()
#8 C:\xampp\htdocs\codi\system\CodeIgniter.php(499): CodeIgniter\CodeIgniter->runController(Object(App\Controllers\DesenhistaPost))
#9 C:\xampp\htdocs\codi\system\CodeIgniter.php(368): CodeIgniter\CodeIgniter->handleRequest(NULL, Object(Config\Cache), false)
#10 C:\xampp\htdocs\codi\public\index.php(67): CodeIgniter\CodeIgniter->run()
#11 {main}
CRITICAL - 2023-07-25 19:47:06 --> Table 'teste.tag' doesn't exist
in SYSTEMPATH\Database\MySQLi\Connection.php on line 295.
 1 SYSTEMPATH\Database\MySQLi\Connection.php(295): mysqli->query('SELECT *
FROM `tag`', 0)
 2 SYSTEMPATH\Database\BaseConnection.php(692): CodeIgniter\Database\MySQLi\Connection->execute('SELECT *
FROM `tag`')
 3 SYSTEMPATH\Database\BaseConnection.php(606): CodeIgniter\Database\BaseConnection->simpleQuery('SELECT *
FROM `tag`')
 4 SYSTEMPATH\Database\BaseBuilder.php(1616): CodeIgniter\Database\BaseConnection->query('SELECT *
FROM `tag`', [], false)
 5 SYSTEMPATH\Model.php(203): CodeIgniter\Database\BaseBuilder->get()
 6 SYSTEMPATH\BaseModel.php(557): CodeIgniter\Model->doFind(false, null)
 7 APPPATH\Controllers\DesenhistaPost.php(103): CodeIgniter\BaseModel->find()
 8 SYSTEMPATH\CodeIgniter.php(934): App\Controllers\DesenhistaPost->desenho_tag_lista()
 9 SYSTEMPATH\CodeIgniter.php(499): CodeIgniter\CodeIgniter->runController(Object(App\Controllers\DesenhistaPost))
10 SYSTEMPATH\CodeIgniter.php(368): CodeIgniter\CodeIgniter->handleRequest(null, Object(Config\Cache), false)
11 FCPATH\index.php(67): CodeIgniter\CodeIgniter->run()
ERROR - 2023-07-25 19:47:07 --> mysqli_sql_exception: Table 'teste.tag' doesn't exist in C:\xampp\htdocs\codi\system\Database\MySQLi\Connection.php:295
Stack trace:
#0 C:\xampp\htdocs\codi\system\Database\MySQLi\Connection.php(295): mysqli->query('SELECT *\nFROM `...', 0)
#1 C:\xampp\htdocs\codi\system\Database\BaseConnection.php(692): CodeIgniter\Database\MySQLi\Connection->execute('SELECT *\nFROM `...')
#2 C:\xampp\htdocs\codi\system\Database\BaseConnection.php(606): CodeIgniter\Database\BaseConnection->simpleQuery('SELECT *\nFROM `...')
#3 C:\xampp\htdocs\codi\system\Database\BaseBuilder.php(1616): CodeIgniter\Database\BaseConnection->query('SELECT *\nFROM `...', Array, false)
#4 C:\xampp\htdocs\codi\system\Model.php(203): CodeIgniter\Database\BaseBuilder->get()
#5 C:\xampp\htdocs\codi\system\BaseModel.php(557): CodeIgniter\Model->doFind(false, NULL)
#6 C:\xampp\htdocs\codi\app\Controllers\DesenhistaPost.php(103): CodeIgniter\BaseModel->find()
#7 C:\xampp\htdocs\codi\system\CodeIgniter.php(934): App\Controllers\DesenhistaPost->desenho_tag_lista()
#8 C:\xampp\htdocs\codi\system\CodeIgniter.php(499): CodeIgniter\CodeIgniter->runController(Object(App\Controllers\DesenhistaPost))
#9 C:\xampp\htdocs\codi\system\CodeIgniter.php(368): CodeIgniter\CodeIgniter->handleRequest(NULL, Object(Config\Cache), false)
#10 C:\xampp\htdocs\codi\public\index.php(67): CodeIgniter\CodeIgniter->run()
#11 {main}
CRITICAL - 2023-07-25 19:47:07 --> Table 'teste.tag' doesn't exist
in SYSTEMPATH\Database\MySQLi\Connection.php on line 295.
 1 SYSTEMPATH\Database\MySQLi\Connection.php(295): mysqli->query('SELECT *
FROM `tag`', 0)
 2 SYSTEMPATH\Database\BaseConnection.php(692): CodeIgniter\Database\MySQLi\Connection->execute('SELECT *
FROM `tag`')
 3 SYSTEMPATH\Database\BaseConnection.php(606): CodeIgniter\Database\BaseConnection->simpleQuery('SELECT *
FROM `tag`')
 4 SYSTEMPATH\Database\BaseBuilder.php(1616): CodeIgniter\Database\BaseConnection->query('SELECT *
FROM `tag`', [], false)
 5 SYSTEMPATH\Model.php(203): CodeIgniter\Database\BaseBuilder->get()
 6 SYSTEMPATH\BaseModel.php(557): CodeIgniter\Model->doFind(false, null)
 7 APPPATH\Controllers\DesenhistaPost.php(103): CodeIgniter\BaseModel->find()
 8 SYSTEMPATH\CodeIgniter.php(934): App\Controllers\DesenhistaPost->desenho_tag_lista()
 9 SYSTEMPATH\CodeIgniter.php(499): CodeIgniter\CodeIgniter->runController(Object(App\Controllers\DesenhistaPost))
10 SYSTEMPATH\CodeIgniter.php(368): CodeIgniter\CodeIgniter->handleRequest(null, Object(Config\Cache), false)
11 FCPATH\index.php(67): CodeIgniter\CodeIgniter->run()
ERROR - 2023-07-25 19:47:08 --> mysqli_sql_exception: Table 'teste.tag' doesn't exist in C:\xampp\htdocs\codi\system\Database\MySQLi\Connection.php:295
Stack trace:
#0 C:\xampp\htdocs\codi\system\Database\MySQLi\Connection.php(295): mysqli->query('SELECT *\nFROM `...', 0)
#1 C:\xampp\htdocs\codi\system\Database\BaseConnection.php(692): CodeIgniter\Database\MySQLi\Connection->execute('SELECT *\nFROM `...')
#2 C:\xampp\htdocs\codi\system\Database\BaseConnection.php(606): CodeIgniter\Database\BaseConnection->simpleQuery('SELECT *\nFROM `...')
#3 C:\xampp\htdocs\codi\system\Database\BaseBuilder.php(1616): CodeIgniter\Database\BaseConnection->query('SELECT *\nFROM `...', Array, false)
#4 C:\xampp\htdocs\codi\system\Model.php(203): CodeIgniter\Database\BaseBuilder->get()
#5 C:\xampp\htdocs\codi\system\BaseModel.php(557): CodeIgniter\Model->doFind(false, NULL)
#6 C:\xampp\htdocs\codi\app\Controllers\DesenhistaPost.php(103): CodeIgniter\BaseModel->find()
#7 C:\xampp\htdocs\codi\system\CodeIgniter.php(934): App\Controllers\DesenhistaPost->desenho_tag_lista()
#8 C:\xampp\htdocs\codi\system\CodeIgniter.php(499): CodeIgniter\CodeIgniter->runController(Object(App\Controllers\DesenhistaPost))
#9 C:\xampp\htdocs\codi\system\CodeIgniter.php(368): CodeIgniter\CodeIgniter->handleRequest(NULL, Object(Config\Cache), false)
#10 C:\xampp\htdocs\codi\public\index.php(67): CodeIgniter\CodeIgniter->run()
#11 {main}
CRITICAL - 2023-07-25 19:47:08 --> Table 'teste.tag' doesn't exist
in SYSTEMPATH\Database\MySQLi\Connection.php on line 295.
 1 SYSTEMPATH\Database\MySQLi\Connection.php(295): mysqli->query('SELECT *
FROM `tag`', 0)
 2 SYSTEMPATH\Database\BaseConnection.php(692): CodeIgniter\Database\MySQLi\Connection->execute('SELECT *
FROM `tag`')
 3 SYSTEMPATH\Database\BaseConnection.php(606): CodeIgniter\Database\BaseConnection->simpleQuery('SELECT *
FROM `tag`')
 4 SYSTEMPATH\Database\BaseBuilder.php(1616): CodeIgniter\Database\BaseConnection->query('SELECT *
FROM `tag`', [], false)
 5 SYSTEMPATH\Model.php(203): CodeIgniter\Database\BaseBuilder->get()
 6 SYSTEMPATH\BaseModel.php(557): CodeIgniter\Model->doFind(false, null)
 7 APPPATH\Controllers\DesenhistaPost.php(103): CodeIgniter\BaseModel->find()
 8 SYSTEMPATH\CodeIgniter.php(934): App\Controllers\DesenhistaPost->desenho_tag_lista()
 9 SYSTEMPATH\CodeIgniter.php(499): CodeIgniter\CodeIgniter->runController(Object(App\Controllers\DesenhistaPost))
10 SYSTEMPATH\CodeIgniter.php(368): CodeIgniter\CodeIgniter->handleRequest(null, Object(Config\Cache), false)
11 FCPATH\index.php(67): CodeIgniter\CodeIgniter->run()
ERROR - 2023-07-25 19:47:09 --> mysqli_sql_exception: Table 'teste.tag' doesn't exist in C:\xampp\htdocs\codi\system\Database\MySQLi\Connection.php:295
Stack trace:
#0 C:\xampp\htdocs\codi\system\Database\MySQLi\Connection.php(295): mysqli->query('SELECT *\nFROM `...', 0)
#1 C:\xampp\htdocs\codi\system\Database\BaseConnection.php(692): CodeIgniter\Database\MySQLi\Connection->execute('SELECT *\nFROM `...')
#2 C:\xampp\htdocs\codi\system\Database\BaseConnection.php(606): CodeIgniter\Database\BaseConnection->simpleQuery('SELECT *\nFROM `...')
#3 C:\xampp\htdocs\codi\system\Database\BaseBuilder.php(1616): CodeIgniter\Database\BaseConnection->query('SELECT *\nFROM `...', Array, false)
#4 C:\xampp\htdocs\codi\system\Model.php(203): CodeIgniter\Database\BaseBuilder->get()
#5 C:\xampp\htdocs\codi\system\BaseModel.php(557): CodeIgniter\Model->doFind(false, NULL)
#6 C:\xampp\htdocs\codi\app\Controllers\DesenhistaPost.php(103): CodeIgniter\BaseModel->find()
#7 C:\xampp\htdocs\codi\system\CodeIgniter.php(934): App\Controllers\DesenhistaPost->desenho_tag_lista()
#8 C:\xampp\htdocs\codi\system\CodeIgniter.php(499): CodeIgniter\CodeIgniter->runController(Object(App\Controllers\DesenhistaPost))
#9 C:\xampp\htdocs\codi\system\CodeIgniter.php(368): CodeIgniter\CodeIgniter->handleRequest(NULL, Object(Config\Cache), false)
#10 C:\xampp\htdocs\codi\public\index.php(67): CodeIgniter\CodeIgniter->run()
#11 {main}
CRITICAL - 2023-07-25 19:47:09 --> Table 'teste.tag' doesn't exist
in SYSTEMPATH\Database\MySQLi\Connection.php on line 295.
 1 SYSTEMPATH\Database\MySQLi\Connection.php(295): mysqli->query('SELECT *
FROM `tag`', 0)
 2 SYSTEMPATH\Database\BaseConnection.php(692): CodeIgniter\Database\MySQLi\Connection->execute('SELECT *
FROM `tag`')
 3 SYSTEMPATH\Database\BaseConnection.php(606): CodeIgniter\Database\BaseConnection->simpleQuery('SELECT *
FROM `tag`')
 4 SYSTEMPATH\Database\BaseBuilder.php(1616): CodeIgniter\Database\BaseConnection->query('SELECT *
FROM `tag`', [], false)
 5 SYSTEMPATH\Model.php(203): CodeIgniter\Database\BaseBuilder->get()
 6 SYSTEMPATH\BaseModel.php(557): CodeIgniter\Model->doFind(false, null)
 7 APPPATH\Controllers\DesenhistaPost.php(103): CodeIgniter\BaseModel->find()
 8 SYSTEMPATH\CodeIgniter.php(934): App\Controllers\DesenhistaPost->desenho_tag_lista()
 9 SYSTEMPATH\CodeIgniter.php(499): CodeIgniter\CodeIgniter->runController(Object(App\Controllers\DesenhistaPost))
10 SYSTEMPATH\CodeIgniter.php(368): CodeIgniter\CodeIgniter->handleRequest(null, Object(Config\Cache), false)
11 FCPATH\index.php(67): CodeIgniter\CodeIgniter->run()
ERROR - 2023-07-25 19:47:10 --> mysqli_sql_exception: Table 'teste.tag' doesn't exist in C:\xampp\htdocs\codi\system\Database\MySQLi\Connection.php:295
Stack trace:
#0 C:\xampp\htdocs\codi\system\Database\MySQLi\Connection.php(295): mysqli->query('SELECT *\nFROM `...', 0)
#1 C:\xampp\htdocs\codi\system\Database\BaseConnection.php(692): CodeIgniter\Database\MySQLi\Connection->execute('SELECT *\nFROM `...')
#2 C:\xampp\htdocs\codi\system\Database\BaseConnection.php(606): CodeIgniter\Database\BaseConnection->simpleQuery('SELECT *\nFROM `...')
#3 C:\xampp\htdocs\codi\system\Database\BaseBuilder.php(1616): CodeIgniter\Database\BaseConnection->query('SELECT *\nFROM `...', Array, false)
#4 C:\xampp\htdocs\codi\system\Model.php(203): CodeIgniter\Database\BaseBuilder->get()
#5 C:\xampp\htdocs\codi\system\BaseModel.php(557): CodeIgniter\Model->doFind(false, NULL)
#6 C:\xampp\htdocs\codi\app\Controllers\DesenhistaPost.php(103): CodeIgniter\BaseModel->find()
#7 C:\xampp\htdocs\codi\system\CodeIgniter.php(934): App\Controllers\DesenhistaPost->desenho_tag_lista()
#8 C:\xampp\htdocs\codi\system\CodeIgniter.php(499): CodeIgniter\CodeIgniter->runController(Object(App\Controllers\DesenhistaPost))
#9 C:\xampp\htdocs\codi\system\CodeIgniter.php(368): CodeIgniter\CodeIgniter->handleRequest(NULL, Object(Config\Cache), false)
#10 C:\xampp\htdocs\codi\public\index.php(67): CodeIgniter\CodeIgniter->run()
#11 {main}
CRITICAL - 2023-07-25 19:47:10 --> Table 'teste.tag' doesn't exist
in SYSTEMPATH\Database\MySQLi\Connection.php on line 295.
 1 SYSTEMPATH\Database\MySQLi\Connection.php(295): mysqli->query('SELECT *
FROM `tag`', 0)
 2 SYSTEMPATH\Database\BaseConnection.php(692): CodeIgniter\Database\MySQLi\Connection->execute('SELECT *
FROM `tag`')
 3 SYSTEMPATH\Database\BaseConnection.php(606): CodeIgniter\Database\BaseConnection->simpleQuery('SELECT *
FROM `tag`')
 4 SYSTEMPATH\Database\BaseBuilder.php(1616): CodeIgniter\Database\BaseConnection->query('SELECT *
FROM `tag`', [], false)
 5 SYSTEMPATH\Model.php(203): CodeIgniter\Database\BaseBuilder->get()
 6 SYSTEMPATH\BaseModel.php(557): CodeIgniter\Model->doFind(false, null)
 7 APPPATH\Controllers\DesenhistaPost.php(103): CodeIgniter\BaseModel->find()
 8 SYSTEMPATH\CodeIgniter.php(934): App\Controllers\DesenhistaPost->desenho_tag_lista()
 9 SYSTEMPATH\CodeIgniter.php(499): CodeIgniter\CodeIgniter->runController(Object(App\Controllers\DesenhistaPost))
10 SYSTEMPATH\CodeIgniter.php(368): CodeIgniter\CodeIgniter->handleRequest(null, Object(Config\Cache), false)
11 FCPATH\index.php(67): CodeIgniter\CodeIgniter->run()
ERROR - 2023-07-25 19:47:11 --> mysqli_sql_exception: Table 'teste.tag' doesn't exist in C:\xampp\htdocs\codi\system\Database\MySQLi\Connection.php:295
Stack trace:
#0 C:\xampp\htdocs\codi\system\Database\MySQLi\Connection.php(295): mysqli->query('SELECT *\nFROM `...', 0)
#1 C:\xampp\htdocs\codi\system\Database\BaseConnection.php(692): CodeIgniter\Database\MySQLi\Connection->execute('SELECT *\nFROM `...')
#2 C:\xampp\htdocs\codi\system\Database\BaseConnection.php(606): CodeIgniter\Database\BaseConnection->simpleQuery('SELECT *\nFROM `...')
#3 C:\xampp\htdocs\codi\system\Database\BaseBuilder.php(1616): CodeIgniter\Database\BaseConnection->query('SELECT *\nFROM `...', Array, false)
#4 C:\xampp\htdocs\codi\system\Model.php(203): CodeIgniter\Database\BaseBuilder->get()
#5 C:\xampp\htdocs\codi\system\BaseModel.php(557): CodeIgniter\Model->doFind(false, NULL)
#6 C:\xampp\htdocs\codi\app\Controllers\DesenhistaPost.php(103): CodeIgniter\BaseModel->find()
#7 C:\xampp\htdocs\codi\system\CodeIgniter.php(934): App\Controllers\DesenhistaPost->desenho_tag_lista()
#8 C:\xampp\htdocs\codi\system\CodeIgniter.php(499): CodeIgniter\CodeIgniter->runController(Object(App\Controllers\DesenhistaPost))
#9 C:\xampp\htdocs\codi\system\CodeIgniter.php(368): CodeIgniter\CodeIgniter->handleRequest(NULL, Object(Config\Cache), false)
#10 C:\xampp\htdocs\codi\public\index.php(67): CodeIgniter\CodeIgniter->run()
#11 {main}
CRITICAL - 2023-07-25 19:47:11 --> Table 'teste.tag' doesn't exist
in SYSTEMPATH\Database\MySQLi\Connection.php on line 295.
 1 SYSTEMPATH\Database\MySQLi\Connection.php(295): mysqli->query('SELECT *
FROM `tag`', 0)
 2 SYSTEMPATH\Database\BaseConnection.php(692): CodeIgniter\Database\MySQLi\Connection->execute('SELECT *
FROM `tag`')
 3 SYSTEMPATH\Database\BaseConnection.php(606): CodeIgniter\Database\BaseConnection->simpleQuery('SELECT *
FROM `tag`')
 4 SYSTEMPATH\Database\BaseBuilder.php(1616): CodeIgniter\Database\BaseConnection->query('SELECT *
FROM `tag`', [], false)
 5 SYSTEMPATH\Model.php(203): CodeIgniter\Database\BaseBuilder->get()
 6 SYSTEMPATH\BaseModel.php(557): CodeIgniter\Model->doFind(false, null)
 7 APPPATH\Controllers\DesenhistaPost.php(103): CodeIgniter\BaseModel->find()
 8 SYSTEMPATH\CodeIgniter.php(934): App\Controllers\DesenhistaPost->desenho_tag_lista()
 9 SYSTEMPATH\CodeIgniter.php(499): CodeIgniter\CodeIgniter->runController(Object(App\Controllers\DesenhistaPost))
10 SYSTEMPATH\CodeIgniter.php(368): CodeIgniter\CodeIgniter->handleRequest(null, Object(Config\Cache), false)
11 FCPATH\index.php(67): CodeIgniter\CodeIgniter->run()
ERROR - 2023-07-25 19:47:12 --> mysqli_sql_exception: Table 'teste.tag' doesn't exist in C:\xampp\htdocs\codi\system\Database\MySQLi\Connection.php:295
Stack trace:
#0 C:\xampp\htdocs\codi\system\Database\MySQLi\Connection.php(295): mysqli->query('SELECT *\nFROM `...', 0)
#1 C:\xampp\htdocs\codi\system\Database\BaseConnection.php(692): CodeIgniter\Database\MySQLi\Connection->execute('SELECT *\nFROM `...')
#2 C:\xampp\htdocs\codi\system\Database\BaseConnection.php(606): CodeIgniter\Database\BaseConnection->simpleQuery('SELECT *\nFROM `...')
#3 C:\xampp\htdocs\codi\system\Database\BaseBuilder.php(1616): CodeIgniter\Database\BaseConnection->query('SELECT *\nFROM `...', Array, false)
#4 C:\xampp\htdocs\codi\system\Model.php(203): CodeIgniter\Database\BaseBuilder->get()
#5 C:\xampp\htdocs\codi\system\BaseModel.php(557): CodeIgniter\Model->doFind(false, NULL)
#6 C:\xampp\htdocs\codi\app\Controllers\DesenhistaPost.php(103): CodeIgniter\BaseModel->find()
#7 C:\xampp\htdocs\codi\system\CodeIgniter.php(934): App\Controllers\DesenhistaPost->desenho_tag_lista()
#8 C:\xampp\htdocs\codi\system\CodeIgniter.php(499): CodeIgniter\CodeIgniter->runController(Object(App\Controllers\DesenhistaPost))
#9 C:\xampp\htdocs\codi\system\CodeIgniter.php(368): CodeIgniter\CodeIgniter->handleRequest(NULL, Object(Config\Cache), false)
#10 C:\xampp\htdocs\codi\public\index.php(67): CodeIgniter\CodeIgniter->run()
#11 {main}
CRITICAL - 2023-07-25 19:47:12 --> Table 'teste.tag' doesn't exist
in SYSTEMPATH\Database\MySQLi\Connection.php on line 295.
 1 SYSTEMPATH\Database\MySQLi\Connection.php(295): mysqli->query('SELECT *
FROM `tag`', 0)
 2 SYSTEMPATH\Database\BaseConnection.php(692): CodeIgniter\Database\MySQLi\Connection->execute('SELECT *
FROM `tag`')
 3 SYSTEMPATH\Database\BaseConnection.php(606): CodeIgniter\Database\BaseConnection->simpleQuery('SELECT *
FROM `tag`')
 4 SYSTEMPATH\Database\BaseBuilder.php(1616): CodeIgniter\Database\BaseConnection->query('SELECT *
FROM `tag`', [], false)
 5 SYSTEMPATH\Model.php(203): CodeIgniter\Database\BaseBuilder->get()
 6 SYSTEMPATH\BaseModel.php(557): CodeIgniter\Model->doFind(false, null)
 7 APPPATH\Controllers\DesenhistaPost.php(103): CodeIgniter\BaseModel->find()
 8 SYSTEMPATH\CodeIgniter.php(934): App\Controllers\DesenhistaPost->desenho_tag_lista()
 9 SYSTEMPATH\CodeIgniter.php(499): CodeIgniter\CodeIgniter->runController(Object(App\Controllers\DesenhistaPost))
10 SYSTEMPATH\CodeIgniter.php(368): CodeIgniter\CodeIgniter->handleRequest(null, Object(Config\Cache), false)
11 FCPATH\index.php(67): CodeIgniter\CodeIgniter->run()
ERROR - 2023-07-25 19:47:13 --> mysqli_sql_exception: Table 'teste.tag' doesn't exist in C:\xampp\htdocs\codi\system\Database\MySQLi\Connection.php:295
Stack trace:
#0 C:\xampp\htdocs\codi\system\Database\MySQLi\Connection.php(295): mysqli->query('SELECT *\nFROM `...', 0)
#1 C:\xampp\htdocs\codi\system\Database\BaseConnection.php(692): CodeIgniter\Database\MySQLi\Connection->execute('SELECT *\nFROM `...')
#2 C:\xampp\htdocs\codi\system\Database\BaseConnection.php(606): CodeIgniter\Database\BaseConnection->simpleQuery('SELECT *\nFROM `...')
#3 C:\xampp\htdocs\codi\system\Database\BaseBuilder.php(1616): CodeIgniter\Database\BaseConnection->query('SELECT *\nFROM `...', Array, false)
#4 C:\xampp\htdocs\codi\system\Model.php(203): CodeIgniter\Database\BaseBuilder->get()
#5 C:\xampp\htdocs\codi\system\BaseModel.php(557): CodeIgniter\Model->doFind(false, NULL)
#6 C:\xampp\htdocs\codi\app\Controllers\DesenhistaPost.php(103): CodeIgniter\BaseModel->find()
#7 C:\xampp\htdocs\codi\system\CodeIgniter.php(934): App\Controllers\DesenhistaPost->desenho_tag_lista()
#8 C:\xampp\htdocs\codi\system\CodeIgniter.php(499): CodeIgniter\CodeIgniter->runController(Object(App\Controllers\DesenhistaPost))
#9 C:\xampp\htdocs\codi\system\CodeIgniter.php(368): CodeIgniter\CodeIgniter->handleRequest(NULL, Object(Config\Cache), false)
#10 C:\xampp\htdocs\codi\public\index.php(67): CodeIgniter\CodeIgniter->run()
#11 {main}
CRITICAL - 2023-07-25 19:47:13 --> Table 'teste.tag' doesn't exist
in SYSTEMPATH\Database\MySQLi\Connection.php on line 295.
 1 SYSTEMPATH\Database\MySQLi\Connection.php(295): mysqli->query('SELECT *
FROM `tag`', 0)
 2 SYSTEMPATH\Database\BaseConnection.php(692): CodeIgniter\Database\MySQLi\Connection->execute('SELECT *
FROM `tag`')
 3 SYSTEMPATH\Database\BaseConnection.php(606): CodeIgniter\Database\BaseConnection->simpleQuery('SELECT *
FROM `tag`')
 4 SYSTEMPATH\Database\BaseBuilder.php(1616): CodeIgniter\Database\BaseConnection->query('SELECT *
FROM `tag`', [], false)
 5 SYSTEMPATH\Model.php(203): CodeIgniter\Database\BaseBuilder->get()
 6 SYSTEMPATH\BaseModel.php(557): CodeIgniter\Model->doFind(false, null)
 7 APPPATH\Controllers\DesenhistaPost.php(103): CodeIgniter\BaseModel->find()
 8 SYSTEMPATH\CodeIgniter.php(934): App\Controllers\DesenhistaPost->desenho_tag_lista()
 9 SYSTEMPATH\CodeIgniter.php(499): CodeIgniter\CodeIgniter->runController(Object(App\Controllers\DesenhistaPost))
10 SYSTEMPATH\CodeIgniter.php(368): CodeIgniter\CodeIgniter->handleRequest(null, Object(Config\Cache), false)
11 FCPATH\index.php(67): CodeIgniter\CodeIgniter->run()
ERROR - 2023-07-25 19:47:14 --> mysqli_sql_exception: Table 'teste.tag' doesn't exist in C:\xampp\htdocs\codi\system\Database\MySQLi\Connection.php:295
Stack trace:
#0 C:\xampp\htdocs\codi\system\Database\MySQLi\Connection.php(295): mysqli->query('SELECT *\nFROM `...', 0)
#1 C:\xampp\htdocs\codi\system\Database\BaseConnection.php(692): CodeIgniter\Database\MySQLi\Connection->execute('SELECT *\nFROM `...')
#2 C:\xampp\htdocs\codi\system\Database\BaseConnection.php(606): CodeIgniter\Database\BaseConnection->simpleQuery('SELECT *\nFROM `...')
#3 C:\xampp\htdocs\codi\system\Database\BaseBuilder.php(1616): CodeIgniter\Database\BaseConnection->query('SELECT *\nFROM `...', Array, false)
#4 C:\xampp\htdocs\codi\system\Model.php(203): CodeIgniter\Database\BaseBuilder->get()
#5 C:\xampp\htdocs\codi\system\BaseModel.php(557): CodeIgniter\Model->doFind(false, NULL)
#6 C:\xampp\htdocs\codi\app\Controllers\DesenhistaPost.php(103): CodeIgniter\BaseModel->find()
#7 C:\xampp\htdocs\codi\system\CodeIgniter.php(934): App\Controllers\DesenhistaPost->desenho_tag_lista()
#8 C:\xampp\htdocs\codi\system\CodeIgniter.php(499): CodeIgniter\CodeIgniter->runController(Object(App\Controllers\DesenhistaPost))
#9 C:\xampp\htdocs\codi\system\CodeIgniter.php(368): CodeIgniter\CodeIgniter->handleRequest(NULL, Object(Config\Cache), false)
#10 C:\xampp\htdocs\codi\public\index.php(67): CodeIgniter\CodeIgniter->run()
#11 {main}
CRITICAL - 2023-07-25 19:47:14 --> Table 'teste.tag' doesn't exist
in SYSTEMPATH\Database\MySQLi\Connection.php on line 295.
 1 SYSTEMPATH\Database\MySQLi\Connection.php(295): mysqli->query('SELECT *
FROM `tag`', 0)
 2 SYSTEMPATH\Database\BaseConnection.php(692): CodeIgniter\Database\MySQLi\Connection->execute('SELECT *
FROM `tag`')
 3 SYSTEMPATH\Database\BaseConnection.php(606): CodeIgniter\Database\BaseConnection->simpleQuery('SELECT *
FROM `tag`')
 4 SYSTEMPATH\Database\BaseBuilder.php(1616): CodeIgniter\Database\BaseConnection->query('SELECT *
FROM `tag`', [], false)
 5 SYSTEMPATH\Model.php(203): CodeIgniter\Database\BaseBuilder->get()
 6 SYSTEMPATH\BaseModel.php(557): CodeIgniter\Model->doFind(false, null)
 7 APPPATH\Controllers\DesenhistaPost.php(103): CodeIgniter\BaseModel->find()
 8 SYSTEMPATH\CodeIgniter.php(934): App\Controllers\DesenhistaPost->desenho_tag_lista()
 9 SYSTEMPATH\CodeIgniter.php(499): CodeIgniter\CodeIgniter->runController(Object(App\Controllers\DesenhistaPost))
10 SYSTEMPATH\CodeIgniter.php(368): CodeIgniter\CodeIgniter->handleRequest(null, Object(Config\Cache), false)
11 FCPATH\index.php(67): CodeIgniter\CodeIgniter->run()
ERROR - 2023-07-25 19:47:15 --> mysqli_sql_exception: Table 'teste.tag' doesn't exist in C:\xampp\htdocs\codi\system\Database\MySQLi\Connection.php:295
Stack trace:
#0 C:\xampp\htdocs\codi\system\Database\MySQLi\Connection.php(295): mysqli->query('SELECT *\nFROM `...', 0)
#1 C:\xampp\htdocs\codi\system\Database\BaseConnection.php(692): CodeIgniter\Database\MySQLi\Connection->execute('SELECT *\nFROM `...')
#2 C:\xampp\htdocs\codi\system\Database\BaseConnection.php(606): CodeIgniter\Database\BaseConnection->simpleQuery('SELECT *\nFROM `...')
#3 C:\xampp\htdocs\codi\system\Database\BaseBuilder.php(1616): CodeIgniter\Database\BaseConnection->query('SELECT *\nFROM `...', Array, false)
#4 C:\xampp\htdocs\codi\system\Model.php(203): CodeIgniter\Database\BaseBuilder->get()
#5 C:\xampp\htdocs\codi\system\BaseModel.php(557): CodeIgniter\Model->doFind(false, NULL)
#6 C:\xampp\htdocs\codi\app\Controllers\DesenhistaPost.php(103): CodeIgniter\BaseModel->find()
#7 C:\xampp\htdocs\codi\system\CodeIgniter.php(934): App\Controllers\DesenhistaPost->desenho_tag_lista()
#8 C:\xampp\htdocs\codi\system\CodeIgniter.php(499): CodeIgniter\CodeIgniter->runController(Object(App\Controllers\DesenhistaPost))
#9 C:\xampp\htdocs\codi\system\CodeIgniter.php(368): CodeIgniter\CodeIgniter->handleRequest(NULL, Object(Config\Cache), false)
#10 C:\xampp\htdocs\codi\public\index.php(67): CodeIgniter\CodeIgniter->run()
#11 {main}
CRITICAL - 2023-07-25 19:47:15 --> Table 'teste.tag' doesn't exist
in SYSTEMPATH\Database\MySQLi\Connection.php on line 295.
 1 SYSTEMPATH\Database\MySQLi\Connection.php(295): mysqli->query('SELECT *
FROM `tag`', 0)
 2 SYSTEMPATH\Database\BaseConnection.php(692): CodeIgniter\Database\MySQLi\Connection->execute('SELECT *
FROM `tag`')
 3 SYSTEMPATH\Database\BaseConnection.php(606): CodeIgniter\Database\BaseConnection->simpleQuery('SELECT *
FROM `tag`')
 4 SYSTEMPATH\Database\BaseBuilder.php(1616): CodeIgniter\Database\BaseConnection->query('SELECT *
FROM `tag`', [], false)
 5 SYSTEMPATH\Model.php(203): CodeIgniter\Database\BaseBuilder->get()
 6 SYSTEMPATH\BaseModel.php(557): CodeIgniter\Model->doFind(false, null)
 7 APPPATH\Controllers\DesenhistaPost.php(103): CodeIgniter\BaseModel->find()
 8 SYSTEMPATH\CodeIgniter.php(934): App\Controllers\DesenhistaPost->desenho_tag_lista()
 9 SYSTEMPATH\CodeIgniter.php(499): CodeIgniter\CodeIgniter->runController(Object(App\Controllers\DesenhistaPost))
10 SYSTEMPATH\CodeIgniter.php(368): CodeIgniter\CodeIgniter->handleRequest(null, Object(Config\Cache), false)
11 FCPATH\index.php(67): CodeIgniter\CodeIgniter->run()
ERROR - 2023-07-25 19:47:16 --> mysqli_sql_exception: Table 'teste.tag' doesn't exist in C:\xampp\htdocs\codi\system\Database\MySQLi\Connection.php:295
Stack trace:
#0 C:\xampp\htdocs\codi\system\Database\MySQLi\Connection.php(295): mysqli->query('SELECT *\nFROM `...', 0)
#1 C:\xampp\htdocs\codi\system\Database\BaseConnection.php(692): CodeIgniter\Database\MySQLi\Connection->execute('SELECT *\nFROM `...')
#2 C:\xampp\htdocs\codi\system\Database\BaseConnection.php(606): CodeIgniter\Database\BaseConnection->simpleQuery('SELECT *\nFROM `...')
#3 C:\xampp\htdocs\codi\system\Database\BaseBuilder.php(1616): CodeIgniter\Database\BaseConnection->query('SELECT *\nFROM `...', Array, false)
#4 C:\xampp\htdocs\codi\system\Model.php(203): CodeIgniter\Database\BaseBuilder->get()
#5 C:\xampp\htdocs\codi\system\BaseModel.php(557): CodeIgniter\Model->doFind(false, NULL)
#6 C:\xampp\htdocs\codi\app\Controllers\DesenhistaPost.php(103): CodeIgniter\BaseModel->find()
#7 C:\xampp\htdocs\codi\system\CodeIgniter.php(934): App\Controllers\DesenhistaPost->desenho_tag_lista()
#8 C:\xampp\htdocs\codi\system\CodeIgniter.php(499): CodeIgniter\CodeIgniter->runController(Object(App\Controllers\DesenhistaPost))
#9 C:\xampp\htdocs\codi\system\CodeIgniter.php(368): CodeIgniter\CodeIgniter->handleRequest(NULL, Object(Config\Cache), false)
#10 C:\xampp\htdocs\codi\public\index.php(67): CodeIgniter\CodeIgniter->run()
#11 {main}
CRITICAL - 2023-07-25 19:47:16 --> Table 'teste.tag' doesn't exist
in SYSTEMPATH\Database\MySQLi\Connection.php on line 295.
 1 SYSTEMPATH\Database\MySQLi\Connection.php(295): mysqli->query('SELECT *
FROM `tag`', 0)
 2 SYSTEMPATH\Database\BaseConnection.php(692): CodeIgniter\Database\MySQLi\Connection->execute('SELECT *
FROM `tag`')
 3 SYSTEMPATH\Database\BaseConnection.php(606): CodeIgniter\Database\BaseConnection->simpleQuery('SELECT *
FROM `tag`')
 4 SYSTEMPATH\Database\BaseBuilder.php(1616): CodeIgniter\Database\BaseConnection->query('SELECT *
FROM `tag`', [], false)
 5 SYSTEMPATH\Model.php(203): CodeIgniter\Database\BaseBuilder->get()
 6 SYSTEMPATH\BaseModel.php(557): CodeIgniter\Model->doFind(false, null)
 7 APPPATH\Controllers\DesenhistaPost.php(103): CodeIgniter\BaseModel->find()
 8 SYSTEMPATH\CodeIgniter.php(934): App\Controllers\DesenhistaPost->desenho_tag_lista()
 9 SYSTEMPATH\CodeIgniter.php(499): CodeIgniter\CodeIgniter->runController(Object(App\Controllers\DesenhistaPost))
10 SYSTEMPATH\CodeIgniter.php(368): CodeIgniter\CodeIgniter->handleRequest(null, Object(Config\Cache), false)
11 FCPATH\index.php(67): CodeIgniter\CodeIgniter->run()
ERROR - 2023-07-25 19:47:17 --> mysqli_sql_exception: Table 'teste.tag' doesn't exist in C:\xampp\htdocs\codi\system\Database\MySQLi\Connection.php:295
Stack trace:
#0 C:\xampp\htdocs\codi\system\Database\MySQLi\Connection.php(295): mysqli->query('SELECT *\nFROM `...', 0)
#1 C:\xampp\htdocs\codi\system\Database\BaseConnection.php(692): CodeIgniter\Database\MySQLi\Connection->execute('SELECT *\nFROM `...')
#2 C:\xampp\htdocs\codi\system\Database\BaseConnection.php(606): CodeIgniter\Database\BaseConnection->simpleQuery('SELECT *\nFROM `...')
#3 C:\xampp\htdocs\codi\system\Database\BaseBuilder.php(1616): CodeIgniter\Database\BaseConnection->query('SELECT *\nFROM `...', Array, false)
#4 C:\xampp\htdocs\codi\system\Model.php(203): CodeIgniter\Database\BaseBuilder->get()
#5 C:\xampp\htdocs\codi\system\BaseModel.php(557): CodeIgniter\Model->doFind(false, NULL)
#6 C:\xampp\htdocs\codi\app\Controllers\DesenhistaPost.php(103): CodeIgniter\BaseModel->find()
#7 C:\xampp\htdocs\codi\system\CodeIgniter.php(934): App\Controllers\DesenhistaPost->desenho_tag_lista()
#8 C:\xampp\htdocs\codi\system\CodeIgniter.php(499): CodeIgniter\CodeIgniter->runController(Object(App\Controllers\DesenhistaPost))
#9 C:\xampp\htdocs\codi\system\CodeIgniter.php(368): CodeIgniter\CodeIgniter->handleRequest(NULL, Object(Config\Cache), false)
#10 C:\xampp\htdocs\codi\public\index.php(67): CodeIgniter\CodeIgniter->run()
#11 {main}
CRITICAL - 2023-07-25 19:47:17 --> Table 'teste.tag' doesn't exist
in SYSTEMPATH\Database\MySQLi\Connection.php on line 295.
 1 SYSTEMPATH\Database\MySQLi\Connection.php(295): mysqli->query('SELECT *
FROM `tag`', 0)
 2 SYSTEMPATH\Database\BaseConnection.php(692): CodeIgniter\Database\MySQLi\Connection->execute('SELECT *
FROM `tag`')
 3 SYSTEMPATH\Database\BaseConnection.php(606): CodeIgniter\Database\BaseConnection->simpleQuery('SELECT *
FROM `tag`')
 4 SYSTEMPATH\Database\BaseBuilder.php(1616): CodeIgniter\Database\BaseConnection->query('SELECT *
FROM `tag`', [], false)
 5 SYSTEMPATH\Model.php(203): CodeIgniter\Database\BaseBuilder->get()
 6 SYSTEMPATH\BaseModel.php(557): CodeIgniter\Model->doFind(false, null)
 7 APPPATH\Controllers\DesenhistaPost.php(103): CodeIgniter\BaseModel->find()
 8 SYSTEMPATH\CodeIgniter.php(934): App\Controllers\DesenhistaPost->desenho_tag_lista()
 9 SYSTEMPATH\CodeIgniter.php(499): CodeIgniter\CodeIgniter->runController(Object(App\Controllers\DesenhistaPost))
10 SYSTEMPATH\CodeIgniter.php(368): CodeIgniter\CodeIgniter->handleRequest(null, Object(Config\Cache), false)
11 FCPATH\index.php(67): CodeIgniter\CodeIgniter->run()
ERROR - 2023-07-25 19:47:18 --> mysqli_sql_exception: Table 'teste.tag' doesn't exist in C:\xampp\htdocs\codi\system\Database\MySQLi\Connection.php:295
Stack trace:
#0 C:\xampp\htdocs\codi\system\Database\MySQLi\Connection.php(295): mysqli->query('SELECT *\nFROM `...', 0)
#1 C:\xampp\htdocs\codi\system\Database\BaseConnection.php(692): CodeIgniter\Database\MySQLi\Connection->execute('SELECT *\nFROM `...')
#2 C:\xampp\htdocs\codi\system\Database\BaseConnection.php(606): CodeIgniter\Database\BaseConnection->simpleQuery('SELECT *\nFROM `...')
#3 C:\xampp\htdocs\codi\system\Database\BaseBuilder.php(1616): CodeIgniter\Database\BaseConnection->query('SELECT *\nFROM `...', Array, false)
#4 C:\xampp\htdocs\codi\system\Model.php(203): CodeIgniter\Database\BaseBuilder->get()
#5 C:\xampp\htdocs\codi\system\BaseModel.php(557): CodeIgniter\Model->doFind(false, NULL)
#6 C:\xampp\htdocs\codi\app\Controllers\DesenhistaPost.php(103): CodeIgniter\BaseModel->find()
#7 C:\xampp\htdocs\codi\system\CodeIgniter.php(934): App\Controllers\DesenhistaPost->desenho_tag_lista()
#8 C:\xampp\htdocs\codi\system\CodeIgniter.php(499): CodeIgniter\CodeIgniter->runController(Object(App\Controllers\DesenhistaPost))
#9 C:\xampp\htdocs\codi\system\CodeIgniter.php(368): CodeIgniter\CodeIgniter->handleRequest(NULL, Object(Config\Cache), false)
#10 C:\xampp\htdocs\codi\public\index.php(67): CodeIgniter\CodeIgniter->run()
#11 {main}
CRITICAL - 2023-07-25 19:47:18 --> Table 'teste.tag' doesn't exist
in SYSTEMPATH\Database\MySQLi\Connection.php on line 295.
 1 SYSTEMPATH\Database\MySQLi\Connection.php(295): mysqli->query('SELECT *
FROM `tag`', 0)
 2 SYSTEMPATH\Database\BaseConnection.php(692): CodeIgniter\Database\MySQLi\Connection->execute('SELECT *
FROM `tag`')
 3 SYSTEMPATH\Database\BaseConnection.php(606): CodeIgniter\Database\BaseConnection->simpleQuery('SELECT *
FROM `tag`')
 4 SYSTEMPATH\Database\BaseBuilder.php(1616): CodeIgniter\Database\BaseConnection->query('SELECT *
FROM `tag`', [], false)
 5 SYSTEMPATH\Model.php(203): CodeIgniter\Database\BaseBuilder->get()
 6 SYSTEMPATH\BaseModel.php(557): CodeIgniter\Model->doFind(false, null)
 7 APPPATH\Controllers\DesenhistaPost.php(103): CodeIgniter\BaseModel->find()
 8 SYSTEMPATH\CodeIgniter.php(934): App\Controllers\DesenhistaPost->desenho_tag_lista()
 9 SYSTEMPATH\CodeIgniter.php(499): CodeIgniter\CodeIgniter->runController(Object(App\Controllers\DesenhistaPost))
10 SYSTEMPATH\CodeIgniter.php(368): CodeIgniter\CodeIgniter->handleRequest(null, Object(Config\Cache), false)
11 FCPATH\index.php(67): CodeIgniter\CodeIgniter->run()
ERROR - 2023-07-25 19:47:25 --> mysqli_sql_exception: Table 'teste.tag' doesn't exist in C:\xampp\htdocs\codi\system\Database\MySQLi\Connection.php:295
Stack trace:
#0 C:\xampp\htdocs\codi\system\Database\MySQLi\Connection.php(295): mysqli->query('SELECT *\nFROM `...', 0)
#1 C:\xampp\htdocs\codi\system\Database\BaseConnection.php(692): CodeIgniter\Database\MySQLi\Connection->execute('SELECT *\nFROM `...')
#2 C:\xampp\htdocs\codi\system\Database\BaseConnection.php(606): CodeIgniter\Database\BaseConnection->simpleQuery('SELECT *\nFROM `...')
#3 C:\xampp\htdocs\codi\system\Database\BaseBuilder.php(1616): CodeIgniter\Database\BaseConnection->query('SELECT *\nFROM `...', Array, false)
#4 C:\xampp\htdocs\codi\system\Model.php(203): CodeIgniter\Database\BaseBuilder->get()
#5 C:\xampp\htdocs\codi\system\BaseModel.php(557): CodeIgniter\Model->doFind(false, NULL)
#6 C:\xampp\htdocs\codi\app\Controllers\DesenhistaPost.php(103): CodeIgniter\BaseModel->find()
#7 C:\xampp\htdocs\codi\system\CodeIgniter.php(934): App\Controllers\DesenhistaPost->desenho_tag_lista()
#8 C:\xampp\htdocs\codi\system\CodeIgniter.php(499): CodeIgniter\CodeIgniter->runController(Object(App\Controllers\DesenhistaPost))
#9 C:\xampp\htdocs\codi\system\CodeIgniter.php(368): CodeIgniter\CodeIgniter->handleRequest(NULL, Object(Config\Cache), false)
#10 C:\xampp\htdocs\codi\public\index.php(67): CodeIgniter\CodeIgniter->run()
#11 {main}
CRITICAL - 2023-07-25 19:47:25 --> Table 'teste.tag' doesn't exist
in SYSTEMPATH\Database\MySQLi\Connection.php on line 295.
 1 SYSTEMPATH\Database\MySQLi\Connection.php(295): mysqli->query('SELECT *
FROM `tag`', 0)
 2 SYSTEMPATH\Database\BaseConnection.php(692): CodeIgniter\Database\MySQLi\Connection->execute('SELECT *
FROM `tag`')
 3 SYSTEMPATH\Database\BaseConnection.php(606): CodeIgniter\Database\BaseConnection->simpleQuery('SELECT *
FROM `tag`')
 4 SYSTEMPATH\Database\BaseBuilder.php(1616): CodeIgniter\Database\BaseConnection->query('SELECT *
FROM `tag`', [], false)
 5 SYSTEMPATH\Model.php(203): CodeIgniter\Database\BaseBuilder->get()
 6 SYSTEMPATH\BaseModel.php(557): CodeIgniter\Model->doFind(false, null)
 7 APPPATH\Controllers\DesenhistaPost.php(103): CodeIgniter\BaseModel->find()
 8 SYSTEMPATH\CodeIgniter.php(934): App\Controllers\DesenhistaPost->desenho_tag_lista()
 9 SYSTEMPATH\CodeIgniter.php(499): CodeIgniter\CodeIgniter->runController(Object(App\Controllers\DesenhistaPost))
10 SYSTEMPATH\CodeIgniter.php(368): CodeIgniter\CodeIgniter->handleRequest(null, Object(Config\Cache), false)
11 FCPATH\index.php(67): CodeIgniter\CodeIgniter->run()
